#
# There is insufficient memory for the Java Runtime Environment to continue.
# Native memory allocation (malloc) failed to allocate 1721936 bytes. Error detail: Chunk::new
# Possible reasons:
#   The system is out of physical RAM or swap space
#   This process is running with CompressedOops enabled, and the Java Heap may be blocking the growth of the native heap
# Possible solutions:
#   Reduce memory load on the system
#   Increase physical memory or swap space
#   Check if swap backing store is full
#   Decrease Java heap size (-Xmx/-Xms)
#   Decrease number of Java threads
#   Decrease Java thread stack sizes (-Xss)
#   Set larger code cache with -XX:ReservedCodeCacheSize=
#   JVM is running with Unscaled Compressed Oops mode in which the Java heap is
#     placed in the first 4GB address space. The Java Heap base address is the
#     maximum limit for the native heap growth. Please use -XX:HeapBaseMinAddress
#     to set the Java Heap base and to place the Java Heap above 4GB virtual address.
# This output file may be truncated or incomplete.
#
#  Out of Memory Error (arena.cpp:168), pid=20116, tid=5248
#
# JRE version: OpenJDK Runtime Environment Microsoft-14653896 (21.0.12+8) (build 21.0.12+8-LTS)
# Java VM: OpenJDK 64-Bit Server VM Microsoft-14653896 (21.0.12+8-LTS, mixed mode, sharing, tiered, compressed oops, compressed class ptrs, g1 gc, windows-amd64)
# No core dump will be written. Minidumps are not enabled by default on client versions of Windows
#

---------------  S U M M A R Y ------------

Command Line: -Xmx1G com.android.tools.r8.D8 --debug --min-api 21 --output obj\Debug\net10.0-android\android-arm64\android\bin\ --lib C:\Users\Yusuph\AppData\Local\Android\Sdk\platforms\android-36\android.jar obj\Debug\net10.0-android\android-arm64\android\bin\classes.zip C:\Program Files\dotnet\packs\Microsoft.Android.Ref.36\36.1.69\ref\net10.0\mono.android.jar C:\Program Files\dotnet\packs\Microsoft.Android.Sdk.Windows\36.1.69\tools\\java_runtime_net6.jar C:\Users\Yusuph\.nuget\packages\xamarin.androidx.annotation.jvm\1.9.1.5\buildTransitive\net10.0-android35.0\..\..\jar\androidx.annotation.annotation-jvm.jar C:\Users\Yusuph\.nuget\packages\xamarin.androidx.collection.jvm\1.5.0.3\buildTransitive\net10.0-android35.0\..\..\jar\androidx.collection.collection-jvm.jar C:\Users\Yusuph\.nuget\packages\xamarin.androidx.annotation\1.9.1.5\buildTransitive\net10.0-android35.0\..\..\jar\androidx.annotation.annotation.jar C:\Users\Yusuph\.nuget\packages\xamarin.androidx.collection\1.5.0.3\buildTransitive\net10.0-android35.0\..\..\jar\androidx.collection.collection.jar C:\Users\Yusuph\.nuget\packages\xamarin.androidx.concurrent.futures\1.3.0.1\buildTransitive\net10.0-android35.0\..\..\jar\androidx.concurrent.concurrent-futures.jar C:\Users\Yusuph\.nuget\packages\xamarin.androidx.lifecycle.common.jvm\2.9.2.1\buildTransitive\net10.0-android35.0\..\..\jar\androidx.lifecycle.lifecycle-common-jvm.jar C:\Users\Yusuph\.nuget\packages\xamarin.androidx.lifecycle.common\2.9.2.1\buildTransitive\net10.0-android35.0\..\..\jar\androidx.lifecycle.lifecycle-common.jar C:\Users\Yusuph\.nuget\packages\xamarin.androidx.arch.core.common\2.2.0.18\buildTransitive\net10.0-android35.0\..\..\jar\androidx.arch.core.core-common.jar C:\Users\Yusuph\.nuget\packages\xamarin.androidx.resourceinspection.annotation\1.0.1.22\buildTransitive\net10.0-android35.0\..\..\jar\androidx.resourceinspection.resourceinspection-annotation.jar C:\Users\Yusuph\.nuget\packages\xamarin.androidx.constraintlayout.core\1.1.1.3\buildTransitive\net10.0-android35.0\..\..\jar\androidx.constraintlayout.constraintlayout-core.jar C:\Users\Yusuph\.nuget\packages\xamarin.androidx.window.windowcore.jvm\1.4.0.1\buildTransitive\net10.0-android35.0\..\..\jar\androidx.window.window-core-jvm.jar C:\Users\Yusuph\.nuget\packages\xamarin.androidx.window.windowcore\1.4.0.1\buildTransitive\net10.0-android35.0\..\..\jar\androidx.window.window-core.jar C:\Users\Yusuph\.nuget\packages\xamarin.androidx.collection.ktx\1.5.0.3\buildTransitive\net10.0-android35.0\..\..\jar\androidx.collection.collection-ktx.jar C:\Program Files\dotnet\packs\Microsoft.NETCore.App.Runtime.Mono.android-arm64\10.0.10\runtimes\android-arm64\native\libSystem.Security.Cryptography.Native.Android.jar obj\Debug\net10.0-android\android-arm64\lp\98\jl\classes.jar obj\Debug\net10.0-android\android-arm64\lp\99\jl\classes.jar obj\Debug\net10.0-android\android-arm64\lp\101\jl\classes.jar obj\Debug\net10.0-android\android-arm64\lp\102\jl\classes.jar obj\Debug\net10.0-android\android-arm64\lp\103\jl\classes.jar obj\Debug\net10.0-android\android-arm64\lp\104\jl\classes.jar obj\Debug\net10.0-android\android-arm64\lp\105\jl\classes.jar obj\Debug\net10.0-android\android-arm64\lp\107\jl\classes.jar obj\Debug\net10.0-android\android-arm64\lp\108\jl\classes.jar obj\Debug\net10.0-android\android-arm64\lp\109\jl\classes.jar obj\Debug\net10.0-android\android-arm64\lp\110\jl\classes.jar obj\Debug\net10.0-android\android-arm64\lp\111\jl\classes.jar obj\Debug\net10.0-android\android-arm64\lp\112\jl\classes.jar obj\Debug\net10.0-android\android-arm64\lp\113\jl\classes.jar obj\Debug\net10.0-android\android-arm64\lp\115\jl\classes.jar obj\Debug\net10.0-android\android-arm64\lp\116\jl\classes.jar obj\Debug\net10.0-android\android-arm64\lp\117\jl\classes.jar obj\Debug\net10.0-android\android-arm64\lp\119\jl\classes.jar obj\Debug\net10.0-android\android-arm64\lp\120\jl\classes.jar obj\Debug\net10.0-android\android-arm64\lp\121\jl\classes.jar obj\Debug\net10.0-android\android-arm64\lp\123\jl\classes.jar obj\Debug\net10.0-android\android-arm64\lp\124\jl\classes.jar obj\Debug\net10.0-android\android-arm64\lp\125\jl\classes.jar obj\Debug\net10.0-android\android-arm64\lp\126\jl\classes.jar obj\Debug\net10.0-android\android-arm64\lp\127\jl\classes.jar obj\Debug\net10.0-android\android-arm64\lp\128\jl\classes.jar obj\Debug\net10.0-android\android-arm64\lp\129\jl\classes.jar obj\Debug\net10.0-android\android-arm64\lp\130\jl\classes.jar obj\Debug\net10.0-android\android-arm64\lp\131\jl\classes.jar obj\Debug\net10.0-android\android-arm64\lp\131\jl\libs\repackaged.jar obj\Debug\net10.0-android\android-arm64\lp\132\jl\classes.jar obj\Debug\net10.0-android\android-arm64\lp\133\jl\classes.jar obj\Debug\net10.0-android\android-arm64\lp\134\jl\classes.jar obj\Debug\net10.0-android\android-arm64\lp\135\jl\classes.jar obj\Debug\net10.0-android\android-arm64\lp\136\jl\classes.jar obj\Debug\net10.0-android\android-arm64\lp\137\jl\classes.jar obj\Debug\net10.0-android\android-arm64\lp\138\jl\classes.jar obj\Debug\net10.0-android\android-arm64\lp\139\jl\classes.jar obj\Debug\net10.0-android\android-arm64\lp\140\jl\classes.jar obj\Debug\net10.0-android\android-arm64\lp\141\jl\classes.jar obj\Debug\net10.0-android\android-arm64\lp\142\jl\classes.jar obj\Debug\net10.0-android\android-arm64\lp\143\jl\classes.jar obj\Debug\net10.0-android\android-arm64\lp\144\jl\classes.jar obj\Debug\net10.0-android\android-arm64\lp\145\jl\classes.jar obj\Debug\net10.0-android\android-arm64\lp\146\jl\classes.jar obj\Debug\net10.0-android\android-arm64\lp\148\jl\classes.jar obj\Debug\net10.0-android\android-arm64\lp\149\jl\classes.jar obj\Debug\net10.0-android\android-arm64\lp\151\jl\classes.jar obj\Debug\net10.0-android\android-arm64\lp\152\jl\classes.jar obj\Debug\net10.0-android\android-arm64\lp\154\jl\classes.jar obj\Debug\net10.0-android\android-arm64\lp\155\jl\classes.jar obj\Debug\net10.0-android\android-arm64\lp\156\jl\classes.jar obj\Debug\net10.0-android\android-arm64\lp\157\jl\classes.jar obj\Debug\net10.0-android\android-arm64\lp\158\jl\classes.jar obj\Debug\net10.0-android\android-arm64\lp\159\jl\classes.jar obj\Debug\net10.0-android\android-arm64\lp\160\jl\classes.jar obj\Debug\net10.0-android\android-arm64\lp\161\jl\libs\ED64959F88B22E6D.jar obj\Debug\net10.0-android\android-arm64\lp\162\jl\libs\2E7FD15AFA9B216B.jar obj\Debug\net10.0-android\android-arm64\lp\164\jl\classes.jar obj\Debug\net10.0-android\android-arm64\lp\167\jl\libs\659D48BEBA477FDD.jar obj\Debug\net10.0-android\android-arm64\lp\168\jl\libs\95D547F40BE4687C.jar obj\Debug\net10.0-android\android-arm64\lp\169\jl\classes.jar obj\Debug\net10.0-android\android-arm64\lp\170\jl\classes.jar obj\Debug\net10.0-android\android-arm64\lp\171\jl\libs\F975D0960055A5E3.jar obj\Debug\net10.0-android\android-arm64\lp\172\jl\libs\B71CFF5D5A0B3AEB.jar obj\Debug\net10.0-android\android-arm64\lp\173\jl\libs\8956669C0037225B.jar obj\Debug\net10.0-android\android-arm64\lp\174\jl\libs\05D34BA5CA8637CF.jar obj\Debug\net10.0-android\android-arm64\lp\175\jl\libs\DCFB018199B59345.jar obj\Debug\net10.0-android\android-arm64\lp\176\jl\libs\F91D79B39A269A7E.jar obj\Debug\net10.0-android\android-arm64\lp\177\jl\libs\F01C7EADE990A004.jar obj\Debug\net10.0-android\android-arm64\lp\178\jl\libs\F6DB49E0CC905A9A.jar obj\Debug\net10.0-android\android-arm64\lp\179\jl\libs\A1A754E9E8693F85.jar obj\Debug\net10.0-android\android-arm64\lp\180\jl\libs\B7446A23346A729D.jar obj\Debug\net10.0-android\android-arm64\lp\181\jl\libs\623E6E29E2058512.jar --map-diagnostics warning info

Host: Intel(R) Core(TM) i5-8265U CPU @ 1.60GHz, 8 cores, 7G,  Windows 11 , 64 bit Build 26100 (10.0.26100.8972)
Time: Mon Aug 24 19:34:34 2026 E. Africa Standard Time elapsed time: 126.301113 seconds (0d 0h 2m 6s)

---------------  T H R E A D  ---------------

Current thread (0x00000195f9ff48f0):  JavaThread "C2 CompilerThread0" daemon [_thread_in_native, id=5248, stack(0x00000053cf100000,0x00000053cf200000) (1024K)]


Current CompileTask:
C2:126302 14805       4       com.android.tools.r8.graph.E0::e (50 bytes)

Stack: [0x00000053cf100000,0x00000053cf200000]
Native frames: (J=compiled Java code, j=interpreted, Vv=VM code, C=native code)
V  [jvm.dll+0x6e0c09]  (no source info available)
V  [jvm.dll+0x8c0e1b]  (no source info available)
V  [jvm.dll+0x8c33ad]  (no source info available)
V  [jvm.dll+0x8c3a83]  (no source info available)
V  [jvm.dll+0x28ac66]  (no source info available)
V  [jvm.dll+0xc91cd]  (no source info available)
V  [jvm.dll+0xc971c]  (no source info available)
V  [jvm.dll+0x301d9e]  (no source info available)
V  [jvm.dll+0x609de7]  (no source info available)
V  [jvm.dll+0x25bc27]  (no source info available)
V  [jvm.dll+0x25bffd]  (no source info available)
V  [jvm.dll+0x254849]  (no source info available)
V  [jvm.dll+0x251d57]  (no source info available)
V  [jvm.dll+0x1d1c5f]  (no source info available)
V  [jvm.dll+0x261bda]  (no source info available)
V  [jvm.dll+0x25ff45]  (no source info available)
V  [jvm.dll+0x402695]  (no source info available)
V  [jvm.dll+0x86ba8d]  (no source info available)
V  [jvm.dll+0x6e21bd]  (no source info available)
C  [ucrtbase.dll+0x2cd30]  (no source info available)
C  [KERNEL32.DLL+0x2ccb7]  (no source info available)
C  [ntdll.dll+0xaad6c]  (no source info available)


---------------  P R O C E S S  ---------------

Threads class SMR info:
_java_thread_list=0x00000195ff2ff920, length=19, elements={
0x00000195de7416c0, 0x00000195f9fea050, 0x00000195f9fecbc0, 0x00000195f9fef760,
0x00000195f9ff0420, 0x00000195f9ff1e90, 0x00000195f9ff28f0, 0x00000195f9ff48f0,
0x00000195f9ff9970, 0x00000195fa141100, 0x00000195fa169190, 0x00000195ff0fc950,
0x00000195fa084550, 0x00000195fa084bc0, 0x00000195faa7ade0, 0x00000195fa085510,
0x00000195fa8c6e70, 0x00000195fa8c8d10, 0x00000195fa892370
}

Java Threads: ( => current thread )
  0x00000195de7416c0 JavaThread "main"                              [_thread_blocked, id=23732, stack(0x00000053ce300000,0x00000053ce400000) (1024K)]
  0x00000195f9fea050 JavaThread "Reference Handler"          daemon [_thread_blocked, id=23456, stack(0x00000053ceb00000,0x00000053cec00000) (1024K)]
  0x00000195f9fecbc0 JavaThread "Finalizer"                  daemon [_thread_blocked, id=24340, stack(0x00000053cec00000,0x00000053ced00000) (1024K)]
  0x00000195f9fef760 JavaThread "Signal Dispatcher"          daemon [_thread_blocked, id=10476, stack(0x00000053ced00000,0x00000053cee00000) (1024K)]
  0x00000195f9ff0420 JavaThread "Attach Listener"            daemon [_thread_blocked, id=20304, stack(0x00000053cee00000,0x00000053cef00000) (1024K)]
  0x00000195f9ff1e90 JavaThread "Service Thread"             daemon [_thread_blocked, id=22708, stack(0x00000053cef00000,0x00000053cf000000) (1024K)]
  0x00000195f9ff28f0 JavaThread "Monitor Deflation Thread"   daemon [_thread_blocked, id=10556, stack(0x00000053cf000000,0x00000053cf100000) (1024K)]
=>0x00000195f9ff48f0 JavaThread "C2 CompilerThread0"         daemon [_thread_in_native, id=5248, stack(0x00000053cf100000,0x00000053cf200000) (1024K)]
  0x00000195f9ff9970 JavaThread "C1 CompilerThread0"         daemon [_thread_blocked, id=18156, stack(0x00000053cf200000,0x00000053cf300000) (1024K)]
  0x00000195fa141100 JavaThread "Notification Thread"        daemon [_thread_blocked, id=23336, stack(0x00000053cf300000,0x00000053cf400000) (1024K)]
  0x00000195fa169190 JavaThread "Common-Cleaner"             daemon [_thread_blocked, id=19596, stack(0x00000053cf400000,0x00000053cf500000) (1024K)]
  0x00000195ff0fc950 JavaThread "ForkJoinPool-1-worker-1"    daemon [_thread_blocked, id=22104, stack(0x00000053cfb00000,0x00000053cfc00000) (1024K)]
  0x00000195fa084550 JavaThread "ForkJoinPool-1-worker-2"    daemon [_thread_in_Java, id=23696, stack(0x00000053cfc00000,0x00000053cfd00000) (1024K)]
  0x00000195fa084bc0 JavaThread "ForkJoinPool-1-worker-3"    daemon [_thread_blocked, id=22448, stack(0x00000053cfd00000,0x00000053cfe00000) (1024K)]
  0x00000195faa7ade0 JavaThread "ForkJoinPool-1-worker-4"    daemon [_thread_blocked, id=23572, stack(0x00000053cfe00000,0x00000053cff00000) (1024K)]
  0x00000195fa085510 JavaThread "ForkJoinPool-1-worker-5"    daemon [_thread_blocked, id=20040, stack(0x00000053cff00000,0x00000053d0000000) (1024K)]
  0x00000195fa8c6e70 JavaThread "ForkJoinPool-1-worker-6"    daemon [_thread_blocked, id=16124, stack(0x00000053d0000000,0x00000053d0100000) (1024K)]
  0x00000195fa8c8d10 JavaThread "ForkJoinPool-1-worker-7"    daemon [_thread_blocked, id=21560, stack(0x00000053d0100000,0x00000053d0200000) (1024K)]
  0x00000195fa892370 JavaThread "ForkJoinPool-1-worker-8"    daemon [_thread_blocked, id=23828, stack(0x00000053d0200000,0x00000053d0300000) (1024K)]
Total: 19

Other Threads:
  0x00000195f9fcb5d0 VMThread "VM Thread"                           [id=20240, stack(0x00000053cea00000,0x00000053ceb00000) (1024K)]
  0x00000195f9fb7f60 WatcherThread "VM Periodic Task Thread"        [id=5552, stack(0x00000053ce900000,0x00000053cea00000) (1024K)]
  0x00000195de777770 WorkerThread "GC Thread#0"                     [id=20124, stack(0x00000053ce400000,0x00000053ce500000) (1024K)]
  0x00000195fa6c5140 WorkerThread "GC Thread#1"                     [id=16324, stack(0x00000053cf600000,0x00000053cf700000) (1024K)]
  0x00000195fa6c5900 WorkerThread "GC Thread#2"                     [id=19720, stack(0x00000053cf700000,0x00000053cf800000) (1024K)]
  0x00000195fa7333e0 WorkerThread "GC Thread#3"                     [id=1472, stack(0x00000053cf800000,0x00000053cf900000) (1024K)]
  0x00000195fa3bd840 WorkerThread "GC Thread#4"                     [id=13848, stack(0x00000053cf900000,0x00000053cfa00000) (1024K)]
  0x00000195fa766020 WorkerThread "GC Thread#5"                     [id=19312, stack(0x00000053cf500000,0x00000053cf600000) (1024K)]
  0x00000195fa8823e0 WorkerThread "GC Thread#6"                     [id=19020, stack(0x00000053cfa00000,0x00000053cfb00000) (1024K)]
  0x00000195ff1a9920 WorkerThread "GC Thread#7"                     [id=1656, stack(0x00000053d0300000,0x00000053d0400000) (1024K)]
  0x00000195de7814f0 ConcurrentGCThread "G1 Main Marker"            [id=23884, stack(0x00000053ce500000,0x00000053ce600000) (1024K)]
  0x00000195de7826b0 WorkerThread "G1 Conc#0"                       [id=3092, stack(0x00000053ce600000,0x00000053ce700000) (1024K)]
  0x00000195fa2fdd30 WorkerThread "G1 Conc#1"                       [id=152, stack(0x00000053d0400000,0x00000053d0500000) (1024K)]
  0x00000195f9e7c1a0 ConcurrentGCThread "G1 Refine#0"               [id=23280, stack(0x00000053ce700000,0x00000053ce800000) (1024K)]
  0x00000195f9e7d9e0 ConcurrentGCThread "G1 Service"                [id=15908, stack(0x00000053ce800000,0x00000053ce900000) (1024K)]
Total: 15

Threads with active compile tasks:
C2 CompilerThread0  126405 14805       4       com.android.tools.r8.graph.E0::e (50 bytes)
Total: 1

VM state: not at safepoint (normal execution)

VM Mutex/Monitor currently owned by a thread: None

Heap address: 0x00000000c0000000, size: 1024 MB, Compressed Oops mode: 32-bit

CDS archive(s) mapped at: [0x0000019580000000-0x0000019580c80000-0x0000019580c80000), size 13107200, SharedBaseAddress: 0x0000019580000000, ArchiveRelocationMode: 1.
Compressed class space mapped at: 0x0000019581000000-0x00000195c1000000, reserved size: 1073741824
Narrow klass base: 0x0000019580000000, Narrow klass shift: 0, Narrow klass range: 0x100000000

GC Precious Log:
 CardTable entry size: 512
 Card Set container configuration: InlinePtr #cards 5 size 8 Array Of Cards #cards 12 size 40 Howl #buckets 4 coarsen threshold 1843 Howl Bitmap #cards 512 size 80 coarsen threshold 460 Card regions per heap region 1 cards per card region 2048
 CPUs: 8 total, 8 available
 Memory: 8006M
 Large Page Support: Disabled
 NUMA Support: Disabled
 Compressed Oops: Enabled (32-bit)
 Heap Region Size: 1M
 Heap Min Capacity: 8M
 Heap Initial Capacity: 126M
 Heap Max Capacity: 1G
 Pre-touch: Disabled
 Parallel Workers: 8
 Concurrent Workers: 2
 Concurrent Refinement Workers: 8
 Periodic GC: Disabled

Heap:
 garbage-first heap   total 686080K, used 400384K [0x00000000c0000000, 0x0000000100000000)
  region size 1024K, 91 young (93184K), 4 survivors (4096K)
 Metaspace       used 27114K, committed 27520K, reserved 1114112K
  class space    used 3692K, committed 3840K, reserved 1048576K

Heap Regions: E=young(eden), S=young(survivor), O=old, HS=humongous(starts), HC=humongous(continues), CS=collection set, F=free, TAMS=top-at-mark-start, PB=parsable bottom
|   0|0x00000000c0000000, 0x00000000c0100000, 0x00000000c0100000|100%|HS|  |TAMS 0x00000000c0000000| PB 0x00000000c0000000| Complete 
|   1|0x00000000c0100000, 0x00000000c0200000, 0x00000000c0200000|100%| O|  |TAMS 0x00000000c0100000| PB 0x00000000c0100000| Untracked 
|   2|0x00000000c0200000, 0x00000000c0300000, 0x00000000c0300000|100%| O|  |TAMS 0x00000000c0200000| PB 0x00000000c0200000| Untracked 
|   3|0x00000000c0300000, 0x00000000c0400000, 0x00000000c0400000|100%| O|  |TAMS 0x00000000c0300000| PB 0x00000000c0300000| Untracked 
|   4|0x00000000c0400000, 0x00000000c0500000, 0x00000000c0500000|100%| O|  |TAMS 0x00000000c0400000| PB 0x00000000c0400000| Untracked 
|   5|0x00000000c0500000, 0x00000000c0600000, 0x00000000c0600000|100%| O|  |TAMS 0x00000000c0500000| PB 0x00000000c0500000| Untracked 
|   6|0x00000000c0600000, 0x00000000c0700000, 0x00000000c0700000|100%| O|Cm|TAMS 0x00000000c0600000| PB 0x00000000c0600000| Complete 
|   7|0x00000000c0700000, 0x00000000c0800000, 0x00000000c0800000|100%|HS|  |TAMS 0x00000000c0700000| PB 0x00000000c0700000| Complete 
|   8|0x00000000c0800000, 0x00000000c0900000, 0x00000000c0900000|100%|HC|  |TAMS 0x00000000c0800000| PB 0x00000000c0800000| Complete 
|   9|0x00000000c0900000, 0x00000000c0a00000, 0x00000000c0a00000|100%| O|  |TAMS 0x00000000c0900000| PB 0x00000000c0900000| Untracked 
|  10|0x00000000c0a00000, 0x00000000c0b00000, 0x00000000c0b00000|100%| O|  |TAMS 0x00000000c0a00000| PB 0x00000000c0a00000| Untracked 
|  11|0x00000000c0b00000, 0x00000000c0c00000, 0x00000000c0c00000|100%| O|  |TAMS 0x00000000c0b00000| PB 0x00000000c0b00000| Untracked 
|  12|0x00000000c0c00000, 0x00000000c0d00000, 0x00000000c0d00000|100%| O|  |TAMS 0x00000000c0c00000| PB 0x00000000c0c00000| Untracked 
|  13|0x00000000c0d00000, 0x00000000c0e00000, 0x00000000c0e00000|100%| O|  |TAMS 0x00000000c0d00000| PB 0x00000000c0d00000| Untracked 
|  14|0x00000000c0e00000, 0x00000000c0f00000, 0x00000000c0f00000|100%| O|  |TAMS 0x00000000c0e00000| PB 0x00000000c0e00000| Untracked 
|  15|0x00000000c0f00000, 0x00000000c1000000, 0x00000000c1000000|100%| O|  |TAMS 0x00000000c0f00000| PB 0x00000000c0f00000| Untracked 
|  16|0x00000000c1000000, 0x00000000c1100000, 0x00000000c1100000|100%| O|Cm|TAMS 0x00000000c1000000| PB 0x00000000c1000000| Complete 
|  17|0x00000000c1100000, 0x00000000c1200000, 0x00000000c1200000|100%| O|  |TAMS 0x00000000c1100000| PB 0x00000000c1100000| Untracked 
|  18|0x00000000c1200000, 0x00000000c1300000, 0x00000000c1300000|100%| O|  |TAMS 0x00000000c1200000| PB 0x00000000c1200000| Untracked 
|  19|0x00000000c1300000, 0x00000000c1400000, 0x00000000c1400000|100%| O|  |TAMS 0x00000000c1300000| PB 0x00000000c1300000| Untracked 
|  20|0x00000000c1400000, 0x00000000c1500000, 0x00000000c1500000|100%| O|  |TAMS 0x00000000c1400000| PB 0x00000000c1400000| Untracked 
|  21|0x00000000c1500000, 0x00000000c1600000, 0x00000000c1600000|100%| O|  |TAMS 0x00000000c1500000| PB 0x00000000c1500000| Untracked 
|  22|0x00000000c1600000, 0x00000000c1700000, 0x00000000c1700000|100%| O|  |TAMS 0x00000000c1600000| PB 0x00000000c1600000| Untracked 
|  23|0x00000000c1700000, 0x00000000c1800000, 0x00000000c1800000|100%| O|  |TAMS 0x00000000c1700000| PB 0x00000000c1700000| Untracked 
|  24|0x00000000c1800000, 0x00000000c1900000, 0x00000000c1900000|100%| O|  |TAMS 0x00000000c1800000| PB 0x00000000c1800000| Untracked 
|  25|0x00000000c1900000, 0x00000000c1a00000, 0x00000000c1a00000|100%| O|  |TAMS 0x00000000c1900000| PB 0x00000000c1900000| Untracked 
|  26|0x00000000c1a00000, 0x00000000c1b00000, 0x00000000c1b00000|100%|HS|  |TAMS 0x00000000c1a00000| PB 0x00000000c1a00000| Complete 
|  27|0x00000000c1b00000, 0x00000000c1c00000, 0x00000000c1c00000|100%| O|  |TAMS 0x00000000c1b00000| PB 0x00000000c1b00000| Untracked 
|  28|0x00000000c1c00000, 0x00000000c1d00000, 0x00000000c1d00000|100%| O|  |TAMS 0x00000000c1c00000| PB 0x00000000c1c00000| Untracked 
|  29|0x00000000c1d00000, 0x00000000c1e00000, 0x00000000c1e00000|100%| O|  |TAMS 0x00000000c1d00000| PB 0x00000000c1d00000| Untracked 
|  30|0x00000000c1e00000, 0x00000000c1f00000, 0x00000000c1f00000|100%| O|  |TAMS 0x00000000c1e00000| PB 0x00000000c1e00000| Untracked 
|  31|0x00000000c1f00000, 0x00000000c2000000, 0x00000000c2000000|100%| O|  |TAMS 0x00000000c1f00000| PB 0x00000000c1f00000| Untracked 
|  32|0x00000000c2000000, 0x00000000c2100000, 0x00000000c2100000|100%| O|  |TAMS 0x00000000c2000000| PB 0x00000000c2000000| Untracked 
|  33|0x00000000c2100000, 0x00000000c2200000, 0x00000000c2200000|100%| O|  |TAMS 0x00000000c2100000| PB 0x00000000c2100000| Untracked 
|  34|0x00000000c2200000, 0x00000000c2300000, 0x00000000c2300000|100%| O|  |TAMS 0x00000000c2200000| PB 0x00000000c2200000| Untracked 
|  35|0x00000000c2300000, 0x00000000c2400000, 0x00000000c2400000|100%| O|  |TAMS 0x00000000c2300000| PB 0x00000000c2300000| Untracked 
|  36|0x00000000c2400000, 0x00000000c2500000, 0x00000000c2500000|100%| O|  |TAMS 0x00000000c2400000| PB 0x00000000c2400000| Untracked 
|  37|0x00000000c2500000, 0x00000000c2600000, 0x00000000c2600000|100%| O|Cm|TAMS 0x00000000c2500000| PB 0x00000000c2500000| Complete 
|  38|0x00000000c2600000, 0x00000000c2700000, 0x00000000c2700000|100%| O|  |TAMS 0x00000000c2600000| PB 0x00000000c2600000| Untracked 
|  39|0x00000000c2700000, 0x00000000c2800000, 0x00000000c2800000|100%| O|  |TAMS 0x00000000c2700000| PB 0x00000000c2700000| Untracked 
|  40|0x00000000c2800000, 0x00000000c2900000, 0x00000000c2900000|100%| O|  |TAMS 0x00000000c2800000| PB 0x00000000c2800000| Untracked 
|  41|0x00000000c2900000, 0x00000000c2a00000, 0x00000000c2a00000|100%| O|  |TAMS 0x00000000c2900000| PB 0x00000000c2900000| Untracked 
|  42|0x00000000c2a00000, 0x00000000c2b00000, 0x00000000c2b00000|100%| O|  |TAMS 0x00000000c2a00000| PB 0x00000000c2a00000| Untracked 
|  43|0x00000000c2b00000, 0x00000000c2c00000, 0x00000000c2c00000|100%| O|  |TAMS 0x00000000c2b00000| PB 0x00000000c2b00000| Untracked 
|  44|0x00000000c2c00000, 0x00000000c2d00000, 0x00000000c2d00000|100%| O|  |TAMS 0x00000000c2c00000| PB 0x00000000c2c00000| Untracked 
|  45|0x00000000c2d00000, 0x00000000c2e00000, 0x00000000c2e00000|100%| O|  |TAMS 0x00000000c2d00000| PB 0x00000000c2d00000| Untracked 
|  46|0x00000000c2e00000, 0x00000000c2f00000, 0x00000000c2f00000|100%| O|  |TAMS 0x00000000c2e00000| PB 0x00000000c2e00000| Untracked 
|  47|0x00000000c2f00000, 0x00000000c3000000, 0x00000000c3000000|100%| O|  |TAMS 0x00000000c2f00000| PB 0x00000000c2f00000| Untracked 
|  48|0x00000000c3000000, 0x00000000c3100000, 0x00000000c3100000|100%| O|  |TAMS 0x00000000c3000000| PB 0x00000000c3000000| Untracked 
|  49|0x00000000c3100000, 0x00000000c3200000, 0x00000000c3200000|100%| O|  |TAMS 0x00000000c3100000| PB 0x00000000c3100000| Untracked 
|  50|0x00000000c3200000, 0x00000000c3300000, 0x00000000c3300000|100%| O|  |TAMS 0x00000000c3200000| PB 0x00000000c3200000| Untracked 
|  51|0x00000000c3300000, 0x00000000c3400000, 0x00000000c3400000|100%| O|  |TAMS 0x00000000c3300000| PB 0x00000000c3300000| Untracked 
|  52|0x00000000c3400000, 0x00000000c3500000, 0x00000000c3500000|100%| O|  |TAMS 0x00000000c3400000| PB 0x00000000c3400000| Untracked 
|  53|0x00000000c3500000, 0x00000000c3600000, 0x00000000c3600000|100%| O|  |TAMS 0x00000000c3500000| PB 0x00000000c3500000| Untracked 
|  54|0x00000000c3600000, 0x00000000c3700000, 0x00000000c3700000|100%| O|  |TAMS 0x00000000c3600000| PB 0x00000000c3600000| Untracked 
|  55|0x00000000c3700000, 0x00000000c3800000, 0x00000000c3800000|100%| O|  |TAMS 0x00000000c3700000| PB 0x00000000c3700000| Untracked 
|  56|0x00000000c3800000, 0x00000000c3900000, 0x00000000c3900000|100%| O|  |TAMS 0x00000000c3800000| PB 0x00000000c3800000| Untracked 
|  57|0x00000000c3900000, 0x00000000c3a00000, 0x00000000c3a00000|100%| O|  |TAMS 0x00000000c3900000| PB 0x00000000c3900000| Untracked 
|  58|0x00000000c3a00000, 0x00000000c3b00000, 0x00000000c3b00000|100%| O|  |TAMS 0x00000000c3a00000| PB 0x00000000c3a00000| Untracked 
|  59|0x00000000c3b00000, 0x00000000c3c00000, 0x00000000c3c00000|100%| O|  |TAMS 0x00000000c3b00000| PB 0x00000000c3b00000| Untracked 
|  60|0x00000000c3c00000, 0x00000000c3d00000, 0x00000000c3d00000|100%| O|  |TAMS 0x00000000c3c00000| PB 0x00000000c3c00000| Untracked 
|  61|0x00000000c3d00000, 0x00000000c3e00000, 0x00000000c3e00000|100%| O|  |TAMS 0x00000000c3d00000| PB 0x00000000c3d00000| Untracked 
|  62|0x00000000c3e00000, 0x00000000c3f00000, 0x00000000c3f00000|100%| O|  |TAMS 0x00000000c3e00000| PB 0x00000000c3e00000| Untracked 
|  63|0x00000000c3f00000, 0x00000000c4000000, 0x00000000c4000000|100%| O|Cm|TAMS 0x00000000c3f00000| PB 0x00000000c3f00000| Complete 
|  64|0x00000000c4000000, 0x00000000c4100000, 0x00000000c4100000|100%| O|  |TAMS 0x00000000c4000000| PB 0x00000000c4000000| Untracked 
|  65|0x00000000c4100000, 0x00000000c4200000, 0x00000000c4200000|100%| O|Cm|TAMS 0x00000000c4100000| PB 0x00000000c4100000| Complete 
|  66|0x00000000c4200000, 0x00000000c4300000, 0x00000000c4300000|100%| O|Cm|TAMS 0x00000000c4200000| PB 0x00000000c4200000| Complete 
|  67|0x00000000c4300000, 0x00000000c4400000, 0x00000000c4400000|100%| O|  |TAMS 0x00000000c4300000| PB 0x00000000c4300000| Untracked 
|  68|0x00000000c4400000, 0x00000000c4500000, 0x00000000c4500000|100%| O|  |TAMS 0x00000000c4400000| PB 0x00000000c4400000| Untracked 
|  69|0x00000000c4500000, 0x00000000c4600000, 0x00000000c4600000|100%| O|  |TAMS 0x00000000c4500000| PB 0x00000000c4500000| Untracked 
|  70|0x00000000c4600000, 0x00000000c4700000, 0x00000000c4700000|100%| O|  |TAMS 0x00000000c4600000| PB 0x00000000c4600000| Untracked 
|  71|0x00000000c4700000, 0x00000000c4800000, 0x00000000c4800000|100%| O|  |TAMS 0x00000000c4700000| PB 0x00000000c4700000| Untracked 
|  72|0x00000000c4800000, 0x00000000c4900000, 0x00000000c4900000|100%| O|  |TAMS 0x00000000c4800000| PB 0x00000000c4800000| Untracked 
|  73|0x00000000c4900000, 0x00000000c4a00000, 0x00000000c4a00000|100%| O|  |TAMS 0x00000000c4900000| PB 0x00000000c4900000| Untracked 
|  74|0x00000000c4a00000, 0x00000000c4b00000, 0x00000000c4b00000|100%| O|  |TAMS 0x00000000c4a00000| PB 0x00000000c4a00000| Untracked 
|  75|0x00000000c4b00000, 0x00000000c4c00000, 0x00000000c4c00000|100%| O|  |TAMS 0x00000000c4b00000| PB 0x00000000c4b00000| Untracked 
|  76|0x00000000c4c00000, 0x00000000c4d00000, 0x00000000c4d00000|100%| O|Cm|TAMS 0x00000000c4c00000| PB 0x00000000c4c00000| Complete 
|  77|0x00000000c4d00000, 0x00000000c4e00000, 0x00000000c4e00000|100%| O|  |TAMS 0x00000000c4d00000| PB 0x00000000c4d00000| Untracked 
|  78|0x00000000c4e00000, 0x00000000c4f00000, 0x00000000c4f00000|100%| O|  |TAMS 0x00000000c4e00000| PB 0x00000000c4e00000| Untracked 
|  79|0x00000000c4f00000, 0x00000000c5000000, 0x00000000c5000000|100%| O|  |TAMS 0x00000000c4f00000| PB 0x00000000c4f00000| Untracked 
|  80|0x00000000c5000000, 0x00000000c5100000, 0x00000000c5100000|100%| O|  |TAMS 0x00000000c5000000| PB 0x00000000c5000000| Untracked 
|  81|0x00000000c5100000, 0x00000000c5200000, 0x00000000c5200000|100%| O|  |TAMS 0x00000000c5100000| PB 0x00000000c5100000| Untracked 
|  82|0x00000000c5200000, 0x00000000c5300000, 0x00000000c5300000|100%| O|  |TAMS 0x00000000c5200000| PB 0x00000000c5200000| Untracked 
|  83|0x00000000c5300000, 0x00000000c5400000, 0x00000000c5400000|100%| O|  |TAMS 0x00000000c5300000| PB 0x00000000c5300000| Untracked 
|  84|0x00000000c5400000, 0x00000000c5500000, 0x00000000c5500000|100%| O|  |TAMS 0x00000000c5400000| PB 0x00000000c5400000| Untracked 
|  85|0x00000000c5500000, 0x00000000c5600000, 0x00000000c5600000|100%| O|Cm|TAMS 0x00000000c5500000| PB 0x00000000c5500000| Complete 
|  86|0x00000000c5600000, 0x00000000c5700000, 0x00000000c5700000|100%| O|  |TAMS 0x00000000c5600000| PB 0x00000000c5600000| Untracked 
|  87|0x00000000c5700000, 0x00000000c5800000, 0x00000000c5800000|100%| O|  |TAMS 0x00000000c5700000| PB 0x00000000c5700000| Untracked 
|  88|0x00000000c5800000, 0x00000000c5900000, 0x00000000c5900000|100%| O|Cm|TAMS 0x00000000c5800000| PB 0x00000000c5800000| Complete 
|  89|0x00000000c5900000, 0x00000000c5a00000, 0x00000000c5a00000|100%| O|Cm|TAMS 0x00000000c5900000| PB 0x00000000c5900000| Complete 
|  90|0x00000000c5a00000, 0x00000000c5b00000, 0x00000000c5b00000|100%| O|  |TAMS 0x00000000c5a00000| PB 0x00000000c5a00000| Untracked 
|  91|0x00000000c5b00000, 0x00000000c5c00000, 0x00000000c5c00000|100%| O|  |TAMS 0x00000000c5b00000| PB 0x00000000c5b00000| Untracked 
|  92|0x00000000c5c00000, 0x00000000c5d00000, 0x00000000c5d00000|100%|HS|  |TAMS 0x00000000c5c00000| PB 0x00000000c5c00000| Complete 
|  93|0x00000000c5d00000, 0x00000000c5e00000, 0x00000000c5e00000|100%| O|Cm|TAMS 0x00000000c5d00000| PB 0x00000000c5d00000| Complete 
|  94|0x00000000c5e00000, 0x00000000c5f00000, 0x00000000c5f00000|100%| O|  |TAMS 0x00000000c5e00000| PB 0x00000000c5e00000| Untracked 
|  95|0x00000000c5f00000, 0x00000000c6000000, 0x00000000c6000000|100%| O|  |TAMS 0x00000000c5f00000| PB 0x00000000c5f00000| Untracked 
|  96|0x00000000c6000000, 0x00000000c6100000, 0x00000000c6100000|100%| O|  |TAMS 0x00000000c6000000| PB 0x00000000c6000000| Untracked 
|  97|0x00000000c6100000, 0x00000000c6200000, 0x00000000c6200000|100%| O|  |TAMS 0x00000000c6100000| PB 0x00000000c6100000| Untracked 
|  98|0x00000000c6200000, 0x00000000c6300000, 0x00000000c6300000|100%| O|Cm|TAMS 0x00000000c6200000| PB 0x00000000c6200000| Complete 
|  99|0x00000000c6300000, 0x00000000c6400000, 0x00000000c6400000|100%| O|Cm|TAMS 0x00000000c6300000| PB 0x00000000c6300000| Complete 
| 100|0x00000000c6400000, 0x00000000c6500000, 0x00000000c6500000|100%| O|Cm|TAMS 0x00000000c6400000| PB 0x00000000c6400000| Complete 
| 101|0x00000000c6500000, 0x00000000c6600000, 0x00000000c6600000|100%| O|Cm|TAMS 0x00000000c6500000| PB 0x00000000c6500000| Complete 
| 102|0x00000000c6600000, 0x00000000c6700000, 0x00000000c6700000|100%| O|  |TAMS 0x00000000c6600000| PB 0x00000000c6600000| Untracked 
| 103|0x00000000c6700000, 0x00000000c6800000, 0x00000000c6800000|100%| O|  |TAMS 0x00000000c6700000| PB 0x00000000c6700000| Untracked 
| 104|0x00000000c6800000, 0x00000000c6900000, 0x00000000c6900000|100%| O|  |TAMS 0x00000000c6800000| PB 0x00000000c6800000| Untracked 
| 105|0x00000000c6900000, 0x00000000c6a00000, 0x00000000c6a00000|100%| O|Cm|TAMS 0x00000000c6900000| PB 0x00000000c6900000| Complete 
| 106|0x00000000c6a00000, 0x00000000c6b00000, 0x00000000c6b00000|100%| O|Cm|TAMS 0x00000000c6a00000| PB 0x00000000c6a00000| Complete 
| 107|0x00000000c6b00000, 0x00000000c6c00000, 0x00000000c6c00000|100%| O|Cm|TAMS 0x00000000c6b00000| PB 0x00000000c6b00000| Complete 
| 108|0x00000000c6c00000, 0x00000000c6d00000, 0x00000000c6d00000|100%| O|Cm|TAMS 0x00000000c6c00000| PB 0x00000000c6c00000| Complete 
| 109|0x00000000c6d00000, 0x00000000c6e00000, 0x00000000c6e00000|100%| O|Cm|TAMS 0x00000000c6d00000| PB 0x00000000c6d00000| Complete 
| 110|0x00000000c6e00000, 0x00000000c6f00000, 0x00000000c6f00000|100%| O|Cm|TAMS 0x00000000c6e00000| PB 0x00000000c6e00000| Complete 
| 111|0x00000000c6f00000, 0x00000000c7000000, 0x00000000c7000000|100%| O|  |TAMS 0x00000000c6f00000| PB 0x00000000c6f00000| Untracked 
| 112|0x00000000c7000000, 0x00000000c7100000, 0x00000000c7100000|100%| O|  |TAMS 0x00000000c7000000| PB 0x00000000c7000000| Untracked 
| 113|0x00000000c7100000, 0x00000000c7200000, 0x00000000c7200000|100%| O|  |TAMS 0x00000000c7100000| PB 0x00000000c7100000| Untracked 
| 114|0x00000000c7200000, 0x00000000c7300000, 0x00000000c7300000|100%| O|  |TAMS 0x00000000c7200000| PB 0x00000000c7200000| Untracked 
| 115|0x00000000c7300000, 0x00000000c7400000, 0x00000000c7400000|100%| O|  |TAMS 0x00000000c7300000| PB 0x00000000c7300000| Untracked 
| 116|0x00000000c7400000, 0x00000000c7500000, 0x00000000c7500000|100%| O|  |TAMS 0x00000000c7400000| PB 0x00000000c7400000| Untracked 
| 117|0x00000000c7500000, 0x00000000c7600000, 0x00000000c7600000|100%| O|  |TAMS 0x00000000c7500000| PB 0x00000000c7500000| Untracked 
| 118|0x00000000c7600000, 0x00000000c7700000, 0x00000000c7700000|100%| O|  |TAMS 0x00000000c7600000| PB 0x00000000c7600000| Untracked 
| 119|0x00000000c7700000, 0x00000000c7800000, 0x00000000c7800000|100%| O|  |TAMS 0x00000000c7700000| PB 0x00000000c7700000| Untracked 
| 120|0x00000000c7800000, 0x00000000c7900000, 0x00000000c7900000|100%| O|  |TAMS 0x00000000c7800000| PB 0x00000000c7800000| Untracked 
| 121|0x00000000c7900000, 0x00000000c7a00000, 0x00000000c7a00000|100%| O|Cm|TAMS 0x00000000c7900000| PB 0x00000000c7900000| Complete 
| 122|0x00000000c7a00000, 0x00000000c7b00000, 0x00000000c7b00000|100%| O|Cm|TAMS 0x00000000c7a00000| PB 0x00000000c7a00000| Complete 
| 123|0x00000000c7b00000, 0x00000000c7c00000, 0x00000000c7c00000|100%| O|Cm|TAMS 0x00000000c7b00000| PB 0x00000000c7b00000| Complete 
| 124|0x00000000c7c00000, 0x00000000c7d00000, 0x00000000c7d00000|100%| O|Cm|TAMS 0x00000000c7c00000| PB 0x00000000c7c00000| Complete 
| 125|0x00000000c7d00000, 0x00000000c7e00000, 0x00000000c7e00000|100%| O|  |TAMS 0x00000000c7d00000| PB 0x00000000c7d00000| Untracked 
| 126|0x00000000c7e00000, 0x00000000c7f00000, 0x00000000c7f00000|100%| O|  |TAMS 0x00000000c7e00000| PB 0x00000000c7e00000| Untracked 
| 127|0x00000000c7f00000, 0x00000000c8000000, 0x00000000c8000000|100%| O|  |TAMS 0x00000000c7f00000| PB 0x00000000c7f00000| Untracked 
| 128|0x00000000c8000000, 0x00000000c8100000, 0x00000000c8100000|100%| O|  |TAMS 0x00000000c8000000| PB 0x00000000c8000000| Untracked 
| 129|0x00000000c8100000, 0x00000000c8200000, 0x00000000c8200000|100%| O|  |TAMS 0x00000000c8100000| PB 0x00000000c8100000| Untracked 
| 130|0x00000000c8200000, 0x00000000c8300000, 0x00000000c8300000|100%| O|  |TAMS 0x00000000c8200000| PB 0x00000000c8200000| Untracked 
| 131|0x00000000c8300000, 0x00000000c8400000, 0x00000000c8400000|100%| O|  |TAMS 0x00000000c8300000| PB 0x00000000c8300000| Untracked 
| 132|0x00000000c8400000, 0x00000000c8500000, 0x00000000c8500000|100%| O|  |TAMS 0x00000000c8400000| PB 0x00000000c8400000| Untracked 
| 133|0x00000000c8500000, 0x00000000c8600000, 0x00000000c8600000|100%| O|  |TAMS 0x00000000c8500000| PB 0x00000000c8500000| Untracked 
| 134|0x00000000c8600000, 0x00000000c8700000, 0x00000000c8700000|100%| O|  |TAMS 0x00000000c8600000| PB 0x00000000c8600000| Untracked 
| 135|0x00000000c8700000, 0x00000000c8800000, 0x00000000c8800000|100%| O|  |TAMS 0x00000000c8700000| PB 0x00000000c8700000| Untracked 
| 136|0x00000000c8800000, 0x00000000c8900000, 0x00000000c8900000|100%| O|Cm|TAMS 0x00000000c8800000| PB 0x00000000c8800000| Complete 
| 137|0x00000000c8900000, 0x00000000c8a00000, 0x00000000c8a00000|100%| O|Cm|TAMS 0x00000000c8900000| PB 0x00000000c8900000| Complete 
| 138|0x00000000c8a00000, 0x00000000c8b00000, 0x00000000c8b00000|100%| O|  |TAMS 0x00000000c8a00000| PB 0x00000000c8a00000| Untracked 
| 139|0x00000000c8b00000, 0x00000000c8c00000, 0x00000000c8c00000|100%| O|  |TAMS 0x00000000c8b00000| PB 0x00000000c8b00000| Untracked 
| 140|0x00000000c8c00000, 0x00000000c8d00000, 0x00000000c8d00000|100%| O|  |TAMS 0x00000000c8c00000| PB 0x00000000c8c00000| Untracked 
| 141|0x00000000c8d00000, 0x00000000c8e00000, 0x00000000c8e00000|100%|HS|  |TAMS 0x00000000c8d00000| PB 0x00000000c8d00000| Complete 
| 142|0x00000000c8e00000, 0x00000000c8f00000, 0x00000000c8f00000|100%| O|Cm|TAMS 0x00000000c8e00000| PB 0x00000000c8e00000| Complete 
| 143|0x00000000c8f00000, 0x00000000c9000000, 0x00000000c9000000|100%| O|  |TAMS 0x00000000c8f00000| PB 0x00000000c8f00000| Untracked 
| 144|0x00000000c9000000, 0x00000000c9100000, 0x00000000c9100000|100%| O|  |TAMS 0x00000000c9000000| PB 0x00000000c9000000| Untracked 
| 145|0x00000000c9100000, 0x00000000c9200000, 0x00000000c9200000|100%| O|  |TAMS 0x00000000c9100000| PB 0x00000000c9100000| Untracked 
| 146|0x00000000c9200000, 0x00000000c9300000, 0x00000000c9300000|100%| O|  |TAMS 0x00000000c9200000| PB 0x00000000c9200000| Untracked 
| 147|0x00000000c9300000, 0x00000000c9400000, 0x00000000c9400000|100%| O|  |TAMS 0x00000000c9300000| PB 0x00000000c9300000| Untracked 
| 148|0x00000000c9400000, 0x00000000c9500000, 0x00000000c9500000|100%| O|  |TAMS 0x00000000c9400000| PB 0x00000000c9400000| Untracked 
| 149|0x00000000c9500000, 0x00000000c9600000, 0x00000000c9600000|100%| O|  |TAMS 0x00000000c9500000| PB 0x00000000c9500000| Untracked 
| 150|0x00000000c9600000, 0x00000000c9700000, 0x00000000c9700000|100%| O|  |TAMS 0x00000000c9600000| PB 0x00000000c9600000| Untracked 
| 151|0x00000000c9700000, 0x00000000c9800000, 0x00000000c9800000|100%| O|Cm|TAMS 0x00000000c9700000| PB 0x00000000c9700000| Complete 
| 152|0x00000000c9800000, 0x00000000c9900000, 0x00000000c9900000|100%| O|  |TAMS 0x00000000c9800000| PB 0x00000000c9800000| Untracked 
| 153|0x00000000c9900000, 0x00000000c9a00000, 0x00000000c9a00000|100%| O|  |TAMS 0x00000000c9900000| PB 0x00000000c9900000| Untracked 
| 154|0x00000000c9a00000, 0x00000000c9b00000, 0x00000000c9b00000|100%| O|Cm|TAMS 0x00000000c9a00000| PB 0x00000000c9a00000| Complete 
| 155|0x00000000c9b00000, 0x00000000c9c00000, 0x00000000c9c00000|100%| O|  |TAMS 0x00000000c9b00000| PB 0x00000000c9b00000| Untracked 
| 156|0x00000000c9c00000, 0x00000000c9d00000, 0x00000000c9d00000|100%| O|  |TAMS 0x00000000c9c00000| PB 0x00000000c9c00000| Untracked 
| 157|0x00000000c9d00000, 0x00000000c9e00000, 0x00000000c9e00000|100%| O|  |TAMS 0x00000000c9d00000| PB 0x00000000c9d00000| Untracked 
| 158|0x00000000c9e00000, 0x00000000c9f00000, 0x00000000c9f00000|100%| O|  |TAMS 0x00000000c9e00000| PB 0x00000000c9e00000| Untracked 
| 159|0x00000000c9f00000, 0x00000000ca000000, 0x00000000ca000000|100%| O|  |TAMS 0x00000000c9f00000| PB 0x00000000c9f00000| Untracked 
| 160|0x00000000ca000000, 0x00000000ca100000, 0x00000000ca100000|100%| O|  |TAMS 0x00000000ca000000| PB 0x00000000ca000000| Untracked 
| 161|0x00000000ca100000, 0x00000000ca200000, 0x00000000ca200000|100%| O|  |TAMS 0x00000000ca100000| PB 0x00000000ca100000| Untracked 
| 162|0x00000000ca200000, 0x00000000ca300000, 0x00000000ca300000|100%| O|Cm|TAMS 0x00000000ca200000| PB 0x00000000ca200000| Complete 
| 163|0x00000000ca300000, 0x00000000ca400000, 0x00000000ca400000|100%| O|  |TAMS 0x00000000ca300000| PB 0x00000000ca300000| Untracked 
| 164|0x00000000ca400000, 0x00000000ca500000, 0x00000000ca500000|100%| O|  |TAMS 0x00000000ca400000| PB 0x00000000ca400000| Untracked 
| 165|0x00000000ca500000, 0x00000000ca600000, 0x00000000ca600000|100%| O|  |TAMS 0x00000000ca500000| PB 0x00000000ca500000| Untracked 
| 166|0x00000000ca600000, 0x00000000ca700000, 0x00000000ca700000|100%| O|  |TAMS 0x00000000ca600000| PB 0x00000000ca600000| Untracked 
| 167|0x00000000ca700000, 0x00000000ca800000, 0x00000000ca800000|100%|HS|  |TAMS 0x00000000ca700000| PB 0x00000000ca700000| Complete 
| 168|0x00000000ca800000, 0x00000000ca900000, 0x00000000ca900000|100%|HC|  |TAMS 0x00000000ca800000| PB 0x00000000ca800000| Complete 
| 169|0x00000000ca900000, 0x00000000caa00000, 0x00000000caa00000|100%| O|  |TAMS 0x00000000ca900000| PB 0x00000000ca900000| Untracked 
| 170|0x00000000caa00000, 0x00000000cab00000, 0x00000000cab00000|100%| O|  |TAMS 0x00000000caa00000| PB 0x00000000caa00000| Untracked 
| 171|0x00000000cab00000, 0x00000000cac00000, 0x00000000cac00000|100%| O|  |TAMS 0x00000000cab00000| PB 0x00000000cab00000| Untracked 
| 172|0x00000000cac00000, 0x00000000cad00000, 0x00000000cad00000|100%| O|  |TAMS 0x00000000cac00000| PB 0x00000000cac00000| Untracked 
| 173|0x00000000cad00000, 0x00000000cae00000, 0x00000000cae00000|100%| O|  |TAMS 0x00000000cad00000| PB 0x00000000cad00000| Untracked 
| 174|0x00000000cae00000, 0x00000000caf00000, 0x00000000caf00000|100%| O|  |TAMS 0x00000000cae00000| PB 0x00000000cae00000| Untracked 
| 175|0x00000000caf00000, 0x00000000cb000000, 0x00000000cb000000|100%| O|Cm|TAMS 0x00000000caf00000| PB 0x00000000caf00000| Complete 
| 176|0x00000000cb000000, 0x00000000cb100000, 0x00000000cb100000|100%| O|Cm|TAMS 0x00000000cb000000| PB 0x00000000cb000000| Complete 
| 177|0x00000000cb100000, 0x00000000cb200000, 0x00000000cb200000|100%| O|  |TAMS 0x00000000cb100000| PB 0x00000000cb100000| Untracked 
| 178|0x00000000cb200000, 0x00000000cb300000, 0x00000000cb300000|100%| O|  |TAMS 0x00000000cb200000| PB 0x00000000cb200000| Untracked 
| 179|0x00000000cb300000, 0x00000000cb400000, 0x00000000cb400000|100%| O|  |TAMS 0x00000000cb300000| PB 0x00000000cb300000| Untracked 
| 180|0x00000000cb400000, 0x00000000cb500000, 0x00000000cb500000|100%| O|  |TAMS 0x00000000cb400000| PB 0x00000000cb400000| Untracked 
| 181|0x00000000cb500000, 0x00000000cb600000, 0x00000000cb600000|100%| O|  |TAMS 0x00000000cb500000| PB 0x00000000cb500000| Untracked 
| 182|0x00000000cb600000, 0x00000000cb700000, 0x00000000cb700000|100%| O|  |TAMS 0x00000000cb600000| PB 0x00000000cb600000| Untracked 
| 183|0x00000000cb700000, 0x00000000cb800000, 0x00000000cb800000|100%| O|  |TAMS 0x00000000cb700000| PB 0x00000000cb700000| Untracked 
| 184|0x00000000cb800000, 0x00000000cb900000, 0x00000000cb900000|100%| O|Cm|TAMS 0x00000000cb800000| PB 0x00000000cb800000| Complete 
| 185|0x00000000cb900000, 0x00000000cba00000, 0x00000000cba00000|100%| O|Cm|TAMS 0x00000000cb900000| PB 0x00000000cb900000| Complete 
| 186|0x00000000cba00000, 0x00000000cbb00000, 0x00000000cbb00000|100%| O|  |TAMS 0x00000000cba00000| PB 0x00000000cba00000| Untracked 
| 187|0x00000000cbb00000, 0x00000000cbc00000, 0x00000000cbc00000|100%| O|  |TAMS 0x00000000cbb00000| PB 0x00000000cbb00000| Untracked 
| 188|0x00000000cbc00000, 0x00000000cbd00000, 0x00000000cbd00000|100%| O|Cm|TAMS 0x00000000cbc00000| PB 0x00000000cbc00000| Complete 
| 189|0x00000000cbd00000, 0x00000000cbe00000, 0x00000000cbe00000|100%| O|  |TAMS 0x00000000cbd00000| PB 0x00000000cbd00000| Untracked 
| 190|0x00000000cbe00000, 0x00000000cbf00000, 0x00000000cbf00000|100%| O|  |TAMS 0x00000000cbe00000| PB 0x00000000cbe00000| Untracked 
| 191|0x00000000cbf00000, 0x00000000cc000000, 0x00000000cc000000|100%| O|  |TAMS 0x00000000cbf00000| PB 0x00000000cbf00000| Untracked 
| 192|0x00000000cc000000, 0x00000000cc100000, 0x00000000cc100000|100%| O|  |TAMS 0x00000000cc000000| PB 0x00000000cc000000| Untracked 
| 193|0x00000000cc100000, 0x00000000cc200000, 0x00000000cc200000|100%| O|  |TAMS 0x00000000cc100000| PB 0x00000000cc100000| Untracked 
| 194|0x00000000cc200000, 0x00000000cc300000, 0x00000000cc300000|100%| O|  |TAMS 0x00000000cc200000| PB 0x00000000cc200000| Untracked 
| 195|0x00000000cc300000, 0x00000000cc400000, 0x00000000cc400000|100%| O|  |TAMS 0x00000000cc300000| PB 0x00000000cc300000| Untracked 
| 196|0x00000000cc400000, 0x00000000cc500000, 0x00000000cc500000|100%| O|  |TAMS 0x00000000cc400000| PB 0x00000000cc400000| Untracked 
| 197|0x00000000cc500000, 0x00000000cc600000, 0x00000000cc600000|100%| O|Cm|TAMS 0x00000000cc500000| PB 0x00000000cc500000| Complete 
| 198|0x00000000cc600000, 0x00000000cc700000, 0x00000000cc700000|100%| O|  |TAMS 0x00000000cc600000| PB 0x00000000cc600000| Untracked 
| 199|0x00000000cc700000, 0x00000000cc800000, 0x00000000cc800000|100%| O|  |TAMS 0x00000000cc700000| PB 0x00000000cc700000| Untracked 
| 200|0x00000000cc800000, 0x00000000cc900000, 0x00000000cc900000|100%| O|  |TAMS 0x00000000cc800000| PB 0x00000000cc800000| Untracked 
| 201|0x00000000cc900000, 0x00000000cca00000, 0x00000000cca00000|100%| O|Cm|TAMS 0x00000000cc900000| PB 0x00000000cc900000| Complete 
| 202|0x00000000cca00000, 0x00000000ccb00000, 0x00000000ccb00000|100%| O|  |TAMS 0x00000000cca00000| PB 0x00000000cca00000| Untracked 
| 203|0x00000000ccb00000, 0x00000000ccc00000, 0x00000000ccc00000|100%| O|  |TAMS 0x00000000ccb00000| PB 0x00000000ccb00000| Untracked 
| 204|0x00000000ccc00000, 0x00000000ccd00000, 0x00000000ccd00000|100%| O|  |TAMS 0x00000000ccc00000| PB 0x00000000ccc00000| Untracked 
| 205|0x00000000ccd00000, 0x00000000cce00000, 0x00000000cce00000|100%| O|  |TAMS 0x00000000ccd00000| PB 0x00000000ccd00000| Untracked 
| 206|0x00000000cce00000, 0x00000000ccf00000, 0x00000000ccf00000|100%| O|  |TAMS 0x00000000cce00000| PB 0x00000000cce00000| Untracked 
| 207|0x00000000ccf00000, 0x00000000cd000000, 0x00000000cd000000|100%| O|  |TAMS 0x00000000ccf00000| PB 0x00000000ccf00000| Untracked 
| 208|0x00000000cd000000, 0x00000000cd100000, 0x00000000cd100000|100%| O|  |TAMS 0x00000000cd000000| PB 0x00000000cd000000| Untracked 
| 209|0x00000000cd100000, 0x00000000cd200000, 0x00000000cd200000|100%| O|  |TAMS 0x00000000cd100000| PB 0x00000000cd100000| Untracked 
| 210|0x00000000cd200000, 0x00000000cd300000, 0x00000000cd300000|100%| O|  |TAMS 0x00000000cd200000| PB 0x00000000cd200000| Untracked 
| 211|0x00000000cd300000, 0x00000000cd400000, 0x00000000cd400000|100%| O|  |TAMS 0x00000000cd300000| PB 0x00000000cd300000| Untracked 
| 212|0x00000000cd400000, 0x00000000cd500000, 0x00000000cd500000|100%| O|  |TAMS 0x00000000cd400000| PB 0x00000000cd400000| Untracked 
| 213|0x00000000cd500000, 0x00000000cd600000, 0x00000000cd600000|100%| O|  |TAMS 0x00000000cd500000| PB 0x00000000cd500000| Untracked 
| 214|0x00000000cd600000, 0x00000000cd700000, 0x00000000cd700000|100%| O|  |TAMS 0x00000000cd600000| PB 0x00000000cd600000| Untracked 
| 215|0x00000000cd700000, 0x00000000cd800000, 0x00000000cd800000|100%| O|  |TAMS 0x00000000cd700000| PB 0x00000000cd700000| Untracked 
| 216|0x00000000cd800000, 0x00000000cd900000, 0x00000000cd900000|100%| O|  |TAMS 0x00000000cd800000| PB 0x00000000cd800000| Untracked 
| 217|0x00000000cd900000, 0x00000000cda00000, 0x00000000cda00000|100%| O|  |TAMS 0x00000000cd900000| PB 0x00000000cd900000| Untracked 
| 218|0x00000000cda00000, 0x00000000cdb00000, 0x00000000cdb00000|100%|HS|  |TAMS 0x00000000cda00000| PB 0x00000000cda00000| Complete 
| 219|0x00000000cdb00000, 0x00000000cdc00000, 0x00000000cdc00000|100%|HS|  |TAMS 0x00000000cdb00000| PB 0x00000000cdb00000| Complete 
| 220|0x00000000cdc00000, 0x00000000cdd00000, 0x00000000cdd00000|100%|HC|  |TAMS 0x00000000cdc00000| PB 0x00000000cdc00000| Complete 
| 221|0x00000000cdd00000, 0x00000000cde00000, 0x00000000cde00000|100%|HS|  |TAMS 0x00000000cdd00000| PB 0x00000000cdd00000| Complete 
| 222|0x00000000cde00000, 0x00000000cdf00000, 0x00000000cdf00000|100%|HS|  |TAMS 0x00000000cde00000| PB 0x00000000cde00000| Complete 
| 223|0x00000000cdf00000, 0x00000000ce000000, 0x00000000ce000000|100%|HC|  |TAMS 0x00000000cdf00000| PB 0x00000000cdf00000| Complete 
| 224|0x00000000ce000000, 0x00000000ce100000, 0x00000000ce100000|100%|HS|  |TAMS 0x00000000ce000000| PB 0x00000000ce000000| Complete 
| 225|0x00000000ce100000, 0x00000000ce200000, 0x00000000ce200000|100%|HC|  |TAMS 0x00000000ce100000| PB 0x00000000ce100000| Complete 
| 226|0x00000000ce200000, 0x00000000ce300000, 0x00000000ce300000|100%|HS|  |TAMS 0x00000000ce200000| PB 0x00000000ce200000| Complete 
| 227|0x00000000ce300000, 0x00000000ce400000, 0x00000000ce400000|100%|HS|  |TAMS 0x00000000ce300000| PB 0x00000000ce300000| Complete 
| 228|0x00000000ce400000, 0x00000000ce500000, 0x00000000ce500000|100%|HS|  |TAMS 0x00000000ce400000| PB 0x00000000ce400000| Complete 
| 229|0x00000000ce500000, 0x00000000ce600000, 0x00000000ce600000|100%|HC|  |TAMS 0x00000000ce500000| PB 0x00000000ce500000| Complete 
| 230|0x00000000ce600000, 0x00000000ce700000, 0x00000000ce700000|100%|HS|  |TAMS 0x00000000ce600000| PB 0x00000000ce600000| Complete 
| 231|0x00000000ce700000, 0x00000000ce800000, 0x00000000ce800000|100%|HC|  |TAMS 0x00000000ce700000| PB 0x00000000ce700000| Complete 
| 232|0x00000000ce800000, 0x00000000ce900000, 0x00000000ce900000|100%|HS|  |TAMS 0x00000000ce800000| PB 0x00000000ce800000| Complete 
| 233|0x00000000ce900000, 0x00000000cea00000, 0x00000000cea00000|100%|HS|  |TAMS 0x00000000ce900000| PB 0x00000000ce900000| Complete 
| 234|0x00000000cea00000, 0x00000000ceb00000, 0x00000000ceb00000|100%|HS|  |TAMS 0x00000000cea00000| PB 0x00000000cea00000| Complete 
| 235|0x00000000ceb00000, 0x00000000cec00000, 0x00000000cec00000|100%|HC|  |TAMS 0x00000000ceb00000| PB 0x00000000ceb00000| Complete 
| 236|0x00000000cec00000, 0x00000000ced00000, 0x00000000ced00000|100%|HS|  |TAMS 0x00000000cec00000| PB 0x00000000cec00000| Complete 
| 237|0x00000000ced00000, 0x00000000cee00000, 0x00000000cee00000|100%|HS|  |TAMS 0x00000000ced00000| PB 0x00000000ced00000| Complete 
| 238|0x00000000cee00000, 0x00000000cef00000, 0x00000000cef00000|100%|HS|  |TAMS 0x00000000cee00000| PB 0x00000000cee00000| Complete 
| 239|0x00000000cef00000, 0x00000000cf000000, 0x00000000cf000000|100%| O|  |TAMS 0x00000000cef00000| PB 0x00000000cef00000| Untracked 
| 240|0x00000000cf000000, 0x00000000cf100000, 0x00000000cf100000|100%| O|  |TAMS 0x00000000cf000000| PB 0x00000000cf000000| Untracked 
| 241|0x00000000cf100000, 0x00000000cf200000, 0x00000000cf200000|100%| O|  |TAMS 0x00000000cf100000| PB 0x00000000cf100000| Untracked 
| 242|0x00000000cf200000, 0x00000000cf300000, 0x00000000cf300000|100%| O|  |TAMS 0x00000000cf200000| PB 0x00000000cf200000| Untracked 
| 243|0x00000000cf300000, 0x00000000cf400000, 0x00000000cf400000|100%| O|  |TAMS 0x00000000cf300000| PB 0x00000000cf300000| Untracked 
| 244|0x00000000cf400000, 0x00000000cf500000, 0x00000000cf500000|100%| O|  |TAMS 0x00000000cf400000| PB 0x00000000cf400000| Untracked 
| 245|0x00000000cf500000, 0x00000000cf600000, 0x00000000cf600000|100%| O|  |TAMS 0x00000000cf500000| PB 0x00000000cf500000| Untracked 
| 246|0x00000000cf600000, 0x00000000cf700000, 0x00000000cf700000|100%| O|  |TAMS 0x00000000cf600000| PB 0x00000000cf600000| Untracked 
| 247|0x00000000cf700000, 0x00000000cf800000, 0x00000000cf800000|100%| O|  |TAMS 0x00000000cf700000| PB 0x00000000cf700000| Untracked 
| 248|0x00000000cf800000, 0x00000000cf900000, 0x00000000cf900000|100%| O|  |TAMS 0x00000000cf800000| PB 0x00000000cf800000| Untracked 
| 249|0x00000000cf900000, 0x00000000cfa00000, 0x00000000cfa00000|100%| O|  |TAMS 0x00000000cf900000| PB 0x00000000cf900000| Untracked 
| 250|0x00000000cfa00000, 0x00000000cfb00000, 0x00000000cfb00000|100%| O|  |TAMS 0x00000000cfa00000| PB 0x00000000cfa00000| Untracked 
| 251|0x00000000cfb00000, 0x00000000cfc00000, 0x00000000cfc00000|100%| O|  |TAMS 0x00000000cfb00000| PB 0x00000000cfb00000| Untracked 
| 252|0x00000000cfc00000, 0x00000000cfd00000, 0x00000000cfd00000|100%| O|  |TAMS 0x00000000cfc00000| PB 0x00000000cfc00000| Untracked 
| 253|0x00000000cfd00000, 0x00000000cfe00000, 0x00000000cfe00000|100%| O|  |TAMS 0x00000000cfd00000| PB 0x00000000cfd00000| Untracked 
| 254|0x00000000cfe00000, 0x00000000cff00000, 0x00000000cff00000|100%| O|  |TAMS 0x00000000cfe00000| PB 0x00000000cfe00000| Untracked 
| 255|0x00000000cff00000, 0x00000000d0000000, 0x00000000d0000000|100%| O|  |TAMS 0x00000000cff00000| PB 0x00000000cff00000| Untracked 
| 256|0x00000000d0000000, 0x00000000d0100000, 0x00000000d0100000|100%| O|  |TAMS 0x00000000d0000000| PB 0x00000000d0000000| Untracked 
| 257|0x00000000d0100000, 0x00000000d0200000, 0x00000000d0200000|100%| O|  |TAMS 0x00000000d0100000| PB 0x00000000d0100000| Untracked 
| 258|0x00000000d0200000, 0x00000000d0300000, 0x00000000d0300000|100%| O|  |TAMS 0x00000000d0200000| PB 0x00000000d0200000| Untracked 
| 259|0x00000000d0300000, 0x00000000d0400000, 0x00000000d0400000|100%| O|  |TAMS 0x00000000d0300000| PB 0x00000000d0300000| Untracked 
| 260|0x00000000d0400000, 0x00000000d0500000, 0x00000000d0500000|100%| O|  |TAMS 0x00000000d0400000| PB 0x00000000d0400000| Untracked 
| 261|0x00000000d0500000, 0x00000000d0600000, 0x00000000d0600000|100%| O|  |TAMS 0x00000000d0500000| PB 0x00000000d0500000| Untracked 
| 262|0x00000000d0600000, 0x00000000d0700000, 0x00000000d0700000|100%|HS|  |TAMS 0x00000000d0600000| PB 0x00000000d0600000| Complete 
| 263|0x00000000d0700000, 0x00000000d0800000, 0x00000000d0800000|100%|HC|  |TAMS 0x00000000d0700000| PB 0x00000000d0700000| Complete 
| 264|0x00000000d0800000, 0x00000000d0900000, 0x00000000d0900000|100%|HS|  |TAMS 0x00000000d0800000| PB 0x00000000d0800000| Complete 
| 265|0x00000000d0900000, 0x00000000d0a00000, 0x00000000d0a00000|100%|HS|  |TAMS 0x00000000d0900000| PB 0x00000000d0900000| Complete 
| 266|0x00000000d0a00000, 0x00000000d0b00000, 0x00000000d0b00000|100%|HC|  |TAMS 0x00000000d0a00000| PB 0x00000000d0a00000| Complete 
| 267|0x00000000d0b00000, 0x00000000d0c00000, 0x00000000d0c00000|100%|HS|  |TAMS 0x00000000d0b00000| PB 0x00000000d0b00000| Complete 
| 268|0x00000000d0c00000, 0x00000000d0d00000, 0x00000000d0d00000|100%|HS|  |TAMS 0x00000000d0c00000| PB 0x00000000d0c00000| Complete 
| 269|0x00000000d0d00000, 0x00000000d0e00000, 0x00000000d0e00000|100%|HS|  |TAMS 0x00000000d0d00000| PB 0x00000000d0d00000| Complete 
| 270|0x00000000d0e00000, 0x00000000d0f00000, 0x00000000d0f00000|100%|HC|  |TAMS 0x00000000d0e00000| PB 0x00000000d0e00000| Complete 
| 271|0x00000000d0f00000, 0x00000000d0f00000, 0x00000000d1000000|  0%| F|  |TAMS 0x00000000d0f00000| PB 0x00000000d0f00000| Untracked 
| 272|0x00000000d1000000, 0x00000000d1000000, 0x00000000d1100000|  0%| F|  |TAMS 0x00000000d1000000| PB 0x00000000d1000000| Untracked 
| 273|0x00000000d1100000, 0x00000000d1100000, 0x00000000d1200000|  0%| F|  |TAMS 0x00000000d1100000| PB 0x00000000d1100000| Untracked 
| 274|0x00000000d1200000, 0x00000000d1200000, 0x00000000d1300000|  0%| F|  |TAMS 0x00000000d1200000| PB 0x00000000d1200000| Untracked 
| 275|0x00000000d1300000, 0x00000000d1300000, 0x00000000d1400000|  0%| F|  |TAMS 0x00000000d1300000| PB 0x00000000d1300000| Untracked 
| 276|0x00000000d1400000, 0x00000000d1400000, 0x00000000d1500000|  0%| F|  |TAMS 0x00000000d1400000| PB 0x00000000d1400000| Untracked 
| 277|0x00000000d1500000, 0x00000000d1500000, 0x00000000d1600000|  0%| F|  |TAMS 0x00000000d1500000| PB 0x00000000d1500000| Untracked 
| 278|0x00000000d1600000, 0x00000000d1600000, 0x00000000d1700000|  0%| F|  |TAMS 0x00000000d1600000| PB 0x00000000d1600000| Untracked 
| 279|0x00000000d1700000, 0x00000000d1700000, 0x00000000d1800000|  0%| F|  |TAMS 0x00000000d1700000| PB 0x00000000d1700000| Untracked 
| 280|0x00000000d1800000, 0x00000000d1800000, 0x00000000d1900000|  0%| F|  |TAMS 0x00000000d1800000| PB 0x00000000d1800000| Untracked 
| 281|0x00000000d1900000, 0x00000000d1900000, 0x00000000d1a00000|  0%| F|  |TAMS 0x00000000d1900000| PB 0x00000000d1900000| Untracked 
| 282|0x00000000d1a00000, 0x00000000d1a00000, 0x00000000d1b00000|  0%| F|  |TAMS 0x00000000d1a00000| PB 0x00000000d1a00000| Untracked 
| 283|0x00000000d1b00000, 0x00000000d1b00000, 0x00000000d1c00000|  0%| F|  |TAMS 0x00000000d1b00000| PB 0x00000000d1b00000| Untracked 
| 284|0x00000000d1c00000, 0x00000000d1c00000, 0x00000000d1d00000|  0%| F|  |TAMS 0x00000000d1c00000| PB 0x00000000d1c00000| Untracked 
| 285|0x00000000d1d00000, 0x00000000d1d00000, 0x00000000d1e00000|  0%| F|  |TAMS 0x00000000d1d00000| PB 0x00000000d1d00000| Untracked 
| 286|0x00000000d1e00000, 0x00000000d1e00000, 0x00000000d1f00000|  0%| F|  |TAMS 0x00000000d1e00000| PB 0x00000000d1e00000| Untracked 
| 287|0x00000000d1f00000, 0x00000000d1f00000, 0x00000000d2000000|  0%| F|  |TAMS 0x00000000d1f00000| PB 0x00000000d1f00000| Untracked 
| 288|0x00000000d2000000, 0x00000000d2000000, 0x00000000d2100000|  0%| F|  |TAMS 0x00000000d2000000| PB 0x00000000d2000000| Untracked 
| 289|0x00000000d2100000, 0x00000000d2100000, 0x00000000d2200000|  0%| F|  |TAMS 0x00000000d2100000| PB 0x00000000d2100000| Untracked 
| 290|0x00000000d2200000, 0x00000000d2200000, 0x00000000d2300000|  0%| F|  |TAMS 0x00000000d2200000| PB 0x00000000d2200000| Untracked 
| 291|0x00000000d2300000, 0x00000000d2300000, 0x00000000d2400000|  0%| F|  |TAMS 0x00000000d2300000| PB 0x00000000d2300000| Untracked 
| 292|0x00000000d2400000, 0x00000000d2400000, 0x00000000d2500000|  0%| F|  |TAMS 0x00000000d2400000| PB 0x00000000d2400000| Untracked 
| 293|0x00000000d2500000, 0x00000000d2500000, 0x00000000d2600000|  0%| F|  |TAMS 0x00000000d2500000| PB 0x00000000d2500000| Untracked 
| 294|0x00000000d2600000, 0x00000000d2600000, 0x00000000d2700000|  0%| F|  |TAMS 0x00000000d2600000| PB 0x00000000d2600000| Untracked 
| 295|0x00000000d2700000, 0x00000000d2700000, 0x00000000d2800000|  0%| F|  |TAMS 0x00000000d2700000| PB 0x00000000d2700000| Untracked 
| 296|0x00000000d2800000, 0x00000000d2800000, 0x00000000d2900000|  0%| F|  |TAMS 0x00000000d2800000| PB 0x00000000d2800000| Untracked 
| 297|0x00000000d2900000, 0x00000000d2900000, 0x00000000d2a00000|  0%| F|  |TAMS 0x00000000d2900000| PB 0x00000000d2900000| Untracked 
| 298|0x00000000d2a00000, 0x00000000d2a00000, 0x00000000d2b00000|  0%| F|  |TAMS 0x00000000d2a00000| PB 0x00000000d2a00000| Untracked 
| 299|0x00000000d2b00000, 0x00000000d2b00000, 0x00000000d2c00000|  0%| F|  |TAMS 0x00000000d2b00000| PB 0x00000000d2b00000| Untracked 
| 300|0x00000000d2c00000, 0x00000000d2c00000, 0x00000000d2d00000|  0%| F|  |TAMS 0x00000000d2c00000| PB 0x00000000d2c00000| Untracked 
| 301|0x00000000d2d00000, 0x00000000d2d00000, 0x00000000d2e00000|  0%| F|  |TAMS 0x00000000d2d00000| PB 0x00000000d2d00000| Untracked 
| 302|0x00000000d2e00000, 0x00000000d2e00000, 0x00000000d2f00000|  0%| F|  |TAMS 0x00000000d2e00000| PB 0x00000000d2e00000| Untracked 
| 303|0x00000000d2f00000, 0x00000000d2f00000, 0x00000000d3000000|  0%| F|  |TAMS 0x00000000d2f00000| PB 0x00000000d2f00000| Untracked 
| 304|0x00000000d3000000, 0x00000000d3000000, 0x00000000d3100000|  0%| F|  |TAMS 0x00000000d3000000| PB 0x00000000d3000000| Untracked 
| 305|0x00000000d3100000, 0x00000000d3100000, 0x00000000d3200000|  0%| F|  |TAMS 0x00000000d3100000| PB 0x00000000d3100000| Untracked 
| 306|0x00000000d3200000, 0x00000000d3300000, 0x00000000d3300000|100%|HS|  |TAMS 0x00000000d3200000| PB 0x00000000d3200000| Complete 
| 307|0x00000000d3300000, 0x00000000d3400000, 0x00000000d3400000|100%|HC|  |TAMS 0x00000000d3300000| PB 0x00000000d3300000| Complete 
| 308|0x00000000d3400000, 0x00000000d3400000, 0x00000000d3500000|  0%| F|  |TAMS 0x00000000d3400000| PB 0x00000000d3400000| Untracked 
| 309|0x00000000d3500000, 0x00000000d3500000, 0x00000000d3600000|  0%| F|  |TAMS 0x00000000d3500000| PB 0x00000000d3500000| Untracked 
| 310|0x00000000d3600000, 0x00000000d3600000, 0x00000000d3700000|  0%| F|  |TAMS 0x00000000d3600000| PB 0x00000000d3600000| Untracked 
| 311|0x00000000d3700000, 0x00000000d3700000, 0x00000000d3800000|  0%| F|  |TAMS 0x00000000d3700000| PB 0x00000000d3700000| Untracked 
| 312|0x00000000d3800000, 0x00000000d3800000, 0x00000000d3900000|  0%| F|  |TAMS 0x00000000d3800000| PB 0x00000000d3800000| Untracked 
| 313|0x00000000d3900000, 0x00000000d3900000, 0x00000000d3a00000|  0%| F|  |TAMS 0x00000000d3900000| PB 0x00000000d3900000| Untracked 
| 314|0x00000000d3a00000, 0x00000000d3a00000, 0x00000000d3b00000|  0%| F|  |TAMS 0x00000000d3a00000| PB 0x00000000d3a00000| Untracked 
| 315|0x00000000d3b00000, 0x00000000d3b00000, 0x00000000d3c00000|  0%| F|  |TAMS 0x00000000d3b00000| PB 0x00000000d3b00000| Untracked 
| 316|0x00000000d3c00000, 0x00000000d3c00000, 0x00000000d3d00000|  0%| F|  |TAMS 0x00000000d3c00000| PB 0x00000000d3c00000| Untracked 
| 317|0x00000000d3d00000, 0x00000000d3d00000, 0x00000000d3e00000|  0%| F|  |TAMS 0x00000000d3d00000| PB 0x00000000d3d00000| Untracked 
| 318|0x00000000d3e00000, 0x00000000d3e00000, 0x00000000d3f00000|  0%| F|  |TAMS 0x00000000d3e00000| PB 0x00000000d3e00000| Untracked 
| 319|0x00000000d3f00000, 0x00000000d3f00000, 0x00000000d4000000|  0%| F|  |TAMS 0x00000000d3f00000| PB 0x00000000d3f00000| Untracked 
| 320|0x00000000d4000000, 0x00000000d4000000, 0x00000000d4100000|  0%| F|  |TAMS 0x00000000d4000000| PB 0x00000000d4000000| Untracked 
| 321|0x00000000d4100000, 0x00000000d4100000, 0x00000000d4200000|  0%| F|  |TAMS 0x00000000d4100000| PB 0x00000000d4100000| Untracked 
| 322|0x00000000d4200000, 0x00000000d4200000, 0x00000000d4300000|  0%| F|  |TAMS 0x00000000d4200000| PB 0x00000000d4200000| Untracked 
| 323|0x00000000d4300000, 0x00000000d4300000, 0x00000000d4400000|  0%| F|  |TAMS 0x00000000d4300000| PB 0x00000000d4300000| Untracked 
| 324|0x00000000d4400000, 0x00000000d4400000, 0x00000000d4500000|  0%| F|  |TAMS 0x00000000d4400000| PB 0x00000000d4400000| Untracked 
| 325|0x00000000d4500000, 0x00000000d4500000, 0x00000000d4600000|  0%| F|  |TAMS 0x00000000d4500000| PB 0x00000000d4500000| Untracked 
| 326|0x00000000d4600000, 0x00000000d4600000, 0x00000000d4700000|  0%| F|  |TAMS 0x00000000d4600000| PB 0x00000000d4600000| Untracked 
| 327|0x00000000d4700000, 0x00000000d4700000, 0x00000000d4800000|  0%| F|  |TAMS 0x00000000d4700000| PB 0x00000000d4700000| Untracked 
| 328|0x00000000d4800000, 0x00000000d4800000, 0x00000000d4900000|  0%| F|  |TAMS 0x00000000d4800000| PB 0x00000000d4800000| Untracked 
| 329|0x00000000d4900000, 0x00000000d4900000, 0x00000000d4a00000|  0%| F|  |TAMS 0x00000000d4900000| PB 0x00000000d4900000| Untracked 
| 330|0x00000000d4a00000, 0x00000000d4a00000, 0x00000000d4b00000|  0%| F|  |TAMS 0x00000000d4a00000| PB 0x00000000d4a00000| Untracked 
| 331|0x00000000d4b00000, 0x00000000d4b00000, 0x00000000d4c00000|  0%| F|  |TAMS 0x00000000d4b00000| PB 0x00000000d4b00000| Untracked 
| 332|0x00000000d4c00000, 0x00000000d4c00000, 0x00000000d4d00000|  0%| F|  |TAMS 0x00000000d4c00000| PB 0x00000000d4c00000| Untracked 
| 333|0x00000000d4d00000, 0x00000000d4d00000, 0x00000000d4e00000|  0%| F|  |TAMS 0x00000000d4d00000| PB 0x00000000d4d00000| Untracked 
| 334|0x00000000d4e00000, 0x00000000d4e00000, 0x00000000d4f00000|  0%| F|  |TAMS 0x00000000d4e00000| PB 0x00000000d4e00000| Untracked 
| 335|0x00000000d4f00000, 0x00000000d4f00000, 0x00000000d5000000|  0%| F|  |TAMS 0x00000000d4f00000| PB 0x00000000d4f00000| Untracked 
| 336|0x00000000d5000000, 0x00000000d5000000, 0x00000000d5100000|  0%| F|  |TAMS 0x00000000d5000000| PB 0x00000000d5000000| Untracked 
| 337|0x00000000d5100000, 0x00000000d5100000, 0x00000000d5200000|  0%| F|  |TAMS 0x00000000d5100000| PB 0x00000000d5100000| Untracked 
| 338|0x00000000d5200000, 0x00000000d5200000, 0x00000000d5300000|  0%| F|  |TAMS 0x00000000d5200000| PB 0x00000000d5200000| Untracked 
| 339|0x00000000d5300000, 0x00000000d5300000, 0x00000000d5400000|  0%| F|  |TAMS 0x00000000d5300000| PB 0x00000000d5300000| Untracked 
| 340|0x00000000d5400000, 0x00000000d5400000, 0x00000000d5500000|  0%| F|  |TAMS 0x00000000d5400000| PB 0x00000000d5400000| Untracked 
| 341|0x00000000d5500000, 0x00000000d5500000, 0x00000000d5600000|  0%| F|  |TAMS 0x00000000d5500000| PB 0x00000000d5500000| Untracked 
| 342|0x00000000d5600000, 0x00000000d5600000, 0x00000000d5700000|  0%| F|  |TAMS 0x00000000d5600000| PB 0x00000000d5600000| Untracked 
| 343|0x00000000d5700000, 0x00000000d5700000, 0x00000000d5800000|  0%| F|  |TAMS 0x00000000d5700000| PB 0x00000000d5700000| Untracked 
| 344|0x00000000d5800000, 0x00000000d5800000, 0x00000000d5900000|  0%| F|  |TAMS 0x00000000d5800000| PB 0x00000000d5800000| Untracked 
| 345|0x00000000d5900000, 0x00000000d5900000, 0x00000000d5a00000|  0%| F|  |TAMS 0x00000000d5900000| PB 0x00000000d5900000| Untracked 
| 346|0x00000000d5a00000, 0x00000000d5a00000, 0x00000000d5b00000|  0%| F|  |TAMS 0x00000000d5a00000| PB 0x00000000d5a00000| Untracked 
| 347|0x00000000d5b00000, 0x00000000d5b00000, 0x00000000d5c00000|  0%| F|  |TAMS 0x00000000d5b00000| PB 0x00000000d5b00000| Untracked 
| 348|0x00000000d5c00000, 0x00000000d5c00000, 0x00000000d5d00000|  0%| F|  |TAMS 0x00000000d5c00000| PB 0x00000000d5c00000| Untracked 
| 349|0x00000000d5d00000, 0x00000000d5d00000, 0x00000000d5e00000|  0%| F|  |TAMS 0x00000000d5d00000| PB 0x00000000d5d00000| Untracked 
| 350|0x00000000d5e00000, 0x00000000d5e00000, 0x00000000d5f00000|  0%| F|  |TAMS 0x00000000d5e00000| PB 0x00000000d5e00000| Untracked 
| 351|0x00000000d5f00000, 0x00000000d5f00000, 0x00000000d6000000|  0%| F|  |TAMS 0x00000000d5f00000| PB 0x00000000d5f00000| Untracked 
| 352|0x00000000d6000000, 0x00000000d6000000, 0x00000000d6100000|  0%| F|  |TAMS 0x00000000d6000000| PB 0x00000000d6000000| Untracked 
| 353|0x00000000d6100000, 0x00000000d6100000, 0x00000000d6200000|  0%| F|  |TAMS 0x00000000d6100000| PB 0x00000000d6100000| Untracked 
| 354|0x00000000d6200000, 0x00000000d6200000, 0x00000000d6300000|  0%| F|  |TAMS 0x00000000d6200000| PB 0x00000000d6200000| Untracked 
| 355|0x00000000d6300000, 0x00000000d6300000, 0x00000000d6400000|  0%| F|  |TAMS 0x00000000d6300000| PB 0x00000000d6300000| Untracked 
| 356|0x00000000d6400000, 0x00000000d6400000, 0x00000000d6500000|  0%| F|  |TAMS 0x00000000d6400000| PB 0x00000000d6400000| Untracked 
| 357|0x00000000d6500000, 0x00000000d6500000, 0x00000000d6600000|  0%| F|  |TAMS 0x00000000d6500000| PB 0x00000000d6500000| Untracked 
| 358|0x00000000d6600000, 0x00000000d6600000, 0x00000000d6700000|  0%| F|  |TAMS 0x00000000d6600000| PB 0x00000000d6600000| Untracked 
| 359|0x00000000d6700000, 0x00000000d6700000, 0x00000000d6800000|  0%| F|  |TAMS 0x00000000d6700000| PB 0x00000000d6700000| Untracked 
| 360|0x00000000d6800000, 0x00000000d6800000, 0x00000000d6900000|  0%| F|  |TAMS 0x00000000d6800000| PB 0x00000000d6800000| Untracked 
| 361|0x00000000d6900000, 0x00000000d6900000, 0x00000000d6a00000|  0%| F|  |TAMS 0x00000000d6900000| PB 0x00000000d6900000| Untracked 
| 362|0x00000000d6a00000, 0x00000000d6a00000, 0x00000000d6b00000|  0%| F|  |TAMS 0x00000000d6a00000| PB 0x00000000d6a00000| Untracked 
| 363|0x00000000d6b00000, 0x00000000d6b00000, 0x00000000d6c00000|  0%| F|  |TAMS 0x00000000d6b00000| PB 0x00000000d6b00000| Untracked 
| 364|0x00000000d6c00000, 0x00000000d6c00000, 0x00000000d6d00000|  0%| F|  |TAMS 0x00000000d6c00000| PB 0x00000000d6c00000| Untracked 
| 365|0x00000000d6d00000, 0x00000000d6d00000, 0x00000000d6e00000|  0%| F|  |TAMS 0x00000000d6d00000| PB 0x00000000d6d00000| Untracked 
| 366|0x00000000d6e00000, 0x00000000d6e00000, 0x00000000d6f00000|  0%| F|  |TAMS 0x00000000d6e00000| PB 0x00000000d6e00000| Untracked 
| 367|0x00000000d6f00000, 0x00000000d6f00000, 0x00000000d7000000|  0%| F|  |TAMS 0x00000000d6f00000| PB 0x00000000d6f00000| Untracked 
| 368|0x00000000d7000000, 0x00000000d7000000, 0x00000000d7100000|  0%| F|  |TAMS 0x00000000d7000000| PB 0x00000000d7000000| Untracked 
| 369|0x00000000d7100000, 0x00000000d7100000, 0x00000000d7200000|  0%| F|  |TAMS 0x00000000d7100000| PB 0x00000000d7100000| Untracked 
| 370|0x00000000d7200000, 0x00000000d7200000, 0x00000000d7300000|  0%| F|  |TAMS 0x00000000d7200000| PB 0x00000000d7200000| Untracked 
| 371|0x00000000d7300000, 0x00000000d7300000, 0x00000000d7400000|  0%| F|  |TAMS 0x00000000d7300000| PB 0x00000000d7300000| Untracked 
| 372|0x00000000d7400000, 0x00000000d7400000, 0x00000000d7500000|  0%| F|  |TAMS 0x00000000d7400000| PB 0x00000000d7400000| Untracked 
| 373|0x00000000d7500000, 0x00000000d7500000, 0x00000000d7600000|  0%| F|  |TAMS 0x00000000d7500000| PB 0x00000000d7500000| Untracked 
| 374|0x00000000d7600000, 0x00000000d7600000, 0x00000000d7700000|  0%| F|  |TAMS 0x00000000d7600000| PB 0x00000000d7600000| Untracked 
| 375|0x00000000d7700000, 0x00000000d7700000, 0x00000000d7800000|  0%| F|  |TAMS 0x00000000d7700000| PB 0x00000000d7700000| Untracked 
| 376|0x00000000d7800000, 0x00000000d7800000, 0x00000000d7900000|  0%| F|  |TAMS 0x00000000d7800000| PB 0x00000000d7800000| Untracked 
| 377|0x00000000d7900000, 0x00000000d7900000, 0x00000000d7a00000|  0%| F|  |TAMS 0x00000000d7900000| PB 0x00000000d7900000| Untracked 
| 378|0x00000000d7a00000, 0x00000000d7a00000, 0x00000000d7b00000|  0%| F|  |TAMS 0x00000000d7a00000| PB 0x00000000d7a00000| Untracked 
| 379|0x00000000d7b00000, 0x00000000d7b00000, 0x00000000d7c00000|  0%| F|  |TAMS 0x00000000d7b00000| PB 0x00000000d7b00000| Untracked 
| 380|0x00000000d7c00000, 0x00000000d7c00000, 0x00000000d7d00000|  0%| F|  |TAMS 0x00000000d7c00000| PB 0x00000000d7c00000| Untracked 
| 381|0x00000000d7d00000, 0x00000000d7d00000, 0x00000000d7e00000|  0%| F|  |TAMS 0x00000000d7d00000| PB 0x00000000d7d00000| Untracked 
| 382|0x00000000d7e00000, 0x00000000d7e00000, 0x00000000d7f00000|  0%| F|  |TAMS 0x00000000d7e00000| PB 0x00000000d7e00000| Untracked 
| 383|0x00000000d7f00000, 0x00000000d7f00000, 0x00000000d8000000|  0%| F|  |TAMS 0x00000000d7f00000| PB 0x00000000d7f00000| Untracked 
| 384|0x00000000d8000000, 0x00000000d8000000, 0x00000000d8100000|  0%| F|  |TAMS 0x00000000d8000000| PB 0x00000000d8000000| Untracked 
| 385|0x00000000d8100000, 0x00000000d8100000, 0x00000000d8200000|  0%| F|  |TAMS 0x00000000d8100000| PB 0x00000000d8100000| Untracked 
| 386|0x00000000d8200000, 0x00000000d8200000, 0x00000000d8300000|  0%| F|  |TAMS 0x00000000d8200000| PB 0x00000000d8200000| Untracked 
| 387|0x00000000d8300000, 0x00000000d8300000, 0x00000000d8400000|  0%| F|  |TAMS 0x00000000d8300000| PB 0x00000000d8300000| Untracked 
| 388|0x00000000d8400000, 0x00000000d8400000, 0x00000000d8500000|  0%| F|  |TAMS 0x00000000d8400000| PB 0x00000000d8400000| Untracked 
| 389|0x00000000d8500000, 0x00000000d8500000, 0x00000000d8600000|  0%| F|  |TAMS 0x00000000d8500000| PB 0x00000000d8500000| Untracked 
| 390|0x00000000d8600000, 0x00000000d8600000, 0x00000000d8700000|  0%| F|  |TAMS 0x00000000d8600000| PB 0x00000000d8600000| Untracked 
| 391|0x00000000d8700000, 0x00000000d8700000, 0x00000000d8800000|  0%| F|  |TAMS 0x00000000d8700000| PB 0x00000000d8700000| Untracked 
| 392|0x00000000d8800000, 0x00000000d8800000, 0x00000000d8900000|  0%| F|  |TAMS 0x00000000d8800000| PB 0x00000000d8800000| Untracked 
| 393|0x00000000d8900000, 0x00000000d8900000, 0x00000000d8a00000|  0%| F|  |TAMS 0x00000000d8900000| PB 0x00000000d8900000| Untracked 
| 394|0x00000000d8a00000, 0x00000000d8a00000, 0x00000000d8b00000|  0%| F|  |TAMS 0x00000000d8a00000| PB 0x00000000d8a00000| Untracked 
| 395|0x00000000d8b00000, 0x00000000d8b00000, 0x00000000d8c00000|  0%| F|  |TAMS 0x00000000d8b00000| PB 0x00000000d8b00000| Untracked 
| 396|0x00000000d8c00000, 0x00000000d8c00000, 0x00000000d8d00000|  0%| F|  |TAMS 0x00000000d8c00000| PB 0x00000000d8c00000| Untracked 
| 397|0x00000000d8d00000, 0x00000000d8d00000, 0x00000000d8e00000|  0%| F|  |TAMS 0x00000000d8d00000| PB 0x00000000d8d00000| Untracked 
| 398|0x00000000d8e00000, 0x00000000d8e00000, 0x00000000d8f00000|  0%| F|  |TAMS 0x00000000d8e00000| PB 0x00000000d8e00000| Untracked 
| 399|0x00000000d8f00000, 0x00000000d8f00000, 0x00000000d9000000|  0%| F|  |TAMS 0x00000000d8f00000| PB 0x00000000d8f00000| Untracked 
| 400|0x00000000d9000000, 0x00000000d9000000, 0x00000000d9100000|  0%| F|  |TAMS 0x00000000d9000000| PB 0x00000000d9000000| Untracked 
| 401|0x00000000d9100000, 0x00000000d9100000, 0x00000000d9200000|  0%| F|  |TAMS 0x00000000d9100000| PB 0x00000000d9100000| Untracked 
| 402|0x00000000d9200000, 0x00000000d9200000, 0x00000000d9300000|  0%| F|  |TAMS 0x00000000d9200000| PB 0x00000000d9200000| Untracked 
| 403|0x00000000d9300000, 0x00000000d9300000, 0x00000000d9400000|  0%| F|  |TAMS 0x00000000d9300000| PB 0x00000000d9300000| Untracked 
| 404|0x00000000d9400000, 0x00000000d9400000, 0x00000000d9500000|  0%| F|  |TAMS 0x00000000d9400000| PB 0x00000000d9400000| Untracked 
| 405|0x00000000d9500000, 0x00000000d9500000, 0x00000000d9600000|  0%| F|  |TAMS 0x00000000d9500000| PB 0x00000000d9500000| Untracked 
| 406|0x00000000d9600000, 0x00000000d9600000, 0x00000000d9700000|  0%| F|  |TAMS 0x00000000d9600000| PB 0x00000000d9600000| Untracked 
| 407|0x00000000d9700000, 0x00000000d9700000, 0x00000000d9800000|  0%| F|  |TAMS 0x00000000d9700000| PB 0x00000000d9700000| Untracked 
| 408|0x00000000d9800000, 0x00000000d9800000, 0x00000000d9900000|  0%| F|  |TAMS 0x00000000d9800000| PB 0x00000000d9800000| Untracked 
| 409|0x00000000d9900000, 0x00000000d9900000, 0x00000000d9a00000|  0%| F|  |TAMS 0x00000000d9900000| PB 0x00000000d9900000| Untracked 
| 410|0x00000000d9a00000, 0x00000000d9a00000, 0x00000000d9b00000|  0%| F|  |TAMS 0x00000000d9a00000| PB 0x00000000d9a00000| Untracked 
| 411|0x00000000d9b00000, 0x00000000d9b00000, 0x00000000d9c00000|  0%| F|  |TAMS 0x00000000d9b00000| PB 0x00000000d9b00000| Untracked 
| 412|0x00000000d9c00000, 0x00000000d9c00000, 0x00000000d9d00000|  0%| F|  |TAMS 0x00000000d9c00000| PB 0x00000000d9c00000| Untracked 
| 413|0x00000000d9d00000, 0x00000000d9d00000, 0x00000000d9e00000|  0%| F|  |TAMS 0x00000000d9d00000| PB 0x00000000d9d00000| Untracked 
| 414|0x00000000d9e00000, 0x00000000d9e00000, 0x00000000d9f00000|  0%| F|  |TAMS 0x00000000d9e00000| PB 0x00000000d9e00000| Untracked 
| 415|0x00000000d9f00000, 0x00000000d9f00000, 0x00000000da000000|  0%| F|  |TAMS 0x00000000d9f00000| PB 0x00000000d9f00000| Untracked 
| 416|0x00000000da000000, 0x00000000da000000, 0x00000000da100000|  0%| F|  |TAMS 0x00000000da000000| PB 0x00000000da000000| Untracked 
| 417|0x00000000da100000, 0x00000000da100000, 0x00000000da200000|  0%| F|  |TAMS 0x00000000da100000| PB 0x00000000da100000| Untracked 
| 418|0x00000000da200000, 0x00000000da200000, 0x00000000da300000|  0%| F|  |TAMS 0x00000000da200000| PB 0x00000000da200000| Untracked 
| 419|0x00000000da300000, 0x00000000da300000, 0x00000000da400000|  0%| F|  |TAMS 0x00000000da300000| PB 0x00000000da300000| Untracked 
| 420|0x00000000da400000, 0x00000000da400000, 0x00000000da500000|  0%| F|  |TAMS 0x00000000da400000| PB 0x00000000da400000| Untracked 
| 421|0x00000000da500000, 0x00000000da500000, 0x00000000da600000|  0%| F|  |TAMS 0x00000000da500000| PB 0x00000000da500000| Untracked 
| 422|0x00000000da600000, 0x00000000da600000, 0x00000000da700000|  0%| F|  |TAMS 0x00000000da600000| PB 0x00000000da600000| Untracked 
| 423|0x00000000da700000, 0x00000000da700000, 0x00000000da800000|  0%| F|  |TAMS 0x00000000da700000| PB 0x00000000da700000| Untracked 
| 424|0x00000000da800000, 0x00000000da800000, 0x00000000da900000|  0%| F|  |TAMS 0x00000000da800000| PB 0x00000000da800000| Untracked 
| 425|0x00000000da900000, 0x00000000da900000, 0x00000000daa00000|  0%| F|  |TAMS 0x00000000da900000| PB 0x00000000da900000| Untracked 
| 426|0x00000000daa00000, 0x00000000daa00000, 0x00000000dab00000|  0%| F|  |TAMS 0x00000000daa00000| PB 0x00000000daa00000| Untracked 
| 427|0x00000000dab00000, 0x00000000dab00000, 0x00000000dac00000|  0%| F|  |TAMS 0x00000000dab00000| PB 0x00000000dab00000| Untracked 
| 428|0x00000000dac00000, 0x00000000dac00000, 0x00000000dad00000|  0%| F|  |TAMS 0x00000000dac00000| PB 0x00000000dac00000| Untracked 
| 429|0x00000000dad00000, 0x00000000dad00000, 0x00000000dae00000|  0%| F|  |TAMS 0x00000000dad00000| PB 0x00000000dad00000| Untracked 
| 430|0x00000000dae00000, 0x00000000dae00000, 0x00000000daf00000|  0%| F|  |TAMS 0x00000000dae00000| PB 0x00000000dae00000| Untracked 
| 431|0x00000000daf00000, 0x00000000daf00000, 0x00000000db000000|  0%| F|  |TAMS 0x00000000daf00000| PB 0x00000000daf00000| Untracked 
| 432|0x00000000db000000, 0x00000000db000000, 0x00000000db100000|  0%| F|  |TAMS 0x00000000db000000| PB 0x00000000db000000| Untracked 
| 433|0x00000000db100000, 0x00000000db100000, 0x00000000db200000|  0%| F|  |TAMS 0x00000000db100000| PB 0x00000000db100000| Untracked 
| 434|0x00000000db200000, 0x00000000db200000, 0x00000000db300000|  0%| F|  |TAMS 0x00000000db200000| PB 0x00000000db200000| Untracked 
| 435|0x00000000db300000, 0x00000000db300000, 0x00000000db400000|  0%| F|  |TAMS 0x00000000db300000| PB 0x00000000db300000| Untracked 
| 436|0x00000000db400000, 0x00000000db400000, 0x00000000db500000|  0%| F|  |TAMS 0x00000000db400000| PB 0x00000000db400000| Untracked 
| 437|0x00000000db500000, 0x00000000db500000, 0x00000000db600000|  0%| F|  |TAMS 0x00000000db500000| PB 0x00000000db500000| Untracked 
| 438|0x00000000db600000, 0x00000000db600000, 0x00000000db700000|  0%| F|  |TAMS 0x00000000db600000| PB 0x00000000db600000| Untracked 
| 439|0x00000000db700000, 0x00000000db700000, 0x00000000db800000|  0%| F|  |TAMS 0x00000000db700000| PB 0x00000000db700000| Untracked 
| 440|0x00000000db800000, 0x00000000db800000, 0x00000000db900000|  0%| F|  |TAMS 0x00000000db800000| PB 0x00000000db800000| Untracked 
| 441|0x00000000db900000, 0x00000000db900000, 0x00000000dba00000|  0%| F|  |TAMS 0x00000000db900000| PB 0x00000000db900000| Untracked 
| 442|0x00000000dba00000, 0x00000000dba00000, 0x00000000dbb00000|  0%| F|  |TAMS 0x00000000dba00000| PB 0x00000000dba00000| Untracked 
| 443|0x00000000dbb00000, 0x00000000dbb00000, 0x00000000dbc00000|  0%| F|  |TAMS 0x00000000dbb00000| PB 0x00000000dbb00000| Untracked 
| 444|0x00000000dbc00000, 0x00000000dbc00000, 0x00000000dbd00000|  0%| F|  |TAMS 0x00000000dbc00000| PB 0x00000000dbc00000| Untracked 
| 445|0x00000000dbd00000, 0x00000000dbd00000, 0x00000000dbe00000|  0%| F|  |TAMS 0x00000000dbd00000| PB 0x00000000dbd00000| Untracked 
| 446|0x00000000dbe00000, 0x00000000dbe00000, 0x00000000dbf00000|  0%| F|  |TAMS 0x00000000dbe00000| PB 0x00000000dbe00000| Untracked 
| 447|0x00000000dbf00000, 0x00000000dbf00000, 0x00000000dc000000|  0%| F|  |TAMS 0x00000000dbf00000| PB 0x00000000dbf00000| Untracked 
| 448|0x00000000dc000000, 0x00000000dc000000, 0x00000000dc100000|  0%| F|  |TAMS 0x00000000dc000000| PB 0x00000000dc000000| Untracked 
| 449|0x00000000dc100000, 0x00000000dc100000, 0x00000000dc200000|  0%| F|  |TAMS 0x00000000dc100000| PB 0x00000000dc100000| Untracked 
| 450|0x00000000dc200000, 0x00000000dc200000, 0x00000000dc300000|  0%| F|  |TAMS 0x00000000dc200000| PB 0x00000000dc200000| Untracked 
| 451|0x00000000dc300000, 0x00000000dc300000, 0x00000000dc400000|  0%| F|  |TAMS 0x00000000dc300000| PB 0x00000000dc300000| Untracked 
| 452|0x00000000dc400000, 0x00000000dc400000, 0x00000000dc500000|  0%| F|  |TAMS 0x00000000dc400000| PB 0x00000000dc400000| Untracked 
| 453|0x00000000dc500000, 0x00000000dc500000, 0x00000000dc600000|  0%| F|  |TAMS 0x00000000dc500000| PB 0x00000000dc500000| Untracked 
| 454|0x00000000dc600000, 0x00000000dc600000, 0x00000000dc700000|  0%| F|  |TAMS 0x00000000dc600000| PB 0x00000000dc600000| Untracked 
| 455|0x00000000dc700000, 0x00000000dc700000, 0x00000000dc800000|  0%| F|  |TAMS 0x00000000dc700000| PB 0x00000000dc700000| Untracked 
| 456|0x00000000dc800000, 0x00000000dc800000, 0x00000000dc900000|  0%| F|  |TAMS 0x00000000dc800000| PB 0x00000000dc800000| Untracked 
| 457|0x00000000dc900000, 0x00000000dc900000, 0x00000000dca00000|  0%| F|  |TAMS 0x00000000dc900000| PB 0x00000000dc900000| Untracked 
| 458|0x00000000dca00000, 0x00000000dca00000, 0x00000000dcb00000|  0%| F|  |TAMS 0x00000000dca00000| PB 0x00000000dca00000| Untracked 
| 459|0x00000000dcb00000, 0x00000000dcb00000, 0x00000000dcc00000|  0%| F|  |TAMS 0x00000000dcb00000| PB 0x00000000dcb00000| Untracked 
| 460|0x00000000dcc00000, 0x00000000dcc00000, 0x00000000dcd00000|  0%| F|  |TAMS 0x00000000dcc00000| PB 0x00000000dcc00000| Untracked 
| 461|0x00000000dcd00000, 0x00000000dcd00000, 0x00000000dce00000|  0%| F|  |TAMS 0x00000000dcd00000| PB 0x00000000dcd00000| Untracked 
| 462|0x00000000dce00000, 0x00000000dce00000, 0x00000000dcf00000|  0%| F|  |TAMS 0x00000000dce00000| PB 0x00000000dce00000| Untracked 
| 463|0x00000000dcf00000, 0x00000000dcf00000, 0x00000000dd000000|  0%| F|  |TAMS 0x00000000dcf00000| PB 0x00000000dcf00000| Untracked 
| 464|0x00000000dd000000, 0x00000000dd000000, 0x00000000dd100000|  0%| F|  |TAMS 0x00000000dd000000| PB 0x00000000dd000000| Untracked 
| 465|0x00000000dd100000, 0x00000000dd100000, 0x00000000dd200000|  0%| F|  |TAMS 0x00000000dd100000| PB 0x00000000dd100000| Untracked 
| 466|0x00000000dd200000, 0x00000000dd200000, 0x00000000dd300000|  0%| F|  |TAMS 0x00000000dd200000| PB 0x00000000dd200000| Untracked 
| 467|0x00000000dd300000, 0x00000000dd300000, 0x00000000dd400000|  0%| F|  |TAMS 0x00000000dd300000| PB 0x00000000dd300000| Untracked 
| 468|0x00000000dd400000, 0x00000000dd400000, 0x00000000dd500000|  0%| F|  |TAMS 0x00000000dd400000| PB 0x00000000dd400000| Untracked 
| 469|0x00000000dd500000, 0x00000000dd500000, 0x00000000dd600000|  0%| F|  |TAMS 0x00000000dd500000| PB 0x00000000dd500000| Untracked 
| 470|0x00000000dd600000, 0x00000000dd600000, 0x00000000dd700000|  0%| F|  |TAMS 0x00000000dd600000| PB 0x00000000dd600000| Untracked 
| 471|0x00000000dd700000, 0x00000000dd700000, 0x00000000dd800000|  0%| F|  |TAMS 0x00000000dd700000| PB 0x00000000dd700000| Untracked 
| 472|0x00000000dd800000, 0x00000000dd800000, 0x00000000dd900000|  0%| F|  |TAMS 0x00000000dd800000| PB 0x00000000dd800000| Untracked 
| 473|0x00000000dd900000, 0x00000000dd900000, 0x00000000dda00000|  0%| F|  |TAMS 0x00000000dd900000| PB 0x00000000dd900000| Untracked 
| 474|0x00000000dda00000, 0x00000000dda00000, 0x00000000ddb00000|  0%| F|  |TAMS 0x00000000dda00000| PB 0x00000000dda00000| Untracked 
| 475|0x00000000ddb00000, 0x00000000ddb00000, 0x00000000ddc00000|  0%| F|  |TAMS 0x00000000ddb00000| PB 0x00000000ddb00000| Untracked 
| 476|0x00000000ddc00000, 0x00000000ddc00000, 0x00000000ddd00000|  0%| F|  |TAMS 0x00000000ddc00000| PB 0x00000000ddc00000| Untracked 
| 477|0x00000000ddd00000, 0x00000000ddd00000, 0x00000000dde00000|  0%| F|  |TAMS 0x00000000ddd00000| PB 0x00000000ddd00000| Untracked 
| 478|0x00000000dde00000, 0x00000000dde00000, 0x00000000ddf00000|  0%| F|  |TAMS 0x00000000dde00000| PB 0x00000000dde00000| Untracked 
| 479|0x00000000ddf00000, 0x00000000ddf00000, 0x00000000de000000|  0%| F|  |TAMS 0x00000000ddf00000| PB 0x00000000ddf00000| Untracked 
| 480|0x00000000de000000, 0x00000000de000000, 0x00000000de100000|  0%| F|  |TAMS 0x00000000de000000| PB 0x00000000de000000| Untracked 
| 481|0x00000000de100000, 0x00000000de100000, 0x00000000de200000|  0%| F|  |TAMS 0x00000000de100000| PB 0x00000000de100000| Untracked 
| 482|0x00000000de200000, 0x00000000de200000, 0x00000000de300000|  0%| F|  |TAMS 0x00000000de200000| PB 0x00000000de200000| Untracked 
| 483|0x00000000de300000, 0x00000000de300000, 0x00000000de400000|  0%| F|  |TAMS 0x00000000de300000| PB 0x00000000de300000| Untracked 
| 484|0x00000000de400000, 0x00000000de400000, 0x00000000de500000|  0%| F|  |TAMS 0x00000000de400000| PB 0x00000000de400000| Untracked 
| 485|0x00000000de500000, 0x00000000de500000, 0x00000000de600000|  0%| F|  |TAMS 0x00000000de500000| PB 0x00000000de500000| Untracked 
| 486|0x00000000de600000, 0x00000000de600000, 0x00000000de700000|  0%| F|  |TAMS 0x00000000de600000| PB 0x00000000de600000| Untracked 
| 487|0x00000000de700000, 0x00000000de700000, 0x00000000de800000|  0%| F|  |TAMS 0x00000000de700000| PB 0x00000000de700000| Untracked 
| 488|0x00000000de800000, 0x00000000de800000, 0x00000000de900000|  0%| F|  |TAMS 0x00000000de800000| PB 0x00000000de800000| Untracked 
| 489|0x00000000de900000, 0x00000000de900000, 0x00000000dea00000|  0%| F|  |TAMS 0x00000000de900000| PB 0x00000000de900000| Untracked 
| 490|0x00000000dea00000, 0x00000000dea00000, 0x00000000deb00000|  0%| F|  |TAMS 0x00000000dea00000| PB 0x00000000dea00000| Untracked 
| 491|0x00000000deb00000, 0x00000000deb00000, 0x00000000dec00000|  0%| F|  |TAMS 0x00000000deb00000| PB 0x00000000deb00000| Untracked 
| 492|0x00000000dec00000, 0x00000000dec00000, 0x00000000ded00000|  0%| F|  |TAMS 0x00000000dec00000| PB 0x00000000dec00000| Untracked 
| 493|0x00000000ded00000, 0x00000000ded00000, 0x00000000dee00000|  0%| F|  |TAMS 0x00000000ded00000| PB 0x00000000ded00000| Untracked 
| 494|0x00000000dee00000, 0x00000000dee00000, 0x00000000def00000|  0%| F|  |TAMS 0x00000000dee00000| PB 0x00000000dee00000| Untracked 
| 495|0x00000000def00000, 0x00000000def00000, 0x00000000df000000|  0%| F|  |TAMS 0x00000000def00000| PB 0x00000000def00000| Untracked 
| 496|0x00000000df000000, 0x00000000df000000, 0x00000000df100000|  0%| F|  |TAMS 0x00000000df000000| PB 0x00000000df000000| Untracked 
| 497|0x00000000df100000, 0x00000000df100000, 0x00000000df200000|  0%| F|  |TAMS 0x00000000df100000| PB 0x00000000df100000| Untracked 
| 498|0x00000000df200000, 0x00000000df200000, 0x00000000df300000|  0%| F|  |TAMS 0x00000000df200000| PB 0x00000000df200000| Untracked 
| 499|0x00000000df300000, 0x00000000df300000, 0x00000000df400000|  0%| F|  |TAMS 0x00000000df300000| PB 0x00000000df300000| Untracked 
| 500|0x00000000df400000, 0x00000000df400000, 0x00000000df500000|  0%| F|  |TAMS 0x00000000df400000| PB 0x00000000df400000| Untracked 
| 501|0x00000000df500000, 0x00000000df500000, 0x00000000df600000|  0%| F|  |TAMS 0x00000000df500000| PB 0x00000000df500000| Untracked 
| 502|0x00000000df600000, 0x00000000df600000, 0x00000000df700000|  0%| F|  |TAMS 0x00000000df600000| PB 0x00000000df600000| Untracked 
| 503|0x00000000df700000, 0x00000000df700000, 0x00000000df800000|  0%| F|  |TAMS 0x00000000df700000| PB 0x00000000df700000| Untracked 
| 504|0x00000000df800000, 0x00000000df800000, 0x00000000df900000|  0%| F|  |TAMS 0x00000000df800000| PB 0x00000000df800000| Untracked 
| 505|0x00000000df900000, 0x00000000df900000, 0x00000000dfa00000|  0%| F|  |TAMS 0x00000000df900000| PB 0x00000000df900000| Untracked 
| 506|0x00000000dfa00000, 0x00000000dfa00000, 0x00000000dfb00000|  0%| F|  |TAMS 0x00000000dfa00000| PB 0x00000000dfa00000| Untracked 
| 507|0x00000000dfb00000, 0x00000000dfb00000, 0x00000000dfc00000|  0%| F|  |TAMS 0x00000000dfb00000| PB 0x00000000dfb00000| Untracked 
| 508|0x00000000dfc00000, 0x00000000dfc00000, 0x00000000dfd00000|  0%| F|  |TAMS 0x00000000dfc00000| PB 0x00000000dfc00000| Untracked 
| 509|0x00000000dfd00000, 0x00000000dfd00000, 0x00000000dfe00000|  0%| F|  |TAMS 0x00000000dfd00000| PB 0x00000000dfd00000| Untracked 
| 510|0x00000000dfe00000, 0x00000000dfe00000, 0x00000000dff00000|  0%| F|  |TAMS 0x00000000dfe00000| PB 0x00000000dfe00000| Untracked 
| 511|0x00000000dff00000, 0x00000000dff00000, 0x00000000e0000000|  0%| F|  |TAMS 0x00000000dff00000| PB 0x00000000dff00000| Untracked 
| 512|0x00000000e0000000, 0x00000000e0000000, 0x00000000e0100000|  0%| F|  |TAMS 0x00000000e0000000| PB 0x00000000e0000000| Untracked 
| 513|0x00000000e0100000, 0x00000000e0100000, 0x00000000e0200000|  0%| F|  |TAMS 0x00000000e0100000| PB 0x00000000e0100000| Untracked 
| 514|0x00000000e0200000, 0x00000000e0200000, 0x00000000e0300000|  0%| F|  |TAMS 0x00000000e0200000| PB 0x00000000e0200000| Untracked 
| 515|0x00000000e0300000, 0x00000000e0300000, 0x00000000e0400000|  0%| F|  |TAMS 0x00000000e0300000| PB 0x00000000e0300000| Untracked 
| 516|0x00000000e0400000, 0x00000000e0400000, 0x00000000e0500000|  0%| F|  |TAMS 0x00000000e0400000| PB 0x00000000e0400000| Untracked 
| 517|0x00000000e0500000, 0x00000000e0500000, 0x00000000e0600000|  0%| F|  |TAMS 0x00000000e0500000| PB 0x00000000e0500000| Untracked 
| 518|0x00000000e0600000, 0x00000000e0600000, 0x00000000e0700000|  0%| F|  |TAMS 0x00000000e0600000| PB 0x00000000e0600000| Untracked 
| 519|0x00000000e0700000, 0x00000000e0700000, 0x00000000e0800000|  0%| F|  |TAMS 0x00000000e0700000| PB 0x00000000e0700000| Untracked 
| 520|0x00000000e0800000, 0x00000000e0800000, 0x00000000e0900000|  0%| F|  |TAMS 0x00000000e0800000| PB 0x00000000e0800000| Untracked 
| 521|0x00000000e0900000, 0x00000000e0900000, 0x00000000e0a00000|  0%| F|  |TAMS 0x00000000e0900000| PB 0x00000000e0900000| Untracked 
| 522|0x00000000e0a00000, 0x00000000e0a00000, 0x00000000e0b00000|  0%| F|  |TAMS 0x00000000e0a00000| PB 0x00000000e0a00000| Untracked 
| 523|0x00000000e0b00000, 0x00000000e0b00000, 0x00000000e0c00000|  0%| F|  |TAMS 0x00000000e0b00000| PB 0x00000000e0b00000| Untracked 
| 524|0x00000000e0c00000, 0x00000000e0c00000, 0x00000000e0d00000|  0%| F|  |TAMS 0x00000000e0c00000| PB 0x00000000e0c00000| Untracked 
| 525|0x00000000e0d00000, 0x00000000e0d00000, 0x00000000e0e00000|  0%| F|  |TAMS 0x00000000e0d00000| PB 0x00000000e0d00000| Untracked 
| 526|0x00000000e0e00000, 0x00000000e0e00000, 0x00000000e0f00000|  0%| F|  |TAMS 0x00000000e0e00000| PB 0x00000000e0e00000| Untracked 
| 527|0x00000000e0f00000, 0x00000000e0f00000, 0x00000000e1000000|  0%| F|  |TAMS 0x00000000e0f00000| PB 0x00000000e0f00000| Untracked 
| 528|0x00000000e1000000, 0x00000000e1000000, 0x00000000e1100000|  0%| F|  |TAMS 0x00000000e1000000| PB 0x00000000e1000000| Untracked 
| 529|0x00000000e1100000, 0x00000000e1100000, 0x00000000e1200000|  0%| F|  |TAMS 0x00000000e1100000| PB 0x00000000e1100000| Untracked 
| 530|0x00000000e1200000, 0x00000000e1200000, 0x00000000e1300000|  0%| F|  |TAMS 0x00000000e1200000| PB 0x00000000e1200000| Untracked 
| 531|0x00000000e1300000, 0x00000000e1300000, 0x00000000e1400000|  0%| F|  |TAMS 0x00000000e1300000| PB 0x00000000e1300000| Untracked 
| 532|0x00000000e1400000, 0x00000000e1400000, 0x00000000e1500000|  0%| F|  |TAMS 0x00000000e1400000| PB 0x00000000e1400000| Untracked 
| 533|0x00000000e1500000, 0x00000000e1500000, 0x00000000e1600000|  0%| F|  |TAMS 0x00000000e1500000| PB 0x00000000e1500000| Untracked 
| 534|0x00000000e1600000, 0x00000000e1600000, 0x00000000e1700000|  0%| F|  |TAMS 0x00000000e1600000| PB 0x00000000e1600000| Untracked 
| 535|0x00000000e1700000, 0x00000000e1700000, 0x00000000e1800000|  0%| F|  |TAMS 0x00000000e1700000| PB 0x00000000e1700000| Untracked 
| 536|0x00000000e1800000, 0x00000000e1800000, 0x00000000e1900000|  0%| F|  |TAMS 0x00000000e1800000| PB 0x00000000e1800000| Untracked 
| 537|0x00000000e1900000, 0x00000000e1900000, 0x00000000e1a00000|  0%| F|  |TAMS 0x00000000e1900000| PB 0x00000000e1900000| Untracked 
| 538|0x00000000e1a00000, 0x00000000e1a00000, 0x00000000e1b00000|  0%| F|  |TAMS 0x00000000e1a00000| PB 0x00000000e1a00000| Untracked 
| 539|0x00000000e1b00000, 0x00000000e1b00000, 0x00000000e1c00000|  0%| F|  |TAMS 0x00000000e1b00000| PB 0x00000000e1b00000| Untracked 
| 540|0x00000000e1c00000, 0x00000000e1c00000, 0x00000000e1d00000|  0%| F|  |TAMS 0x00000000e1c00000| PB 0x00000000e1c00000| Untracked 
| 541|0x00000000e1d00000, 0x00000000e1d00000, 0x00000000e1e00000|  0%| F|  |TAMS 0x00000000e1d00000| PB 0x00000000e1d00000| Untracked 
| 542|0x00000000e1e00000, 0x00000000e1e00000, 0x00000000e1f00000|  0%| F|  |TAMS 0x00000000e1e00000| PB 0x00000000e1e00000| Untracked 
| 543|0x00000000e1f00000, 0x00000000e1f00000, 0x00000000e2000000|  0%| F|  |TAMS 0x00000000e1f00000| PB 0x00000000e1f00000| Untracked 
| 544|0x00000000e2000000, 0x00000000e2000000, 0x00000000e2100000|  0%| F|  |TAMS 0x00000000e2000000| PB 0x00000000e2000000| Untracked 
| 545|0x00000000e2100000, 0x00000000e2100000, 0x00000000e2200000|  0%| F|  |TAMS 0x00000000e2100000| PB 0x00000000e2100000| Untracked 
| 546|0x00000000e2200000, 0x00000000e2200000, 0x00000000e2300000|  0%| F|  |TAMS 0x00000000e2200000| PB 0x00000000e2200000| Untracked 
| 547|0x00000000e2300000, 0x00000000e2300000, 0x00000000e2400000|  0%| F|  |TAMS 0x00000000e2300000| PB 0x00000000e2300000| Untracked 
| 548|0x00000000e2400000, 0x00000000e2400000, 0x00000000e2500000|  0%| F|  |TAMS 0x00000000e2400000| PB 0x00000000e2400000| Untracked 
| 549|0x00000000e2500000, 0x00000000e2500000, 0x00000000e2600000|  0%| F|  |TAMS 0x00000000e2500000| PB 0x00000000e2500000| Untracked 
| 550|0x00000000e2600000, 0x00000000e2672498, 0x00000000e2700000| 44%| E|  |TAMS 0x00000000e2600000| PB 0x00000000e2600000| Complete 
| 551|0x00000000e2700000, 0x00000000e2800000, 0x00000000e2800000|100%| E|CS|TAMS 0x00000000e2700000| PB 0x00000000e2700000| Complete 
| 552|0x00000000e2800000, 0x00000000e2900000, 0x00000000e2900000|100%| E|CS|TAMS 0x00000000e2800000| PB 0x00000000e2800000| Complete 
| 553|0x00000000e2900000, 0x00000000e2a00000, 0x00000000e2a00000|100%| E|CS|TAMS 0x00000000e2900000| PB 0x00000000e2900000| Complete 
| 554|0x00000000e2a00000, 0x00000000e2b00000, 0x00000000e2b00000|100%| E|CS|TAMS 0x00000000e2a00000| PB 0x00000000e2a00000| Complete 
| 555|0x00000000e2b00000, 0x00000000e2c00000, 0x00000000e2c00000|100%| E|CS|TAMS 0x00000000e2b00000| PB 0x00000000e2b00000| Complete 
| 556|0x00000000e2c00000, 0x00000000e2d00000, 0x00000000e2d00000|100%| E|CS|TAMS 0x00000000e2c00000| PB 0x00000000e2c00000| Complete 
| 557|0x00000000e2d00000, 0x00000000e2e00000, 0x00000000e2e00000|100%| E|  |TAMS 0x00000000e2d00000| PB 0x00000000e2d00000| Complete 
| 558|0x00000000e2e00000, 0x00000000e2f00000, 0x00000000e2f00000|100%| E|CS|TAMS 0x00000000e2e00000| PB 0x00000000e2e00000| Complete 
| 559|0x00000000e2f00000, 0x00000000e3000000, 0x00000000e3000000|100%| E|CS|TAMS 0x00000000e2f00000| PB 0x00000000e2f00000| Complete 
| 560|0x00000000e3000000, 0x00000000e3100000, 0x00000000e3100000|100%| E|CS|TAMS 0x00000000e3000000| PB 0x00000000e3000000| Complete 
| 561|0x00000000e3100000, 0x00000000e3200000, 0x00000000e3200000|100%| E|CS|TAMS 0x00000000e3100000| PB 0x00000000e3100000| Complete 
| 562|0x00000000e3200000, 0x00000000e3300000, 0x00000000e3300000|100%| E|CS|TAMS 0x00000000e3200000| PB 0x00000000e3200000| Complete 
| 563|0x00000000e3300000, 0x00000000e3400000, 0x00000000e3400000|100%| E|CS|TAMS 0x00000000e3300000| PB 0x00000000e3300000| Complete 
| 564|0x00000000e3400000, 0x00000000e3500000, 0x00000000e3500000|100%| E|CS|TAMS 0x00000000e3400000| PB 0x00000000e3400000| Complete 
| 565|0x00000000e3500000, 0x00000000e3600000, 0x00000000e3600000|100%| E|CS|TAMS 0x00000000e3500000| PB 0x00000000e3500000| Complete 
| 566|0x00000000e3600000, 0x00000000e3700000, 0x00000000e3700000|100%| E|CS|TAMS 0x00000000e3600000| PB 0x00000000e3600000| Complete 
| 567|0x00000000e3700000, 0x00000000e3800000, 0x00000000e3800000|100%| E|CS|TAMS 0x00000000e3700000| PB 0x00000000e3700000| Complete 
| 568|0x00000000e3800000, 0x00000000e3900000, 0x00000000e3900000|100%| E|CS|TAMS 0x00000000e3800000| PB 0x00000000e3800000| Complete 
| 569|0x00000000e3900000, 0x00000000e3a00000, 0x00000000e3a00000|100%| E|CS|TAMS 0x00000000e3900000| PB 0x00000000e3900000| Complete 
| 570|0x00000000e3a00000, 0x00000000e3b00000, 0x00000000e3b00000|100%| E|CS|TAMS 0x00000000e3a00000| PB 0x00000000e3a00000| Complete 
| 571|0x00000000e3b00000, 0x00000000e3c00000, 0x00000000e3c00000|100%| E|CS|TAMS 0x00000000e3b00000| PB 0x00000000e3b00000| Complete 
| 572|0x00000000e3c00000, 0x00000000e3d00000, 0x00000000e3d00000|100%| E|CS|TAMS 0x00000000e3c00000| PB 0x00000000e3c00000| Complete 
| 573|0x00000000e3d00000, 0x00000000e3e00000, 0x00000000e3e00000|100%| E|CS|TAMS 0x00000000e3d00000| PB 0x00000000e3d00000| Complete 
| 574|0x00000000e3e00000, 0x00000000e3f00000, 0x00000000e3f00000|100%| E|CS|TAMS 0x00000000e3e00000| PB 0x00000000e3e00000| Complete 
| 575|0x00000000e3f00000, 0x00000000e4000000, 0x00000000e4000000|100%| E|CS|TAMS 0x00000000e3f00000| PB 0x00000000e3f00000| Complete 
| 576|0x00000000e4000000, 0x00000000e4100000, 0x00000000e4100000|100%| E|CS|TAMS 0x00000000e4000000| PB 0x00000000e4000000| Complete 
| 577|0x00000000e4100000, 0x00000000e4200000, 0x00000000e4200000|100%| E|CS|TAMS 0x00000000e4100000| PB 0x00000000e4100000| Complete 
| 578|0x00000000e4200000, 0x00000000e4300000, 0x00000000e4300000|100%| E|CS|TAMS 0x00000000e4200000| PB 0x00000000e4200000| Complete 
| 579|0x00000000e4300000, 0x00000000e4400000, 0x00000000e4400000|100%| E|CS|TAMS 0x00000000e4300000| PB 0x00000000e4300000| Complete 
| 580|0x00000000e4400000, 0x00000000e4500000, 0x00000000e4500000|100%| E|CS|TAMS 0x00000000e4400000| PB 0x00000000e4400000| Complete 
| 581|0x00000000e4500000, 0x00000000e4600000, 0x00000000e4600000|100%| E|CS|TAMS 0x00000000e4500000| PB 0x00000000e4500000| Complete 
| 582|0x00000000e4600000, 0x00000000e4700000, 0x00000000e4700000|100%| E|CS|TAMS 0x00000000e4600000| PB 0x00000000e4600000| Complete 
| 583|0x00000000e4700000, 0x00000000e4800000, 0x00000000e4800000|100%| E|CS|TAMS 0x00000000e4700000| PB 0x00000000e4700000| Complete 
| 584|0x00000000e4800000, 0x00000000e4900000, 0x00000000e4900000|100%| E|CS|TAMS 0x00000000e4800000| PB 0x00000000e4800000| Complete 
| 585|0x00000000e4900000, 0x00000000e4a00000, 0x00000000e4a00000|100%| E|CS|TAMS 0x00000000e4900000| PB 0x00000000e4900000| Complete 
| 586|0x00000000e4a00000, 0x00000000e4b00000, 0x00000000e4b00000|100%| E|CS|TAMS 0x00000000e4a00000| PB 0x00000000e4a00000| Complete 
| 587|0x00000000e4b00000, 0x00000000e4c00000, 0x00000000e4c00000|100%| E|CS|TAMS 0x00000000e4b00000| PB 0x00000000e4b00000| Complete 
| 588|0x00000000e4c00000, 0x00000000e4d00000, 0x00000000e4d00000|100%| E|CS|TAMS 0x00000000e4c00000| PB 0x00000000e4c00000| Complete 
| 589|0x00000000e4d00000, 0x00000000e4e00000, 0x00000000e4e00000|100%| E|CS|TAMS 0x00000000e4d00000| PB 0x00000000e4d00000| Complete 
| 590|0x00000000e4e00000, 0x00000000e4f00000, 0x00000000e4f00000|100%| E|CS|TAMS 0x00000000e4e00000| PB 0x00000000e4e00000| Complete 
| 591|0x00000000e4f00000, 0x00000000e5000000, 0x00000000e5000000|100%| E|CS|TAMS 0x00000000e4f00000| PB 0x00000000e4f00000| Complete 
| 592|0x00000000e5000000, 0x00000000e5100000, 0x00000000e5100000|100%| E|CS|TAMS 0x00000000e5000000| PB 0x00000000e5000000| Complete 
| 593|0x00000000e5100000, 0x00000000e5200000, 0x00000000e5200000|100%| E|CS|TAMS 0x00000000e5100000| PB 0x00000000e5100000| Complete 
| 594|0x00000000e5200000, 0x00000000e5300000, 0x00000000e5300000|100%| E|CS|TAMS 0x00000000e5200000| PB 0x00000000e5200000| Complete 
| 595|0x00000000e5300000, 0x00000000e5400000, 0x00000000e5400000|100%| E|CS|TAMS 0x00000000e5300000| PB 0x00000000e5300000| Complete 
| 596|0x00000000e5400000, 0x00000000e5500000, 0x00000000e5500000|100%| E|CS|TAMS 0x00000000e5400000| PB 0x00000000e5400000| Complete 
| 597|0x00000000e5500000, 0x00000000e5600000, 0x00000000e5600000|100%| S|CS|TAMS 0x00000000e5500000| PB 0x00000000e5500000| Complete 
| 598|0x00000000e5600000, 0x00000000e5700000, 0x00000000e5700000|100%| S|CS|TAMS 0x00000000e5600000| PB 0x00000000e5600000| Complete 
| 599|0x00000000e5700000, 0x00000000e5800000, 0x00000000e5800000|100%| S|CS|TAMS 0x00000000e5700000| PB 0x00000000e5700000| Complete 
| 600|0x00000000e5800000, 0x00000000e5900000, 0x00000000e5900000|100%| S|CS|TAMS 0x00000000e5800000| PB 0x00000000e5800000| Complete 
| 601|0x00000000e5900000, 0x00000000e5a00000, 0x00000000e5a00000|100%| E|CS|TAMS 0x00000000e5900000| PB 0x00000000e5900000| Complete 
| 602|0x00000000e5a00000, 0x00000000e5b00000, 0x00000000e5b00000|100%| E|CS|TAMS 0x00000000e5a00000| PB 0x00000000e5a00000| Complete 
| 603|0x00000000e5b00000, 0x00000000e5c00000, 0x00000000e5c00000|100%| E|CS|TAMS 0x00000000e5b00000| PB 0x00000000e5b00000| Complete 
| 604|0x00000000e5c00000, 0x00000000e5d00000, 0x00000000e5d00000|100%| E|CS|TAMS 0x00000000e5c00000| PB 0x00000000e5c00000| Complete 
| 605|0x00000000e5d00000, 0x00000000e5e00000, 0x00000000e5e00000|100%| E|CS|TAMS 0x00000000e5d00000| PB 0x00000000e5d00000| Complete 
| 606|0x00000000e5e00000, 0x00000000e5f00000, 0x00000000e5f00000|100%| E|CS|TAMS 0x00000000e5e00000| PB 0x00000000e5e00000| Complete 
| 607|0x00000000e5f00000, 0x00000000e6000000, 0x00000000e6000000|100%| E|CS|TAMS 0x00000000e5f00000| PB 0x00000000e5f00000| Complete 
| 608|0x00000000e6000000, 0x00000000e6100000, 0x00000000e6100000|100%| E|CS|TAMS 0x00000000e6000000| PB 0x00000000e6000000| Complete 
| 609|0x00000000e6100000, 0x00000000e6200000, 0x00000000e6200000|100%| E|CS|TAMS 0x00000000e6100000| PB 0x00000000e6100000| Complete 
| 610|0x00000000e6200000, 0x00000000e6300000, 0x00000000e6300000|100%| E|CS|TAMS 0x00000000e6200000| PB 0x00000000e6200000| Complete 
| 611|0x00000000e6300000, 0x00000000e6400000, 0x00000000e6400000|100%| E|CS|TAMS 0x00000000e6300000| PB 0x00000000e6300000| Complete 
| 612|0x00000000e6400000, 0x00000000e6500000, 0x00000000e6500000|100%| E|CS|TAMS 0x00000000e6400000| PB 0x00000000e6400000| Complete 
| 613|0x00000000e6500000, 0x00000000e6600000, 0x00000000e6600000|100%| E|CS|TAMS 0x00000000e6500000| PB 0x00000000e6500000| Complete 
| 614|0x00000000e6600000, 0x00000000e6700000, 0x00000000e6700000|100%| E|CS|TAMS 0x00000000e6600000| PB 0x00000000e6600000| Complete 
| 615|0x00000000e6700000, 0x00000000e6800000, 0x00000000e6800000|100%| E|CS|TAMS 0x00000000e6700000| PB 0x00000000e6700000| Complete 
| 616|0x00000000e6800000, 0x00000000e6900000, 0x00000000e6900000|100%| E|CS|TAMS 0x00000000e6800000| PB 0x00000000e6800000| Complete 
| 617|0x00000000e6900000, 0x00000000e6a00000, 0x00000000e6a00000|100%| E|CS|TAMS 0x00000000e6900000| PB 0x00000000e6900000| Complete 
| 618|0x00000000e6a00000, 0x00000000e6b00000, 0x00000000e6b00000|100%| E|CS|TAMS 0x00000000e6a00000| PB 0x00000000e6a00000| Complete 
| 619|0x00000000e6b00000, 0x00000000e6c00000, 0x00000000e6c00000|100%| E|CS|TAMS 0x00000000e6b00000| PB 0x00000000e6b00000| Complete 
| 620|0x00000000e6c00000, 0x00000000e6d00000, 0x00000000e6d00000|100%| E|CS|TAMS 0x00000000e6c00000| PB 0x00000000e6c00000| Complete 
| 621|0x00000000e6d00000, 0x00000000e6e00000, 0x00000000e6e00000|100%| E|CS|TAMS 0x00000000e6d00000| PB 0x00000000e6d00000| Complete 
| 622|0x00000000e6e00000, 0x00000000e6f00000, 0x00000000e6f00000|100%| E|CS|TAMS 0x00000000e6e00000| PB 0x00000000e6e00000| Complete 
| 623|0x00000000e6f00000, 0x00000000e7000000, 0x00000000e7000000|100%| E|CS|TAMS 0x00000000e6f00000| PB 0x00000000e6f00000| Complete 
| 978|0x00000000fd200000, 0x00000000fd300000, 0x00000000fd300000|100%| O|  |TAMS 0x00000000fd200000| PB 0x00000000fd200000| Untracked 
| 979|0x00000000fd300000, 0x00000000fd400000, 0x00000000fd400000|100%| O|Cm|TAMS 0x00000000fd300000| PB 0x00000000fd300000| Complete 
| 980|0x00000000fd400000, 0x00000000fd500000, 0x00000000fd500000|100%| O|Cm|TAMS 0x00000000fd400000| PB 0x00000000fd400000| Complete 
| 981|0x00000000fd500000, 0x00000000fd600000, 0x00000000fd600000|100%| O|  |TAMS 0x00000000fd500000| PB 0x00000000fd500000| Untracked 
| 982|0x00000000fd600000, 0x00000000fd700000, 0x00000000fd700000|100%| O|Cm|TAMS 0x00000000fd600000| PB 0x00000000fd600000| Complete 
| 983|0x00000000fd700000, 0x00000000fd800000, 0x00000000fd800000|100%| O|Cm|TAMS 0x00000000fd700000| PB 0x00000000fd700000| Complete 
| 984|0x00000000fd800000, 0x00000000fd900000, 0x00000000fd900000|100%| O|  |TAMS 0x00000000fd800000| PB 0x00000000fd800000| Untracked 
| 985|0x00000000fd900000, 0x00000000fda00000, 0x00000000fda00000|100%| O|  |TAMS 0x00000000fd900000| PB 0x00000000fd900000| Untracked 
| 986|0x00000000fda00000, 0x00000000fdb00000, 0x00000000fdb00000|100%| O|  |TAMS 0x00000000fda00000| PB 0x00000000fda00000| Untracked 
| 987|0x00000000fdb00000, 0x00000000fdc00000, 0x00000000fdc00000|100%| O|  |TAMS 0x00000000fdb00000| PB 0x00000000fdb00000| Untracked 
| 988|0x00000000fdc00000, 0x00000000fdd00000, 0x00000000fdd00000|100%| O|  |TAMS 0x00000000fdc00000| PB 0x00000000fdc00000| Untracked 
| 989|0x00000000fdd00000, 0x00000000fde00000, 0x00000000fde00000|100%| O|  |TAMS 0x00000000fdd00000| PB 0x00000000fdd00000| Untracked 
| 990|0x00000000fde00000, 0x00000000fdf00000, 0x00000000fdf00000|100%| O|  |TAMS 0x00000000fde00000| PB 0x00000000fde00000| Untracked 
| 991|0x00000000fdf00000, 0x00000000fe000000, 0x00000000fe000000|100%| O|  |TAMS 0x00000000fdf00000| PB 0x00000000fdf00000| Untracked 
| 992|0x00000000fe000000, 0x00000000fe100000, 0x00000000fe100000|100%| O|  |TAMS 0x00000000fe000000| PB 0x00000000fe000000| Untracked 
| 993|0x00000000fe100000, 0x00000000fe200000, 0x00000000fe200000|100%| O|  |TAMS 0x00000000fe100000| PB 0x00000000fe100000| Untracked 
| 994|0x00000000fe200000, 0x00000000fe300000, 0x00000000fe300000|100%| O|  |TAMS 0x00000000fe200000| PB 0x00000000fe200000| Untracked 
| 995|0x00000000fe300000, 0x00000000fe400000, 0x00000000fe400000|100%| O|  |TAMS 0x00000000fe300000| PB 0x00000000fe300000| Untracked 
| 996|0x00000000fe400000, 0x00000000fe500000, 0x00000000fe500000|100%| O|  |TAMS 0x00000000fe400000| PB 0x00000000fe400000| Untracked 
| 997|0x00000000fe500000, 0x00000000fe600000, 0x00000000fe600000|100%| O|  |TAMS 0x00000000fe500000| PB 0x00000000fe500000| Untracked 
| 998|0x00000000fe600000, 0x00000000fe700000, 0x00000000fe700000|100%| O|  |TAMS 0x00000000fe600000| PB 0x00000000fe600000| Untracked 
| 999|0x00000000fe700000, 0x00000000fe800000, 0x00000000fe800000|100%| O|Cm|TAMS 0x00000000fe700000| PB 0x00000000fe700000| Complete 
|1000|0x00000000fe800000, 0x00000000fe900000, 0x00000000fe900000|100%| O|  |TAMS 0x00000000fe800000| PB 0x00000000fe800000| Untracked 
|1001|0x00000000fe900000, 0x00000000fea00000, 0x00000000fea00000|100%| O|  |TAMS 0x00000000fe900000| PB 0x00000000fe900000| Untracked 
|1002|0x00000000fea00000, 0x00000000feb00000, 0x00000000feb00000|100%| O|  |TAMS 0x00000000fea00000| PB 0x00000000fea00000| Untracked 
|1003|0x00000000feb00000, 0x00000000fec00000, 0x00000000fec00000|100%| O|  |TAMS 0x00000000feb00000| PB 0x00000000feb00000| Untracked 
|1004|0x00000000fec00000, 0x00000000fed00000, 0x00000000fed00000|100%| O|  |TAMS 0x00000000fec00000| PB 0x00000000fec00000| Untracked 
|1005|0x00000000fed00000, 0x00000000fee00000, 0x00000000fee00000|100%| E|CS|TAMS 0x00000000fed00000| PB 0x00000000fed00000| Complete 
|1006|0x00000000fee00000, 0x00000000fef00000, 0x00000000fef00000|100%| E|CS|TAMS 0x00000000fee00000| PB 0x00000000fee00000| Complete 
|1007|0x00000000fef00000, 0x00000000ff000000, 0x00000000ff000000|100%| O|Cm|TAMS 0x00000000fef00000| PB 0x00000000fef00000| Complete 
|1008|0x00000000ff000000, 0x00000000ff100000, 0x00000000ff100000|100%| E|CS|TAMS 0x00000000ff000000| PB 0x00000000ff000000| Complete 
|1009|0x00000000ff100000, 0x00000000ff200000, 0x00000000ff200000|100%| E|CS|TAMS 0x00000000ff100000| PB 0x00000000ff100000| Complete 
|1010|0x00000000ff200000, 0x00000000ff300000, 0x00000000ff300000|100%| E|CS|TAMS 0x00000000ff200000| PB 0x00000000ff200000| Complete 
|1011|0x00000000ff300000, 0x00000000ff400000, 0x00000000ff400000|100%| E|CS|TAMS 0x00000000ff300000| PB 0x00000000ff300000| Complete 
|1012|0x00000000ff400000, 0x00000000ff500000, 0x00000000ff500000|100%| E|CS|TAMS 0x00000000ff400000| PB 0x00000000ff400000| Complete 
|1013|0x00000000ff500000, 0x00000000ff600000, 0x00000000ff600000|100%| E|CS|TAMS 0x00000000ff500000| PB 0x00000000ff500000| Complete 
|1014|0x00000000ff600000, 0x00000000ff700000, 0x00000000ff700000|100%| E|CS|TAMS 0x00000000ff600000| PB 0x00000000ff600000| Complete 
|1015|0x00000000ff700000, 0x00000000ff800000, 0x00000000ff800000|100%| E|CS|TAMS 0x00000000ff700000| PB 0x00000000ff700000| Complete 
|1016|0x00000000ff800000, 0x00000000ff900000, 0x00000000ff900000|100%| E|CS|TAMS 0x00000000ff800000| PB 0x00000000ff800000| Complete 
|1017|0x00000000ff900000, 0x00000000ffa00000, 0x00000000ffa00000|100%| E|CS|TAMS 0x00000000ff900000| PB 0x00000000ff900000| Complete 
|1018|0x00000000ffa00000, 0x00000000ffb00000, 0x00000000ffb00000|100%| E|CS|TAMS 0x00000000ffa00000| PB 0x00000000ffa00000| Complete 
|1019|0x00000000ffb00000, 0x00000000ffc00000, 0x00000000ffc00000|100%| O|  |TAMS 0x00000000ffb00000| PB 0x00000000ffb00000| Untracked 
|1020|0x00000000ffc00000, 0x00000000ffd00000, 0x00000000ffd00000|100%| E|CS|TAMS 0x00000000ffc00000| PB 0x00000000ffc00000| Complete 
|1021|0x00000000ffd00000, 0x00000000ffe00000, 0x00000000ffe00000|100%| E|CS|TAMS 0x00000000ffd00000| PB 0x00000000ffd00000| Complete 
|1022|0x00000000ffe00000, 0x00000000fff00000, 0x00000000fff00000|100%| E|CS|TAMS 0x00000000ffe00000| PB 0x00000000ffe00000| Complete 
|1023|0x00000000fff00000, 0x0000000100000000, 0x0000000100000000|100%| E|CS|TAMS 0x00000000fff00000| PB 0x00000000fff00000| Complete 

Card table byte_map: [0x00000195f6390000,0x00000195f6590000] _byte_map_base: 0x00000195f5d90000

Marking Bits: (CMBitMap*) 0x00000195de777d90
 Bits: [0x00000195f6590000, 0x00000195f7590000)

Polling page: 0x00000195dc560000

Metaspace:

Usage:
  Non-class:     22.87 MB used.
      Class:      3.61 MB used.
       Both:     26.48 MB used.

Virtual space:
  Non-class space:       64.00 MB reserved,      23.12 MB ( 36%) committed,  1 nodes.
      Class space:        1.00 GB reserved,       3.75 MB ( <1%) committed,  1 nodes.
             Both:        1.06 GB reserved,      26.88 MB (  2%) committed. 

Chunk freelists:
   Non-Class:  8.35 MB
       Class:  12.17 MB
        Both:  20.52 MB

MaxMetaspaceSize: unlimited
CompressedClassSpaceSize: 1.00 GB
Initial GC threshold: 21.00 MB
Current GC threshold: 44.69 MB
CDS: on
 - commit_granule_bytes: 65536.
 - commit_granule_words: 8192.
 - virtual_space_node_default_size: 8388608.
 - enlarge_chunks_in_place: 1.
 - use_allocation_guard: 0.


Internal statistics:

num_allocs_failed_limit: 0.
num_arena_births: 582.
num_arena_deaths: 270.
num_vsnodes_births: 2.
num_vsnodes_deaths: 0.
num_space_committed: 430.
num_space_uncommitted: 0.
num_chunks_returned_to_freelist: 391.
num_chunks_taken_from_freelist: 1861.
num_chunk_merges: 151.
num_chunk_splits: 1094.
num_chunks_enlarged: 677.
num_inconsistent_stats: 0.

CodeHeap 'non-profiled nmethods': size=120000Kb used=15106Kb max_used=15220Kb free=104893Kb
 bounds [0x00000195ee930000, 0x00000195ef810000, 0x00000195f5e60000]
CodeHeap 'profiled nmethods': size=120000Kb used=17114Kb max_used=18080Kb free=102885Kb
 bounds [0x00000195e6e60000, 0x00000195e8020000, 0x00000195ee390000]
CodeHeap 'non-nmethods': size=5760Kb used=1361Kb max_used=1471Kb free=4398Kb
 bounds [0x00000195ee390000, 0x00000195ee600000, 0x00000195ee930000]
CodeCache: size=245760Kb, used=33581Kb, max_used=34771Kb, free=212176Kb
 total_blobs=10147, nmethods=9633, adapters=416, full_count=0
Compilation: enabled, stopped_count=0, restarted_count=0

Compilation events (20 events):
Event: 124.631 Thread 0x00000195f9ff9970 14800       3       com.android.tools.r8.internal.yf::b (52 bytes)
Event: 124.631 Thread 0x00000195f9ff9970 nmethod 14800 0x00000195e7dcfb90 code [0x00000195e7dcfd80, 0x00000195e7dd0318]
Event: 124.663 Thread 0x00000195f9ff48f0 nmethod 14773 0x00000195ef2c1710 code [0x00000195ef2c1a80, 0x00000195ef2c37f0]
Event: 124.663 Thread 0x00000195f9ff48f0 14799       4       com.android.tools.r8.graph.z5$$Lambda/0x0000019581371860::compare (16 bytes)
Event: 124.687 Thread 0x00000195f9ff48f0 nmethod 14799 0x00000195ef2c0390 code [0x00000195ef2c05c0, 0x00000195ef2c0c10]
Event: 124.689 Thread 0x00000195f9ff48f0 14805       4       com.android.tools.r8.graph.E0::e (50 bytes)
Event: 124.942 Thread 0x00000195f9ff9970 14808       2       com.android.tools.r8.graph.B2::a (10 bytes)
Event: 124.942 Thread 0x00000195f9ff9970 nmethod 14808 0x00000195e7180710 code [0x00000195e71808c0, 0x00000195e7180a38]
Event: 124.942 Thread 0x00000195f9ff9970 14809       3       com.android.tools.r8.internal.Af::a (86 bytes)
Event: 124.944 Thread 0x00000195f9ff9970 nmethod 14809 0x00000195e7484690 code [0x00000195e74848e0, 0x00000195e7485300]
Event: 124.966 Thread 0x00000195f9ff9970 14812       3       com.android.tools.r8.graph.z5$$Lambda/0x0000019581371d38::applyAsInt (12 bytes)
Event: 124.966 Thread 0x00000195f9ff9970 nmethod 14812 0x00000195e7483f10 code [0x00000195e74840c0, 0x00000195e74842f8]
Event: 126.048 Thread 0x00000195f9ff9970 14816       2       com.android.tools.r8.graph.l1::a (10 bytes)
Event: 126.048 Thread 0x00000195f9ff9970 nmethod 14816 0x00000195e738a310 code [0x00000195e738a4c0, 0x00000195e738a638]
Event: 126.048 Thread 0x00000195f9ff9970 14817       2       com.android.tools.r8.internal.Af::a (91 bytes)
Event: 126.049 Thread 0x00000195f9ff9970 nmethod 14817 0x00000195e7389b90 code [0x00000195e7389da0, 0x00000195e738a0e8]
Event: 126.050 Thread 0x00000195f9ff9970 14818       3       com.android.tools.r8.graph.l1::a (10 bytes)
Event: 126.050 Thread 0x00000195f9ff9970 nmethod 14818 0x00000195e7389610 code [0x00000195e73897c0, 0x00000195e7389a98]
Event: 126.050 Thread 0x00000195f9ff9970 14819       3       com.android.tools.r8.internal.Af::a (91 bytes)
Event: 126.051 Thread 0x00000195f9ff9970 nmethod 14819 0x00000195e7388a90 code [0x00000195e7388cc0, 0x00000195e73893c0]

GC Heap History (20 events):
Event: 100.671 GC heap before
{Heap before GC invocations=101 (full 0):
 garbage-first heap   total 629760K, used 596901K [0x00000000c0000000, 0x0000000100000000)
  region size 1024K, 366 young (374784K), 22 survivors (22528K)
 Metaspace       used 21994K, committed 22272K, reserved 1114112K
  class space    used 2948K, committed 3072K, reserved 1048576K
}
Event: 100.708 GC heap after
{Heap after GC invocations=102 (full 0):
 garbage-first heap   total 629760K, used 245345K [0x00000000c0000000, 0x0000000100000000)
  region size 1024K, 21 young (21504K), 21 survivors (21504K)
 Metaspace       used 21994K, committed 22272K, reserved 1114112K
  class space    used 2948K, committed 3072K, reserved 1048576K
}
Event: 101.345 GC heap before
{Heap before GC invocations=103 (full 0):
 garbage-first heap   total 629760K, used 596577K [0x00000000c0000000, 0x0000000100000000)
  region size 1024K, 364 young (372736K), 21 survivors (21504K)
 Metaspace       used 21999K, committed 22272K, reserved 1114112K
  class space    used 2948K, committed 3072K, reserved 1048576K
}
Event: 101.390 GC heap after
{Heap after GC invocations=104 (full 0):
 garbage-first heap   total 629760K, used 247702K [0x00000000c0000000, 0x0000000100000000)
  region size 1024K, 22 young (22528K), 22 survivors (22528K)
 Metaspace       used 21999K, committed 22272K, reserved 1114112K
  class space    used 2948K, committed 3072K, reserved 1048576K
}
Event: 102.288 GC heap before
{Heap before GC invocations=104 (full 0):
 garbage-first heap   total 629760K, used 596886K [0x00000000c0000000, 0x0000000100000000)
  region size 1024K, 363 young (371712K), 22 survivors (22528K)
 Metaspace       used 22001K, committed 22272K, reserved 1114112K
  class space    used 2948K, committed 3072K, reserved 1048576K
}
Event: 102.348 GC heap after
{Heap after GC invocations=105 (full 0):
 garbage-first heap   total 630784K, used 237568K [0x00000000c0000000, 0x0000000100000000)
  region size 1024K, 22 young (22528K), 22 survivors (22528K)
 Metaspace       used 22001K, committed 22272K, reserved 1114112K
  class space    used 2948K, committed 3072K, reserved 1048576K
}
Event: 103.506 GC heap before
{Heap before GC invocations=105 (full 0):
 garbage-first heap   total 630784K, used 592896K [0x00000000c0000000, 0x0000000100000000)
  region size 1024K, 369 young (377856K), 22 survivors (22528K)
 Metaspace       used 22002K, committed 22272K, reserved 1114112K
  class space    used 2948K, committed 3072K, reserved 1048576K
}
Event: 103.551 GC heap after
{Heap after GC invocations=106 (full 0):
 garbage-first heap   total 630784K, used 241152K [0x00000000c0000000, 0x0000000100000000)
  region size 1024K, 24 young (24576K), 24 survivors (24576K)
 Metaspace       used 22002K, committed 22272K, reserved 1114112K
  class space    used 2948K, committed 3072K, reserved 1048576K
}
Event: 104.994 GC heap before
{Heap before GC invocations=107 (full 0):
 garbage-first heap   total 630784K, used 594432K [0x00000000c0000000, 0x0000000100000000)
  region size 1024K, 369 young (377856K), 24 survivors (24576K)
 Metaspace       used 22010K, committed 22272K, reserved 1114112K
  class space    used 2948K, committed 3072K, reserved 1048576K
}
Event: 105.031 GC heap after
{Heap after GC invocations=108 (full 0):
 garbage-first heap   total 630784K, used 241535K [0x00000000c0000000, 0x0000000100000000)
  region size 1024K, 23 young (23552K), 23 survivors (23552K)
 Metaspace       used 22010K, committed 22272K, reserved 1114112K
  class space    used 2948K, committed 3072K, reserved 1048576K
}
Event: 106.061 GC heap before
{Heap before GC invocations=108 (full 0):
 garbage-first heap   total 630784K, used 595839K [0x00000000c0000000, 0x0000000100000000)
  region size 1024K, 369 young (377856K), 23 survivors (23552K)
 Metaspace       used 22057K, committed 22336K, reserved 1114112K
  class space    used 2957K, committed 3072K, reserved 1048576K
}
Event: 106.122 GC heap after
{Heap after GC invocations=109 (full 0):
 garbage-first heap   total 637952K, used 224583K [0x00000000c0000000, 0x0000000100000000)
  region size 1024K, 23 young (23552K), 23 survivors (23552K)
 Metaspace       used 22057K, committed 22336K, reserved 1114112K
  class space    used 2957K, committed 3072K, reserved 1048576K
}
Event: 107.985 GC heap before
{Heap before GC invocations=109 (full 0):
 garbage-first heap   total 637952K, used 329031K [0x00000000c0000000, 0x0000000100000000)
  region size 1024K, 127 young (130048K), 23 survivors (23552K)
 Metaspace       used 22488K, committed 22784K, reserved 1114112K
  class space    used 3040K, committed 3200K, reserved 1048576K
}
Event: 108.022 GC heap after
{Heap after GC invocations=110 (full 0):
 garbage-first heap   total 637952K, used 224699K [0x00000000c0000000, 0x0000000100000000)
  region size 1024K, 23 young (23552K), 23 survivors (23552K)
 Metaspace       used 22488K, committed 22784K, reserved 1114112K
  class space    used 3040K, committed 3200K, reserved 1048576K
}
Event: 115.056 GC heap before
{Heap before GC invocations=111 (full 0):
 garbage-first heap   total 637952K, used 591291K [0x00000000c0000000, 0x0000000100000000)
  region size 1024K, 373 young (381952K), 23 survivors (23552K)
 Metaspace       used 26350K, committed 26752K, reserved 1114112K
  class space    used 3615K, committed 3776K, reserved 1048576K
}
Event: 115.163 GC heap after
{Heap after GC invocations=112 (full 0):
 garbage-first heap   total 650240K, used 261617K [0x00000000c0000000, 0x0000000100000000)
  region size 1024K, 47 young (48128K), 47 survivors (48128K)
 Metaspace       used 26350K, committed 26752K, reserved 1114112K
  class space    used 3615K, committed 3776K, reserved 1048576K
}
Event: 119.190 GC heap before
{Heap before GC invocations=112 (full 0):
 garbage-first heap   total 650240K, used 602609K [0x00000000c0000000, 0x0000000100000000)
  region size 1024K, 381 young (390144K), 47 survivors (48128K)
 Metaspace       used 26905K, committed 27264K, reserved 1114112K
  class space    used 3685K, committed 3840K, reserved 1048576K
}
Event: 119.311 GC heap after
{Heap after GC invocations=113 (full 0):
 garbage-first heap   total 686080K, used 280064K [0x00000000c0000000, 0x0000000100000000)
  region size 1024K, 31 young (31744K), 31 survivors (31744K)
 Metaspace       used 26905K, committed 27264K, reserved 1114112K
  class space    used 3685K, committed 3840K, reserved 1048576K
}
Event: 120.904 GC heap before
{Heap before GC invocations=113 (full 0):
 garbage-first heap   total 686080K, used 304640K [0x00000000c0000000, 0x0000000100000000)
  region size 1024K, 56 young (57344K), 31 survivors (31744K)
 Metaspace       used 27071K, committed 27456K, reserved 1114112K
  class space    used 3702K, committed 3840K, reserved 1048576K
}
Event: 120.946 GC heap after
{Heap after GC invocations=114 (full 0):
 garbage-first heap   total 686080K, used 284672K [0x00000000c0000000, 0x0000000100000000)
  region size 1024K, 4 young (4096K), 4 survivors (4096K)
 Metaspace       used 27071K, committed 27456K, reserved 1114112K
  class space    used 3702K, committed 3840K, reserved 1048576K
}

Dll operation events (14 events):
Event: 0.034 Attempting to load shared library C:\Program Files\Microsoft\jdk-21.0.12.8-hotspot\bin\java.dll
Event: 0.034 Loaded shared library C:\Program Files\Microsoft\jdk-21.0.12.8-hotspot\bin\java.dll
Event: 0.135 Attempting to load shared library C:\Program Files\Microsoft\jdk-21.0.12.8-hotspot\bin\jsvml.dll
Event: 0.136 Loaded shared library C:\Program Files\Microsoft\jdk-21.0.12.8-hotspot\bin\jsvml.dll
Event: 0.216 Attempting to load shared library C:\Program Files\Microsoft\jdk-21.0.12.8-hotspot\bin\net.dll
Event: 0.219 Loaded shared library C:\Program Files\Microsoft\jdk-21.0.12.8-hotspot\bin\net.dll
Event: 0.224 Attempting to load shared library C:\Program Files\Microsoft\jdk-21.0.12.8-hotspot\bin\nio.dll
Event: 0.226 Loaded shared library C:\Program Files\Microsoft\jdk-21.0.12.8-hotspot\bin\nio.dll
Event: 0.268 Attempting to load shared library C:\Program Files\Microsoft\jdk-21.0.12.8-hotspot\bin\zip.dll
Event: 0.269 Loaded shared library C:\Program Files\Microsoft\jdk-21.0.12.8-hotspot\bin\zip.dll
Event: 0.998 Attempting to load shared library C:\Program Files\Microsoft\jdk-21.0.12.8-hotspot\bin\jimage.dll
Event: 0.998 Loaded shared library C:\Program Files\Microsoft\jdk-21.0.12.8-hotspot\bin\jimage.dll
Event: 6.112 Attempting to load shared library C:\Program Files\Microsoft\jdk-21.0.12.8-hotspot\bin\verify.dll
Event: 6.127 Loaded shared library C:\Program Files\Microsoft\jdk-21.0.12.8-hotspot\bin\verify.dll

Deoptimization events (20 events):
Event: 124.942 Thread 0x00000195fa084bc0 DEOPT PACKING pc=0x00000195ef2c0aa0 sp=0x00000053cfdfed00
Event: 124.942 Thread 0x00000195fa084bc0 DEOPT UNPACKING pc=0x00000195ee3e4422 sp=0x00000053cfdfec58 mode 2
Event: 124.942 Thread 0x00000195fa084bc0 Uncommon trap: trap_request=0xffffffde fr.pc=0x00000195eebe9060 relative=0x00000000000003a0
Event: 124.942 Thread 0x00000195fa084bc0 Uncommon trap: reason=class_check action=maybe_recompile pc=0x00000195eebe9060 method=com.android.tools.r8.internal.Bf.a(Lcom/android/tools/r8/graph/L2;Lcom/android/tools/r8/graph/L2;)I @ 12 c2
Event: 124.942 Thread 0x00000195fa084bc0 DEOPT PACKING pc=0x00000195eebe9060 sp=0x00000053cfdfeb50
Event: 124.942 Thread 0x00000195fa084bc0 DEOPT UNPACKING pc=0x00000195ee3e4422 sp=0x00000053cfdfeb08 mode 2
Event: 124.942 Thread 0x00000195fa084bc0 Uncommon trap: trap_request=0xffffffde fr.pc=0x00000195eebe9060 relative=0x00000000000003a0
Event: 124.942 Thread 0x00000195fa084bc0 Uncommon trap: reason=class_check action=maybe_recompile pc=0x00000195eebe9060 method=com.android.tools.r8.internal.Bf.a(Lcom/android/tools/r8/graph/L2;Lcom/android/tools/r8/graph/L2;)I @ 12 c2
Event: 124.942 Thread 0x00000195fa084bc0 DEOPT PACKING pc=0x00000195eebe9060 sp=0x00000053cfdfeb50
Event: 124.942 Thread 0x00000195fa084bc0 DEOPT UNPACKING pc=0x00000195ee3e4422 sp=0x00000053cfdfeb08 mode 2
Event: 124.942 Thread 0x00000195fa084bc0 Uncommon trap: trap_request=0xffffffde fr.pc=0x00000195eebe9060 relative=0x00000000000003a0
Event: 124.942 Thread 0x00000195fa084bc0 Uncommon trap: reason=class_check action=maybe_recompile pc=0x00000195eebe9060 method=com.android.tools.r8.internal.Bf.a(Lcom/android/tools/r8/graph/L2;Lcom/android/tools/r8/graph/L2;)I @ 12 c2
Event: 124.942 Thread 0x00000195fa084bc0 DEOPT PACKING pc=0x00000195eebe9060 sp=0x00000053cfdfea70
Event: 124.942 Thread 0x00000195fa084bc0 DEOPT UNPACKING pc=0x00000195ee3e4422 sp=0x00000053cfdfea28 mode 2
Event: 124.942 Thread 0x00000195fa084bc0 Uncommon trap: trap_request=0xffffffde fr.pc=0x00000195eebe9060 relative=0x00000000000003a0
Event: 124.942 Thread 0x00000195fa084bc0 Uncommon trap: reason=class_check action=maybe_recompile pc=0x00000195eebe9060 method=com.android.tools.r8.internal.Bf.a(Lcom/android/tools/r8/graph/L2;Lcom/android/tools/r8/graph/L2;)I @ 12 c2
Event: 124.942 Thread 0x00000195fa084bc0 DEOPT PACKING pc=0x00000195eebe9060 sp=0x00000053cfdfeb80
Event: 124.943 Thread 0x00000195fa084bc0 DEOPT UNPACKING pc=0x00000195ee3e4422 sp=0x00000053cfdfeb38 mode 2
Event: 124.969 Thread 0x00000195fa084550 DEOPT PACKING pc=0x00000195e7691ba4 sp=0x00000053cfcfe9a0
Event: 124.969 Thread 0x00000195fa084550 DEOPT UNPACKING pc=0x00000195ee3e4bc2 sp=0x00000053cfcfded0 mode 0

Classes loaded (20 events):
Event: 112.532 Loading class java/io/InputStreamReader
Event: 112.532 Loading class java/io/InputStreamReader done
Event: 112.533 Loading class sun/nio/cs/StreamDecoder
Event: 112.535 Loading class sun/nio/cs/StreamDecoder done
Event: 112.556 Loading class java/lang/InstantiationException
Event: 112.557 Loading class java/lang/InstantiationException done
Event: 116.651 Loading class java/util/stream/SortedOps$SizedRefSortingSink
Event: 116.654 Loading class java/util/stream/SortedOps$SizedRefSortingSink done
Event: 116.680 Loading class java/util/Formatter$FixedString
Event: 116.683 Loading class java/util/Formatter$FixedString done
Event: 116.741 Loading class java/util/concurrent/atomic/AtomicIntegerArray
Event: 116.742 Loading class java/util/concurrent/atomic/AtomicIntegerArray done
Event: 116.744 Loading class java/math/BigDecimal
Event: 116.748 Loading class java/math/BigDecimal done
Event: 116.752 Loading class java/net/URISyntaxException
Event: 116.753 Loading class java/net/URISyntaxException done
Event: 116.759 Loading class java/util/UUID
Event: 116.775 Loading class java/util/UUID done
Event: 116.775 Loading class java/util/Currency
Event: 116.845 Loading class java/util/Currency done

Classes unloaded (20 events):
Event: 121.729 Thread 0x00000195f9fcb5d0 Unloading class 0x0000019581365000 'java/lang/invoke/LambdaForm$MH+0x0000019581365000'
Event: 121.729 Thread 0x00000195f9fcb5d0 Unloading class 0x0000019581364c00 'java/lang/invoke/LambdaForm$MH+0x0000019581364c00'
Event: 121.729 Thread 0x00000195f9fcb5d0 Unloading class 0x0000019581364800 'java/lang/invoke/LambdaForm$MH+0x0000019581364800'
Event: 121.729 Thread 0x00000195f9fcb5d0 Unloading class 0x0000019581363c00 'java/lang/invoke/LambdaForm$MH+0x0000019581363c00'
Event: 121.729 Thread 0x00000195f9fcb5d0 Unloading class 0x0000019581364000 'java/lang/invoke/LambdaForm$MH+0x0000019581364000'
Event: 121.729 Thread 0x00000195f9fcb5d0 Unloading class 0x0000019581363800 'java/lang/invoke/LambdaForm$MH+0x0000019581363800'
Event: 121.729 Thread 0x00000195f9fcb5d0 Unloading class 0x0000019581363000 'java/lang/invoke/LambdaForm$MH+0x0000019581363000'
Event: 121.729 Thread 0x00000195f9fcb5d0 Unloading class 0x0000019581362c00 'java/lang/invoke/LambdaForm$MH+0x0000019581362c00'
Event: 121.729 Thread 0x00000195f9fcb5d0 Unloading class 0x0000019581362800 'java/lang/invoke/LambdaForm$MH+0x0000019581362800'
Event: 121.729 Thread 0x00000195f9fcb5d0 Unloading class 0x0000019581362000 'java/lang/invoke/LambdaForm$MH+0x0000019581362000'
Event: 121.729 Thread 0x00000195f9fcb5d0 Unloading class 0x0000019581362400 'java/lang/invoke/LambdaForm$MH+0x0000019581362400'
Event: 121.729 Thread 0x00000195f9fcb5d0 Unloading class 0x0000019581361c00 'java/lang/invoke/LambdaForm$MH+0x0000019581361c00'
Event: 121.729 Thread 0x00000195f9fcb5d0 Unloading class 0x0000019581361400 'java/lang/invoke/LambdaForm$MH+0x0000019581361400'
Event: 121.729 Thread 0x00000195f9fcb5d0 Unloading class 0x0000019581361000 'java/lang/invoke/LambdaForm$MH+0x0000019581361000'
Event: 121.729 Thread 0x00000195f9fcb5d0 Unloading class 0x0000019581360c00 'java/lang/invoke/LambdaForm$MH+0x0000019581360c00'
Event: 121.729 Thread 0x00000195f9fcb5d0 Unloading class 0x0000019581360800 'java/lang/invoke/LambdaForm$MH+0x0000019581360800'
Event: 121.729 Thread 0x00000195f9fcb5d0 Unloading class 0x0000019581360400 'java/lang/invoke/LambdaForm$MH+0x0000019581360400'
Event: 121.729 Thread 0x00000195f9fcb5d0 Unloading class 0x0000019581360000 'java/lang/invoke/LambdaForm$MH+0x0000019581360000'
Event: 121.729 Thread 0x00000195f9fcb5d0 Unloading class 0x0000019581354800 'java/lang/invoke/LambdaForm$DMH+0x0000019581354800'
Event: 121.729 Thread 0x00000195f9fcb5d0 Unloading class 0x0000019581354400 'java/lang/invoke/LambdaForm$DMH+0x0000019581354400'

Classes redefined (0 events):
No events

Internal exceptions (20 events):
Event: 29.779 Thread 0x00000195fa084550 Exception <a 'java/lang/NoSuchMethodError'{0x00000000dd808818}: 'java.lang.Object java.lang.invoke.Invokers$Holder.linkToTargetMethod(java.lang.Object, java.lang.Object, java.lang.Object, int, java.lang.Object)'> (0x00000000dd808818) 
thrown [s\src\hotspot\share\interpreter\linkResolver.cpp, line 773]
Event: 30.395 Thread 0x00000195fa892370 Exception <a 'java/lang/NoSuchMethodError'{0x00000000dc9fe478}: 'void java.lang.invoke.DirectMethodHandle$Holder.invokeStatic(java.lang.Object, java.lang.Object, java.lang.Object, java.lang.Object, java.lang.Object, java.lang.Object, java.lang.Object)'> (0x00000000dc9fe478) 
thrown [s\src\hotspot\share\interpreter\linkResolver.cpp, line 773]
Event: 30.405 Thread 0x00000195fa085510 Exception <a 'java/lang/NoSuchMethodError'{0x00000000dc4df3f8}: 'void java.lang.invoke.DirectMethodHandle$Holder.invokeStatic(java.lang.Object, java.lang.Object, java.lang.Object, java.lang.Object, java.lang.Object, java.lang.Object, java.lang.Object)'> (0x00000000dc4df3f8) 
thrown [s\src\hotspot\share\interpreter\linkResolver.cpp, line 773]
Event: 38.595 Thread 0x00000195fa084550 Implicit null exception at 0x00000195eedbd368 to 0x00000195eedc1a80
Event: 43.147 Thread 0x00000195ff0fc950 Implicit null exception at 0x00000195eed6a507 to 0x00000195eed6bcf0
Event: 56.370 Thread 0x00000195ff0fc950 Implicit null exception at 0x00000195eedaaa60 to 0x00000195eedad238
Event: 68.078 Thread 0x00000195fa085510 Implicit null exception at 0x00000195eecc02c3 to 0x00000195eecc1a58
Event: 81.889 Thread 0x00000195fa8c6e70 Implicit null exception at 0x00000195ef1870dc to 0x00000195ef187bd0
Event: 106.355 Thread 0x00000195de7416c0 Implicit null exception at 0x00000195ee937f00 to 0x00000195ee938070
Event: 107.629 Thread 0x00000195de7416c0 Implicit null exception at 0x00000195eec6e380 to 0x00000195eec6e4c4
Event: 108.143 Thread 0x00000195de7416c0 Exception <a 'java/lang/NoSuchMethodError'{0x00000000fff80da8}: 'java.lang.Object java.lang.invoke.DirectMethodHandle$Holder.invokeInterface(java.lang.Object, java.lang.Object)'> (0x00000000fff80da8) 
thrown [s\src\hotspot\share\interpreter\linkResolver.cpp, line 773]
Event: 108.654 Thread 0x00000195de7416c0 Exception <a 'java/lang/NoSuchMethodError'{0x00000000ffd5bf68}: 'java.lang.Object java.lang.invoke.DirectMethodHandle$Holder.invokeSpecial(java.lang.Object, java.lang.Object, int, java.lang.Object, java.lang.Object, java.lang.Object)'> (0x00000000ffd5bf68) 
thrown [s\src\hotspot\share\interpreter\linkResolver.cpp, line 773]
Event: 108.656 Thread 0x00000195de7416c0 Exception <a 'java/lang/NoSuchMethodError'{0x00000000ffd5fa60}: 'java.lang.Object java.lang.invoke.Invokers$Holder.linkToTargetMethod(int, java.lang.Object, java.lang.Object, java.lang.Object, java.lang.Object)'> (0x00000000ffd5fa60) 
thrown [s\src\hotspot\share\interpreter\linkResolver.cpp, line 773]
Event: 108.997 Thread 0x00000195de7416c0 Exception <a 'java/lang/NoSuchMethodError'{0x00000000ffcadd90}: 'void java.lang.invoke.DirectMethodHandle$Holder.invokeStatic(java.lang.Object, java.lang.Object, java.lang.Object, java.lang.Object, java.lang.Object, java.lang.Object)'> (0x00000000ffcadd90) 
thrown [s\src\hotspot\share\interpreter\linkResolver.cpp, line 773]
Event: 109.009 Thread 0x00000195de7416c0 Exception <a 'java/lang/NoSuchMethodError'{0x00000000ffcc18f0}: 'void java.lang.invoke.DirectMethodHandle$Holder.invokeSpecial(java.lang.Object, java.lang.Object, java.lang.Object, int, java.lang.Object, java.lang.Object, java.lang.Object, java.lang.Object)'> (0x00000000ffcc18f0) 
thrown [s\src\hotspot\share\interpreter\linkResolver.cpp, line 773]
Event: 109.870 Thread 0x00000195de7416c0 Exception <a 'java/lang/NoSuchMethodError'{0x00000000ff1aa480}: 'void java.lang.invoke.DirectMethodHandle$Holder.invokeStatic(java.lang.Object, java.lang.Object, java.lang.Object, java.lang.Object, java.lang.Object, java.lang.Object, java.lang.Object, java.lang.Object)'> (0x00000000ff1aa480) 
thrown [s\src\hotspot\share\interpreter\linkResolver.cpp, line 773]
Event: 111.791 Thread 0x00000195faa7ade0 Exception <a 'java/lang/NoSuchMethodError'{0x00000000e2ca76d0}: 'java.lang.Object java.lang.invoke.DirectMethodHandle$Holder.invokeStatic(java.lang.Object, java.lang.Object, int, java.lang.Object)'> (0x00000000e2ca76d0) 
thrown [s\src\hotspot\share\interpreter\linkResolver.cpp, line 773]
Event: 111.791 Thread 0x00000195fa084bc0 Exception <a 'java/lang/NoSuchMethodError'{0x00000000e2a058e8}: 'java.lang.Object java.lang.invoke.DirectMethodHandle$Holder.invokeStatic(java.lang.Object, java.lang.Object, int, java.lang.Object)'> (0x00000000e2a058e8) 
thrown [s\src\hotspot\share\interpreter\linkResolver.cpp, line 773]
Event: 111.791 Thread 0x00000195ff0fc950 Exception <a 'java/lang/NoSuchMethodError'{0x00000000e2a85f70}: 'java.lang.Object java.lang.invoke.DirectMethodHandle$Holder.invokeStatic(java.lang.Object, java.lang.Object, int, java.lang.Object)'> (0x00000000e2a85f70) 
thrown [s\src\hotspot\share\interpreter\linkResolver.cpp, line 773]
Event: 112.728 Thread 0x00000195faa7ade0 Exception <a 'java/lang/NoSuchMethodError'{0x00000000e051a868}: 'java.lang.Object java.lang.invoke.DirectMethodHandle$Holder.invokeStatic(java.lang.Object, java.lang.Object, int)'> (0x00000000e051a868) 
thrown [s\src\hotspot\share\interpreter\linkResolver.cpp, line 773]

ZGC Phase Switch (0 events):
No events

VM Operations (20 events):
Event: 120.327 Executing safepoint VM operation: Cleanup
Event: 120.343 Executing safepoint VM operation: Cleanup done
Event: 120.343 Executing non-safepoint VM operation: RendezvousGCThreads
Event: 120.343 Executing non-safepoint VM operation: RendezvousGCThreads done
Event: 120.904 Executing safepoint VM operation: G1TryInitiateConcMark (G1 Humongous Allocation)
Event: 120.946 Executing safepoint VM operation: G1TryInitiateConcMark (G1 Humongous Allocation) done
Event: 121.728 Executing safepoint VM operation: G1PauseRemark
Event: 121.769 Executing safepoint VM operation: G1PauseRemark done
Event: 122.603 Executing safepoint VM operation: G1PauseCleanup
Event: 122.604 Executing safepoint VM operation: G1PauseCleanup done
Event: 123.578 Executing non-safepoint VM operation: HandshakeAllThreads (Deoptimize)
Event: 123.578 Executing non-safepoint VM operation: HandshakeAllThreads (Deoptimize) done
Event: 123.949 Executing non-safepoint VM operation: HandshakeAllThreads (Deoptimize)
Event: 123.949 Executing non-safepoint VM operation: HandshakeAllThreads (Deoptimize) done
Event: 123.950 Executing safepoint VM operation: Cleanup
Event: 123.950 Executing safepoint VM operation: Cleanup done
Event: 124.293 Executing non-safepoint VM operation: HandshakeAllThreads (Deoptimize)
Event: 124.293 Executing non-safepoint VM operation: HandshakeAllThreads (Deoptimize) done
Event: 125.305 Executing safepoint VM operation: Cleanup
Event: 125.305 Executing safepoint VM operation: Cleanup done

Memory protections (0 events):
No events

Nmethod flushes (20 events):
Event: 121.767 Thread 0x00000195f9fcb5d0 flushing  nmethod 0x00000195e7c9fe10
Event: 121.767 Thread 0x00000195f9fcb5d0 flushing  nmethod 0x00000195e7f34790
Event: 121.767 Thread 0x00000195f9fcb5d0 flushing  nmethod 0x00000195eebe8410
Event: 121.767 Thread 0x00000195f9fcb5d0 flushing  nmethod 0x00000195eecf7c10
Event: 121.767 Thread 0x00000195f9fcb5d0 flushing  nmethod 0x00000195eef9df10
Event: 121.767 Thread 0x00000195f9fcb5d0 flushing  nmethod 0x00000195ef1f3f10
Event: 121.767 Thread 0x00000195f9fcb5d0 flushing  nmethod 0x00000195e6fcc610
Event: 121.767 Thread 0x00000195f9fcb5d0 flushing  nmethod 0x00000195e7387710
Event: 121.767 Thread 0x00000195f9fcb5d0 flushing  nmethod 0x00000195e738bd10
Event: 121.767 Thread 0x00000195f9fcb5d0 flushing  nmethod 0x00000195e7397110
Event: 121.767 Thread 0x00000195f9fcb5d0 flushing  nmethod 0x00000195e78f0110
Event: 121.767 Thread 0x00000195f9fcb5d0 flushing  nmethod 0x00000195e79f9790
Event: 121.767 Thread 0x00000195f9fcb5d0 flushing  nmethod 0x00000195e79fa910
Event: 121.767 Thread 0x00000195f9fcb5d0 flushing  nmethod 0x00000195e7a5a890
Event: 121.767 Thread 0x00000195f9fcb5d0 flushing  nmethod 0x00000195e7a98a90
Event: 121.767 Thread 0x00000195f9fcb5d0 flushing  nmethod 0x00000195e7c07f90
Event: 121.767 Thread 0x00000195f9fcb5d0 flushing  nmethod 0x00000195e7c5eb10
Event: 121.767 Thread 0x00000195f9fcb5d0 flushing  nmethod 0x00000195e7e46c10
Event: 121.767 Thread 0x00000195f9fcb5d0 flushing  nmethod 0x00000195e7f85e10
Event: 121.767 Thread 0x00000195f9fcb5d0 flushing  nmethod 0x00000195e7f8df10

Events (20 events):
Event: 106.911 Thread 0x00000195ff3546e0 Thread exited: 0x00000195ff3546e0
Event: 106.911 Thread 0x00000195ff357d60 Thread exited: 0x00000195ff357d60
Event: 107.332 Thread 0x00000195f9ff9970 Thread added: 0x00000195ff355480
Event: 107.443 Thread 0x00000195f9ff9970 Thread added: 0x00000195ff357690
Event: 110.718 Thread 0x00000195ff357690 Thread exited: 0x00000195ff357690
Event: 111.646 Thread 0x00000195ff355480 Thread exited: 0x00000195ff355480
Event: 111.685 Thread 0x00000195f9ff9970 Thread added: 0x00000195ff357690
Event: 111.877 Thread 0x00000195f9ff9970 Thread added: 0x00000195ff3568f0
Event: 112.248 Thread 0x00000195ff3568f0 Thread exited: 0x00000195ff3568f0
Event: 115.696 Thread 0x00000195f9ff9970 Thread added: 0x00000195ff3568f0
Event: 118.330 Thread 0x00000195ff3568f0 Thread exited: 0x00000195ff3568f0
Event: 118.512 Thread 0x00000195ff357690 Thread exited: 0x00000195ff357690
Event: 119.000 Thread 0x00000195f9ff9970 Thread added: 0x00000195ff855c50
Event: 119.497 Thread 0x00000195ff855c50 Thread exited: 0x00000195ff855c50
Event: 119.815 Thread 0x00000195f9ff9970 Thread added: 0x00000195ff854110
Event: 121.124 Thread 0x00000195ff854110 Thread exited: 0x00000195ff854110
Event: 122.208 Thread 0x00000195f9ff9970 Thread added: 0x00000195ff8569f0
Event: 122.786 Thread 0x00000195ff8569f0 Thread exited: 0x00000195ff8569f0
Event: 123.602 Thread 0x00000195f9ff9970 Thread added: 0x00000195ff8569f0
Event: 124.203 Thread 0x00000195ff8569f0 Thread exited: 0x00000195ff8569f0


Dynamic libraries:
0x00007ff7ce9d0000 - 0x00007ff7ce9de000 	C:\Program Files\Microsoft\jdk-21.0.12.8-hotspot\bin\java.exe
0x00007ffff9360000 - 0x00007ffff95c6000 	C:\WINDOWS\SYSTEM32\ntdll.dll
0x00007ffff84e0000 - 0x00007ffff85a9000 	C:\WINDOWS\System32\KERNEL32.DLL
0x00007ffff6790000 - 0x00007ffff6b8f000 	C:\WINDOWS\System32\KERNELBASE.dll
0x00007ffff6570000 - 0x00007ffff66bc000 	C:\WINDOWS\System32\ucrtbase.dll
0x00007fffd7c80000 - 0x00007fffd7c98000 	C:\Program Files\Microsoft\jdk-21.0.12.8-hotspot\bin\jli.dll
0x00007fffd7c50000 - 0x00007fffd7c6e000 	C:\Program Files\Microsoft\jdk-21.0.12.8-hotspot\bin\VCRUNTIME140.dll
0x00007ffff7ae0000 - 0x00007ffff7ca6000 	C:\WINDOWS\System32\USER32.dll
0x00007ffff6ba0000 - 0x00007ffff6bc7000 	C:\WINDOWS\System32\win32u.dll
0x00007fffe19d0000 - 0x00007fffe1c61000 	C:\WINDOWS\WinSxS\amd64_microsoft.windows.common-controls_6595b64144ccf1df_6.0.26100.8972_none_3e0da176e32f9d4b\COMCTL32.dll
0x00007ffff7990000 - 0x00007ffff79bb000 	C:\WINDOWS\System32\GDI32.dll
0x00007ffff6bd0000 - 0x00007ffff6cf9000 	C:\WINDOWS\System32\gdi32full.dll
0x00007ffff6d00000 - 0x00007ffff6da3000 	C:\WINDOWS\System32\msvcp_win.dll
0x00007ffff7e50000 - 0x00007ffff7ef9000 	C:\WINDOWS\System32\msvcrt.dll
0x00007ffff84a0000 - 0x00007ffff84d2000 	C:\WINDOWS\System32\IMM32.DLL
0x00007fffd87d0000 - 0x00007fffd87dc000 	C:\Program Files\Microsoft\jdk-21.0.12.8-hotspot\bin\vcruntime140_1.dll
0x00007fff25430000 - 0x00007fff254b9000 	C:\Program Files\Microsoft\jdk-21.0.12.8-hotspot\bin\msvcp140.dll
0x00007fff09fd0000 - 0x00007fff0ad7f000 	C:\Program Files\Microsoft\jdk-21.0.12.8-hotspot\bin\server\jvm.dll
0x00007ffff7d70000 - 0x00007ffff7e2c000 	C:\WINDOWS\System32\ADVAPI32.dll
0x00007ffff9270000 - 0x00007ffff9319000 	C:\WINDOWS\System32\sechost.dll
0x00007ffff79c0000 - 0x00007ffff7ad8000 	C:\WINDOWS\System32\RPCRT4.dll
0x00007ffff8410000 - 0x00007ffff8492000 	C:\WINDOWS\System32\WS2_32.dll
0x00007ffff63f0000 - 0x00007ffff644e000 	C:\WINDOWS\SYSTEM32\POWRPROF.dll
0x00007fffd9bd0000 - 0x00007fffd9c06000 	C:\WINDOWS\SYSTEM32\WINMM.dll
0x00007fffdda50000 - 0x00007fffdda5b000 	C:\WINDOWS\SYSTEM32\VERSION.dll
0x00007ffff63d0000 - 0x00007ffff63e5000 	C:\WINDOWS\SYSTEM32\UMPDC.dll
0x00007ffff5220000 - 0x00007ffff523b000 	C:\WINDOWS\SYSTEM32\kernel.appcore.dll
0x00007fffd5b00000 - 0x00007fffd5b0a000 	C:\Program Files\Microsoft\jdk-21.0.12.8-hotspot\bin\jimage.dll
0x00007ffff3aa0000 - 0x00007ffff3ce2000 	C:\WINDOWS\SYSTEM32\DBGHELP.DLL
0x00007ffff8e60000 - 0x00007ffff91e5000 	C:\WINDOWS\System32\combase.dll
0x00007ffff82d0000 - 0x00007ffff83a9000 	C:\WINDOWS\System32\OLEAUT32.dll
0x00007fffe2430000 - 0x00007fffe246b000 	C:\WINDOWS\SYSTEM32\dbgcore.DLL
0x00007ffff6e40000 - 0x00007ffff6eec000 	C:\WINDOWS\System32\bcryptPrimitives.dll
0x00007fff7fc80000 - 0x00007fff7fca1000 	C:\Program Files\Microsoft\jdk-21.0.12.8-hotspot\bin\java.dll
0x00007ffff71b0000 - 0x00007ffff7938000 	C:\WINDOWS\System32\SHELL32.dll
0x00007ffff4000000 - 0x00007ffff489b000 	C:\WINDOWS\SYSTEM32\windows.storage.dll
0x00007ffff8d60000 - 0x00007ffff8e59000 	C:\WINDOWS\System32\SHCORE.dll
0x00007ffff85b0000 - 0x00007ffff8616000 	C:\WINDOWS\System32\shlwapi.dll
0x00007ffff6490000 - 0x00007ffff64b9000 	C:\WINDOWS\SYSTEM32\profapi.dll
0x00007fff25350000 - 0x00007fff25426000 	C:\Program Files\Microsoft\jdk-21.0.12.8-hotspot\bin\jsvml.dll
0x00007fff86e70000 - 0x00007fff86e81000 	C:\Program Files\Microsoft\jdk-21.0.12.8-hotspot\bin\net.dll
0x00007fffe7f60000 - 0x00007fffe8087000 	C:\WINDOWS\SYSTEM32\WINHTTP.dll
0x00007ffff57b0000 - 0x00007ffff581c000 	C:\WINDOWS\system32\mswsock.dll
0x00007fff7fd40000 - 0x00007fff7fd56000 	C:\Program Files\Microsoft\jdk-21.0.12.8-hotspot\bin\nio.dll
0x00007fff7fc60000 - 0x00007fff7fc78000 	C:\Program Files\Microsoft\jdk-21.0.12.8-hotspot\bin\zip.dll
0x00007fffd5af0000 - 0x00007fffd5b00000 	C:\Program Files\Microsoft\jdk-21.0.12.8-hotspot\bin\verify.dll

JVMTI agents: none

dbghelp: loaded successfully - version: 4.0.5 - missing functions: none
symbol engine: initialized successfully - sym options: 0x614 - pdb path: .;C:\Program Files\Microsoft\jdk-21.0.12.8-hotspot\bin;C:\WINDOWS\SYSTEM32;C:\WINDOWS\WinSxS\amd64_microsoft.windows.common-controls_6595b64144ccf1df_6.0.26100.8972_none_3e0da176e32f9d4b;C:\Program Files\Microsoft\jdk-21.0.12.8-hotspot\bin\server

VM Arguments:
jvm_args: -Xmx1G 
java_command: com.android.tools.r8.D8 --debug --min-api 21 --output obj\Debug\net10.0-android\android-arm64\android\bin\ --lib C:\Users\Yusuph\AppData\Local\Android\Sdk\platforms\android-36\android.jar obj\Debug\net10.0-android\android-arm64\android\bin\classes.zip C:\Program Files\dotnet\packs\Microsoft.Android.Ref.36\36.1.69\ref\net10.0\mono.android.jar C:\Program Files\dotnet\packs\Microsoft.Android.Sdk.Windows\36.1.69\tools\\java_runtime_net6.jar C:\Users\Yusuph\.nuget\packages\xamarin.androidx.annotation.jvm\1.9.1.5\buildTransitive\net10.0-android35.0\..\..\jar\androidx.annotation.annotation-jvm.jar C:\Users\Yusuph\.nuget\packages\xamarin.androidx.collection.jvm\1.5.0.3\buildTransitive\net10.0-android35.0\..\..\jar\androidx.collection.collection-jvm.jar C:\Users\Yusuph\.nuget\packages\xamarin.androidx.annotation\1.9.1.5\buildTransitive\net10.0-android35.0\..\..\jar\androidx.annotation.annotation.jar C:\Users\Yusuph\.nuget\packages\xamarin.androidx.collection\1.5.0.3\buildTransitive\net10.0-android35.0\..\..\jar\androidx.collection.collection.jar C:\Users\Yusuph\.nuget\packages\xamarin.androidx.concurrent.futures\1.3.0.1\buildTransitive\net10.0-android35.0\..\..\jar\androidx.concurrent.concurrent-futures.jar C:\Users\Yusuph\.nuget\packages\xamarin.androidx.lifecycle.common.jvm\2.9.2.1\buildTransitive\net10.0-android35.0\..\..\jar\androidx.lifecycle.lifecycle-common-jvm.jar C:\Users\Yusuph\.nuget\packages\xamarin.androidx.lifecycle.common\2.9.2.1\buildTransitive\net10.0-android35.0\..\..\jar\androidx.lifecycle.lifecycle-common.jar C:\Users\Yusuph\.nuget\packages\xamarin.androidx.arch.core.common\2.2.0.18\buildTransitive\net10.0-android35.0\..\..\jar\androidx.arch.core.core-common.jar C:\Users\Yusuph\.nuget\packages\xamarin.androidx.resourceinspection.annotation\1.0.1.22\buildTransitive\net10.0-android35.0\..\..\jar\androidx.resourceinspection.resourceinspection-annotation.jar C:\Users\Yusuph\.nuget\packages\xamarin.androidx.constraintlayout.core\1.1.1.3\buildTr
java_class_path (initial): C:\Program Files\dotnet\packs\Microsoft.Android.Sdk.Windows\36.1.69\tools\r8.jar
Launcher Type: SUN_STANDARD

[Global flags]
     intx CICompilerCount                          = 4                                         {product} {ergonomic}
     uint ConcGCThreads                            = 2                                         {product} {ergonomic}
     uint G1ConcRefinementThreads                  = 8                                         {product} {ergonomic}
   size_t G1HeapRegionSize                         = 1048576                                   {product} {ergonomic}
    uintx GCDrainStackTargetSize                   = 64                                        {product} {ergonomic}
   size_t InitialHeapSize                          = 132120576                                 {product} {ergonomic}
   size_t MarkStackSize                            = 4194304                                   {product} {ergonomic}
   size_t MaxHeapSize                              = 1073741824                                {product} {command line}
   size_t MaxNewSize                               = 643825664                                 {product} {ergonomic}
   size_t MinHeapDeltaBytes                        = 1048576                                   {product} {ergonomic}
   size_t MinHeapSize                              = 8388608                                   {product} {ergonomic}
    uintx NonNMethodCodeHeapSize                   = 5839372                                {pd product} {ergonomic}
    uintx NonProfiledCodeHeapSize                  = 122909434                              {pd product} {ergonomic}
    uintx ProfiledCodeHeapSize                     = 122909434                              {pd product} {ergonomic}
    uintx ReservedCodeCacheSize                    = 251658240                              {pd product} {ergonomic}
     bool SegmentedCodeCache                       = true                                      {product} {ergonomic}
   size_t SoftMaxHeapSize                          = 1073741824                             {manageable} {ergonomic}
     bool UseCompressedOops                        = true                           {product lp64_product} {ergonomic}
     bool UseG1GC                                  = true                                      {product} {ergonomic}
     bool UseLargePagesIndividualAllocation        = false                                  {pd product} {ergonomic}

Logging:
Log output configuration:
 #0: stdout all=warning uptime,level,tags foldmultilines=false
 #1: stderr all=off uptime,level,tags foldmultilines=false

Release file:
IMPLEMENTOR="Microsoft" 
IMPLEMENTOR_VERSION="Microsoft-14653896" 
JAVA_RUNTIME_VERSION="21.0.12+8-LTS" 
JAVA_VERSION="21.0.12" 
JAVA_VERSION_DATE="2026-07-21" 
LIBC="default" 
MODULES="java.base java.compiler java.datatransfer java.xml java.prefs java.desktop java.instrument java.logging java.management java.security.sasl java.naming java.rmi java.management.rmi java.net.http java.scripting java.security.jgss java.transaction.xa java.sql java.sql.rowset java.xml.crypto java.se java.smartcardio jdk.accessibility jdk.internal.jvmstat jdk.attach jdk.charsets jdk.internal.opt jdk.zipfs jdk.compiler jdk.crypto.ec jdk.crypto.cryptoki jdk.crypto.mscapi jdk.dynalink jdk.internal.ed jdk.editpad jdk.hotspot.agent jdk.httpserver jdk.incubator.vector jdk.internal.le jdk.internal.vm.ci jdk.internal.vm.compiler jdk.internal.vm.compiler.management jdk.jartool jdk.javadoc jdk.jcmd jdk.management jdk.management.agent jdk.jconsole jdk.jdeps jdk.jdwp.agent jdk.jdi jdk.jfr jdk.jlink jdk.jpackage jdk.jshell jdk.jsobject jdk.jstatd jdk.localedata jdk.management.jfr jdk.naming.dns jdk.naming.rmi jdk.net jdk.nio.mapmode jdk.random jdk.sctp jdk.security.auth jdk.security.jgss jdk.unsupported jdk.unsupported.desktop jdk.xml.dom" 
OS_ARCH="x86_64" 
OS_NAME="Windows" 
SOURCE=".:git:ffd52e07a1a6" 

Environment Variables:
JAVA_HOME=C:\Program Files\Microsoft\jdk-21.0.12.8-hotspot\
PATH=C:\Program Files\WindowsApps\Microsoft.PowerShell_7.6.4.0_x64__8wekyb3d8bbwe;C:\Program Files\Microsoft\jdk-21.0.12.8-hotspot\bin;C:\WINDOWS\system32;C:\WINDOWS;C:\WINDOWS\System32\Wbem;C:\WINDOWS\System32\WindowsPowerShell\v1.0\;C:\WINDOWS\System32\OpenSSH\;C:\Program Files (x86)\Windows Kits\10\Windows Performance Toolkit\;C:\Program Files\dotnet\;C:\Program Files (x86)\Microsoft SQL Server\170\Tools\Binn\;C:\Program Files\Microsoft SQL Server\170\Tools\Binn\;C:\Program Files\Microsoft SQL Server\Client SDK\ODBC\180\Tools\Binn\;C:\Program Files\Microsoft SQL Server\170\DTS\Binn\;D:\PROGRAM FILE\Git\cmd;C:\Program Files\Git\cmd;C:\Program Files\Process Lasso\;D:\Android\;C:\Users\Yusuph\AppData\Local\Microsoft\WindowsApps;D:\Android\Microsoft VS Code\bin;C:\Users\Yusuph\AppData\Local\GitHubDesktop\bin;C:\flutter\bin;C:\Users\Yusuph\.dotnet\tools;C:\Users\Yusuph\AppData\Roaming\npm;C:\Users\Yusuph\AppData\Local\Programs\Microsoft VS Code\bin;C:\Users\Yusuph\AppData\Local\Programs\Ollama;C:\Users\Yusuph\AppData\Local\Android\Sdk\platform-tools;C:\Users\Yusuph\AppData\Local\Android\Sdk\cmdline-tools\latest\bin;C:\Program Files\Microsoft\jdk-21.0.12.8-hotspot\bin;c:\Users\Yusuph\AppData\Local\Programs\Microsoft VS Code\110a328ea5\resources\app\node_modules.asar.unpacked\@vscode\ripgrep-universal\bin\win32-x64
USERNAME=Yusuph
OS=Windows_NT
PROCESSOR_IDENTIFIER=Intel64 Family 6 Model 142 Stepping 12, GenuineIntel
TMP=C:\Users\Yusuph\AppData\Local\Temp
TEMP=C:\Users\Yusuph\AppData\Local\Temp




Periodic native trim disabled

---------------  S Y S T E M  ---------------

OS:
 Windows 11 , 64 bit Build 26100 (10.0.26100.8972)
OS uptime: 0 days 21:32 hours
Hyper-V role detected

CPU: total 8 (initial active 8) (4 cores per cpu, 2 threads per core) family 6 model 142 stepping 12 microcode 0x100, cx8, cmov, fxsr, ht, mmx, 3dnowpref, sse, sse2, sse3, ssse3, sse4.1, sse4.2, popcnt, lzcnt, tsc, tscinvbit, avx, avx2, aes, erms, clmul, bmi1, bmi2, adx, fma, vzeroupper, clflush, clflushopt, hv, rdtscp, f16c
Processor Information for the first 8 processors :
  Max Mhz: 1800, Current Mhz: 1600, Mhz Limit: 1584

Memory: 4k page, system-wide physical 8006M (377M free)
TotalPageFile size 20820M (AvailPageFile size 3M)
current process WorkingSet (physical memory assigned to process): 789M, peak: 817M
current process commit charge ("private bytes"): 879M, peak: 907M

vm_info: OpenJDK 64-Bit Server VM (21.0.12+8-LTS) for windows-amd64 JRE (21.0.12+8-LTS), built on 2026-07-14T17:50:36Z by "MicrosoftCorporation" with MS VC++ 17.14 (VS2022)

END.
