#
# There is insufficient memory for the Java Runtime Environment to continue.
# Native memory allocation (malloc) failed to allocate 1477936 bytes. Error detail: Chunk::new
# Possible reasons:
#   The system is out of physical RAM or swap space
#   This process is running with CompressedOops enabled, and the Java Heap may be blocking the growth of the native heap
# Possible solutions:
#   Reduce memory load on the system
#   Increase physical memory or swap space
#   Check if swap backing store is full
#   Decrease Java heap size (-Xmx/-Xms)
#   Decrease number of Java threads
#   Decrease Java thread stack sizes (-Xss)
#   Set larger code cache with -XX:ReservedCodeCacheSize=
#   JVM is running with Unscaled Compressed Oops mode in which the Java heap is
#     placed in the first 4GB address space. The Java Heap base address is the
#     maximum limit for the native heap growth. Please use -XX:HeapBaseMinAddress
#     to set the Java Heap base and to place the Java Heap above 4GB virtual address.
# This output file may be truncated or incomplete.
#
#  Out of Memory Error (arena.cpp:168), pid=6568, tid=4944
#
# JRE version: OpenJDK Runtime Environment Microsoft-14653896 (21.0.12+8) (build 21.0.12+8-LTS)
# Java VM: OpenJDK 64-Bit Server VM Microsoft-14653896 (21.0.12+8-LTS, mixed mode, sharing, tiered, compressed oops, compressed class ptrs, g1 gc, windows-amd64)
# No core dump will be written. Minidumps are not enabled by default on client versions of Windows
#

---------------  S U M M A R Y ------------

Command Line: -Xmx1G com.android.tools.r8.D8 --debug --min-api 21 --output obj\Debug\net10.0-android\android-arm64\android\bin\ --lib C:\Users\Yusuph\AppData\Local\Android\Sdk\platforms\android-36\android.jar obj\Debug\net10.0-android\android-arm64\android\bin\classes.zip C:\Program Files\dotnet\packs\Microsoft.Android.Ref.36\36.1.69\ref\net10.0\mono.android.jar C:\Program Files\dotnet\packs\Microsoft.Android.Sdk.Windows\36.1.69\tools\\java_runtime_net6.jar C:\Users\Yusuph\.nuget\packages\xamarin.androidx.annotation.jvm\1.9.1.5\buildTransitive\net10.0-android35.0\..\..\jar\androidx.annotation.annotation-jvm.jar C:\Users\Yusuph\.nuget\packages\xamarin.androidx.collection.jvm\1.5.0.3\buildTransitive\net10.0-android35.0\..\..\jar\androidx.collection.collection-jvm.jar C:\Users\Yusuph\.nuget\packages\xamarin.androidx.annotation\1.9.1.5\buildTransitive\net10.0-android35.0\..\..\jar\androidx.annotation.annotation.jar C:\Users\Yusuph\.nuget\packages\xamarin.androidx.collection\1.5.0.3\buildTransitive\net10.0-android35.0\..\..\jar\androidx.collection.collection.jar C:\Users\Yusuph\.nuget\packages\xamarin.androidx.concurrent.futures\1.3.0.1\buildTransitive\net10.0-android35.0\..\..\jar\androidx.concurrent.concurrent-futures.jar C:\Users\Yusuph\.nuget\packages\xamarin.androidx.lifecycle.common.jvm\2.9.2.1\buildTransitive\net10.0-android35.0\..\..\jar\androidx.lifecycle.lifecycle-common-jvm.jar C:\Users\Yusuph\.nuget\packages\xamarin.androidx.lifecycle.common\2.9.2.1\buildTransitive\net10.0-android35.0\..\..\jar\androidx.lifecycle.lifecycle-common.jar C:\Users\Yusuph\.nuget\packages\xamarin.androidx.arch.core.common\2.2.0.18\buildTransitive\net10.0-android35.0\..\..\jar\androidx.arch.core.core-common.jar C:\Users\Yusuph\.nuget\packages\xamarin.androidx.resourceinspection.annotation\1.0.1.22\buildTransitive\net10.0-android35.0\..\..\jar\androidx.resourceinspection.resourceinspection-annotation.jar C:\Users\Yusuph\.nuget\packages\xamarin.androidx.constraintlayout.core\1.1.1.3\buildTransitive\net10.0-android35.0\..\..\jar\androidx.constraintlayout.constraintlayout-core.jar C:\Users\Yusuph\.nuget\packages\xamarin.androidx.window.windowcore.jvm\1.4.0.1\buildTransitive\net10.0-android35.0\..\..\jar\androidx.window.window-core-jvm.jar C:\Users\Yusuph\.nuget\packages\xamarin.androidx.window.windowcore\1.4.0.1\buildTransitive\net10.0-android35.0\..\..\jar\androidx.window.window-core.jar C:\Users\Yusuph\.nuget\packages\xamarin.androidx.collection.ktx\1.5.0.3\buildTransitive\net10.0-android35.0\..\..\jar\androidx.collection.collection-ktx.jar C:\Program Files\dotnet\packs\Microsoft.NETCore.App.Runtime.Mono.android-arm64\10.0.10\runtimes\android-arm64\native\libSystem.Security.Cryptography.Native.Android.jar obj\Debug\net10.0-android\android-arm64\lp\98\jl\classes.jar obj\Debug\net10.0-android\android-arm64\lp\99\jl\classes.jar obj\Debug\net10.0-android\android-arm64\lp\101\jl\classes.jar obj\Debug\net10.0-android\android-arm64\lp\102\jl\classes.jar obj\Debug\net10.0-android\android-arm64\lp\103\jl\classes.jar obj\Debug\net10.0-android\android-arm64\lp\104\jl\classes.jar obj\Debug\net10.0-android\android-arm64\lp\105\jl\classes.jar obj\Debug\net10.0-android\android-arm64\lp\107\jl\classes.jar obj\Debug\net10.0-android\android-arm64\lp\108\jl\classes.jar obj\Debug\net10.0-android\android-arm64\lp\109\jl\classes.jar obj\Debug\net10.0-android\android-arm64\lp\110\jl\classes.jar obj\Debug\net10.0-android\android-arm64\lp\111\jl\classes.jar obj\Debug\net10.0-android\android-arm64\lp\112\jl\classes.jar obj\Debug\net10.0-android\android-arm64\lp\113\jl\classes.jar obj\Debug\net10.0-android\android-arm64\lp\115\jl\classes.jar obj\Debug\net10.0-android\android-arm64\lp\116\jl\classes.jar obj\Debug\net10.0-android\android-arm64\lp\117\jl\classes.jar obj\Debug\net10.0-android\android-arm64\lp\119\jl\classes.jar obj\Debug\net10.0-android\android-arm64\lp\120\jl\classes.jar obj\Debug\net10.0-android\android-arm64\lp\121\jl\classes.jar obj\Debug\net10.0-android\android-arm64\lp\123\jl\classes.jar obj\Debug\net10.0-android\android-arm64\lp\124\jl\classes.jar obj\Debug\net10.0-android\android-arm64\lp\125\jl\classes.jar obj\Debug\net10.0-android\android-arm64\lp\126\jl\classes.jar obj\Debug\net10.0-android\android-arm64\lp\127\jl\classes.jar obj\Debug\net10.0-android\android-arm64\lp\128\jl\classes.jar obj\Debug\net10.0-android\android-arm64\lp\129\jl\classes.jar obj\Debug\net10.0-android\android-arm64\lp\130\jl\classes.jar obj\Debug\net10.0-android\android-arm64\lp\131\jl\classes.jar obj\Debug\net10.0-android\android-arm64\lp\131\jl\libs\repackaged.jar obj\Debug\net10.0-android\android-arm64\lp\132\jl\classes.jar obj\Debug\net10.0-android\android-arm64\lp\133\jl\classes.jar obj\Debug\net10.0-android\android-arm64\lp\134\jl\classes.jar obj\Debug\net10.0-android\android-arm64\lp\135\jl\classes.jar obj\Debug\net10.0-android\android-arm64\lp\136\jl\classes.jar obj\Debug\net10.0-android\android-arm64\lp\137\jl\classes.jar obj\Debug\net10.0-android\android-arm64\lp\138\jl\classes.jar obj\Debug\net10.0-android\android-arm64\lp\139\jl\classes.jar obj\Debug\net10.0-android\android-arm64\lp\140\jl\classes.jar obj\Debug\net10.0-android\android-arm64\lp\141\jl\classes.jar obj\Debug\net10.0-android\android-arm64\lp\142\jl\classes.jar obj\Debug\net10.0-android\android-arm64\lp\143\jl\classes.jar obj\Debug\net10.0-android\android-arm64\lp\144\jl\classes.jar obj\Debug\net10.0-android\android-arm64\lp\145\jl\classes.jar obj\Debug\net10.0-android\android-arm64\lp\146\jl\classes.jar obj\Debug\net10.0-android\android-arm64\lp\148\jl\classes.jar obj\Debug\net10.0-android\android-arm64\lp\149\jl\classes.jar obj\Debug\net10.0-android\android-arm64\lp\151\jl\classes.jar obj\Debug\net10.0-android\android-arm64\lp\152\jl\classes.jar obj\Debug\net10.0-android\android-arm64\lp\154\jl\classes.jar obj\Debug\net10.0-android\android-arm64\lp\155\jl\classes.jar obj\Debug\net10.0-android\android-arm64\lp\156\jl\classes.jar obj\Debug\net10.0-android\android-arm64\lp\157\jl\classes.jar obj\Debug\net10.0-android\android-arm64\lp\158\jl\classes.jar obj\Debug\net10.0-android\android-arm64\lp\159\jl\classes.jar obj\Debug\net10.0-android\android-arm64\lp\160\jl\classes.jar obj\Debug\net10.0-android\android-arm64\lp\161\jl\libs\ED64959F88B22E6D.jar obj\Debug\net10.0-android\android-arm64\lp\162\jl\libs\2E7FD15AFA9B216B.jar obj\Debug\net10.0-android\android-arm64\lp\164\jl\classes.jar obj\Debug\net10.0-android\android-arm64\lp\167\jl\libs\659D48BEBA477FDD.jar obj\Debug\net10.0-android\android-arm64\lp\168\jl\libs\95D547F40BE4687C.jar obj\Debug\net10.0-android\android-arm64\lp\169\jl\classes.jar obj\Debug\net10.0-android\android-arm64\lp\170\jl\classes.jar obj\Debug\net10.0-android\android-arm64\lp\171\jl\libs\F975D0960055A5E3.jar obj\Debug\net10.0-android\android-arm64\lp\172\jl\libs\B71CFF5D5A0B3AEB.jar obj\Debug\net10.0-android\android-arm64\lp\173\jl\libs\8956669C0037225B.jar obj\Debug\net10.0-android\android-arm64\lp\174\jl\libs\05D34BA5CA8637CF.jar obj\Debug\net10.0-android\android-arm64\lp\175\jl\libs\DCFB018199B59345.jar obj\Debug\net10.0-android\android-arm64\lp\176\jl\libs\F91D79B39A269A7E.jar obj\Debug\net10.0-android\android-arm64\lp\177\jl\libs\F01C7EADE990A004.jar obj\Debug\net10.0-android\android-arm64\lp\178\jl\libs\F6DB49E0CC905A9A.jar obj\Debug\net10.0-android\android-arm64\lp\179\jl\libs\A1A754E9E8693F85.jar obj\Debug\net10.0-android\android-arm64\lp\180\jl\libs\B7446A23346A729D.jar obj\Debug\net10.0-android\android-arm64\lp\181\jl\libs\623E6E29E2058512.jar --map-diagnostics warning info

Host: Intel(R) Core(TM) i5-8265U CPU @ 1.60GHz, 8 cores, 7G,  Windows 11 , 64 bit Build 26100 (10.0.26100.8972)
Time: Mon Aug 24 18:31:07 2026 E. Africa Standard Time elapsed time: 83.974285 seconds (0d 0h 1m 23s)

---------------  T H R E A D  ---------------

Current thread (0x0000018a13776b50):  JavaThread "C2 CompilerThread1" daemon [_thread_in_native, id=4944, stack(0x0000005779b00000,0x0000005779c00000) (1024K)]


Current CompileTask:
C2:83974 13763       4       com.android.tools.r8.kotlin.p0::b (289 bytes)

Stack: [0x0000005779b00000,0x0000005779c00000]
Native frames: (J=compiled Java code, j=interpreted, Vv=VM code, C=native code)
V  [jvm.dll+0x6e0c09]  (no source info available)
V  [jvm.dll+0x8c0e1b]  (no source info available)
V  [jvm.dll+0x8c33ad]  (no source info available)
V  [jvm.dll+0x8c3a83]  (no source info available)
V  [jvm.dll+0x28ac66]  (no source info available)
V  [jvm.dll+0xc91cd]  (no source info available)
V  [jvm.dll+0xc971c]  (no source info available)
V  [jvm.dll+0x3c8932]  (no source info available)
V  [jvm.dll+0x394f82]  (no source info available)
V  [jvm.dll+0x3943da]  (no source info available)
V  [jvm.dll+0x252840]  (no source info available)
V  [jvm.dll+0x251e6c]  (no source info available)
V  [jvm.dll+0x1d1c5f]  (no source info available)
V  [jvm.dll+0x261bda]  (no source info available)
V  [jvm.dll+0x25ff45]  (no source info available)
V  [jvm.dll+0x402695]  (no source info available)
V  [jvm.dll+0x86ba8d]  (no source info available)
V  [jvm.dll+0x6e21bd]  (no source info available)
C  [ucrtbase.dll+0x2cd30]  (no source info available)
C  [KERNEL32.DLL+0x2ccb7]  (no source info available)
C  [ntdll.dll+0xaad6c]  (no source info available)


---------------  P R O C E S S  ---------------

Threads class SMR info:
_java_thread_list=0x0000018a13d39540, length=21, elements={
0x00000189b1fec460, 0x00000189cd857400, 0x00000189cd85a020, 0x00000189cd85f110,
0x00000189cd860000, 0x00000189cd860dc0, 0x00000189cd861e20, 0x00000189cd864fb0,
0x00000189cd865940, 0x00000189cd9c2da0, 0x00000189cd9c9430, 0x0000018a1328e550,
0x0000018a1328ebc0, 0x0000018a13291240, 0x0000018a132918b0, 0x0000018a13291f20,
0x0000018a132929a0, 0x0000018a13293410, 0x0000018a132a5c30, 0x0000018a13776b50,
0x0000018a13143ca0
}

Java Threads: ( => current thread )
  0x00000189b1fec460 JavaThread "main"                              [_thread_blocked, id=11220, stack(0x0000005777b00000,0x0000005777c00000) (1024K)]
  0x00000189cd857400 JavaThread "Reference Handler"          daemon [_thread_blocked, id=1248, stack(0x0000005778300000,0x0000005778400000) (1024K)]
  0x00000189cd85a020 JavaThread "Finalizer"                  daemon [_thread_blocked, id=20204, stack(0x0000005778400000,0x0000005778500000) (1024K)]
  0x00000189cd85f110 JavaThread "Signal Dispatcher"          daemon [_thread_blocked, id=24088, stack(0x0000005778500000,0x0000005778600000) (1024K)]
  0x00000189cd860000 JavaThread "Attach Listener"            daemon [_thread_blocked, id=20576, stack(0x0000005778600000,0x0000005778700000) (1024K)]
  0x00000189cd860dc0 JavaThread "Service Thread"             daemon [_thread_blocked, id=24560, stack(0x0000005778700000,0x0000005778800000) (1024K)]
  0x00000189cd861e20 JavaThread "Monitor Deflation Thread"   daemon [_thread_blocked, id=23916, stack(0x0000005778800000,0x0000005778900000) (1024K)]
  0x00000189cd864fb0 JavaThread "C2 CompilerThread0"         daemon [_thread_blocked, id=24444, stack(0x0000005778900000,0x0000005778a00000) (1024K)]
  0x00000189cd865940 JavaThread "C1 CompilerThread0"         daemon [_thread_blocked, id=5388, stack(0x0000005778a00000,0x0000005778b00000) (1024K)]
  0x00000189cd9c2da0 JavaThread "Notification Thread"        daemon [_thread_blocked, id=19364, stack(0x0000005778b00000,0x0000005778c00000) (1024K)]
  0x00000189cd9c9430 JavaThread "Common-Cleaner"             daemon [_thread_blocked, id=4516, stack(0x0000005778c00000,0x0000005778d00000) (1024K)]
  0x0000018a1328e550 JavaThread "ForkJoinPool-1-worker-1"    daemon [_thread_blocked, id=18388, stack(0x0000005779300000,0x0000005779400000) (1024K)]
  0x0000018a1328ebc0 JavaThread "ForkJoinPool-1-worker-2"    daemon [_thread_blocked, id=12508, stack(0x0000005779400000,0x0000005779500000) (1024K)]
  0x0000018a13291240 JavaThread "ForkJoinPool-1-worker-3"    daemon [_thread_blocked, id=1544, stack(0x0000005779500000,0x0000005779600000) (1024K)]
  0x0000018a132918b0 JavaThread "ForkJoinPool-1-worker-4"    daemon [_thread_blocked, id=22576, stack(0x0000005779600000,0x0000005779700000) (1024K)]
  0x0000018a13291f20 JavaThread "ForkJoinPool-1-worker-5"    daemon [_thread_blocked, id=15092, stack(0x0000005779700000,0x0000005779800000) (1024K)]
  0x0000018a132929a0 JavaThread "ForkJoinPool-1-worker-6"    daemon [_thread_blocked, id=22640, stack(0x0000005779800000,0x0000005779900000) (1024K)]
  0x0000018a13293410 JavaThread "ForkJoinPool-1-worker-7"    daemon [_thread_blocked, id=23480, stack(0x0000005779900000,0x0000005779a00000) (1024K)]
  0x0000018a132a5c30 JavaThread "ForkJoinPool-1-worker-8"    daemon [_thread_blocked, id=572, stack(0x0000005779a00000,0x0000005779b00000) (1024K)]
=>0x0000018a13776b50 JavaThread "C2 CompilerThread1"         daemon [_thread_in_native, id=4944, stack(0x0000005779b00000,0x0000005779c00000) (1024K)]
  0x0000018a13143ca0 JavaThread "C2 CompilerThread2"         daemon [_thread_blocked, id=5044, stack(0x0000005777800000,0x0000005777900000) (1024K)]
Total: 21

Other Threads:
  0x00000189cd83cc40 VMThread "VM Thread"                           [id=13020, stack(0x0000005778200000,0x0000005778300000) (1024K)]
  0x00000189cd8288a0 WatcherThread "VM Periodic Task Thread"        [id=16052, stack(0x0000005778100000,0x0000005778200000) (1024K)]
  0x00000189b2027780 WorkerThread "GC Thread#0"                     [id=24072, stack(0x0000005777c00000,0x0000005777d00000) (1024K)]
  0x0000018a135d6f20 WorkerThread "GC Thread#1"                     [id=12548, stack(0x0000005778d00000,0x0000005778e00000) (1024K)]
  0x0000018a135d72d0 WorkerThread "GC Thread#2"                     [id=4700, stack(0x0000005778e00000,0x0000005778f00000) (1024K)]
  0x0000018a1362f9e0 WorkerThread "GC Thread#3"                     [id=17800, stack(0x0000005778f00000,0x0000005779000000) (1024K)]
  0x0000018a136bb970 WorkerThread "GC Thread#4"                     [id=24248, stack(0x0000005779000000,0x0000005779100000) (1024K)]
  0x0000018a13181670 WorkerThread "GC Thread#5"                     [id=21020, stack(0x0000005779100000,0x0000005779200000) (1024K)]
  0x0000018a137d3560 WorkerThread "GC Thread#6"                     [id=24060, stack(0x0000005779200000,0x0000005779300000) (1024K)]
  0x0000018a139e7120 WorkerThread "GC Thread#7"                     [id=7592, stack(0x0000005779c00000,0x0000005779d00000) (1024K)]
  0x00000189b2031500 ConcurrentGCThread "G1 Main Marker"            [id=2484, stack(0x0000005777d00000,0x0000005777e00000) (1024K)]
  0x00000189b20326c0 WorkerThread "G1 Conc#0"                       [id=21124, stack(0x0000005777e00000,0x0000005777f00000) (1024K)]
  0x0000018a1377b770 WorkerThread "G1 Conc#1"                       [id=14592, stack(0x0000005779d00000,0x0000005779e00000) (1024K)]
  0x00000189b209ea50 ConcurrentGCThread "G1 Refine#0"               [id=20544, stack(0x0000005777f00000,0x0000005778000000) (1024K)]
  0x00000189cd6f9900 ConcurrentGCThread "G1 Service"                [id=22840, stack(0x0000005778000000,0x0000005778100000) (1024K)]
Total: 15

Threads with active compile tasks:
C2 CompilerThread0  84041 14081       4       java.util.HashMap::computeIfAbsent (330 bytes)
C1 CompilerThread0  84041 14129       3       com.android.tools.r8.internal.Sr::a (1 bytes)
C2 CompilerThread1  84041 13763       4       com.android.tools.r8.kotlin.p0::b (289 bytes)
C2 CompilerThread2  84041 14115       4       com.android.tools.r8.graph.R2::a (1 bytes)
Total: 4

VM state: at safepoint (normal execution)

VM Mutex/Monitor currently owned by a thread:  ([mutex/lock_event])
[0x00007fff0e42a330] FreeList_lock - owner thread: 0x0000018a13181670
[0x00007fff0e42c8b0] Threads_lock - owner thread: 0x00000189cd83cc40
[0x00007fff0e42c9b0] Heap_lock - owner thread: 0x00000189b1fec460

Heap address: 0x00000000c0000000, size: 1024 MB, Compressed Oops mode: 32-bit

CDS archive(s) mapped at: [0x00000189ce000000-0x00000189cec80000-0x00000189cec80000), size 13107200, SharedBaseAddress: 0x00000189ce000000, ArchiveRelocationMode: 1.
Compressed class space mapped at: 0x00000189cf000000-0x0000018a0f000000, reserved size: 1073741824
Narrow klass base: 0x00000189ce000000, Narrow klass shift: 0, Narrow klass range: 0x100000000

GC Precious Log:
 CardTable entry size: 512
 Card Set container configuration: InlinePtr #cards 5 size 8 Array Of Cards #cards 12 size 40 Howl #buckets 4 coarsen threshold 1843 Howl Bitmap #cards 512 size 80 coarsen threshold 460 Card regions per heap region 1 cards per card region 2048
 CPUs: 8 total, 8 available
 Memory: 8006M
 Large Page Support: Disabled
 NUMA Support: Disabled
 Compressed Oops: Enabled (32-bit)
 Heap Region Size: 1M
 Heap Min Capacity: 8M
 Heap Initial Capacity: 126M
 Heap Max Capacity: 1G
 Pre-touch: Disabled
 Parallel Workers: 8
 Concurrent Workers: 2
 Concurrent Refinement Workers: 8
 Periodic GC: Disabled

Heap:
 garbage-first heap   total 679936K, used 604462K [0x00000000c0000000, 0x0000000100000000)
  region size 1024K, 360 young (368640K), 23 survivors (23552K)
 Metaspace       used 27063K, committed 27392K, reserved 1114112K
  class space    used 3711K, committed 3840K, reserved 1048576K

Heap Regions: E=young(eden), S=young(survivor), O=old, HS=humongous(starts), HC=humongous(continues), CS=collection set, F=free, TAMS=top-at-mark-start, PB=parsable bottom
|   0|0x00000000c0000000, 0x00000000c0100000, 0x00000000c0100000|100%|HS|  |TAMS 0x00000000c0000000| PB 0x00000000c0000000| Complete 
|   1|0x00000000c0100000, 0x00000000c0200000, 0x00000000c0200000|100%| O|CS|TAMS 0x00000000c0100000| PB 0x00000000c0100000| Complete 
|   2|0x00000000c0200000, 0x00000000c0300000, 0x00000000c0300000|100%| O|CS|TAMS 0x00000000c0200000| PB 0x00000000c0200000| Complete 
|   3|0x00000000c0300000, 0x00000000c0400000, 0x00000000c0400000|100%| O|  |TAMS 0x00000000c0300000| PB 0x00000000c0300000| Untracked 
|   4|0x00000000c0400000, 0x00000000c0500000, 0x00000000c0500000|100%| O|  |TAMS 0x00000000c0400000| PB 0x00000000c0400000| Untracked 
|   5|0x00000000c0500000, 0x00000000c0600000, 0x00000000c0600000|100%| O|  |TAMS 0x00000000c0500000| PB 0x00000000c0500000| Untracked 
|   6|0x00000000c0600000, 0x00000000c0700000, 0x00000000c0700000|100%| O|CS|TAMS 0x00000000c0600000| PB 0x00000000c0600000| Complete 
|   7|0x00000000c0700000, 0x00000000c0800000, 0x00000000c0800000|100%|HS|  |TAMS 0x00000000c0700000| PB 0x00000000c0700000| Complete 
|   8|0x00000000c0800000, 0x00000000c0900000, 0x00000000c0900000|100%|HC|  |TAMS 0x00000000c0800000| PB 0x00000000c0800000| Complete 
|   9|0x00000000c0900000, 0x00000000c0a00000, 0x00000000c0a00000|100%| O|  |TAMS 0x00000000c0900000| PB 0x00000000c0900000| Untracked 
|  10|0x00000000c0a00000, 0x00000000c0b00000, 0x00000000c0b00000|100%| O|  |TAMS 0x00000000c0a00000| PB 0x00000000c0a00000| Untracked 
|  11|0x00000000c0b00000, 0x00000000c0c00000, 0x00000000c0c00000|100%| O|  |TAMS 0x00000000c0b00000| PB 0x00000000c0b00000| Untracked 
|  12|0x00000000c0c00000, 0x00000000c0d00000, 0x00000000c0d00000|100%| O|  |TAMS 0x00000000c0c00000| PB 0x00000000c0c00000| Untracked 
|  13|0x00000000c0d00000, 0x00000000c0e00000, 0x00000000c0e00000|100%| O|  |TAMS 0x00000000c0d00000| PB 0x00000000c0d00000| Untracked 
|  14|0x00000000c0e00000, 0x00000000c0f00000, 0x00000000c0f00000|100%| O|  |TAMS 0x00000000c0e00000| PB 0x00000000c0e00000| Untracked 
|  15|0x00000000c0f00000, 0x00000000c1000000, 0x00000000c1000000|100%| O|  |TAMS 0x00000000c0f00000| PB 0x00000000c0f00000| Untracked 
|  16|0x00000000c1000000, 0x00000000c1100000, 0x00000000c1100000|100%| O|CS|TAMS 0x00000000c1000000| PB 0x00000000c1000000| Complete 
|  17|0x00000000c1100000, 0x00000000c1200000, 0x00000000c1200000|100%| O|  |TAMS 0x00000000c1100000| PB 0x00000000c1100000| Untracked 
|  18|0x00000000c1200000, 0x00000000c1300000, 0x00000000c1300000|100%| O|  |TAMS 0x00000000c1200000| PB 0x00000000c1200000| Untracked 
|  19|0x00000000c1300000, 0x00000000c1400000, 0x00000000c1400000|100%| O|  |TAMS 0x00000000c1300000| PB 0x00000000c1300000| Untracked 
|  20|0x00000000c1400000, 0x00000000c1500000, 0x00000000c1500000|100%| O|  |TAMS 0x00000000c1400000| PB 0x00000000c1400000| Untracked 
|  21|0x00000000c1500000, 0x00000000c1600000, 0x00000000c1600000|100%| O|  |TAMS 0x00000000c1500000| PB 0x00000000c1500000| Untracked 
|  22|0x00000000c1600000, 0x00000000c1700000, 0x00000000c1700000|100%| O|  |TAMS 0x00000000c1600000| PB 0x00000000c1600000| Untracked 
|  23|0x00000000c1700000, 0x00000000c1800000, 0x00000000c1800000|100%|HS|  |TAMS 0x00000000c1700000| PB 0x00000000c1700000| Complete 
|  24|0x00000000c1800000, 0x00000000c1900000, 0x00000000c1900000|100%|HC|  |TAMS 0x00000000c1800000| PB 0x00000000c1800000| Complete 
|  25|0x00000000c1900000, 0x00000000c1a00000, 0x00000000c1a00000|100%| O|  |TAMS 0x00000000c1900000| PB 0x00000000c1900000| Untracked 
|  26|0x00000000c1a00000, 0x00000000c1b00000, 0x00000000c1b00000|100%| O|  |TAMS 0x00000000c1a00000| PB 0x00000000c1a00000| Untracked 
|  27|0x00000000c1b00000, 0x00000000c1c00000, 0x00000000c1c00000|100%| O|  |TAMS 0x00000000c1b00000| PB 0x00000000c1b00000| Untracked 
|  28|0x00000000c1c00000, 0x00000000c1d00000, 0x00000000c1d00000|100%| O|  |TAMS 0x00000000c1c00000| PB 0x00000000c1c00000| Untracked 
|  29|0x00000000c1d00000, 0x00000000c1e00000, 0x00000000c1e00000|100%| O|  |TAMS 0x00000000c1d00000| PB 0x00000000c1d00000| Untracked 
|  30|0x00000000c1e00000, 0x00000000c1f00000, 0x00000000c1f00000|100%| O|  |TAMS 0x00000000c1e00000| PB 0x00000000c1e00000| Untracked 
|  31|0x00000000c1f00000, 0x00000000c2000000, 0x00000000c2000000|100%| O|  |TAMS 0x00000000c1f00000| PB 0x00000000c1f00000| Untracked 
|  32|0x00000000c2000000, 0x00000000c2100000, 0x00000000c2100000|100%| O|  |TAMS 0x00000000c2000000| PB 0x00000000c2000000| Untracked 
|  33|0x00000000c2100000, 0x00000000c2200000, 0x00000000c2200000|100%| O|  |TAMS 0x00000000c2100000| PB 0x00000000c2100000| Untracked 
|  34|0x00000000c2200000, 0x00000000c2300000, 0x00000000c2300000|100%| O|  |TAMS 0x00000000c2200000| PB 0x00000000c2200000| Untracked 
|  35|0x00000000c2300000, 0x00000000c2400000, 0x00000000c2400000|100%| O|  |TAMS 0x00000000c2300000| PB 0x00000000c2300000| Untracked 
|  36|0x00000000c2400000, 0x00000000c2500000, 0x00000000c2500000|100%| O|  |TAMS 0x00000000c2400000| PB 0x00000000c2400000| Untracked 
|  37|0x00000000c2500000, 0x00000000c2600000, 0x00000000c2600000|100%| O|  |TAMS 0x00000000c2500000| PB 0x00000000c2500000| Untracked 
|  38|0x00000000c2600000, 0x00000000c2700000, 0x00000000c2700000|100%| O|  |TAMS 0x00000000c2600000| PB 0x00000000c2600000| Untracked 
|  39|0x00000000c2700000, 0x00000000c2800000, 0x00000000c2800000|100%| O|  |TAMS 0x00000000c2700000| PB 0x00000000c2700000| Untracked 
|  40|0x00000000c2800000, 0x00000000c2900000, 0x00000000c2900000|100%| O|  |TAMS 0x00000000c2800000| PB 0x00000000c2800000| Untracked 
|  41|0x00000000c2900000, 0x00000000c2a00000, 0x00000000c2a00000|100%| O|  |TAMS 0x00000000c2900000| PB 0x00000000c2900000| Untracked 
|  42|0x00000000c2a00000, 0x00000000c2b00000, 0x00000000c2b00000|100%| O|  |TAMS 0x00000000c2a00000| PB 0x00000000c2a00000| Untracked 
|  43|0x00000000c2b00000, 0x00000000c2c00000, 0x00000000c2c00000|100%| O|  |TAMS 0x00000000c2b00000| PB 0x00000000c2b00000| Untracked 
|  44|0x00000000c2c00000, 0x00000000c2d00000, 0x00000000c2d00000|100%| O|  |TAMS 0x00000000c2c00000| PB 0x00000000c2c00000| Untracked 
|  45|0x00000000c2d00000, 0x00000000c2e00000, 0x00000000c2e00000|100%| O|  |TAMS 0x00000000c2d00000| PB 0x00000000c2d00000| Untracked 
|  46|0x00000000c2e00000, 0x00000000c2f00000, 0x00000000c2f00000|100%| O|  |TAMS 0x00000000c2e00000| PB 0x00000000c2e00000| Untracked 
|  47|0x00000000c2f00000, 0x00000000c3000000, 0x00000000c3000000|100%| O|CS|TAMS 0x00000000c2f00000| PB 0x00000000c2f00000| Complete 
|  48|0x00000000c3000000, 0x00000000c3100000, 0x00000000c3100000|100%| O|  |TAMS 0x00000000c3000000| PB 0x00000000c3000000| Untracked 
|  49|0x00000000c3100000, 0x00000000c3200000, 0x00000000c3200000|100%| O|  |TAMS 0x00000000c3100000| PB 0x00000000c3100000| Untracked 
|  50|0x00000000c3200000, 0x00000000c3300000, 0x00000000c3300000|100%| O|  |TAMS 0x00000000c3200000| PB 0x00000000c3200000| Untracked 
|  51|0x00000000c3300000, 0x00000000c3400000, 0x00000000c3400000|100%| O|  |TAMS 0x00000000c3300000| PB 0x00000000c3300000| Untracked 
|  52|0x00000000c3400000, 0x00000000c3500000, 0x00000000c3500000|100%| O|CS|TAMS 0x00000000c3400000| PB 0x00000000c3400000| Complete 
|  53|0x00000000c3500000, 0x00000000c3600000, 0x00000000c3600000|100%| O|  |TAMS 0x00000000c3500000| PB 0x00000000c3500000| Untracked 
|  54|0x00000000c3600000, 0x00000000c3700000, 0x00000000c3700000|100%| O|  |TAMS 0x00000000c3600000| PB 0x00000000c3600000| Untracked 
|  55|0x00000000c3700000, 0x00000000c3800000, 0x00000000c3800000|100%| O|  |TAMS 0x00000000c3700000| PB 0x00000000c3700000| Untracked 
|  56|0x00000000c3800000, 0x00000000c3900000, 0x00000000c3900000|100%| O|CS|TAMS 0x00000000c3800000| PB 0x00000000c3800000| Complete 
|  57|0x00000000c3900000, 0x00000000c3a00000, 0x00000000c3a00000|100%|HS|  |TAMS 0x00000000c3900000| PB 0x00000000c3900000| Complete 
|  58|0x00000000c3a00000, 0x00000000c3b00000, 0x00000000c3b00000|100%| O|CS|TAMS 0x00000000c3a00000| PB 0x00000000c3a00000| Complete 
|  59|0x00000000c3b00000, 0x00000000c3c00000, 0x00000000c3c00000|100%| O|  |TAMS 0x00000000c3b00000| PB 0x00000000c3b00000| Untracked 
|  60|0x00000000c3c00000, 0x00000000c3d00000, 0x00000000c3d00000|100%| O|  |TAMS 0x00000000c3c00000| PB 0x00000000c3c00000| Untracked 
|  61|0x00000000c3d00000, 0x00000000c3e00000, 0x00000000c3e00000|100%| O|CS|TAMS 0x00000000c3d00000| PB 0x00000000c3d00000| Complete 
|  62|0x00000000c3e00000, 0x00000000c3f00000, 0x00000000c3f00000|100%| O|  |TAMS 0x00000000c3e00000| PB 0x00000000c3e00000| Untracked 
|  63|0x00000000c3f00000, 0x00000000c4000000, 0x00000000c4000000|100%| O|  |TAMS 0x00000000c3f00000| PB 0x00000000c3f00000| Untracked 
|  64|0x00000000c4000000, 0x00000000c4100000, 0x00000000c4100000|100%| O|  |TAMS 0x00000000c4000000| PB 0x00000000c4000000| Untracked 
|  65|0x00000000c4100000, 0x00000000c4200000, 0x00000000c4200000|100%| O|  |TAMS 0x00000000c4100000| PB 0x00000000c4100000| Untracked 
|  66|0x00000000c4200000, 0x00000000c4300000, 0x00000000c4300000|100%| O|  |TAMS 0x00000000c4200000| PB 0x00000000c4200000| Untracked 
|  67|0x00000000c4300000, 0x00000000c4400000, 0x00000000c4400000|100%| O|  |TAMS 0x00000000c4300000| PB 0x00000000c4300000| Untracked 
|  68|0x00000000c4400000, 0x00000000c4500000, 0x00000000c4500000|100%| O|  |TAMS 0x00000000c4400000| PB 0x00000000c4400000| Untracked 
|  69|0x00000000c4500000, 0x00000000c4600000, 0x00000000c4600000|100%| O|  |TAMS 0x00000000c4500000| PB 0x00000000c4500000| Untracked 
|  70|0x00000000c4600000, 0x00000000c4700000, 0x00000000c4700000|100%| O|  |TAMS 0x00000000c4600000| PB 0x00000000c4600000| Untracked 
|  71|0x00000000c4700000, 0x00000000c4800000, 0x00000000c4800000|100%| O|  |TAMS 0x00000000c4700000| PB 0x00000000c4700000| Untracked 
|  72|0x00000000c4800000, 0x00000000c4900000, 0x00000000c4900000|100%| O|  |TAMS 0x00000000c4800000| PB 0x00000000c4800000| Untracked 
|  73|0x00000000c4900000, 0x00000000c4a00000, 0x00000000c4a00000|100%| O|  |TAMS 0x00000000c4900000| PB 0x00000000c4900000| Untracked 
|  74|0x00000000c4a00000, 0x00000000c4b00000, 0x00000000c4b00000|100%| O|  |TAMS 0x00000000c4a00000| PB 0x00000000c4a00000| Untracked 
|  75|0x00000000c4b00000, 0x00000000c4c00000, 0x00000000c4c00000|100%| O|  |TAMS 0x00000000c4b00000| PB 0x00000000c4b00000| Untracked 
|  76|0x00000000c4c00000, 0x00000000c4d00000, 0x00000000c4d00000|100%| O|  |TAMS 0x00000000c4c00000| PB 0x00000000c4c00000| Untracked 
|  77|0x00000000c4d00000, 0x00000000c4e00000, 0x00000000c4e00000|100%| O|CS|TAMS 0x00000000c4d00000| PB 0x00000000c4d00000| Complete 
|  78|0x00000000c4e00000, 0x00000000c4f00000, 0x00000000c4f00000|100%| O|  |TAMS 0x00000000c4e00000| PB 0x00000000c4e00000| Untracked 
|  79|0x00000000c4f00000, 0x00000000c5000000, 0x00000000c5000000|100%| O|  |TAMS 0x00000000c4f00000| PB 0x00000000c4f00000| Untracked 
|  80|0x00000000c5000000, 0x00000000c5100000, 0x00000000c5100000|100%| O|  |TAMS 0x00000000c5000000| PB 0x00000000c5000000| Untracked 
|  81|0x00000000c5100000, 0x00000000c5200000, 0x00000000c5200000|100%| O|  |TAMS 0x00000000c5100000| PB 0x00000000c5100000| Untracked 
|  82|0x00000000c5200000, 0x00000000c5300000, 0x00000000c5300000|100%| O|  |TAMS 0x00000000c5200000| PB 0x00000000c5200000| Untracked 
|  83|0x00000000c5300000, 0x00000000c5400000, 0x00000000c5400000|100%| O|  |TAMS 0x00000000c5300000| PB 0x00000000c5300000| Untracked 
|  84|0x00000000c5400000, 0x00000000c5500000, 0x00000000c5500000|100%| O|  |TAMS 0x00000000c5400000| PB 0x00000000c5400000| Untracked 
|  85|0x00000000c5500000, 0x00000000c5600000, 0x00000000c5600000|100%| O|  |TAMS 0x00000000c5500000| PB 0x00000000c5500000| Untracked 
|  86|0x00000000c5600000, 0x00000000c5700000, 0x00000000c5700000|100%| O|  |TAMS 0x00000000c5600000| PB 0x00000000c5600000| Untracked 
|  87|0x00000000c5700000, 0x00000000c5800000, 0x00000000c5800000|100%| O|  |TAMS 0x00000000c5700000| PB 0x00000000c5700000| Untracked 
|  88|0x00000000c5800000, 0x00000000c5900000, 0x00000000c5900000|100%| O|  |TAMS 0x00000000c5800000| PB 0x00000000c5800000| Untracked 
|  89|0x00000000c5900000, 0x00000000c5a00000, 0x00000000c5a00000|100%| O|  |TAMS 0x00000000c5900000| PB 0x00000000c5900000| Untracked 
|  90|0x00000000c5a00000, 0x00000000c5b00000, 0x00000000c5b00000|100%| O|  |TAMS 0x00000000c5a00000| PB 0x00000000c5a00000| Untracked 
|  91|0x00000000c5b00000, 0x00000000c5c00000, 0x00000000c5c00000|100%| O|  |TAMS 0x00000000c5b00000| PB 0x00000000c5b00000| Untracked 
|  92|0x00000000c5c00000, 0x00000000c5d00000, 0x00000000c5d00000|100%| O|  |TAMS 0x00000000c5c00000| PB 0x00000000c5c00000| Untracked 
|  93|0x00000000c5d00000, 0x00000000c5e00000, 0x00000000c5e00000|100%| O|  |TAMS 0x00000000c5d00000| PB 0x00000000c5d00000| Untracked 
|  94|0x00000000c5e00000, 0x00000000c5f00000, 0x00000000c5f00000|100%|HS|  |TAMS 0x00000000c5e00000| PB 0x00000000c5e00000| Complete 
|  95|0x00000000c5f00000, 0x00000000c6000000, 0x00000000c6000000|100%| O|CS|TAMS 0x00000000c5f00000| PB 0x00000000c5f00000| Complete 
|  96|0x00000000c6000000, 0x00000000c6100000, 0x00000000c6100000|100%| O|  |TAMS 0x00000000c6000000| PB 0x00000000c6000000| Untracked 
|  97|0x00000000c6100000, 0x00000000c6200000, 0x00000000c6200000|100%| O|  |TAMS 0x00000000c6100000| PB 0x00000000c6100000| Untracked 
|  98|0x00000000c6200000, 0x00000000c6300000, 0x00000000c6300000|100%| O|  |TAMS 0x00000000c6200000| PB 0x00000000c6200000| Untracked 
|  99|0x00000000c6300000, 0x00000000c6400000, 0x00000000c6400000|100%| O|  |TAMS 0x00000000c6300000| PB 0x00000000c6300000| Untracked 
| 100|0x00000000c6400000, 0x00000000c6500000, 0x00000000c6500000|100%| O|  |TAMS 0x00000000c6400000| PB 0x00000000c6400000| Untracked 
| 101|0x00000000c6500000, 0x00000000c6600000, 0x00000000c6600000|100%| O|  |TAMS 0x00000000c6500000| PB 0x00000000c6500000| Untracked 
| 102|0x00000000c6600000, 0x00000000c6700000, 0x00000000c6700000|100%| O|  |TAMS 0x00000000c6600000| PB 0x00000000c6600000| Untracked 
| 103|0x00000000c6700000, 0x00000000c6800000, 0x00000000c6800000|100%| O|  |TAMS 0x00000000c6700000| PB 0x00000000c6700000| Untracked 
| 104|0x00000000c6800000, 0x00000000c6900000, 0x00000000c6900000|100%| O|  |TAMS 0x00000000c6800000| PB 0x00000000c6800000| Untracked 
| 105|0x00000000c6900000, 0x00000000c6a00000, 0x00000000c6a00000|100%| O|  |TAMS 0x00000000c6900000| PB 0x00000000c6900000| Untracked 
| 106|0x00000000c6a00000, 0x00000000c6b00000, 0x00000000c6b00000|100%| O|  |TAMS 0x00000000c6a00000| PB 0x00000000c6a00000| Untracked 
| 107|0x00000000c6b00000, 0x00000000c6c00000, 0x00000000c6c00000|100%| O|  |TAMS 0x00000000c6b00000| PB 0x00000000c6b00000| Untracked 
| 108|0x00000000c6c00000, 0x00000000c6d00000, 0x00000000c6d00000|100%| O|  |TAMS 0x00000000c6c00000| PB 0x00000000c6c00000| Untracked 
| 109|0x00000000c6d00000, 0x00000000c6e00000, 0x00000000c6e00000|100%| O|  |TAMS 0x00000000c6d00000| PB 0x00000000c6d00000| Untracked 
| 110|0x00000000c6e00000, 0x00000000c6f00000, 0x00000000c6f00000|100%| O|  |TAMS 0x00000000c6e00000| PB 0x00000000c6e00000| Untracked 
| 111|0x00000000c6f00000, 0x00000000c7000000, 0x00000000c7000000|100%| O|  |TAMS 0x00000000c6f00000| PB 0x00000000c6f00000| Untracked 
| 112|0x00000000c7000000, 0x00000000c7100000, 0x00000000c7100000|100%| O|  |TAMS 0x00000000c7000000| PB 0x00000000c7000000| Untracked 
| 113|0x00000000c7100000, 0x00000000c7200000, 0x00000000c7200000|100%| O|  |TAMS 0x00000000c7100000| PB 0x00000000c7100000| Untracked 
| 114|0x00000000c7200000, 0x00000000c7300000, 0x00000000c7300000|100%| O|  |TAMS 0x00000000c7200000| PB 0x00000000c7200000| Untracked 
| 115|0x00000000c7300000, 0x00000000c7400000, 0x00000000c7400000|100%| O|CS|TAMS 0x00000000c7300000| PB 0x00000000c7300000| Complete 
| 116|0x00000000c7400000, 0x00000000c7500000, 0x00000000c7500000|100%|HS|  |TAMS 0x00000000c7400000| PB 0x00000000c7400000| Complete 
| 117|0x00000000c7500000, 0x00000000c7600000, 0x00000000c7600000|100%| O|  |TAMS 0x00000000c7500000| PB 0x00000000c7500000| Untracked 
| 118|0x00000000c7600000, 0x00000000c7700000, 0x00000000c7700000|100%| O|  |TAMS 0x00000000c7600000| PB 0x00000000c7600000| Untracked 
| 119|0x00000000c7700000, 0x00000000c7800000, 0x00000000c7800000|100%| O|  |TAMS 0x00000000c7700000| PB 0x00000000c7700000| Untracked 
| 120|0x00000000c7800000, 0x00000000c7900000, 0x00000000c7900000|100%| O|  |TAMS 0x00000000c7800000| PB 0x00000000c7800000| Untracked 
| 121|0x00000000c7900000, 0x00000000c7a00000, 0x00000000c7a00000|100%| O|  |TAMS 0x00000000c7900000| PB 0x00000000c7900000| Untracked 
| 122|0x00000000c7a00000, 0x00000000c7b00000, 0x00000000c7b00000|100%| O|  |TAMS 0x00000000c7a00000| PB 0x00000000c7a00000| Untracked 
| 123|0x00000000c7b00000, 0x00000000c7c00000, 0x00000000c7c00000|100%| O|  |TAMS 0x00000000c7b00000| PB 0x00000000c7b00000| Untracked 
| 124|0x00000000c7c00000, 0x00000000c7d00000, 0x00000000c7d00000|100%| O|  |TAMS 0x00000000c7c00000| PB 0x00000000c7c00000| Untracked 
| 125|0x00000000c7d00000, 0x00000000c7e00000, 0x00000000c7e00000|100%| O|  |TAMS 0x00000000c7d00000| PB 0x00000000c7d00000| Untracked 
| 126|0x00000000c7e00000, 0x00000000c7f00000, 0x00000000c7f00000|100%|HS|  |TAMS 0x00000000c7e00000| PB 0x00000000c7e00000| Complete 
| 127|0x00000000c7f00000, 0x00000000c8000000, 0x00000000c8000000|100%|HC|  |TAMS 0x00000000c7f00000| PB 0x00000000c7f00000| Complete 
| 128|0x00000000c8000000, 0x00000000c8100000, 0x00000000c8100000|100%| O|  |TAMS 0x00000000c8000000| PB 0x00000000c8000000| Untracked 
| 129|0x00000000c8100000, 0x00000000c8200000, 0x00000000c8200000|100%| O|  |TAMS 0x00000000c8100000| PB 0x00000000c8100000| Untracked 
| 130|0x00000000c8200000, 0x00000000c8300000, 0x00000000c8300000|100%| O|  |TAMS 0x00000000c8200000| PB 0x00000000c8200000| Untracked 
| 131|0x00000000c8300000, 0x00000000c8400000, 0x00000000c8400000|100%| O|  |TAMS 0x00000000c8300000| PB 0x00000000c8300000| Untracked 
| 132|0x00000000c8400000, 0x00000000c8500000, 0x00000000c8500000|100%| O|  |TAMS 0x00000000c8400000| PB 0x00000000c8400000| Untracked 
| 133|0x00000000c8500000, 0x00000000c8600000, 0x00000000c8600000|100%| O|  |TAMS 0x00000000c8500000| PB 0x00000000c8500000| Untracked 
| 134|0x00000000c8600000, 0x00000000c8700000, 0x00000000c8700000|100%| O|  |TAMS 0x00000000c8600000| PB 0x00000000c8600000| Untracked 
| 135|0x00000000c8700000, 0x00000000c8800000, 0x00000000c8800000|100%| O|  |TAMS 0x00000000c8700000| PB 0x00000000c8700000| Untracked 
| 136|0x00000000c8800000, 0x00000000c8900000, 0x00000000c8900000|100%| O|CS|TAMS 0x00000000c8800000| PB 0x00000000c8800000| Complete 
| 137|0x00000000c8900000, 0x00000000c8a00000, 0x00000000c8a00000|100%| O|  |TAMS 0x00000000c8900000| PB 0x00000000c8900000| Untracked 
| 138|0x00000000c8a00000, 0x00000000c8b00000, 0x00000000c8b00000|100%| O|  |TAMS 0x00000000c8a00000| PB 0x00000000c8a00000| Untracked 
| 139|0x00000000c8b00000, 0x00000000c8c00000, 0x00000000c8c00000|100%| O|  |TAMS 0x00000000c8b00000| PB 0x00000000c8b00000| Untracked 
| 140|0x00000000c8c00000, 0x00000000c8d00000, 0x00000000c8d00000|100%| O|  |TAMS 0x00000000c8c00000| PB 0x00000000c8c00000| Untracked 
| 141|0x00000000c8d00000, 0x00000000c8e00000, 0x00000000c8e00000|100%| O|  |TAMS 0x00000000c8d00000| PB 0x00000000c8d00000| Untracked 
| 142|0x00000000c8e00000, 0x00000000c8f00000, 0x00000000c8f00000|100%| O|  |TAMS 0x00000000c8e00000| PB 0x00000000c8e00000| Untracked 
| 143|0x00000000c8f00000, 0x00000000c9000000, 0x00000000c9000000|100%| O|  |TAMS 0x00000000c8f00000| PB 0x00000000c8f00000| Untracked 
| 144|0x00000000c9000000, 0x00000000c9100000, 0x00000000c9100000|100%| O|  |TAMS 0x00000000c9000000| PB 0x00000000c9000000| Untracked 
| 145|0x00000000c9100000, 0x00000000c9200000, 0x00000000c9200000|100%| O|  |TAMS 0x00000000c9100000| PB 0x00000000c9100000| Untracked 
| 146|0x00000000c9200000, 0x00000000c9300000, 0x00000000c9300000|100%| O|  |TAMS 0x00000000c9200000| PB 0x00000000c9200000| Untracked 
| 147|0x00000000c9300000, 0x00000000c9400000, 0x00000000c9400000|100%| O|  |TAMS 0x00000000c9300000| PB 0x00000000c9300000| Untracked 
| 148|0x00000000c9400000, 0x00000000c9500000, 0x00000000c9500000|100%| O|  |TAMS 0x00000000c9400000| PB 0x00000000c9400000| Untracked 
| 149|0x00000000c9500000, 0x00000000c9600000, 0x00000000c9600000|100%| O|  |TAMS 0x00000000c9500000| PB 0x00000000c9500000| Untracked 
| 150|0x00000000c9600000, 0x00000000c9700000, 0x00000000c9700000|100%| O|  |TAMS 0x00000000c9600000| PB 0x00000000c9600000| Untracked 
| 151|0x00000000c9700000, 0x00000000c9800000, 0x00000000c9800000|100%| O|  |TAMS 0x00000000c9700000| PB 0x00000000c9700000| Untracked 
| 152|0x00000000c9800000, 0x00000000c9900000, 0x00000000c9900000|100%| O|  |TAMS 0x00000000c9800000| PB 0x00000000c9800000| Untracked 
| 153|0x00000000c9900000, 0x00000000c9a00000, 0x00000000c9a00000|100%| O|CS|TAMS 0x00000000c9900000| PB 0x00000000c9900000| Complete 
| 154|0x00000000c9a00000, 0x00000000c9b00000, 0x00000000c9b00000|100%| O|  |TAMS 0x00000000c9a00000| PB 0x00000000c9a00000| Untracked 
| 155|0x00000000c9b00000, 0x00000000c9c00000, 0x00000000c9c00000|100%| O|  |TAMS 0x00000000c9b00000| PB 0x00000000c9b00000| Untracked 
| 156|0x00000000c9c00000, 0x00000000c9d00000, 0x00000000c9d00000|100%| O|  |TAMS 0x00000000c9c00000| PB 0x00000000c9c00000| Untracked 
| 157|0x00000000c9d00000, 0x00000000c9e00000, 0x00000000c9e00000|100%| O|  |TAMS 0x00000000c9d00000| PB 0x00000000c9d00000| Untracked 
| 158|0x00000000c9e00000, 0x00000000c9f00000, 0x00000000c9f00000|100%| O|  |TAMS 0x00000000c9e00000| PB 0x00000000c9e00000| Untracked 
| 159|0x00000000c9f00000, 0x00000000ca000000, 0x00000000ca000000|100%| O|  |TAMS 0x00000000c9f00000| PB 0x00000000c9f00000| Untracked 
| 160|0x00000000ca000000, 0x00000000ca100000, 0x00000000ca100000|100%| O|  |TAMS 0x00000000ca000000| PB 0x00000000ca000000| Untracked 
| 161|0x00000000ca100000, 0x00000000ca200000, 0x00000000ca200000|100%| O|  |TAMS 0x00000000ca100000| PB 0x00000000ca100000| Untracked 
| 162|0x00000000ca200000, 0x00000000ca300000, 0x00000000ca300000|100%| O|  |TAMS 0x00000000ca200000| PB 0x00000000ca200000| Untracked 
| 163|0x00000000ca300000, 0x00000000ca400000, 0x00000000ca400000|100%| O|  |TAMS 0x00000000ca300000| PB 0x00000000ca300000| Untracked 
| 164|0x00000000ca400000, 0x00000000ca500000, 0x00000000ca500000|100%| O|  |TAMS 0x00000000ca400000| PB 0x00000000ca400000| Untracked 
| 165|0x00000000ca500000, 0x00000000ca600000, 0x00000000ca600000|100%| O|  |TAMS 0x00000000ca500000| PB 0x00000000ca500000| Untracked 
| 166|0x00000000ca600000, 0x00000000ca700000, 0x00000000ca700000|100%| O|CS|TAMS 0x00000000ca600000| PB 0x00000000ca600000| Complete 
| 167|0x00000000ca700000, 0x00000000ca800000, 0x00000000ca800000|100%| O|  |TAMS 0x00000000ca700000| PB 0x00000000ca700000| Untracked 
| 168|0x00000000ca800000, 0x00000000ca900000, 0x00000000ca900000|100%| O|  |TAMS 0x00000000ca800000| PB 0x00000000ca800000| Untracked 
| 169|0x00000000ca900000, 0x00000000caa00000, 0x00000000caa00000|100%| O|  |TAMS 0x00000000ca900000| PB 0x00000000ca900000| Untracked 
| 170|0x00000000caa00000, 0x00000000cab00000, 0x00000000cab00000|100%| O|  |TAMS 0x00000000caa00000| PB 0x00000000caa00000| Untracked 
| 171|0x00000000cab00000, 0x00000000cac00000, 0x00000000cac00000|100%| O|  |TAMS 0x00000000cab00000| PB 0x00000000cab00000| Untracked 
| 172|0x00000000cac00000, 0x00000000cad00000, 0x00000000cad00000|100%| O|  |TAMS 0x00000000cac00000| PB 0x00000000cac00000| Untracked 
| 173|0x00000000cad00000, 0x00000000cae00000, 0x00000000cae00000|100%| O|  |TAMS 0x00000000cad00000| PB 0x00000000cad00000| Untracked 
| 174|0x00000000cae00000, 0x00000000caf00000, 0x00000000caf00000|100%| O|  |TAMS 0x00000000cae00000| PB 0x00000000cae00000| Untracked 
| 175|0x00000000caf00000, 0x00000000cb000000, 0x00000000cb000000|100%| O|  |TAMS 0x00000000caf00000| PB 0x00000000caf00000| Untracked 
| 176|0x00000000cb000000, 0x00000000cb100000, 0x00000000cb100000|100%| O|  |TAMS 0x00000000cb000000| PB 0x00000000cb000000| Untracked 
| 177|0x00000000cb100000, 0x00000000cb200000, 0x00000000cb200000|100%| O|  |TAMS 0x00000000cb100000| PB 0x00000000cb100000| Untracked 
| 178|0x00000000cb200000, 0x00000000cb300000, 0x00000000cb300000|100%| O|  |TAMS 0x00000000cb200000| PB 0x00000000cb200000| Untracked 
| 179|0x00000000cb300000, 0x00000000cb400000, 0x00000000cb400000|100%| O|  |TAMS 0x00000000cb300000| PB 0x00000000cb300000| Untracked 
| 180|0x00000000cb400000, 0x00000000cb500000, 0x00000000cb500000|100%| O|CS|TAMS 0x00000000cb400000| PB 0x00000000cb400000| Complete 
| 181|0x00000000cb500000, 0x00000000cb600000, 0x00000000cb600000|100%| O|  |TAMS 0x00000000cb500000| PB 0x00000000cb500000| Untracked 
| 182|0x00000000cb600000, 0x00000000cb700000, 0x00000000cb700000|100%| E|CS|TAMS 0x00000000cb600000| PB 0x00000000cb600000| Complete 
| 183|0x00000000cb700000, 0x00000000cb800000, 0x00000000cb800000|100%| O|CS|TAMS 0x00000000cb700000| PB 0x00000000cb700000| Complete 
| 184|0x00000000cb800000, 0x00000000cb900000, 0x00000000cb900000|100%| O|  |TAMS 0x00000000cb800000| PB 0x00000000cb800000| Untracked 
| 185|0x00000000cb900000, 0x00000000cba00000, 0x00000000cba00000|100%| O|  |TAMS 0x00000000cb900000| PB 0x00000000cb900000| Untracked 
| 186|0x00000000cba00000, 0x00000000cbb00000, 0x00000000cbb00000|100%| O|  |TAMS 0x00000000cba00000| PB 0x00000000cba00000| Untracked 
| 187|0x00000000cbb00000, 0x00000000cbc00000, 0x00000000cbc00000|100%| E|CS|TAMS 0x00000000cbb00000| PB 0x00000000cbb00000| Complete 
| 188|0x00000000cbc00000, 0x00000000cbd00000, 0x00000000cbd00000|100%| O|  |TAMS 0x00000000cbc00000| PB 0x00000000cbc00000| Untracked 
| 189|0x00000000cbd00000, 0x00000000cbe00000, 0x00000000cbe00000|100%| O|  |TAMS 0x00000000cbd00000| PB 0x00000000cbd00000| Untracked 
| 190|0x00000000cbe00000, 0x00000000cbf00000, 0x00000000cbf00000|100%| O|  |TAMS 0x00000000cbe00000| PB 0x00000000cbe00000| Untracked 
| 191|0x00000000cbf00000, 0x00000000cc000000, 0x00000000cc000000|100%| O|  |TAMS 0x00000000cbf00000| PB 0x00000000cbf00000| Untracked 
| 192|0x00000000cc000000, 0x00000000cc100000, 0x00000000cc100000|100%| O|CS|TAMS 0x00000000cc000000| PB 0x00000000cc000000| Complete 
| 193|0x00000000cc100000, 0x00000000cc200000, 0x00000000cc200000|100%| E|CS|TAMS 0x00000000cc100000| PB 0x00000000cc100000| Complete 
| 194|0x00000000cc200000, 0x00000000cc300000, 0x00000000cc300000|100%| E|CS|TAMS 0x00000000cc200000| PB 0x00000000cc200000| Complete 
| 195|0x00000000cc300000, 0x00000000cc400000, 0x00000000cc400000|100%| E|CS|TAMS 0x00000000cc300000| PB 0x00000000cc300000| Complete 
| 196|0x00000000cc400000, 0x00000000cc500000, 0x00000000cc500000|100%| O|  |TAMS 0x00000000cc400000| PB 0x00000000cc400000| Untracked 
| 197|0x00000000cc500000, 0x00000000cc600000, 0x00000000cc600000|100%| E|CS|TAMS 0x00000000cc500000| PB 0x00000000cc500000| Complete 
| 198|0x00000000cc600000, 0x00000000cc700000, 0x00000000cc700000|100%| E|CS|TAMS 0x00000000cc600000| PB 0x00000000cc600000| Complete 
| 199|0x00000000cc700000, 0x00000000cc800000, 0x00000000cc800000|100%| E|CS|TAMS 0x00000000cc700000| PB 0x00000000cc700000| Complete 
| 200|0x00000000cc800000, 0x00000000cc900000, 0x00000000cc900000|100%| E|CS|TAMS 0x00000000cc800000| PB 0x00000000cc800000| Complete 
| 201|0x00000000cc900000, 0x00000000cca00000, 0x00000000cca00000|100%| E|CS|TAMS 0x00000000cc900000| PB 0x00000000cc900000| Complete 
| 202|0x00000000cca00000, 0x00000000ccb00000, 0x00000000ccb00000|100%| E|CS|TAMS 0x00000000cca00000| PB 0x00000000cca00000| Complete 
| 203|0x00000000ccb00000, 0x00000000ccc00000, 0x00000000ccc00000|100%| E|CS|TAMS 0x00000000ccb00000| PB 0x00000000ccb00000| Complete 
| 204|0x00000000ccc00000, 0x00000000ccd00000, 0x00000000ccd00000|100%| E|CS|TAMS 0x00000000ccc00000| PB 0x00000000ccc00000| Complete 
| 205|0x00000000ccd00000, 0x00000000cce00000, 0x00000000cce00000|100%| E|CS|TAMS 0x00000000ccd00000| PB 0x00000000ccd00000| Complete 
| 206|0x00000000cce00000, 0x00000000ccf00000, 0x00000000ccf00000|100%| O|CS|TAMS 0x00000000cce00000| PB 0x00000000cce00000| Complete 
| 207|0x00000000ccf00000, 0x00000000cd000000, 0x00000000cd000000|100%| E|CS|TAMS 0x00000000ccf00000| PB 0x00000000ccf00000| Complete 
| 208|0x00000000cd000000, 0x00000000cd100000, 0x00000000cd100000|100%| E|CS|TAMS 0x00000000cd000000| PB 0x00000000cd000000| Complete 
| 209|0x00000000cd100000, 0x00000000cd200000, 0x00000000cd200000|100%| O|  |TAMS 0x00000000cd100000| PB 0x00000000cd100000| Untracked 
| 210|0x00000000cd200000, 0x00000000cd300000, 0x00000000cd300000|100%| O|  |TAMS 0x00000000cd200000| PB 0x00000000cd200000| Untracked 
| 211|0x00000000cd300000, 0x00000000cd400000, 0x00000000cd400000|100%| O|  |TAMS 0x00000000cd300000| PB 0x00000000cd300000| Untracked 
| 212|0x00000000cd400000, 0x00000000cd500000, 0x00000000cd500000|100%| E|CS|TAMS 0x00000000cd400000| PB 0x00000000cd400000| Complete 
| 213|0x00000000cd500000, 0x00000000cd600000, 0x00000000cd600000|100%| E|CS|TAMS 0x00000000cd500000| PB 0x00000000cd500000| Complete 
| 214|0x00000000cd600000, 0x00000000cd700000, 0x00000000cd700000|100%| E|CS|TAMS 0x00000000cd600000| PB 0x00000000cd600000| Complete 
| 215|0x00000000cd700000, 0x00000000cd800000, 0x00000000cd800000|100%| O|  |TAMS 0x00000000cd700000| PB 0x00000000cd700000| Untracked 
| 216|0x00000000cd800000, 0x00000000cd900000, 0x00000000cd900000|100%| E|CS|TAMS 0x00000000cd800000| PB 0x00000000cd800000| Complete 
| 217|0x00000000cd900000, 0x00000000cda00000, 0x00000000cda00000|100%| E|CS|TAMS 0x00000000cd900000| PB 0x00000000cd900000| Complete 
| 218|0x00000000cda00000, 0x00000000cdb00000, 0x00000000cdb00000|100%| O|  |TAMS 0x00000000cda00000| PB 0x00000000cda00000| Untracked 
| 219|0x00000000cdb00000, 0x00000000cdc00000, 0x00000000cdc00000|100%| E|CS|TAMS 0x00000000cdb00000| PB 0x00000000cdb00000| Complete 
| 220|0x00000000cdc00000, 0x00000000cdd00000, 0x00000000cdd00000|100%| E|CS|TAMS 0x00000000cdc00000| PB 0x00000000cdc00000| Complete 
| 221|0x00000000cdd00000, 0x00000000cde00000, 0x00000000cde00000|100%| E|CS|TAMS 0x00000000cdd00000| PB 0x00000000cdd00000| Complete 
| 222|0x00000000cde00000, 0x00000000cdf00000, 0x00000000cdf00000|100%| O|CS|TAMS 0x00000000cde00000| PB 0x00000000cde00000| Complete 
| 223|0x00000000cdf00000, 0x00000000ce000000, 0x00000000ce000000|100%| E|CS|TAMS 0x00000000cdf00000| PB 0x00000000cdf00000| Complete 
| 224|0x00000000ce000000, 0x00000000ce100000, 0x00000000ce100000|100%| E|CS|TAMS 0x00000000ce000000| PB 0x00000000ce000000| Complete 
| 225|0x00000000ce100000, 0x00000000ce200000, 0x00000000ce200000|100%| E|CS|TAMS 0x00000000ce100000| PB 0x00000000ce100000| Complete 
| 226|0x00000000ce200000, 0x00000000ce300000, 0x00000000ce300000|100%| E|CS|TAMS 0x00000000ce200000| PB 0x00000000ce200000| Complete 
| 227|0x00000000ce300000, 0x00000000ce400000, 0x00000000ce400000|100%| E|CS|TAMS 0x00000000ce300000| PB 0x00000000ce300000| Complete 
| 228|0x00000000ce400000, 0x00000000ce500000, 0x00000000ce500000|100%| E|CS|TAMS 0x00000000ce400000| PB 0x00000000ce400000| Complete 
| 229|0x00000000ce500000, 0x00000000ce600000, 0x00000000ce600000|100%| E|CS|TAMS 0x00000000ce500000| PB 0x00000000ce500000| Complete 
| 230|0x00000000ce600000, 0x00000000ce700000, 0x00000000ce700000|100%| E|CS|TAMS 0x00000000ce600000| PB 0x00000000ce600000| Complete 
| 231|0x00000000ce700000, 0x00000000ce800000, 0x00000000ce800000|100%|HS|  |TAMS 0x00000000ce700000| PB 0x00000000ce700000| Complete 
| 232|0x00000000ce800000, 0x00000000ce900000, 0x00000000ce900000|100%|HC|  |TAMS 0x00000000ce800000| PB 0x00000000ce800000| Complete 
| 233|0x00000000ce900000, 0x00000000cea00000, 0x00000000cea00000|100%| O|  |TAMS 0x00000000ce900000| PB 0x00000000ce900000| Untracked 
| 234|0x00000000cea00000, 0x00000000ceb00000, 0x00000000ceb00000|100%| O|  |TAMS 0x00000000cea00000| PB 0x00000000cea00000| Untracked 
| 235|0x00000000ceb00000, 0x00000000cec00000, 0x00000000cec00000|100%| O|  |TAMS 0x00000000ceb00000| PB 0x00000000ceb00000| Untracked 
| 236|0x00000000cec00000, 0x00000000ced00000, 0x00000000ced00000|100%| E|CS|TAMS 0x00000000cec00000| PB 0x00000000cec00000| Complete 
| 237|0x00000000ced00000, 0x00000000cee00000, 0x00000000cee00000|100%| E|CS|TAMS 0x00000000ced00000| PB 0x00000000ced00000| Complete 
| 238|0x00000000cee00000, 0x00000000cef00000, 0x00000000cef00000|100%| E|CS|TAMS 0x00000000cee00000| PB 0x00000000cee00000| Complete 
| 239|0x00000000cef00000, 0x00000000cf000000, 0x00000000cf000000|100%| E|CS|TAMS 0x00000000cef00000| PB 0x00000000cef00000| Complete 
| 240|0x00000000cf000000, 0x00000000cf100000, 0x00000000cf100000|100%| E|CS|TAMS 0x00000000cf000000| PB 0x00000000cf000000| Complete 
| 241|0x00000000cf100000, 0x00000000cf200000, 0x00000000cf200000|100%| E|CS|TAMS 0x00000000cf100000| PB 0x00000000cf100000| Complete 
| 242|0x00000000cf200000, 0x00000000cf300000, 0x00000000cf300000|100%| E|CS|TAMS 0x00000000cf200000| PB 0x00000000cf200000| Complete 
| 243|0x00000000cf300000, 0x00000000cf400000, 0x00000000cf400000|100%| E|CS|TAMS 0x00000000cf300000| PB 0x00000000cf300000| Complete 
| 244|0x00000000cf400000, 0x00000000cf500000, 0x00000000cf500000|100%| E|CS|TAMS 0x00000000cf400000| PB 0x00000000cf400000| Complete 
| 245|0x00000000cf500000, 0x00000000cf600000, 0x00000000cf600000|100%| E|CS|TAMS 0x00000000cf500000| PB 0x00000000cf500000| Complete 
| 246|0x00000000cf600000, 0x00000000cf700000, 0x00000000cf700000|100%| E|CS|TAMS 0x00000000cf600000| PB 0x00000000cf600000| Complete 
| 247|0x00000000cf700000, 0x00000000cf800000, 0x00000000cf800000|100%| E|CS|TAMS 0x00000000cf700000| PB 0x00000000cf700000| Complete 
| 248|0x00000000cf800000, 0x00000000cf900000, 0x00000000cf900000|100%| E|CS|TAMS 0x00000000cf800000| PB 0x00000000cf800000| Complete 
| 249|0x00000000cf900000, 0x00000000cfa00000, 0x00000000cfa00000|100%| E|CS|TAMS 0x00000000cf900000| PB 0x00000000cf900000| Complete 
| 250|0x00000000cfa00000, 0x00000000cfb00000, 0x00000000cfb00000|100%| E|CS|TAMS 0x00000000cfa00000| PB 0x00000000cfa00000| Complete 
| 251|0x00000000cfb00000, 0x00000000cfc00000, 0x00000000cfc00000|100%| O|  |TAMS 0x00000000cfb00000| PB 0x00000000cfb00000| Untracked 
| 252|0x00000000cfc00000, 0x00000000cfd00000, 0x00000000cfd00000|100%| O|  |TAMS 0x00000000cfc00000| PB 0x00000000cfc00000| Untracked 
| 253|0x00000000cfd00000, 0x00000000cfe00000, 0x00000000cfe00000|100%| O|  |TAMS 0x00000000cfd00000| PB 0x00000000cfd00000| Untracked 
| 254|0x00000000cfe00000, 0x00000000cff00000, 0x00000000cff00000|100%| O|  |TAMS 0x00000000cfe00000| PB 0x00000000cfe00000| Untracked 
| 255|0x00000000cff00000, 0x00000000d0000000, 0x00000000d0000000|100%| O|  |TAMS 0x00000000cff00000| PB 0x00000000cff00000| Untracked 
| 256|0x00000000d0000000, 0x00000000d0100000, 0x00000000d0100000|100%| O|  |TAMS 0x00000000d0000000| PB 0x00000000d0000000| Untracked 
| 257|0x00000000d0100000, 0x00000000d0200000, 0x00000000d0200000|100%| O|  |TAMS 0x00000000d0100000| PB 0x00000000d0100000| Untracked 
| 258|0x00000000d0200000, 0x00000000d0300000, 0x00000000d0300000|100%| O|  |TAMS 0x00000000d0200000| PB 0x00000000d0200000| Untracked 
| 259|0x00000000d0300000, 0x00000000d0400000, 0x00000000d0400000|100%| O|  |TAMS 0x00000000d0300000| PB 0x00000000d0300000| Untracked 
| 260|0x00000000d0400000, 0x00000000d0500000, 0x00000000d0500000|100%| O|  |TAMS 0x00000000d0400000| PB 0x00000000d0400000| Untracked 
| 261|0x00000000d0500000, 0x00000000d0600000, 0x00000000d0600000|100%| O|  |TAMS 0x00000000d0500000| PB 0x00000000d0500000| Untracked 
| 262|0x00000000d0600000, 0x00000000d0700000, 0x00000000d0700000|100%| O|  |TAMS 0x00000000d0600000| PB 0x00000000d0600000| Untracked 
| 263|0x00000000d0700000, 0x00000000d0800000, 0x00000000d0800000|100%| O|  |TAMS 0x00000000d0700000| PB 0x00000000d0700000| Untracked 
| 264|0x00000000d0800000, 0x00000000d0900000, 0x00000000d0900000|100%| O|  |TAMS 0x00000000d0800000| PB 0x00000000d0800000| Untracked 
| 265|0x00000000d0900000, 0x00000000d0a00000, 0x00000000d0a00000|100%| O|  |TAMS 0x00000000d0900000| PB 0x00000000d0900000| Untracked 
| 266|0x00000000d0a00000, 0x00000000d0b00000, 0x00000000d0b00000|100%| O|  |TAMS 0x00000000d0a00000| PB 0x00000000d0a00000| Untracked 
| 267|0x00000000d0b00000, 0x00000000d0c00000, 0x00000000d0c00000|100%| O|  |TAMS 0x00000000d0b00000| PB 0x00000000d0b00000| Untracked 
| 268|0x00000000d0c00000, 0x00000000d0d00000, 0x00000000d0d00000|100%| O|  |TAMS 0x00000000d0c00000| PB 0x00000000d0c00000| Untracked 
| 269|0x00000000d0d00000, 0x00000000d0e00000, 0x00000000d0e00000|100%| O|  |TAMS 0x00000000d0d00000| PB 0x00000000d0d00000| Untracked 
| 270|0x00000000d0e00000, 0x00000000d0f00000, 0x00000000d0f00000|100%| O|  |TAMS 0x00000000d0e00000| PB 0x00000000d0e00000| Untracked 
| 271|0x00000000d0f00000, 0x00000000d1000000, 0x00000000d1000000|100%| O|  |TAMS 0x00000000d0f00000| PB 0x00000000d0f00000| Untracked 
| 272|0x00000000d1000000, 0x00000000d1100000, 0x00000000d1100000|100%| O|  |TAMS 0x00000000d1000000| PB 0x00000000d1000000| Untracked 
| 273|0x00000000d1100000, 0x00000000d1200000, 0x00000000d1200000|100%| O|  |TAMS 0x00000000d1100000| PB 0x00000000d1100000| Untracked 
| 274|0x00000000d1200000, 0x00000000d1300000, 0x00000000d1300000|100%| O|  |TAMS 0x00000000d1200000| PB 0x00000000d1200000| Untracked 
| 275|0x00000000d1300000, 0x00000000d1400000, 0x00000000d1400000|100%| O|  |TAMS 0x00000000d1300000| PB 0x00000000d1300000| Untracked 
| 276|0x00000000d1400000, 0x00000000d1500000, 0x00000000d1500000|100%| O|  |TAMS 0x00000000d1400000| PB 0x00000000d1400000| Untracked 
| 277|0x00000000d1500000, 0x00000000d1600000, 0x00000000d1600000|100%| O|  |TAMS 0x00000000d1500000| PB 0x00000000d1500000| Untracked 
| 278|0x00000000d1600000, 0x00000000d1700000, 0x00000000d1700000|100%| O|  |TAMS 0x00000000d1600000| PB 0x00000000d1600000| Untracked 
| 279|0x00000000d1700000, 0x00000000d1800000, 0x00000000d1800000|100%| O|  |TAMS 0x00000000d1700000| PB 0x00000000d1700000| Untracked 
| 280|0x00000000d1800000, 0x00000000d1900000, 0x00000000d1900000|100%| O|  |TAMS 0x00000000d1800000| PB 0x00000000d1800000| Untracked 
| 281|0x00000000d1900000, 0x00000000d1a00000, 0x00000000d1a00000|100%| S|  |TAMS 0x00000000d1900000| PB 0x00000000d1900000| Complete 
| 282|0x00000000d1a00000, 0x00000000d1b00000, 0x00000000d1b00000|100%| S|  |TAMS 0x00000000d1a00000| PB 0x00000000d1a00000| Complete 
| 283|0x00000000d1b00000, 0x00000000d1c00000, 0x00000000d1c00000|100%| S|  |TAMS 0x00000000d1b00000| PB 0x00000000d1b00000| Complete 
| 284|0x00000000d1c00000, 0x00000000d1d00000, 0x00000000d1d00000|100%| S|  |TAMS 0x00000000d1c00000| PB 0x00000000d1c00000| Complete 
| 285|0x00000000d1d00000, 0x00000000d1e00000, 0x00000000d1e00000|100%| S|  |TAMS 0x00000000d1d00000| PB 0x00000000d1d00000| Complete 
| 286|0x00000000d1e00000, 0x00000000d1f00000, 0x00000000d1f00000|100%| S|  |TAMS 0x00000000d1e00000| PB 0x00000000d1e00000| Complete 
| 287|0x00000000d1f00000, 0x00000000d2000000, 0x00000000d2000000|100%| S|  |TAMS 0x00000000d1f00000| PB 0x00000000d1f00000| Complete 
| 288|0x00000000d2000000, 0x00000000d2100000, 0x00000000d2100000|100%| S|  |TAMS 0x00000000d2000000| PB 0x00000000d2000000| Complete 
| 289|0x00000000d2100000, 0x00000000d2200000, 0x00000000d2200000|100%| S|  |TAMS 0x00000000d2100000| PB 0x00000000d2100000| Complete 
| 290|0x00000000d2200000, 0x00000000d2300000, 0x00000000d2300000|100%| S|  |TAMS 0x00000000d2200000| PB 0x00000000d2200000| Complete 
| 291|0x00000000d2300000, 0x00000000d2400000, 0x00000000d2400000|100%| S|  |TAMS 0x00000000d2300000| PB 0x00000000d2300000| Complete 
| 292|0x00000000d2400000, 0x00000000d2500000, 0x00000000d2500000|100%| S|  |TAMS 0x00000000d2400000| PB 0x00000000d2400000| Complete 
| 293|0x00000000d2500000, 0x00000000d2600000, 0x00000000d2600000|100%| S|  |TAMS 0x00000000d2500000| PB 0x00000000d2500000| Complete 
| 294|0x00000000d2600000, 0x00000000d2700000, 0x00000000d2700000|100%| S|  |TAMS 0x00000000d2600000| PB 0x00000000d2600000| Complete 
| 295|0x00000000d2700000, 0x00000000d2800000, 0x00000000d2800000|100%| S|  |TAMS 0x00000000d2700000| PB 0x00000000d2700000| Complete 
| 296|0x00000000d2800000, 0x00000000d2900000, 0x00000000d2900000|100%| S|  |TAMS 0x00000000d2800000| PB 0x00000000d2800000| Complete 
| 297|0x00000000d2900000, 0x00000000d2a00000, 0x00000000d2a00000|100%| E|CS|TAMS 0x00000000d2900000| PB 0x00000000d2900000| Complete 
| 298|0x00000000d2a00000, 0x00000000d2b00000, 0x00000000d2b00000|100%| E|CS|TAMS 0x00000000d2a00000| PB 0x00000000d2a00000| Complete 
| 299|0x00000000d2b00000, 0x00000000d2c00000, 0x00000000d2c00000|100%| E|CS|TAMS 0x00000000d2b00000| PB 0x00000000d2b00000| Complete 
| 300|0x00000000d2c00000, 0x00000000d2d00000, 0x00000000d2d00000|100%| E|CS|TAMS 0x00000000d2c00000| PB 0x00000000d2c00000| Complete 
| 301|0x00000000d2d00000, 0x00000000d2e00000, 0x00000000d2e00000|100%| E|CS|TAMS 0x00000000d2d00000| PB 0x00000000d2d00000| Complete 
| 302|0x00000000d2e00000, 0x00000000d2f00000, 0x00000000d2f00000|100%| E|CS|TAMS 0x00000000d2e00000| PB 0x00000000d2e00000| Complete 
| 303|0x00000000d2f00000, 0x00000000d3000000, 0x00000000d3000000|100%| E|CS|TAMS 0x00000000d2f00000| PB 0x00000000d2f00000| Complete 
| 304|0x00000000d3000000, 0x00000000d3100000, 0x00000000d3100000|100%| O|CS|TAMS 0x00000000d3000000| PB 0x00000000d3000000| Complete 
| 305|0x00000000d3100000, 0x00000000d3200000, 0x00000000d3200000|100%| E|CS|TAMS 0x00000000d3100000| PB 0x00000000d3100000| Complete 
| 306|0x00000000d3200000, 0x00000000d3300000, 0x00000000d3300000|100%| E|CS|TAMS 0x00000000d3200000| PB 0x00000000d3200000| Complete 
| 307|0x00000000d3300000, 0x00000000d3400000, 0x00000000d3400000|100%| E|CS|TAMS 0x00000000d3300000| PB 0x00000000d3300000| Complete 
| 308|0x00000000d3400000, 0x00000000d3500000, 0x00000000d3500000|100%| O|  |TAMS 0x00000000d3400000| PB 0x00000000d3400000| Untracked 
| 309|0x00000000d3500000, 0x00000000d3600000, 0x00000000d3600000|100%| E|CS|TAMS 0x00000000d3500000| PB 0x00000000d3500000| Complete 
| 310|0x00000000d3600000, 0x00000000d3700000, 0x00000000d3700000|100%| E|CS|TAMS 0x00000000d3600000| PB 0x00000000d3600000| Complete 
| 311|0x00000000d3700000, 0x00000000d3800000, 0x00000000d3800000|100%| E|CS|TAMS 0x00000000d3700000| PB 0x00000000d3700000| Complete 
| 312|0x00000000d3800000, 0x00000000d3900000, 0x00000000d3900000|100%| E|CS|TAMS 0x00000000d3800000| PB 0x00000000d3800000| Complete 
| 313|0x00000000d3900000, 0x00000000d3a00000, 0x00000000d3a00000|100%| E|CS|TAMS 0x00000000d3900000| PB 0x00000000d3900000| Complete 
| 314|0x00000000d3a00000, 0x00000000d3b00000, 0x00000000d3b00000|100%| E|CS|TAMS 0x00000000d3a00000| PB 0x00000000d3a00000| Complete 
| 315|0x00000000d3b00000, 0x00000000d3c00000, 0x00000000d3c00000|100%| E|CS|TAMS 0x00000000d3b00000| PB 0x00000000d3b00000| Complete 
| 316|0x00000000d3c00000, 0x00000000d3d00000, 0x00000000d3d00000|100%| E|CS|TAMS 0x00000000d3c00000| PB 0x00000000d3c00000| Complete 
| 317|0x00000000d3d00000, 0x00000000d3e00000, 0x00000000d3e00000|100%| O|CS|TAMS 0x00000000d3d00000| PB 0x00000000d3d00000| Complete 
| 318|0x00000000d3e00000, 0x00000000d3f00000, 0x00000000d3f00000|100%| E|CS|TAMS 0x00000000d3e00000| PB 0x00000000d3e00000| Complete 
| 319|0x00000000d3f00000, 0x00000000d4000000, 0x00000000d4000000|100%| E|CS|TAMS 0x00000000d3f00000| PB 0x00000000d3f00000| Complete 
| 320|0x00000000d4000000, 0x00000000d4100000, 0x00000000d4100000|100%| E|CS|TAMS 0x00000000d4000000| PB 0x00000000d4000000| Complete 
| 321|0x00000000d4100000, 0x00000000d4200000, 0x00000000d4200000|100%| E|CS|TAMS 0x00000000d4100000| PB 0x00000000d4100000| Complete 
| 322|0x00000000d4200000, 0x00000000d4300000, 0x00000000d4300000|100%| E|CS|TAMS 0x00000000d4200000| PB 0x00000000d4200000| Complete 
| 323|0x00000000d4300000, 0x00000000d4400000, 0x00000000d4400000|100%| E|CS|TAMS 0x00000000d4300000| PB 0x00000000d4300000| Complete 
| 324|0x00000000d4400000, 0x00000000d4500000, 0x00000000d4500000|100%| E|CS|TAMS 0x00000000d4400000| PB 0x00000000d4400000| Complete 
| 325|0x00000000d4500000, 0x00000000d4600000, 0x00000000d4600000|100%| E|CS|TAMS 0x00000000d4500000| PB 0x00000000d4500000| Complete 
| 326|0x00000000d4600000, 0x00000000d4700000, 0x00000000d4700000|100%| E|CS|TAMS 0x00000000d4600000| PB 0x00000000d4600000| Complete 
| 327|0x00000000d4700000, 0x00000000d4800000, 0x00000000d4800000|100%| E|CS|TAMS 0x00000000d4700000| PB 0x00000000d4700000| Complete 
| 328|0x00000000d4800000, 0x00000000d4900000, 0x00000000d4900000|100%| E|CS|TAMS 0x00000000d4800000| PB 0x00000000d4800000| Complete 
| 329|0x00000000d4900000, 0x00000000d4a00000, 0x00000000d4a00000|100%| E|CS|TAMS 0x00000000d4900000| PB 0x00000000d4900000| Complete 
| 330|0x00000000d4a00000, 0x00000000d4b00000, 0x00000000d4b00000|100%| E|CS|TAMS 0x00000000d4a00000| PB 0x00000000d4a00000| Complete 
| 331|0x00000000d4b00000, 0x00000000d4c00000, 0x00000000d4c00000|100%| E|CS|TAMS 0x00000000d4b00000| PB 0x00000000d4b00000| Complete 
| 332|0x00000000d4c00000, 0x00000000d4d00000, 0x00000000d4d00000|100%| E|CS|TAMS 0x00000000d4c00000| PB 0x00000000d4c00000| Complete 
| 333|0x00000000d4d00000, 0x00000000d4e00000, 0x00000000d4e00000|100%| E|CS|TAMS 0x00000000d4d00000| PB 0x00000000d4d00000| Complete 
| 334|0x00000000d4e00000, 0x00000000d4f00000, 0x00000000d4f00000|100%| E|CS|TAMS 0x00000000d4e00000| PB 0x00000000d4e00000| Complete 
| 335|0x00000000d4f00000, 0x00000000d5000000, 0x00000000d5000000|100%| E|CS|TAMS 0x00000000d4f00000| PB 0x00000000d4f00000| Complete 
| 336|0x00000000d5000000, 0x00000000d5100000, 0x00000000d5100000|100%| E|CS|TAMS 0x00000000d5000000| PB 0x00000000d5000000| Complete 
| 337|0x00000000d5100000, 0x00000000d5200000, 0x00000000d5200000|100%| E|CS|TAMS 0x00000000d5100000| PB 0x00000000d5100000| Complete 
| 338|0x00000000d5200000, 0x00000000d5300000, 0x00000000d5300000|100%| E|CS|TAMS 0x00000000d5200000| PB 0x00000000d5200000| Complete 
| 339|0x00000000d5300000, 0x00000000d5400000, 0x00000000d5400000|100%| E|CS|TAMS 0x00000000d5300000| PB 0x00000000d5300000| Complete 
| 340|0x00000000d5400000, 0x00000000d5500000, 0x00000000d5500000|100%| E|CS|TAMS 0x00000000d5400000| PB 0x00000000d5400000| Complete 
| 341|0x00000000d5500000, 0x00000000d5600000, 0x00000000d5600000|100%| E|CS|TAMS 0x00000000d5500000| PB 0x00000000d5500000| Complete 
| 342|0x00000000d5600000, 0x00000000d5700000, 0x00000000d5700000|100%| E|CS|TAMS 0x00000000d5600000| PB 0x00000000d5600000| Complete 
| 343|0x00000000d5700000, 0x00000000d5800000, 0x00000000d5800000|100%| E|CS|TAMS 0x00000000d5700000| PB 0x00000000d5700000| Complete 
| 344|0x00000000d5800000, 0x00000000d5900000, 0x00000000d5900000|100%| E|CS|TAMS 0x00000000d5800000| PB 0x00000000d5800000| Complete 
| 345|0x00000000d5900000, 0x00000000d5a00000, 0x00000000d5a00000|100%| E|CS|TAMS 0x00000000d5900000| PB 0x00000000d5900000| Complete 
| 346|0x00000000d5a00000, 0x00000000d5b00000, 0x00000000d5b00000|100%| E|CS|TAMS 0x00000000d5a00000| PB 0x00000000d5a00000| Complete 
| 347|0x00000000d5b00000, 0x00000000d5c00000, 0x00000000d5c00000|100%| E|CS|TAMS 0x00000000d5b00000| PB 0x00000000d5b00000| Complete 
| 348|0x00000000d5c00000, 0x00000000d5d00000, 0x00000000d5d00000|100%| E|CS|TAMS 0x00000000d5c00000| PB 0x00000000d5c00000| Complete 
| 349|0x00000000d5d00000, 0x00000000d5e00000, 0x00000000d5e00000|100%| E|CS|TAMS 0x00000000d5d00000| PB 0x00000000d5d00000| Complete 
| 350|0x00000000d5e00000, 0x00000000d5f00000, 0x00000000d5f00000|100%| E|CS|TAMS 0x00000000d5e00000| PB 0x00000000d5e00000| Complete 
| 351|0x00000000d5f00000, 0x00000000d6000000, 0x00000000d6000000|100%| E|CS|TAMS 0x00000000d5f00000| PB 0x00000000d5f00000| Complete 
| 352|0x00000000d6000000, 0x00000000d6100000, 0x00000000d6100000|100%| E|CS|TAMS 0x00000000d6000000| PB 0x00000000d6000000| Complete 
| 353|0x00000000d6100000, 0x00000000d6200000, 0x00000000d6200000|100%| E|CS|TAMS 0x00000000d6100000| PB 0x00000000d6100000| Complete 
| 354|0x00000000d6200000, 0x00000000d6300000, 0x00000000d6300000|100%| E|CS|TAMS 0x00000000d6200000| PB 0x00000000d6200000| Complete 
| 355|0x00000000d6300000, 0x00000000d6400000, 0x00000000d6400000|100%| E|CS|TAMS 0x00000000d6300000| PB 0x00000000d6300000| Complete 
| 356|0x00000000d6400000, 0x00000000d6500000, 0x00000000d6500000|100%| E|CS|TAMS 0x00000000d6400000| PB 0x00000000d6400000| Complete 
| 357|0x00000000d6500000, 0x00000000d6600000, 0x00000000d6600000|100%| E|CS|TAMS 0x00000000d6500000| PB 0x00000000d6500000| Complete 
| 358|0x00000000d6600000, 0x00000000d6700000, 0x00000000d6700000|100%| E|CS|TAMS 0x00000000d6600000| PB 0x00000000d6600000| Complete 
| 359|0x00000000d6700000, 0x00000000d6800000, 0x00000000d6800000|100%| E|CS|TAMS 0x00000000d6700000| PB 0x00000000d6700000| Complete 
| 360|0x00000000d6800000, 0x00000000d6900000, 0x00000000d6900000|100%| E|CS|TAMS 0x00000000d6800000| PB 0x00000000d6800000| Complete 
| 361|0x00000000d6900000, 0x00000000d6a00000, 0x00000000d6a00000|100%| E|CS|TAMS 0x00000000d6900000| PB 0x00000000d6900000| Complete 
| 362|0x00000000d6a00000, 0x00000000d6b00000, 0x00000000d6b00000|100%| E|CS|TAMS 0x00000000d6a00000| PB 0x00000000d6a00000| Complete 
| 363|0x00000000d6b00000, 0x00000000d6c00000, 0x00000000d6c00000|100%| E|CS|TAMS 0x00000000d6b00000| PB 0x00000000d6b00000| Complete 
| 364|0x00000000d6c00000, 0x00000000d6d00000, 0x00000000d6d00000|100%| E|CS|TAMS 0x00000000d6c00000| PB 0x00000000d6c00000| Complete 
| 365|0x00000000d6d00000, 0x00000000d6e00000, 0x00000000d6e00000|100%| E|CS|TAMS 0x00000000d6d00000| PB 0x00000000d6d00000| Complete 
| 366|0x00000000d6e00000, 0x00000000d6f00000, 0x00000000d6f00000|100%| E|CS|TAMS 0x00000000d6e00000| PB 0x00000000d6e00000| Complete 
| 367|0x00000000d6f00000, 0x00000000d7000000, 0x00000000d7000000|100%| E|CS|TAMS 0x00000000d6f00000| PB 0x00000000d6f00000| Complete 
| 368|0x00000000d7000000, 0x00000000d7100000, 0x00000000d7100000|100%| E|CS|TAMS 0x00000000d7000000| PB 0x00000000d7000000| Complete 
| 369|0x00000000d7100000, 0x00000000d7200000, 0x00000000d7200000|100%| E|CS|TAMS 0x00000000d7100000| PB 0x00000000d7100000| Complete 
| 370|0x00000000d7200000, 0x00000000d7300000, 0x00000000d7300000|100%| E|CS|TAMS 0x00000000d7200000| PB 0x00000000d7200000| Complete 
| 371|0x00000000d7300000, 0x00000000d7400000, 0x00000000d7400000|100%| E|CS|TAMS 0x00000000d7300000| PB 0x00000000d7300000| Complete 
| 372|0x00000000d7400000, 0x00000000d7500000, 0x00000000d7500000|100%| E|CS|TAMS 0x00000000d7400000| PB 0x00000000d7400000| Complete 
| 373|0x00000000d7500000, 0x00000000d7600000, 0x00000000d7600000|100%| E|CS|TAMS 0x00000000d7500000| PB 0x00000000d7500000| Complete 
| 374|0x00000000d7600000, 0x00000000d7700000, 0x00000000d7700000|100%| E|CS|TAMS 0x00000000d7600000| PB 0x00000000d7600000| Complete 
| 375|0x00000000d7700000, 0x00000000d7800000, 0x00000000d7800000|100%| E|CS|TAMS 0x00000000d7700000| PB 0x00000000d7700000| Complete 
| 376|0x00000000d7800000, 0x00000000d7900000, 0x00000000d7900000|100%| E|CS|TAMS 0x00000000d7800000| PB 0x00000000d7800000| Complete 
| 377|0x00000000d7900000, 0x00000000d7a00000, 0x00000000d7a00000|100%| E|CS|TAMS 0x00000000d7900000| PB 0x00000000d7900000| Complete 
| 378|0x00000000d7a00000, 0x00000000d7b00000, 0x00000000d7b00000|100%| E|CS|TAMS 0x00000000d7a00000| PB 0x00000000d7a00000| Complete 
| 379|0x00000000d7b00000, 0x00000000d7c00000, 0x00000000d7c00000|100%| E|CS|TAMS 0x00000000d7b00000| PB 0x00000000d7b00000| Complete 
| 380|0x00000000d7c00000, 0x00000000d7d00000, 0x00000000d7d00000|100%| E|CS|TAMS 0x00000000d7c00000| PB 0x00000000d7c00000| Complete 
| 381|0x00000000d7d00000, 0x00000000d7e00000, 0x00000000d7e00000|100%| E|CS|TAMS 0x00000000d7d00000| PB 0x00000000d7d00000| Complete 
| 382|0x00000000d7e00000, 0x00000000d7f00000, 0x00000000d7f00000|100%| E|CS|TAMS 0x00000000d7e00000| PB 0x00000000d7e00000| Complete 
| 383|0x00000000d7f00000, 0x00000000d8000000, 0x00000000d8000000|100%| E|CS|TAMS 0x00000000d7f00000| PB 0x00000000d7f00000| Complete 
| 384|0x00000000d8000000, 0x00000000d8100000, 0x00000000d8100000|100%| E|CS|TAMS 0x00000000d8000000| PB 0x00000000d8000000| Complete 
| 385|0x00000000d8100000, 0x00000000d8200000, 0x00000000d8200000|100%| E|CS|TAMS 0x00000000d8100000| PB 0x00000000d8100000| Complete 
| 386|0x00000000d8200000, 0x00000000d8300000, 0x00000000d8300000|100%| E|CS|TAMS 0x00000000d8200000| PB 0x00000000d8200000| Complete 
| 387|0x00000000d8300000, 0x00000000d8400000, 0x00000000d8400000|100%| E|CS|TAMS 0x00000000d8300000| PB 0x00000000d8300000| Complete 
| 388|0x00000000d8400000, 0x00000000d8500000, 0x00000000d8500000|100%| E|CS|TAMS 0x00000000d8400000| PB 0x00000000d8400000| Complete 
| 389|0x00000000d8500000, 0x00000000d8600000, 0x00000000d8600000|100%| E|CS|TAMS 0x00000000d8500000| PB 0x00000000d8500000| Complete 
| 390|0x00000000d8600000, 0x00000000d8700000, 0x00000000d8700000|100%| E|CS|TAMS 0x00000000d8600000| PB 0x00000000d8600000| Complete 
| 391|0x00000000d8700000, 0x00000000d8800000, 0x00000000d8800000|100%| E|CS|TAMS 0x00000000d8700000| PB 0x00000000d8700000| Complete 
| 392|0x00000000d8800000, 0x00000000d8900000, 0x00000000d8900000|100%| E|CS|TAMS 0x00000000d8800000| PB 0x00000000d8800000| Complete 
| 393|0x00000000d8900000, 0x00000000d8a00000, 0x00000000d8a00000|100%| E|CS|TAMS 0x00000000d8900000| PB 0x00000000d8900000| Complete 
| 394|0x00000000d8a00000, 0x00000000d8b00000, 0x00000000d8b00000|100%| E|CS|TAMS 0x00000000d8a00000| PB 0x00000000d8a00000| Complete 
| 395|0x00000000d8b00000, 0x00000000d8c00000, 0x00000000d8c00000|100%| E|CS|TAMS 0x00000000d8b00000| PB 0x00000000d8b00000| Complete 
| 396|0x00000000d8c00000, 0x00000000d8d00000, 0x00000000d8d00000|100%| E|CS|TAMS 0x00000000d8c00000| PB 0x00000000d8c00000| Complete 
| 397|0x00000000d8d00000, 0x00000000d8e00000, 0x00000000d8e00000|100%| E|CS|TAMS 0x00000000d8d00000| PB 0x00000000d8d00000| Complete 
| 398|0x00000000d8e00000, 0x00000000d8f00000, 0x00000000d8f00000|100%| E|CS|TAMS 0x00000000d8e00000| PB 0x00000000d8e00000| Complete 
| 399|0x00000000d8f00000, 0x00000000d9000000, 0x00000000d9000000|100%| E|CS|TAMS 0x00000000d8f00000| PB 0x00000000d8f00000| Complete 
| 400|0x00000000d9000000, 0x00000000d9100000, 0x00000000d9100000|100%| E|CS|TAMS 0x00000000d9000000| PB 0x00000000d9000000| Complete 
| 401|0x00000000d9100000, 0x00000000d9200000, 0x00000000d9200000|100%| E|CS|TAMS 0x00000000d9100000| PB 0x00000000d9100000| Complete 
| 402|0x00000000d9200000, 0x00000000d9300000, 0x00000000d9300000|100%| E|CS|TAMS 0x00000000d9200000| PB 0x00000000d9200000| Complete 
| 403|0x00000000d9300000, 0x00000000d9400000, 0x00000000d9400000|100%| E|CS|TAMS 0x00000000d9300000| PB 0x00000000d9300000| Complete 
| 404|0x00000000d9400000, 0x00000000d9500000, 0x00000000d9500000|100%| E|CS|TAMS 0x00000000d9400000| PB 0x00000000d9400000| Complete 
| 405|0x00000000d9500000, 0x00000000d9600000, 0x00000000d9600000|100%| E|CS|TAMS 0x00000000d9500000| PB 0x00000000d9500000| Complete 
| 406|0x00000000d9600000, 0x00000000d9700000, 0x00000000d9700000|100%| E|CS|TAMS 0x00000000d9600000| PB 0x00000000d9600000| Complete 
| 407|0x00000000d9700000, 0x00000000d9800000, 0x00000000d9800000|100%| E|CS|TAMS 0x00000000d9700000| PB 0x00000000d9700000| Complete 
| 408|0x00000000d9800000, 0x00000000d9900000, 0x00000000d9900000|100%| E|CS|TAMS 0x00000000d9800000| PB 0x00000000d9800000| Complete 
| 409|0x00000000d9900000, 0x00000000d9a00000, 0x00000000d9a00000|100%| E|CS|TAMS 0x00000000d9900000| PB 0x00000000d9900000| Complete 
| 410|0x00000000d9a00000, 0x00000000d9b00000, 0x00000000d9b00000|100%| E|CS|TAMS 0x00000000d9a00000| PB 0x00000000d9a00000| Complete 
| 411|0x00000000d9b00000, 0x00000000d9c00000, 0x00000000d9c00000|100%| E|CS|TAMS 0x00000000d9b00000| PB 0x00000000d9b00000| Complete 
| 412|0x00000000d9c00000, 0x00000000d9d00000, 0x00000000d9d00000|100%| E|CS|TAMS 0x00000000d9c00000| PB 0x00000000d9c00000| Complete 
| 413|0x00000000d9d00000, 0x00000000d9e00000, 0x00000000d9e00000|100%| E|CS|TAMS 0x00000000d9d00000| PB 0x00000000d9d00000| Complete 
| 414|0x00000000d9e00000, 0x00000000d9f00000, 0x00000000d9f00000|100%| E|CS|TAMS 0x00000000d9e00000| PB 0x00000000d9e00000| Complete 
| 415|0x00000000d9f00000, 0x00000000da000000, 0x00000000da000000|100%| E|CS|TAMS 0x00000000d9f00000| PB 0x00000000d9f00000| Complete 
| 416|0x00000000da000000, 0x00000000da100000, 0x00000000da100000|100%| E|CS|TAMS 0x00000000da000000| PB 0x00000000da000000| Complete 
| 417|0x00000000da100000, 0x00000000da200000, 0x00000000da200000|100%| E|CS|TAMS 0x00000000da100000| PB 0x00000000da100000| Complete 
| 418|0x00000000da200000, 0x00000000da300000, 0x00000000da300000|100%| E|CS|TAMS 0x00000000da200000| PB 0x00000000da200000| Complete 
| 419|0x00000000da300000, 0x00000000da400000, 0x00000000da400000|100%| E|CS|TAMS 0x00000000da300000| PB 0x00000000da300000| Complete 
| 420|0x00000000da400000, 0x00000000da500000, 0x00000000da500000|100%| E|CS|TAMS 0x00000000da400000| PB 0x00000000da400000| Complete 
| 421|0x00000000da500000, 0x00000000da600000, 0x00000000da600000|100%| E|CS|TAMS 0x00000000da500000| PB 0x00000000da500000| Complete 
| 422|0x00000000da600000, 0x00000000da700000, 0x00000000da700000|100%| E|CS|TAMS 0x00000000da600000| PB 0x00000000da600000| Complete 
| 423|0x00000000da700000, 0x00000000da800000, 0x00000000da800000|100%| E|CS|TAMS 0x00000000da700000| PB 0x00000000da700000| Complete 
| 424|0x00000000da800000, 0x00000000da900000, 0x00000000da900000|100%| E|CS|TAMS 0x00000000da800000| PB 0x00000000da800000| Complete 
| 425|0x00000000da900000, 0x00000000daa00000, 0x00000000daa00000|100%| E|CS|TAMS 0x00000000da900000| PB 0x00000000da900000| Complete 
| 426|0x00000000daa00000, 0x00000000dab00000, 0x00000000dab00000|100%| E|CS|TAMS 0x00000000daa00000| PB 0x00000000daa00000| Complete 
| 427|0x00000000dab00000, 0x00000000dac00000, 0x00000000dac00000|100%| E|CS|TAMS 0x00000000dab00000| PB 0x00000000dab00000| Complete 
| 428|0x00000000dac00000, 0x00000000dad00000, 0x00000000dad00000|100%| E|CS|TAMS 0x00000000dac00000| PB 0x00000000dac00000| Complete 
| 429|0x00000000dad00000, 0x00000000dae00000, 0x00000000dae00000|100%| E|CS|TAMS 0x00000000dad00000| PB 0x00000000dad00000| Complete 
| 430|0x00000000dae00000, 0x00000000daf00000, 0x00000000daf00000|100%| E|CS|TAMS 0x00000000dae00000| PB 0x00000000dae00000| Complete 
| 431|0x00000000daf00000, 0x00000000db000000, 0x00000000db000000|100%| E|CS|TAMS 0x00000000daf00000| PB 0x00000000daf00000| Complete 
| 432|0x00000000db000000, 0x00000000db100000, 0x00000000db100000|100%| E|CS|TAMS 0x00000000db000000| PB 0x00000000db000000| Complete 
| 433|0x00000000db100000, 0x00000000db200000, 0x00000000db200000|100%| E|CS|TAMS 0x00000000db100000| PB 0x00000000db100000| Complete 
| 434|0x00000000db200000, 0x00000000db300000, 0x00000000db300000|100%| E|CS|TAMS 0x00000000db200000| PB 0x00000000db200000| Complete 
| 435|0x00000000db300000, 0x00000000db400000, 0x00000000db400000|100%| E|CS|TAMS 0x00000000db300000| PB 0x00000000db300000| Complete 
| 436|0x00000000db400000, 0x00000000db500000, 0x00000000db500000|100%| E|CS|TAMS 0x00000000db400000| PB 0x00000000db400000| Complete 
| 437|0x00000000db500000, 0x00000000db600000, 0x00000000db600000|100%| E|CS|TAMS 0x00000000db500000| PB 0x00000000db500000| Complete 
| 438|0x00000000db600000, 0x00000000db700000, 0x00000000db700000|100%| E|CS|TAMS 0x00000000db600000| PB 0x00000000db600000| Complete 
| 439|0x00000000db700000, 0x00000000db800000, 0x00000000db800000|100%| E|CS|TAMS 0x00000000db700000| PB 0x00000000db700000| Complete 
| 440|0x00000000db800000, 0x00000000db900000, 0x00000000db900000|100%| E|CS|TAMS 0x00000000db800000| PB 0x00000000db800000| Complete 
| 441|0x00000000db900000, 0x00000000dba00000, 0x00000000dba00000|100%| E|CS|TAMS 0x00000000db900000| PB 0x00000000db900000| Complete 
| 442|0x00000000dba00000, 0x00000000dbb00000, 0x00000000dbb00000|100%| E|CS|TAMS 0x00000000dba00000| PB 0x00000000dba00000| Complete 
| 443|0x00000000dbb00000, 0x00000000dbc00000, 0x00000000dbc00000|100%| E|CS|TAMS 0x00000000dbb00000| PB 0x00000000dbb00000| Complete 
| 444|0x00000000dbc00000, 0x00000000dbd00000, 0x00000000dbd00000|100%| E|CS|TAMS 0x00000000dbc00000| PB 0x00000000dbc00000| Complete 
| 445|0x00000000dbd00000, 0x00000000dbe00000, 0x00000000dbe00000|100%| E|CS|TAMS 0x00000000dbd00000| PB 0x00000000dbd00000| Complete 
| 446|0x00000000dbe00000, 0x00000000dbf00000, 0x00000000dbf00000|100%| E|CS|TAMS 0x00000000dbe00000| PB 0x00000000dbe00000| Complete 
| 447|0x00000000dbf00000, 0x00000000dc000000, 0x00000000dc000000|100%| E|CS|TAMS 0x00000000dbf00000| PB 0x00000000dbf00000| Complete 
| 448|0x00000000dc000000, 0x00000000dc100000, 0x00000000dc100000|100%| E|CS|TAMS 0x00000000dc000000| PB 0x00000000dc000000| Complete 
| 449|0x00000000dc100000, 0x00000000dc200000, 0x00000000dc200000|100%| E|CS|TAMS 0x00000000dc100000| PB 0x00000000dc100000| Complete 
| 450|0x00000000dc200000, 0x00000000dc300000, 0x00000000dc300000|100%| E|CS|TAMS 0x00000000dc200000| PB 0x00000000dc200000| Complete 
| 451|0x00000000dc300000, 0x00000000dc400000, 0x00000000dc400000|100%| E|CS|TAMS 0x00000000dc300000| PB 0x00000000dc300000| Complete 
| 452|0x00000000dc400000, 0x00000000dc500000, 0x00000000dc500000|100%| E|CS|TAMS 0x00000000dc400000| PB 0x00000000dc400000| Complete 
| 453|0x00000000dc500000, 0x00000000dc600000, 0x00000000dc600000|100%| E|CS|TAMS 0x00000000dc500000| PB 0x00000000dc500000| Complete 
| 454|0x00000000dc600000, 0x00000000dc700000, 0x00000000dc700000|100%| E|CS|TAMS 0x00000000dc600000| PB 0x00000000dc600000| Complete 
| 455|0x00000000dc700000, 0x00000000dc800000, 0x00000000dc800000|100%| E|CS|TAMS 0x00000000dc700000| PB 0x00000000dc700000| Complete 
| 456|0x00000000dc800000, 0x00000000dc900000, 0x00000000dc900000|100%| E|CS|TAMS 0x00000000dc800000| PB 0x00000000dc800000| Complete 
| 457|0x00000000dc900000, 0x00000000dca00000, 0x00000000dca00000|100%| E|CS|TAMS 0x00000000dc900000| PB 0x00000000dc900000| Complete 
| 458|0x00000000dca00000, 0x00000000dcb00000, 0x00000000dcb00000|100%| E|CS|TAMS 0x00000000dca00000| PB 0x00000000dca00000| Complete 
| 459|0x00000000dcb00000, 0x00000000dcc00000, 0x00000000dcc00000|100%| E|CS|TAMS 0x00000000dcb00000| PB 0x00000000dcb00000| Complete 
| 460|0x00000000dcc00000, 0x00000000dcd00000, 0x00000000dcd00000|100%| E|CS|TAMS 0x00000000dcc00000| PB 0x00000000dcc00000| Complete 
| 461|0x00000000dcd00000, 0x00000000dce00000, 0x00000000dce00000|100%| E|CS|TAMS 0x00000000dcd00000| PB 0x00000000dcd00000| Complete 
| 462|0x00000000dce00000, 0x00000000dcf00000, 0x00000000dcf00000|100%| E|CS|TAMS 0x00000000dce00000| PB 0x00000000dce00000| Complete 
| 463|0x00000000dcf00000, 0x00000000dd000000, 0x00000000dd000000|100%| E|CS|TAMS 0x00000000dcf00000| PB 0x00000000dcf00000| Complete 
| 464|0x00000000dd000000, 0x00000000dd100000, 0x00000000dd100000|100%| E|CS|TAMS 0x00000000dd000000| PB 0x00000000dd000000| Complete 
| 465|0x00000000dd100000, 0x00000000dd200000, 0x00000000dd200000|100%| E|CS|TAMS 0x00000000dd100000| PB 0x00000000dd100000| Complete 
| 466|0x00000000dd200000, 0x00000000dd300000, 0x00000000dd300000|100%| E|CS|TAMS 0x00000000dd200000| PB 0x00000000dd200000| Complete 
| 467|0x00000000dd300000, 0x00000000dd400000, 0x00000000dd400000|100%| E|CS|TAMS 0x00000000dd300000| PB 0x00000000dd300000| Complete 
| 468|0x00000000dd400000, 0x00000000dd500000, 0x00000000dd500000|100%| E|CS|TAMS 0x00000000dd400000| PB 0x00000000dd400000| Complete 
| 469|0x00000000dd500000, 0x00000000dd600000, 0x00000000dd600000|100%| E|CS|TAMS 0x00000000dd500000| PB 0x00000000dd500000| Complete 
| 470|0x00000000dd600000, 0x00000000dd700000, 0x00000000dd700000|100%| E|CS|TAMS 0x00000000dd600000| PB 0x00000000dd600000| Complete 
| 471|0x00000000dd700000, 0x00000000dd800000, 0x00000000dd800000|100%| E|CS|TAMS 0x00000000dd700000| PB 0x00000000dd700000| Complete 
| 472|0x00000000dd800000, 0x00000000dd900000, 0x00000000dd900000|100%| E|CS|TAMS 0x00000000dd800000| PB 0x00000000dd800000| Complete 
| 473|0x00000000dd900000, 0x00000000dda00000, 0x00000000dda00000|100%| E|CS|TAMS 0x00000000dd900000| PB 0x00000000dd900000| Complete 
| 474|0x00000000dda00000, 0x00000000ddb00000, 0x00000000ddb00000|100%| E|CS|TAMS 0x00000000dda00000| PB 0x00000000dda00000| Complete 
| 475|0x00000000ddb00000, 0x00000000ddc00000, 0x00000000ddc00000|100%| E|CS|TAMS 0x00000000ddb00000| PB 0x00000000ddb00000| Complete 
| 476|0x00000000ddc00000, 0x00000000ddd00000, 0x00000000ddd00000|100%| E|CS|TAMS 0x00000000ddc00000| PB 0x00000000ddc00000| Complete 
| 477|0x00000000ddd00000, 0x00000000dde00000, 0x00000000dde00000|100%| E|CS|TAMS 0x00000000ddd00000| PB 0x00000000ddd00000| Complete 
| 478|0x00000000dde00000, 0x00000000ddf00000, 0x00000000ddf00000|100%| E|CS|TAMS 0x00000000dde00000| PB 0x00000000dde00000| Complete 
| 479|0x00000000ddf00000, 0x00000000de000000, 0x00000000de000000|100%| E|CS|TAMS 0x00000000ddf00000| PB 0x00000000ddf00000| Complete 
| 480|0x00000000de000000, 0x00000000de100000, 0x00000000de100000|100%| E|CS|TAMS 0x00000000de000000| PB 0x00000000de000000| Complete 
| 481|0x00000000de100000, 0x00000000de200000, 0x00000000de200000|100%| E|CS|TAMS 0x00000000de100000| PB 0x00000000de100000| Complete 
| 482|0x00000000de200000, 0x00000000de300000, 0x00000000de300000|100%| E|CS|TAMS 0x00000000de200000| PB 0x00000000de200000| Complete 
| 483|0x00000000de300000, 0x00000000de400000, 0x00000000de400000|100%| E|CS|TAMS 0x00000000de300000| PB 0x00000000de300000| Complete 
| 484|0x00000000de400000, 0x00000000de500000, 0x00000000de500000|100%| E|CS|TAMS 0x00000000de400000| PB 0x00000000de400000| Complete 
| 485|0x00000000de500000, 0x00000000de600000, 0x00000000de600000|100%| E|CS|TAMS 0x00000000de500000| PB 0x00000000de500000| Complete 
| 486|0x00000000de600000, 0x00000000de700000, 0x00000000de700000|100%| E|CS|TAMS 0x00000000de600000| PB 0x00000000de600000| Complete 
| 487|0x00000000de700000, 0x00000000de800000, 0x00000000de800000|100%| E|CS|TAMS 0x00000000de700000| PB 0x00000000de700000| Complete 
| 488|0x00000000de800000, 0x00000000de900000, 0x00000000de900000|100%| E|CS|TAMS 0x00000000de800000| PB 0x00000000de800000| Complete 
| 489|0x00000000de900000, 0x00000000dea00000, 0x00000000dea00000|100%| E|CS|TAMS 0x00000000de900000| PB 0x00000000de900000| Complete 
| 490|0x00000000dea00000, 0x00000000deb00000, 0x00000000deb00000|100%| E|CS|TAMS 0x00000000dea00000| PB 0x00000000dea00000| Complete 
| 491|0x00000000deb00000, 0x00000000dec00000, 0x00000000dec00000|100%| E|CS|TAMS 0x00000000deb00000| PB 0x00000000deb00000| Complete 
| 492|0x00000000dec00000, 0x00000000ded00000, 0x00000000ded00000|100%| E|CS|TAMS 0x00000000dec00000| PB 0x00000000dec00000| Complete 
| 493|0x00000000ded00000, 0x00000000dee00000, 0x00000000dee00000|100%| E|CS|TAMS 0x00000000ded00000| PB 0x00000000ded00000| Complete 
| 494|0x00000000dee00000, 0x00000000def00000, 0x00000000def00000|100%| E|CS|TAMS 0x00000000dee00000| PB 0x00000000dee00000| Complete 
| 495|0x00000000def00000, 0x00000000df000000, 0x00000000df000000|100%| E|CS|TAMS 0x00000000def00000| PB 0x00000000def00000| Complete 
| 496|0x00000000df000000, 0x00000000df100000, 0x00000000df100000|100%| E|CS|TAMS 0x00000000df000000| PB 0x00000000df000000| Complete 
| 497|0x00000000df100000, 0x00000000df200000, 0x00000000df200000|100%| E|CS|TAMS 0x00000000df100000| PB 0x00000000df100000| Complete 
| 498|0x00000000df200000, 0x00000000df300000, 0x00000000df300000|100%| E|CS|TAMS 0x00000000df200000| PB 0x00000000df200000| Complete 
| 499|0x00000000df300000, 0x00000000df400000, 0x00000000df400000|100%| E|CS|TAMS 0x00000000df300000| PB 0x00000000df300000| Complete 
| 500|0x00000000df400000, 0x00000000df500000, 0x00000000df500000|100%| E|CS|TAMS 0x00000000df400000| PB 0x00000000df400000| Complete 
| 501|0x00000000df500000, 0x00000000df600000, 0x00000000df600000|100%| E|CS|TAMS 0x00000000df500000| PB 0x00000000df500000| Complete 
| 502|0x00000000df600000, 0x00000000df700000, 0x00000000df700000|100%| E|CS|TAMS 0x00000000df600000| PB 0x00000000df600000| Complete 
| 503|0x00000000df700000, 0x00000000df800000, 0x00000000df800000|100%| E|CS|TAMS 0x00000000df700000| PB 0x00000000df700000| Complete 
| 504|0x00000000df800000, 0x00000000df900000, 0x00000000df900000|100%| E|CS|TAMS 0x00000000df800000| PB 0x00000000df800000| Complete 
| 505|0x00000000df900000, 0x00000000dfa00000, 0x00000000dfa00000|100%| E|CS|TAMS 0x00000000df900000| PB 0x00000000df900000| Complete 
| 506|0x00000000dfa00000, 0x00000000dfb00000, 0x00000000dfb00000|100%| E|CS|TAMS 0x00000000dfa00000| PB 0x00000000dfa00000| Complete 
| 507|0x00000000dfb00000, 0x00000000dfc00000, 0x00000000dfc00000|100%| E|CS|TAMS 0x00000000dfb00000| PB 0x00000000dfb00000| Complete 
| 508|0x00000000dfc00000, 0x00000000dfd00000, 0x00000000dfd00000|100%| E|CS|TAMS 0x00000000dfc00000| PB 0x00000000dfc00000| Complete 
| 509|0x00000000dfd00000, 0x00000000dfe00000, 0x00000000dfe00000|100%| E|CS|TAMS 0x00000000dfd00000| PB 0x00000000dfd00000| Complete 
| 510|0x00000000dfe00000, 0x00000000dff00000, 0x00000000dff00000|100%| E|CS|TAMS 0x00000000dfe00000| PB 0x00000000dfe00000| Complete 
| 511|0x00000000dff00000, 0x00000000e0000000, 0x00000000e0000000|100%| E|CS|TAMS 0x00000000dff00000| PB 0x00000000dff00000| Complete 
| 512|0x00000000e0000000, 0x00000000e0100000, 0x00000000e0100000|100%| E|CS|TAMS 0x00000000e0000000| PB 0x00000000e0000000| Complete 
| 513|0x00000000e0100000, 0x00000000e0200000, 0x00000000e0200000|100%| E|CS|TAMS 0x00000000e0100000| PB 0x00000000e0100000| Complete 
| 514|0x00000000e0200000, 0x00000000e0300000, 0x00000000e0300000|100%| E|CS|TAMS 0x00000000e0200000| PB 0x00000000e0200000| Complete 
| 515|0x00000000e0300000, 0x00000000e0400000, 0x00000000e0400000|100%| E|CS|TAMS 0x00000000e0300000| PB 0x00000000e0300000| Complete 
| 516|0x00000000e0400000, 0x00000000e0500000, 0x00000000e0500000|100%| E|CS|TAMS 0x00000000e0400000| PB 0x00000000e0400000| Complete 
| 517|0x00000000e0500000, 0x00000000e0600000, 0x00000000e0600000|100%| E|CS|TAMS 0x00000000e0500000| PB 0x00000000e0500000| Complete 
| 518|0x00000000e0600000, 0x00000000e0700000, 0x00000000e0700000|100%| E|CS|TAMS 0x00000000e0600000| PB 0x00000000e0600000| Complete 
| 519|0x00000000e0700000, 0x00000000e0800000, 0x00000000e0800000|100%| E|CS|TAMS 0x00000000e0700000| PB 0x00000000e0700000| Complete 
| 520|0x00000000e0800000, 0x00000000e0900000, 0x00000000e0900000|100%| E|CS|TAMS 0x00000000e0800000| PB 0x00000000e0800000| Complete 
| 521|0x00000000e0900000, 0x00000000e0a00000, 0x00000000e0a00000|100%| E|CS|TAMS 0x00000000e0900000| PB 0x00000000e0900000| Complete 
| 522|0x00000000e0a00000, 0x00000000e0b00000, 0x00000000e0b00000|100%| E|CS|TAMS 0x00000000e0a00000| PB 0x00000000e0a00000| Complete 
| 523|0x00000000e0b00000, 0x00000000e0c00000, 0x00000000e0c00000|100%| E|CS|TAMS 0x00000000e0b00000| PB 0x00000000e0b00000| Complete 
| 524|0x00000000e0c00000, 0x00000000e0d00000, 0x00000000e0d00000|100%| E|CS|TAMS 0x00000000e0c00000| PB 0x00000000e0c00000| Complete 
| 525|0x00000000e0d00000, 0x00000000e0e00000, 0x00000000e0e00000|100%| E|CS|TAMS 0x00000000e0d00000| PB 0x00000000e0d00000| Complete 
| 526|0x00000000e0e00000, 0x00000000e0f00000, 0x00000000e0f00000|100%| E|CS|TAMS 0x00000000e0e00000| PB 0x00000000e0e00000| Complete 
| 527|0x00000000e0f00000, 0x00000000e1000000, 0x00000000e1000000|100%| E|CS|TAMS 0x00000000e0f00000| PB 0x00000000e0f00000| Complete 
| 528|0x00000000e1000000, 0x00000000e1100000, 0x00000000e1100000|100%| E|CS|TAMS 0x00000000e1000000| PB 0x00000000e1000000| Complete 
| 529|0x00000000e1100000, 0x00000000e1200000, 0x00000000e1200000|100%| E|CS|TAMS 0x00000000e1100000| PB 0x00000000e1100000| Complete 
| 530|0x00000000e1200000, 0x00000000e1300000, 0x00000000e1300000|100%| E|CS|TAMS 0x00000000e1200000| PB 0x00000000e1200000| Complete 
| 531|0x00000000e1300000, 0x00000000e1400000, 0x00000000e1400000|100%| E|CS|TAMS 0x00000000e1300000| PB 0x00000000e1300000| Complete 
| 532|0x00000000e1400000, 0x00000000e1500000, 0x00000000e1500000|100%| E|CS|TAMS 0x00000000e1400000| PB 0x00000000e1400000| Complete 
| 533|0x00000000e1500000, 0x00000000e1600000, 0x00000000e1600000|100%| E|CS|TAMS 0x00000000e1500000| PB 0x00000000e1500000| Complete 
| 534|0x00000000e1600000, 0x00000000e1700000, 0x00000000e1700000|100%| E|CS|TAMS 0x00000000e1600000| PB 0x00000000e1600000| Complete 
| 535|0x00000000e1700000, 0x00000000e1800000, 0x00000000e1800000|100%| E|CS|TAMS 0x00000000e1700000| PB 0x00000000e1700000| Complete 
| 536|0x00000000e1800000, 0x00000000e1900000, 0x00000000e1900000|100%| E|CS|TAMS 0x00000000e1800000| PB 0x00000000e1800000| Complete 
| 537|0x00000000e1900000, 0x00000000e1a00000, 0x00000000e1a00000|100%| E|CS|TAMS 0x00000000e1900000| PB 0x00000000e1900000| Complete 
| 538|0x00000000e1a00000, 0x00000000e1b00000, 0x00000000e1b00000|100%| E|CS|TAMS 0x00000000e1a00000| PB 0x00000000e1a00000| Complete 
| 539|0x00000000e1b00000, 0x00000000e1c00000, 0x00000000e1c00000|100%| E|CS|TAMS 0x00000000e1b00000| PB 0x00000000e1b00000| Complete 
| 540|0x00000000e1c00000, 0x00000000e1d00000, 0x00000000e1d00000|100%| E|CS|TAMS 0x00000000e1c00000| PB 0x00000000e1c00000| Complete 
| 541|0x00000000e1d00000, 0x00000000e1e00000, 0x00000000e1e00000|100%| E|CS|TAMS 0x00000000e1d00000| PB 0x00000000e1d00000| Complete 
| 542|0x00000000e1e00000, 0x00000000e1f00000, 0x00000000e1f00000|100%| E|CS|TAMS 0x00000000e1e00000| PB 0x00000000e1e00000| Complete 
| 543|0x00000000e1f00000, 0x00000000e2000000, 0x00000000e2000000|100%| E|CS|TAMS 0x00000000e1f00000| PB 0x00000000e1f00000| Complete 
| 544|0x00000000e2000000, 0x00000000e2100000, 0x00000000e2100000|100%| E|CS|TAMS 0x00000000e2000000| PB 0x00000000e2000000| Complete 
| 545|0x00000000e2100000, 0x00000000e2200000, 0x00000000e2200000|100%| E|CS|TAMS 0x00000000e2100000| PB 0x00000000e2100000| Complete 
| 546|0x00000000e2200000, 0x00000000e2300000, 0x00000000e2300000|100%| E|CS|TAMS 0x00000000e2200000| PB 0x00000000e2200000| Complete 
| 547|0x00000000e2300000, 0x00000000e2400000, 0x00000000e2400000|100%| E|CS|TAMS 0x00000000e2300000| PB 0x00000000e2300000| Complete 
| 548|0x00000000e2400000, 0x00000000e2500000, 0x00000000e2500000|100%| E|CS|TAMS 0x00000000e2400000| PB 0x00000000e2400000| Complete 
| 549|0x00000000e2500000, 0x00000000e2600000, 0x00000000e2600000|100%| E|CS|TAMS 0x00000000e2500000| PB 0x00000000e2500000| Complete 
| 550|0x00000000e2600000, 0x00000000e2700000, 0x00000000e2700000|100%| E|CS|TAMS 0x00000000e2600000| PB 0x00000000e2600000| Complete 
| 551|0x00000000e2700000, 0x00000000e2800000, 0x00000000e2800000|100%| E|CS|TAMS 0x00000000e2700000| PB 0x00000000e2700000| Complete 
| 552|0x00000000e2800000, 0x00000000e2900000, 0x00000000e2900000|100%| E|CS|TAMS 0x00000000e2800000| PB 0x00000000e2800000| Complete 
| 553|0x00000000e2900000, 0x00000000e2a00000, 0x00000000e2a00000|100%| E|CS|TAMS 0x00000000e2900000| PB 0x00000000e2900000| Complete 
| 554|0x00000000e2a00000, 0x00000000e2b00000, 0x00000000e2b00000|100%| E|CS|TAMS 0x00000000e2a00000| PB 0x00000000e2a00000| Complete 
| 555|0x00000000e2b00000, 0x00000000e2c00000, 0x00000000e2c00000|100%| E|CS|TAMS 0x00000000e2b00000| PB 0x00000000e2b00000| Complete 
| 556|0x00000000e2c00000, 0x00000000e2d00000, 0x00000000e2d00000|100%| E|CS|TAMS 0x00000000e2c00000| PB 0x00000000e2c00000| Complete 
| 557|0x00000000e2d00000, 0x00000000e2e00000, 0x00000000e2e00000|100%| E|CS|TAMS 0x00000000e2d00000| PB 0x00000000e2d00000| Complete 
| 558|0x00000000e2e00000, 0x00000000e2f00000, 0x00000000e2f00000|100%| E|CS|TAMS 0x00000000e2e00000| PB 0x00000000e2e00000| Complete 
| 559|0x00000000e2f00000, 0x00000000e3000000, 0x00000000e3000000|100%| E|CS|TAMS 0x00000000e2f00000| PB 0x00000000e2f00000| Complete 
| 560|0x00000000e3000000, 0x00000000e3100000, 0x00000000e3100000|100%| E|CS|TAMS 0x00000000e3000000| PB 0x00000000e3000000| Complete 
| 561|0x00000000e3100000, 0x00000000e3200000, 0x00000000e3200000|100%| E|CS|TAMS 0x00000000e3100000| PB 0x00000000e3100000| Complete 
| 562|0x00000000e3200000, 0x00000000e3300000, 0x00000000e3300000|100%| E|CS|TAMS 0x00000000e3200000| PB 0x00000000e3200000| Complete 
| 563|0x00000000e3300000, 0x00000000e3400000, 0x00000000e3400000|100%| E|CS|TAMS 0x00000000e3300000| PB 0x00000000e3300000| Complete 
| 564|0x00000000e3400000, 0x00000000e3500000, 0x00000000e3500000|100%| E|CS|TAMS 0x00000000e3400000| PB 0x00000000e3400000| Complete 
| 565|0x00000000e3500000, 0x00000000e3600000, 0x00000000e3600000|100%| E|CS|TAMS 0x00000000e3500000| PB 0x00000000e3500000| Complete 
| 566|0x00000000e3600000, 0x00000000e3700000, 0x00000000e3700000|100%| E|CS|TAMS 0x00000000e3600000| PB 0x00000000e3600000| Complete 
| 567|0x00000000e3700000, 0x00000000e3800000, 0x00000000e3800000|100%| E|CS|TAMS 0x00000000e3700000| PB 0x00000000e3700000| Complete 
| 568|0x00000000e3800000, 0x00000000e3900000, 0x00000000e3900000|100%| E|CS|TAMS 0x00000000e3800000| PB 0x00000000e3800000| Complete 
| 569|0x00000000e3900000, 0x00000000e3a00000, 0x00000000e3a00000|100%| E|CS|TAMS 0x00000000e3900000| PB 0x00000000e3900000| Complete 
| 570|0x00000000e3a00000, 0x00000000e3b00000, 0x00000000e3b00000|100%| E|CS|TAMS 0x00000000e3a00000| PB 0x00000000e3a00000| Complete 
| 571|0x00000000e3b00000, 0x00000000e3c00000, 0x00000000e3c00000|100%| E|CS|TAMS 0x00000000e3b00000| PB 0x00000000e3b00000| Complete 
| 572|0x00000000e3c00000, 0x00000000e3d00000, 0x00000000e3d00000|100%| E|CS|TAMS 0x00000000e3c00000| PB 0x00000000e3c00000| Complete 
| 573|0x00000000e3d00000, 0x00000000e3e00000, 0x00000000e3e00000|100%| E|CS|TAMS 0x00000000e3d00000| PB 0x00000000e3d00000| Complete 
| 574|0x00000000e3e00000, 0x00000000e3f00000, 0x00000000e3f00000|100%| E|CS|TAMS 0x00000000e3e00000| PB 0x00000000e3e00000| Complete 
| 575|0x00000000e3f00000, 0x00000000e4000000, 0x00000000e4000000|100%| E|CS|TAMS 0x00000000e3f00000| PB 0x00000000e3f00000| Complete 
| 576|0x00000000e4000000, 0x00000000e4100000, 0x00000000e4100000|100%| E|CS|TAMS 0x00000000e4000000| PB 0x00000000e4000000| Complete 
| 577|0x00000000e4100000, 0x00000000e4200000, 0x00000000e4200000|100%| E|CS|TAMS 0x00000000e4100000| PB 0x00000000e4100000| Complete 
| 578|0x00000000e4200000, 0x00000000e4300000, 0x00000000e4300000|100%| E|CS|TAMS 0x00000000e4200000| PB 0x00000000e4200000| Complete 
| 579|0x00000000e4300000, 0x00000000e4400000, 0x00000000e4400000|100%| E|CS|TAMS 0x00000000e4300000| PB 0x00000000e4300000| Complete 
| 580|0x00000000e4400000, 0x00000000e4500000, 0x00000000e4500000|100%| E|CS|TAMS 0x00000000e4400000| PB 0x00000000e4400000| Complete 
| 581|0x00000000e4500000, 0x00000000e4600000, 0x00000000e4600000|100%| E|CS|TAMS 0x00000000e4500000| PB 0x00000000e4500000| Complete 
| 582|0x00000000e4600000, 0x00000000e4700000, 0x00000000e4700000|100%| E|CS|TAMS 0x00000000e4600000| PB 0x00000000e4600000| Complete 
| 583|0x00000000e4700000, 0x00000000e4800000, 0x00000000e4800000|100%| E|CS|TAMS 0x00000000e4700000| PB 0x00000000e4700000| Complete 
| 584|0x00000000e4800000, 0x00000000e4900000, 0x00000000e4900000|100%| E|CS|TAMS 0x00000000e4800000| PB 0x00000000e4800000| Complete 
| 585|0x00000000e4900000, 0x00000000e4a00000, 0x00000000e4a00000|100%| E|CS|TAMS 0x00000000e4900000| PB 0x00000000e4900000| Complete 
| 586|0x00000000e4a00000, 0x00000000e4b00000, 0x00000000e4b00000|100%| E|CS|TAMS 0x00000000e4a00000| PB 0x00000000e4a00000| Complete 
| 587|0x00000000e4b00000, 0x00000000e4c00000, 0x00000000e4c00000|100%| E|CS|TAMS 0x00000000e4b00000| PB 0x00000000e4b00000| Complete 
| 588|0x00000000e4c00000, 0x00000000e4d00000, 0x00000000e4d00000|100%| E|CS|TAMS 0x00000000e4c00000| PB 0x00000000e4c00000| Complete 
| 589|0x00000000e4d00000, 0x00000000e4e00000, 0x00000000e4e00000|100%| E|CS|TAMS 0x00000000e4d00000| PB 0x00000000e4d00000| Complete 
| 590|0x00000000e4e00000, 0x00000000e4f00000, 0x00000000e4f00000|100%| E|CS|TAMS 0x00000000e4e00000| PB 0x00000000e4e00000| Complete 
| 591|0x00000000e4f00000, 0x00000000e5000000, 0x00000000e5000000|100%| E|CS|TAMS 0x00000000e4f00000| PB 0x00000000e4f00000| Complete 
| 592|0x00000000e5000000, 0x00000000e5100000, 0x00000000e5100000|100%| E|CS|TAMS 0x00000000e5000000| PB 0x00000000e5000000| Complete 
| 593|0x00000000e5100000, 0x00000000e5200000, 0x00000000e5200000|100%| E|CS|TAMS 0x00000000e5100000| PB 0x00000000e5100000| Complete 
| 594|0x00000000e5200000, 0x00000000e5300000, 0x00000000e5300000|100%| E|CS|TAMS 0x00000000e5200000| PB 0x00000000e5200000| Complete 
| 595|0x00000000e5300000, 0x00000000e5400000, 0x00000000e5400000|100%| E|CS|TAMS 0x00000000e5300000| PB 0x00000000e5300000| Complete 
| 596|0x00000000e5400000, 0x00000000e5500000, 0x00000000e5500000|100%| E|CS|TAMS 0x00000000e5400000| PB 0x00000000e5400000| Complete 
| 597|0x00000000e5500000, 0x00000000e5600000, 0x00000000e5600000|100%| E|CS|TAMS 0x00000000e5500000| PB 0x00000000e5500000| Complete 
| 598|0x00000000e5600000, 0x00000000e5700000, 0x00000000e5700000|100%| E|CS|TAMS 0x00000000e5600000| PB 0x00000000e5600000| Complete 
| 599|0x00000000e5700000, 0x00000000e5800000, 0x00000000e5800000|100%| E|CS|TAMS 0x00000000e5700000| PB 0x00000000e5700000| Complete 
| 600|0x00000000e5800000, 0x00000000e5900000, 0x00000000e5900000|100%| E|CS|TAMS 0x00000000e5800000| PB 0x00000000e5800000| Complete 
| 601|0x00000000e5900000, 0x00000000e5a00000, 0x00000000e5a00000|100%| E|CS|TAMS 0x00000000e5900000| PB 0x00000000e5900000| Complete 
| 602|0x00000000e5a00000, 0x00000000e5b00000, 0x00000000e5b00000|100%| E|CS|TAMS 0x00000000e5a00000| PB 0x00000000e5a00000| Complete 
| 603|0x00000000e5b00000, 0x00000000e5c00000, 0x00000000e5c00000|100%| E|CS|TAMS 0x00000000e5b00000| PB 0x00000000e5b00000| Complete 
| 604|0x00000000e5c00000, 0x00000000e5d00000, 0x00000000e5d00000|100%| E|CS|TAMS 0x00000000e5c00000| PB 0x00000000e5c00000| Complete 
| 605|0x00000000e5d00000, 0x00000000e5e00000, 0x00000000e5e00000|100%| E|CS|TAMS 0x00000000e5d00000| PB 0x00000000e5d00000| Complete 
| 606|0x00000000e5e00000, 0x00000000e5f00000, 0x00000000e5f00000|100%| E|CS|TAMS 0x00000000e5e00000| PB 0x00000000e5e00000| Complete 
| 607|0x00000000e5f00000, 0x00000000e6000000, 0x00000000e6000000|100%| E|CS|TAMS 0x00000000e5f00000| PB 0x00000000e5f00000| Complete 
| 608|0x00000000e6000000, 0x00000000e6100000, 0x00000000e6100000|100%| E|CS|TAMS 0x00000000e6000000| PB 0x00000000e6000000| Complete 
| 609|0x00000000e6100000, 0x00000000e6200000, 0x00000000e6200000|100%| E|CS|TAMS 0x00000000e6100000| PB 0x00000000e6100000| Complete 
| 610|0x00000000e6200000, 0x00000000e6300000, 0x00000000e6300000|100%| E|CS|TAMS 0x00000000e6200000| PB 0x00000000e6200000| Complete 
| 611|0x00000000e6300000, 0x00000000e6400000, 0x00000000e6400000|100%| E|CS|TAMS 0x00000000e6300000| PB 0x00000000e6300000| Complete 
| 612|0x00000000e6400000, 0x00000000e6500000, 0x00000000e6500000|100%| E|CS|TAMS 0x00000000e6400000| PB 0x00000000e6400000| Complete 
| 613|0x00000000e6500000, 0x00000000e6600000, 0x00000000e6600000|100%| E|CS|TAMS 0x00000000e6500000| PB 0x00000000e6500000| Complete 
| 614|0x00000000e6600000, 0x00000000e6700000, 0x00000000e6700000|100%| E|CS|TAMS 0x00000000e6600000| PB 0x00000000e6600000| Complete 
| 615|0x00000000e6700000, 0x00000000e6800000, 0x00000000e6800000|100%| E|CS|TAMS 0x00000000e6700000| PB 0x00000000e6700000| Complete 
| 616|0x00000000e6800000, 0x00000000e6900000, 0x00000000e6900000|100%| E|CS|TAMS 0x00000000e6800000| PB 0x00000000e6800000| Complete 
| 617|0x00000000e6900000, 0x00000000e6a00000, 0x00000000e6a00000|100%| E|CS|TAMS 0x00000000e6900000| PB 0x00000000e6900000| Complete 
| 618|0x00000000e6a00000, 0x00000000e6b00000, 0x00000000e6b00000|100%| E|CS|TAMS 0x00000000e6a00000| PB 0x00000000e6a00000| Complete 
| 619|0x00000000e6b00000, 0x00000000e6c00000, 0x00000000e6c00000|100%| E|CS|TAMS 0x00000000e6b00000| PB 0x00000000e6b00000| Complete 
| 620|0x00000000e6c00000, 0x00000000e6d00000, 0x00000000e6d00000|100%| E|CS|TAMS 0x00000000e6c00000| PB 0x00000000e6c00000| Complete 
| 621|0x00000000e6d00000, 0x00000000e6e00000, 0x00000000e6e00000|100%| E|CS|TAMS 0x00000000e6d00000| PB 0x00000000e6d00000| Complete 
| 622|0x00000000e6e00000, 0x00000000e6f00000, 0x00000000e6f00000|100%| E|CS|TAMS 0x00000000e6e00000| PB 0x00000000e6e00000| Complete 
| 623|0x00000000e6f00000, 0x00000000e7000000, 0x00000000e7000000|100%| S|  |TAMS 0x00000000e6f00000| PB 0x00000000e6f00000| Complete 
| 624|0x00000000e7000000, 0x00000000e7100000, 0x00000000e7100000|100%| S|  |TAMS 0x00000000e7000000| PB 0x00000000e7000000| Complete 
| 625|0x00000000e7100000, 0x00000000e7200000, 0x00000000e7200000|100%| S|  |TAMS 0x00000000e7100000| PB 0x00000000e7100000| Complete 
| 626|0x00000000e7200000, 0x00000000e7300000, 0x00000000e7300000|100%| S|  |TAMS 0x00000000e7200000| PB 0x00000000e7200000| Complete 
| 627|0x00000000e7300000, 0x00000000e7400000, 0x00000000e7400000|100%| S|  |TAMS 0x00000000e7300000| PB 0x00000000e7300000| Complete 
| 628|0x00000000e7400000, 0x00000000e7500000, 0x00000000e7500000|100%| S|  |TAMS 0x00000000e7400000| PB 0x00000000e7400000| Complete 
| 629|0x00000000e7500000, 0x00000000e7600000, 0x00000000e7600000|100%| S|  |TAMS 0x00000000e7500000| PB 0x00000000e7500000| Complete 
| 990|0x00000000fde00000, 0x00000000fdf00000, 0x00000000fdf00000|100%| O|  |TAMS 0x00000000fde00000| PB 0x00000000fde00000| Untracked 
| 991|0x00000000fdf00000, 0x00000000fe000000, 0x00000000fe000000|100%| O|  |TAMS 0x00000000fdf00000| PB 0x00000000fdf00000| Untracked 
| 992|0x00000000fe000000, 0x00000000fe100000, 0x00000000fe100000|100%| O|  |TAMS 0x00000000fe000000| PB 0x00000000fe000000| Untracked 
| 993|0x00000000fe100000, 0x00000000fe200000, 0x00000000fe200000|100%| O|  |TAMS 0x00000000fe100000| PB 0x00000000fe100000| Untracked 
| 994|0x00000000fe200000, 0x00000000fe300000, 0x00000000fe300000|100%| O|  |TAMS 0x00000000fe200000| PB 0x00000000fe200000| Untracked 
| 995|0x00000000fe300000, 0x00000000fe400000, 0x00000000fe400000|100%| O|  |TAMS 0x00000000fe300000| PB 0x00000000fe300000| Untracked 
| 996|0x00000000fe400000, 0x00000000fe500000, 0x00000000fe500000|100%| O|  |TAMS 0x00000000fe400000| PB 0x00000000fe400000| Untracked 
| 997|0x00000000fe500000, 0x00000000fe600000, 0x00000000fe600000|100%| O|  |TAMS 0x00000000fe500000| PB 0x00000000fe500000| Untracked 
| 998|0x00000000fe600000, 0x00000000fe700000, 0x00000000fe700000|100%| O|  |TAMS 0x00000000fe600000| PB 0x00000000fe600000| Untracked 
| 999|0x00000000fe700000, 0x00000000fe800000, 0x00000000fe800000|100%| O|  |TAMS 0x00000000fe700000| PB 0x00000000fe700000| Untracked 
|1000|0x00000000fe800000, 0x00000000fe900000, 0x00000000fe900000|100%| O|  |TAMS 0x00000000fe800000| PB 0x00000000fe800000| Untracked 
|1001|0x00000000fe900000, 0x00000000fea00000, 0x00000000fea00000|100%| O|  |TAMS 0x00000000fe900000| PB 0x00000000fe900000| Untracked 
|1002|0x00000000fea00000, 0x00000000feb00000, 0x00000000feb00000|100%| O|  |TAMS 0x00000000fea00000| PB 0x00000000fea00000| Untracked 
|1003|0x00000000feb00000, 0x00000000fec00000, 0x00000000fec00000|100%| O|  |TAMS 0x00000000feb00000| PB 0x00000000feb00000| Untracked 
|1004|0x00000000fec00000, 0x00000000fed00000, 0x00000000fed00000|100%| O|  |TAMS 0x00000000fec00000| PB 0x00000000fec00000| Untracked 
|1005|0x00000000fed00000, 0x00000000fee00000, 0x00000000fee00000|100%| O|  |TAMS 0x00000000fed00000| PB 0x00000000fed00000| Untracked 
|1006|0x00000000fee00000, 0x00000000fef00000, 0x00000000fef00000|100%| O|  |TAMS 0x00000000fee00000| PB 0x00000000fee00000| Untracked 
|1007|0x00000000fef00000, 0x00000000ff000000, 0x00000000ff000000|100%| E|CS|TAMS 0x00000000fef00000| PB 0x00000000fef00000| Complete 
|1008|0x00000000ff000000, 0x00000000ff100000, 0x00000000ff100000|100%| E|CS|TAMS 0x00000000ff000000| PB 0x00000000ff000000| Complete 
|1009|0x00000000ff100000, 0x00000000ff200000, 0x00000000ff200000|100%| O|CS|TAMS 0x00000000ff100000| PB 0x00000000ff100000| Complete 
|1010|0x00000000ff200000, 0x00000000ff300000, 0x00000000ff300000|100%| O|  |TAMS 0x00000000ff200000| PB 0x00000000ff200000| Untracked 
|1011|0x00000000ff300000, 0x00000000ff400000, 0x00000000ff400000|100%| E|CS|TAMS 0x00000000ff300000| PB 0x00000000ff300000| Complete 
|1012|0x00000000ff400000, 0x00000000ff500000, 0x00000000ff500000|100%| E|CS|TAMS 0x00000000ff400000| PB 0x00000000ff400000| Complete 
|1013|0x00000000ff500000, 0x00000000ff600000, 0x00000000ff600000|100%| E|CS|TAMS 0x00000000ff500000| PB 0x00000000ff500000| Complete 
|1014|0x00000000ff600000, 0x00000000ff700000, 0x00000000ff700000|100%| E|CS|TAMS 0x00000000ff600000| PB 0x00000000ff600000| Complete 
|1015|0x00000000ff700000, 0x00000000ff800000, 0x00000000ff800000|100%| E|CS|TAMS 0x00000000ff700000| PB 0x00000000ff700000| Complete 
|1016|0x00000000ff800000, 0x00000000ff900000, 0x00000000ff900000|100%| E|CS|TAMS 0x00000000ff800000| PB 0x00000000ff800000| Complete 
|1017|0x00000000ff900000, 0x00000000ffa00000, 0x00000000ffa00000|100%| E|CS|TAMS 0x00000000ff900000| PB 0x00000000ff900000| Complete 
|1018|0x00000000ffa00000, 0x00000000ffb00000, 0x00000000ffb00000|100%| E|CS|TAMS 0x00000000ffa00000| PB 0x00000000ffa00000| Complete 
|1019|0x00000000ffb00000, 0x00000000ffc00000, 0x00000000ffc00000|100%| E|CS|TAMS 0x00000000ffb00000| PB 0x00000000ffb00000| Complete 
|1020|0x00000000ffc00000, 0x00000000ffd00000, 0x00000000ffd00000|100%| E|CS|TAMS 0x00000000ffc00000| PB 0x00000000ffc00000| Complete 
|1021|0x00000000ffd00000, 0x00000000ffe00000, 0x00000000ffe00000|100%| E|CS|TAMS 0x00000000ffd00000| PB 0x00000000ffd00000| Complete 
|1022|0x00000000ffe00000, 0x00000000fff00000, 0x00000000fff00000|100%| E|CS|TAMS 0x00000000ffe00000| PB 0x00000000ffe00000| Complete 
|1023|0x00000000fff00000, 0x0000000100000000, 0x0000000100000000|100%| E|CS|TAMS 0x00000000fff00000| PB 0x00000000fff00000| Complete 

Card table byte_map: [0x00000189c9c40000,0x00000189c9e40000] _byte_map_base: 0x00000189c9640000

Marking Bits: (CMBitMap*) 0x00000189b2027da0
 Bits: [0x00000189c9e40000, 0x00000189cae40000)

Polling page: 0x00000189b0230000

Metaspace:

Usage:
  Non-class:     22.80 MB used.
      Class:      3.62 MB used.
       Both:     26.43 MB used.

Virtual space:
  Non-class space:       64.00 MB reserved,      23.00 MB ( 36%) committed,  1 nodes.
      Class space:        1.00 GB reserved,       3.75 MB ( <1%) committed,  1 nodes.
             Both:        1.06 GB reserved,      26.75 MB (  2%) committed. 

Chunk freelists:
   Non-Class:  8.38 MB
       Class:  12.12 MB
        Both:  20.50 MB

MaxMetaspaceSize: unlimited
CompressedClassSpaceSize: 1.00 GB
Initial GC threshold: 21.00 MB
Current GC threshold: 37.50 MB
CDS: on
 - commit_granule_bytes: 65536.
 - commit_granule_words: 8192.
 - virtual_space_node_default_size: 8388608.
 - enlarge_chunks_in_place: 1.
 - use_allocation_guard: 0.


Internal statistics:

num_allocs_failed_limit: 0.
num_arena_births: 554.
num_arena_deaths: 112.
num_vsnodes_births: 2.
num_vsnodes_deaths: 0.
num_space_committed: 428.
num_space_uncommitted: 0.
num_chunks_returned_to_freelist: 163.
num_chunks_taken_from_freelist: 1782.
num_chunk_merges: 57.
num_chunk_splits: 1064.
num_chunks_enlarged: 685.
num_inconsistent_stats: 0.

CodeHeap 'non-profiled nmethods': size=120000Kb used=13027Kb max_used=13027Kb free=106972Kb
 bounds [0x00000189c21e0000, 0x00000189c2ea0000, 0x00000189c9710000]
CodeHeap 'profiled nmethods': size=120000Kb used=20182Kb max_used=20182Kb free=99817Kb
 bounds [0x00000189ba710000, 0x00000189bbad0000, 0x00000189c1c40000]
CodeHeap 'non-nmethods': size=5760Kb used=1362Kb max_used=1499Kb free=4397Kb
 bounds [0x00000189c1c40000, 0x00000189c1eb0000, 0x00000189c21e0000]
CodeCache: size=245760Kb, used=34571Kb, max_used=34708Kb, free=211186Kb
 total_blobs=10199, nmethods=9685, adapters=415, full_count=0
Compilation: enabled, stopped_count=0, restarted_count=0

Compilation events (20 events):
Event: 82.896 Thread 0x00000189cd865940 nmethod 14117 0x00000189bbac7590 code [0x00000189bbac7760, 0x00000189bbac7a90]
Event: 82.906 Thread 0x00000189cd865940 14120       3       com.android.tools.r8.internal.hq::O (4 bytes)
Event: 82.906 Thread 0x00000189cd865940 nmethod 14120 0x00000189bbac7b90 code [0x00000189bbac7d20, 0x00000189bbac7e38]
Event: 82.907 Thread 0x00000189cd865940 14121       3       com.android.tools.r8.internal.Sq::a (1 bytes)
Event: 82.908 Thread 0x00000189cd865940 nmethod 14121 0x00000189bbac7f10 code [0x00000189bbac80a0, 0x00000189bbac81a8]
Event: 82.910 Thread 0x00000189cd865940 14122       3       com.android.tools.r8.internal.Sn::O (8 bytes)
Event: 82.910 Thread 0x00000189cd865940 nmethod 14122 0x00000189bbac8290 code [0x00000189bbac8440, 0x00000189bbac8640]
Event: 82.911 Thread 0x00000189cd865940 14123       3       com.android.tools.r8.internal.Sn::a (18 bytes)
Event: 82.912 Thread 0x00000189cd865940 nmethod 14123 0x00000189bbac8710 code [0x00000189bbac8920, 0x00000189bbac8fe8]
Event: 82.915 Thread 0x0000018a13143ca0 nmethod 14102 0x00000189c2e97310 code [0x00000189c2e97560, 0x00000189c2e97d28]
Event: 82.916 Thread 0x0000018a13143ca0 14124       4       com.android.tools.r8.internal.sq::O (4 bytes)
Event: 82.916 Thread 0x0000018a13143ca0 nmethod 14124 0x00000189c2e98510 code [0x00000189c2e986a0, 0x00000189c2e98730]
Event: 82.916 Thread 0x0000018a13143ca0 14118       4       com.android.tools.r8.dex.n0$$Lambda/0x00000189cf3d9418::accept (12 bytes)
Event: 82.917 Thread 0x00000189cd865940 14125       3       com.android.tools.r8.internal.Xo::a (1 bytes)
Event: 82.917 Thread 0x00000189cd865940 nmethod 14125 0x00000189bbac9290 code [0x00000189bbac9420, 0x00000189bbac9528]
Event: 82.918 Thread 0x0000018a13143ca0 nmethod 14118 0x00000189c2e98810 code [0x00000189c2e989a0, 0x00000189c2e98ae0]
Event: 82.918 Thread 0x0000018a13143ca0 14119       4       com.android.tools.r8.dex.n0::a (36 bytes)
Event: 82.920 Thread 0x0000018a13143ca0 nmethod 14119 0x00000189c2e98c10 code [0x00000189c2e98da0, 0x00000189c2e98e70]
Event: 82.920 Thread 0x0000018a13143ca0 14115       4       com.android.tools.r8.graph.R2::a (1 bytes)
Event: 82.926 Thread 0x00000189cd865940 14129       3       com.android.tools.r8.internal.Sr::a (1 bytes)

GC Heap History (20 events):
Event: 68.830 GC heap after
{Heap after GC invocations=87 (full 0):
 garbage-first heap   total 643072K, used 244323K [0x00000000c0000000, 0x0000000100000000)
  region size 1024K, 23 young (23552K), 23 survivors (23552K)
 Metaspace       used 21995K, committed 22336K, reserved 1114112K
  class space    used 2965K, committed 3136K, reserved 1048576K
}
Event: 69.434 GC heap before
{Heap before GC invocations=87 (full 0):
 garbage-first heap   total 643072K, used 604771K [0x00000000c0000000, 0x0000000100000000)
  region size 1024K, 376 young (385024K), 23 survivors (23552K)
 Metaspace       used 21998K, committed 22336K, reserved 1114112K
  class space    used 2965K, committed 3136K, reserved 1048576K
}
Event: 69.460 GC heap after
{Heap after GC invocations=88 (full 0):
 garbage-first heap   total 643072K, used 245407K [0x00000000c0000000, 0x0000000100000000)
  region size 1024K, 22 young (22528K), 22 survivors (22528K)
 Metaspace       used 21998K, committed 22336K, reserved 1114112K
  class space    used 2965K, committed 3136K, reserved 1048576K
}
Event: 70.488 GC heap before
{Heap before GC invocations=88 (full 0):
 garbage-first heap   total 643072K, used 607903K [0x00000000c0000000, 0x0000000100000000)
  region size 1024K, 376 young (385024K), 22 survivors (22528K)
 Metaspace       used 21999K, committed 22336K, reserved 1114112K
  class space    used 2965K, committed 3136K, reserved 1048576K
}
Event: 70.519 GC heap after
{Heap after GC invocations=89 (full 0):
 garbage-first heap   total 643072K, used 248051K [0x00000000c0000000, 0x0000000100000000)
  region size 1024K, 23 young (23552K), 23 survivors (23552K)
 Metaspace       used 21999K, committed 22336K, reserved 1114112K
  class space    used 2965K, committed 3136K, reserved 1048576K
}
Event: 71.244 GC heap before
{Heap before GC invocations=90 (full 0):
 garbage-first heap   total 643072K, used 608499K [0x00000000c0000000, 0x0000000100000000)
  region size 1024K, 376 young (385024K), 23 survivors (23552K)
 Metaspace       used 22007K, committed 22336K, reserved 1114112K
  class space    used 2965K, committed 3136K, reserved 1048576K
}
Event: 71.272 GC heap after
{Heap after GC invocations=91 (full 0):
 garbage-first heap   total 643072K, used 249554K [0x00000000c0000000, 0x0000000100000000)
  region size 1024K, 23 young (23552K), 23 survivors (23552K)
 Metaspace       used 22007K, committed 22336K, reserved 1114112K
  class space    used 2965K, committed 3136K, reserved 1048576K
}
Event: 71.824 GC heap before
{Heap before GC invocations=91 (full 0):
 garbage-first heap   total 643072K, used 608978K [0x00000000c0000000, 0x0000000100000000)
  region size 1024K, 375 young (384000K), 23 survivors (23552K)
 Metaspace       used 22010K, committed 22336K, reserved 1114112K
  class space    used 2965K, committed 3136K, reserved 1048576K
}
Event: 71.875 GC heap after
{Heap after GC invocations=92 (full 0):
 garbage-first heap   total 654336K, used 236747K [0x00000000c0000000, 0x0000000100000000)
  region size 1024K, 24 young (24576K), 24 survivors (24576K)
 Metaspace       used 22010K, committed 22336K, reserved 1114112K
  class space    used 2965K, committed 3136K, reserved 1048576K
}
Event: 72.436 GC heap before
{Heap before GC invocations=92 (full 0):
 garbage-first heap   total 654336K, used 604363K [0x00000000c0000000, 0x0000000100000000)
  region size 1024K, 383 young (392192K), 24 survivors (24576K)
 Metaspace       used 22011K, committed 22336K, reserved 1114112K
  class space    used 2965K, committed 3136K, reserved 1048576K
}
Event: 72.464 GC heap after
{Heap after GC invocations=93 (full 0):
 garbage-first heap   total 654336K, used 240834K [0x00000000c0000000, 0x0000000100000000)
  region size 1024K, 25 young (25600K), 25 survivors (25600K)
 Metaspace       used 22011K, committed 22336K, reserved 1114112K
  class space    used 2965K, committed 3136K, reserved 1048576K
}
Event: 73.596 GC heap before
{Heap before GC invocations=94 (full 0):
 garbage-first heap   total 654336K, used 606402K [0x00000000c0000000, 0x0000000100000000)
  region size 1024K, 383 young (392192K), 25 survivors (25600K)
 Metaspace       used 22034K, committed 22336K, reserved 1114112K
  class space    used 2965K, committed 3136K, reserved 1048576K
}
Event: 73.623 GC heap after
{Heap after GC invocations=95 (full 0):
 garbage-first heap   total 654336K, used 242214K [0x00000000c0000000, 0x0000000100000000)
  region size 1024K, 24 young (24576K), 24 survivors (24576K)
 Metaspace       used 22034K, committed 22336K, reserved 1114112K
  class space    used 2965K, committed 3136K, reserved 1048576K
}
Event: 74.275 GC heap before
{Heap before GC invocations=95 (full 0):
 garbage-first heap   total 654336K, used 608806K [0x00000000c0000000, 0x0000000100000000)
  region size 1024K, 383 young (392192K), 24 survivors (24576K)
 Metaspace       used 22080K, committed 22400K, reserved 1114112K
  class space    used 2973K, committed 3136K, reserved 1048576K
}
Event: 74.322 GC heap after
{Heap after GC invocations=96 (full 0):
 garbage-first heap   total 654336K, used 225755K [0x00000000c0000000, 0x0000000100000000)
  region size 1024K, 24 young (24576K), 24 survivors (24576K)
 Metaspace       used 22080K, committed 22400K, reserved 1114112K
  class space    used 2973K, committed 3136K, reserved 1048576K
}
Event: 75.636 GC heap before
{Heap before GC invocations=96 (full 0):
 garbage-first heap   total 654336K, used 283099K [0x00000000c0000000, 0x0000000100000000)
  region size 1024K, 82 young (83968K), 24 survivors (24576K)
 Metaspace       used 22514K, committed 22784K, reserved 1114112K
  class space    used 3054K, committed 3200K, reserved 1048576K
}
Event: 75.673 GC heap after
{Heap after GC invocations=97 (full 0):
 garbage-first heap   total 654336K, used 226425K [0x00000000c0000000, 0x0000000100000000)
  region size 1024K, 24 young (24576K), 24 survivors (24576K)
 Metaspace       used 22514K, committed 22784K, reserved 1114112K
  class space    used 3054K, committed 3200K, reserved 1048576K
}
Event: 80.848 GC heap before
{Heap before GC invocations=98 (full 0):
 garbage-first heap   total 654336K, used 602233K [0x00000000c0000000, 0x0000000100000000)
  region size 1024K, 383 young (392192K), 24 survivors (24576K)
 Metaspace       used 26347K, committed 26752K, reserved 1114112K
  class space    used 3628K, committed 3776K, reserved 1048576K
}
Event: 80.935 GC heap after
{Heap after GC invocations=99 (full 0):
 garbage-first heap   total 658432K, used 259374K [0x00000000c0000000, 0x0000000100000000)
  region size 1024K, 48 young (49152K), 48 survivors (49152K)
 Metaspace       used 26347K, committed 26752K, reserved 1114112K
  class space    used 3628K, committed 3776K, reserved 1048576K
}
Event: 82.940 GC heap before
{Heap before GC invocations=99 (full 0):
 garbage-first heap   total 658432K, used 603438K [0x00000000c0000000, 0x0000000100000000)
  region size 1024K, 385 young (394240K), 48 survivors (49152K)
 Metaspace       used 27063K, committed 27392K, reserved 1114112K
  class space    used 3711K, committed 3840K, reserved 1048576K
}

Dll operation events (14 events):
Event: 0.015 Attempting to load shared library C:\Program Files\Microsoft\jdk-21.0.12.8-hotspot\bin\java.dll
Event: 0.016 Loaded shared library C:\Program Files\Microsoft\jdk-21.0.12.8-hotspot\bin\java.dll
Event: 0.069 Attempting to load shared library C:\Program Files\Microsoft\jdk-21.0.12.8-hotspot\bin\jsvml.dll
Event: 0.070 Loaded shared library C:\Program Files\Microsoft\jdk-21.0.12.8-hotspot\bin\jsvml.dll
Event: 0.099 Attempting to load shared library C:\Program Files\Microsoft\jdk-21.0.12.8-hotspot\bin\net.dll
Event: 0.100 Loaded shared library C:\Program Files\Microsoft\jdk-21.0.12.8-hotspot\bin\net.dll
Event: 0.102 Attempting to load shared library C:\Program Files\Microsoft\jdk-21.0.12.8-hotspot\bin\nio.dll
Event: 0.103 Loaded shared library C:\Program Files\Microsoft\jdk-21.0.12.8-hotspot\bin\nio.dll
Event: 0.125 Attempting to load shared library C:\Program Files\Microsoft\jdk-21.0.12.8-hotspot\bin\zip.dll
Event: 0.126 Loaded shared library C:\Program Files\Microsoft\jdk-21.0.12.8-hotspot\bin\zip.dll
Event: 0.502 Attempting to load shared library C:\Program Files\Microsoft\jdk-21.0.12.8-hotspot\bin\jimage.dll
Event: 0.502 Loaded shared library C:\Program Files\Microsoft\jdk-21.0.12.8-hotspot\bin\jimage.dll
Event: 3.586 Attempting to load shared library C:\Program Files\Microsoft\jdk-21.0.12.8-hotspot\bin\verify.dll
Event: 3.597 Loaded shared library C:\Program Files\Microsoft\jdk-21.0.12.8-hotspot\bin\verify.dll

Deoptimization events (20 events):
Event: 82.787 Thread 0x00000189b1fec460 Uncommon trap: trap_request=0xffffff45 fr.pc=0x00000189c2d739b4 relative=0x00000000000000f4
Event: 82.787 Thread 0x00000189b1fec460 Uncommon trap: reason=unstable_if action=reinterpret pc=0x00000189c2d739b4 method=com.android.tools.r8.internal.G10.e(Lcom/android/tools/r8/internal/Uz;Lcom/android/tools/r8/graph/M2;)Lcom/android/tools/r8/graph/M2; @ 4 c2
Event: 82.787 Thread 0x00000189b1fec460 DEOPT PACKING pc=0x00000189c2d739b4 sp=0x0000005777bfe6d0
Event: 82.787 Thread 0x00000189b1fec460 DEOPT UNPACKING pc=0x00000189c1c94422 sp=0x0000005777bfe678 mode 2
Event: 82.788 Thread 0x00000189b1fec460 Uncommon trap: trap_request=0xffffffe4 fr.pc=0x00000189c2d3ff38 relative=0x0000000000000278
Event: 82.788 Thread 0x00000189b1fec460 Uncommon trap: reason=range_check action=make_not_entrant pc=0x00000189c2d3ff38 method=com.android.tools.r8.graph.L2.a(Lcom/android/tools/r8/graph/L2;)I @ 26 c2
Event: 82.788 Thread 0x00000189b1fec460 DEOPT PACKING pc=0x00000189c2d3ff38 sp=0x0000005777bfe7c0
Event: 82.788 Thread 0x00000189b1fec460 DEOPT UNPACKING pc=0x00000189c1c94422 sp=0x0000005777bfe740 mode 2
Event: 82.835 Thread 0x00000189b1fec460 Uncommon trap: trap_request=0xffffff45 fr.pc=0x00000189c2d5b6cc relative=0x00000000000004ac
Event: 82.835 Thread 0x00000189b1fec460 Uncommon trap: reason=unstable_if action=reinterpret pc=0x00000189c2d5b6cc method=com.android.tools.r8.internal.a00.d(Lcom/android/tools/r8/graph/M2;)Lcom/android/tools/r8/graph/M2; @ 12 c2
Event: 82.835 Thread 0x00000189b1fec460 DEOPT PACKING pc=0x00000189c2d5b6cc sp=0x0000005777bfe5d0
Event: 82.835 Thread 0x00000189b1fec460 DEOPT UNPACKING pc=0x00000189c1c94422 sp=0x0000005777bfe4c0 mode 2
Event: 82.835 Thread 0x00000189b1fec460 Uncommon trap: trap_request=0xffffff45 fr.pc=0x00000189c2d7d1e0 relative=0x0000000000000180
Event: 82.835 Thread 0x00000189b1fec460 Uncommon trap: reason=unstable_if action=reinterpret pc=0x00000189c2d7d1e0 method=com.android.tools.r8.internal.a00.d(Lcom/android/tools/r8/graph/M2;)Lcom/android/tools/r8/graph/M2; @ 12 c2
Event: 82.836 Thread 0x00000189b1fec460 DEOPT PACKING pc=0x00000189c2d7d1e0 sp=0x0000005777bfe570
Event: 82.836 Thread 0x00000189b1fec460 DEOPT UNPACKING pc=0x00000189c1c94422 sp=0x0000005777bfe4b8 mode 2
Event: 82.862 Thread 0x00000189b1fec460 DEOPT PACKING pc=0x00000189bb35a1ef sp=0x0000005777bfea30
Event: 82.862 Thread 0x00000189b1fec460 DEOPT UNPACKING pc=0x00000189c1c94bc2 sp=0x0000005777bfdec8 mode 0
Event: 82.865 Thread 0x00000189b1fec460 DEOPT PACKING pc=0x00000189bb35a1ef sp=0x0000005777bfea30
Event: 82.865 Thread 0x00000189b1fec460 DEOPT UNPACKING pc=0x00000189c1c94bc2 sp=0x0000005777bfdec8 mode 0

Classes loaded (20 events):
Event: 78.918 Loading class java/io/InputStreamReader
Event: 78.920 Loading class java/io/InputStreamReader done
Event: 78.920 Loading class sun/nio/cs/StreamDecoder
Event: 78.928 Loading class sun/nio/cs/StreamDecoder done
Event: 78.948 Loading class java/lang/InstantiationException
Event: 78.956 Loading class java/lang/InstantiationException done
Event: 81.695 Loading class java/util/stream/SortedOps$SizedRefSortingSink
Event: 81.702 Loading class java/util/stream/SortedOps$SizedRefSortingSink done
Event: 81.726 Loading class java/util/Formatter$FixedString
Event: 81.728 Loading class java/util/Formatter$FixedString done
Event: 81.786 Loading class java/util/concurrent/atomic/AtomicIntegerArray
Event: 81.788 Loading class java/util/concurrent/atomic/AtomicIntegerArray done
Event: 81.789 Loading class java/math/BigDecimal
Event: 81.792 Loading class java/math/BigDecimal done
Event: 81.796 Loading class java/net/URISyntaxException
Event: 81.800 Loading class java/net/URISyntaxException done
Event: 81.807 Loading class java/util/UUID
Event: 81.808 Loading class java/util/UUID done
Event: 81.808 Loading class java/util/Currency
Event: 81.810 Loading class java/util/Currency done

Classes unloaded (20 events):
Event: 38.762 Thread 0x00000189cd83cc40 Unloading class 0x00000189cf298c00 'java/lang/invoke/LambdaForm$DMH+0x00000189cf298c00'
Event: 38.762 Thread 0x00000189cd83cc40 Unloading class 0x00000189cf298800 'java/lang/invoke/LambdaForm$DMH+0x00000189cf298800'
Event: 38.762 Thread 0x00000189cd83cc40 Unloading class 0x00000189cf298400 'java/lang/invoke/LambdaForm$DMH+0x00000189cf298400'
Event: 38.762 Thread 0x00000189cd83cc40 Unloading class 0x00000189cf26c800 'java/lang/invoke/LambdaForm$DMH+0x00000189cf26c800'
Event: 38.762 Thread 0x00000189cd83cc40 Unloading class 0x00000189cf250400 'java/lang/invoke/LambdaForm$DMH+0x00000189cf250400'
Event: 38.762 Thread 0x00000189cd83cc40 Unloading class 0x00000189cf215c00 'java/lang/invoke/LambdaForm$DMH+0x00000189cf215c00'
Event: 38.762 Thread 0x00000189cd83cc40 Unloading class 0x00000189cf215800 'java/lang/invoke/LambdaForm$DMH+0x00000189cf215800'
Event: 38.762 Thread 0x00000189cd83cc40 Unloading class 0x00000189cf215400 'java/lang/invoke/LambdaForm$DMH+0x00000189cf215400'
Event: 38.762 Thread 0x00000189cd83cc40 Unloading class 0x00000189cf215000 'java/lang/invoke/LambdaForm$DMH+0x00000189cf215000'
Event: 38.762 Thread 0x00000189cd83cc40 Unloading class 0x00000189cf214c00 'java/lang/invoke/LambdaForm$DMH+0x00000189cf214c00'
Event: 38.762 Thread 0x00000189cd83cc40 Unloading class 0x00000189cf214800 'java/lang/invoke/LambdaForm$DMH+0x00000189cf214800'
Event: 38.762 Thread 0x00000189cd83cc40 Unloading class 0x00000189cf214400 'java/lang/invoke/LambdaForm$DMH+0x00000189cf214400'
Event: 38.762 Thread 0x00000189cd83cc40 Unloading class 0x00000189cf20a800 'java/lang/invoke/LambdaForm$DMH+0x00000189cf20a800'
Event: 38.762 Thread 0x00000189cd83cc40 Unloading class 0x00000189cf20a400 'java/lang/invoke/LambdaForm$DMH+0x00000189cf20a400'
Event: 38.762 Thread 0x00000189cd83cc40 Unloading class 0x00000189cf20a000 'java/lang/invoke/LambdaForm$DMH+0x00000189cf20a000'
Event: 38.762 Thread 0x00000189cd83cc40 Unloading class 0x00000189cf209c00 'java/lang/invoke/LambdaForm$DMH+0x00000189cf209c00'
Event: 38.762 Thread 0x00000189cd83cc40 Unloading class 0x00000189cf209800 'java/lang/invoke/LambdaForm$DMH+0x00000189cf209800'
Event: 38.762 Thread 0x00000189cd83cc40 Unloading class 0x00000189cf209400 'java/lang/invoke/LambdaForm$DMH+0x00000189cf209400'
Event: 38.762 Thread 0x00000189cd83cc40 Unloading class 0x00000189cf209000 'java/lang/invoke/LambdaForm$DMH+0x00000189cf209000'
Event: 43.036 Thread 0x00000189cd83cc40 Unloading class 0x00000189cf305000 'java/lang/invoke/LambdaForm$DMH+0x00000189cf305000'

Classes redefined (0 events):
No events

Internal exceptions (20 events):
Event: 17.928 Thread 0x0000018a132a5c30 Exception <a 'java/lang/NoSuchMethodError'{0x00000000e4374d68}: 'void java.lang.invoke.DirectMethodHandle$Holder.invokeStatic(java.lang.Object, java.lang.Object, java.lang.Object, java.lang.Object, java.lang.Object, java.lang.Object, java.lang.Object)'> (0x00000000e4374d68) 
thrown [s\src\hotspot\share\interpreter\linkResolver.cpp, line 773]
Event: 17.946 Thread 0x0000018a1328e550 Exception <a 'java/lang/NoSuchMethodError'{0x00000000e4237ac0}: 'java.lang.Object java.lang.invoke.DirectMethodHandle$Holder.newInvokeSpecial(java.lang.Object, java.lang.Object, java.lang.Object, java.lang.Object, int)'> (0x00000000e4237ac0) 
thrown [s\src\hotspot\share\interpreter\linkResolver.cpp, line 773]
Event: 17.947 Thread 0x0000018a1328e550 Exception <a 'java/lang/NoSuchMethodError'{0x00000000e423bb00}: 'java.lang.Object java.lang.invoke.DirectMethodHandle$Holder.invokeSpecial(java.lang.Object, java.lang.Object, java.lang.Object, java.lang.Object, java.lang.Object, int)'> (0x00000000e423bb00) 
thrown [s\src\hotspot\share\interpreter\linkResolver.cpp, line 773]
Event: 17.948 Thread 0x0000018a1328e550 Exception <a 'java/lang/NoSuchMethodError'{0x00000000e423f390}: 'java.lang.Object java.lang.invoke.Invokers$Holder.linkToTargetMethod(java.lang.Object, java.lang.Object, java.lang.Object, int, java.lang.Object)'> (0x00000000e423f390) 
thrown [s\src\hotspot\share\interpreter\linkResolver.cpp, line 773]
Event: 17.968 Thread 0x0000018a1328ebc0 Exception <a 'java/lang/NoSuchMethodError'{0x00000000e3ec1778}: 'void java.lang.invoke.DirectMethodHandle$Holder.invokeStatic(java.lang.Object, java.lang.Object, java.lang.Object, java.lang.Object, java.lang.Object, java.lang.Object, java.lang.Object)'> (0x00000000e3ec1778) 
thrown [s\src\hotspot\share\interpreter\linkResolver.cpp, line 773]
Event: 26.154 Thread 0x0000018a132929a0 Implicit null exception at 0x00000189c257f09b to 0x00000189c2580a44
Event: 35.861 Thread 0x0000018a132929a0 Implicit null exception at 0x00000189c245bdab to 0x00000189c245d3d0
Event: 44.091 Thread 0x0000018a132929a0 Implicit null exception at 0x00000189c255de67 to 0x00000189c255f680
Event: 74.454 Thread 0x00000189b1fec460 Implicit null exception at 0x00000189c2337c00 to 0x00000189c2337d6c
Event: 75.364 Thread 0x00000189b1fec460 Implicit null exception at 0x00000189c24ad400 to 0x00000189c24ad544
Event: 75.913 Thread 0x00000189b1fec460 Exception <a 'java/lang/NoSuchMethodError'{0x00000000fff81980}: 'java.lang.Object java.lang.invoke.DirectMethodHandle$Holder.invokeInterface(java.lang.Object, java.lang.Object)'> (0x00000000fff81980) 
thrown [s\src\hotspot\share\interpreter\linkResolver.cpp, line 773]
Event: 76.685 Thread 0x00000189b1fec460 Exception <a 'java/lang/NoSuchMethodError'{0x00000000ffd51588}: 'java.lang.Object java.lang.invoke.DirectMethodHandle$Holder.invokeSpecial(java.lang.Object, java.lang.Object, int, java.lang.Object, java.lang.Object, java.lang.Object)'> (0x00000000ffd51588) 
thrown [s\src\hotspot\share\interpreter\linkResolver.cpp, line 773]
Event: 76.687 Thread 0x00000189b1fec460 Exception <a 'java/lang/NoSuchMethodError'{0x00000000ffd55080}: 'java.lang.Object java.lang.invoke.Invokers$Holder.linkToTargetMethod(int, java.lang.Object, java.lang.Object, java.lang.Object, java.lang.Object)'> (0x00000000ffd55080) 
thrown [s\src\hotspot\share\interpreter\linkResolver.cpp, line 773]
Event: 76.807 Thread 0x00000189b1fec460 Exception <a 'java/lang/NoSuchMethodError'{0x00000000ffc35f90}: 'void java.lang.invoke.DirectMethodHandle$Holder.invokeStatic(java.lang.Object, java.lang.Object, java.lang.Object, java.lang.Object, java.lang.Object, java.lang.Object)'> (0x00000000ffc35f90) 
thrown [s\src\hotspot\share\interpreter\linkResolver.cpp, line 773]
Event: 76.814 Thread 0x00000189b1fec460 Exception <a 'java/lang/NoSuchMethodError'{0x00000000ffc49a28}: 'void java.lang.invoke.DirectMethodHandle$Holder.invokeSpecial(java.lang.Object, java.lang.Object, java.lang.Object, int, java.lang.Object, java.lang.Object, java.lang.Object, java.lang.Object)'> (0x00000000ffc49a28) 
thrown [s\src\hotspot\share\interpreter\linkResolver.cpp, line 773]
Event: 77.229 Thread 0x00000189b1fec460 Exception <a 'java/lang/NoSuchMethodError'{0x00000000ff035ad0}: 'void java.lang.invoke.DirectMethodHandle$Holder.invokeStatic(java.lang.Object, java.lang.Object, java.lang.Object, java.lang.Object, java.lang.Object, java.lang.Object, java.lang.Object, java.lang.Object)'> (0x00000000ff035ad0) 
thrown [s\src\hotspot\share\interpreter\linkResolver.cpp, line 773]
Event: 78.221 Thread 0x0000018a13293410 Exception <a 'java/lang/NoSuchMethodError'{0x00000000e26519d8}: 'java.lang.Object java.lang.invoke.DirectMethodHandle$Holder.invokeStatic(java.lang.Object, java.lang.Object, int, java.lang.Object)'> (0x00000000e26519d8) 
thrown [s\src\hotspot\share\interpreter\linkResolver.cpp, line 773]
Event: 78.221 Thread 0x0000018a132918b0 Exception <a 'java/lang/NoSuchMethodError'{0x00000000e25df4e0}: 'java.lang.Object java.lang.invoke.DirectMethodHandle$Holder.invokeStatic(java.lang.Object, java.lang.Object, int, java.lang.Object)'> (0x00000000e25df4e0) 
thrown [s\src\hotspot\share\interpreter\linkResolver.cpp, line 773]
Event: 78.221 Thread 0x0000018a13291240 Exception <a 'java/lang/NoSuchMethodError'{0x00000000e2407760}: 'java.lang.Object java.lang.invoke.DirectMethodHandle$Holder.invokeStatic(java.lang.Object, java.lang.Object, int, java.lang.Object)'> (0x00000000e2407760) 
thrown [s\src\hotspot\share\interpreter\linkResolver.cpp, line 773]
Event: 79.165 Thread 0x0000018a132a5c30 Exception <a 'java/lang/NoSuchMethodError'{0x00000000e00f0758}: 'java.lang.Object java.lang.invoke.DirectMethodHandle$Holder.invokeStatic(java.lang.Object, java.lang.Object, int)'> (0x00000000e00f0758) 
thrown [s\src\hotspot\share\interpreter\linkResolver.cpp, line 773]

ZGC Phase Switch (0 events):
No events

VM Operations (20 events):
Event: 79.157 Executing safepoint VM operation: ICBufferFull done
Event: 79.157 Executing safepoint VM operation: ICBufferFull
Event: 79.157 Executing safepoint VM operation: ICBufferFull done
Event: 79.158 Executing safepoint VM operation: ICBufferFull
Event: 79.158 Executing safepoint VM operation: ICBufferFull done
Event: 79.667 Executing safepoint VM operation: ICBufferFull
Event: 79.674 Executing safepoint VM operation: ICBufferFull done
Event: 80.309 Executing safepoint VM operation: ICBufferFull
Event: 80.331 Executing safepoint VM operation: ICBufferFull done
Event: 80.826 Executing safepoint VM operation: G1CollectForAllocation (G1 Evacuation Pause)
Event: 80.935 Executing safepoint VM operation: G1CollectForAllocation (G1 Evacuation Pause) done
Event: 81.706 Executing non-safepoint VM operation: HandshakeAllThreads (Deoptimize)
Event: 81.706 Executing non-safepoint VM operation: HandshakeAllThreads (Deoptimize) done
Event: 81.718 Executing non-safepoint VM operation: HandshakeAllThreads (Deoptimize)
Event: 81.718 Executing non-safepoint VM operation: HandshakeAllThreads (Deoptimize) done
Event: 81.959 Executing safepoint VM operation: ICBufferFull
Event: 81.959 Executing safepoint VM operation: ICBufferFull done
Event: 82.777 Executing non-safepoint VM operation: HandshakeAllThreads (Deoptimize)
Event: 82.777 Executing non-safepoint VM operation: HandshakeAllThreads (Deoptimize) done
Event: 82.940 Executing safepoint VM operation: G1CollectForAllocation (G1 Evacuation Pause)

Memory protections (0 events):
No events

Nmethod flushes (20 events):
Event: 76.290 Thread 0x00000189cd83cc40 flushing  nmethod 0x00000189ba711f90
Event: 76.290 Thread 0x00000189cd83cc40 flushing  nmethod 0x00000189badd1390
Event: 76.290 Thread 0x00000189cd83cc40 flushing  nmethod 0x00000189bb3f5410
Event: 76.290 Thread 0x00000189cd83cc40 flushing  nmethod 0x00000189bb43f790
Event: 76.290 Thread 0x00000189cd83cc40 flushing  nmethod 0x00000189bb72d810
Event: 76.290 Thread 0x00000189cd83cc40 flushing  nmethod 0x00000189bb731f90
Event: 76.290 Thread 0x00000189cd83cc40 flushing  nmethod 0x00000189bb7c4a10
Event: 76.290 Thread 0x00000189cd83cc40 flushing  nmethod 0x00000189bb7e4410
Event: 76.290 Thread 0x00000189cd83cc40 flushing  nmethod 0x00000189bb8fff10
Event: 76.290 Thread 0x00000189cd83cc40 flushing  nmethod 0x00000189bb938a90
Event: 76.290 Thread 0x00000189cd83cc40 flushing  nmethod 0x00000189bb990410
Event: 76.290 Thread 0x00000189cd83cc40 flushing  nmethod 0x00000189c2b27290
Event: 76.290 Thread 0x00000189cd83cc40 flushing  nmethod 0x00000189c2b2b610
Event: 76.290 Thread 0x00000189cd83cc40 flushing  nmethod 0x00000189ba83d190
Event: 76.290 Thread 0x00000189cd83cc40 flushing  nmethod 0x00000189ba86f690
Event: 76.290 Thread 0x00000189cd83cc40 flushing  nmethod 0x00000189bace7890
Event: 76.290 Thread 0x00000189cd83cc40 flushing  nmethod 0x00000189bace9d90
Event: 76.290 Thread 0x00000189cd83cc40 flushing  nmethod 0x00000189bad3fe10
Event: 76.290 Thread 0x00000189cd83cc40 flushing  nmethod 0x00000189bb253e10
Event: 76.290 Thread 0x00000189cd83cc40 flushing  nmethod 0x00000189bb9be910

Events (20 events):
Event: 0.067 Thread 0x00000189b1fec460 Thread added: 0x00000189cd85f110
Event: 0.067 Thread 0x00000189b1fec460 Thread added: 0x00000189cd860000
Event: 0.067 Thread 0x00000189b1fec460 Thread added: 0x00000189cd860dc0
Event: 0.067 Thread 0x00000189b1fec460 Thread added: 0x00000189cd861e20
Event: 0.067 Thread 0x00000189b1fec460 Thread added: 0x00000189cd864fb0
Event: 0.067 Thread 0x00000189b1fec460 Thread added: 0x00000189cd865940
Event: 0.093 Thread 0x00000189b1fec460 Thread added: 0x00000189cd9c2da0
Event: 0.096 Thread 0x00000189b1fec460 Thread added: 0x00000189cd9c9430
Event: 3.548 Thread 0x00000189b1fec460 Thread added: 0x0000018a1328e550
Event: 3.551 Thread 0x00000189b1fec460 Thread added: 0x0000018a1328ebc0
Event: 3.563 Thread 0x0000018a1328e550 Thread added: 0x0000018a13291240
Event: 3.565 Thread 0x0000018a1328ebc0 Thread added: 0x0000018a132918b0
Event: 3.568 Thread 0x0000018a13291240 Thread added: 0x0000018a13291f20
Event: 3.594 Thread 0x0000018a132918b0 Thread added: 0x0000018a132929a0
Event: 3.595 Thread 0x0000018a13291f20 Thread added: 0x0000018a13293410
Event: 3.598 Thread 0x00000189b1fec460 Thread added: 0x0000018a132a5c30
Event: 3.960 Thread 0x00000189cd865940 Thread added: 0x0000018a13776b50
Event: 25.023 Thread 0x00000189cd865940 Thread added: 0x0000018a14aacad0
Event: 76.295 Thread 0x0000018a14aacad0 Thread exited: 0x0000018a14aacad0
Event: 80.508 Thread 0x00000189cd865940 Thread added: 0x0000018a13143ca0


Dynamic libraries:
0x00007ff7e1fd0000 - 0x00007ff7e1fde000 	C:\Program Files\Microsoft\jdk-21.0.12.8-hotspot\bin\java.exe
0x00007ffff9360000 - 0x00007ffff95c6000 	C:\WINDOWS\SYSTEM32\ntdll.dll
0x00007ffff84e0000 - 0x00007ffff85a9000 	C:\WINDOWS\System32\KERNEL32.DLL
0x00007ffff6790000 - 0x00007ffff6b8f000 	C:\WINDOWS\System32\KERNELBASE.dll
0x00007ffff6570000 - 0x00007ffff66bc000 	C:\WINDOWS\System32\ucrtbase.dll
0x00007fff86880000 - 0x00007fff86898000 	C:\Program Files\Microsoft\jdk-21.0.12.8-hotspot\bin\jli.dll
0x00007fff86820000 - 0x00007fff8683e000 	C:\Program Files\Microsoft\jdk-21.0.12.8-hotspot\bin\VCRUNTIME140.dll
0x00007ffff7ae0000 - 0x00007ffff7ca6000 	C:\WINDOWS\System32\USER32.dll
0x00007fffe19d0000 - 0x00007fffe1c61000 	C:\WINDOWS\WinSxS\amd64_microsoft.windows.common-controls_6595b64144ccf1df_6.0.26100.8972_none_3e0da176e32f9d4b\COMCTL32.dll
0x00007ffff6ba0000 - 0x00007ffff6bc7000 	C:\WINDOWS\System32\win32u.dll
0x00007ffff7e50000 - 0x00007ffff7ef9000 	C:\WINDOWS\System32\msvcrt.dll
0x00007ffff7990000 - 0x00007ffff79bb000 	C:\WINDOWS\System32\GDI32.dll
0x00007ffff6bd0000 - 0x00007ffff6cf9000 	C:\WINDOWS\System32\gdi32full.dll
0x00007ffff6d00000 - 0x00007ffff6da3000 	C:\WINDOWS\System32\msvcp_win.dll
0x00007ffff84a0000 - 0x00007ffff84d2000 	C:\WINDOWS\System32\IMM32.DLL
0x00007fff86870000 - 0x00007fff8687c000 	C:\Program Files\Microsoft\jdk-21.0.12.8-hotspot\bin\vcruntime140_1.dll
0x00007fff53190000 - 0x00007fff53219000 	C:\Program Files\Microsoft\jdk-21.0.12.8-hotspot\bin\msvcp140.dll
0x00007fff0d760000 - 0x00007fff0e50f000 	C:\Program Files\Microsoft\jdk-21.0.12.8-hotspot\bin\server\jvm.dll
0x00007ffff7d70000 - 0x00007ffff7e2c000 	C:\WINDOWS\System32\ADVAPI32.dll
0x00007ffff9270000 - 0x00007ffff9319000 	C:\WINDOWS\System32\sechost.dll
0x00007ffff79c0000 - 0x00007ffff7ad8000 	C:\WINDOWS\System32\RPCRT4.dll
0x00007ffff8410000 - 0x00007ffff8492000 	C:\WINDOWS\System32\WS2_32.dll
0x00007ffff63f0000 - 0x00007ffff644e000 	C:\WINDOWS\SYSTEM32\POWRPROF.dll
0x00007fffdda50000 - 0x00007fffdda5b000 	C:\WINDOWS\SYSTEM32\VERSION.dll
0x00007fffd9bd0000 - 0x00007fffd9c06000 	C:\WINDOWS\SYSTEM32\WINMM.dll
0x00007ffff63d0000 - 0x00007ffff63e5000 	C:\WINDOWS\SYSTEM32\UMPDC.dll
0x00007ffff5220000 - 0x00007ffff523b000 	C:\WINDOWS\SYSTEM32\kernel.appcore.dll
0x00007fff85f90000 - 0x00007fff85f9a000 	C:\Program Files\Microsoft\jdk-21.0.12.8-hotspot\bin\jimage.dll
0x00007ffff3aa0000 - 0x00007ffff3ce2000 	C:\WINDOWS\SYSTEM32\DBGHELP.DLL
0x00007ffff8e60000 - 0x00007ffff91e5000 	C:\WINDOWS\System32\combase.dll
0x00007ffff82d0000 - 0x00007ffff83a9000 	C:\WINDOWS\System32\OLEAUT32.dll
0x00007fffe2430000 - 0x00007fffe246b000 	C:\WINDOWS\SYSTEM32\dbgcore.DLL
0x00007ffff6e40000 - 0x00007ffff6eec000 	C:\WINDOWS\System32\bcryptPrimitives.dll
0x00007fff55630000 - 0x00007fff55651000 	C:\Program Files\Microsoft\jdk-21.0.12.8-hotspot\bin\java.dll
0x00007ffff71b0000 - 0x00007ffff7938000 	C:\WINDOWS\System32\SHELL32.dll
0x00007ffff4000000 - 0x00007ffff489b000 	C:\WINDOWS\SYSTEM32\windows.storage.dll
0x00007ffff8d60000 - 0x00007ffff8e59000 	C:\WINDOWS\System32\SHCORE.dll
0x00007ffff85b0000 - 0x00007ffff8616000 	C:\WINDOWS\System32\shlwapi.dll
0x00007ffff6490000 - 0x00007ffff64b9000 	C:\WINDOWS\SYSTEM32\profapi.dll
0x00007fff530b0000 - 0x00007fff53186000 	C:\Program Files\Microsoft\jdk-21.0.12.8-hotspot\bin\jsvml.dll
0x00007fff85f70000 - 0x00007fff85f81000 	C:\Program Files\Microsoft\jdk-21.0.12.8-hotspot\bin\net.dll
0x00007fffe7f60000 - 0x00007fffe8087000 	C:\WINDOWS\SYSTEM32\WINHTTP.dll
0x00007ffff57b0000 - 0x00007ffff581c000 	C:\WINDOWS\system32\mswsock.dll
0x00007fff563f0000 - 0x00007fff56406000 	C:\Program Files\Microsoft\jdk-21.0.12.8-hotspot\bin\nio.dll
0x00007fff53090000 - 0x00007fff530a8000 	C:\Program Files\Microsoft\jdk-21.0.12.8-hotspot\bin\zip.dll
0x00007fff53080000 - 0x00007fff53090000 	C:\Program Files\Microsoft\jdk-21.0.12.8-hotspot\bin\verify.dll

JVMTI agents: none

dbghelp: loaded successfully - version: 4.0.5 - missing functions: none
symbol engine: initialized successfully - sym options: 0x614 - pdb path: .;C:\Program Files\Microsoft\jdk-21.0.12.8-hotspot\bin;C:\WINDOWS\SYSTEM32;C:\WINDOWS\WinSxS\amd64_microsoft.windows.common-controls_6595b64144ccf1df_6.0.26100.8972_none_3e0da176e32f9d4b;C:\Program Files\Microsoft\jdk-21.0.12.8-hotspot\bin\server

VM Arguments:
jvm_args: -Xmx1G 
java_command: com.android.tools.r8.D8 --debug --min-api 21 --output obj\Debug\net10.0-android\android-arm64\android\bin\ --lib C:\Users\Yusuph\AppData\Local\Android\Sdk\platforms\android-36\android.jar obj\Debug\net10.0-android\android-arm64\android\bin\classes.zip C:\Program Files\dotnet\packs\Microsoft.Android.Ref.36\36.1.69\ref\net10.0\mono.android.jar C:\Program Files\dotnet\packs\Microsoft.Android.Sdk.Windows\36.1.69\tools\\java_runtime_net6.jar C:\Users\Yusuph\.nuget\packages\xamarin.androidx.annotation.jvm\1.9.1.5\buildTransitive\net10.0-android35.0\..\..\jar\androidx.annotation.annotation-jvm.jar C:\Users\Yusuph\.nuget\packages\xamarin.androidx.collection.jvm\1.5.0.3\buildTransitive\net10.0-android35.0\..\..\jar\androidx.collection.collection-jvm.jar C:\Users\Yusuph\.nuget\packages\xamarin.androidx.annotation\1.9.1.5\buildTransitive\net10.0-android35.0\..\..\jar\androidx.annotation.annotation.jar C:\Users\Yusuph\.nuget\packages\xamarin.androidx.collection\1.5.0.3\buildTransitive\net10.0-android35.0\..\..\jar\androidx.collection.collection.jar C:\Users\Yusuph\.nuget\packages\xamarin.androidx.concurrent.futures\1.3.0.1\buildTransitive\net10.0-android35.0\..\..\jar\androidx.concurrent.concurrent-futures.jar C:\Users\Yusuph\.nuget\packages\xamarin.androidx.lifecycle.common.jvm\2.9.2.1\buildTransitive\net10.0-android35.0\..\..\jar\androidx.lifecycle.lifecycle-common-jvm.jar C:\Users\Yusuph\.nuget\packages\xamarin.androidx.lifecycle.common\2.9.2.1\buildTransitive\net10.0-android35.0\..\..\jar\androidx.lifecycle.lifecycle-common.jar C:\Users\Yusuph\.nuget\packages\xamarin.androidx.arch.core.common\2.2.0.18\buildTransitive\net10.0-android35.0\..\..\jar\androidx.arch.core.core-common.jar C:\Users\Yusuph\.nuget\packages\xamarin.androidx.resourceinspection.annotation\1.0.1.22\buildTransitive\net10.0-android35.0\..\..\jar\androidx.resourceinspection.resourceinspection-annotation.jar C:\Users\Yusuph\.nuget\packages\xamarin.androidx.constraintlayout.core\1.1.1.3\buildTr
java_class_path (initial): C:\Program Files\dotnet\packs\Microsoft.Android.Sdk.Windows\36.1.69\tools\r8.jar
Launcher Type: SUN_STANDARD

[Global flags]
     intx CICompilerCount                          = 4                                         {product} {ergonomic}
     uint ConcGCThreads                            = 2                                         {product} {ergonomic}
     uint G1ConcRefinementThreads                  = 8                                         {product} {ergonomic}
   size_t G1HeapRegionSize                         = 1048576                                   {product} {ergonomic}
    uintx GCDrainStackTargetSize                   = 64                                        {product} {ergonomic}
   size_t InitialHeapSize                          = 132120576                                 {product} {ergonomic}
   size_t MarkStackSize                            = 4194304                                   {product} {ergonomic}
   size_t MaxHeapSize                              = 1073741824                                {product} {command line}
   size_t MaxNewSize                               = 643825664                                 {product} {ergonomic}
   size_t MinHeapDeltaBytes                        = 1048576                                   {product} {ergonomic}
   size_t MinHeapSize                              = 8388608                                   {product} {ergonomic}
    uintx NonNMethodCodeHeapSize                   = 5839372                                {pd product} {ergonomic}
    uintx NonProfiledCodeHeapSize                  = 122909434                              {pd product} {ergonomic}
    uintx ProfiledCodeHeapSize                     = 122909434                              {pd product} {ergonomic}
    uintx ReservedCodeCacheSize                    = 251658240                              {pd product} {ergonomic}
     bool SegmentedCodeCache                       = true                                      {product} {ergonomic}
   size_t SoftMaxHeapSize                          = 1073741824                             {manageable} {ergonomic}
     bool UseCompressedOops                        = true                           {product lp64_product} {ergonomic}
     bool UseG1GC                                  = true                                      {product} {ergonomic}
     bool UseLargePagesIndividualAllocation        = false                                  {pd product} {ergonomic}

Logging:
Log output configuration:
 #0: stdout all=warning uptime,level,tags foldmultilines=false
 #1: stderr all=off uptime,level,tags foldmultilines=false

Release file:
IMPLEMENTOR="Microsoft" 
IMPLEMENTOR_VERSION="Microsoft-14653896" 
JAVA_RUNTIME_VERSION="21.0.12+8-LTS" 
JAVA_VERSION="21.0.12" 
JAVA_VERSION_DATE="2026-07-21" 
LIBC="default" 
MODULES="java.base java.compiler java.datatransfer java.xml java.prefs java.desktop java.instrument java.logging java.management java.security.sasl java.naming java.rmi java.management.rmi java.net.http java.scripting java.security.jgss java.transaction.xa java.sql java.sql.rowset java.xml.crypto java.se java.smartcardio jdk.accessibility jdk.internal.jvmstat jdk.attach jdk.charsets jdk.internal.opt jdk.zipfs jdk.compiler jdk.crypto.ec jdk.crypto.cryptoki jdk.crypto.mscapi jdk.dynalink jdk.internal.ed jdk.editpad jdk.hotspot.agent jdk.httpserver jdk.incubator.vector jdk.internal.le jdk.internal.vm.ci jdk.internal.vm.compiler jdk.internal.vm.compiler.management jdk.jartool jdk.javadoc jdk.jcmd jdk.management jdk.management.agent jdk.jconsole jdk.jdeps jdk.jdwp.agent jdk.jdi jdk.jfr jdk.jlink jdk.jpackage jdk.jshell jdk.jsobject jdk.jstatd jdk.localedata jdk.management.jfr jdk.naming.dns jdk.naming.rmi jdk.net jdk.nio.mapmode jdk.random jdk.sctp jdk.security.auth jdk.security.jgss jdk.unsupported jdk.unsupported.desktop jdk.xml.dom" 
OS_ARCH="x86_64" 
OS_NAME="Windows" 
SOURCE=".:git:ffd52e07a1a6" 

Environment Variables:
JAVA_HOME=C:\Program Files\Microsoft\jdk-21.0.12.8-hotspot\
PATH=C:\Program Files\WindowsApps\Microsoft.PowerShell_7.6.4.0_x64__8wekyb3d8bbwe;C:\Program Files\Microsoft\jdk-21.0.12.8-hotspot\bin;C:\WINDOWS\system32;C:\WINDOWS;C:\WINDOWS\System32\Wbem;C:\WINDOWS\System32\WindowsPowerShell\v1.0\;C:\WINDOWS\System32\OpenSSH\;C:\Program Files (x86)\Windows Kits\10\Windows Performance Toolkit\;C:\Program Files\dotnet\;C:\Program Files (x86)\Microsoft SQL Server\170\Tools\Binn\;C:\Program Files\Microsoft SQL Server\170\Tools\Binn\;C:\Program Files\Microsoft SQL Server\Client SDK\ODBC\180\Tools\Binn\;C:\Program Files\Microsoft SQL Server\170\DTS\Binn\;D:\PROGRAM FILE\Git\cmd;C:\Program Files\Git\cmd;C:\Program Files\Process Lasso\;D:\Android\;C:\Users\Yusuph\AppData\Local\Microsoft\WindowsApps;D:\Android\Microsoft VS Code\bin;C:\Users\Yusuph\AppData\Local\GitHubDesktop\bin;C:\flutter\bin;C:\Users\Yusuph\.dotnet\tools;C:\Users\Yusuph\AppData\Roaming\npm;C:\Users\Yusuph\AppData\Local\Programs\Microsoft VS Code\bin;C:\Users\Yusuph\AppData\Local\Programs\Ollama;C:\Users\Yusuph\AppData\Local\Android\Sdk\platform-tools;C:\Users\Yusuph\AppData\Local\Android\Sdk\cmdline-tools\latest\bin;C:\Program Files\Microsoft\jdk-21.0.12.8-hotspot\bin;c:\Users\Yusuph\AppData\Local\Programs\Microsoft VS Code\110a328ea5\resources\app\node_modules.asar.unpacked\@vscode\ripgrep-universal\bin\win32-x64
USERNAME=Yusuph
OS=Windows_NT
PROCESSOR_IDENTIFIER=Intel64 Family 6 Model 142 Stepping 12, GenuineIntel
TMP=C:\Users\Yusuph\AppData\Local\Temp
TEMP=C:\Users\Yusuph\AppData\Local\Temp




Periodic native trim disabled

---------------  S Y S T E M  ---------------

OS:
 Windows 11 , 64 bit Build 26100 (10.0.26100.8972)
OS uptime: 0 days 20:29 hours
Hyper-V role detected

CPU: total 8 (initial active 8) (4 cores per cpu, 2 threads per core) family 6 model 142 stepping 12 microcode 0x100, cx8, cmov, fxsr, ht, mmx, 3dnowpref, sse, sse2, sse3, ssse3, sse4.1, sse4.2, popcnt, lzcnt, tsc, tscinvbit, avx, avx2, aes, erms, clmul, bmi1, bmi2, adx, fma, vzeroupper, clflush, clflushopt, hv, rdtscp, f16c
Processor Information for the first 8 processors :
  Max Mhz: 1800, Current Mhz: 1600, Mhz Limit: 1584

Memory: 4k page, system-wide physical 8006M (635M free)
TotalPageFile size 20820M (AvailPageFile size 5M)
current process WorkingSet (physical memory assigned to process): 839M, peak: 839M
current process commit charge ("private bytes"): 906M, peak: 906M

vm_info: OpenJDK 64-Bit Server VM (21.0.12+8-LTS) for windows-amd64 JRE (21.0.12+8-LTS), built on 2026-07-14T17:50:36Z by "MicrosoftCorporation" with MS VC++ 17.14 (VS2022)

END.
