version 2
JvmtiExport can_access_local_variables 0
JvmtiExport can_hotswap_or_post_breakpoint 0
JvmtiExport can_post_on_exceptions 0
# 737 ciObject found
instanceKlass com/android/tools/r8/internal/mo0
ciInstanceKlass java/lang/Cloneable 1 0 7 100 1 100 1 1 1
instanceKlass  @bci com/android/tools/r8/internal/tp a (Lcom/android/tools/r8/internal/Jr0;)V 17 <appendix> argL0 ; # com/android/tools/r8/internal/tp$$Lambda+0x000001eca131b868
instanceKlass  @bci com/android/tools/r8/internal/tp a (Lcom/android/tools/r8/internal/Jr0;)V 9 <appendix> argL0 ; # com/android/tools/r8/internal/tp$$Lambda+0x000001eca131b648
instanceKlass  @bci com/android/tools/r8/internal/tp a (Lcom/android/tools/r8/internal/Jr0;)V 1 <appendix> argL0 ; # com/android/tools/r8/internal/tp$$Lambda+0x000001eca131b428
instanceKlass  @bci com/android/tools/r8/internal/tp a (Lcom/android/tools/r8/internal/Up;Lcom/android/tools/r8/internal/xf;)I 6 <appendix> argL0 ; # com/android/tools/r8/internal/tp$$Lambda+0x000001eca131b208
instanceKlass  @bci com/android/tools/r8/internal/lp a (Lcom/android/tools/r8/internal/Jr0;)V 9 <appendix> argL0 ; # com/android/tools/r8/internal/lp$$Lambda+0x000001eca131afe8
instanceKlass  @bci com/android/tools/r8/internal/lp a (Lcom/android/tools/r8/internal/Jr0;)V 1 <appendix> argL0 ; # com/android/tools/r8/internal/lp$$Lambda+0x000001eca131adc8
instanceKlass  @bci com/android/tools/r8/internal/lp a (Lcom/android/tools/r8/internal/Up;Lcom/android/tools/r8/internal/xf;)I 6 <appendix> argL0 ; # com/android/tools/r8/internal/lp$$Lambda+0x000001eca131aba8
instanceKlass  @bci com/android/tools/r8/internal/lo0 a (Ljava/util/List;Lcom/android/tools/r8/ir/optimize/a;Lcom/android/tools/r8/internal/V6;Ljava/util/Map$Entry;)V 121 <appendix> argL0 ; # com/android/tools/r8/internal/lo0$$Lambda+0x000001eca131a958
instanceKlass com/android/tools/r8/naming/b
instanceKlass  @bci com/android/tools/r8/internal/mp a (Lcom/android/tools/r8/internal/Jr0;)V 17 <appendix> argL0 ; # com/android/tools/r8/internal/mp$$Lambda+0x000001eca131a4f8
instanceKlass  @bci com/android/tools/r8/internal/mp a (Lcom/android/tools/r8/internal/Jr0;)V 9 <appendix> argL0 ; # com/android/tools/r8/internal/mp$$Lambda+0x000001eca131a2d8
instanceKlass  @bci com/android/tools/r8/internal/mp a (Lcom/android/tools/r8/internal/Jr0;)V 1 <appendix> argL0 ; # com/android/tools/r8/internal/mp$$Lambda+0x000001eca131a0b8
instanceKlass  @bci com/android/tools/r8/internal/mp a (Lcom/android/tools/r8/internal/Up;Lcom/android/tools/r8/internal/xf;)I 6 <appendix> argL0 ; # com/android/tools/r8/internal/mp$$Lambda+0x000001eca1319e98
instanceKlass  @bci com/android/tools/r8/internal/nb c (Lcom/android/tools/r8/internal/P8;Lcom/android/tools/r8/internal/I9;Lcom/android/tools/r8/internal/H70;)Lcom/android/tools/r8/internal/I9; 11 <appendix> member <vmtarget> ; # com/android/tools/r8/internal/nb$$Lambda+0x000001eca1319a20
instanceKlass  @bci com/android/tools/r8/internal/nb c (Lcom/android/tools/r8/internal/P8;Lcom/android/tools/r8/internal/I9;Lcom/android/tools/r8/internal/H70;)Lcom/android/tools/r8/internal/I9; 5 <appendix> member <vmtarget> ; # com/android/tools/r8/internal/nb$$Lambda+0x000001eca13197f8
instanceKlass  @bci com/android/tools/r8/internal/nb a (Lcom/android/tools/r8/internal/I9;Lcom/android/tools/r8/graph/y;Lcom/android/tools/r8/internal/P8;)Lcom/android/tools/r8/internal/I9; 90 <appendix> member <vmtarget> ; # com/android/tools/r8/internal/nb$$Lambda+0x000001eca13195c0
instanceKlass  @bci com/android/tools/r8/internal/nb a (Lcom/android/tools/r8/internal/I9;Lcom/android/tools/r8/graph/y;Lcom/android/tools/r8/internal/P8;)Lcom/android/tools/r8/internal/I9; 84 <appendix> member <vmtarget> ; # com/android/tools/r8/internal/nb$$Lambda+0x000001eca1319398
instanceKlass com/android/tools/r8/internal/Nq0
instanceKlass  @bci com/android/tools/r8/internal/no a (Lcom/android/tools/r8/internal/Jr0;)V 1 <appendix> argL0 ; # com/android/tools/r8/internal/no$$Lambda+0x000001eca1318d28
instanceKlass  @bci com/android/tools/r8/internal/iv0 c ()V 77 <appendix> member <vmtarget> ; # com/android/tools/r8/internal/iv0$$Lambda+0x000001eca1318af0
instanceKlass  @bci com/android/tools/r8/internal/lx a (Lcom/android/tools/r8/internal/sB;)Lcom/android/tools/r8/internal/Ce; 743 <appendix> member <vmtarget> ; # com/android/tools/r8/internal/lx$$Lambda+0x000001eca13188b8
instanceKlass  @bci com/android/tools/r8/internal/QJ a (Lcom/android/tools/r8/graph/K5;Lcom/android/tools/r8/internal/lK;)V 26 <appendix> argL0 ; # com/android/tools/r8/internal/QJ$$Lambda+0x000001eca1318678
instanceKlass com/android/tools/r8/internal/gb
instanceKlass  @bci com/android/tools/r8/internal/nb b (Lcom/android/tools/r8/internal/P8;Lcom/android/tools/r8/internal/I9;Lcom/android/tools/r8/internal/H70;)Lcom/android/tools/r8/internal/I9; 3 <appendix> member <vmtarget> ; # com/android/tools/r8/internal/nb$$Lambda+0x000001eca1318238
instanceKlass  @bci com/android/tools/r8/internal/nb a (Lcom/android/tools/r8/internal/I9;Lcom/android/tools/r8/graph/y;Lcom/android/tools/r8/internal/P8;)Lcom/android/tools/r8/internal/I9; 110 <appendix> member <vmtarget> ; # com/android/tools/r8/internal/nb$$Lambda+0x000001eca1318000
instanceKlass  @bci com/android/tools/r8/internal/nb a (Lcom/android/tools/r8/internal/I9;Lcom/android/tools/r8/graph/y;Lcom/android/tools/r8/internal/P8;)Lcom/android/tools/r8/internal/I9; 104 <appendix> member <vmtarget> ; # com/android/tools/r8/internal/nb$$Lambda+0x000001eca1314400
instanceKlass  @bci com/android/tools/r8/internal/qR b (Lcom/android/tools/r8/internal/sB;)Lcom/android/tools/r8/internal/De; 324 <appendix> argL0 ; # com/android/tools/r8/internal/qR$$Lambda+0x000001eca1314c50
instanceKlass  @bci com/android/tools/r8/internal/LI a (Lcom/android/tools/r8/graph/j1;Lcom/android/tools/r8/synthesis/M;)V 98 <appendix> argL0 ; # com/android/tools/r8/internal/LI$$Lambda+0x000001eca1314800
instanceKlass  @bci com/android/tools/r8/internal/LI c (Lcom/android/tools/r8/graph/K5;Lcom/android/tools/r8/internal/NI;)Lcom/android/tools/r8/graph/K5; 57 <appendix> member <vmtarget> ; # com/android/tools/r8/internal/LI$$Lambda+0x000001eca1315d40
instanceKlass  @bci com/android/tools/r8/internal/LI c (Lcom/android/tools/r8/graph/K5;Lcom/android/tools/r8/internal/NI;)Lcom/android/tools/r8/graph/K5; 51 <appendix> member <vmtarget> ; # com/android/tools/r8/internal/LI$$Lambda+0x000001eca1315b08
instanceKlass  @bci com/android/tools/r8/internal/nb a (Lcom/android/tools/r8/internal/I9;Lcom/android/tools/r8/graph/y;Lcom/android/tools/r8/internal/P8;)Lcom/android/tools/r8/internal/I9; 180 <appendix> argL0 ; # com/android/tools/r8/internal/nb$$Lambda+0x000001eca13158d8
instanceKlass  @bci com/android/tools/r8/internal/nb a (Lcom/android/tools/r8/internal/I9;Lcom/android/tools/r8/graph/y;Lcom/android/tools/r8/internal/P8;)Lcom/android/tools/r8/internal/I9; 175 <appendix> argL0 ; # com/android/tools/r8/internal/nb$$Lambda+0x000001eca13156b8
instanceKlass  @bci com/android/tools/r8/ir/optimize/u0 b (Lcom/android/tools/r8/internal/sB;Lcom/android/tools/r8/internal/QJ;)V 127 <appendix> member <vmtarget> ; # com/android/tools/r8/ir/optimize/u0$$Lambda+0x000001eca1315460
instanceKlass  @bci com/android/tools/r8/internal/Y5 a (Lcom/android/tools/r8/internal/Y5;Lcom/android/tools/r8/internal/nt;Lcom/android/tools/r8/ir/optimize/a;)Ljava/util/Set; 156 <appendix> member <vmtarget> ; # com/android/tools/r8/internal/Y5$$Lambda+0x000001eca1315208
instanceKlass com/android/tools/r8/internal/uL
instanceKlass com/android/tools/r8/internal/Lj
instanceKlass com/android/tools/r8/internal/Db
instanceKlass  @bci com/android/tools/r8/internal/nb d (Lcom/android/tools/r8/internal/P8;Lcom/android/tools/r8/internal/I9;Lcom/android/tools/r8/internal/H70;)Lcom/android/tools/r8/internal/I9; 11 <appendix> member <vmtarget> ; # com/android/tools/r8/internal/nb$$Lambda+0x000001eca13179b0
instanceKlass  @bci com/android/tools/r8/internal/nb d (Lcom/android/tools/r8/internal/P8;Lcom/android/tools/r8/internal/I9;Lcom/android/tools/r8/internal/H70;)Lcom/android/tools/r8/internal/I9; 5 <appendix> member <vmtarget> ; # com/android/tools/r8/internal/nb$$Lambda+0x000001eca1317788
instanceKlass  @bci com/android/tools/r8/internal/nb a (Lcom/android/tools/r8/internal/I9;Lcom/android/tools/r8/graph/y;Lcom/android/tools/r8/internal/P8;)Lcom/android/tools/r8/internal/I9; 143 <appendix> member <vmtarget> ; # com/android/tools/r8/internal/nb$$Lambda+0x000001eca1317550
instanceKlass  @bci com/android/tools/r8/internal/LI a (Lcom/android/tools/r8/graph/K5;Lcom/android/tools/r8/graph/j1;Lcom/android/tools/r8/synthesis/M;)V 590 <appendix> argL0 ; # com/android/tools/r8/internal/LI$$Lambda+0x000001eca1317330
instanceKlass  @bci com/android/tools/r8/internal/LI a (Lcom/android/tools/r8/graph/K5;Lcom/android/tools/r8/internal/NI;)Lcom/android/tools/r8/graph/K5; 59 <appendix> member <vmtarget> ; # com/android/tools/r8/internal/LI$$Lambda+0x000001eca13170f8
instanceKlass  @bci com/android/tools/r8/internal/LI a (Lcom/android/tools/r8/graph/K5;Lcom/android/tools/r8/internal/NI;)Lcom/android/tools/r8/graph/K5; 53 <appendix> member <vmtarget> ; # com/android/tools/r8/internal/LI$$Lambda+0x000001eca1316ec0
instanceKlass  @bci com/android/tools/r8/internal/lo0 a (Lcom/android/tools/r8/internal/XL;)V 449 <appendix> argL0 ; # com/android/tools/r8/internal/lo0$$Lambda+0x000001eca1316c80
instanceKlass  @bci com/android/tools/r8/ir/optimize/F a (Ljava/util/Queue;Lcom/android/tools/r8/internal/sB;Lcom/android/tools/r8/internal/Y5;Lcom/android/tools/r8/ir/optimize/a;Lcom/android/tools/r8/internal/Hx0;)V 356 <appendix> argL0 ; # com/android/tools/r8/ir/optimize/F$$Lambda+0x000001eca1316660
instanceKlass  @bci com/android/tools/r8/internal/hp a (Lcom/android/tools/r8/internal/Jr0;)V 17 <appendix> argL0 ; # com/android/tools/r8/internal/hp$$Lambda+0x000001eca1316440
instanceKlass  @bci com/android/tools/r8/internal/hp a (Lcom/android/tools/r8/internal/Jr0;)V 9 <appendix> argL0 ; # com/android/tools/r8/internal/hp$$Lambda+0x000001eca1316220
instanceKlass  @bci com/android/tools/r8/internal/hp a (Lcom/android/tools/r8/internal/Jr0;)V 1 <appendix> argL0 ; # com/android/tools/r8/internal/hp$$Lambda+0x000001eca1316000
instanceKlass  @bci com/android/tools/r8/internal/hp a (Lcom/android/tools/r8/internal/Up;Lcom/android/tools/r8/internal/xf;)I 6 <appendix> argL0 ; # com/android/tools/r8/internal/hp$$Lambda+0x000001eca11e0800
instanceKlass  @bci com/android/tools/r8/internal/bp a (Lcom/android/tools/r8/internal/Jr0;)V 9 <appendix> argL0 ; # com/android/tools/r8/internal/bp$$Lambda+0x000001eca11ec400
instanceKlass  @bci com/android/tools/r8/internal/bp a (Lcom/android/tools/r8/internal/Jr0;)V 1 <appendix> argL0 ; # com/android/tools/r8/internal/bp$$Lambda+0x000001eca11ecc40
instanceKlass  @bci com/android/tools/r8/internal/bp a (Lcom/android/tools/r8/internal/Up;Lcom/android/tools/r8/internal/xf;)I 6 <appendix> argL0 ; # com/android/tools/r8/internal/bp$$Lambda+0x000001eca11eca20
instanceKlass  @bci com/android/tools/r8/internal/fp a (Lcom/android/tools/r8/internal/Jr0;)V 9 <appendix> argL0 ; # com/android/tools/r8/internal/fp$$Lambda+0x000001eca11ec800
instanceKlass  @bci com/android/tools/r8/internal/fp a (Lcom/android/tools/r8/internal/Jr0;)V 1 <appendix> argL0 ; # com/android/tools/r8/internal/fp$$Lambda+0x000001eca11ed418
instanceKlass  @bci com/android/tools/r8/internal/fp a (Lcom/android/tools/r8/internal/Up;Lcom/android/tools/r8/internal/xf;)I 6 <appendix> argL0 ; # com/android/tools/r8/internal/fp$$Lambda+0x000001eca11ed1f8
instanceKlass  @bci com/android/tools/r8/internal/ep a (Lcom/android/tools/r8/internal/Jr0;)V 9 <appendix> argL0 ; # com/android/tools/r8/internal/ep$$Lambda+0x000001eca11ef440
instanceKlass  @bci com/android/tools/r8/internal/ep a (Lcom/android/tools/r8/internal/Jr0;)V 1 <appendix> argL0 ; # com/android/tools/r8/internal/ep$$Lambda+0x000001eca11ef220
instanceKlass  @bci com/android/tools/r8/internal/ep a (Lcom/android/tools/r8/internal/Up;Lcom/android/tools/r8/internal/xf;)I 6 <appendix> argL0 ; # com/android/tools/r8/internal/ep$$Lambda+0x000001eca11ef000
instanceKlass  @bci com/android/tools/r8/internal/lo0 a (Ljava/util/List;Lcom/android/tools/r8/ir/optimize/a;Lcom/android/tools/r8/internal/V6;Ljava/util/Map$Entry;)V 252 <appendix> member <vmtarget> ; # com/android/tools/r8/internal/lo0$$Lambda+0x000001eca11fd478
instanceKlass  @bci com/android/tools/r8/internal/TY a (Ljava/util/HashSet;Ljava/util/HashMap;Ljava/util/HashSet;)Lcom/android/tools/r8/internal/rv; 39 <appendix> member <vmtarget> ; # com/android/tools/r8/internal/TY$$Lambda+0x000001eca11fd220
instanceKlass  @bci com/android/tools/r8/internal/TY a (Lcom/android/tools/r8/internal/Y5;Ljava/util/HashSet;Ljava/util/HashMap;)V 285 <appendix> argL0 ; # com/android/tools/r8/internal/TY$$Lambda+0x000001eca11fd000
instanceKlass  @bci com/android/tools/r8/internal/US a (Lcom/android/tools/r8/internal/tU;ILcom/android/tools/r8/internal/Kf0;Lcom/android/tools/r8/internal/Kf0;)V 92 <adapter> ; # java/lang/invoke/LambdaForm$MH+0x000001eca11ed800
# instanceKlass java/lang/invoke/LambdaForm$DMH+0x000001eca11ee400
instanceKlass  @bci com/android/tools/r8/internal/US a (Lcom/android/tools/r8/internal/tU;ILcom/android/tools/r8/internal/Kf0;Lcom/android/tools/r8/internal/Kf0;)V 92 <appendix> form vmentry <vmtarget> ; # java/lang/invoke/LambdaForm$DMH+0x000001eca11ef800
instanceKlass  @bci com/android/tools/r8/internal/US a (Lcom/android/tools/r8/internal/tU;ILcom/android/tools/r8/internal/Kf0;Lcom/android/tools/r8/internal/Kf0;)V 92 <appendix> member <vmtarget> ; # com/android/tools/r8/internal/US$$Lambda+0x000001eca1313cc8
instanceKlass  @cpi com/android/tools/r8/internal/US 1596 form vmentry <vmtarget> ; # java/lang/invoke/LambdaForm$DMH+0x000001eca11fcc00
instanceKlass com/android/tools/r8/internal/hb
instanceKlass  @bci com/android/tools/r8/internal/kb h ()Ljava/lang/Iterable; 22 <appendix> argL0 ; # com/android/tools/r8/internal/kb$$Lambda+0x000001eca1313880
instanceKlass  @bci com/android/tools/r8/internal/kb h ()Ljava/lang/Iterable; 12 <appendix> argL0 ; # com/android/tools/r8/internal/kb$$Lambda+0x000001eca1313630
instanceKlass  @bci com/android/tools/r8/internal/kb a (I)Lcom/android/tools/r8/internal/q70; 31 <appendix> member <vmtarget> ; # com/android/tools/r8/internal/kb$$Lambda+0x000001eca1313408
instanceKlass  @bci com/android/tools/r8/internal/LI b (Lcom/android/tools/r8/graph/H2;)Lcom/android/tools/r8/graph/g1; 1 <appendix> argL0 ; # com/android/tools/r8/internal/LI$$Lambda+0x000001eca13131b8
instanceKlass  @bci com/android/tools/r8/internal/LI a (Lcom/android/tools/r8/graph/H2;Lcom/android/tools/r8/synthesis/M;)V 109 <appendix> member <vmtarget> ; # com/android/tools/r8/internal/LI$$Lambda+0x000001eca1312f90
instanceKlass  @bci com/android/tools/r8/internal/LI a (Lcom/android/tools/r8/graph/H2;Lcom/android/tools/r8/internal/NI;)V 64 <appendix> member <vmtarget> ; # com/android/tools/r8/internal/LI$$Lambda+0x000001eca1312d58
instanceKlass  @bci com/android/tools/r8/internal/LI a (Lcom/android/tools/r8/graph/H2;Lcom/android/tools/r8/internal/NI;)V 56 <appendix> member <vmtarget> ; # com/android/tools/r8/internal/LI$$Lambda+0x000001eca1312b20
instanceKlass  @bci com/android/tools/r8/internal/I9 a (Lcom/android/tools/r8/internal/du0;Lcom/android/tools/r8/internal/I9;Lcom/android/tools/r8/internal/H70;)Lcom/android/tools/r8/internal/I9; 3 <appendix> member <vmtarget> ; # com/android/tools/r8/internal/I9$$Lambda+0x000001eca13128e8
instanceKlass  @bci com/android/tools/r8/internal/I9 a (Ljava/util/function/BiFunction;Ljava/util/function/BiFunction;)Lcom/android/tools/r8/internal/I9; 3 <appendix> member <vmtarget> ; # com/android/tools/r8/internal/I9$$Lambda+0x000001eca13126b0
instanceKlass  @bci com/android/tools/r8/internal/I9 a (Lcom/android/tools/r8/internal/du0;Ljava/util/function/BiFunction;)Lcom/android/tools/r8/internal/I9; 2 <appendix> member <vmtarget> ; # com/android/tools/r8/internal/I9$$Lambda+0x000001eca1312478
instanceKlass  @bci com/android/tools/r8/internal/nb a (Lcom/android/tools/r8/internal/I9;Lcom/android/tools/r8/graph/y;Lcom/android/tools/r8/internal/P8;)Lcom/android/tools/r8/internal/I9; 130 <appendix> member <vmtarget> ; # com/android/tools/r8/internal/nb$$Lambda+0x000001eca1312240
instanceKlass  @bci com/android/tools/r8/internal/nb a (Lcom/android/tools/r8/internal/I9;Lcom/android/tools/r8/graph/y;Lcom/android/tools/r8/internal/P8;)Lcom/android/tools/r8/internal/I9; 124 <appendix> member <vmtarget> ; # com/android/tools/r8/internal/nb$$Lambda+0x000001eca1312018
instanceKlass  @bci com/android/tools/r8/internal/tf b (Lcom/android/tools/r8/internal/sB;)Lcom/android/tools/r8/internal/De; 514 <appendix> argL0 ; # com/android/tools/r8/internal/tf$$Lambda+0x000001eca1311de8
instanceKlass  @bci com/android/tools/r8/internal/xB b (Lcom/android/tools/r8/graph/K5;Lcom/android/tools/r8/internal/Z40;Lcom/android/tools/r8/internal/RX;Lcom/android/tools/r8/internal/Lf;Lcom/android/tools/r8/internal/sX$a;Lcom/android/tools/r8/internal/at0;)Lcom/android/tools/r8/internal/at0; 35 <appendix> member <vmtarget> ; # com/android/tools/r8/internal/xB$$Lambda+0x000001eca1311bc0
instanceKlass  @bci com/android/tools/r8/internal/lu b ()Lcom/android/tools/r8/graph/G; 78 <appendix> member <vmtarget> ; # com/android/tools/r8/internal/lu$$Lambda+0x000001eca1311988
instanceKlass  @bci com/android/tools/r8/internal/o5 a (Lcom/android/tools/r8/graph/y;Lcom/android/tools/r8/synthesis/M;)V 46 <appendix> member <vmtarget> ; # com/android/tools/r8/internal/o5$$Lambda+0x000001eca1311348
instanceKlass  @bci com/android/tools/r8/internal/o5 a (Lcom/android/tools/r8/graph/y;Lcom/android/tools/r8/graph/K5;Lcom/android/tools/r8/internal/n5;Ljava/util/function/Supplier;)Lcom/android/tools/r8/graph/K5; 27 <appendix> member <vmtarget> ; # com/android/tools/r8/internal/o5$$Lambda+0x000001eca1311110
instanceKlass  @bci com/android/tools/r8/internal/o5 a (Lcom/android/tools/r8/graph/y;Lcom/android/tools/r8/graph/K5;Lcom/android/tools/r8/internal/n5;Ljava/util/function/Supplier;)Lcom/android/tools/r8/graph/K5; 11 <appendix> argL0 ; # com/android/tools/r8/internal/o5$$Lambda+0x000001eca1310ef0
instanceKlass  @bci com/android/tools/r8/internal/o5 a (Lcom/android/tools/r8/graph/y;Lcom/android/tools/r8/graph/K5;Lcom/android/tools/r8/internal/n5;Lcom/android/tools/r8/internal/Lf;Lcom/android/tools/r8/graph/u1;Ljava/util/LinkedHashMap;Lcom/android/tools/r8/graph/B2;)Lcom/android/tools/r8/graph/i0; 24 <appendix> member <vmtarget> ; # com/android/tools/r8/internal/o5$$Lambda+0x000001eca1310cc8
instanceKlass  @bci com/android/tools/r8/internal/o5 a (Lcom/android/tools/r8/graph/u1;Lcom/android/tools/r8/graph/y;Lcom/android/tools/r8/graph/K5;Lcom/android/tools/r8/internal/n5;Lcom/android/tools/r8/internal/Lf;Ljava/util/LinkedHashMap;Lcom/android/tools/r8/synthesis/M;)V 54 <appendix> member <vmtarget> ; # com/android/tools/r8/internal/o5$$Lambda+0x000001eca1310878
instanceKlass  @bci com/android/tools/r8/internal/o5 a (Lcom/android/tools/r8/graph/y;Lcom/android/tools/r8/graph/K5;Lcom/android/tools/r8/internal/ga;Lcom/android/tools/r8/internal/Lf;)Lcom/android/tools/r8/graph/B2; 49 <appendix> member <vmtarget> ; # com/android/tools/r8/internal/o5$$Lambda+0x000001eca1310640
instanceKlass  @cpi com/android/tools/r8/internal/o5 240 form vmentry <vmtarget> ; # java/lang/invoke/LambdaForm$DMH+0x000001eca1314000
instanceKlass  @bci com/android/tools/r8/internal/o5 a (Lcom/android/tools/r8/graph/y;Lcom/android/tools/r8/graph/K5;Lcom/android/tools/r8/internal/ga;Lcom/android/tools/r8/internal/Lf;)Lcom/android/tools/r8/graph/B2; 31 <appendix> argL0 ; # com/android/tools/r8/internal/o5$$Lambda+0x000001eca1310420
instanceKlass  @bci com/android/tools/r8/internal/Pi b (Lcom/android/tools/r8/graph/K5;)V 76 <appendix> member <vmtarget> ; # com/android/tools/r8/internal/Pi$$Lambda+0x000001eca13101f8
instanceKlass  @bci com/android/tools/r8/internal/o5 a (Lcom/android/tools/r8/synthesis/M;)V 45 <appendix> member <vmtarget> ; # com/android/tools/r8/internal/o5$$Lambda+0x000001eca130f308
instanceKlass  @bci com/android/tools/r8/internal/o5 a (Lcom/android/tools/r8/graph/y;Lcom/android/tools/r8/graph/G5;Lcom/android/tools/r8/internal/n5;Ljava/util/function/Supplier;)Lcom/android/tools/r8/graph/B2; 27 <appendix> member <vmtarget> ; # com/android/tools/r8/internal/o5$$Lambda+0x000001eca130f0d0
instanceKlass  @bci com/android/tools/r8/internal/o5 a (Lcom/android/tools/r8/graph/y;Lcom/android/tools/r8/graph/G5;Lcom/android/tools/r8/internal/n5;Ljava/util/function/Supplier;)Lcom/android/tools/r8/graph/B2; 12 <appendix> argL0 ; # com/android/tools/r8/internal/o5$$Lambda+0x000001eca130eeb0
instanceKlass  @bci com/android/tools/r8/internal/o5 a (Ljava/util/LinkedHashMap;Lcom/android/tools/r8/graph/y;Lcom/android/tools/r8/graph/K5;Lcom/android/tools/r8/internal/n5;Lcom/android/tools/r8/internal/Lf;Lcom/android/tools/r8/graph/M2;)V 24 <appendix> member <vmtarget> ; # com/android/tools/r8/internal/o5$$Lambda+0x000001eca130ec88
instanceKlass  @bci com/android/tools/r8/internal/o5 a (Lcom/android/tools/r8/graph/y;Lcom/android/tools/r8/graph/K5;Lcom/android/tools/r8/internal/n5;Lcom/android/tools/r8/internal/Lf;)Ljava/util/LinkedHashMap; 15 <appendix> member <vmtarget> ; # com/android/tools/r8/internal/o5$$Lambda+0x000001eca130ea50
instanceKlass com/android/tools/r8/internal/gm
instanceKlass  @bci com/android/tools/r8/internal/sB y ()V 373 <appendix> member <vmtarget> ; # com/android/tools/r8/internal/sB$$Lambda+0x000001eca130e610
instanceKlass com/android/tools/r8/internal/cL
instanceKlass  @bci com/android/tools/r8/internal/b6 a (Lcom/android/tools/r8/internal/Y5;)V 4 <appendix> member <vmtarget> ; # com/android/tools/r8/internal/b6$$Lambda+0x000001eca130e1b0
instanceKlass com/android/tools/r8/internal/jt
instanceKlass  @bci com/android/tools/r8/ir/optimize/u0 a (Lcom/android/tools/r8/internal/sB;Lcom/android/tools/r8/internal/QJ;)V 125 <appendix> argL0 ; # com/android/tools/r8/ir/optimize/u0$$Lambda+0x000001eca130dd38
instanceKlass com/android/tools/r8/internal/qF
instanceKlass com/android/tools/r8/internal/kF
instanceKlass com/android/tools/r8/internal/sF
instanceKlass com/android/tools/r8/internal/i40
instanceKlass  @bci com/android/tools/r8/internal/es a (Lcom/android/tools/r8/internal/Jr0;)V 1 <appendix> argL0 ; # com/android/tools/r8/internal/es$$Lambda+0x000001eca1307c68
instanceKlass  @bci com/android/tools/r8/internal/US b (IILcom/android/tools/r8/internal/tU;)Z 165 <appendix> member <vmtarget> ; # com/android/tools/r8/internal/US$$Lambda+0x000001eca1307a10
instanceKlass  @bci com/android/tools/r8/internal/US a (Lcom/android/tools/r8/internal/tU;IZ)V 90 <appendix> member <vmtarget> ; # com/android/tools/r8/internal/US$$Lambda+0x000001eca13077d8
instanceKlass com/android/tools/r8/internal/In
instanceKlass  @bci com/android/tools/r8/internal/Sn a (Lcom/android/tools/r8/internal/Jr0;)V 1 <appendix> argL0 ; # com/android/tools/r8/internal/Sn$$Lambda+0x000001eca1306418
instanceKlass  @bci com/android/tools/r8/graph/u1 a (Lcom/android/tools/r8/internal/q70;)Lcom/android/tools/r8/graph/S0; 19 <appendix> argL0 ; # com/android/tools/r8/graph/u1$$Lambda+0x000001eca13061d8
instanceKlass com/android/tools/r8/internal/zo
instanceKlass com/android/tools/r8/graph/a1
instanceKlass com/android/tools/r8/graph/V0
instanceKlass com/android/tools/r8/internal/Ao
instanceKlass  @bci com/android/tools/r8/internal/mJ a (Lcom/android/tools/r8/graph/H2;)Lcom/android/tools/r8/internal/lJ; 5 <appendix> argL0 ; # com/android/tools/r8/internal/mJ$$Lambda+0x000001eca1305028
instanceKlass com/android/tools/r8/internal/lJ
instanceKlass com/android/tools/r8/internal/ex0
instanceKlass  @bci com/android/tools/r8/internal/US e (Lcom/android/tools/r8/internal/tU;)V 107 <appendix> member <vmtarget> ; # com/android/tools/r8/internal/US$$Lambda+0x000001eca13049d0
instanceKlass  @bci com/android/tools/r8/graph/G2 a (Lcom/android/tools/r8/internal/Jr0;)V 9 <appendix> argL0 ; # com/android/tools/r8/graph/G2$$Lambda+0x000001eca1304790
instanceKlass  @bci com/android/tools/r8/graph/G2 a (Lcom/android/tools/r8/internal/Jr0;)V 1 <appendix> argL0 ; # com/android/tools/r8/graph/G2$$Lambda+0x000001eca1304550
instanceKlass  @bci com/android/tools/r8/graph/G2 m ()Lcom/android/tools/r8/internal/Hr0; 0 <appendix> argL0 ; # com/android/tools/r8/graph/G2$$Lambda+0x000001eca1304330
instanceKlass  @bci com/android/tools/r8/internal/LI b (Lcom/android/tools/r8/graph/j1;Lcom/android/tools/r8/synthesis/M;)V 62 <appendix> argL0 ; # com/android/tools/r8/internal/LI$$Lambda+0x000001eca1304110
instanceKlass com/android/tools/r8/internal/G30
instanceKlass com/android/tools/r8/internal/S30
instanceKlass  @bci com/android/tools/r8/synthesis/E a (Lcom/android/tools/r8/synthesis/Q$b;Ljava/util/function/Consumer;Ljava/util/function/Consumer;Ljava/util/function/Consumer;Lcom/android/tools/r8/synthesis/l;Lcom/android/tools/r8/graph/y;)Lcom/android/tools/r8/graph/H2; 195 <appendix> member <vmtarget> ; # com/android/tools/r8/synthesis/E$$Lambda+0x000001eca1302720
instanceKlass  @bci com/android/tools/r8/synthesis/E a (Lcom/android/tools/r8/synthesis/Q$b;Ljava/util/function/Consumer;Ljava/util/function/Consumer;Ljava/util/function/Consumer;Lcom/android/tools/r8/synthesis/l;Lcom/android/tools/r8/graph/y;)Lcom/android/tools/r8/graph/H2; 5 <appendix> member <vmtarget> ; # com/android/tools/r8/synthesis/E$$Lambda+0x000001eca13024d8
instanceKlass  @bci com/android/tools/r8/internal/mJ a (Lcom/android/tools/r8/graph/H2;Lcom/android/tools/r8/graph/L2;Lcom/android/tools/r8/graph/I2;Lcom/android/tools/r8/graph/y;Ljava/util/function/Consumer;Ljava/util/function/Consumer;)Lcom/android/tools/r8/graph/K5; 15 <appendix> member <vmtarget> ; # com/android/tools/r8/internal/mJ$$Lambda+0x000001eca13022a0
instanceKlass  @bci com/android/tools/r8/internal/mJ a (Lcom/android/tools/r8/graph/H2;Lcom/android/tools/r8/graph/L2;Lcom/android/tools/r8/graph/I2;Lcom/android/tools/r8/graph/y;Ljava/util/function/Consumer;Ljava/util/function/Consumer;)Lcom/android/tools/r8/graph/K5; 9 <appendix> argL0 ; # com/android/tools/r8/internal/mJ$$Lambda+0x000001eca1302080
instanceKlass  @bci com/android/tools/r8/internal/LI d (Lcom/android/tools/r8/graph/K5;Lcom/android/tools/r8/internal/NI;)Lcom/android/tools/r8/graph/K5; 116 <appendix> member <vmtarget> ; # com/android/tools/r8/internal/LI$$Lambda+0x000001eca1301e48
instanceKlass  @bci com/android/tools/r8/internal/LI d (Lcom/android/tools/r8/graph/K5;Lcom/android/tools/r8/internal/NI;)Lcom/android/tools/r8/graph/K5; 110 <appendix> member <vmtarget> ; # com/android/tools/r8/internal/LI$$Lambda+0x000001eca1301c10
instanceKlass  @bci com/android/tools/r8/internal/XR a (Lcom/android/tools/r8/internal/PR;Lcom/android/tools/r8/graph/B2;Lcom/android/tools/r8/internal/UR;)Lcom/android/tools/r8/graph/G; 1233 <appendix> member <vmtarget> ; # com/android/tools/r8/internal/XR$$Lambda+0x000001eca13019e8
instanceKlass  @bci com/android/tools/r8/internal/XR a (Lcom/android/tools/r8/internal/PR;Lcom/android/tools/r8/graph/B2;Lcom/android/tools/r8/internal/UR;)Lcom/android/tools/r8/graph/G; 1227 <appendix> member <vmtarget> ; # com/android/tools/r8/internal/XR$$Lambda+0x000001eca13017c0
instanceKlass com/android/tools/r8/internal/af
instanceKlass com/android/tools/r8/internal/QR
instanceKlass com/android/tools/r8/internal/QB
instanceKlass  @bci com/android/tools/r8/internal/US a (Ljava/util/List;Lcom/android/tools/r8/internal/qK;)V 36 <appendix> member <vmtarget> ; # com/android/tools/r8/internal/US$$Lambda+0x000001eca1300f20
instanceKlass  @bci com/android/tools/r8/internal/US c (Lcom/android/tools/r8/internal/ME;)Z 32 <appendix> member <vmtarget> ; # com/android/tools/r8/internal/US$$Lambda+0x000001eca1300c98
instanceKlass  @bci com/android/tools/r8/internal/lx b (Lcom/android/tools/r8/internal/sB;Lcom/android/tools/r8/internal/f00;)Z 73 <appendix> argL0 ; # com/android/tools/r8/internal/lx$$Lambda+0x000001eca1300000
instanceKlass  @bci com/android/tools/r8/internal/sB a (Lcom/android/tools/r8/internal/nB;Lcom/android/tools/r8/ir/optimize/a;)Z 169 <appendix> argL0 ; # com/android/tools/r8/internal/sB$$Lambda+0x000001eca12f9400
instanceKlass  @bci com/android/tools/r8/internal/sp a (Lcom/android/tools/r8/internal/Jr0;)V 49 <appendix> argL0 ; # com/android/tools/r8/internal/sp$$Lambda+0x000001eca12f9c58
instanceKlass  @bci com/android/tools/r8/internal/sp a (Lcom/android/tools/r8/internal/Jr0;)V 41 <appendix> argL0 ; # com/android/tools/r8/internal/sp$$Lambda+0x000001eca12f9a38
instanceKlass  @bci com/android/tools/r8/internal/sp a (Lcom/android/tools/r8/internal/Jr0;)V 33 <appendix> argL0 ; # com/android/tools/r8/internal/sp$$Lambda+0x000001eca12fbdd8
instanceKlass  @bci com/android/tools/r8/internal/zx0 a ()Lcom/android/tools/r8/ir/optimize/a; 10 <appendix> member <vmtarget> ; # com/android/tools/r8/internal/zx0$$Lambda+0x000001eca12f9800
instanceKlass  @bci com/android/tools/r8/internal/sB a (Lcom/android/tools/r8/ir/optimize/a;Ljava/util/function/Consumer;)V 57 <appendix> member <vmtarget> ; # com/android/tools/r8/internal/sB$$Lambda+0x000001eca12fbb88
instanceKlass  @bci com/android/tools/r8/internal/sp a (Lcom/android/tools/r8/internal/Jr0;)V 25 <appendix> argL0 ; # com/android/tools/r8/internal/sp$$Lambda+0x000001eca12fb368
instanceKlass  @bci com/android/tools/r8/internal/sp a (Lcom/android/tools/r8/internal/Jr0;)V 17 <appendix> argL0 ; # com/android/tools/r8/internal/sp$$Lambda+0x000001eca12fb148
instanceKlass  @bci com/android/tools/r8/internal/sp a (Lcom/android/tools/r8/internal/Jr0;)V 9 <appendix> argL0 ; # com/android/tools/r8/internal/sp$$Lambda+0x000001eca12faf28
instanceKlass  @bci com/android/tools/r8/internal/sp a (Lcom/android/tools/r8/internal/Jr0;)V 1 <appendix> argL0 ; # com/android/tools/r8/internal/sp$$Lambda+0x000001eca12fad08
instanceKlass  @bci com/android/tools/r8/internal/sp a (Lcom/android/tools/r8/internal/Up;Lcom/android/tools/r8/internal/xf;)I 6 <appendix> argL0 ; # com/android/tools/r8/internal/sp$$Lambda+0x000001eca12faae8
instanceKlass  @bci com/android/tools/r8/internal/pr a (Lcom/android/tools/r8/internal/Jr0;)V 1 <appendix> argL0 ; # com/android/tools/r8/internal/pr$$Lambda+0x000001eca12fa8a8
instanceKlass  @bci com/android/tools/r8/ir/optimize/M a (Lcom/android/tools/r8/internal/sB;)V 583 <appendix> member <vmtarget> ; # com/android/tools/r8/ir/optimize/M$$Lambda+0x000001eca12fa228
instanceKlass  @bci com/android/tools/r8/internal/dp b (Lcom/android/tools/r8/internal/Jr0;)V 11 <appendix> member <vmtarget> ; # com/android/tools/r8/internal/dp$$Lambda+0x000001eca12fa680
instanceKlass  @bci com/android/tools/r8/internal/dp b (Lcom/android/tools/r8/internal/Jr0;)V 2 <appendix> argL0 ; # com/android/tools/r8/internal/dp$$Lambda+0x000001eca12fa460
instanceKlass  @bci com/android/tools/r8/internal/dp a (Lcom/android/tools/r8/internal/Up;Lcom/android/tools/r8/internal/xf;)I 8 <appendix> member <vmtarget> ; # com/android/tools/r8/internal/dp$$Lambda+0x000001eca12fa000
instanceKlass  @bci com/android/tools/r8/ir/optimize/M a (Lcom/android/tools/r8/internal/sB;)V 563 <appendix> argL0 ; # com/android/tools/r8/ir/optimize/M$$Lambda+0x000001eca12ffd08
instanceKlass  @bci com/android/tools/r8/ir/optimize/M a (Lcom/android/tools/r8/internal/sB;)V 553 <appendix> argL0 ; # com/android/tools/r8/ir/optimize/M$$Lambda+0x000001eca12ffab8
instanceKlass  @bci com/android/tools/r8/ir/optimize/M a (Lcom/android/tools/r8/internal/sB;)V 448 <appendix> argL0 ; # com/android/tools/r8/ir/optimize/M$$Lambda+0x000001eca12ff878
instanceKlass  @bci java/util/stream/MatchOps makeRef (Ljava/util/function/Predicate;Ljava/util/stream/MatchOps$MatchKind;)Ljava/util/stream/TerminalOp; 20 <appendix> member <vmtarget> ; # java/util/stream/MatchOps$$Lambda+0x000001eca10d6cf8
instanceKlass java/util/stream/MatchOps$BooleanTerminalSink
instanceKlass java/util/stream/MatchOps$MatchOp
instanceKlass java/util/stream/MatchOps
instanceKlass  @bci com/android/tools/r8/ir/optimize/f0 a (Lcom/android/tools/r8/internal/Y5;Lcom/android/tools/r8/internal/US;Ljava/util/Set;Lcom/android/tools/r8/ir/optimize/X;)V 283 <adapter> ; # java/lang/invoke/LambdaForm$MH+0x000001eca12f9000
# instanceKlass java/lang/invoke/LambdaForm$DMH+0x000001eca12f8c00
instanceKlass  @bci com/android/tools/r8/ir/optimize/f0 a (Lcom/android/tools/r8/internal/Y5;Lcom/android/tools/r8/internal/US;Ljava/util/Set;Lcom/android/tools/r8/ir/optimize/X;)V 283 <appendix> form vmentry <vmtarget> ; # java/lang/invoke/LambdaForm$DMH+0x000001eca12f8800
instanceKlass  @bci com/android/tools/r8/ir/optimize/f0 a (Lcom/android/tools/r8/internal/Y5;Lcom/android/tools/r8/internal/US;Ljava/util/Set;Lcom/android/tools/r8/ir/optimize/X;)V 283 <appendix> member <vmtarget> ; # com/android/tools/r8/ir/optimize/f0$$Lambda+0x000001eca12fc8e0
instanceKlass  @cpi com/android/tools/r8/ir/optimize/f0 247 form vmentry <vmtarget> ; # java/lang/invoke/LambdaForm$DMH+0x000001eca12f8400
instanceKlass  @bci com/android/tools/r8/graph/l1 a (Lcom/android/tools/r8/internal/Jr0;)V 17 <appendix> argL0 ; # com/android/tools/r8/graph/l1$$Lambda+0x000001eca12fc6a0
instanceKlass  @bci com/android/tools/r8/graph/l1 a (Lcom/android/tools/r8/internal/Jr0;)V 9 <appendix> argL0 ; # com/android/tools/r8/graph/l1$$Lambda+0x000001eca12fc460
instanceKlass  @bci com/android/tools/r8/graph/l1 a (Lcom/android/tools/r8/internal/Jr0;)V 1 <appendix> argL0 ; # com/android/tools/r8/graph/l1$$Lambda+0x000001eca12fc220
instanceKlass  @bci com/android/tools/r8/graph/l1 m ()Lcom/android/tools/r8/internal/Hr0; 0 <appendix> argL0 ; # com/android/tools/r8/graph/l1$$Lambda+0x000001eca12fc000
instanceKlass  @bci com/android/tools/r8/internal/ip b (Lcom/android/tools/r8/internal/Jr0;)V 17 <appendix> argL0 ; # com/android/tools/r8/internal/ip$$Lambda+0x000001eca12f7cb8
instanceKlass  @bci com/android/tools/r8/internal/ip b (Lcom/android/tools/r8/internal/Jr0;)V 9 <appendix> argL0 ; # com/android/tools/r8/internal/ip$$Lambda+0x000001eca12f7a98
instanceKlass  @bci com/android/tools/r8/internal/ip b (Lcom/android/tools/r8/internal/Jr0;)V 1 <appendix> argL0 ; # com/android/tools/r8/internal/ip$$Lambda+0x000001eca12f7878
instanceKlass  @bci com/android/tools/r8/internal/ip a (Lcom/android/tools/r8/internal/Up;Lcom/android/tools/r8/internal/xf;)I 6 <appendix> argL0 ; # com/android/tools/r8/internal/ip$$Lambda+0x000001eca12f7658
instanceKlass  @bci com/android/tools/r8/internal/Zo a (Lcom/android/tools/r8/internal/Jr0;)V 9 <appendix> argL0 ; # com/android/tools/r8/internal/Zo$$Lambda+0x000001eca12f7438
instanceKlass  @bci com/android/tools/r8/internal/Zo a (Lcom/android/tools/r8/internal/Jr0;)V 1 <appendix> argL0 ; # com/android/tools/r8/internal/Zo$$Lambda+0x000001eca12f7218
instanceKlass  @bci com/android/tools/r8/internal/Zo a (Lcom/android/tools/r8/internal/Up;Lcom/android/tools/r8/internal/xf;)I 6 <appendix> argL0 ; # com/android/tools/r8/internal/Zo$$Lambda+0x000001eca12f6ff8
instanceKlass com/android/tools/r8/internal/N70
instanceKlass  @bci com/android/tools/r8/internal/nb a (Lcom/android/tools/r8/internal/I9;Lcom/android/tools/r8/graph/y;Lcom/android/tools/r8/internal/P8;)Lcom/android/tools/r8/internal/I9; 154 <appendix> member <vmtarget> ; # com/android/tools/r8/internal/nb$$Lambda+0x000001eca12f6b48
instanceKlass  @bci com/android/tools/r8/internal/Hf0 a (Ljava/util/TreeSet;)Lcom/android/tools/r8/internal/Ef0; 31 <appendix> argL0 ; # com/android/tools/r8/internal/Hf0$$Lambda+0x000001eca12f68c8
instanceKlass  @bci com/android/tools/r8/internal/Hf0 a (Ljava/util/TreeSet;)Lcom/android/tools/r8/internal/Ef0; 4 <appendix> member <vmtarget> ; # com/android/tools/r8/internal/Hf0$$Lambda+0x000001eca12f63f0
instanceKlass com/android/tools/r8/internal/Ff0
instanceKlass  @bci com/android/tools/r8/internal/po0 b (ILcom/android/tools/r8/internal/tU;Lcom/android/tools/r8/internal/tU;)V 32 <appendix> argL0 ; # com/android/tools/r8/internal/po0$$Lambda+0x000001eca12f5fa0
instanceKlass  @bci com/android/tools/r8/internal/Pi b (Lcom/android/tools/r8/graph/K5;Lcom/android/tools/r8/internal/ga;)V 58 <appendix> member <vmtarget> ; # com/android/tools/r8/internal/Pi$$Lambda+0x000001eca12f5d78
instanceKlass  @bci com/android/tools/r8/synthesis/M a (Lcom/android/tools/r8/graph/V;)Lcom/android/tools/r8/graph/j1; 251 <appendix> member <vmtarget> ; # com/android/tools/r8/synthesis/M$$Lambda+0x000001eca12f5b40
instanceKlass  @bci com/android/tools/r8/synthesis/M a (Lcom/android/tools/r8/graph/V;)Lcom/android/tools/r8/graph/j1; 207 <appendix> argL0 ; # com/android/tools/r8/synthesis/M$$Lambda+0x000001eca12f5910
instanceKlass  @bci com/android/tools/r8/synthesis/M a (Lcom/android/tools/r8/graph/V;)Lcom/android/tools/r8/graph/j1; 162 <appendix> member <vmtarget> ; # com/android/tools/r8/synthesis/M$$Lambda+0x000001eca12f56d8
instanceKlass  @bci com/android/tools/r8/internal/x5 a (Lcom/android/tools/r8/graph/y;Lcom/android/tools/r8/synthesis/M;)V 31 <appendix> member <vmtarget> ; # com/android/tools/r8/internal/x5$$Lambda+0x000001eca12f52b8
instanceKlass com/android/tools/r8/synthesis/L
instanceKlass com/android/tools/r8/internal/S10
instanceKlass  @bci java/util/function/Consumer andThen (Ljava/util/function/Consumer;)Ljava/util/function/Consumer; 7 <appendix> member <vmtarget> ; # java/util/function/Consumer$$Lambda+0x000001eca10d5f80
instanceKlass  @cpi java/util/function/Consumer 43 form vmentry <vmtarget> ; # java/lang/invoke/LambdaForm$DMH+0x000001eca12f8000
instanceKlass  @bci com/android/tools/r8/synthesis/E a (Lcom/android/tools/r8/synthesis/I;Lcom/android/tools/r8/graph/G5;Lcom/android/tools/r8/graph/y;Ljava/util/function/Consumer;Ljava/util/function/Supplier;)Lcom/android/tools/r8/graph/K5; 155 <appendix> argL0 ; # com/android/tools/r8/synthesis/E$$Lambda+0x000001eca12f4c80
instanceKlass  @bci com/android/tools/r8/synthesis/E b (Lcom/android/tools/r8/synthesis/I;Lcom/android/tools/r8/internal/Of;Lcom/android/tools/r8/graph/y;Ljava/util/function/Consumer;)Lcom/android/tools/r8/graph/K5; 8 <appendix> member <vmtarget> ; # com/android/tools/r8/synthesis/E$$Lambda+0x000001eca12f4a58
instanceKlass  @bci com/android/tools/r8/internal/x5 a (Lcom/android/tools/r8/graph/y;Lcom/android/tools/r8/internal/Lf;)Lcom/android/tools/r8/graph/K5; 21 <appendix> member <vmtarget> ; # com/android/tools/r8/internal/x5$$Lambda+0x000001eca12f4820
instanceKlass  @bci com/android/tools/r8/internal/tU a (Lcom/android/tools/r8/internal/SS;)Lcom/android/tools/r8/internal/uU; 5 <appendix> member <vmtarget> ; # com/android/tools/r8/internal/tU$$Lambda+0x000001eca12f4598
instanceKlass com/android/tools/r8/synthesis/M
instanceKlass com/android/tools/r8/internal/tI
instanceKlass  @bci com/android/tools/r8/internal/I9 b (Lcom/android/tools/r8/internal/du0;Lcom/android/tools/r8/internal/I9;Lcom/android/tools/r8/internal/H70;)Lcom/android/tools/r8/internal/I9; 3 <appendix> member <vmtarget> ; # com/android/tools/r8/internal/I9$$Lambda+0x000001eca12f3eb0
instanceKlass  @bci com/android/tools/r8/internal/US a (IZ)I 22 <appendix> member <vmtarget> ; # com/android/tools/r8/internal/US$$Lambda+0x000001eca12f3c10
instanceKlass  @bci com/android/tools/r8/internal/I9 a (Lcom/android/tools/r8/internal/du0;)Lcom/android/tools/r8/internal/I9; 2 <appendix> member <vmtarget> ; # com/android/tools/r8/internal/I9$$Lambda+0x000001eca12f39d8
instanceKlass  @bci com/android/tools/r8/internal/nb a (Lcom/android/tools/r8/internal/I9;Lcom/android/tools/r8/graph/y;Lcom/android/tools/r8/internal/P8;)Lcom/android/tools/r8/internal/I9; 72 <appendix> member <vmtarget> ; # com/android/tools/r8/internal/nb$$Lambda+0x000001eca12f37b0
instanceKlass  @bci com/android/tools/r8/internal/x5 a (Lcom/android/tools/r8/graph/y;Lcom/android/tools/r8/internal/Lf;)Lcom/android/tools/r8/graph/K5; 11 <appendix> member <vmtarget> ; # com/android/tools/r8/internal/x5$$Lambda+0x000001eca12f3588
instanceKlass  @bci com/android/tools/r8/internal/tU a ()Lcom/android/tools/r8/internal/uU; 4 <appendix> argL0 ; # com/android/tools/r8/internal/tU$$Lambda+0x000001eca12f3308
instanceKlass java/util/ComparableTimSort
instanceKlass  @bci com/android/tools/r8/internal/qo0 a (Ljava/util/ArrayList;)Ljava/util/LinkedHashMap; 276 <appendix> member <vmtarget> ; # com/android/tools/r8/internal/qo0$$Lambda+0x000001eca12efcc8
instanceKlass  @cpi com/android/tools/r8/internal/qo0 255 form vmentry <vmtarget> ; # java/lang/invoke/LambdaForm$DMH+0x000001eca12d4400
instanceKlass com/android/tools/r8/internal/z9
instanceKlass sun/reflect/generics/reflectiveObjects/LazyReflectiveObjectGenerator
instanceKlass sun/reflect/generics/reflectiveObjects/ParameterizedTypeImpl
instanceKlass java/lang/reflect/ParameterizedType
instanceKlass sun/reflect/generics/visitor/Reifier
instanceKlass sun/reflect/generics/visitor/TypeTreeVisitor
instanceKlass sun/reflect/generics/tree/ClassSignature
instanceKlass sun/reflect/generics/tree/Signature
instanceKlass sun/reflect/generics/tree/ClassTypeSignature
instanceKlass sun/reflect/generics/tree/SimpleClassTypeSignature
instanceKlass sun/reflect/generics/tree/FieldTypeSignature
instanceKlass sun/reflect/generics/tree/BaseType
instanceKlass sun/reflect/generics/tree/TypeSignature
instanceKlass sun/reflect/generics/tree/ReturnType
instanceKlass sun/reflect/generics/tree/TypeArgument
instanceKlass sun/reflect/generics/tree/FormalTypeParameter
instanceKlass sun/reflect/generics/tree/TypeTree
instanceKlass sun/reflect/generics/tree/Tree
instanceKlass sun/reflect/generics/parser/SignatureParser
instanceKlass java/lang/reflect/TypeVariable
instanceKlass  @bci com/android/tools/r8/graph/u1 e (I)Lcom/android/tools/r8/graph/Q0; 15 <appendix> argL0 ; # com/android/tools/r8/graph/u1$$Lambda+0x000001eca12ee5f0
instanceKlass sun/reflect/generics/repository/AbstractRepository
instanceKlass com/android/tools/r8/internal/TZ
instanceKlass sun/reflect/generics/factory/CoreReflectionFactory
instanceKlass sun/reflect/generics/factory/GenericsFactory
instanceKlass sun/reflect/generics/scope/AbstractScope
instanceKlass sun/reflect/generics/scope/Scope
instanceKlass com/android/tools/r8/internal/wa
instanceKlass com/android/tools/r8/internal/J3
instanceKlass  @bci com/android/tools/r8/internal/US e (Lcom/android/tools/r8/internal/tU;)V 38 <appendix> member <vmtarget> ; # com/android/tools/r8/internal/US$$Lambda+0x000001eca12df018
instanceKlass  @bci com/android/tools/r8/internal/lx a (Lcom/android/tools/r8/internal/zx0;)Z 1 <appendix> argL0 ; # com/android/tools/r8/internal/lx$$Lambda+0x000001eca12dd1e8
instanceKlass com/android/tools/r8/internal/IU
instanceKlass com/android/tools/r8/internal/k20
instanceKlass  @bci com/android/tools/r8/internal/Fx0 a (Lcom/android/tools/r8/internal/zx0;Lcom/android/tools/r8/internal/zx0;)V 33 <appendix> argL0 ; # com/android/tools/r8/internal/Fx0$$Lambda+0x000001eca12dbd00
instanceKlass  @bci com/android/tools/r8/internal/Fx0 a (Lcom/android/tools/r8/internal/zx0;Lcom/android/tools/r8/internal/zx0;)V 6 <appendix> argL0 ; # com/android/tools/r8/internal/Fx0$$Lambda+0x000001eca12dbae0
instanceKlass  @bci com/android/tools/r8/internal/bz0 b (Ljava/lang/Iterable;)V 2 <appendix> member <vmtarget> ; # com/android/tools/r8/internal/bz0$$Lambda+0x000001eca12d4ce8
instanceKlass  @bci com/android/tools/r8/graph/J0$b a (Lcom/android/tools/r8/internal/Jr0;)V 9 <appendix> argL0 ; # com/android/tools/r8/graph/J0$b$$Lambda+0x000001eca12d7d68
instanceKlass  @bci com/android/tools/r8/graph/J0$b a (Lcom/android/tools/r8/internal/Jr0;)V 1 <appendix> argL0 ; # com/android/tools/r8/graph/J0$b$$Lambda+0x000001eca12d7b48
instanceKlass  @bci com/android/tools/r8/graph/J0$b m ()Lcom/android/tools/r8/internal/Hr0; 0 <appendix> argL0 ; # com/android/tools/r8/graph/J0$b$$Lambda+0x000001eca12d7928
instanceKlass  @bci com/android/tools/r8/internal/Rn a (Lcom/android/tools/r8/internal/rA;)Ljava/util/ArrayList; 301 <appendix> argL0 ; # com/android/tools/r8/internal/Rn$$Lambda+0x000001eca12d2918
instanceKlass com/android/tools/r8/internal/Pn
instanceKlass com/android/tools/r8/internal/Qn
instanceKlass  @bci com/android/tools/r8/internal/S9 a (Lcom/android/tools/r8/internal/I9;Lcom/android/tools/r8/graph/y;Lcom/android/tools/r8/internal/P8;)Lcom/android/tools/r8/internal/I9; 10 <appendix> argL0 ; # com/android/tools/r8/internal/S9$$Lambda+0x000001eca12d17c8
instanceKlass com/android/tools/r8/internal/Ca
instanceKlass  @bci com/android/tools/r8/internal/Y8 a (Lcom/android/tools/r8/internal/I9;Lcom/android/tools/r8/graph/y;Lcom/android/tools/r8/internal/P8;)Lcom/android/tools/r8/internal/I9; 27 <appendix> member <vmtarget> ; # com/android/tools/r8/internal/Y8$$Lambda+0x000001eca12d1388
instanceKlass  @bci com/android/tools/r8/internal/Y5 o ()Ljava/util/List; 27 <appendix> member <vmtarget> ; # com/android/tools/r8/internal/Y5$$Lambda+0x000001eca12d1150
instanceKlass com/android/tools/r8/internal/V8
instanceKlass  @bci com/android/tools/r8/graph/u1 d (I)Lcom/android/tools/r8/graph/P0; 15 <appendix> argL0 ; # com/android/tools/r8/graph/u1$$Lambda+0x000001eca12d0d08
instanceKlass  @bci com/android/tools/r8/internal/Y5 i ()Lcom/android/tools/r8/internal/O8; 27 <appendix> member <vmtarget> ; # com/android/tools/r8/internal/Y5$$Lambda+0x000001eca12d0ac0
instanceKlass  @cpi com/android/tools/r8/internal/Y5 889 form vmentry <vmtarget> ; # java/lang/invoke/LambdaForm$DMH+0x000001eca12d4000
instanceKlass com/android/tools/r8/internal/ye
instanceKlass  @bci com/android/tools/r8/ir/optimize/f0 a (Lcom/android/tools/r8/internal/sB;Lcom/android/tools/r8/internal/Df0;I)V 591 <appendix> argL0 ; # com/android/tools/r8/ir/optimize/f0$$Lambda+0x000001eca12cb888
# instanceKlass com/android/tools/r8/internal/Hf0$$Lambda+0x000001eca12cea30
# instanceKlass com/android/tools/r8/internal/ZH$$Lambda+0x000001eca12ce318
# instanceKlass com/android/tools/r8/internal/Hf0$$Lambda+0x000001eca12ce0c0
# instanceKlass com/android/tools/r8/internal/Hf0$$Lambda+0x000001eca12cde68
instanceKlass  @bci com/android/tools/r8/internal/Hf0 a (Ljava/util/ArrayDeque;Ljava/util/TreeSet;)V 4 <appendix> member <vmtarget> ; # com/android/tools/r8/internal/Hf0$$Lambda+0x000001eca12cdc10
# instanceKlass com/android/tools/r8/internal/ZH$$Lambda+0x000001eca12cd9e0
# instanceKlass com/android/tools/r8/internal/ZH$$Lambda+0x000001eca12cd7b0
instanceKlass  @bci com/android/tools/r8/internal/ZH a ()Ljava/util/function/IntConsumer; 0 <appendix> argL0 ; # com/android/tools/r8/internal/ZH$$Lambda+0x000001eca12cd580
instanceKlass  @bci com/android/tools/r8/internal/Gf0 a (Ljava/util/TreeSet;)Lcom/android/tools/r8/internal/dG; 36 <appendix> member <vmtarget> ; # com/android/tools/r8/internal/Gf0$$Lambda+0x000001eca12cce60
instanceKlass  @cpi com/android/tools/r8/internal/ZH 14 form vmentry <vmtarget> ; # java/lang/invoke/LambdaForm$DMH+0x000001eca12c8400
instanceKlass com/android/tools/r8/internal/ZH
instanceKlass com/android/tools/r8/internal/q9
instanceKlass  @bci com/android/tools/r8/internal/nB a (Lcom/android/tools/r8/internal/q70;Lcom/android/tools/r8/internal/ME;)V 294 <appendix> member <vmtarget> ; # com/android/tools/r8/internal/nB$$Lambda+0x000001eca12c79a8
instanceKlass  @bci com/android/tools/r8/internal/tU a (Ljava/util/List;)Z 32 <appendix> argL0 ; # com/android/tools/r8/internal/tU$$Lambda+0x000001eca12c7758
# instanceKlass com/android/tools/r8/internal/Hf0$$Lambda+0x000001eca12c7520
instanceKlass com/android/tools/r8/internal/Gf0
instanceKlass  @bci com/android/tools/r8/internal/K9 a (Lcom/android/tools/r8/internal/ma;)V 70 <appendix> member <vmtarget> ; # com/android/tools/r8/internal/K9$$Lambda+0x000001eca12c6bd8
# instanceKlass com/android/tools/r8/internal/Hf0$$Lambda+0x000001eca12c64b8
instanceKlass  @bci com/android/tools/r8/internal/Hf0 b ()V 135 <appendix> member <vmtarget> ; # com/android/tools/r8/internal/Hf0$$Lambda+0x000001eca12c6280
instanceKlass  @bci com/android/tools/r8/internal/US a (Lcom/android/tools/r8/internal/qK;)Z 54 <appendix> argL0 ; # com/android/tools/r8/internal/US$$Lambda+0x000001eca12c6030
instanceKlass  @bci com/android/tools/r8/internal/x10 a (ZLcom/android/tools/r8/internal/D7;Lcom/android/tools/r8/internal/VH;Lcom/android/tools/r8/internal/VH;Lcom/android/tools/r8/internal/w10;Lcom/android/tools/r8/internal/ga;Lcom/android/tools/r8/graph/K5;Lcom/android/tools/r8/internal/Lf;Lcom/android/tools/r8/internal/VH;Lcom/android/tools/r8/graph/G;Lcom/android/tools/r8/internal/VH;Lcom/android/tools/r8/internal/X9;)Ljava/util/Collection; 171 <appendix> member <vmtarget> ; # com/android/tools/r8/internal/x10$$Lambda+0x000001eca12c5df8
instanceKlass  @bci com/android/tools/r8/internal/VR a (Lcom/android/tools/r8/internal/ja;Lcom/android/tools/r8/internal/xy;Lcom/android/tools/r8/internal/EU;Lcom/android/tools/r8/internal/E9;Lcom/android/tools/r8/internal/ga;Lcom/android/tools/r8/graph/K5;Lcom/android/tools/r8/internal/Lf;Lcom/android/tools/r8/internal/UR;)Ljava/util/AbstractCollection; 178 <appendix> member <vmtarget> ; # com/android/tools/r8/internal/VR$$Lambda+0x000001eca12c5bc0
instanceKlass  @bci com/android/tools/r8/internal/Hf0 b ()V 89 <appendix> member <vmtarget> ; # com/android/tools/r8/internal/Hf0$$Lambda+0x000001eca12c5988
instanceKlass  @bci com/android/tools/r8/synthesis/m b (Ljava/util/AbstractCollection;)V 17 <appendix> member <vmtarget> ; # com/android/tools/r8/synthesis/m$$Lambda+0x000001eca12c5378
instanceKlass  @bci com/android/tools/r8/internal/Eb a (Ljava/util/function/BiFunction;Lcom/android/tools/r8/internal/X9;Lcom/android/tools/r8/internal/I9;)Lcom/android/tools/r8/internal/Wt0; 11 <appendix> member <vmtarget> ; # com/android/tools/r8/internal/Eb$$Lambda+0x000001eca12c5130
instanceKlass  @bci com/android/tools/r8/ir/optimize/u0 a (Lcom/android/tools/r8/graph/y;Lcom/android/tools/r8/internal/sB;)Z 78 <appendix> argL0 ; # com/android/tools/r8/ir/optimize/u0$$Lambda+0x000001eca12c4ee0
instanceKlass  @bci com/android/tools/r8/internal/I9 h ()Lcom/android/tools/r8/internal/I9; 1 <appendix> argL0 ; # com/android/tools/r8/internal/I9$$Lambda+0x000001eca12c4cb0
instanceKlass com/android/tools/r8/internal/qU
instanceKlass  @cpi com/android/tools/r8/internal/Hf0 225 form vmentry <vmtarget> ; # java/lang/invoke/LambdaForm$DMH+0x000001eca12bc400
instanceKlass com/android/tools/r8/internal/Xt0
instanceKlass com/android/tools/r8/internal/zG
instanceKlass  @bci com/android/tools/r8/internal/qK a (Lcom/android/tools/r8/internal/K70;)Z 54 <appendix> argL0 ; # com/android/tools/r8/internal/qK$$Lambda+0x000001eca12c43b0
instanceKlass com/android/tools/r8/internal/XR
instanceKlass  @bci com/android/tools/r8/internal/zE a (Lcom/android/tools/r8/graph/y;Lcom/android/tools/r8/graph/K5;Lcom/android/tools/r8/internal/L1;Lcom/android/tools/r8/internal/LE;)Z 24 <appendix> argL0 ; # com/android/tools/r8/internal/zE$$Lambda+0x000001eca12c2cc0
instanceKlass com/android/tools/r8/internal/ri
instanceKlass com/android/tools/r8/internal/m
instanceKlass  @bci com/android/tools/r8/synthesis/m a (Ljava/util/AbstractCollection;)Lcom/android/tools/r8/synthesis/m; 18 <appendix> member <vmtarget> ; # com/android/tools/r8/synthesis/m$$Lambda+0x000001eca12c2678
instanceKlass com/android/tools/r8/internal/Gn
instanceKlass com/android/tools/r8/internal/gW
instanceKlass  @bci com/android/tools/r8/internal/po0 c (ILcom/android/tools/r8/internal/tU;Lcom/android/tools/r8/internal/tU;)V 182 <appendix> argL0 ; # com/android/tools/r8/internal/po0$$Lambda+0x000001eca12bf3b0
instanceKlass java/util/logging/Logger$SystemLoggerHelper$1
instanceKlass java/util/logging/Logger$SystemLoggerHelper
instanceKlass java/util/logging/LogManager$4
instanceKlass com/android/tools/r8/internal/F7
instanceKlass jdk/internal/logger/BootstrapLogger$BootstrapExecutors
instanceKlass com/android/tools/r8/internal/OR
instanceKlass com/android/tools/r8/internal/PR
instanceKlass com/android/tools/r8/internal/YU
instanceKlass  @bci com/android/tools/r8/internal/Jr0 i (Ljava/util/function/Function;)Lcom/android/tools/r8/internal/Jr0; 7 <appendix> argL0 ; # com/android/tools/r8/internal/Jr0$$Lambda+0x000001eca12b9870
instanceKlass  @bci com/android/tools/r8/internal/Jr0 i (Ljava/util/function/Function;)Lcom/android/tools/r8/internal/Jr0; 2 <appendix> argL0 ; # com/android/tools/r8/internal/Jr0$$Lambda+0x000001eca12b9650
instanceKlass java/io/FilePermission$1
instanceKlass  @bci java/util/function/Function andThen (Ljava/util/function/Function;)Ljava/util/function/Function; 7 <appendix> member <vmtarget> ; # java/util/function/Function$$Lambda+0x000001eca10d00e8
instanceKlass jdk/internal/access/JavaIOFilePermissionAccess
instanceKlass  @cpi java/util/function/Function 58 form vmentry <vmtarget> ; # java/lang/invoke/LambdaForm$DMH+0x000001eca12bc000
instanceKlass  @bci com/android/tools/r8/internal/Jr0 f (Ljava/util/function/Function;)Lcom/android/tools/r8/internal/Jr0; 2 <appendix> argL0 ; # com/android/tools/r8/internal/Jr0$$Lambda+0x000001eca12b9410
instanceKlass  @bci com/android/tools/r8/graph/O2 a (Lcom/android/tools/r8/internal/Jr0;)V 1 <appendix> argL0 ; # com/android/tools/r8/graph/O2$$Lambda+0x000001eca12b91d0
instanceKlass jdk/internal/logger/LoggerFinderLoader
instanceKlass  @bci com/android/tools/r8/graph/O2 m ()Lcom/android/tools/r8/internal/Hr0; 0 <appendix> argL0 ; # com/android/tools/r8/graph/O2$$Lambda+0x000001eca12b8fb0
instanceKlass  @bci java/lang/System$LoggerFinder accessProvider ()Ljava/lang/System$LoggerFinder; 8 <appendix> argL0 ; # java/lang/System$LoggerFinder$$Lambda+0x000001eca10cfac0
instanceKlass  @bci com/android/tools/r8/graph/I2 a (Lcom/android/tools/r8/internal/Jr0;)V 9 <appendix> argL0 ; # com/android/tools/r8/graph/I2$$Lambda+0x000001eca12b8d70
instanceKlass java/util/stream/Streams
instanceKlass java/util/stream/Stream$Builder
instanceKlass java/util/stream/Streams$AbstractStreamBuilderImpl
instanceKlass  @bci com/android/tools/r8/graph/I2 a (Lcom/android/tools/r8/internal/Jr0;)V 1 <appendix> argL0 ; # com/android/tools/r8/graph/I2$$Lambda+0x000001eca12b8b30
instanceKlass  @bci java/util/stream/FindOps$FindSink$OfRef <clinit> ()V 43 <appendix> argL0 ; # java/util/stream/FindOps$FindSink$OfRef$$Lambda+0x800000047
instanceKlass  @bci java/util/stream/FindOps$FindSink$OfRef <clinit> ()V 38 <appendix> argL0 ; # java/util/stream/FindOps$FindSink$OfRef$$Lambda+0x800000049
instanceKlass  @bci com/android/tools/r8/graph/I2 m ()Lcom/android/tools/r8/internal/Hr0; 0 <appendix> argL0 ; # com/android/tools/r8/graph/I2$$Lambda+0x000001eca12b8910
instanceKlass  @bci java/util/stream/FindOps$FindSink$OfRef <clinit> ()V 16 <appendix> argL0 ; # java/util/stream/FindOps$FindSink$OfRef$$Lambda+0x800000048
instanceKlass  @bci com/android/tools/r8/graph/B2 a (Lcom/android/tools/r8/internal/Jr0;)V 17 <appendix> argL0 ; # com/android/tools/r8/graph/B2$$Lambda+0x000001eca12b86d0
instanceKlass  @bci java/util/stream/FindOps$FindSink$OfRef <clinit> ()V 11 <appendix> argL0 ; # java/util/stream/FindOps$FindSink$OfRef$$Lambda+0x80000004a
instanceKlass java/util/stream/FindOps$FindOp
instanceKlass java/util/stream/FindOps$FindSink
instanceKlass java/util/stream/FindOps
instanceKlass  @bci java/util/logging/Level$KnownLevel findByName (Ljava/lang/String;Ljava/util/function/Function;)Ljava/util/Optional; 29 <appendix> argL0 ; # java/util/logging/Level$KnownLevel$$Lambda+0x800000022
instanceKlass  @bci com/android/tools/r8/graph/B2 a (Lcom/android/tools/r8/internal/Jr0;)V 9 <appendix> argL0 ; # com/android/tools/r8/graph/B2$$Lambda+0x000001eca12b8490
instanceKlass  @bci java/util/logging/Level findLevel (Ljava/lang/String;)Ljava/util/logging/Level; 13 <appendix> argL0 ; # java/util/logging/Level$$Lambda+0x800000010
instanceKlass java/util/Hashtable$Enumerator
instanceKlass  @bci com/android/tools/r8/internal/Jr0 e (Ljava/util/function/Function;)Lcom/android/tools/r8/internal/Jr0; 2 <appendix> argL0 ; # com/android/tools/r8/internal/Jr0$$Lambda+0x000001eca12b8240
instanceKlass  @bci com/android/tools/r8/graph/B2 a (Lcom/android/tools/r8/internal/Jr0;)V 1 <appendix> argL0 ; # com/android/tools/r8/graph/B2$$Lambda+0x000001eca12b8000
instanceKlass  @bci com/android/tools/r8/graph/B2 m ()Lcom/android/tools/r8/internal/Hr0; 0 <appendix> argL0 ; # com/android/tools/r8/graph/B2$$Lambda+0x000001eca12b7cd0
instanceKlass  @bci com/android/tools/r8/internal/Gj a (Lcom/android/tools/r8/internal/Gr0;Lcom/android/tools/r8/internal/AA;Lcom/android/tools/r8/internal/Fr0;)V 1 <appendix> argL0 ; # com/android/tools/r8/internal/Gj$$Lambda+0x000001eca12b7ab0
instanceKlass com/android/tools/r8/internal/Gj
instanceKlass  @bci com/android/tools/r8/internal/Gr0 a (Lcom/android/tools/r8/internal/AA;)V 7 <appendix> argL0 ; # com/android/tools/r8/internal/Gr0$$Lambda+0x000001eca12b7688
instanceKlass com/android/tools/r8/internal/F
instanceKlass com/android/tools/r8/internal/E
instanceKlass com/android/tools/r8/internal/BA
instanceKlass com/android/tools/r8/internal/CA
instanceKlass com/android/tools/r8/internal/zA
instanceKlass  @bci com/android/tools/r8/synthesis/E a (Lcom/android/tools/r8/synthesis/I;Lcom/android/tools/r8/internal/Of;Lcom/android/tools/r8/graph/y;Ljava/util/function/Consumer;)Lcom/android/tools/r8/graph/H2; 31 <appendix> member <vmtarget> ; # com/android/tools/r8/synthesis/E$$Lambda+0x000001eca12b6240
instanceKlass  @bci com/android/tools/r8/internal/VR a (Lcom/android/tools/r8/internal/ja;Lcom/android/tools/r8/graph/K5;Lcom/android/tools/r8/internal/Lf;Lcom/android/tools/r8/internal/UR;Z)Lcom/android/tools/r8/internal/PR; 70 <adapter> ; # java/lang/invoke/LambdaForm$MH+0x000001eca12b5c00
# instanceKlass java/lang/invoke/LambdaForm$DMH+0x000001eca12b5800
instanceKlass  @bci com/android/tools/r8/internal/VR a (Lcom/android/tools/r8/internal/ja;Lcom/android/tools/r8/graph/K5;Lcom/android/tools/r8/internal/Lf;Lcom/android/tools/r8/internal/UR;Z)Lcom/android/tools/r8/internal/PR; 70 <appendix> form vmentry <vmtarget> ; # java/lang/invoke/LambdaForm$DMH+0x000001eca12b5400
instanceKlass  @bci com/android/tools/r8/internal/G1 c (Lcom/android/tools/r8/graph/M2;)Lcom/android/tools/r8/internal/un0; 5 <appendix> argL0 ; # com/android/tools/r8/internal/G1$$Lambda+0x000001eca12b6000
instanceKlass  @bci com/android/tools/r8/internal/VR a (Lcom/android/tools/r8/internal/ja;Lcom/android/tools/r8/graph/K5;Lcom/android/tools/r8/internal/Lf;Lcom/android/tools/r8/internal/UR;Z)Lcom/android/tools/r8/internal/PR; 70 <appendix> member <vmtarget> ; # com/android/tools/r8/internal/VR$$Lambda+0x000001eca12b3cb0
instanceKlass  @cpi com/android/tools/r8/internal/VR 351 form vmentry <vmtarget> ; # java/lang/invoke/LambdaForm$DMH+0x000001eca12b5000
instanceKlass  @bci com/android/tools/r8/internal/VR a (Lcom/android/tools/r8/internal/ja;Lcom/android/tools/r8/graph/K5;Lcom/android/tools/r8/internal/Lf;Lcom/android/tools/r8/internal/UR;Z)Lcom/android/tools/r8/internal/PR; 49 <appendix> argL0 ; # com/android/tools/r8/internal/VR$$Lambda+0x000001eca12b3868
instanceKlass  @bci com/android/tools/r8/internal/VR a (Lcom/android/tools/r8/internal/X9;Lcom/android/tools/r8/internal/q70;Lcom/android/tools/r8/internal/xy;Lcom/android/tools/r8/internal/EU;Lcom/android/tools/r8/internal/E9;Lcom/android/tools/r8/internal/ga;Lcom/android/tools/r8/graph/K5;Lcom/android/tools/r8/internal/Lf;Lcom/android/tools/r8/internal/Z9;Lcom/android/tools/r8/graph/u1;)Ljava/util/Collection; 16 <appendix> member <vmtarget> ; # com/android/tools/r8/internal/VR$$Lambda+0x000001eca12b3640
instanceKlass com/android/tools/r8/internal/UR
instanceKlass java/util/Collections$3
instanceKlass java/util/logging/LogManager$LoggerContext$1
instanceKlass java/util/logging/LogManager$VisitedLoggers
instanceKlass  @bci com/android/tools/r8/internal/x10 a (ZLcom/android/tools/r8/internal/D7;Lcom/android/tools/r8/internal/VH;Lcom/android/tools/r8/internal/VH;Lcom/android/tools/r8/internal/w10;Lcom/android/tools/r8/internal/ga;Lcom/android/tools/r8/graph/K5;Lcom/android/tools/r8/internal/Lf;Lcom/android/tools/r8/internal/VH;Lcom/android/tools/r8/graph/G;Lcom/android/tools/r8/internal/VH;Lcom/android/tools/r8/internal/X9;)Ljava/util/Collection; 61 <appendix> member <vmtarget> ; # com/android/tools/r8/internal/x10$$Lambda+0x000001eca12b2d18
instanceKlass  @bci com/android/tools/r8/internal/x10 a (ZLcom/android/tools/r8/internal/D7;Lcom/android/tools/r8/internal/VH;Lcom/android/tools/r8/internal/VH;Lcom/android/tools/r8/internal/w10;Lcom/android/tools/r8/internal/ga;Lcom/android/tools/r8/graph/K5;Lcom/android/tools/r8/internal/Lf;Lcom/android/tools/r8/internal/VH;Lcom/android/tools/r8/graph/G;Lcom/android/tools/r8/internal/VH;Lcom/android/tools/r8/internal/X9;)Ljava/util/Collection; 51 <appendix> member <vmtarget> ; # com/android/tools/r8/internal/x10$$Lambda+0x000001eca12b2af0
instanceKlass  @cpi com/android/tools/r8/internal/XR 402 form vmentry <vmtarget> ; # java/lang/invoke/LambdaForm$DMH+0x000001eca12b4c00
instanceKlass java/util/logging/LogManager$2
instanceKlass sun/security/util/FilePermCompat
instanceKlass  @bci com/android/tools/r8/internal/x10 a (Lcom/android/tools/r8/graph/K5;Lcom/android/tools/r8/internal/ga;Lcom/android/tools/r8/internal/Lf;)V 335 <adapter> ; # java/lang/invoke/LambdaForm$MH+0x000001eca12b4800
instanceKlass  @bci com/android/tools/r8/internal/Y5 a (Lcom/android/tools/r8/internal/ME;)Ljava/lang/Iterable; 2 <appendix> member <vmtarget> ; # com/android/tools/r8/internal/Y5$$Lambda+0x000001eca12b1ed8
instanceKlass com/android/tools/r8/internal/lB
# instanceKlass java/lang/invoke/LambdaForm$DMH+0x000001eca12b4400
instanceKlass  @bci com/android/tools/r8/internal/x10 a (Lcom/android/tools/r8/graph/K5;Lcom/android/tools/r8/internal/ga;Lcom/android/tools/r8/internal/Lf;)V 335 <appendix> form vmentry <vmtarget> ; # java/lang/invoke/LambdaForm$DMH+0x000001eca12b4000
instanceKlass  @bci com/android/tools/r8/internal/Z3 c (Lcom/android/tools/r8/internal/e20;)Lcom/android/tools/r8/internal/Z3; 19 <appendix> member <vmtarget> ; # com/android/tools/r8/internal/Z3$$Lambda+0x000001eca12b10c0
instanceKlass com/android/tools/r8/internal/F2
instanceKlass java/util/logging/LogManager$LoggingProviderAccess
instanceKlass java/lang/Shutdown$Lock
instanceKlass java/lang/Shutdown
instanceKlass java/lang/ApplicationShutdownHooks$1
instanceKlass  @bci com/android/tools/r8/internal/x10 a (Lcom/android/tools/r8/graph/K5;Lcom/android/tools/r8/internal/ga;Lcom/android/tools/r8/internal/Lf;)V 335 <appendix> member <vmtarget> ; # com/android/tools/r8/internal/x10$$Lambda+0x000001eca12b0c70
instanceKlass java/lang/ApplicationShutdownHooks
instanceKlass  @bci com/android/tools/r8/ir/optimize/z a (Lcom/android/tools/r8/internal/ME;)Z 429 <appendix> argL0 ; # com/android/tools/r8/ir/optimize/z$$Lambda+0x000001eca12b0a20
instanceKlass java/util/logging/LogManager$LogNode
instanceKlass java/util/logging/LogManager$LoggerContext
instanceKlass com/android/tools/r8/internal/r80
instanceKlass java/util/logging/LogManager$1
instanceKlass java/util/logging/LogManager
instanceKlass java/util/logging/Logger$ConfigurationData
instanceKlass java/util/logging/Logger$LoggerBundle
instanceKlass  @bci java/util/logging/Level$KnownLevel add (Ljava/util/logging/Level;)V 49 <appendix> argL0 ; # java/util/logging/Level$KnownLevel$$Lambda+0x800000021
instanceKlass  @cpi com/android/tools/r8/internal/x10 817 form vmentry <vmtarget> ; # java/lang/invoke/LambdaForm$DMH+0x000001eca12a8400
instanceKlass  @bci java/util/logging/Level$KnownLevel add (Ljava/util/logging/Level;)V 19 <appendix> argL0 ; # java/util/logging/Level$KnownLevel$$Lambda+0x800000020
instanceKlass java/util/logging/Level
instanceKlass java/util/logging/Handler
instanceKlass java/util/logging/Logger
instanceKlass com/android/tools/r8/internal/w10
instanceKlass com/android/tools/r8/internal/b70
# instanceKlass com/android/tools/r8/internal/I9$$Lambda+0x000001eca12aba60
instanceKlass  @bci com/android/tools/r8/internal/I9 b (Ljava/util/function/BiFunction;)Lcom/android/tools/r8/internal/I9; 2 <appendix> member <vmtarget> ; # com/android/tools/r8/internal/I9$$Lambda+0x000001eca12abc98
instanceKlass  @bci com/android/tools/r8/internal/ME d1 ()Z 1 <appendix> argL0 ; # com/android/tools/r8/internal/ME$$Lambda+0x000001eca12ab810
instanceKlass  @bci com/android/tools/r8/internal/Bb a (Lcom/android/tools/r8/internal/I9;Lcom/android/tools/r8/graph/y;Lcom/android/tools/r8/internal/P8;)Lcom/android/tools/r8/internal/I9; 13 <appendix> member <vmtarget> ; # com/android/tools/r8/internal/Bb$$Lambda+0x000001eca12ab398
instanceKlass  @bci com/android/tools/r8/internal/sg g ()Lcom/android/tools/r8/internal/I9; 1 <appendix> argL0 ; # com/android/tools/r8/internal/sg$$Lambda+0x000001eca12aac38
instanceKlass com/android/tools/r8/internal/xv0
instanceKlass com/android/tools/r8/internal/H20
instanceKlass com/android/tools/r8/references/ArrayReference
instanceKlass  @bci com/android/tools/r8/internal/Bb a (Lcom/android/tools/r8/internal/I9;Lcom/android/tools/r8/graph/y;Lcom/android/tools/r8/internal/P8;)Lcom/android/tools/r8/internal/I9; 60 <appendix> member <vmtarget> ; # com/android/tools/r8/internal/Bb$$Lambda+0x000001eca12aecb8
instanceKlass com/android/tools/r8/internal/cb
instanceKlass com/android/tools/r8/internal/Ab
instanceKlass  @bci com/android/tools/r8/internal/Hf0 a (Ljava/util/ArrayDeque;)V 6 <appendix> member <vmtarget> ; # com/android/tools/r8/internal/Hf0$$Lambda+0x000001eca12acb20
instanceKlass com/android/tools/r8/graph/i1
instanceKlass com/android/tools/r8/internal/Ef0
instanceKlass com/android/tools/r8/ir/optimize/N
instanceKlass com/android/tools/r8/ir/optimize/N$b
instanceKlass com/android/tools/r8/graph/Z0
instanceKlass com/android/tools/r8/internal/T5
instanceKlass com/android/tools/r8/internal/Hf0
instanceKlass com/android/tools/r8/graph/c3
instanceKlass  @bci com/android/tools/r8/ir/optimize/f0 a (Lcom/android/tools/r8/internal/sB;Lcom/android/tools/r8/internal/Df0;I)V 513 <appendix> argL0 ; # com/android/tools/r8/ir/optimize/f0$$Lambda+0x000001eca12a6588
instanceKlass  @bci com/android/tools/r8/graph/u1 b (I)Lcom/android/tools/r8/graph/O0$a; 15 <appendix> argL0 ; # com/android/tools/r8/graph/u1$$Lambda+0x000001eca12a6348
instanceKlass  @bci com/android/tools/r8/internal/po0 a (Ljava/util/Set;Ljava/util/Set;Ljava/util/Set;)V 5 <appendix> member <vmtarget> ; # com/android/tools/r8/internal/po0$$Lambda+0x000001eca12a5720
instanceKlass  @cpi com/android/tools/r8/internal/po0 271 form vmentry <vmtarget> ; # java/lang/invoke/LambdaForm$DMH+0x000001eca12a8000
instanceKlass  @bci com/android/tools/r8/graph/u1 a (I)Lcom/android/tools/r8/graph/N0; 15 <appendix> argL0 ; # com/android/tools/r8/graph/u1$$Lambda+0x000001eca12a5110
instanceKlass com/android/tools/r8/internal/oo0
instanceKlass com/android/tools/r8/internal/jo
instanceKlass com/android/tools/r8/internal/E20
instanceKlass  @bci com/android/tools/r8/internal/po0 a (ILcom/android/tools/r8/internal/tU;Lcom/android/tools/r8/internal/tU;)V 32 <appendix> argL0 ; # com/android/tools/r8/internal/po0$$Lambda+0x000001eca12a37c8
instanceKlass com/android/tools/r8/internal/hH
instanceKlass com/android/tools/r8/graph/U0
instanceKlass  @bci com/android/tools/r8/internal/TY a (Lcom/android/tools/r8/internal/Y5;)Z 17 <appendix> argL0 ; # com/android/tools/r8/internal/TY$$Lambda+0x000001eca12a1340
instanceKlass  @bci com/android/tools/r8/internal/qK a (Lcom/android/tools/r8/internal/US;)Z 7 <appendix> member <vmtarget> ; # com/android/tools/r8/internal/qK$$Lambda+0x000001eca12a10b8
instanceKlass com/android/tools/r8/internal/x8
instanceKlass com/android/tools/r8/internal/Fn
# instanceKlass com/android/tools/r8/internal/US$$Lambda+0x000001eca12a0678
# instanceKlass com/android/tools/r8/internal/US$$Lambda+0x000001eca12a0450
# instanceKlass com/android/tools/r8/internal/US$$Lambda+0x000001eca12a0228
# instanceKlass com/android/tools/r8/internal/US$$Lambda+0x000001eca12a0000
# instanceKlass com/android/tools/r8/internal/US$$Lambda+0x000001eca129cc20
instanceKlass  @bci com/android/tools/r8/internal/US a (Lcom/android/tools/r8/internal/tU;IZLcom/android/tools/r8/internal/Kf0;Lcom/android/tools/r8/internal/If0;)I 100 <appendix> member <vmtarget> ; # com/android/tools/r8/internal/US$$Lambda+0x000001eca129c9f8
# instanceKlass com/android/tools/r8/internal/US$$Lambda+0x000001eca129dbb8
# instanceKlass com/android/tools/r8/internal/US$$Lambda+0x000001eca129d960
# instanceKlass com/android/tools/r8/internal/US$$Lambda+0x000001eca129d000
# instanceKlass com/android/tools/r8/internal/US$$Lambda+0x000001eca129d258
# instanceKlass com/android/tools/r8/internal/US$$Lambda+0x000001eca129d708
instanceKlass  @bci com/android/tools/r8/internal/US a (Lcom/android/tools/r8/internal/tU;IZLcom/android/tools/r8/internal/Kf0;Lcom/android/tools/r8/internal/If0;)I 93 <appendix> member <vmtarget> ; # com/android/tools/r8/internal/US$$Lambda+0x000001eca129d4b0
instanceKlass com/android/tools/r8/internal/u8
# instanceKlass com/android/tools/r8/internal/US$$Lambda+0x000001eca129fb08
# instanceKlass com/android/tools/r8/internal/US$$Lambda+0x000001eca129f8e0
# instanceKlass com/android/tools/r8/internal/US$$Lambda+0x000001eca129f6b8
# instanceKlass com/android/tools/r8/internal/US$$Lambda+0x000001eca129f490
instanceKlass  @bci com/android/tools/r8/internal/US a (Lcom/android/tools/r8/internal/tU;)V 150 <appendix> member <vmtarget> ; # com/android/tools/r8/internal/US$$Lambda+0x000001eca129f208
instanceKlass  @bci com/android/tools/r8/internal/US a (Lcom/android/tools/r8/internal/tU;IZLcom/android/tools/r8/internal/Kf0;Lcom/android/tools/r8/internal/If0;)I 72 <appendix> member <vmtarget> ; # com/android/tools/r8/internal/US$$Lambda+0x000001eca129efe0
# instanceKlass com/android/tools/r8/internal/US$$Lambda+0x000001eca129ed88
# instanceKlass com/android/tools/r8/internal/US$$Lambda+0x000001eca129eb30
# instanceKlass com/android/tools/r8/internal/US$$Lambda+0x000001eca129e8d8
# instanceKlass com/android/tools/r8/internal/US$$Lambda+0x000001eca129e428
instanceKlass  @bci com/android/tools/r8/internal/US a (Lcom/android/tools/r8/internal/tU;IZLcom/android/tools/r8/internal/Kf0;Lcom/android/tools/r8/internal/If0;)I 65 <appendix> member <vmtarget> ; # com/android/tools/r8/internal/US$$Lambda+0x000001eca129e680
# instanceKlass com/android/tools/r8/internal/US$$Lambda+0x000001eca129e000
instanceKlass com/android/tools/r8/internal/pB
# instanceKlass com/android/tools/r8/internal/US$$Lambda+0x000001eca129ba10
# instanceKlass com/android/tools/r8/internal/US$$Lambda+0x000001eca129b7e8
# instanceKlass com/android/tools/r8/internal/US$$Lambda+0x000001eca129b0d8
instanceKlass  @bci com/android/tools/r8/internal/US a (Lcom/android/tools/r8/internal/tU;IZLcom/android/tools/r8/internal/Kf0;Lcom/android/tools/r8/internal/If0;)I 44 <appendix> member <vmtarget> ; # com/android/tools/r8/internal/US$$Lambda+0x000001eca129a9c8
instanceKlass  @cpi com/android/tools/r8/internal/US 1564 form vmentry <vmtarget> ; # java/lang/invoke/LambdaForm$DMH+0x000001eca1291400
instanceKlass com/android/tools/r8/internal/nI
# instanceKlass com/android/tools/r8/internal/US$$Lambda+0x000001eca1299f40
# instanceKlass com/android/tools/r8/internal/US$$Lambda+0x000001eca12997f8
# instanceKlass com/android/tools/r8/internal/US$$Lambda+0x000001eca12995a0
# instanceKlass com/android/tools/r8/internal/US$$Lambda+0x000001eca1299348
instanceKlass  @bci com/android/tools/r8/internal/US a (Lcom/android/tools/r8/internal/tU;IZLcom/android/tools/r8/internal/Kf0;Lcom/android/tools/r8/internal/If0;)I 37 <appendix> member <vmtarget> ; # com/android/tools/r8/internal/US$$Lambda+0x000001eca12990f0
# instanceKlass com/android/tools/r8/internal/US$$Lambda+0x000001eca1298ea0
# instanceKlass com/android/tools/r8/internal/US$$Lambda+0x000001eca1298750
# instanceKlass com/android/tools/r8/internal/US$$Lambda+0x000001eca1298500
# instanceKlass com/android/tools/r8/internal/US$$Lambda+0x000001eca1293db0
instanceKlass  @bci com/android/tools/r8/internal/US a (Lcom/android/tools/r8/internal/tU;ILcom/android/tools/r8/internal/Kf0;)Z 526 <appendix> argL0 ; # com/android/tools/r8/internal/US$$Lambda+0x000001eca1293b60
# instanceKlass com/android/tools/r8/internal/tU$$Lambda+0x000001eca1293940
# instanceKlass com/android/tools/r8/internal/tU$$Lambda+0x000001eca1293720
# instanceKlass com/android/tools/r8/internal/tU$$Lambda+0x000001eca1293008
# instanceKlass com/android/tools/r8/internal/tU$$Lambda+0x000001eca1292de8
instanceKlass  @bci com/android/tools/r8/internal/tU l ()V 37 <appendix> argL0 ; # com/android/tools/r8/internal/tU$$Lambda+0x000001eca1292bc8
instanceKlass com/android/tools/r8/internal/Rn
# instanceKlass com/android/tools/r8/ir/optimize/b0$$Lambda+0x000001eca1296400
instanceKlass  @bci com/android/tools/r8/ir/optimize/b0 a (Lcom/android/tools/r8/internal/ME;)Z 246 <appendix> member <vmtarget> ; # com/android/tools/r8/ir/optimize/b0$$Lambda+0x000001eca1295d48
instanceKlass  @cpi com/android/tools/r8/ir/optimize/b0 89 form vmentry <vmtarget> ; # java/lang/invoke/LambdaForm$DMH+0x000001eca1290c00
instanceKlass com/android/tools/r8/internal/BZ
instanceKlass com/android/tools/r8/ir/optimize/b0
instanceKlass com/android/tools/r8/internal/D0
instanceKlass com/android/tools/r8/internal/AZ
instanceKlass com/android/tools/r8/ir/optimize/f0
# instanceKlass com/android/tools/r8/internal/ME$$Lambda+0x000001eca1294000
instanceKlass  @bci com/android/tools/r8/internal/ME a (Lcom/android/tools/r8/internal/ME;)V 36 <appendix> argL0 ; # com/android/tools/r8/internal/ME$$Lambda+0x000001eca128fd20
# instanceKlass com/android/tools/r8/internal/ME$$Lambda+0x000001eca128f8c0
instanceKlass  @bci com/android/tools/r8/internal/ME a (Lcom/android/tools/r8/internal/ME;)V 18 <appendix> argL0 ; # com/android/tools/r8/internal/ME$$Lambda+0x000001eca128faf0
instanceKlass  @bci com/android/tools/r8/internal/Y5 b ()V 9 <appendix> argL0 ; # com/android/tools/r8/internal/Y5$$Lambda+0x000001eca128f690
# instanceKlass com/android/tools/r8/internal/Y5$$Lambda+0x000001eca128f460
# instanceKlass com/android/tools/r8/internal/US$$Lambda+0x000001eca128ef98
instanceKlass  @bci com/android/tools/r8/internal/US f ()V 7 <appendix> argL0 ; # com/android/tools/r8/internal/US$$Lambda+0x000001eca128f230
instanceKlass  @bci com/android/tools/r8/internal/US a (Lcom/android/tools/r8/internal/uC;Ljava/util/ArrayList;Lcom/android/tools/r8/internal/Df0;Ljava/util/IdentityHashMap;)V 574 <appendix> member <vmtarget> ; # com/android/tools/r8/internal/US$$Lambda+0x000001eca128ed40
instanceKlass  @bci com/android/tools/r8/internal/US a (Lcom/android/tools/r8/internal/uC;Ljava/util/ArrayList;Lcom/android/tools/r8/internal/Df0;Ljava/util/IdentityHashMap;)V 546 <appendix> argL0 ; # com/android/tools/r8/internal/US$$Lambda+0x000001eca128eaf0
instanceKlass  @bci com/android/tools/r8/internal/tm0 a (Ljava/lang/Iterable;)Ljava/util/Set; 18 <appendix> member <vmtarget> ; # com/android/tools/r8/internal/tm0$$Lambda+0x000001eca128e8b8
instanceKlass  @bci com/android/tools/r8/internal/US a (Lcom/android/tools/r8/internal/uC;Ljava/util/ArrayList;Lcom/android/tools/r8/internal/Df0;Ljava/util/IdentityHashMap;)V 271 <appendix> argL0 ; # com/android/tools/r8/internal/US$$Lambda+0x000001eca128e620
instanceKlass com/android/tools/r8/internal/qi
instanceKlass com/android/tools/r8/internal/TS
# instanceKlass com/android/tools/r8/internal/US$$Lambda+0x000001eca128dc58
# instanceKlass com/android/tools/r8/internal/US$$Lambda+0x000001eca128da20
# instanceKlass com/android/tools/r8/internal/US$$Lambda+0x000001eca128d800
instanceKlass  @bci com/android/tools/r8/internal/US a (Lcom/android/tools/r8/internal/uC;Ljava/util/ArrayList;Lcom/android/tools/r8/internal/Df0;Ljava/util/IdentityHashMap;)V 180 <appendix> argL0 ; # com/android/tools/r8/internal/US$$Lambda+0x000001eca128d5e0
instanceKlass  @bci com/android/tools/r8/internal/US a (Ljava/util/List;Lcom/android/tools/r8/internal/qK;)V 20 <appendix> argL0 ; # com/android/tools/r8/internal/US$$Lambda+0x000001eca128d390
instanceKlass  @bci com/android/tools/r8/internal/US c (ILcom/android/tools/r8/internal/tU;)Lcom/android/tools/r8/internal/Kf0; 161 <appendix> member <vmtarget> ; # com/android/tools/r8/internal/US$$Lambda+0x000001eca128cd40
instanceKlass  @bci com/android/tools/r8/internal/TY a ()V 5 <appendix> member <vmtarget> ; # com/android/tools/r8/internal/TY$$Lambda+0x000001eca128cae8
# instanceKlass com/android/tools/r8/internal/TY$$Lambda+0x000001eca128c890
# instanceKlass com/android/tools/r8/internal/US$$Lambda+0x000001eca128c640
instanceKlass  @bci com/android/tools/r8/internal/US a (Lcom/android/tools/r8/internal/tU;)V 207 <appendix> argL0 ; # com/android/tools/r8/internal/US$$Lambda+0x000001eca128c410
instanceKlass  @bci com/android/tools/r8/internal/US a (Lcom/android/tools/r8/internal/tU;ILcom/android/tools/r8/internal/Kf0;)Z 94 <appendix> argL0 ; # com/android/tools/r8/internal/US$$Lambda+0x000001eca128c1c0
instanceKlass  @cpi com/android/tools/r8/internal/US 1894 form vmentry <vmtarget> ; # java/lang/invoke/LambdaForm$DMH+0x000001eca1290000
instanceKlass com/android/tools/r8/internal/TY
instanceKlass  @bci com/android/tools/r8/internal/US a (Lcom/android/tools/r8/internal/tU;)V 21 <appendix> member <vmtarget> ; # com/android/tools/r8/internal/US$$Lambda+0x000001eca128b700
instanceKlass com/android/tools/r8/internal/ZD
# instanceKlass com/android/tools/r8/internal/US$$Lambda+0x000001eca128b058
# instanceKlass com/android/tools/r8/internal/US$$Lambda+0x000001eca128ae08
# instanceKlass com/android/tools/r8/internal/US$$Lambda+0x000001eca128abb8
# instanceKlass com/android/tools/r8/internal/US$$Lambda+0x000001eca128a968
# instanceKlass com/android/tools/r8/internal/US$$Lambda+0x000001eca128a718
instanceKlass  @bci com/android/tools/r8/internal/US b (Lcom/android/tools/r8/internal/tU;)V 31 <appendix> argL0 ; # com/android/tools/r8/internal/US$$Lambda+0x000001eca128a4c8
# instanceKlass com/android/tools/r8/internal/po0$$Lambda+0x000001eca128a018
instanceKlass  @bci com/android/tools/r8/internal/po0 a (I)I 131 <appendix> member <vmtarget> ; # com/android/tools/r8/internal/po0$$Lambda+0x000001eca128a270
# instanceKlass com/android/tools/r8/internal/US$$Lambda+0x000001eca1289dc8
# instanceKlass com/android/tools/r8/internal/US$$Lambda+0x000001eca1289b78
# instanceKlass com/android/tools/r8/internal/US$$Lambda+0x000001eca1289928
# instanceKlass com/android/tools/r8/internal/US$$Lambda+0x000001eca12896d8
# instanceKlass com/android/tools/r8/internal/US$$Lambda+0x000001eca1289488
instanceKlass  @bci com/android/tools/r8/internal/US o (Lcom/android/tools/r8/internal/tU;)V 16 <appendix> argL0 ; # com/android/tools/r8/internal/US$$Lambda+0x000001eca1289238
# instanceKlass com/android/tools/r8/internal/US$$Lambda+0x000001eca1288fe8
# instanceKlass com/android/tools/r8/internal/US$$Lambda+0x000001eca1288d98
# instanceKlass com/android/tools/r8/internal/US$$Lambda+0x000001eca1288b48
instanceKlass  @bci com/android/tools/r8/internal/US a (Z)V 21 <appendix> argL0 ; # com/android/tools/r8/internal/US$$Lambda+0x000001eca12888f8
# instanceKlass com/android/tools/r8/internal/US$$Lambda+0x000001eca12886a8
instanceKlass com/android/tools/r8/internal/po0
instanceKlass  @bci com/android/tools/r8/internal/US n (Lcom/android/tools/r8/internal/tU;)V 16 <appendix> argL0 ; # com/android/tools/r8/internal/US$$Lambda+0x000001eca1288248
# instanceKlass com/android/tools/r8/internal/VK$$Lambda+0x000001eca1288000
# instanceKlass com/android/tools/r8/internal/VK$$Lambda+0x000001eca1287d50
# instanceKlass com/android/tools/r8/internal/VK$$Lambda+0x000001eca1287b08
# instanceKlass com/android/tools/r8/internal/VK$$Lambda+0x000001eca12878c0
# instanceKlass com/android/tools/r8/internal/VK$$Lambda+0x000001eca1287678
# instanceKlass com/android/tools/r8/internal/VK$$Lambda+0x000001eca1287430
# instanceKlass com/android/tools/r8/internal/VK$$Lambda+0x000001eca12871e8
instanceKlass  @bci com/android/tools/r8/internal/VK a (Ljava/lang/Iterable;Ljava/util/function/Predicate;)Ljava/lang/Iterable; 2 <appendix> member <vmtarget> ; # com/android/tools/r8/internal/VK$$Lambda+0x000001eca1286fa0
# instanceKlass com/android/tools/r8/internal/US$$Lambda+0x000001eca1286d48
# instanceKlass com/android/tools/r8/internal/US$$Lambda+0x000001eca1286af0
# instanceKlass com/android/tools/r8/internal/US$$Lambda+0x000001eca1286898
# instanceKlass com/android/tools/r8/internal/US$$Lambda+0x000001eca1286640
# instanceKlass com/android/tools/r8/internal/US$$Lambda+0x000001eca12863e8
# instanceKlass com/android/tools/r8/internal/US$$Lambda+0x000001eca1286190
instanceKlass  @bci com/android/tools/r8/internal/US n ()Z 36 <appendix> member <vmtarget> ; # com/android/tools/r8/internal/US$$Lambda+0x000001eca1285ce0
# instanceKlass com/android/tools/r8/internal/US$$Lambda+0x000001eca1285f38
instanceKlass com/android/tools/r8/internal/oB
# instanceKlass com/android/tools/r8/internal/US$$Lambda+0x000001eca1285830
# instanceKlass com/android/tools/r8/internal/US$$Lambda+0x000001eca12855d0
# instanceKlass com/android/tools/r8/internal/US$$Lambda+0x000001eca1285370
# instanceKlass com/android/tools/r8/internal/US$$Lambda+0x000001eca1285110
# instanceKlass com/android/tools/r8/internal/US$$Lambda+0x000001eca1284eb0
# instanceKlass com/android/tools/r8/internal/US$$Lambda+0x000001eca1284c50
# instanceKlass com/android/tools/r8/internal/US$$Lambda+0x000001eca12849f0
instanceKlass  @bci com/android/tools/r8/internal/US i ()Lcom/android/tools/r8/internal/XK; 8 <appendix> argL0 ; # com/android/tools/r8/internal/US$$Lambda+0x000001eca1284790
# instanceKlass com/android/tools/r8/internal/sB$$Lambda+0x000001eca1284548
# instanceKlass com/android/tools/r8/internal/sB$$Lambda+0x000001eca1284300
# instanceKlass com/android/tools/r8/internal/sB$$Lambda+0x000001eca12840b8
# instanceKlass com/android/tools/r8/internal/sB$$Lambda+0x000001eca1283e70
# instanceKlass com/android/tools/r8/internal/sB$$Lambda+0x000001eca1283c28
instanceKlass  @bci com/android/tools/r8/internal/sB c ()Ljava/lang/Iterable; 1 <appendix> member <vmtarget> ; # com/android/tools/r8/internal/sB$$Lambda+0x000001eca12839e0
# instanceKlass com/android/tools/r8/internal/qK$$Lambda+0x000001eca1283790
# instanceKlass com/android/tools/r8/internal/qK$$Lambda+0x000001eca1283540
instanceKlass  @bci com/android/tools/r8/internal/qK a (Lcom/android/tools/r8/internal/K70;)Z 17 <appendix> argL0 ; # com/android/tools/r8/internal/qK$$Lambda+0x000001eca12832f0
instanceKlass  @bci com/android/tools/r8/internal/sB a (Ljava/util/function/Predicate;)Ljava/lang/Iterable; 2 <appendix> member <vmtarget> ; # com/android/tools/r8/internal/sB$$Lambda+0x000001eca12830a8
instanceKlass  @bci com/android/tools/r8/internal/US g ()V 31 <appendix> argL0 ; # com/android/tools/r8/internal/US$$Lambda+0x000001eca1282e58
# instanceKlass com/android/tools/r8/internal/zx0$$Lambda+0x000001eca1282c08
# instanceKlass com/android/tools/r8/internal/zx0$$Lambda+0x000001eca12829b8
instanceKlass  @bci com/android/tools/r8/internal/zx0 H ()Z 1 <appendix> argL0 ; # com/android/tools/r8/internal/zx0$$Lambda+0x000001eca1282768
instanceKlass com/android/tools/r8/internal/uU
# instanceKlass com/android/tools/r8/internal/sB$$Lambda+0x000001eca12822b0
# instanceKlass com/android/tools/r8/internal/sB$$Lambda+0x000001eca1282018
# instanceKlass com/android/tools/r8/internal/sB$$Lambda+0x000001eca1281d80
instanceKlass  @bci com/android/tools/r8/internal/sB e ()Ljava/util/IdentityHashMap; 738 <appendix> argL0 ; # com/android/tools/r8/internal/sB$$Lambda+0x000001eca1281ae8
instanceKlass com/android/tools/r8/internal/wU
instanceKlass  @bci com/android/tools/r8/internal/US a (Lcom/android/tools/r8/graph/y;Lcom/android/tools/r8/internal/sB;Ljava/util/IdentityHashMap;Ljava/util/ArrayList;)V 871 <appendix> argL0 ; # com/android/tools/r8/internal/US$$Lambda+0x000001eca1281630
# instanceKlass com/android/tools/r8/internal/US$$Lambda+0x000001eca1281398
instanceKlass com/android/tools/r8/internal/rB
instanceKlass com/android/tools/r8/internal/tU
instanceKlass  @bci com/android/tools/r8/internal/US a (Lcom/android/tools/r8/internal/qK;)Z 17 <appendix> argL0 ; # com/android/tools/r8/internal/US$$Lambda+0x000001eca1280980
instanceKlass com/android/tools/r8/internal/uI
instanceKlass com/android/tools/r8/internal/zZ
instanceKlass  @bci com/android/tools/r8/internal/Hx0 a (Lcom/android/tools/r8/internal/bz0;Lcom/android/tools/r8/internal/V6;)Lcom/android/tools/r8/internal/zx0; 228 <appendix> member <vmtarget> ; # com/android/tools/r8/internal/Hx0$$Lambda+0x000001eca127e188
instanceKlass  @bci com/android/tools/r8/internal/VK b (Ljava/lang/Object;)Ljava/lang/Iterable; 1 <appendix> member <vmtarget> ; # com/android/tools/r8/internal/VK$$Lambda+0x000001eca127df40
instanceKlass com/android/tools/r8/internal/Jf0
instanceKlass com/android/tools/r8/internal/US
instanceKlass com/android/tools/r8/internal/VK
instanceKlass  @bci com/android/tools/r8/internal/W3 a (Lcom/android/tools/r8/graph/y;Lcom/android/tools/r8/internal/sB;)Lcom/android/tools/r8/ir/optimize/E; 32 <appendix> argL0 ; # com/android/tools/r8/internal/W3$$Lambda+0x000001eca127d400
instanceKlass  @bci com/android/tools/r8/internal/W3 a (Lcom/android/tools/r8/graph/y;Lcom/android/tools/r8/graph/K5;Lcom/android/tools/r8/internal/L1;Lcom/android/tools/r8/internal/LE;)Z 9 <appendix> argL0 ; # com/android/tools/r8/internal/W3$$Lambda+0x000001eca127d1b0
# instanceKlass com/android/tools/r8/ir/optimize/u0$$Lambda+0x000001eca127c6b8
# instanceKlass com/android/tools/r8/ir/optimize/u0$$Lambda+0x000001eca127c228
instanceKlass  @bci com/android/tools/r8/internal/xo a (Lcom/android/tools/r8/internal/sB;Lcom/android/tools/r8/internal/Y5;Lcom/android/tools/r8/internal/ZR;Ljava/util/IdentityHashMap;Ljava/util/function/Predicate;)V 1058 <appendix> argL0 ; # com/android/tools/r8/internal/xo$$Lambda+0x000001eca127c478
# instanceKlass com/android/tools/r8/internal/xo$$Lambda+0x000001eca127bfe8
# instanceKlass com/android/tools/r8/ir/optimize/u0$$Lambda+0x000001eca127bd98
# instanceKlass com/android/tools/r8/ir/optimize/u0$$Lambda+0x000001eca127bb48
instanceKlass  @bci com/android/tools/r8/ir/optimize/u0 a (Lcom/android/tools/r8/internal/sB;Lcom/android/tools/r8/internal/QJ;)V 71 <appendix> argL0 ; # com/android/tools/r8/ir/optimize/u0$$Lambda+0x000001eca127b8f8
# instanceKlass com/android/tools/r8/ir/optimize/u0$$Lambda+0x000001eca127b6a8
# instanceKlass com/android/tools/r8/ir/optimize/u0$$Lambda+0x000001eca127b480
# instanceKlass com/android/tools/r8/ir/optimize/u0$$Lambda+0x000001eca127b258
# instanceKlass com/android/tools/r8/ir/optimize/u0$$Lambda+0x000001eca127b030
# instanceKlass com/android/tools/r8/ir/optimize/u0$$Lambda+0x000001eca127ae08
instanceKlass  @bci com/android/tools/r8/ir/optimize/u0 a (Lcom/android/tools/r8/internal/sB;Lcom/android/tools/r8/internal/QJ;)V 30 <appendix> member <vmtarget> ; # com/android/tools/r8/ir/optimize/u0$$Lambda+0x000001eca127abe0
instanceKlass  @bci com/android/tools/r8/ir/optimize/z a ()V 1533 <appendix> argL0 ; # com/android/tools/r8/ir/optimize/z$$Lambda+0x000001eca127a798
instanceKlass com/android/tools/r8/internal/x30
instanceKlass com/android/tools/r8/internal/z30
instanceKlass com/android/tools/r8/ir/optimize/u0
# instanceKlass java/util/stream/StreamSpliterators$WrappingSpliterator$$Lambda+0x000001eca10ce790
# instanceKlass java/util/stream/StreamSpliterators$WrappingSpliterator$$Lambda+0x000001eca10ce568
instanceKlass  @bci java/util/stream/StreamSpliterators$WrappingSpliterator initPartialTraversalState ()V 37 <appendix> member <vmtarget> ; # java/util/stream/StreamSpliterators$WrappingSpliterator$$Lambda+0x000001eca10ce340
# instanceKlass java/util/stream/StreamSpliterators$WrappingSpliterator$$Lambda+0x000001eca10cddd0
instanceKlass  @bci java/util/stream/StreamSpliterators$WrappingSpliterator initPartialTraversalState ()V 24 <appendix> member <vmtarget> ; # java/util/stream/StreamSpliterators$WrappingSpliterator$$Lambda+0x000001eca10cdb20
# instanceKlass java/util/stream/StreamSpliterators$WrappingSpliterator$$Lambda+0x000001eca10cd870
instanceKlass java/util/stream/StreamSpliterators
instanceKlass com/android/tools/r8/graph/e3
instanceKlass java/util/stream/AbstractSpinedBuffer
instanceKlass java/util/stream/StreamSpliterators$AbstractWrappingSpliterator
# instanceKlass java/util/stream/AbstractPipeline$$Lambda+0x000001eca10cca18
# instanceKlass java/util/stream/AbstractPipeline$$Lambda+0x000001eca10cc7f0
# instanceKlass java/util/stream/AbstractPipeline$$Lambda+0x000001eca10cc5c8
instanceKlass  @bci java/util/stream/AbstractPipeline spliterator ()Ljava/util/Spliterator; 103 <appendix> member <vmtarget> ; # java/util/stream/AbstractPipeline$$Lambda+0x000001eca10cc3a0
instanceKlass java/util/stream/SliceOps
instanceKlass com/android/tools/r8/internal/w8$a
# instanceKlass com/android/tools/r8/ir/optimize/z$$Lambda+0x000001eca1277388
# instanceKlass com/android/tools/r8/ir/optimize/z$$Lambda+0x000001eca12770f0
instanceKlass  @bci com/android/tools/r8/ir/optimize/z a ()V 416 <appendix> argL0 ; # com/android/tools/r8/ir/optimize/z$$Lambda+0x000001eca1276e58
instanceKlass com/android/tools/r8/internal/w8
# instanceKlass com/android/tools/r8/ir/optimize/z$$Lambda+0x000001eca12769f8
# instanceKlass com/android/tools/r8/ir/optimize/z$$Lambda+0x000001eca12767a8
instanceKlass  @bci com/android/tools/r8/ir/optimize/z a ()V 406 <appendix> argL0 ; # com/android/tools/r8/ir/optimize/z$$Lambda+0x000001eca1276558
instanceKlass com/android/tools/r8/internal/C30
# instanceKlass com/android/tools/r8/internal/j6$$Lambda+0x000001eca1276108
instanceKlass  @bci com/android/tools/r8/internal/j6 a ()Ljava/util/function/BiPredicate; 0 <appendix> argL0 ; # com/android/tools/r8/internal/j6$$Lambda+0x000001eca1275eb8
instanceKlass com/android/tools/r8/internal/j6
instanceKlass com/android/tools/r8/ir/optimize/L
# instanceKlass com/android/tools/r8/internal/xo$$Lambda+0x000001eca1275860
# instanceKlass com/android/tools/r8/internal/xo$$Lambda+0x000001eca1275638
# instanceKlass com/android/tools/r8/internal/xo$$Lambda+0x000001eca1275188
instanceKlass  @bci com/android/tools/r8/internal/xo a (Lcom/android/tools/r8/internal/sB;Lcom/android/tools/r8/ir/optimize/z;)V 76 <appendix> member <vmtarget> ; # com/android/tools/r8/internal/xo$$Lambda+0x000001eca12753e0
# instanceKlass com/android/tools/r8/internal/xo$$Lambda+0x000001eca1274f60
instanceKlass  @bci com/android/tools/r8/internal/xo a (Lcom/android/tools/r8/internal/sB;Lcom/android/tools/r8/ir/optimize/z;)V 21 <appendix> member <vmtarget> ; # com/android/tools/r8/internal/xo$$Lambda+0x000001eca1274d38
instanceKlass com/android/tools/r8/internal/nt
instanceKlass com/android/tools/r8/internal/V5
instanceKlass  @bci com/android/tools/r8/ir/optimize/z a ()V 298 <appendix> argL0 ; # com/android/tools/r8/ir/optimize/z$$Lambda+0x000001eca1273e88
# instanceKlass com/android/tools/r8/internal/Un$$Lambda+0x000001eca1273a20
# instanceKlass com/android/tools/r8/internal/Un$$Lambda+0x000001eca1273800
# instanceKlass com/android/tools/r8/internal/Un$$Lambda+0x000001eca12735e0
# instanceKlass com/android/tools/r8/internal/Un$$Lambda+0x000001eca12733c0
instanceKlass  @bci com/android/tools/r8/internal/Un k ()Lcom/android/tools/r8/internal/Un; 4 <appendix> argL0 ; # com/android/tools/r8/internal/Un$$Lambda+0x000001eca12731a0
instanceKlass  @bci com/android/tools/r8/internal/Un <clinit> ()V 3 <appendix> argL0 ; # com/android/tools/r8/internal/Un$$Lambda+0x000001eca1272f80
instanceKlass  @bci com/android/tools/r8/internal/kx b (Lcom/android/tools/r8/graph/g4;)V 5 <appendix> argL0 ; # com/android/tools/r8/internal/kx$$Lambda+0x000001eca1272d50
instanceKlass  @bci com/android/tools/r8/internal/lx a (Lcom/android/tools/r8/internal/sB;Lcom/android/tools/r8/internal/a6;Lcom/android/tools/r8/internal/d00;Lcom/android/tools/r8/internal/zx0;Lcom/android/tools/r8/internal/kx;)Lcom/android/tools/r8/internal/zx0; 278 <appendix> argL0 ; # com/android/tools/r8/internal/lx$$Lambda+0x000001eca1272b00
instanceKlass com/android/tools/r8/ir/optimize/y
instanceKlass  @bci com/android/tools/r8/internal/kx a (Lcom/android/tools/r8/internal/zx0;)Lcom/android/tools/r8/internal/zx0; 83 <appendix> argL0 ; # com/android/tools/r8/internal/kx$$Lambda+0x000001eca1272688
instanceKlass  @bci com/android/tools/r8/internal/lx a (Lcom/android/tools/r8/internal/sB;Lcom/android/tools/r8/internal/a6;Lcom/android/tools/r8/internal/d00;Lcom/android/tools/r8/internal/zx0;Lcom/android/tools/r8/internal/kx;)Lcom/android/tools/r8/internal/zx0; 34 <appendix> argL0 ; # com/android/tools/r8/internal/lx$$Lambda+0x000001eca1272438
instanceKlass  @bci com/android/tools/r8/internal/oU a (Ljava/util/Collection;Ljava/util/function/Predicate;)Ljava/util/List; 18 <appendix> member <vmtarget> ; # com/android/tools/r8/internal/oU$$Lambda+0x000001eca1272200
instanceKlass  @bci com/android/tools/r8/internal/kx a (Lcom/android/tools/r8/graph/g4;)V 5 <appendix> argL0 ; # com/android/tools/r8/internal/kx$$Lambda+0x000001eca1271fd0
instanceKlass com/android/tools/r8/internal/a1
instanceKlass  @bci com/android/tools/r8/internal/qo0 c (Lcom/android/tools/r8/internal/sB;)Ljava/util/ArrayList; 12 <appendix> argL0 ; # com/android/tools/r8/internal/qo0$$Lambda+0x000001eca1271790
instanceKlass  @bci com/android/tools/r8/internal/kx <init> (Lcom/android/tools/r8/internal/QJ$o;Lcom/android/tools/r8/internal/f00;)V 117 <appendix> argL0 ; # com/android/tools/r8/internal/kx$$Lambda+0x000001eca126dd38
instanceKlass  @bci com/android/tools/r8/internal/Z5 a (Lcom/android/tools/r8/internal/zx0;Lcom/android/tools/r8/internal/q70;Lcom/android/tools/r8/internal/NE;Lcom/android/tools/r8/internal/NE;Ljava/util/Set;)Z 547 <appendix> member <vmtarget> ; # com/android/tools/r8/internal/Z5$$Lambda+0x000001eca126dae0
instanceKlass com/android/tools/r8/internal/kx
instanceKlass com/android/tools/r8/internal/lx
instanceKlass  @bci com/android/tools/r8/internal/L7 a (Lcom/android/tools/r8/internal/sB;Lcom/android/tools/r8/internal/Y5;Lcom/android/tools/r8/internal/RB;)Z 74 <appendix> argL0 ; # com/android/tools/r8/internal/L7$$Lambda+0x000001eca126eae8
instanceKlass com/android/tools/r8/ir/optimize/z
instanceKlass  @bci com/android/tools/r8/internal/Z5 a (Lcom/android/tools/r8/internal/zx0;Lcom/android/tools/r8/internal/q70;Lcom/android/tools/r8/internal/NE;Lcom/android/tools/r8/internal/NE;Ljava/util/Set;)Z 95 <appendix> member <vmtarget> ; # com/android/tools/r8/internal/Z5$$Lambda+0x000001eca126e680
instanceKlass  @bci java/util/function/Predicate or (Ljava/util/function/Predicate;)Ljava/util/function/Predicate; 7 <appendix> member <vmtarget> ; # java/util/function/Predicate$$Lambda+0x000001eca10cb780
instanceKlass  @cpi java/util/function/Predicate 78 form vmentry <vmtarget> ; # java/lang/invoke/LambdaForm$DMH+0x000001eca126c400
instanceKlass  @bci com/android/tools/r8/internal/Z5 a (Lcom/android/tools/r8/internal/NE;Lcom/android/tools/r8/internal/zx0;Lcom/android/tools/r8/internal/q70;Ljava/util/function/Predicate;)Lcom/android/tools/r8/internal/ME; 6 <appendix> member <vmtarget> ; # com/android/tools/r8/internal/Z5$$Lambda+0x000001eca126b9f8
instanceKlass com/android/tools/r8/internal/qr0
instanceKlass com/android/tools/r8/internal/Fx0
instanceKlass  @bci com/android/tools/r8/internal/Z5 a (Lcom/android/tools/r8/internal/zx0;Lcom/android/tools/r8/internal/q70;Lcom/android/tools/r8/internal/NE;Lcom/android/tools/r8/internal/NE;Ljava/util/Set;)Z 3 <appendix> member <vmtarget> ; # com/android/tools/r8/internal/Z5$$Lambda+0x000001eca126ad78
instanceKlass  @bci com/android/tools/r8/internal/L1 <clinit> ()V 8 <appendix> argL0 ; # com/android/tools/r8/internal/L1$$Lambda+0x000001eca126ab58
instanceKlass  @bci com/android/tools/r8/internal/zx0 O ()Z 28 <appendix> argL0 ; # com/android/tools/r8/internal/zx0$$Lambda+0x000001eca126a908
instanceKlass  @bci com/android/tools/r8/internal/L1 <clinit> ()V 0 <appendix> argL0 ; # com/android/tools/r8/internal/L1$$Lambda+0x000001eca126a6e8
# instanceKlass com/android/tools/r8/internal/EE$$Lambda+0x000001eca126a498
instanceKlass  @bci com/android/tools/r8/internal/EE a (Lcom/android/tools/r8/graph/y;Lcom/android/tools/r8/internal/sB;)Lcom/android/tools/r8/ir/optimize/E; 4 <appendix> argL0 ; # com/android/tools/r8/internal/EE$$Lambda+0x000001eca126a248
instanceKlass  @cpi com/android/tools/r8/internal/L1 35 form vmentry <vmtarget> ; # java/lang/invoke/LambdaForm$DMH+0x000001eca126c000
instanceKlass com/android/tools/r8/internal/vj
instanceKlass  @bci com/android/tools/r8/internal/L7 b (Lcom/android/tools/r8/internal/Y5;)Z 52 <appendix> argL0 ; # com/android/tools/r8/internal/L7$$Lambda+0x000001eca1269dd0
instanceKlass com/android/tools/r8/internal/Hx0
# instanceKlass com/android/tools/r8/internal/Ae$$Lambda+0x000001eca1269998
# instanceKlass com/android/tools/r8/internal/Ae$$Lambda+0x000001eca1269770
# instanceKlass com/android/tools/r8/internal/Ae$$Lambda+0x000001eca1269548
# instanceKlass com/android/tools/r8/internal/Ae$$Lambda+0x000001eca1269320
instanceKlass  @bci com/android/tools/r8/internal/Ae a (Lcom/android/tools/r8/internal/sB;Lcom/android/tools/r8/internal/at0;)Lcom/android/tools/r8/internal/De; 8 <appendix> member <vmtarget> ; # com/android/tools/r8/internal/Ae$$Lambda+0x000001eca12690f8
# instanceKlass com/android/tools/r8/internal/Ae$$Lambda+0x000001eca1268ed0
# instanceKlass com/android/tools/r8/internal/Ae$$Lambda+0x000001eca1268ca8
instanceKlass com/android/tools/r8/internal/ZB
instanceKlass com/android/tools/r8/ir/optimize/u
instanceKlass com/android/tools/r8/internal/Z5
instanceKlass com/android/tools/r8/internal/G7
instanceKlass com/android/tools/r8/internal/Lt
# instanceKlass com/android/tools/r8/internal/lo0$$Lambda+0x000001eca1268000
# instanceKlass com/android/tools/r8/internal/lo0$$Lambda+0x000001eca1264c00
instanceKlass  @bci com/android/tools/r8/internal/lo0 a (Ljava/util/List;Lcom/android/tools/r8/ir/optimize/a;Lcom/android/tools/r8/internal/V6;Ljava/util/Map$Entry;)V 42 <appendix> argL0 ; # com/android/tools/r8/internal/lo0$$Lambda+0x000001eca1265d50
# instanceKlass java/util/stream/SortedOps$RefSortingSink$$Lambda+0x000001eca10cb548
# instanceKlass java/util/stream/SortedOps$RefSortingSink$$Lambda+0x000001eca10cb310
# instanceKlass java/util/stream/SortedOps$RefSortingSink$$Lambda+0x000001eca10cb0d8
# instanceKlass java/util/stream/SortedOps$RefSortingSink$$Lambda+0x000001eca10caea0
# instanceKlass java/util/stream/SortedOps$RefSortingSink$$Lambda+0x000001eca10cac68
# instanceKlass java/util/stream/SortedOps$RefSortingSink$$Lambda+0x000001eca10caa30
instanceKlass  @bci java/util/stream/SortedOps$RefSortingSink end ()V 48 <appendix> member <vmtarget> ; # java/util/stream/SortedOps$RefSortingSink$$Lambda+0x000001eca10ca7f8
# instanceKlass java/util/stream/SortedOps$RefSortingSink$$Lambda+0x000001eca10ca5c0
instanceKlass java/util/AbstractMap$SimpleImmutableEntry
# instanceKlass com/android/tools/r8/internal/lo0$$Lambda+0x000001eca1265b18
instanceKlass java/util/stream/ForEachOps$ForEachOp
instanceKlass java/util/stream/ForEachOps
# instanceKlass com/android/tools/r8/internal/lo0$$Lambda+0x000001eca12658e0
# instanceKlass com/android/tools/r8/internal/lo0$$Lambda+0x000001eca12656a8
# instanceKlass com/android/tools/r8/internal/lo0$$Lambda+0x000001eca1265470
# instanceKlass com/android/tools/r8/internal/lo0$$Lambda+0x000001eca1265238
# instanceKlass com/android/tools/r8/internal/lo0$$Lambda+0x000001eca1265000
instanceKlass  @bci com/android/tools/r8/internal/lo0 a ()Z 66 <appendix> member <vmtarget> ; # com/android/tools/r8/internal/lo0$$Lambda+0x000001eca1267d58
# instanceKlass com/android/tools/r8/internal/lo0$$Lambda+0x000001eca1267b20
instanceKlass  @bci com/android/tools/r8/internal/G1 a (I)Lcom/android/tools/r8/internal/sR; 8 <appendix> argL0 ; # com/android/tools/r8/internal/G1$$Lambda+0x000001eca12678e0
instanceKlass java/util/stream/SortedOps
# instanceKlass java/util/Comparator$$Lambda+0x000001eca10c91a8
# instanceKlass java/util/Comparator$$Lambda+0x000001eca10c8f08
# instanceKlass java/util/Comparator$$Lambda+0x000001eca10c8c68
# instanceKlass java/util/Comparator$$Lambda+0x000001eca10c89c8
instanceKlass  @bci java/util/Comparator comparingInt (Ljava/util/function/ToIntFunction;)Ljava/util/Comparator; 6 <appendix> member <vmtarget> ; # java/util/Comparator$$Lambda+0x000001eca10c8728
# instanceKlass com/android/tools/r8/internal/lo0$$Lambda+0x000001eca1266ac0
# instanceKlass com/android/tools/r8/internal/lo0$$Lambda+0x000001eca12668a0
# instanceKlass com/android/tools/r8/internal/lo0$$Lambda+0x000001eca1266680
# instanceKlass com/android/tools/r8/internal/lo0$$Lambda+0x000001eca1266460
instanceKlass  @bci com/android/tools/r8/internal/lo0 a ()Z 49 <appendix> argL0 ; # com/android/tools/r8/internal/lo0$$Lambda+0x000001eca1266240
# instanceKlass com/android/tools/r8/internal/G1$$Lambda+0x000001eca1266000
instanceKlass  @bci com/android/tools/r8/internal/G1 a (J)Lcom/android/tools/r8/internal/Cn0; 8 <appendix> argL0 ; # com/android/tools/r8/internal/G1$$Lambda+0x000001eca1263be8
instanceKlass  @bci com/android/tools/r8/internal/G1 a (Lcom/android/tools/r8/graph/L2;)Lcom/android/tools/r8/internal/In0; 5 <appendix> argL0 ; # com/android/tools/r8/internal/G1$$Lambda+0x000001eca12639a8
# instanceKlass com/android/tools/r8/internal/lo0$$Lambda+0x000001eca1263750
# instanceKlass com/android/tools/r8/internal/lo0$$Lambda+0x000001eca12634f8
# instanceKlass com/android/tools/r8/internal/lo0$$Lambda+0x000001eca12632a0
instanceKlass  @bci com/android/tools/r8/internal/lo0 a ()Z 39 <appendix> member <vmtarget> ; # com/android/tools/r8/internal/lo0$$Lambda+0x000001eca1263048
instanceKlass  @cpi com/android/tools/r8/internal/G1 152 form vmentry <vmtarget> ; # java/lang/invoke/LambdaForm$DMH+0x000001eca1264800
instanceKlass java/util/IdentityHashMap$IdentityHashMapSpliterator
instanceKlass com/android/tools/r8/graph/P2
instanceKlass java/util/BitSet
instanceKlass com/android/tools/r8/internal/Px0
instanceKlass com/android/tools/r8/internal/ht
instanceKlass  @bci com/android/tools/r8/internal/kt <clinit> ()V 0 <appendix> argL0 ; # com/android/tools/r8/internal/kt$$Lambda+0x000001eca12627e8
instanceKlass  @cpi com/android/tools/r8/internal/kt 22 form vmentry <vmtarget> ; # java/lang/invoke/LambdaForm$DMH+0x000001eca1264000
instanceKlass com/android/tools/r8/internal/lo0
instanceKlass com/android/tools/r8/internal/L1
instanceKlass com/android/tools/r8/internal/kt
instanceKlass com/android/tools/r8/internal/Qx0
# instanceKlass com/android/tools/r8/internal/iv0$$Lambda+0x000001eca1260fb8
# instanceKlass com/android/tools/r8/internal/iv0$$Lambda+0x000001eca1260d80
# instanceKlass com/android/tools/r8/internal/iv0$$Lambda+0x000001eca1260b48
# instanceKlass com/android/tools/r8/internal/iv0$$Lambda+0x000001eca1260910
# instanceKlass com/android/tools/r8/internal/iv0$$Lambda+0x000001eca12606d8
instanceKlass  @bci com/android/tools/r8/internal/iv0 a (Ljava/lang/Iterable;I)V 35 <appendix> member <vmtarget> ; # com/android/tools/r8/internal/iv0$$Lambda+0x000001eca12604a0
instanceKlass  @bci com/android/tools/r8/internal/sB r ()Ljava/lang/Iterable; 1 <appendix> member <vmtarget> ; # com/android/tools/r8/internal/sB$$Lambda+0x000001eca1260258
# instanceKlass com/android/tools/r8/graph/u0$$Lambda+0x000001eca1260000
# instanceKlass com/android/tools/r8/graph/u0$$Lambda+0x000001eca1248c00
# instanceKlass com/android/tools/r8/graph/u0$$Lambda+0x000001eca125fc68
# instanceKlass com/android/tools/r8/graph/u0$$Lambda+0x000001eca125fa10
# instanceKlass com/android/tools/r8/graph/u0$$Lambda+0x000001eca125f7b8
# instanceKlass com/android/tools/r8/graph/u0$$Lambda+0x000001eca125f560
instanceKlass  @bci com/android/tools/r8/graph/u0 a (Lcom/android/tools/r8/graph/M2;)Lcom/android/tools/r8/graph/r0; 2 <appendix> member <vmtarget> ; # com/android/tools/r8/graph/u0$$Lambda+0x000001eca125f308
# instanceKlass com/android/tools/r8/graph/u0$$Lambda+0x000001eca125f0b0
instanceKlass com/android/tools/r8/ir/optimize/b
# instanceKlass com/android/tools/r8/internal/xB$$Lambda+0x000001eca125e940
# instanceKlass com/android/tools/r8/internal/xB$$Lambda+0x000001eca125e708
# instanceKlass com/android/tools/r8/internal/xB$$Lambda+0x000001eca125e4d0
# instanceKlass com/android/tools/r8/internal/xB$$Lambda+0x000001eca125e298
# instanceKlass com/android/tools/r8/internal/xB$$Lambda+0x000001eca125e060
# instanceKlass com/android/tools/r8/internal/xB$$Lambda+0x000001eca125de28
# instanceKlass com/android/tools/r8/internal/xB$$Lambda+0x000001eca125dbf0
instanceKlass  @bci com/android/tools/r8/internal/xB a (Lcom/android/tools/r8/internal/sB;Lcom/android/tools/r8/internal/Z40;Lcom/android/tools/r8/internal/sX$a;Lcom/android/tools/r8/internal/RX;Lcom/android/tools/r8/internal/Lf;Lcom/android/tools/r8/internal/at0;)Lcom/android/tools/r8/internal/at0; 1944 <appendix> member <vmtarget> ; # com/android/tools/r8/internal/xB$$Lambda+0x000001eca125d9b8
instanceKlass com/android/tools/r8/internal/pz
# instanceKlass com/android/tools/r8/internal/xB$$Lambda+0x000001eca125d570
# instanceKlass com/android/tools/r8/internal/xB$$Lambda+0x000001eca125d338
# instanceKlass com/android/tools/r8/internal/xB$$Lambda+0x000001eca125d100
# instanceKlass com/android/tools/r8/internal/xB$$Lambda+0x000001eca125cec8
# instanceKlass com/android/tools/r8/internal/xB$$Lambda+0x000001eca125cc90
# instanceKlass com/android/tools/r8/internal/xB$$Lambda+0x000001eca125ca58
# instanceKlass com/android/tools/r8/internal/xB$$Lambda+0x000001eca125c820
instanceKlass  @bci com/android/tools/r8/internal/xB a (Lcom/android/tools/r8/internal/sB;Lcom/android/tools/r8/internal/Z40;Lcom/android/tools/r8/internal/sX$a;Lcom/android/tools/r8/internal/RX;Lcom/android/tools/r8/internal/Lf;Lcom/android/tools/r8/internal/at0;)Lcom/android/tools/r8/internal/at0; 1884 <appendix> member <vmtarget> ; # com/android/tools/r8/internal/xB$$Lambda+0x000001eca125c5e8
instanceKlass com/android/tools/r8/internal/bz
instanceKlass com/android/tools/r8/internal/uB
instanceKlass com/android/tools/r8/internal/tB
# instanceKlass com/android/tools/r8/internal/sB$$Lambda+0x000001eca125b900
# instanceKlass com/android/tools/r8/internal/sB$$Lambda+0x000001eca125b6b8
# instanceKlass com/android/tools/r8/internal/sB$$Lambda+0x000001eca125b470
# instanceKlass com/android/tools/r8/internal/sB$$Lambda+0x000001eca125b228
# instanceKlass com/android/tools/r8/internal/sB$$Lambda+0x000001eca125afe0
# instanceKlass com/android/tools/r8/internal/sB$$Lambda+0x000001eca125ad98
instanceKlass  @bci com/android/tools/r8/internal/sB b (Ljava/util/function/Predicate;)Ljava/lang/Iterable; 2 <appendix> member <vmtarget> ; # com/android/tools/r8/internal/sB$$Lambda+0x000001eca125ab50
# instanceKlass com/android/tools/r8/internal/ju0$$Lambda+0x000001eca1259f30
# instanceKlass com/android/tools/r8/internal/ju0$$Lambda+0x000001eca1259ce0
# instanceKlass com/android/tools/r8/internal/ju0$$Lambda+0x000001eca1259a90
# instanceKlass com/android/tools/r8/internal/ju0$$Lambda+0x000001eca1259840
# instanceKlass com/android/tools/r8/internal/ju0$$Lambda+0x000001eca12595f0
instanceKlass  @bci com/android/tools/r8/internal/ju0 a (Lcom/android/tools/r8/graph/y;Lcom/android/tools/r8/internal/sB;)V 8 <appendix> argL0 ; # com/android/tools/r8/internal/ju0$$Lambda+0x000001eca12593a0
# instanceKlass com/android/tools/r8/internal/ju0$$Lambda+0x000001eca1257d70
instanceKlass com/android/tools/r8/internal/ju0
instanceKlass  @bci com/android/tools/r8/internal/De <clinit> ()V 22 <appendix> argL0 ; # com/android/tools/r8/internal/De$$Lambda+0x000001eca1256f78
instanceKlass com/android/tools/r8/internal/Ce
# instanceKlass com/android/tools/r8/internal/Ae$$Lambda+0x000001eca1256400
# instanceKlass com/android/tools/r8/internal/Ae$$Lambda+0x000001eca12561d8
# instanceKlass com/android/tools/r8/internal/Ae$$Lambda+0x000001eca1255fb0
instanceKlass  @bci com/android/tools/r8/internal/Ae a (Lcom/android/tools/r8/internal/sB;Lcom/android/tools/r8/internal/RX;Lcom/android/tools/r8/internal/Lf;Lcom/android/tools/r8/internal/at0;)Lcom/android/tools/r8/internal/De; 11 <appendix> member <vmtarget> ; # com/android/tools/r8/internal/Ae$$Lambda+0x000001eca1255d88
instanceKlass com/android/tools/r8/internal/Wd0
instanceKlass com/android/tools/r8/internal/d60
# instanceKlass com/android/tools/r8/internal/iv0$$Lambda+0x000001eca12546b0
# instanceKlass com/android/tools/r8/internal/iv0$$Lambda+0x000001eca1254460
# instanceKlass com/android/tools/r8/internal/iv0$$Lambda+0x000001eca1254210
instanceKlass  @bci com/android/tools/r8/internal/iv0 a (Lcom/android/tools/r8/internal/zx0;Lcom/android/tools/r8/internal/mv0;)V 28 <appendix> argL0 ; # com/android/tools/r8/internal/iv0$$Lambda+0x000001eca1253fc0
# instanceKlass com/android/tools/r8/internal/iv0$$Lambda+0x000001eca1253b48
# instanceKlass com/android/tools/r8/internal/iv0$$Lambda+0x000001eca1253910
# instanceKlass com/android/tools/r8/internal/iv0$$Lambda+0x000001eca12536d8
# instanceKlass com/android/tools/r8/internal/iv0$$Lambda+0x000001eca12534a0
# instanceKlass com/android/tools/r8/internal/iv0$$Lambda+0x000001eca1253268
instanceKlass  @bci com/android/tools/r8/internal/iv0 b ()V 77 <appendix> member <vmtarget> ; # com/android/tools/r8/internal/iv0$$Lambda+0x000001eca1253030
instanceKlass com/android/tools/r8/internal/qB
instanceKlass com/android/tools/r8/ir/optimize/r
instanceKlass com/android/tools/r8/internal/lv0
instanceKlass com/android/tools/r8/internal/c1
instanceKlass com/android/tools/r8/internal/bz0
instanceKlass com/android/tools/r8/internal/iv0
instanceKlass com/android/tools/r8/internal/b6
instanceKlass com/android/tools/r8/internal/ck
instanceKlass com/android/tools/r8/ir/optimize/a
instanceKlass com/android/tools/r8/internal/t40
instanceKlass com/android/tools/r8/internal/sB
instanceKlass com/android/tools/r8/internal/wB
instanceKlass com/android/tools/r8/internal/ni
instanceKlass com/android/tools/r8/internal/D40
instanceKlass com/android/tools/r8/internal/QE
instanceKlass java/util/Collections$1
instanceKlass com/android/tools/r8/internal/a6
instanceKlass  @bci com/android/tools/r8/internal/kb a (Lcom/android/tools/r8/internal/H9;)V 49 <appendix> member <vmtarget> ; # com/android/tools/r8/internal/kb$$Lambda+0x000001eca1247cc0
instanceKlass  @cpi com/android/tools/r8/internal/kb 846 form vmentry <vmtarget> ; # java/lang/invoke/LambdaForm$DMH+0x000001eca1248800
instanceKlass com/android/tools/r8/internal/Df0
instanceKlass java/util/LinkedList$ListItr
# instanceKlass com/android/tools/r8/internal/kb$$Lambda+0x000001eca1246c80
instanceKlass com/android/tools/r8/graph/m3
instanceKlass  @bci com/android/tools/r8/internal/Z3 a (Lcom/android/tools/r8/internal/mv0;Lcom/android/tools/r8/internal/e20;)Lcom/android/tools/r8/internal/Z3; 3 <appendix> member <vmtarget> ; # com/android/tools/r8/internal/Z3$$Lambda+0x000001eca1246050
instanceKlass  @bci com/android/tools/r8/internal/kb a (Lcom/android/tools/r8/internal/nB;IZ)V 930 <appendix> member <vmtarget> ; # com/android/tools/r8/internal/kb$$Lambda+0x000001eca1245208
instanceKlass  @cpi com/android/tools/r8/internal/kb 806 form vmentry <vmtarget> ; # java/lang/invoke/LambdaForm$DMH+0x000001eca1248000
instanceKlass com/android/tools/r8/internal/wn0
instanceKlass com/android/tools/r8/internal/kq
instanceKlass com/android/tools/r8/internal/Qp
instanceKlass com/android/tools/r8/internal/Hy0
instanceKlass  @bci com/android/tools/r8/internal/le c (Lcom/android/tools/r8/internal/e20;)Lcom/android/tools/r8/internal/le; 19 <appendix> member <vmtarget> ; # com/android/tools/r8/internal/le$$Lambda+0x000001eca1239ba8
instanceKlass com/android/tools/r8/internal/J40
instanceKlass com/android/tools/r8/graph/proto/b
instanceKlass com/android/tools/r8/internal/og
instanceKlass com/android/tools/r8/internal/Nx0
instanceKlass com/android/tools/r8/internal/mB
instanceKlass com/android/tools/r8/internal/xx0
instanceKlass com/android/tools/r8/internal/Mn
instanceKlass com/android/tools/r8/internal/Dd0
instanceKlass com/android/tools/r8/internal/JI
instanceKlass com/android/tools/r8/internal/Up
instanceKlass com/android/tools/r8/ir/optimize/E
# instanceKlass com/android/tools/r8/internal/le$$Lambda+0x000001eca1230248
# instanceKlass com/android/tools/r8/internal/le$$Lambda+0x000001eca1230000
instanceKlass  @bci com/android/tools/r8/internal/le a (Lcom/android/tools/r8/graph/M2;Lcom/android/tools/r8/internal/e20;)Lcom/android/tools/r8/internal/le; 3 <appendix> member <vmtarget> ; # com/android/tools/r8/internal/le$$Lambda+0x000001eca122f9f8
# instanceKlass com/android/tools/r8/internal/le$$Lambda+0x000001eca122f7b0
instanceKlass com/android/tools/r8/internal/F40
instanceKlass com/android/tools/r8/internal/f20
# instanceKlass com/android/tools/r8/internal/q70$b$$Lambda+0x000001eca122f120
# instanceKlass com/android/tools/r8/internal/q70$b$$Lambda+0x000001eca122eee0
instanceKlass  @bci com/android/tools/r8/internal/q70$b c (Lcom/android/tools/r8/internal/Jr0;)V 20 <appendix> argL0 ; # com/android/tools/r8/internal/q70$b$$Lambda+0x000001eca122eca0
# instanceKlass com/android/tools/r8/internal/q70$b$$Lambda+0x000001eca122ea80
# instanceKlass com/android/tools/r8/internal/q70$b$$Lambda+0x000001eca122e860
# instanceKlass com/android/tools/r8/internal/kb$$Lambda+0x000001eca122e628
instanceKlass  @bci com/android/tools/r8/internal/q70$b c (Lcom/android/tools/r8/internal/Jr0;)V 1 <appendix> argL0 ; # com/android/tools/r8/internal/q70$b$$Lambda+0x000001eca122e408
instanceKlass  @bci com/android/tools/r8/internal/q70$b m ()Lcom/android/tools/r8/internal/Hr0; 0 <appendix> argL0 ; # com/android/tools/r8/internal/q70$b$$Lambda+0x000001eca122e1e8
# instanceKlass com/android/tools/r8/graph/u1$$Lambda+0x000001eca122dc40
# instanceKlass com/android/tools/r8/graph/u1$$Lambda+0x000001eca122d9f8
# instanceKlass com/android/tools/r8/graph/u1$$Lambda+0x000001eca122d7b0
instanceKlass  @bci com/android/tools/r8/graph/u1 a (Lcom/android/tools/r8/graph/M2;Lcom/android/tools/r8/internal/e20;Lcom/android/tools/r8/graph/y;)Lcom/android/tools/r8/internal/Se0; 173 <appendix> member <vmtarget> ; # com/android/tools/r8/graph/u1$$Lambda+0x000001eca122d568
instanceKlass com/android/tools/r8/internal/eG
instanceKlass com/android/tools/r8/internal/LH
# instanceKlass com/android/tools/r8/internal/kb$$Lambda+0x000001eca122bbb0
# instanceKlass com/android/tools/r8/internal/kb$$Lambda+0x000001eca122b978
instanceKlass  @bci com/android/tools/r8/internal/kb b (Lcom/android/tools/r8/internal/nB;)V 168 <appendix> member <vmtarget> ; # com/android/tools/r8/internal/kb$$Lambda+0x000001eca122b740
instanceKlass com/android/tools/r8/internal/rb
instanceKlass com/android/tools/r8/internal/ib
instanceKlass com/android/tools/r8/internal/jb
instanceKlass com/android/tools/r8/internal/Me0
instanceKlass com/android/tools/r8/internal/TH
instanceKlass com/android/tools/r8/internal/PE
instanceKlass com/android/tools/r8/internal/O8
instanceKlass com/android/tools/r8/internal/Y5
instanceKlass com/android/tools/r8/internal/iB
instanceKlass com/android/tools/r8/internal/zB
instanceKlass com/android/tools/r8/internal/o20
instanceKlass com/android/tools/r8/internal/S
instanceKlass com/android/tools/r8/internal/OG
instanceKlass com/android/tools/r8/internal/nB
# instanceKlass com/android/tools/r8/internal/q70$$Lambda+0x000001eca121f230
# instanceKlass com/android/tools/r8/internal/q70$$Lambda+0x000001eca121efe0
# instanceKlass com/android/tools/r8/internal/q70$$Lambda+0x000001eca121ed90
# instanceKlass com/android/tools/r8/internal/q70$$Lambda+0x000001eca121eb40
# instanceKlass com/android/tools/r8/internal/q70$$Lambda+0x000001eca121e8f0
# instanceKlass com/android/tools/r8/internal/q70$$Lambda+0x000001eca121e6a0
# instanceKlass com/android/tools/r8/internal/q70$$Lambda+0x000001eca121e450
instanceKlass  @bci com/android/tools/r8/internal/q70 a (Lcom/android/tools/r8/internal/Jr0;)V 41 <appendix> argL0 ; # com/android/tools/r8/internal/q70$$Lambda+0x000001eca121e200
# instanceKlass com/android/tools/r8/internal/q70$$Lambda+0x000001eca121dfb0
# instanceKlass com/android/tools/r8/internal/q70$$Lambda+0x000001eca121dd60
# instanceKlass com/android/tools/r8/internal/q70$$Lambda+0x000001eca121db10
# instanceKlass com/android/tools/r8/internal/q70$$Lambda+0x000001eca121d8c0
# instanceKlass com/android/tools/r8/internal/q70$$Lambda+0x000001eca121d670
# instanceKlass com/android/tools/r8/internal/q70$$Lambda+0x000001eca121d420
# instanceKlass com/android/tools/r8/internal/q70$$Lambda+0x000001eca121d1d0
instanceKlass  @bci com/android/tools/r8/internal/q70 a (Lcom/android/tools/r8/internal/Jr0;)V 33 <appendix> argL0 ; # com/android/tools/r8/internal/q70$$Lambda+0x000001eca121cf80
# instanceKlass com/android/tools/r8/internal/q70$$Lambda+0x000001eca121cd40
# instanceKlass com/android/tools/r8/internal/q70$$Lambda+0x000001eca121cb00
# instanceKlass com/android/tools/r8/internal/q70$$Lambda+0x000001eca121c8c0
# instanceKlass com/android/tools/r8/internal/q70$$Lambda+0x000001eca121c680
# instanceKlass com/android/tools/r8/internal/q70$$Lambda+0x000001eca121bfc0
instanceKlass  @bci com/android/tools/r8/internal/q70 a (Lcom/android/tools/r8/internal/Jr0;)V 25 <appendix> argL0 ; # com/android/tools/r8/internal/q70$$Lambda+0x000001eca121c440
# instanceKlass com/android/tools/r8/internal/q70$$Lambda+0x000001eca121c200
# instanceKlass com/android/tools/r8/internal/q70$$Lambda+0x000001eca121bd80
# instanceKlass com/android/tools/r8/internal/Jr0$$Lambda+0x000001eca121bb60
# instanceKlass com/android/tools/r8/internal/Jr0$$Lambda+0x000001eca121b940
# instanceKlass com/android/tools/r8/internal/Jr0$$Lambda+0x000001eca121b720
# instanceKlass com/android/tools/r8/internal/Jr0$$Lambda+0x000001eca121b500
# instanceKlass com/android/tools/r8/internal/Jr0$$Lambda+0x000001eca121b2e0
# instanceKlass com/android/tools/r8/internal/Jr0$$Lambda+0x000001eca121b0c0
# instanceKlass com/android/tools/r8/internal/Jr0$$Lambda+0x000001eca121aea0
instanceKlass  @bci com/android/tools/r8/internal/Jr0 a (Ljava/util/function/Function;Ljava/util/function/Predicate;)Lcom/android/tools/r8/internal/Jr0; 7 <appendix> argL0 ; # com/android/tools/r8/internal/Jr0$$Lambda+0x000001eca121ac80
# instanceKlass com/android/tools/r8/internal/Jr0$$Lambda+0x000001eca121a400
# instanceKlass com/android/tools/r8/internal/Jr0$$Lambda+0x000001eca121aa60
# instanceKlass com/android/tools/r8/internal/Jr0$$Lambda+0x000001eca121a840
# instanceKlass com/android/tools/r8/internal/Jr0$$Lambda+0x000001eca121a620
# instanceKlass com/android/tools/r8/internal/Jr0$$Lambda+0x000001eca121a1e0
# instanceKlass com/android/tools/r8/internal/Jr0$$Lambda+0x000001eca1219fc0
# instanceKlass com/android/tools/r8/internal/Jr0$$Lambda+0x000001eca1219da0
instanceKlass  @bci com/android/tools/r8/internal/Jr0 a (Ljava/util/function/Function;Ljava/util/function/Predicate;)Lcom/android/tools/r8/internal/Jr0; 2 <appendix> argL0 ; # com/android/tools/r8/internal/Jr0$$Lambda+0x000001eca1219b80
# instanceKlass com/android/tools/r8/internal/Jr0$$Lambda+0x000001eca1219928
# instanceKlass com/android/tools/r8/internal/Jr0$$Lambda+0x000001eca12196d0
# instanceKlass com/android/tools/r8/internal/Jr0$$Lambda+0x000001eca1219478
# instanceKlass com/android/tools/r8/internal/Jr0$$Lambda+0x000001eca1219220
# instanceKlass com/android/tools/r8/internal/Jr0$$Lambda+0x000001eca1218fc8
# instanceKlass com/android/tools/r8/internal/Jr0$$Lambda+0x000001eca1218d70
# instanceKlass com/android/tools/r8/internal/Jr0$$Lambda+0x000001eca1218b18
instanceKlass  @bci com/android/tools/r8/internal/Jr0 j (Ljava/util/function/Function;)Lcom/android/tools/r8/internal/Jr0; 3 <appendix> member <vmtarget> ; # com/android/tools/r8/internal/Jr0$$Lambda+0x000001eca12188c0
# instanceKlass com/android/tools/r8/internal/q70$$Lambda+0x000001eca1218680
# instanceKlass com/android/tools/r8/internal/q70$$Lambda+0x000001eca1218460
# instanceKlass com/android/tools/r8/internal/q70$$Lambda+0x000001eca1218220
# instanceKlass com/android/tools/r8/internal/q70$$Lambda+0x000001eca1218000
# instanceKlass com/android/tools/r8/internal/q70$$Lambda+0x000001eca1217c40
# instanceKlass com/android/tools/r8/internal/q70$$Lambda+0x000001eca1217a00
# instanceKlass com/android/tools/r8/internal/q70$$Lambda+0x000001eca12177c0
instanceKlass  @bci com/android/tools/r8/internal/q70 a (Lcom/android/tools/r8/internal/Jr0;)V 17 <appendix> argL0 ; # com/android/tools/r8/internal/q70$$Lambda+0x000001eca1217580
# instanceKlass com/android/tools/r8/internal/q70$$Lambda+0x000001eca1217360
# instanceKlass com/android/tools/r8/internal/q70$$Lambda+0x000001eca1217140
# instanceKlass com/android/tools/r8/internal/q70$$Lambda+0x000001eca1216f20
# instanceKlass com/android/tools/r8/internal/q70$$Lambda+0x000001eca1216d00
# instanceKlass com/android/tools/r8/internal/q70$$Lambda+0x000001eca1216ae0
instanceKlass  @bci com/android/tools/r8/internal/q70 a (Lcom/android/tools/r8/internal/Jr0;)V 9 <appendix> argL0 ; # com/android/tools/r8/internal/q70$$Lambda+0x000001eca12168c0
# instanceKlass com/android/tools/r8/internal/q70$$Lambda+0x000001eca12166a0
# instanceKlass com/android/tools/r8/internal/q70$$Lambda+0x000001eca1216480
# instanceKlass com/android/tools/r8/internal/q70$$Lambda+0x000001eca1216260
# instanceKlass com/android/tools/r8/internal/q70$$Lambda+0x000001eca1216040
# instanceKlass com/android/tools/r8/internal/q70$$Lambda+0x000001eca1215e20
# instanceKlass com/android/tools/r8/internal/q70$$Lambda+0x000001eca1215c00
# instanceKlass com/android/tools/r8/internal/q70$$Lambda+0x000001eca12159e0
instanceKlass  @bci com/android/tools/r8/internal/q70 a (Lcom/android/tools/r8/internal/Jr0;)V 1 <appendix> argL0 ; # com/android/tools/r8/internal/q70$$Lambda+0x000001eca12157c0
# instanceKlass com/android/tools/r8/internal/q70$c$$Lambda+0x000001eca12155a0
# instanceKlass com/android/tools/r8/internal/q70$c$$Lambda+0x000001eca1215380
# instanceKlass com/android/tools/r8/internal/q70$c$$Lambda+0x000001eca1215160
# instanceKlass com/android/tools/r8/internal/q70$c$$Lambda+0x000001eca1214f40
# instanceKlass com/android/tools/r8/internal/q70$c$$Lambda+0x000001eca1214d20
# instanceKlass com/android/tools/r8/internal/q70$c$$Lambda+0x000001eca1214b00
instanceKlass  @bci com/android/tools/r8/internal/q70$c m ()Lcom/android/tools/r8/internal/Hr0; 0 <appendix> argL0 ; # com/android/tools/r8/internal/q70$c$$Lambda+0x000001eca12148e0
# instanceKlass com/android/tools/r8/internal/q70$c$$Lambda+0x000001eca12146c0
instanceKlass com/android/tools/r8/internal/K8
instanceKlass com/android/tools/r8/internal/xb
instanceKlass  @bci com/android/tools/r8/internal/R9 a (Ljava/util/function/BiFunction;Lcom/android/tools/r8/internal/X9;Lcom/android/tools/r8/internal/I9;)Lcom/android/tools/r8/internal/Wt0; 16 <appendix> member <vmtarget> ; # com/android/tools/r8/internal/R9$$Lambda+0x000001eca1213960
instanceKlass  @bci com/android/tools/r8/internal/P9 a (Ljava/util/function/BiFunction;Lcom/android/tools/r8/internal/X9;Lcom/android/tools/r8/internal/I9;)Lcom/android/tools/r8/internal/Wt0; 16 <appendix> member <vmtarget> ; # com/android/tools/r8/internal/P9$$Lambda+0x000001eca1213340
instanceKlass  @bci com/android/tools/r8/internal/K9 a ()I 1283 <appendix> member <vmtarget> ; # com/android/tools/r8/internal/K9$$Lambda+0x000001eca1213108
instanceKlass  @bci com/android/tools/r8/internal/I9 a (Lcom/android/tools/r8/graph/y;Lcom/android/tools/r8/internal/P8;Lcom/android/tools/r8/internal/Mx0;)Lcom/android/tools/r8/internal/I9; 4 <appendix> argL0 ; # com/android/tools/r8/internal/I9$$Lambda+0x000001eca12121c0
instanceKlass com/android/tools/r8/internal/JH
instanceKlass com/android/tools/r8/internal/kb
instanceKlass com/android/tools/r8/internal/vF
# instanceKlass com/android/tools/r8/internal/sg$$Lambda+0x000001eca1211808
instanceKlass  @bci com/android/tools/r8/internal/I9 b (Lcom/android/tools/r8/graph/y;Lcom/android/tools/r8/graph/M2;Lcom/android/tools/r8/internal/P8;Ljava/util/function/BiFunction;)Lcom/android/tools/r8/internal/I9; 15 <appendix> member <vmtarget> ; # com/android/tools/r8/internal/I9$$Lambda+0x000001eca1210d50
instanceKlass  @bci com/android/tools/r8/internal/V9 a (Lcom/android/tools/r8/internal/I9;Lcom/android/tools/r8/graph/y;Lcom/android/tools/r8/internal/P8;)Lcom/android/tools/r8/internal/I9; 24 <appendix> member <vmtarget> ; # com/android/tools/r8/internal/V9$$Lambda+0x000001eca1210b18
instanceKlass  @bci com/android/tools/r8/internal/sg a (Lcom/android/tools/r8/graph/y;Lcom/android/tools/r8/graph/M2;Lcom/android/tools/r8/internal/P8;Ljava/util/function/BiFunction;)Lcom/android/tools/r8/internal/I9; 11 <appendix> member <vmtarget> ; # com/android/tools/r8/internal/sg$$Lambda+0x000001eca12108e0
# instanceKlass com/android/tools/r8/internal/sg$$Lambda+0x000001eca12106a8
# instanceKlass com/android/tools/r8/internal/sg$$Lambda+0x000001eca1210470
instanceKlass  @bci com/android/tools/r8/internal/I9 c (Ljava/util/function/BiFunction;)Lcom/android/tools/r8/internal/I9; 2 <appendix> member <vmtarget> ; # com/android/tools/r8/internal/I9$$Lambda+0x000001eca1210238
# instanceKlass com/android/tools/r8/internal/sg$$Lambda+0x000001eca1210000
# instanceKlass com/android/tools/r8/internal/sg$$Lambda+0x000001eca1209ae0
# instanceKlass com/android/tools/r8/internal/sg$$Lambda+0x000001eca1209d18
instanceKlass  @bci com/android/tools/r8/internal/sg a (Lcom/android/tools/r8/graph/B2;Lcom/android/tools/r8/internal/P8;)Lcom/android/tools/r8/internal/I9; 4 <appendix> member <vmtarget> ; # com/android/tools/r8/internal/sg$$Lambda+0x000001eca12098a8
instanceKlass com/android/tools/r8/internal/Lx0
instanceKlass  @bci com/android/tools/r8/internal/nb a (Lcom/android/tools/r8/internal/I9;Lcom/android/tools/r8/graph/y;Lcom/android/tools/r8/internal/P8;)Lcom/android/tools/r8/internal/I9; 165 <appendix> member <vmtarget> ; # com/android/tools/r8/internal/nb$$Lambda+0x000001eca1209468
instanceKlass  @bci com/android/tools/r8/internal/I9 a (Lcom/android/tools/r8/graph/y;Lcom/android/tools/r8/internal/P8;Lcom/android/tools/r8/graph/M2;)Lcom/android/tools/r8/internal/I9; 2 <appendix> argL0 ; # com/android/tools/r8/internal/I9$$Lambda+0x000001eca1209238
# instanceKlass com/android/tools/r8/internal/ra$$Lambda+0x000001eca1209000
# instanceKlass com/android/tools/r8/internal/ra$$Lambda+0x000001eca120bd30
# instanceKlass com/android/tools/r8/internal/ra$$Lambda+0x000001eca120baf8
# instanceKlass com/android/tools/r8/internal/ra$$Lambda+0x000001eca120b8c0
instanceKlass  @bci com/android/tools/r8/internal/ra a (Lcom/android/tools/r8/internal/I9;Lcom/android/tools/r8/graph/y;Lcom/android/tools/r8/internal/P8;)Lcom/android/tools/r8/internal/I9; 14 <appendix> member <vmtarget> ; # com/android/tools/r8/internal/ra$$Lambda+0x000001eca120b688
instanceKlass com/android/tools/r8/internal/Xy
instanceKlass com/android/tools/r8/internal/mb
instanceKlass com/android/tools/r8/internal/b9
instanceKlass com/android/tools/r8/internal/e9
instanceKlass com/android/tools/r8/internal/L9
instanceKlass com/android/tools/r8/internal/Q9
instanceKlass com/android/tools/r8/internal/K9
instanceKlass com/android/tools/r8/internal/O9
instanceKlass com/android/tools/r8/graph/F
instanceKlass com/android/tools/r8/internal/qa
# instanceKlass com/android/tools/r8/internal/i80$$Lambda+0x000001eca120e128
# instanceKlass com/android/tools/r8/internal/i80$$Lambda+0x000001eca120df00
# instanceKlass com/android/tools/r8/internal/i80$$Lambda+0x000001eca120dcd8
# instanceKlass com/android/tools/r8/internal/i80$$Lambda+0x000001eca120dab0
# instanceKlass com/android/tools/r8/internal/i80$$Lambda+0x000001eca120d888
# instanceKlass com/android/tools/r8/internal/i80$$Lambda+0x000001eca120d660
# instanceKlass com/android/tools/r8/internal/i80$$Lambda+0x000001eca120d438
instanceKlass  @bci com/android/tools/r8/internal/o5 a (Lcom/android/tools/r8/graph/u1;Lcom/android/tools/r8/graph/y;Lcom/android/tools/r8/graph/K5;Lcom/android/tools/r8/internal/n5;Lcom/android/tools/r8/internal/Lf;Ljava/util/LinkedHashMap;Lcom/android/tools/r8/synthesis/M;)V 54 <appendix> form vmentry <vmtarget> ; # java/lang/invoke/LambdaForm$DMH+0x000001eca1208c00
instanceKlass  @bci com/android/tools/r8/internal/i80 a (Lcom/android/tools/r8/graph/K5;Lcom/android/tools/r8/internal/ga;Lcom/android/tools/r8/internal/Z40;Lcom/android/tools/r8/internal/Pi;Lcom/android/tools/r8/internal/Lf;Lcom/android/tools/r8/internal/at0;)V 35 <appendix> member <vmtarget> ; # com/android/tools/r8/internal/i80$$Lambda+0x000001eca120d210
instanceKlass com/android/tools/r8/references/ClassReference
instanceKlass com/android/tools/r8/references/PrimitiveReference
instanceKlass com/android/tools/r8/references/Reference
instanceKlass com/android/tools/r8/position/MethodPosition
instanceKlass  @bci com/android/tools/r8/internal/oU a (Lcom/android/tools/r8/internal/my;)Ljava/util/ArrayList; 10 <appendix> member <vmtarget> ; # com/android/tools/r8/internal/oU$$Lambda+0x000001eca1206f60
instanceKlass  @cpi com/android/tools/r8/internal/bz0 55 form vmentry <vmtarget> ; # java/lang/invoke/LambdaForm$DMH+0x000001eca1208800
instanceKlass  @bci com/android/tools/r8/internal/i80 a (Lcom/android/tools/r8/graph/H2;Lcom/android/tools/r8/internal/ga;Lcom/android/tools/r8/internal/Pi;Lcom/android/tools/r8/internal/mJ;Lcom/android/tools/r8/internal/at0;)V 12 <appendix> member <vmtarget> ; # com/android/tools/r8/internal/i80$$Lambda+0x000001eca1206d28
# instanceKlass com/android/tools/r8/internal/i80$$Lambda+0x000001eca1206af0
instanceKlass  @bci com/android/tools/r8/internal/Pc a (Lcom/android/tools/r8/internal/Qc;Ljava/util/concurrent/ExecutorService;Lcom/android/tools/r8/internal/at0;)V 561 <appendix> member <vmtarget> ; # com/android/tools/r8/internal/Pc$$Lambda+0x000001eca12068c8
instanceKlass com/android/tools/r8/internal/bt0
instanceKlass  @bci com/android/tools/r8/internal/Pc a (Ljava/util/Collection;)V 11 <appendix> member <vmtarget> ; # com/android/tools/r8/internal/Pc$$Lambda+0x000001eca1206458
instanceKlass com/android/tools/r8/internal/Um
instanceKlass  @bci com/android/tools/r8/internal/PR a (I)Lcom/android/tools/r8/graph/l1; 32 <appendix> form vmentry <vmtarget> ; # java/lang/invoke/LambdaForm$MH+0x000001eca1208400
instanceKlass  @bci com/android/tools/r8/internal/PR a (I)Lcom/android/tools/r8/graph/l1; 32 <appendix> argL3 form vmentry <vmtarget> ; # java/lang/invoke/LambdaForm$MH+0x000001eca1208000
# instanceKlass java/lang/invoke/LambdaForm$MH+0x000001eca1203c00
# instanceKlass java/lang/invoke/LambdaForm$MH+0x000001eca1203800
instanceKlass  @bci com/android/tools/r8/internal/PR a (I)Lcom/android/tools/r8/graph/l1; 32 <appendix> argL1 form vmentry <vmtarget> ; # java/lang/invoke/LambdaForm$MH+0x000001eca1203400
# instanceKlass java/lang/invoke/LambdaForm$MH+0x000001eca1203000
instanceKlass java/util/IdentityHashMap$EntryIterator$Entry
instanceKlass  @bci com/android/tools/r8/internal/Pc b (Ljava/util/Collection;)Ljava/util/ArrayDeque; 190 <appendix> member <vmtarget> ; # com/android/tools/r8/internal/Pc$$Lambda+0x000001eca1206020
instanceKlass  @cpi com/android/tools/r8/internal/Pc 164 form vmentry <vmtarget> ; # java/lang/invoke/LambdaForm$DMH+0x000001eca1202c00
instanceKlass com/android/tools/r8/internal/Qs0
instanceKlass  @bci com/android/tools/r8/internal/Pc b (Ljava/util/Collection;)Ljava/util/ArrayDeque; 140 <appendix> argL0 ; # com/android/tools/r8/internal/Pc$$Lambda+0x000001eca1205be0
instanceKlass  @bci com/android/tools/r8/internal/Pc b (Ljava/util/Collection;)Ljava/util/ArrayDeque; 46 <appendix> argL0 ; # com/android/tools/r8/internal/Pc$$Lambda+0x000001eca12059a0
instanceKlass java/util/TimSort
instanceKlass java/util/Arrays$LegacyMergeSort
instanceKlass  @bci java/util/Comparator comparing (Ljava/util/function/Function;)Ljava/util/Comparator; 6 <appendix> member <vmtarget> ; # java/util/Comparator$$Lambda+0x000001eca10c6cf0
instanceKlass  @bci java/lang/invoke/BootstrapMethodInvoker invoke (Ljava/lang/Class;Ljava/lang/invoke/MethodHandle;Ljava/lang/String;Ljava/lang/Object;Ljava/lang/Object;Ljava/lang/Class;)Ljava/lang/Object; 462 <adapter> ; # java/lang/invoke/LambdaForm$MH+0x000001eca1202800
instanceKlass  @bci com/android/tools/r8/internal/N80 a (Lcom/android/tools/r8/graph/M2;Ljava/util/Map;)V 48 <appendix> argL0 ; # com/android/tools/r8/internal/N80$$Lambda+0x000001eca1205760
instanceKlass  @bci com/android/tools/r8/internal/N80 a (Lcom/android/tools/r8/graph/M2;Ljava/util/Map;)V 38 <appendix> member <vmtarget> ; # com/android/tools/r8/internal/N80$$Lambda+0x000001eca1205528
instanceKlass  @bci com/android/tools/r8/internal/Fs0 a (Ljava/lang/Iterable;Lcom/android/tools/r8/internal/Xs0;Lcom/android/tools/r8/threading/ThreadingModule;Ljava/util/concurrent/ExecutorService;)Ljava/util/ArrayList; 6 <appendix> member <vmtarget> ; # com/android/tools/r8/internal/Fs0$$Lambda+0x000001eca12052f0
instanceKlass  @bci com/android/tools/r8/internal/Fs0 a (Ljava/lang/Iterable;Lcom/android/tools/r8/internal/Ss0;Lcom/android/tools/r8/threading/ThreadingModule;Ljava/util/concurrent/ExecutorService;)Ljava/util/ArrayList; 2 <appendix> member <vmtarget> ; # com/android/tools/r8/internal/Fs0$$Lambda+0x000001eca12050c8
instanceKlass  @bci com/android/tools/r8/internal/Fs0 a (Ljava/util/Map;Lcom/android/tools/r8/internal/Ps0;Lcom/android/tools/r8/threading/ThreadingModule;Ljava/util/concurrent/ExecutorService;)V 7 <appendix> member <vmtarget> ; # com/android/tools/r8/internal/Fs0$$Lambda+0x000001eca1204ea0
instanceKlass com/android/tools/r8/internal/Ss0
instanceKlass  @bci com/android/tools/r8/internal/Fs0 a (Ljava/util/Map;Lcom/android/tools/r8/internal/Os0;Lcom/android/tools/r8/threading/ThreadingModule;Ljava/util/concurrent/ExecutorService;)V 2 <appendix> member <vmtarget> ; # com/android/tools/r8/internal/Fs0$$Lambda+0x000001eca1204a78
instanceKlass com/android/tools/r8/internal/Ps0
instanceKlass  @bci com/android/tools/r8/internal/N80 a (Lcom/android/tools/r8/threading/ThreadingModule;Ljava/util/concurrent/ExecutorService;)V 4 <appendix> argL0 ; # com/android/tools/r8/internal/N80$$Lambda+0x000001eca1204658
instanceKlass com/android/tools/r8/internal/Os0
instanceKlass com/android/tools/r8/internal/py
instanceKlass com/android/tools/r8/internal/N1
instanceKlass  @bci com/android/tools/r8/internal/N80 a (Ljava/util/function/Supplier;Lcom/android/tools/r8/graph/B2;)Lcom/android/tools/r8/graph/K5; 21 <appendix> member <vmtarget> ; # com/android/tools/r8/internal/N80$$Lambda+0x000001eca11ffa60
instanceKlass  @bci com/android/tools/r8/internal/N80 a (Ljava/util/function/Supplier;Lcom/android/tools/r8/graph/B2;)Lcom/android/tools/r8/graph/K5; 8 <appendix> argL0 ; # com/android/tools/r8/internal/N80$$Lambda+0x000001eca11ff820
instanceKlass  @bci com/android/tools/r8/internal/XZ a (Lcom/android/tools/r8/graph/B2;Lcom/android/tools/r8/graph/K5;Lcom/android/tools/r8/internal/ga;Lcom/android/tools/r8/internal/N80;)V 87 <appendix> member <vmtarget> ; # com/android/tools/r8/internal/XZ$$Lambda+0x000001eca11ff5f8
instanceKlass com/android/tools/r8/internal/WZ
instanceKlass  @bci com/android/tools/r8/synthesis/m a ()Lcom/android/tools/r8/graph/E0; 272 <appendix> member <vmtarget> ; # com/android/tools/r8/synthesis/m$$Lambda+0x000001eca11ff1c0
instanceKlass  @bci com/android/tools/r8/synthesis/Q a (Ljava/lang/String;Lcom/android/tools/r8/synthesis/Q$b;Ljava/lang/String;Ljava/lang/String;)Ljava/lang/String; 7 <appendix> form vmentry <vmtarget> ; # java/lang/invoke/LambdaForm$MH+0x000001eca1202400
# instanceKlass java/lang/invoke/LambdaForm$MH+0x000001eca1202000
instanceKlass  @bci com/android/tools/r8/synthesis/Q a (Ljava/lang/String;Lcom/android/tools/r8/synthesis/Q$b;Ljava/lang/String;Ljava/lang/String;)Ljava/lang/String; 7 <appendix> argL3 form vmentry <vmtarget> ; # java/lang/invoke/LambdaForm$MH+0x000001eca1201c00
# instanceKlass java/lang/invoke/LambdaForm$MH+0x000001eca1201800
# instanceKlass java/lang/invoke/LambdaForm$MH+0x000001eca1201400
# instanceKlass java/lang/invoke/LambdaForm$MH+0x000001eca1201000
# instanceKlass java/lang/invoke/LambdaForm$MH+0x000001eca1200c00
instanceKlass  @bci com/android/tools/r8/synthesis/Q a (Ljava/lang/String;Lcom/android/tools/r8/synthesis/Q$b;Ljava/lang/String;Ljava/lang/String;)Ljava/lang/String; 7 <appendix> argL1 form vmentry <vmtarget> ; # java/lang/invoke/LambdaForm$MH+0x000001eca1200800
# instanceKlass java/lang/invoke/LambdaForm$MH+0x000001eca1200400
# instanceKlass java/lang/invoke/LambdaForm$MH+0x000001eca1200000
# instanceKlass java/lang/invoke/LambdaForm$MH+0x000001eca11fdc00
instanceKlass  @bci com/android/tools/r8/synthesis/E a (Lcom/android/tools/r8/synthesis/I;Lcom/android/tools/r8/graph/H2;Lcom/android/tools/r8/graph/y;Ljava/util/function/Consumer;)Lcom/android/tools/r8/graph/H2; 35 <appendix> member <vmtarget> ; # com/android/tools/r8/synthesis/E$$Lambda+0x000001eca11fef78
instanceKlass com/android/tools/r8/synthesis/l
instanceKlass com/android/tools/r8/FeatureSplit
instanceKlass  @bci com/android/tools/r8/internal/XZ a (Lcom/android/tools/r8/graph/E0;Lcom/android/tools/r8/graph/M2;)Lcom/android/tools/r8/graph/E0; 34 <appendix> argL0 ; # com/android/tools/r8/internal/XZ$$Lambda+0x000001eca11fe6b0
instanceKlass  @bci com/android/tools/r8/internal/XZ a (Lcom/android/tools/r8/graph/E0;Lcom/android/tools/r8/graph/M2;)Lcom/android/tools/r8/graph/E0; 19 <appendix> argL0 ; # com/android/tools/r8/internal/XZ$$Lambda+0x000001eca11fe490
instanceKlass  @bci com/android/tools/r8/internal/XZ a (Lcom/android/tools/r8/graph/H0;)Lcom/android/tools/r8/graph/E0; 170 <appendix> member <vmtarget> ; # com/android/tools/r8/internal/XZ$$Lambda+0x000001eca11fe248
instanceKlass  @bci com/android/tools/r8/internal/XZ a (Lcom/android/tools/r8/graph/B2;Lcom/android/tools/r8/graph/K5;Lcom/android/tools/r8/internal/ga;Lcom/android/tools/r8/internal/N80;)V 2 <appendix> member <vmtarget> ; # com/android/tools/r8/internal/XZ$$Lambda+0x000001eca11fe000
instanceKlass  @bci com/android/tools/r8/internal/Pq0 b (Lcom/android/tools/r8/internal/ja;)Lcom/android/tools/r8/internal/cm; 2 <appendix> member <vmtarget> ; # com/android/tools/r8/internal/Pq0$$Lambda+0x000001eca11fbbf8
instanceKlass com/android/tools/r8/internal/mu
instanceKlass com/android/tools/r8/internal/no0
instanceKlass  @bci com/android/tools/r8/internal/hJ b (Lcom/android/tools/r8/graph/E0;Lcom/android/tools/r8/graph/B2;Lcom/android/tools/r8/internal/PK;ZLcom/android/tools/r8/graph/K5;)Lcom/android/tools/r8/internal/dJ; 163 <appendix> member <vmtarget> ; # com/android/tools/r8/internal/hJ$$Lambda+0x000001eca11fa9a0
instanceKlass com/android/tools/r8/internal/gJ
# instanceKlass java/lang/invoke/LambdaForm$DMH+0x000001eca11fd800
# instanceKlass com/android/tools/r8/internal/cm$$Lambda+0x000001eca11fa318
# instanceKlass com/android/tools/r8/internal/cm$$Lambda+0x000001eca11fa0e8
# instanceKlass com/android/tools/r8/internal/cm$$Lambda+0x000001eca11f9eb8
instanceKlass  @bci com/android/tools/r8/internal/cm b ()V 7 <appendix> argL0 ; # com/android/tools/r8/internal/cm$$Lambda+0x000001eca11f9c88
instanceKlass  @cpi com/android/tools/r8/internal/cm 29 form vmentry <vmtarget> ; # java/lang/invoke/LambdaForm$DMH+0x000001eca11fc800
instanceKlass com/android/tools/r8/internal/em
instanceKlass  @bci com/android/tools/r8/internal/eJ a (Lcom/android/tools/r8/graph/K5;)Lcom/android/tools/r8/internal/cm; 1 <appendix> member <vmtarget> ; # com/android/tools/r8/internal/eJ$$Lambda+0x000001eca11f9860
instanceKlass  @bci com/android/tools/r8/graph/j d (Lcom/android/tools/r8/graph/E0;Lcom/android/tools/r8/graph/I2;Lcom/android/tools/r8/graph/L2;)Lcom/android/tools/r8/graph/c5; 12 <appendix> member <vmtarget> ; # com/android/tools/r8/graph/j$$Lambda+0x000001eca11f93e8
instanceKlass  @bci com/android/tools/r8/internal/l5 a (Ljava/util/function/BiFunction;Lcom/android/tools/r8/graph/B2;)Lcom/android/tools/r8/internal/cm; 3 <appendix> member <vmtarget> ; # com/android/tools/r8/internal/l5$$Lambda+0x000001eca11f91c0
instanceKlass  @bci com/android/tools/r8/internal/l5 a (Lcom/android/tools/r8/graph/B2;Lcom/android/tools/r8/graph/K5;Z)Lcom/android/tools/r8/internal/fm; 120 <appendix> member <vmtarget> ; # com/android/tools/r8/internal/l5$$Lambda+0x000001eca11f8f88
instanceKlass  @bci com/android/tools/r8/graph/X4 b (Lcom/android/tools/r8/graph/E0;Lcom/android/tools/r8/graph/I2;Lcom/android/tools/r8/graph/L2;)Lcom/android/tools/r8/graph/c5; 94 <appendix> form vmentry <vmtarget> ; # java/lang/invoke/LambdaForm$DMH+0x000001eca11fc400
instanceKlass  @bci com/android/tools/r8/graph/X4 b (Lcom/android/tools/r8/graph/E0;Lcom/android/tools/r8/graph/I2;Lcom/android/tools/r8/graph/L2;)Lcom/android/tools/r8/graph/c5; 94 <appendix> member <vmtarget> ; # com/android/tools/r8/graph/X4$$Lambda+0x000001eca11f8d50
instanceKlass  @cpi com/android/tools/r8/graph/X4 386 form vmentry <vmtarget> ; # java/lang/invoke/LambdaForm$DMH+0x000001eca11fc000
# instanceKlass com/android/tools/r8/graph/j$$Lambda+0x000001eca11f8b28
# instanceKlass com/android/tools/r8/graph/j$$Lambda+0x000001eca11f8900
instanceKlass  @bci com/android/tools/r8/graph/j b (Lcom/android/tools/r8/graph/M2;Lcom/android/tools/r8/graph/M2;)Z 151 <appendix> member <vmtarget> ; # com/android/tools/r8/graph/j$$Lambda+0x000001eca11f86d8
# instanceKlass com/android/tools/r8/graph/h$$Lambda+0x000001eca11f8490
# instanceKlass com/android/tools/r8/graph/h$$Lambda+0x000001eca11f8248
# instanceKlass com/android/tools/r8/graph/h$$Lambda+0x000001eca11f8000
# instanceKlass com/android/tools/r8/graph/h$$Lambda+0x000001eca11f7d00
# instanceKlass com/android/tools/r8/graph/h$$Lambda+0x000001eca11f7ab8
# instanceKlass com/android/tools/r8/graph/h$$Lambda+0x000001eca11f7870
instanceKlass  @bci com/android/tools/r8/graph/h f (Lcom/android/tools/r8/graph/M2;)Lcom/android/tools/r8/graph/b0; 23 <appendix> member <vmtarget> ; # com/android/tools/r8/graph/h$$Lambda+0x000001eca11f7628
# instanceKlass com/android/tools/r8/graph/h$$Lambda+0x000001eca11f73e0
# instanceKlass com/android/tools/r8/graph/c5$c$$Lambda+0x000001eca11f7190
# instanceKlass com/android/tools/r8/graph/c5$c$$Lambda+0x000001eca11f6f40
# instanceKlass com/android/tools/r8/graph/c5$c$$Lambda+0x000001eca11f6cf0
# instanceKlass com/android/tools/r8/graph/c5$c$$Lambda+0x000001eca11f6aa0
instanceKlass  @bci com/android/tools/r8/graph/c5$c c (Lcom/android/tools/r8/graph/H2;Lcom/android/tools/r8/graph/y;Lcom/android/tools/r8/graph/j;)Lcom/android/tools/r8/graph/H0; 67 <appendix> argL0 ; # com/android/tools/r8/graph/c5$c$$Lambda+0x000001eca11f6850
instanceKlass com/android/tools/r8/internal/tG
instanceKlass  @bci com/android/tools/r8/graph/s3 b (Ljava/util/function/Predicate;)Ljava/util/List; 22 <appendix> member <vmtarget> ; # com/android/tools/r8/graph/s3$$Lambda+0x000001eca11f4348
instanceKlass  @bci com/android/tools/r8/graph/s3 g ()Ljava/util/List; 1 <appendix> argL0 ; # com/android/tools/r8/graph/s3$$Lambda+0x000001eca11f40f8
instanceKlass com/android/tools/r8/internal/K
instanceKlass com/android/tools/r8/internal/lF
instanceKlass com/android/tools/r8/internal/aF
instanceKlass com/android/tools/r8/graph/proto/d
instanceKlass com/android/tools/r8/graph/proto/c
instanceKlass  @bci com/android/tools/r8/internal/VR a (Lcom/android/tools/r8/internal/X9;)Lcom/android/tools/r8/internal/cm; 2 <appendix> member <vmtarget> ; # com/android/tools/r8/internal/VR$$Lambda+0x000001eca11f2b50
instanceKlass com/android/tools/r8/graph/e
instanceKlass  @bci com/android/tools/r8/graph/X4 a (Lcom/android/tools/r8/graph/B2;)Lcom/android/tools/r8/graph/c5; 136 <appendix> member <vmtarget> ; # com/android/tools/r8/graph/X4$$Lambda+0x000001eca11f2710
instanceKlass  @bci com/android/tools/r8/graph/j f (Lcom/android/tools/r8/graph/B2;)Lcom/android/tools/r8/graph/c5; 12 <appendix> member <vmtarget> ; # com/android/tools/r8/graph/j$$Lambda+0x000001eca11f22b8
instanceKlass com/android/tools/r8/graph/proto/j
instanceKlass com/android/tools/r8/internal/L5
instanceKlass jdk/internal/util/ByteArray
instanceKlass java/io/ObjectOutputStream$ReplaceTable
instanceKlass java/io/ObjectOutputStream$HandleTable
instanceKlass  @bci com/android/tools/r8/graph/X4 a (Lcom/android/tools/r8/graph/E0;Lcom/android/tools/r8/graph/I2;Lcom/android/tools/r8/graph/L2;Lcom/android/tools/r8/graph/E0;)Lcom/android/tools/r8/graph/c5; 272 <appendix> member <vmtarget> ; # com/android/tools/r8/graph/X4$$Lambda+0x000001eca11f1c50
instanceKlass java/io/ObjectStreamConstants
instanceKlass java/io/ObjectOutput
instanceKlass com/android/tools/r8/graph/C0
instanceKlass com/android/tools/r8/internal/P5
instanceKlass  @bci com/android/tools/r8/graph/U4 a (Lcom/android/tools/r8/graph/M2;)V 19 <appendix> member <vmtarget> ; # com/android/tools/r8/graph/U4$$Lambda+0x000001eca11f11b8
instanceKlass com/android/tools/r8/internal/RR
instanceKlass  @bci com/android/tools/r8/internal/Lb a (Lcom/android/tools/r8/internal/ja;Lcom/android/tools/r8/graph/K5;)Z 6 <appendix> member <vmtarget> ; # com/android/tools/r8/internal/Lb$$Lambda+0x000001eca11f0d20
instanceKlass com/android/tools/r8/internal/pd0
# instanceKlass com/android/tools/r8/graph/X4$$Lambda+0x000001eca11f08e0
# instanceKlass com/android/tools/r8/graph/X4$$Lambda+0x000001eca11f06a8
# instanceKlass com/android/tools/r8/graph/X4$$Lambda+0x000001eca11f0470
# instanceKlass com/android/tools/r8/graph/X4$$Lambda+0x000001eca11f0238
# instanceKlass com/android/tools/r8/graph/X4$$Lambda+0x000001eca11f0000
# instanceKlass com/android/tools/r8/graph/X4$$Lambda+0x000001eca11ebc60
# instanceKlass com/android/tools/r8/graph/X4$$Lambda+0x000001eca11eba28
instanceKlass  @bci com/android/tools/r8/graph/X4 a (Lcom/android/tools/r8/graph/I2;Lcom/android/tools/r8/graph/L2;Lcom/android/tools/r8/graph/E0;Lcom/android/tools/r8/graph/U4;Lcom/android/tools/r8/graph/M2;Ljava/util/List;Lcom/android/tools/r8/graph/W4;)V 100 <appendix> form vmentry <vmtarget> ; # java/lang/invoke/LambdaForm$DMH+0x000001eca11efc00
instanceKlass  @bci com/android/tools/r8/graph/X4 a (Lcom/android/tools/r8/graph/I2;Lcom/android/tools/r8/graph/L2;Lcom/android/tools/r8/graph/E0;Lcom/android/tools/r8/graph/U4;Lcom/android/tools/r8/graph/M2;Ljava/util/List;Lcom/android/tools/r8/graph/W4;)V 60 <appendix> form vmentry <vmtarget> ; # java/lang/invoke/LambdaForm$DMH+0x000001eca11ee000
instanceKlass  @bci com/android/tools/r8/graph/X4 a (Lcom/android/tools/r8/graph/I2;Lcom/android/tools/r8/graph/L2;Lcom/android/tools/r8/graph/E0;Lcom/android/tools/r8/graph/U4;Lcom/android/tools/r8/graph/M2;Ljava/util/List;Lcom/android/tools/r8/graph/W4;)V 100 <appendix> member <vmtarget> ; # com/android/tools/r8/graph/X4$$Lambda+0x000001eca11eb7f0
# instanceKlass com/android/tools/r8/graph/X4$$Lambda+0x000001eca11eb5b8
# instanceKlass com/android/tools/r8/graph/X4$$Lambda+0x000001eca11eb380
# instanceKlass com/android/tools/r8/graph/X4$$Lambda+0x000001eca11eb148
# instanceKlass com/android/tools/r8/graph/X4$$Lambda+0x000001eca11eaf10
instanceKlass  @bci com/android/tools/r8/graph/X4 a (Lcom/android/tools/r8/graph/I2;Lcom/android/tools/r8/graph/L2;Lcom/android/tools/r8/graph/E0;Lcom/android/tools/r8/graph/U4;Lcom/android/tools/r8/graph/M2;Ljava/util/List;Lcom/android/tools/r8/graph/W4;)V 60 <appendix> member <vmtarget> ; # com/android/tools/r8/graph/X4$$Lambda+0x000001eca11eacd8
# instanceKlass com/android/tools/r8/graph/X4$$Lambda+0x000001eca11eaaa0
# instanceKlass com/android/tools/r8/graph/X4$$Lambda+0x000001eca11ea868
instanceKlass  @cpi com/android/tools/r8/graph/X4 150 form vmentry <vmtarget> ; # java/lang/invoke/LambdaForm$DMH+0x000001eca11edc00
instanceKlass  @cpi com/android/tools/r8/graph/X4 216 form vmentry <vmtarget> ; # java/lang/invoke/LambdaForm$DMH+0x000001eca11ec000
instanceKlass com/android/tools/r8/graph/U4
# instanceKlass com/android/tools/r8/graph/j$$Lambda+0x000001eca11ea620
# instanceKlass com/android/tools/r8/graph/j$$Lambda+0x000001eca11ea3d8
instanceKlass  @bci com/android/tools/r8/graph/j b (Lcom/android/tools/r8/graph/E0;Lcom/android/tools/r8/graph/B2;)Lcom/android/tools/r8/graph/H0; 2 <appendix> member <vmtarget> ; # com/android/tools/r8/graph/j$$Lambda+0x000001eca11ea190
instanceKlass com/android/tools/r8/graph/K4
instanceKlass  @bci com/android/tools/r8/graph/X4 b (Lcom/android/tools/r8/graph/M2;Lcom/android/tools/r8/graph/I2;Lcom/android/tools/r8/graph/L2;)Lcom/android/tools/r8/graph/c5; 45 <appendix> member <vmtarget> ; # com/android/tools/r8/graph/X4$$Lambda+0x000001eca11e8f88
# instanceKlass com/android/tools/r8/graph/X4$$Lambda+0x000001eca11e8d50
# instanceKlass com/android/tools/r8/graph/X4$$Lambda+0x000001eca11e8b18
# instanceKlass com/android/tools/r8/graph/X4$$Lambda+0x000001eca11e88e0
# instanceKlass com/android/tools/r8/graph/X4$$Lambda+0x000001eca11e86a8
# instanceKlass com/android/tools/r8/graph/X4$$Lambda+0x000001eca11e8470
# instanceKlass com/android/tools/r8/graph/X4$$Lambda+0x000001eca11e8238
instanceKlass  @bci com/android/tools/r8/graph/X4 a (Lcom/android/tools/r8/graph/M2;Lcom/android/tools/r8/graph/I2;Lcom/android/tools/r8/graph/L2;)Lcom/android/tools/r8/graph/c5; 125 <appendix> member <vmtarget> ; # com/android/tools/r8/graph/X4$$Lambda+0x000001eca11e8000
instanceKlass com/android/tools/r8/graph/Z4
# instanceKlass com/android/tools/r8/graph/X4$$Lambda+0x000001eca11e2920
# instanceKlass com/android/tools/r8/graph/X4$$Lambda+0x000001eca11e26d8
# instanceKlass com/android/tools/r8/graph/X4$$Lambda+0x000001eca11e2490
# instanceKlass com/android/tools/r8/graph/X4$$Lambda+0x000001eca11e2248
# instanceKlass com/android/tools/r8/graph/X4$$Lambda+0x000001eca11e2000
# instanceKlass com/android/tools/r8/graph/X4$$Lambda+0x000001eca11e7cf8
# instanceKlass com/android/tools/r8/graph/X4$$Lambda+0x000001eca11e7ab0
instanceKlass  @bci com/android/tools/r8/graph/X4 a (Lcom/android/tools/r8/graph/u1;Ljava/util/function/Function;)Lcom/android/tools/r8/graph/X4; 5 <appendix> member <vmtarget> ; # com/android/tools/r8/graph/X4$$Lambda+0x000001eca11e7868
instanceKlass  @bci com/android/tools/r8/graph/j c (Lcom/android/tools/r8/graph/M2;Lcom/android/tools/r8/graph/B2;)Lcom/android/tools/r8/graph/c5; 12 <appendix> member <vmtarget> ; # com/android/tools/r8/graph/j$$Lambda+0x000001eca11e70d0
instanceKlass com/android/tools/r8/graph/W4
instanceKlass com/android/tools/r8/internal/dm
instanceKlass com/android/tools/r8/internal/u5
instanceKlass com/android/tools/r8/ProgramResource$ByteResource
instanceKlass  @bci com/android/tools/r8/internal/J5 a (Lcom/android/tools/r8/internal/ia;Lcom/android/tools/r8/internal/z5;)Lcom/android/tools/r8/internal/cm; 3 <appendix> member <vmtarget> ; # com/android/tools/r8/internal/J5$$Lambda+0x000001eca11e62d0
instanceKlass  @cpi com/android/tools/r8/internal/l5 254 form vmentry <vmtarget> ; # java/lang/invoke/LambdaForm$DMH+0x000001eca11e0c00
instanceKlass com/android/tools/r8/internal/EU
instanceKlass com/android/tools/r8/internal/xy
instanceKlass com/android/tools/r8/internal/bm
instanceKlass  @bci com/android/tools/r8/internal/J5 a (Lcom/android/tools/r8/graph/K5;)Z 39 <appendix> argL0 ; # com/android/tools/r8/internal/J5$$Lambda+0x000001eca11e5120
instanceKlass  @bci com/android/tools/r8/internal/J5 a (Lcom/android/tools/r8/graph/K5;)Z 14 <appendix> argL0 ; # com/android/tools/r8/internal/J5$$Lambda+0x000001eca11e48b8
instanceKlass com/android/tools/r8/graph/X4
# instanceKlass com/android/tools/r8/internal/x10$$Lambda+0x000001eca11e4470
instanceKlass  @bci com/android/tools/r8/internal/x10 a (Lcom/android/tools/r8/internal/ga;Lcom/android/tools/r8/internal/N80;Lcom/android/tools/r8/graph/K5;)V 80 <appendix> member <vmtarget> ; # com/android/tools/r8/internal/x10$$Lambda+0x000001eca11e4238
instanceKlass  @bci com/android/tools/r8/internal/po0 a (Ljava/util/Set;Ljava/util/Set;Ljava/util/Set;)V 5 <appendix> form vmentry <vmtarget> ; # java/lang/invoke/LambdaForm$DMH+0x000001eca11e0400
instanceKlass  @bci com/android/tools/r8/internal/XZ a (Lcom/android/tools/r8/internal/ga;Lcom/android/tools/r8/internal/N80;Lcom/android/tools/r8/graph/K5;)V 20 <appendix> member <vmtarget> ; # com/android/tools/r8/internal/XZ$$Lambda+0x000001eca11e4000
instanceKlass  @bci java/util/logging/LogManager$LoggerContext$1 run ()Ljava/lang/Void; 22 <appendix> form vmentry <vmtarget> ; # java/lang/invoke/LambdaForm$MH+0x000001eca11e0000
# instanceKlass com/android/tools/r8/internal/XZ$$Lambda+0x000001eca1160000
instanceKlass  @bci com/android/tools/r8/graph/j b (Lcom/android/tools/r8/graph/M2;Lcom/android/tools/r8/graph/I2;Lcom/android/tools/r8/graph/L2;)Lcom/android/tools/r8/graph/c5; 12 <appendix> member <vmtarget> ; # com/android/tools/r8/graph/j$$Lambda+0x000001eca11dfdb8
instanceKlass com/android/tools/r8/shaking/v2
instanceKlass  @bci com/android/tools/r8/internal/l5 b (Lcom/android/tools/r8/graph/K5;Lcom/android/tools/r8/internal/X9;)Lcom/android/tools/r8/internal/fm; 14 <appendix> argL0 ; # com/android/tools/r8/internal/l5$$Lambda+0x000001eca11df988
instanceKlass com/android/tools/r8/synthesis/I
instanceKlass  @bci com/android/tools/r8/internal/Uz a (Lcom/android/tools/r8/internal/Uz;Lcom/android/tools/r8/graph/B2;)Lcom/android/tools/r8/graph/B2; 2 <appendix> argL0 ; # com/android/tools/r8/internal/Uz$$Lambda+0x000001eca11df310
instanceKlass com/android/tools/r8/internal/aL
# instanceKlass com/android/tools/r8/internal/Lb$$Lambda+0x000001eca11dee80
# instanceKlass com/android/tools/r8/internal/Lb$$Lambda+0x000001eca11debf8
# instanceKlass com/android/tools/r8/internal/Lb$$Lambda+0x000001eca11de970
# instanceKlass com/android/tools/r8/internal/Lb$$Lambda+0x000001eca11de6e8
# instanceKlass com/android/tools/r8/internal/Lb$$Lambda+0x000001eca11de1d8
# instanceKlass com/android/tools/r8/internal/Lb$$Lambda+0x000001eca11de460
# instanceKlass com/android/tools/r8/internal/Lb$$Lambda+0x000001eca11ddf50
instanceKlass  @bci com/android/tools/r8/internal/Lb a (Lcom/android/tools/r8/internal/ia;Lcom/android/tools/r8/graph/K5;)Z 6 <appendix> member <vmtarget> ; # com/android/tools/r8/internal/Lb$$Lambda+0x000001eca11ddcc8
# instanceKlass com/android/tools/r8/internal/x10$$Lambda+0x000001eca11dda90
instanceKlass java/util/Collections$UnmodifiableCollection$1
# instanceKlass com/android/tools/r8/internal/x10$$Lambda+0x000001eca11dd858
# instanceKlass com/android/tools/r8/internal/x10$$Lambda+0x000001eca11dd620
# instanceKlass com/android/tools/r8/internal/x10$$Lambda+0x000001eca11dd3e8
# instanceKlass com/android/tools/r8/internal/x10$$Lambda+0x000001eca11dd1b0
# instanceKlass com/android/tools/r8/internal/x10$$Lambda+0x000001eca11dcf78
# instanceKlass com/android/tools/r8/internal/x10$$Lambda+0x000001eca11dcb08
instanceKlass  @bci com/android/tools/r8/internal/x10 a (Lcom/android/tools/r8/internal/ga;Lcom/android/tools/r8/internal/N80;Lcom/android/tools/r8/graph/K5;)V 66 <appendix> member <vmtarget> ; # com/android/tools/r8/internal/x10$$Lambda+0x000001eca11dcd40
instanceKlass  @bci com/android/tools/r8/internal/i80 a (Ljava/util/function/Consumer;Lcom/android/tools/r8/graph/H2;)V 1 <appendix> argL0 ; # com/android/tools/r8/internal/i80$$Lambda+0x000001eca11dc8b8
instanceKlass  @bci com/android/tools/r8/internal/i80 a (Ljava/util/Collection;Ljava/util/function/Consumer;)V 2 <appendix> member <vmtarget> ; # com/android/tools/r8/internal/i80$$Lambda+0x000001eca11dc680
instanceKlass  @bci com/android/tools/r8/internal/Fs0 a (Lcom/android/tools/r8/internal/my;Lcom/android/tools/r8/internal/Rs0;Lcom/android/tools/r8/threading/ThreadingModule;Ljava/util/concurrent/ExecutorService;)V 2 <appendix> member <vmtarget> ; # com/android/tools/r8/internal/Fs0$$Lambda+0x000001eca11dc458
instanceKlass  @bci com/android/tools/r8/internal/i80 a (Lcom/android/tools/r8/internal/ga;Ljava/util/concurrent/ExecutorService;Lcom/android/tools/r8/internal/my;)V 40 <appendix> member <vmtarget> ; # com/android/tools/r8/internal/i80$$Lambda+0x000001eca11dc220
instanceKlass com/android/tools/r8/internal/Rs0
instanceKlass com/android/tools/r8/internal/N80
instanceKlass  @bci com/android/tools/r8/internal/i80 a (Lcom/android/tools/r8/internal/ga;Ljava/util/concurrent/ExecutorService;Ljava/util/Collection;)V 2 <appendix> member <vmtarget> ; # com/android/tools/r8/internal/i80$$Lambda+0x000001eca11dbbd8
instanceKlass  @bci com/android/tools/r8/graph/Q4 b (Ljava/util/function/Consumer;Ljava/util/function/Predicate;)V 7 <appendix> member <vmtarget> ; # com/android/tools/r8/graph/Q4$$Lambda+0x000001eca11db9a0
instanceKlass  @bci com/android/tools/r8/graph/H2 h (Ljava/util/function/Consumer;Ljava/util/function/Predicate;)V 6 <appendix> member <vmtarget> ; # com/android/tools/r8/graph/H2$$Lambda+0x000001eca11db768
instanceKlass  @bci com/android/tools/r8/internal/Pc a (Lcom/android/tools/r8/graph/H2;)V 2 <appendix> member <vmtarget> ; # com/android/tools/r8/internal/Pc$$Lambda+0x000001eca11db530
instanceKlass com/android/tools/r8/I
instanceKlass  @bci com/android/tools/r8/internal/Pc a (Ljava/util/concurrent/ExecutorService;)V 13 <appendix> member <vmtarget> ; # com/android/tools/r8/internal/Pc$$Lambda+0x000001eca11db0f0
instanceKlass  @bci com/android/tools/r8/internal/m9 a (Ljava/util/concurrent/ExecutorService;Lcom/android/tools/r8/internal/p9;Lcom/android/tools/r8/internal/at0;)V 90 <appendix> member <vmtarget> ; # com/android/tools/r8/internal/m9$$Lambda+0x000001eca11daeb8
instanceKlass com/android/tools/r8/internal/Wc0
instanceKlass com/android/tools/r8/internal/k9
instanceKlass com/android/tools/r8/internal/n9
instanceKlass com/android/tools/r8/internal/Qc
instanceKlass com/android/tools/r8/internal/ny
instanceKlass com/android/tools/r8/internal/ga
instanceKlass com/android/tools/r8/internal/hm
instanceKlass com/android/tools/r8/internal/W2
instanceKlass com/android/tools/r8/internal/Lm
instanceKlass com/android/tools/r8/internal/PI
instanceKlass com/android/tools/r8/internal/ou0
instanceKlass com/android/tools/r8/internal/p9
instanceKlass com/android/tools/r8/internal/Tx0
instanceKlass com/android/tools/r8/internal/cd0
instanceKlass com/android/tools/r8/internal/zm
instanceKlass com/android/tools/r8/internal/Nm
instanceKlass com/android/tools/r8/internal/qu
instanceKlass com/android/tools/r8/internal/n6
instanceKlass com/android/tools/r8/internal/HZ
instanceKlass com/android/tools/r8/internal/Rz
instanceKlass com/android/tools/r8/internal/mJ
instanceKlass com/android/tools/r8/internal/TX
instanceKlass com/android/tools/r8/internal/yE
instanceKlass com/android/tools/r8/internal/Ou
instanceKlass com/android/tools/r8/ir/optimize/c
instanceKlass com/android/tools/r8/internal/A80
instanceKlass com/android/tools/r8/internal/SR
instanceKlass com/android/tools/r8/internal/mH
instanceKlass com/android/tools/r8/internal/eH
instanceKlass com/android/tools/r8/internal/Ea
instanceKlass  @bci com/android/tools/r8/internal/x10 a ()[[Lcom/android/tools/r8/internal/Y9; 78 <appendix> member <vmtarget> ; # com/android/tools/r8/internal/x10$$Lambda+0x000001eca11d1df8
instanceKlass  @bci com/android/tools/r8/internal/x10 a ()[[Lcom/android/tools/r8/internal/Y9; 67 <appendix> member <vmtarget> ; # com/android/tools/r8/internal/x10$$Lambda+0x000001eca11d1bc0
instanceKlass  @cpi com/android/tools/r8/internal/x10 80 form vmentry <vmtarget> ; # java/lang/invoke/LambdaForm$DMH+0x000001eca11d4000
instanceKlass com/android/tools/r8/internal/lL
instanceKlass com/android/tools/r8/errors/UnsupportedFeatureDiagnostic
instanceKlass com/android/tools/r8/internal/Pw0
instanceKlass com/android/tools/r8/internal/Sw0
instanceKlass com/android/tools/r8/internal/U7
instanceKlass com/android/tools/r8/internal/IK
instanceKlass com/android/tools/r8/internal/HK
instanceKlass com/android/tools/r8/internal/Eh
instanceKlass com/android/tools/r8/ir/optimize/L0
instanceKlass com/android/tools/r8/internal/Fh
instanceKlass  @bci com/android/tools/r8/internal/LI a (Lcom/android/tools/r8/graph/y;)Ljava/util/function/Predicate; 11 <appendix> member <vmtarget> ; # com/android/tools/r8/internal/LI$$Lambda+0x000001eca11cd000
instanceKlass  @cpi com/android/tools/r8/internal/Hf0 377 form vmentry <vmtarget> ; # java/lang/invoke/LambdaForm$DMH+0x000001eca11cc400
instanceKlass com/android/tools/r8/internal/pu
instanceKlass com/android/tools/r8/internal/NI
instanceKlass com/android/tools/r8/graph/f
instanceKlass com/android/tools/r8/internal/LI
instanceKlass com/android/tools/r8/internal/eJ
instanceKlass com/android/tools/r8/internal/dJ
instanceKlass com/android/tools/r8/internal/hJ
instanceKlass com/android/tools/r8/internal/QI
instanceKlass com/android/tools/r8/internal/TR
instanceKlass com/android/tools/r8/internal/VR
instanceKlass com/android/tools/r8/internal/Mq0
instanceKlass com/android/tools/r8/internal/Pq0
instanceKlass com/android/tools/r8/c
instanceKlass com/android/tools/r8/internal/wv0
instanceKlass com/android/tools/r8/internal/vv0
instanceKlass com/android/tools/r8/internal/PJ
instanceKlass com/android/tools/r8/graph/Z
instanceKlass  @bci com/android/tools/r8/graph/z4 f (Lcom/android/tools/r8/graph/M2;)Lcom/android/tools/r8/graph/b0; 101 <appendix> member <vmtarget> ; # com/android/tools/r8/graph/z4$$Lambda+0x000001eca11c9ed0
instanceKlass  @bci com/android/tools/r8/graph/z4 f (Lcom/android/tools/r8/graph/M2;)Lcom/android/tools/r8/graph/b0; 60 <appendix> member <vmtarget> ; # com/android/tools/r8/graph/z4$$Lambda+0x000001eca11c9c98
instanceKlass  @bci com/android/tools/r8/graph/z4 f (Lcom/android/tools/r8/graph/M2;)Lcom/android/tools/r8/graph/b0; 28 <appendix> member <vmtarget> ; # com/android/tools/r8/graph/z4$$Lambda+0x000001eca11c9a60
instanceKlass com/android/tools/r8/internal/DJ
instanceKlass  @bci com/android/tools/r8/internal/qd a ()Lcom/android/tools/r8/graph/E0; 71 <appendix> member <vmtarget> ; # com/android/tools/r8/internal/qd$$Lambda+0x000001eca11c95d8
instanceKlass com/android/tools/r8/internal/qd
instanceKlass  @bci com/android/tools/r8/internal/rd a (Lcom/android/tools/r8/graph/M2;)Lcom/android/tools/r8/graph/E0; 77 <appendix> member <vmtarget> ; # com/android/tools/r8/internal/rd$$Lambda+0x000001eca11c9168
instanceKlass com/android/tools/r8/graph/W
instanceKlass  @bci com/android/tools/r8/graph/h c (Lcom/android/tools/r8/graph/M2;)Lcom/android/tools/r8/graph/E0; 23 <appendix> member <vmtarget> ; # com/android/tools/r8/graph/h$$Lambda+0x000001eca11c8d10
instanceKlass  @cpi com/android/tools/r8/graph/h 159 form vmentry <vmtarget> ; # java/lang/invoke/LambdaForm$DMH+0x000001eca11cc000
instanceKlass  @bci com/android/tools/r8/internal/o5 b ()Lcom/android/tools/r8/internal/dD; 14 <appendix> member <vmtarget> ; # com/android/tools/r8/internal/o5$$Lambda+0x000001eca11c8ad8
instanceKlass  @bci com/android/tools/r8/internal/o5 a ()Lcom/android/tools/r8/internal/dD; 17 <appendix> member <vmtarget> ; # com/android/tools/r8/internal/o5$$Lambda+0x000001eca11c88a0
instanceKlass com/android/tools/r8/internal/o5
instanceKlass com/android/tools/r8/internal/l5
instanceKlass  @bci com/android/tools/r8/internal/H2 a (I)Lcom/android/tools/r8/internal/D5; 1 <appendix> member <vmtarget> ; # com/android/tools/r8/internal/H2$$Lambda+0x000001eca11c8200
instanceKlass com/android/tools/r8/internal/D5
instanceKlass com/android/tools/r8/internal/H2
instanceKlass  @bci com/android/tools/r8/internal/B5 a (Lcom/android/tools/r8/graph/u1;)V 159 <appendix> argL0 ; # com/android/tools/r8/internal/B5$$Lambda+0x000001eca11c7910
instanceKlass  @bci com/android/tools/r8/internal/B5 a (Lcom/android/tools/r8/graph/u1;)V 117 <appendix> argL0 ; # com/android/tools/r8/internal/B5$$Lambda+0x000001eca11c74d8
instanceKlass  @bci com/android/tools/r8/internal/B5 a (Lcom/android/tools/r8/graph/u1;)V 57 <appendix> argL0 ; # com/android/tools/r8/internal/B5$$Lambda+0x000001eca11c72b8
instanceKlass  @bci com/android/tools/r8/internal/B5 t (Lcom/android/tools/r8/graph/u1;)V 1338 <appendix> argL0 ; # com/android/tools/r8/internal/B5$$Lambda+0x000001eca11c7098
instanceKlass  @bci com/android/tools/r8/internal/B5 t (Lcom/android/tools/r8/graph/u1;)V 1262 <appendix> argL0 ; # com/android/tools/r8/internal/B5$$Lambda+0x000001eca11c6e78
instanceKlass  @bci com/android/tools/r8/internal/B5 t (Lcom/android/tools/r8/graph/u1;)V 1195 <appendix> argL0 ; # com/android/tools/r8/internal/B5$$Lambda+0x000001eca11c6c58
instanceKlass  @bci com/android/tools/r8/internal/B5 t (Lcom/android/tools/r8/graph/u1;)V 1119 <appendix> argL0 ; # com/android/tools/r8/internal/B5$$Lambda+0x000001eca11c6a38
instanceKlass  @bci com/android/tools/r8/internal/B5 t (Lcom/android/tools/r8/graph/u1;)V 1052 <appendix> argL0 ; # com/android/tools/r8/internal/B5$$Lambda+0x000001eca11c6818
instanceKlass  @bci com/android/tools/r8/internal/B5 t (Lcom/android/tools/r8/graph/u1;)V 976 <appendix> argL0 ; # com/android/tools/r8/internal/B5$$Lambda+0x000001eca11c65f8
instanceKlass  @bci com/android/tools/r8/internal/B5 t (Lcom/android/tools/r8/graph/u1;)V 903 <appendix> argL0 ; # com/android/tools/r8/internal/B5$$Lambda+0x000001eca11c63d8
instanceKlass  @bci com/android/tools/r8/internal/B5 t (Lcom/android/tools/r8/graph/u1;)V 836 <appendix> argL0 ; # com/android/tools/r8/internal/B5$$Lambda+0x000001eca11c61b8
instanceKlass  @bci com/android/tools/r8/internal/B5 t (Lcom/android/tools/r8/graph/u1;)V 760 <appendix> argL0 ; # com/android/tools/r8/internal/B5$$Lambda+0x000001eca11c5f98
instanceKlass  @bci com/android/tools/r8/internal/B5 t (Lcom/android/tools/r8/graph/u1;)V 693 <appendix> argL0 ; # com/android/tools/r8/internal/B5$$Lambda+0x000001eca11c5d78
instanceKlass  @bci com/android/tools/r8/internal/B5 t (Lcom/android/tools/r8/graph/u1;)V 617 <appendix> argL0 ; # com/android/tools/r8/internal/B5$$Lambda+0x000001eca11c5b58
instanceKlass  @bci com/android/tools/r8/internal/B5 t (Lcom/android/tools/r8/graph/u1;)V 544 <appendix> argL0 ; # com/android/tools/r8/internal/B5$$Lambda+0x000001eca11c5938
instanceKlass  @bci com/android/tools/r8/internal/B5 t (Lcom/android/tools/r8/graph/u1;)V 477 <appendix> argL0 ; # com/android/tools/r8/internal/B5$$Lambda+0x000001eca11c5718
instanceKlass  @bci com/android/tools/r8/internal/B5 t (Lcom/android/tools/r8/graph/u1;)V 401 <appendix> argL0 ; # com/android/tools/r8/internal/B5$$Lambda+0x000001eca11c54f8
instanceKlass  @bci com/android/tools/r8/internal/B5 t (Lcom/android/tools/r8/graph/u1;)V 330 <appendix> argL0 ; # com/android/tools/r8/internal/B5$$Lambda+0x000001eca11c52d8
instanceKlass  @bci com/android/tools/r8/internal/B5 t (Lcom/android/tools/r8/graph/u1;)V 259 <appendix> argL0 ; # com/android/tools/r8/internal/B5$$Lambda+0x000001eca11c50b8
instanceKlass  @bci com/android/tools/r8/internal/B5 t (Lcom/android/tools/r8/graph/u1;)V 188 <appendix> argL0 ; # com/android/tools/r8/internal/B5$$Lambda+0x000001eca11c4e98
instanceKlass  @bci com/android/tools/r8/internal/B5 t (Lcom/android/tools/r8/graph/u1;)V 53 <appendix> argL0 ; # com/android/tools/r8/internal/B5$$Lambda+0x000001eca11c4c78
instanceKlass  @bci com/android/tools/r8/internal/B5 r (Lcom/android/tools/r8/graph/u1;)V 452 <appendix> argL0 ; # com/android/tools/r8/internal/B5$$Lambda+0x000001eca11c4a58
instanceKlass  @bci com/android/tools/r8/internal/B5 r (Lcom/android/tools/r8/graph/u1;)V 391 <appendix> argL0 ; # com/android/tools/r8/internal/B5$$Lambda+0x000001eca11c4838
instanceKlass  @bci com/android/tools/r8/internal/B5 r (Lcom/android/tools/r8/graph/u1;)V 279 <appendix> argL0 ; # com/android/tools/r8/internal/B5$$Lambda+0x000001eca11c4618
instanceKlass  @bci com/android/tools/r8/internal/B5 r (Lcom/android/tools/r8/graph/u1;)V 210 <appendix> argL0 ; # com/android/tools/r8/internal/B5$$Lambda+0x000001eca11c43f8
instanceKlass  @bci com/android/tools/r8/internal/B5 r (Lcom/android/tools/r8/graph/u1;)V 137 <appendix> argL0 ; # com/android/tools/r8/internal/B5$$Lambda+0x000001eca11c41d8
instanceKlass  @bci com/android/tools/r8/internal/B5 r (Lcom/android/tools/r8/graph/u1;)V 63 <appendix> argL0 ; # com/android/tools/r8/internal/B5$$Lambda+0x000001eca11c3fb8
instanceKlass  @bci com/android/tools/r8/internal/B5 p (Lcom/android/tools/r8/graph/u1;)V 712 <appendix> argL0 ; # com/android/tools/r8/internal/B5$$Lambda+0x000001eca11c3d98
instanceKlass  @bci com/android/tools/r8/internal/B5 p (Lcom/android/tools/r8/graph/u1;)V 655 <appendix> argL0 ; # com/android/tools/r8/internal/B5$$Lambda+0x000001eca11c3b78
instanceKlass  @bci com/android/tools/r8/internal/B5 p (Lcom/android/tools/r8/graph/u1;)V 598 <appendix> argL0 ; # com/android/tools/r8/internal/B5$$Lambda+0x000001eca11c3958
instanceKlass  @bci com/android/tools/r8/internal/B5 p (Lcom/android/tools/r8/graph/u1;)V 541 <appendix> argL0 ; # com/android/tools/r8/internal/B5$$Lambda+0x000001eca11c3738
instanceKlass  @bci com/android/tools/r8/internal/B5 p (Lcom/android/tools/r8/graph/u1;)V 484 <appendix> argL0 ; # com/android/tools/r8/internal/B5$$Lambda+0x000001eca11c3518
instanceKlass  @bci com/android/tools/r8/internal/B5 p (Lcom/android/tools/r8/graph/u1;)V 416 <appendix> argL0 ; # com/android/tools/r8/internal/B5$$Lambda+0x000001eca11c32f8
instanceKlass  @bci com/android/tools/r8/internal/B5 p (Lcom/android/tools/r8/graph/u1;)V 309 <appendix> argL0 ; # com/android/tools/r8/internal/B5$$Lambda+0x000001eca11c30d8
instanceKlass  @bci com/android/tools/r8/internal/B5 p (Lcom/android/tools/r8/graph/u1;)V 202 <appendix> argL0 ; # com/android/tools/r8/internal/B5$$Lambda+0x000001eca11c2eb8
instanceKlass  @bci com/android/tools/r8/internal/B5 p (Lcom/android/tools/r8/graph/u1;)V 90 <appendix> argL0 ; # com/android/tools/r8/internal/B5$$Lambda+0x000001eca11c2c98
instanceKlass  @bci com/android/tools/r8/internal/B5 o (Lcom/android/tools/r8/graph/u1;)V 313 <appendix> argL0 ; # com/android/tools/r8/internal/B5$$Lambda+0x000001eca11c2a78
instanceKlass  @bci com/android/tools/r8/internal/B5 o (Lcom/android/tools/r8/graph/u1;)V 235 <appendix> argL0 ; # com/android/tools/r8/internal/B5$$Lambda+0x000001eca11c2858
instanceKlass  @bci com/android/tools/r8/internal/B5 o (Lcom/android/tools/r8/graph/u1;)V 149 <appendix> argL0 ; # com/android/tools/r8/internal/B5$$Lambda+0x000001eca11c2638
instanceKlass  @bci com/android/tools/r8/internal/B5 o (Lcom/android/tools/r8/graph/u1;)V 74 <appendix> argL0 ; # com/android/tools/r8/internal/B5$$Lambda+0x000001eca11c2418
instanceKlass  @bci com/android/tools/r8/internal/B5 n (Lcom/android/tools/r8/graph/u1;)V 180 <appendix> argL0 ; # com/android/tools/r8/internal/B5$$Lambda+0x000001eca11c21f8
instanceKlass  @bci com/android/tools/r8/internal/B5 n (Lcom/android/tools/r8/graph/u1;)V 124 <appendix> argL0 ; # com/android/tools/r8/internal/B5$$Lambda+0x000001eca11c1fd8
instanceKlass  @bci com/android/tools/r8/internal/B5 n (Lcom/android/tools/r8/graph/u1;)V 62 <appendix> argL0 ; # com/android/tools/r8/internal/B5$$Lambda+0x000001eca11c1db8
instanceKlass  @bci com/android/tools/r8/internal/ko0 a ()Lcom/android/tools/r8/internal/y5; 0 <appendix> argL0 ; # com/android/tools/r8/internal/ko0$$Lambda+0x000001eca11c1b88
instanceKlass com/android/tools/r8/internal/ko0
instanceKlass  @bci com/android/tools/r8/internal/B5 m (Lcom/android/tools/r8/graph/u1;)V 569 <appendix> argL0 ; # com/android/tools/r8/internal/B5$$Lambda+0x000001eca11c1760
instanceKlass  @bci com/android/tools/r8/internal/B5 m (Lcom/android/tools/r8/graph/u1;)V 487 <appendix> argL0 ; # com/android/tools/r8/internal/B5$$Lambda+0x000001eca11c1540
instanceKlass  @bci com/android/tools/r8/internal/B5 m (Lcom/android/tools/r8/graph/u1;)V 406 <appendix> argL0 ; # com/android/tools/r8/internal/B5$$Lambda+0x000001eca11c1320
instanceKlass  @bci com/android/tools/r8/internal/B5 m (Lcom/android/tools/r8/graph/u1;)V 331 <appendix> argL0 ; # com/android/tools/r8/internal/B5$$Lambda+0x000001eca11c1100
instanceKlass  @bci com/android/tools/r8/internal/B5 m (Lcom/android/tools/r8/graph/u1;)V 252 <appendix> argL0 ; # com/android/tools/r8/internal/B5$$Lambda+0x000001eca11c0ee0
instanceKlass  @bci com/android/tools/r8/internal/B5 m (Lcom/android/tools/r8/graph/u1;)V 128 <appendix> argL0 ; # com/android/tools/r8/internal/B5$$Lambda+0x000001eca11c0cc0
instanceKlass  @bci com/android/tools/r8/internal/B5 m (Lcom/android/tools/r8/graph/u1;)V 58 <appendix> argL0 ; # com/android/tools/r8/internal/B5$$Lambda+0x000001eca11c0aa0
instanceKlass  @bci com/android/tools/r8/internal/B5 k (Lcom/android/tools/r8/graph/u1;)V 233 <appendix> argL0 ; # com/android/tools/r8/internal/B5$$Lambda+0x000001eca11c0880
instanceKlass  @bci com/android/tools/r8/internal/B5 k (Lcom/android/tools/r8/graph/u1;)V 175 <appendix> argL0 ; # com/android/tools/r8/internal/B5$$Lambda+0x000001eca11c0660
instanceKlass  @bci com/android/tools/r8/internal/B5 k (Lcom/android/tools/r8/graph/u1;)V 117 <appendix> argL0 ; # com/android/tools/r8/internal/B5$$Lambda+0x000001eca11c0440
instanceKlass  @bci com/android/tools/r8/internal/B5 k (Lcom/android/tools/r8/graph/u1;)V 62 <appendix> argL0 ; # com/android/tools/r8/internal/B5$$Lambda+0x000001eca11c0220
instanceKlass  @bci com/android/tools/r8/internal/B5 l (Lcom/android/tools/r8/graph/u1;)V 523 <appendix> argL0 ; # com/android/tools/r8/internal/B5$$Lambda+0x000001eca11c0000
instanceKlass  @bci com/android/tools/r8/internal/B5 l (Lcom/android/tools/r8/graph/u1;)V 460 <appendix> argL0 ; # com/android/tools/r8/internal/B5$$Lambda+0x000001eca11b9cd8
instanceKlass  @bci com/android/tools/r8/internal/B5 l (Lcom/android/tools/r8/graph/u1;)V 398 <appendix> form vmentry <vmtarget> ; # java/lang/invoke/LambdaForm$DMH+0x000001eca11b8c00
instanceKlass  @bci com/android/tools/r8/internal/B5 l (Lcom/android/tools/r8/graph/u1;)V 398 <appendix> member <vmtarget> ; # com/android/tools/r8/internal/B5$$Lambda+0x000001eca11b9ab0
instanceKlass  @cpi com/android/tools/r8/internal/B5 903 form vmentry <vmtarget> ; # java/lang/invoke/LambdaForm$DMH+0x000001eca11b8800
instanceKlass  @bci com/android/tools/r8/internal/B5 l (Lcom/android/tools/r8/graph/u1;)V 318 <appendix> argL0 ; # com/android/tools/r8/internal/B5$$Lambda+0x000001eca11b9890
instanceKlass  @bci com/android/tools/r8/internal/B5 l (Lcom/android/tools/r8/graph/u1;)V 260 <appendix> member <vmtarget> ; # com/android/tools/r8/internal/B5$$Lambda+0x000001eca11b9670
instanceKlass  @bci com/android/tools/r8/internal/B5 l (Lcom/android/tools/r8/graph/u1;)V 183 <appendix> argL0 ; # com/android/tools/r8/internal/B5$$Lambda+0x000001eca11b9450
instanceKlass  @bci com/android/tools/r8/internal/B5 l (Lcom/android/tools/r8/graph/u1;)V 125 <appendix> member <vmtarget> ; # com/android/tools/r8/internal/B5$$Lambda+0x000001eca11b9230
instanceKlass  @cpi com/android/tools/r8/internal/H2 15 form vmentry <vmtarget> ; # java/lang/invoke/LambdaForm$DMH+0x000001eca11b8400
instanceKlass  @bci com/android/tools/r8/internal/bf <clinit> ()V 16 <appendix> argL0 ; # com/android/tools/r8/internal/bf$$Lambda+0x000001eca11b9000
instanceKlass  @bci com/android/tools/r8/internal/bf <clinit> ()V 8 <appendix> argL0 ; # com/android/tools/r8/internal/bf$$Lambda+0x000001eca11bbdb0
instanceKlass  @bci com/android/tools/r8/internal/bf <clinit> ()V 0 <appendix> argL0 ; # com/android/tools/r8/internal/bf$$Lambda+0x000001eca11bbb80
instanceKlass com/android/tools/r8/internal/bf
instanceKlass  @bci com/android/tools/r8/internal/B5 i (Lcom/android/tools/r8/graph/u1;)V 31 <appendix> argL0 ; # com/android/tools/r8/internal/B5$$Lambda+0x000001eca11bb758
instanceKlass  @bci com/android/tools/r8/internal/sW a ()Lcom/android/tools/r8/internal/y5; 0 <appendix> argL0 ; # com/android/tools/r8/internal/sW$$Lambda+0x000001eca11bb528
instanceKlass com/android/tools/r8/internal/sW
instanceKlass  @bci com/android/tools/r8/internal/B5 g (Lcom/android/tools/r8/graph/u1;)V 1590 <appendix> argL0 ; # com/android/tools/r8/internal/B5$$Lambda+0x000001eca11bb100
instanceKlass  @bci com/android/tools/r8/internal/B5 g (Lcom/android/tools/r8/graph/u1;)V 1510 <appendix> argL0 ; # com/android/tools/r8/internal/B5$$Lambda+0x000001eca11baee0
instanceKlass  @bci com/android/tools/r8/internal/B5 g (Lcom/android/tools/r8/graph/u1;)V 1424 <appendix> argL0 ; # com/android/tools/r8/internal/B5$$Lambda+0x000001eca11bacc0
instanceKlass  @bci com/android/tools/r8/internal/B5 g (Lcom/android/tools/r8/graph/u1;)V 1361 <appendix> argL0 ; # com/android/tools/r8/internal/B5$$Lambda+0x000001eca11baaa0
instanceKlass  @bci com/android/tools/r8/internal/B5 g (Lcom/android/tools/r8/graph/u1;)V 1282 <appendix> argL0 ; # com/android/tools/r8/internal/B5$$Lambda+0x000001eca11ba880
instanceKlass  @bci com/android/tools/r8/internal/B5 g (Lcom/android/tools/r8/graph/u1;)V 1212 <appendix> argL0 ; # com/android/tools/r8/internal/B5$$Lambda+0x000001eca11ba660
instanceKlass  @bci com/android/tools/r8/internal/B5 g (Lcom/android/tools/r8/graph/u1;)V 1132 <appendix> argL0 ; # com/android/tools/r8/internal/B5$$Lambda+0x000001eca11ba440
instanceKlass  @bci com/android/tools/r8/internal/B5 g (Lcom/android/tools/r8/graph/u1;)V 1063 <appendix> argL0 ; # com/android/tools/r8/internal/B5$$Lambda+0x000001eca11ba220
instanceKlass  @bci com/android/tools/r8/internal/B5 g (Lcom/android/tools/r8/graph/u1;)V 989 <appendix> argL0 ; # com/android/tools/r8/internal/B5$$Lambda+0x000001eca11ba000
instanceKlass  @bci com/android/tools/r8/internal/B5 g (Lcom/android/tools/r8/graph/u1;)V 918 <appendix> argL0 ; # com/android/tools/r8/internal/B5$$Lambda+0x000001eca11bfda0
instanceKlass  @bci com/android/tools/r8/internal/B5 g (Lcom/android/tools/r8/graph/u1;)V 842 <appendix> argL0 ; # com/android/tools/r8/internal/B5$$Lambda+0x000001eca11bfb80
instanceKlass  @bci com/android/tools/r8/internal/B5 g (Lcom/android/tools/r8/graph/u1;)V 769 <appendix> argL0 ; # com/android/tools/r8/internal/B5$$Lambda+0x000001eca11bf960
instanceKlass  @bci com/android/tools/r8/internal/B5 g (Lcom/android/tools/r8/graph/u1;)V 699 <appendix> argL0 ; # com/android/tools/r8/internal/B5$$Lambda+0x000001eca11bf740
instanceKlass  @bci com/android/tools/r8/internal/B5 g (Lcom/android/tools/r8/graph/u1;)V 622 <appendix> argL0 ; # com/android/tools/r8/internal/B5$$Lambda+0x000001eca11bf520
instanceKlass  @bci com/android/tools/r8/internal/B5 g (Lcom/android/tools/r8/graph/u1;)V 553 <appendix> argL0 ; # com/android/tools/r8/internal/B5$$Lambda+0x000001eca11bf300
instanceKlass  @bci com/android/tools/r8/internal/B5 g (Lcom/android/tools/r8/graph/u1;)V 484 <appendix> argL0 ; # com/android/tools/r8/internal/B5$$Lambda+0x000001eca11bf0e0
instanceKlass  @bci com/android/tools/r8/internal/B5 g (Lcom/android/tools/r8/graph/u1;)V 413 <appendix> argL0 ; # com/android/tools/r8/internal/B5$$Lambda+0x000001eca11beec0
instanceKlass  @bci com/android/tools/r8/internal/B5 g (Lcom/android/tools/r8/graph/u1;)V 342 <appendix> argL0 ; # com/android/tools/r8/internal/B5$$Lambda+0x000001eca11beca0
instanceKlass  @bci com/android/tools/r8/internal/B5 g (Lcom/android/tools/r8/graph/u1;)V 267 <appendix> argL0 ; # com/android/tools/r8/internal/B5$$Lambda+0x000001eca11bea80
instanceKlass  @bci com/android/tools/r8/internal/B5 g (Lcom/android/tools/r8/graph/u1;)V 199 <appendix> argL0 ; # com/android/tools/r8/internal/B5$$Lambda+0x000001eca11be860
instanceKlass  @bci com/android/tools/r8/internal/B5 g (Lcom/android/tools/r8/graph/u1;)V 126 <appendix> argL0 ; # com/android/tools/r8/internal/B5$$Lambda+0x000001eca11be640
instanceKlass  @bci com/android/tools/r8/internal/B5 g (Lcom/android/tools/r8/graph/u1;)V 58 <appendix> argL0 ; # com/android/tools/r8/internal/B5$$Lambda+0x000001eca11be420
instanceKlass  @bci com/android/tools/r8/internal/B5 f (Lcom/android/tools/r8/graph/u1;)V 114 <appendix> argL0 ; # com/android/tools/r8/internal/B5$$Lambda+0x000001eca11be200
instanceKlass  @bci com/android/tools/r8/internal/B5 f (Lcom/android/tools/r8/graph/u1;)V 57 <appendix> argL0 ; # com/android/tools/r8/internal/B5$$Lambda+0x000001eca11bdfe0
instanceKlass  @bci com/android/tools/r8/internal/B5 a (Lcom/android/tools/r8/graph/u1;Lcom/android/tools/r8/graph/M2;)V 343 <appendix> argL0 ; # com/android/tools/r8/internal/B5$$Lambda+0x000001eca11bddc0
instanceKlass  @bci com/android/tools/r8/internal/B5 a (Lcom/android/tools/r8/graph/u1;Lcom/android/tools/r8/graph/M2;)V 284 <appendix> argL0 ; # com/android/tools/r8/internal/B5$$Lambda+0x000001eca11bdba0
instanceKlass  @bci com/android/tools/r8/internal/B5 a (Lcom/android/tools/r8/graph/u1;Lcom/android/tools/r8/graph/M2;)V 225 <appendix> argL0 ; # com/android/tools/r8/internal/B5$$Lambda+0x000001eca11bd980
instanceKlass  @bci com/android/tools/r8/internal/B5 a (Lcom/android/tools/r8/graph/u1;Lcom/android/tools/r8/graph/M2;)V 166 <appendix> argL0 ; # com/android/tools/r8/internal/B5$$Lambda+0x000001eca11bd760
instanceKlass  @bci com/android/tools/r8/internal/B5 a (Lcom/android/tools/r8/graph/u1;Lcom/android/tools/r8/graph/M2;)V 107 <appendix> argL0 ; # com/android/tools/r8/internal/B5$$Lambda+0x000001eca11bd540
instanceKlass  @bci com/android/tools/r8/internal/B5 a (Lcom/android/tools/r8/graph/u1;Lcom/android/tools/r8/graph/M2;)V 48 <appendix> argL0 ; # com/android/tools/r8/internal/B5$$Lambda+0x000001eca11bd320
instanceKlass  @bci com/android/tools/r8/internal/B5 d (Lcom/android/tools/r8/graph/u1;)V 2725 <appendix> argL0 ; # com/android/tools/r8/internal/B5$$Lambda+0x000001eca11bd100
instanceKlass  @bci com/android/tools/r8/internal/B5 d (Lcom/android/tools/r8/graph/u1;)V 2650 <appendix> argL0 ; # com/android/tools/r8/internal/B5$$Lambda+0x000001eca11bcee0
instanceKlass  @bci com/android/tools/r8/internal/B5 d (Lcom/android/tools/r8/graph/u1;)V 2573 <appendix> argL0 ; # com/android/tools/r8/internal/B5$$Lambda+0x000001eca11bccc0
instanceKlass  @bci com/android/tools/r8/internal/B5 d (Lcom/android/tools/r8/graph/u1;)V 2496 <appendix> argL0 ; # com/android/tools/r8/internal/B5$$Lambda+0x000001eca11bcaa0
instanceKlass  @bci com/android/tools/r8/internal/B5 d (Lcom/android/tools/r8/graph/u1;)V 2424 <appendix> argL0 ; # com/android/tools/r8/internal/B5$$Lambda+0x000001eca11bc880
instanceKlass  @bci com/android/tools/r8/internal/B5 d (Lcom/android/tools/r8/graph/u1;)V 2352 <appendix> argL0 ; # com/android/tools/r8/internal/B5$$Lambda+0x000001eca11bc660
instanceKlass  @bci com/android/tools/r8/internal/B5 d (Lcom/android/tools/r8/graph/u1;)V 2275 <appendix> argL0 ; # com/android/tools/r8/internal/B5$$Lambda+0x000001eca11bc440
instanceKlass  @bci com/android/tools/r8/internal/B5 d (Lcom/android/tools/r8/graph/u1;)V 2198 <appendix> argL0 ; # com/android/tools/r8/internal/B5$$Lambda+0x000001eca11bc220
instanceKlass  @bci com/android/tools/r8/internal/B5 d (Lcom/android/tools/r8/graph/u1;)V 2121 <appendix> argL0 ; # com/android/tools/r8/internal/B5$$Lambda+0x000001eca11bc000
instanceKlass  @bci com/android/tools/r8/internal/B5 d (Lcom/android/tools/r8/graph/u1;)V 2044 <appendix> argL0 ; # com/android/tools/r8/internal/B5$$Lambda+0x000001eca11b7c80
instanceKlass  @bci com/android/tools/r8/internal/B5 d (Lcom/android/tools/r8/graph/u1;)V 1967 <appendix> argL0 ; # com/android/tools/r8/internal/B5$$Lambda+0x000001eca11b7a60
instanceKlass  @bci com/android/tools/r8/internal/B5 d (Lcom/android/tools/r8/graph/u1;)V 1890 <appendix> argL0 ; # com/android/tools/r8/internal/B5$$Lambda+0x000001eca11b7840
instanceKlass  @bci com/android/tools/r8/internal/B5 d (Lcom/android/tools/r8/graph/u1;)V 1813 <appendix> argL0 ; # com/android/tools/r8/internal/B5$$Lambda+0x000001eca11b7620
instanceKlass  @bci com/android/tools/r8/internal/B5 d (Lcom/android/tools/r8/graph/u1;)V 1430 <appendix> argL0 ; # com/android/tools/r8/internal/B5$$Lambda+0x000001eca11b7400
instanceKlass  @bci com/android/tools/r8/internal/i7 a (Lcom/android/tools/r8/internal/sa;)Lcom/android/tools/r8/internal/y5; 1 <appendix> member <vmtarget> ; # com/android/tools/r8/internal/i7$$Lambda+0x000001eca11b71c8
instanceKlass com/android/tools/r8/internal/i7
instanceKlass  @bci com/android/tools/r8/internal/B5 d (Lcom/android/tools/r8/graph/u1;)V 1147 <appendix> argL0 ; # com/android/tools/r8/internal/B5$$Lambda+0x000001eca11b6da0
instanceKlass  @bci com/android/tools/r8/internal/B5 d (Lcom/android/tools/r8/graph/u1;)V 1076 <appendix> argL0 ; # com/android/tools/r8/internal/B5$$Lambda+0x000001eca11b6b80
instanceKlass  @bci com/android/tools/r8/internal/Rx a ()Lcom/android/tools/r8/internal/y5; 0 <appendix> argL0 ; # com/android/tools/r8/internal/Rx$$Lambda+0x000001eca11b6950
instanceKlass com/android/tools/r8/internal/Rx
instanceKlass  @bci com/android/tools/r8/internal/B5 d (Lcom/android/tools/r8/graph/u1;)V 736 <appendix> argL0 ; # com/android/tools/r8/internal/B5$$Lambda+0x000001eca11b6528
instanceKlass  @bci com/android/tools/r8/internal/B5 d (Lcom/android/tools/r8/graph/u1;)V 465 <appendix> argL0 ; # com/android/tools/r8/internal/B5$$Lambda+0x000001eca11b6308
instanceKlass  @cpi com/android/tools/r8/internal/bf 39 form vmentry <vmtarget> ; # java/lang/invoke/LambdaForm$DMH+0x000001eca11b8000
instanceKlass com/android/tools/r8/internal/K5
instanceKlass com/android/tools/r8/internal/H5
instanceKlass com/android/tools/r8/internal/s5
instanceKlass  @bci com/android/tools/r8/internal/G20 a ()Lcom/android/tools/r8/internal/y5; 0 <appendix> argL0 ; # com/android/tools/r8/internal/G20$$Lambda+0x000001eca11b5ad0
instanceKlass  @bci com/android/tools/r8/internal/G20 b ()Lcom/android/tools/r8/internal/y5; 0 <appendix> argL0 ; # com/android/tools/r8/internal/G20$$Lambda+0x000001eca11b58a0
instanceKlass com/android/tools/r8/internal/G20
instanceKlass com/android/tools/r8/internal/v5
instanceKlass com/android/tools/r8/internal/y5
instanceKlass com/android/tools/r8/internal/z5
instanceKlass com/android/tools/r8/internal/B5
instanceKlass com/android/tools/r8/internal/J5
instanceKlass com/android/tools/r8/internal/ZZ
instanceKlass com/android/tools/r8/internal/E9
instanceKlass com/android/tools/r8/internal/XZ
instanceKlass com/android/tools/r8/internal/Z9
instanceKlass com/android/tools/r8/internal/aa
instanceKlass java/util/Collections$2
instanceKlass  @bci com/android/tools/r8/internal/xB <init> (Lcom/android/tools/r8/graph/y;)V 628 <appendix> member <vmtarget> ; # com/android/tools/r8/internal/xB$$Lambda+0x000001eca11b23f0
instanceKlass com/android/tools/r8/internal/fA
instanceKlass com/android/tools/r8/ir/optimize/M
instanceKlass  @bci com/android/tools/r8/ir/optimize/f <init> (Lcom/android/tools/r8/graph/y;)V 93 <appendix> member <vmtarget> ; # com/android/tools/r8/ir/optimize/f$$Lambda+0x000001eca11b1728
instanceKlass java/util/ArrayList$ArrayListSpliterator
instanceKlass com/android/tools/r8/ir/optimize/d
instanceKlass com/android/tools/r8/ir/optimize/e
instanceKlass com/android/tools/r8/ir/optimize/F
instanceKlass com/android/tools/r8/ir/optimize/w
instanceKlass com/android/tools/r8/internal/Be
instanceKlass com/android/tools/r8/ir/optimize/y0
instanceKlass com/android/tools/r8/internal/I7
instanceKlass com/android/tools/r8/internal/LE
instanceKlass com/android/tools/r8/internal/Jq0
instanceKlass com/android/tools/r8/internal/Kq0
instanceKlass com/android/tools/r8/internal/Zj
instanceKlass com/android/tools/r8/internal/fK
instanceKlass com/android/tools/r8/internal/zx0
instanceKlass com/android/tools/r8/internal/De
instanceKlass com/android/tools/r8/internal/oH
instanceKlass com/android/tools/r8/ir/optimize/x
instanceKlass com/android/tools/r8/graph/R5
instanceKlass com/android/tools/r8/graph/P5
instanceKlass com/android/tools/r8/graph/d
instanceKlass com/android/tools/r8/shaking/j
instanceKlass com/android/tools/r8/graph/h3
instanceKlass com/android/tools/r8/graph/w5
instanceKlass com/android/tools/r8/graph/t5
instanceKlass com/android/tools/r8/shaking/z1
instanceKlass com/android/tools/r8/internal/ui
instanceKlass com/android/tools/r8/internal/Sa
instanceKlass com/android/tools/r8/internal/Wa
instanceKlass com/android/tools/r8/internal/m5
instanceKlass com/android/tools/r8/internal/n5
instanceKlass com/android/tools/r8/internal/Km
instanceKlass com/android/tools/r8/internal/Mm
instanceKlass com/android/tools/r8/internal/Om
instanceKlass com/android/tools/r8/internal/iJ
instanceKlass com/android/tools/r8/internal/Am
instanceKlass com/android/tools/r8/internal/ym
instanceKlass com/android/tools/r8/internal/Pc
instanceKlass com/android/tools/r8/internal/sX
instanceKlass com/android/tools/r8/internal/bU
instanceKlass com/android/tools/r8/internal/yB
instanceKlass com/android/tools/r8/internal/jE
instanceKlass com/android/tools/r8/internal/ex
instanceKlass com/android/tools/r8/internal/Ep0
instanceKlass com/android/tools/r8/internal/vv
instanceKlass com/android/tools/r8/internal/Wn
instanceKlass com/android/tools/r8/internal/d2
instanceKlass com/android/tools/r8/internal/h60
instanceKlass com/android/tools/r8/internal/mY
instanceKlass com/android/tools/r8/internal/kY
instanceKlass com/android/tools/r8/internal/lD
instanceKlass com/android/tools/r8/internal/RX
instanceKlass com/android/tools/r8/internal/Ae
instanceKlass com/android/tools/r8/internal/NW
instanceKlass com/android/tools/r8/internal/t20
instanceKlass com/android/tools/r8/internal/Ju
instanceKlass com/android/tools/r8/internal/H50
instanceKlass com/android/tools/r8/internal/ca
instanceKlass com/android/tools/r8/internal/xB
instanceKlass com/android/tools/r8/internal/Zy
instanceKlass com/android/tools/r8/internal/i60
instanceKlass com/android/tools/r8/internal/f2
instanceKlass com/android/tools/r8/internal/p7
instanceKlass com/android/tools/r8/internal/Iy0
instanceKlass com/android/tools/r8/internal/J9
instanceKlass com/android/tools/r8/internal/KF
instanceKlass com/android/tools/r8/internal/M
instanceKlass com/android/tools/r8/internal/RF
instanceKlass com/android/tools/r8/internal/G70
instanceKlass com/android/tools/r8/internal/RD
instanceKlass com/android/tools/r8/internal/Q5
instanceKlass com/android/tools/r8/internal/An0
instanceKlass com/android/tools/r8/internal/vy
instanceKlass com/android/tools/r8/internal/o80
instanceKlass com/android/tools/r8/internal/ND
instanceKlass com/android/tools/r8/internal/DI
instanceKlass com/android/tools/r8/internal/yG
instanceKlass com/android/tools/r8/internal/H9$a
instanceKlass  @bci java/util/ArrayDeque copyElements (Ljava/util/Collection;)V 2 <appendix> member <vmtarget> ; # java/util/ArrayDeque$$Lambda+0x000001eca105a9e0
instanceKlass com/android/tools/r8/internal/dA
instanceKlass com/android/tools/r8/position/TextRange
instanceKlass com/android/tools/r8/internal/Mb
instanceKlass com/android/tools/r8/internal/vb
instanceKlass com/android/tools/r8/internal/v8
instanceKlass com/android/tools/r8/internal/L
instanceKlass com/android/tools/r8/position/TextPosition
instanceKlass com/android/tools/r8/internal/wG
instanceKlass com/android/tools/r8/internal/SF
instanceKlass com/android/tools/r8/internal/io0
instanceKlass com/android/tools/r8/graph/g6
instanceKlass com/android/tools/r8/internal/P8
instanceKlass com/android/tools/r8/internal/M9
instanceKlass com/android/tools/r8/internal/Dr0
instanceKlass com/android/tools/r8/graph/G$a
instanceKlass com/android/tools/r8/internal/X
# instanceKlass com/android/tools/r8/graph/w4$$Lambda+0x000001eca11710d8
# instanceKlass com/android/tools/r8/graph/w4$$Lambda+0x000001eca1170e90
instanceKlass  @bci com/android/tools/r8/graph/w4 a (Lcom/android/tools/r8/graph/j0;)Lcom/android/tools/r8/graph/j0; 6 <appendix> member <vmtarget> ; # com/android/tools/r8/graph/w4$$Lambda+0x000001eca1170c48
# instanceKlass com/android/tools/r8/graph/w4$$Lambda+0x000001eca116fd50
instanceKlass com/android/tools/r8/graph/j0
instanceKlass com/android/tools/r8/internal/D1
instanceKlass com/android/tools/r8/internal/Lt0
instanceKlass com/android/tools/r8/internal/ub
instanceKlass com/android/tools/r8/internal/Na
instanceKlass com/android/tools/r8/internal/La
# instanceKlass com/android/tools/r8/graph/w4$$Lambda+0x000001eca116ce70
# instanceKlass com/android/tools/r8/graph/w4$$Lambda+0x000001eca116cc30
# instanceKlass com/android/tools/r8/graph/w4$$Lambda+0x000001eca116c9f0
instanceKlass  @bci com/android/tools/r8/graph/w4 b (Lcom/android/tools/r8/internal/DR;)Lcom/android/tools/r8/internal/ma; 5 <appendix> argL0 ; # com/android/tools/r8/graph/w4$$Lambda+0x000001eca116c7b0
# instanceKlass com/android/tools/r8/graph/w4$$Lambda+0x000001eca116c570
instanceKlass com/android/tools/r8/internal/hI
instanceKlass com/android/tools/r8/internal/UH
# instanceKlass com/android/tools/r8/graph/s4$$Lambda+0x000001eca116bf48
# instanceKlass com/android/tools/r8/graph/s4$$Lambda+0x000001eca116bd20
# instanceKlass com/android/tools/r8/graph/s4$$Lambda+0x000001eca116baf8
# instanceKlass com/android/tools/r8/graph/s4$$Lambda+0x000001eca116b8d0
# instanceKlass com/android/tools/r8/graph/s4$$Lambda+0x000001eca116b6a8
instanceKlass  @bci com/android/tools/r8/graph/s4 a (ILjava/lang/String;Ljava/lang/String;Ljava/lang/String;[Ljava/lang/String;)Lcom/android/tools/r8/internal/rY; 82 <appendix> member <vmtarget> ; # com/android/tools/r8/graph/s4$$Lambda+0x000001eca1163d68
instanceKlass com/android/tools/r8/internal/H70
instanceKlass  @bci com/android/tools/r8/internal/ss0 a ()Ljava/util/ArrayList; 19 <appendix> member <vmtarget> ; # com/android/tools/r8/internal/ss0$$Lambda+0x000001eca1167d78
instanceKlass com/android/tools/r8/internal/wy
instanceKlass com/android/tools/r8/internal/gI
instanceKlass com/android/tools/r8/internal/Nb
instanceKlass com/android/tools/r8/graph/u4
instanceKlass com/android/tools/r8/internal/bL
# instanceKlass com/android/tools/r8/graph/S4$$Lambda+0x000001eca115f990
instanceKlass  @bci com/android/tools/r8/graph/S4 k ()Ljava/util/Iterator; 16 <appendix> member <vmtarget> ; # com/android/tools/r8/graph/S4$$Lambda+0x000001eca115f428
instanceKlass  @cpi com/android/tools/r8/internal/Hf0 383 form vmentry <vmtarget> ; # java/lang/invoke/LambdaForm$DMH+0x000001eca115dc00
instanceKlass com/android/tools/r8/graph/t4
# instanceKlass com/android/tools/r8/graph/x4$$Lambda+0x000001eca115e418
instanceKlass  @bci com/android/tools/r8/graph/x4 V ()Lcom/android/tools/r8/graph/G; 12 <appendix> member <vmtarget> ; # com/android/tools/r8/graph/x4$$Lambda+0x000001eca115bc00
instanceKlass com/android/tools/r8/graph/f3
# instanceKlass com/android/tools/r8/graph/S4$$Lambda+0x000001eca115ac30
instanceKlass  @bci com/android/tools/r8/graph/S4 c ()Ljava/lang/Iterable; 1 <appendix> member <vmtarget> ; # com/android/tools/r8/graph/S4$$Lambda+0x000001eca115a9e8
instanceKlass  @bci com/android/tools/r8/ir/optimize/b0 a (Lcom/android/tools/r8/internal/ME;)Z 246 <adapter> ; # java/lang/invoke/LambdaForm$MH+0x000001eca115d800
# instanceKlass java/lang/invoke/LambdaForm$DMH+0x000001eca115d400
instanceKlass  @bci com/android/tools/r8/ir/optimize/b0 a (Lcom/android/tools/r8/internal/ME;)Z 246 <appendix> form vmentry <vmtarget> ; # java/lang/invoke/LambdaForm$DMH+0x000001eca115d000
instanceKlass  @bci com/android/tools/r8/internal/Fs0 a (Lcom/android/tools/r8/internal/ss0;Lcom/android/tools/r8/internal/Xs0;ILjava/lang/Object;)V 5 <appendix> member <vmtarget> ; # com/android/tools/r8/internal/Fs0$$Lambda+0x000001eca115a7c0
instanceKlass  @bci com/android/tools/r8/internal/my a (Lcom/android/tools/r8/internal/mI;)V 9 <appendix> member <vmtarget> ; # com/android/tools/r8/internal/my$$Lambda+0x000001eca115a588
instanceKlass com/android/tools/r8/internal/VH
instanceKlass  @bci com/android/tools/r8/internal/Fs0 a (Lcom/android/tools/r8/internal/my;Lcom/android/tools/r8/internal/Xs0;Ljava/util/function/Predicate;Lcom/android/tools/r8/threading/ThreadingModule;Ljava/util/concurrent/ExecutorService;)Ljava/util/ArrayList; 20 <appendix> member <vmtarget> ; # com/android/tools/r8/internal/Fs0$$Lambda+0x000001eca115a118
instanceKlass  @cpi com/android/tools/r8/internal/Fs0 71 form vmentry <vmtarget> ; # java/lang/invoke/LambdaForm$DMH+0x000001eca115cc00
instanceKlass com/android/tools/r8/internal/mI
instanceKlass  @bci com/android/tools/r8/internal/Fs0 a (Lcom/android/tools/r8/internal/my;Lcom/android/tools/r8/internal/Ws0;Lcom/android/tools/r8/threading/ThreadingModule;Ljava/util/concurrent/ExecutorService;)V 2 <appendix> member <vmtarget> ; # com/android/tools/r8/internal/Fs0$$Lambda+0x000001eca1159cf0
instanceKlass com/android/tools/r8/internal/Xs0
instanceKlass  @bci com/android/tools/r8/internal/Fs0 a (Ljava/util/Collection;Lcom/android/tools/r8/internal/nU;Lcom/android/tools/r8/threading/ThreadingModule;Ljava/util/concurrent/ExecutorService;Lcom/android/tools/r8/internal/Fs0$a;)V 26 <appendix> member <vmtarget> ; # com/android/tools/r8/internal/Fs0$$Lambda+0x000001eca11598c8
instanceKlass  @cpi com/android/tools/r8/internal/Fs0 121 form vmentry <vmtarget> ; # java/lang/invoke/LambdaForm$DMH+0x000001eca115c800
instanceKlass com/android/tools/r8/internal/Ws0
instanceKlass  @bci com/android/tools/r8/internal/Fs0 a (Ljava/util/Collection;Lcom/android/tools/r8/internal/nU;Lcom/android/tools/r8/threading/ThreadingModule;Ljava/util/concurrent/ExecutorService;Lcom/android/tools/r8/internal/Fs0$a;)V 15 <appendix> member <vmtarget> ; # com/android/tools/r8/internal/Fs0$$Lambda+0x000001eca1159490
instanceKlass  @cpi com/android/tools/r8/internal/Fs0 53 form vmentry <vmtarget> ; # java/lang/invoke/LambdaForm$DMH+0x000001eca115c400
instanceKlass com/android/tools/r8/internal/my
instanceKlass  @bci com/android/tools/r8/internal/Fs0 a (Ljava/util/Collection;Ljava/util/function/Consumer;Lcom/android/tools/r8/threading/ThreadingModule;Ljava/util/concurrent/ExecutorService;)V 2 <appendix> member <vmtarget> ; # com/android/tools/r8/internal/Fs0$$Lambda+0x000001eca1158e20
instanceKlass  @cpi com/android/tools/r8/internal/Gf0 132 form vmentry <vmtarget> ; # java/lang/invoke/LambdaForm$DMH+0x000001eca115c000
instanceKlass com/android/tools/r8/internal/nU
instanceKlass  @bci com/android/tools/r8/D8 d (Lcom/android/tools/r8/utils/i;Lcom/android/tools/r8/internal/QJ;Ljava/util/concurrent/ExecutorService;)V 337 <appendix> member <vmtarget> ; # com/android/tools/r8/D8$$Lambda+0x000001eca11589e8
instanceKlass  @bci java/util/stream/Collectors toList ()Ljava/util/stream/Collector; 14 <appendix> argL0 ; # java/util/stream/Collectors$$Lambda+0x000001eca10c4a48
instanceKlass  @bci java/util/stream/Collectors toList ()Ljava/util/stream/Collector; 9 <appendix> argL0 ; # java/util/stream/Collectors$$Lambda+0x000001eca104f9d0
instanceKlass  @bci java/util/stream/Collectors toList ()Ljava/util/stream/Collector; 4 <appendix> argL0 ; # java/util/stream/Collectors$$Lambda+0x000001eca104f560
instanceKlass  @bci com/android/tools/r8/internal/Yc <init> (Lcom/android/tools/r8/graph/y;)V 50 <appendix> member <vmtarget> ; # com/android/tools/r8/internal/Yc$$Lambda+0x000001eca11587a0
instanceKlass com/android/tools/r8/references/MethodReference
instanceKlass com/android/tools/r8/internal/Z40
instanceKlass com/android/tools/r8/internal/GX
instanceKlass com/android/tools/r8/internal/Gw
instanceKlass com/android/tools/r8/internal/X9
instanceKlass com/android/tools/r8/internal/Ma
instanceKlass com/android/tools/r8/internal/Yc
instanceKlass com/android/tools/r8/internal/o00
instanceKlass com/android/tools/r8/internal/zt0
instanceKlass com/android/tools/r8/internal/Ad0
instanceKlass com/android/tools/r8/internal/u1
instanceKlass com/android/tools/r8/internal/yd0
instanceKlass com/android/tools/r8/internal/Jw
instanceKlass com/android/tools/r8/ir/optimize/f
instanceKlass  @bci com/android/tools/r8/synthesis/E a (Lcom/android/tools/r8/graph/y;Lcom/android/tools/r8/synthesis/c;)V 18 <appendix> member <vmtarget> ; # com/android/tools/r8/synthesis/E$$Lambda+0x000001eca1150278
instanceKlass com/android/tools/r8/synthesis/c
instanceKlass  @bci com/android/tools/r8/internal/GV a (Ljava/util/function/Supplier;)Ljava/util/function/Function; 1 <appendix> member <vmtarget> ; # com/android/tools/r8/internal/GV$$Lambda+0x000001eca114ef08
instanceKlass  @bci com/android/tools/r8/shaking/k a (Lcom/android/tools/r8/graph/w2;)Lcom/android/tools/r8/internal/H4; 5 <appendix> argL0 ; # com/android/tools/r8/shaking/k$$Lambda+0x000001eca114ece8
instanceKlass com/android/tools/r8/internal/I4
instanceKlass com/android/tools/r8/internal/cg
instanceKlass com/android/tools/r8/internal/Kx0
instanceKlass  @bci com/android/tools/r8/graph/y <init> (Lcom/android/tools/r8/graph/h;Lcom/android/tools/r8/internal/o4;Lcom/android/tools/r8/internal/kp0;ILcom/android/tools/r8/internal/at0;)V 623 <appendix> member <vmtarget> ; # com/android/tools/r8/graph/y$$Lambda+0x000001eca114d6e8
instanceKlass com/android/tools/r8/androidapi/f$a
instanceKlass  @bci com/android/tools/r8/graph/y <init> (Lcom/android/tools/r8/graph/h;Lcom/android/tools/r8/internal/o4;Lcom/android/tools/r8/internal/kp0;ILcom/android/tools/r8/internal/at0;)V 602 <appendix> member <vmtarget> ; # com/android/tools/r8/graph/y$$Lambda+0x000001eca114c968
instanceKlass com/android/tools/r8/androidapi/a
instanceKlass  @bci com/android/tools/r8/graph/y <init> (Lcom/android/tools/r8/graph/h;Lcom/android/tools/r8/internal/o4;Lcom/android/tools/r8/internal/kp0;ILcom/android/tools/r8/internal/at0;)V 581 <appendix> member <vmtarget> ; # com/android/tools/r8/graph/y$$Lambda+0x000001eca114c4f8
instanceKlass com/android/tools/r8/internal/Cb0
instanceKlass  @bci com/android/tools/r8/internal/FS a ()V 43 <appendix> member <vmtarget> ; # com/android/tools/r8/internal/FS$$Lambda+0x000001eca114c0b0
instanceKlass  @bci com/android/tools/r8/internal/FS <init> (Lcom/android/tools/r8/graph/y;Lcom/android/tools/r8/internal/at0;)V 315 <appendix> member <vmtarget> ; # com/android/tools/r8/internal/FS$$Lambda+0x000001eca114be88
instanceKlass com/android/tools/r8/internal/GS
instanceKlass com/android/tools/r8/internal/nq0
instanceKlass com/android/tools/r8/internal/qw
instanceKlass com/android/tools/r8/internal/FE
instanceKlass com/android/tools/r8/internal/Bx0
instanceKlass  @bci com/android/tools/r8/internal/FS <init> (Lcom/android/tools/r8/graph/y;Lcom/android/tools/r8/internal/at0;)V 46 <appendix> member <vmtarget> ; # com/android/tools/r8/internal/FS$$Lambda+0x000001eca1145d70
instanceKlass com/android/tools/r8/internal/xp0
instanceKlass com/android/tools/r8/internal/RE
instanceKlass com/android/tools/r8/internal/h80
instanceKlass com/android/tools/r8/internal/NE
instanceKlass com/android/tools/r8/internal/v00
instanceKlass com/android/tools/r8/internal/tE
instanceKlass com/android/tools/r8/internal/hE
instanceKlass com/android/tools/r8/internal/rR
instanceKlass com/android/tools/r8/internal/p
instanceKlass com/android/tools/r8/internal/HS
instanceKlass  @bci com/android/tools/r8/graph/y <init> (Lcom/android/tools/r8/graph/h;Lcom/android/tools/r8/internal/o4;Lcom/android/tools/r8/internal/kp0;ILcom/android/tools/r8/internal/at0;)V 560 <appendix> member <vmtarget> ; # com/android/tools/r8/graph/y$$Lambda+0x000001eca113eb30
instanceKlass com/android/tools/r8/internal/FS
instanceKlass  @bci com/android/tools/r8/internal/JS a (Lcom/android/tools/r8/graph/y;Lcom/android/tools/r8/graph/u1;)Lcom/android/tools/r8/internal/AC; 134 <appendix> member <vmtarget> ; # com/android/tools/r8/internal/JS$$Lambda+0x000001eca113e6c8
instanceKlass  @bci com/android/tools/r8/internal/JS a (Lcom/android/tools/r8/graph/y;Lcom/android/tools/r8/graph/u1;)Lcom/android/tools/r8/internal/AC; 88 <appendix> member <vmtarget> ; # com/android/tools/r8/internal/JS$$Lambda+0x000001eca113e470
instanceKlass  @cpi com/android/tools/r8/internal/Hf0 363 form vmentry <vmtarget> ; # java/lang/invoke/LambdaForm$DMH+0x000001eca1140000
instanceKlass  @bci com/android/tools/r8/internal/JS a (Lcom/android/tools/r8/graph/y;Lcom/android/tools/r8/graph/u1;)Lcom/android/tools/r8/internal/AC; 68 <appendix> member <vmtarget> ; # com/android/tools/r8/internal/JS$$Lambda+0x000001eca113e218
instanceKlass  @bci com/android/tools/r8/internal/JS a (Lcom/android/tools/r8/graph/y;Lcom/android/tools/r8/graph/u1;)Lcom/android/tools/r8/internal/AC; 51 <appendix> argL0 ; # com/android/tools/r8/internal/JS$$Lambda+0x000001eca113dfc8
instanceKlass  @bci com/android/tools/r8/internal/JS a (Lcom/android/tools/r8/graph/y;Lcom/android/tools/r8/graph/u1;)Lcom/android/tools/r8/internal/AC; 34 <appendix> member <vmtarget> ; # com/android/tools/r8/internal/JS$$Lambda+0x000001eca113dd70
instanceKlass  @cpi com/android/tools/r8/internal/US 1741 form vmentry <vmtarget> ; # java/lang/invoke/LambdaForm$DMH+0x000001eca1134400
instanceKlass  @bci com/android/tools/r8/internal/JS a (Lcom/android/tools/r8/graph/y;Lcom/android/tools/r8/graph/u1;)Lcom/android/tools/r8/internal/AC; 17 <appendix> argL0 ; # com/android/tools/r8/internal/JS$$Lambda+0x000001eca113db20
instanceKlass  @bci com/android/tools/r8/graph/y <init> (Lcom/android/tools/r8/graph/h;Lcom/android/tools/r8/internal/o4;Lcom/android/tools/r8/internal/kp0;ILcom/android/tools/r8/internal/at0;)V 537 <appendix> member <vmtarget> ; # com/android/tools/r8/graph/y$$Lambda+0x000001eca113d8f8
instanceKlass com/android/tools/r8/internal/JS
instanceKlass  @bci com/android/tools/r8/graph/y <init> (Lcom/android/tools/r8/graph/h;Lcom/android/tools/r8/internal/o4;Lcom/android/tools/r8/internal/kp0;ILcom/android/tools/r8/internal/at0;)V 400 <appendix> argL0 ; # com/android/tools/r8/graph/y$$Lambda+0x000001eca113d4c8
instanceKlass com/android/tools/r8/internal/HD
instanceKlass  @bci com/android/tools/r8/graph/y <init> (Lcom/android/tools/r8/graph/h;Lcom/android/tools/r8/internal/o4;Lcom/android/tools/r8/internal/kp0;ILcom/android/tools/r8/internal/at0;)V 380 <appendix> member <vmtarget> ; # com/android/tools/r8/graph/y$$Lambda+0x000001eca113ca38
instanceKlass com/android/tools/r8/internal/ot
instanceKlass com/android/tools/r8/internal/K1
instanceKlass com/android/tools/r8/internal/G1
instanceKlass  @bci com/android/tools/r8/graph/y <init> (Lcom/android/tools/r8/graph/h;Lcom/android/tools/r8/internal/o4;Lcom/android/tools/r8/internal/kp0;ILcom/android/tools/r8/internal/at0;)V 258 <appendix> member <vmtarget> ; # com/android/tools/r8/graph/y$$Lambda+0x000001eca113ba00
instanceKlass com/android/tools/r8/internal/Pf
instanceKlass com/android/tools/r8/internal/St
instanceKlass com/android/tools/r8/internal/u6
instanceKlass com/android/tools/r8/internal/PA
instanceKlass com/android/tools/r8/internal/QW
instanceKlass  @bci com/android/tools/r8/internal/Vm0 <init> ()V 91 <appendix> member <vmtarget> ; # com/android/tools/r8/internal/Vm0$$Lambda+0x000001eca113ac88
instanceKlass com/android/tools/r8/internal/e20
instanceKlass  @bci com/android/tools/r8/internal/Vm0 <init> ()V 72 <appendix> member <vmtarget> ; # com/android/tools/r8/internal/Vm0$$Lambda+0x000001eca113a120
instanceKlass  @bci com/android/tools/r8/internal/Vm0 <init> ()V 53 <appendix> member <vmtarget> ; # com/android/tools/r8/internal/Vm0$$Lambda+0x000001eca1139d00
instanceKlass  @bci com/android/tools/r8/internal/Vm0 <init> ()V 34 <appendix> member <vmtarget> ; # com/android/tools/r8/internal/Vm0$$Lambda+0x000001eca1139ad8
instanceKlass com/android/tools/r8/internal/ME
instanceKlass com/android/tools/r8/internal/rW
instanceKlass com/android/tools/r8/internal/SE
instanceKlass com/android/tools/r8/internal/TE
instanceKlass com/android/tools/r8/internal/I
instanceKlass com/android/tools/r8/internal/QF
instanceKlass  @bci com/android/tools/r8/internal/Vm0 <init> ()V 15 <appendix> member <vmtarget> ; # com/android/tools/r8/internal/Vm0$$Lambda+0x000001eca11353f0
instanceKlass com/android/tools/r8/internal/Vm0
instanceKlass com/android/tools/r8/internal/iE
instanceKlass com/android/tools/r8/internal/fY
instanceKlass com/android/tools/r8/internal/wW
instanceKlass com/android/tools/r8/internal/co
instanceKlass  @bci com/android/tools/r8/shaking/k a (Ljava/util/function/BiConsumer;)V 5 <appendix> member <vmtarget> ; # com/android/tools/r8/shaking/k$$Lambda+0x000001eca1133640
instanceKlass com/android/tools/r8/internal/H4
instanceKlass  @bci com/android/tools/r8/internal/GV a (Lcom/android/tools/r8/internal/g6;I)Ljava/util/IdentityHashMap; 11 <appendix> member <vmtarget> ; # com/android/tools/r8/internal/GV$$Lambda+0x000001eca11331f8
instanceKlass  @cpi com/android/tools/r8/internal/GV 94 form vmentry <vmtarget> ; # java/lang/invoke/LambdaForm$DMH+0x000001eca1134000
instanceKlass com/android/tools/r8/internal/GV
instanceKlass  @bci com/android/tools/r8/shaking/k a ()Lcom/android/tools/r8/shaking/l; 5 <appendix> member <vmtarget> ; # com/android/tools/r8/shaking/k$$Lambda+0x000001eca1132dc8
instanceKlass com/android/tools/r8/internal/g6
instanceKlass com/android/tools/r8/shaking/l
instanceKlass com/android/tools/r8/shaking/k
instanceKlass com/android/tools/r8/internal/l1
instanceKlass  @bci com/android/tools/r8/internal/kp0 a (Lcom/android/tools/r8/graph/x0;)Lcom/android/tools/r8/internal/kp0; 5 <appendix> member <vmtarget> ; # com/android/tools/r8/internal/kp0$$Lambda+0x000001eca1131770
instanceKlass com/android/tools/r8/startup/diagnostic/MissingStartupProfileItemsDiagnostic$a
instanceKlass com/android/tools/r8/startup/StartupProfileBuilder
instanceKlass com/android/tools/r8/internal/kp0
instanceKlass com/android/tools/r8/internal/m1
instanceKlass  @bci com/android/tools/r8/internal/v4 a ()Ljava/util/List; 88 <appendix> argL0 ; # com/android/tools/r8/internal/v4$$Lambda+0x000001eca11309a0
instanceKlass com/android/tools/r8/profile/art/ArtProfileBuilder
instanceKlass com/android/tools/r8/internal/o4
instanceKlass com/android/tools/r8/internal/Jf
instanceKlass com/android/tools/r8/naming/q0
instanceKlass com/android/tools/r8/internal/X40
instanceKlass com/android/tools/r8/internal/q6
instanceKlass com/android/tools/r8/internal/m6
instanceKlass com/android/tools/r8/internal/o6
instanceKlass com/android/tools/r8/internal/l6
instanceKlass  @bci com/android/tools/r8/D8 a (Lcom/android/tools/r8/utils/i;Lcom/android/tools/r8/internal/QJ;Ljava/util/concurrent/ExecutorService;Lcom/android/tools/r8/internal/at0;)Lcom/android/tools/r8/graph/y; 74 <appendix> member <vmtarget> ; # com/android/tools/r8/D8$$Lambda+0x000001eca112ea70
instanceKlass com/android/tools/r8/internal/V6
instanceKlass com/android/tools/r8/synthesis/F
instanceKlass com/android/tools/r8/synthesis/d
instanceKlass com/android/tools/r8/synthesis/b
instanceKlass com/android/tools/r8/SyntheticInfoConsumerData
instanceKlass com/android/tools/r8/synthesis/Y
instanceKlass com/android/tools/r8/synthesis/s
instanceKlass com/android/tools/r8/synthesis/t
instanceKlass com/android/tools/r8/synthesis/m
instanceKlass com/android/tools/r8/synthesis/k
instanceKlass com/android/tools/r8/synthesis/Z
instanceKlass com/android/tools/r8/internal/jy
instanceKlass com/android/tools/r8/graph/a6
instanceKlass com/android/tools/r8/graph/M4
instanceKlass com/android/tools/r8/shaking/n2
instanceKlass com/android/tools/r8/shaking/p2
instanceKlass com/android/tools/r8/internal/Uz
instanceKlass com/android/tools/r8/internal/he
instanceKlass  @bci com/android/tools/r8/synthesis/E$a e ()Lcom/android/tools/r8/synthesis/E$a; 7 <appendix> member <vmtarget> ; # com/android/tools/r8/synthesis/E$a$$Lambda+0x000001eca1112a80
instanceKlass com/android/tools/r8/synthesis/E
instanceKlass com/android/tools/r8/synthesis/C
instanceKlass com/android/tools/r8/synthesis/A
instanceKlass com/android/tools/r8/synthesis/E$a
instanceKlass  @bci com/android/tools/r8/D8 a (Lcom/android/tools/r8/utils/i;Lcom/android/tools/r8/internal/QJ;Ljava/util/concurrent/ExecutorService;Lcom/android/tools/r8/internal/at0;)Lcom/android/tools/r8/graph/y; 58 <appendix> member <vmtarget> ; # com/android/tools/r8/D8$$Lambda+0x000001eca112bc78
instanceKlass com/android/tools/r8/internal/Zs0
instanceKlass  @bci com/android/tools/r8/internal/O80 a (Ljava/util/ArrayList;Lcom/android/tools/r8/dex/b;)Lcom/android/tools/r8/internal/O80; 40 <appendix> member <vmtarget> ; # com/android/tools/r8/internal/O80$$Lambda+0x000001eca112b840
instanceKlass java/util/concurrent/ConcurrentLinkedQueue$Itr
instanceKlass com/android/tools/r8/graph/z0
instanceKlass com/android/tools/r8/dex/W
instanceKlass com/android/tools/r8/internal/qv0
instanceKlass  @bci com/android/tools/r8/graph/o4 a (ILjava/lang/String;Z)Lcom/android/tools/r8/internal/Q2; 116 <appendix> argL0 ; # com/android/tools/r8/graph/o4$$Lambda+0x000001eca1129c70
# instanceKlass com/android/tools/r8/graph/J3$$Lambda+0x000001eca1129a38
# instanceKlass com/android/tools/r8/graph/J3$$Lambda+0x000001eca1129800
# instanceKlass com/android/tools/r8/graph/J3$$Lambda+0x000001eca11295c8
instanceKlass  @bci com/android/tools/r8/graph/J3 a ()Lcom/android/tools/r8/graph/G3$b; 16 <appendix> member <vmtarget> ; # com/android/tools/r8/graph/J3$$Lambda+0x000001eca1129390
instanceKlass com/android/tools/r8/graph/I3
# instanceKlass com/android/tools/r8/graph/l4$$Lambda+0x000001eca1128468
instanceKlass  @bci com/android/tools/r8/graph/l4 a (Ljava/lang/String;Ljava/lang/String;)Lcom/android/tools/r8/internal/Q2; 12 <appendix> member <vmtarget> ; # com/android/tools/r8/graph/l4$$Lambda+0x000001eca1128230
instanceKlass  @cpi com/android/tools/r8/internal/lo0 190 form vmentry <vmtarget> ; # java/lang/invoke/LambdaForm$DMH+0x000001eca112c400
instanceKlass  @bci com/android/tools/r8/graph/n4 a (Ljava/lang/String;Z)Lcom/android/tools/r8/internal/Q2; 219 <appendix> argL0 ; # com/android/tools/r8/graph/n4$$Lambda+0x000001eca1128000
# instanceKlass com/android/tools/r8/graph/J3$$Lambda+0x000001eca1120c70
# instanceKlass com/android/tools/r8/graph/J3$$Lambda+0x000001eca1120a38
instanceKlass  @bci com/android/tools/r8/graph/J3 d ()Lcom/android/tools/r8/graph/G3$g; 14 <appendix> member <vmtarget> ; # com/android/tools/r8/graph/J3$$Lambda+0x000001eca1120800
# instanceKlass com/android/tools/r8/graph/J3$$Lambda+0x000001eca1121c80
# instanceKlass com/android/tools/r8/graph/o4$$Lambda+0x000001eca1121a48
instanceKlass  @bci com/android/tools/r8/graph/o4 a ()Lcom/android/tools/r8/internal/Q2; 13 <appendix> member <vmtarget> ; # com/android/tools/r8/graph/o4$$Lambda+0x000001eca1121810
instanceKlass com/android/tools/r8/graph/G3$f
# instanceKlass com/android/tools/r8/graph/l4$$Lambda+0x000001eca1123738
instanceKlass  @bci com/android/tools/r8/graph/l4 a (Ljava/lang/String;)Lcom/android/tools/r8/internal/Q2; 11 <appendix> member <vmtarget> ; # com/android/tools/r8/graph/l4$$Lambda+0x000001eca11232d0
instanceKlass  @cpi com/android/tools/r8/graph/X4 365 form vmentry <vmtarget> ; # java/lang/invoke/LambdaForm$DMH+0x000001eca1120400
instanceKlass com/android/tools/r8/graph/J3
instanceKlass com/android/tools/r8/graph/s5
# instanceKlass com/android/tools/r8/graph/m4$$Lambda+0x000001eca1122868
instanceKlass  @bci com/android/tools/r8/graph/m4 a (Ljava/lang/String;Z)Lcom/android/tools/r8/internal/Q2; 136 <appendix> argL0 ; # com/android/tools/r8/graph/m4$$Lambda+0x000001eca1122638
instanceKlass com/android/tools/r8/dex/t
# instanceKlass com/android/tools/r8/graph/s3$$Lambda+0x000001eca1122000
# instanceKlass com/android/tools/r8/graph/s3$$Lambda+0x000001eca1127c38
# instanceKlass com/android/tools/r8/graph/s3$$Lambda+0x000001eca1127a00
# instanceKlass com/android/tools/r8/graph/s3$$Lambda+0x000001eca11277c8
# instanceKlass com/android/tools/r8/graph/s3$$Lambda+0x000001eca1127578
instanceKlass  @bci com/android/tools/r8/graph/s3 a ([Lcom/android/tools/r8/graph/g1;)V 1 <appendix> argL0 ; # com/android/tools/r8/graph/s3$$Lambda+0x000001eca1127328
instanceKlass com/android/tools/r8/internal/pv
# instanceKlass com/android/tools/r8/graph/s3$$Lambda+0x000001eca1126ee8
instanceKlass  @bci com/android/tools/r8/graph/s3 a ([Lcom/android/tools/r8/graph/g1;Ljava/util/function/Predicate;)V 45 <appendix> member <vmtarget> ; # com/android/tools/r8/graph/s3$$Lambda+0x000001eca1126cb0
instanceKlass com/android/tools/r8/internal/Z30
instanceKlass com/android/tools/r8/graph/m1
# instanceKlass com/android/tools/r8/graph/s3$$Lambda+0x000001eca11264b8
# instanceKlass com/android/tools/r8/graph/s3$$Lambda+0x000001eca1126268
instanceKlass  @bci com/android/tools/r8/graph/s3 b ([Lcom/android/tools/r8/graph/g1;)V 1 <appendix> argL0 ; # com/android/tools/r8/graph/s3$$Lambda+0x000001eca1126018
instanceKlass com/android/tools/r8/internal/fE
# instanceKlass com/android/tools/r8/graph/S4$$Lambda+0x000001eca1124678
# instanceKlass com/android/tools/r8/graph/S4$$Lambda+0x000001eca1124440
instanceKlass  @bci com/android/tools/r8/graph/S4 b ([Lcom/android/tools/r8/graph/j1;)V 76 <appendix> member <vmtarget> ; # com/android/tools/r8/graph/S4$$Lambda+0x000001eca1124208
instanceKlass com/android/tools/r8/internal/a4
instanceKlass com/android/tools/r8/graph/G2
instanceKlass  @bci com/android/tools/r8/graph/r4 a (Ljava/lang/String;ZLjava/util/List;Lcom/android/tools/r8/graph/k4;Ljava/util/function/BiFunction;)Lcom/android/tools/r8/graph/l4; 60 <adapter> ; # java/lang/invoke/LambdaForm$MH+0x000001eca1120000
# instanceKlass java/lang/invoke/LambdaForm$DMH+0x000001eca111cc00
instanceKlass  @bci com/android/tools/r8/graph/r4 a (Ljava/lang/String;ZLjava/util/List;Lcom/android/tools/r8/graph/k4;Ljava/util/function/BiFunction;)Lcom/android/tools/r8/graph/l4; 60 <appendix> form vmentry <vmtarget> ; # java/lang/invoke/LambdaForm$DMH+0x000001eca111c800
instanceKlass  @bci com/android/tools/r8/graph/r4 a (Ljava/lang/String;ZLjava/util/List;Lcom/android/tools/r8/graph/k4;Ljava/util/function/BiFunction;)Lcom/android/tools/r8/graph/l4; 60 <appendix> member <vmtarget> ; # com/android/tools/r8/graph/r4$$Lambda+0x000001eca111fda0
instanceKlass com/android/tools/r8/internal/b40
instanceKlass com/android/tools/r8/internal/v40
instanceKlass com/android/tools/r8/internal/k40
instanceKlass com/android/tools/r8/internal/p40
# instanceKlass com/android/tools/r8/graph/R4$$Lambda+0x000001eca111f340
instanceKlass  @bci com/android/tools/r8/graph/R4 a (Ljava/util/function/Consumer;Ljava/util/function/Predicate;)V 3 <appendix> member <vmtarget> ; # com/android/tools/r8/graph/R4$$Lambda+0x000001eca111f0f8
# instanceKlass com/android/tools/r8/graph/S4$$Lambda+0x000001eca111bd10
instanceKlass  @bci com/android/tools/r8/graph/S4 a ([Lcom/android/tools/r8/graph/j1;)V 76 <appendix> member <vmtarget> ; # com/android/tools/r8/graph/S4$$Lambda+0x000001eca111bad8
instanceKlass com/android/tools/r8/internal/B40
instanceKlass  @cpi com/android/tools/r8/graph/r4 95 form vmentry <vmtarget> ; # java/lang/invoke/LambdaForm$DMH+0x000001eca111c400
instanceKlass com/android/tools/r8/internal/d40
instanceKlass  @bci com/android/tools/r8/graph/o4 a (Ljava/lang/String;Z)Lcom/android/tools/r8/internal/Q2; 220 <appendix> argL0 ; # com/android/tools/r8/graph/o4$$Lambda+0x000001eca1119908
instanceKlass  @cpi com/android/tools/r8/graph/n4 211 form vmentry <vmtarget> ; # java/lang/invoke/LambdaForm$DMH+0x000001eca111c000
instanceKlass com/android/tools/r8/internal/Mt0
# instanceKlass com/android/tools/r8/graph/Q4$a$$Lambda+0x000001eca11179c0
# instanceKlass com/android/tools/r8/graph/Q4$a$$Lambda+0x000001eca1117798
# instanceKlass com/android/tools/r8/graph/Q4$a$$Lambda+0x000001eca1117570
# instanceKlass com/android/tools/r8/graph/Q4$a$$Lambda+0x000001eca1117348
# instanceKlass com/android/tools/r8/graph/Q4$a$$Lambda+0x000001eca1117120
instanceKlass  @bci com/android/tools/r8/graph/Q4$a a ([Lcom/android/tools/r8/graph/j1;[Lcom/android/tools/r8/graph/j1;)Lcom/android/tools/r8/graph/Q4$a; 2 <appendix> member <vmtarget> ; # com/android/tools/r8/graph/Q4$a$$Lambda+0x000001eca1116ef8
# instanceKlass com/android/tools/r8/graph/Q4$a$$Lambda+0x000001eca1116cd0
# instanceKlass com/android/tools/r8/graph/Q4$a$$Lambda+0x000001eca1116aa8
instanceKlass com/android/tools/r8/graph/Q4
instanceKlass com/android/tools/r8/graph/R4
# instanceKlass com/android/tools/r8/graph/q3$a$$Lambda+0x000001eca1115d10
# instanceKlass com/android/tools/r8/graph/q3$a$$Lambda+0x000001eca1115ae8
# instanceKlass com/android/tools/r8/graph/q3$a$$Lambda+0x000001eca11158c0
instanceKlass com/android/tools/r8/graph/Q4$a
# instanceKlass com/android/tools/r8/graph/q3$a$$Lambda+0x000001eca1115498
instanceKlass  @bci java/util/stream/MatchOps makeRef (Ljava/util/function/Predicate;Ljava/util/stream/MatchOps$MatchKind;)Ljava/util/stream/TerminalOp; 20 <bsm> form vmentry <vmtarget> ; # java/lang/invoke/LambdaForm$DMH+0x000001eca1113800
# instanceKlass com/android/tools/r8/graph/q3$a$$Lambda+0x000001eca1115048
instanceKlass  @bci com/android/tools/r8/graph/q3$a a ([Lcom/android/tools/r8/graph/g1;[Lcom/android/tools/r8/graph/g1;)Lcom/android/tools/r8/graph/q3$a; 2 <appendix> member <vmtarget> ; # com/android/tools/r8/graph/q3$a$$Lambda+0x000001eca1115270
instanceKlass com/android/tools/r8/graph/q3
# instanceKlass com/android/tools/r8/graph/m4$$Lambda+0x000001eca11141f8
instanceKlass com/android/tools/r8/graph/r3
instanceKlass com/android/tools/r8/graph/q3$a
# instanceKlass com/android/tools/r8/graph/m4$$Lambda+0x000001eca110f030
# instanceKlass com/android/tools/r8/graph/m4$$Lambda+0x000001eca110ea20
# instanceKlass com/android/tools/r8/graph/m4$$Lambda+0x000001eca110e800
# instanceKlass com/android/tools/r8/graph/m4$$Lambda+0x000001eca110e5e0
# instanceKlass com/android/tools/r8/graph/m4$$Lambda+0x000001eca110e3c0
# instanceKlass com/android/tools/r8/graph/m4$$Lambda+0x000001eca110e1a0
instanceKlass  @bci com/android/tools/r8/graph/m4 a (Lcom/android/tools/r8/graph/V;)Lcom/android/tools/r8/graph/H2$a; 52 <appendix> argL0 ; # com/android/tools/r8/graph/m4$$Lambda+0x000001eca110df80
instanceKlass  @cpi com/android/tools/r8/graph/m4 759 form vmentry <vmtarget> ; # java/lang/invoke/LambdaForm$DMH+0x000001eca1111800
# instanceKlass java/lang/invoke/LambdaForm$DMH+0x000001eca1110800
instanceKlass com/android/tools/r8/internal/Wt0
instanceKlass com/android/tools/r8/graph/j1$a
instanceKlass com/android/tools/r8/internal/Qm0
instanceKlass com/android/tools/r8/internal/G8
instanceKlass com/android/tools/r8/internal/Mu
instanceKlass com/android/tools/r8/internal/sE
instanceKlass com/android/tools/r8/internal/hd
instanceKlass com/android/tools/r8/internal/JT
instanceKlass com/android/tools/r8/naming/V$c
instanceKlass com/android/tools/r8/internal/q70
instanceKlass com/android/tools/r8/internal/q70$a
instanceKlass com/android/tools/r8/internal/HX
instanceKlass com/android/tools/r8/graph/G3$h
instanceKlass com/android/tools/r8/graph/G3$g
instanceKlass com/android/tools/r8/androidapi/g
instanceKlass com/android/tools/r8/androidapi/e
instanceKlass com/android/tools/r8/kotlin/a0
instanceKlass com/android/tools/r8/kotlin/d0
instanceKlass com/android/tools/r8/kotlin/o
instanceKlass com/android/tools/r8/internal/eu
instanceKlass com/android/tools/r8/internal/jK
instanceKlass com/android/tools/r8/internal/i0
instanceKlass com/android/tools/r8/internal/v6
instanceKlass com/android/tools/r8/internal/rM
instanceKlass com/android/tools/r8/shaking/g3
instanceKlass com/android/tools/r8/kotlin/b0
instanceKlass com/android/tools/r8/internal/Gt
instanceKlass com/android/tools/r8/graph/g1$a
instanceKlass com/android/tools/r8/kotlin/F
instanceKlass com/android/tools/r8/kotlin/P
instanceKlass com/android/tools/r8/shaking/g0
instanceKlass com/android/tools/r8/internal/Hw
instanceKlass com/android/tools/r8/internal/yW
instanceKlass com/android/tools/r8/androidapi/f
instanceKlass com/android/tools/r8/internal/rv
instanceKlass com/android/tools/r8/graph/P
instanceKlass com/android/tools/r8/internal/fm
instanceKlass com/android/tools/r8/internal/NZ
instanceKlass com/android/tools/r8/internal/dd0
instanceKlass com/android/tools/r8/internal/ed0
instanceKlass com/android/tools/r8/internal/hs0
instanceKlass com/android/tools/r8/internal/md0
instanceKlass com/android/tools/r8/internal/Y9
# instanceKlass com/android/tools/r8/graph/k4$$Lambda+0x000001eca10bcdb0
instanceKlass com/android/tools/r8/internal/sv
instanceKlass com/android/tools/r8/graph/h4
# instanceKlass com/android/tools/r8/graph/k4$$Lambda+0x000001eca10bc6d8
# instanceKlass com/android/tools/r8/graph/k4$$Lambda+0x000001eca10bc490
# instanceKlass com/android/tools/r8/graph/k4$$Lambda+0x000001eca10b1900
# instanceKlass com/android/tools/r8/graph/k4$$Lambda+0x000001eca10bc248
# instanceKlass com/android/tools/r8/graph/k4$$Lambda+0x000001eca10bc000
instanceKlass  @bci com/android/tools/r8/graph/k4 d (Ljava/lang/String;)Lcom/android/tools/r8/graph/L2; 17 <appendix> member <vmtarget> ; # com/android/tools/r8/graph/k4$$Lambda+0x000001eca10b1d90
# instanceKlass com/android/tools/r8/graph/k4$$Lambda+0x000001eca10b1b48
instanceKlass  @cpi com/android/tools/r8/internal/x5 97 form vmentry <vmtarget> ; # java/lang/invoke/LambdaForm$DMH+0x000001eca10b8000
instanceKlass com/android/tools/r8/internal/vf0
# instanceKlass com/android/tools/r8/graph/k4$$Lambda+0x000001eca10b16c0
# instanceKlass com/android/tools/r8/graph/k4$$Lambda+0x000001eca10b1480
# instanceKlass com/android/tools/r8/graph/k4$$Lambda+0x000001eca10b1240
# instanceKlass com/android/tools/r8/graph/k4$$Lambda+0x000001eca10b1000
# instanceKlass com/android/tools/r8/graph/k4$$Lambda+0x000001eca10b3bb0
# instanceKlass com/android/tools/r8/graph/k4$$Lambda+0x000001eca10b3730
instanceKlass  @bci com/android/tools/r8/graph/k4 a (Ljava/lang/String;)Lcom/android/tools/r8/internal/qu0; 5 <appendix> argL0 ; # com/android/tools/r8/graph/k4$$Lambda+0x000001eca10b3970
instanceKlass com/android/tools/r8/internal/qu0
# instanceKlass com/android/tools/r8/internal/Rb$$Lambda+0x000001eca10b2640
# instanceKlass com/android/tools/r8/internal/Rb$$Lambda+0x000001eca10b2420
# instanceKlass com/android/tools/r8/internal/Rb$$Lambda+0x000001eca10b3300
# instanceKlass com/android/tools/r8/internal/Rb$$Lambda+0x000001eca10b30e0
# instanceKlass com/android/tools/r8/internal/Rb$$Lambda+0x000001eca10b2ec0
instanceKlass  @bci com/android/tools/r8/internal/Rb a (Lcom/android/tools/r8/internal/Jr0;)V 9 <appendix> argL0 ; # com/android/tools/r8/internal/Rb$$Lambda+0x000001eca10b2ca0
# instanceKlass com/android/tools/r8/internal/Rb$$Lambda+0x000001eca10b2200
# instanceKlass com/android/tools/r8/internal/Rb$$Lambda+0x000001eca10b2a80
instanceKlass  @bci com/android/tools/r8/internal/Rb a (Lcom/android/tools/r8/internal/Jr0;)V 1 <appendix> argL0 ; # com/android/tools/r8/internal/Rb$$Lambda+0x000001eca10b2860
instanceKlass java/util/function/ToIntFunction
instanceKlass com/android/tools/r8/internal/Fr0
# instanceKlass com/android/tools/r8/internal/Rb$$Lambda+0x000001eca10b7d90
# instanceKlass com/android/tools/r8/internal/Rb$$Lambda+0x000001eca10b7b70
# instanceKlass com/android/tools/r8/internal/Rb$$Lambda+0x000001eca10b7950
# instanceKlass com/android/tools/r8/internal/Rb$$Lambda+0x000001eca10b7730
# instanceKlass com/android/tools/r8/internal/Rb$$Lambda+0x000001eca10b7510
# instanceKlass com/android/tools/r8/internal/Rb$$Lambda+0x000001eca10b72f0
instanceKlass  @bci com/android/tools/r8/internal/Rb m ()Lcom/android/tools/r8/internal/Hr0; 0 <appendix> argL0 ; # com/android/tools/r8/internal/Rb$$Lambda+0x000001eca10b6eb0
# instanceKlass com/android/tools/r8/internal/Rb$$Lambda+0x000001eca10b70d0
instanceKlass com/android/tools/r8/internal/Hr0
# instanceKlass com/android/tools/r8/internal/xj$$Lambda+0x000001eca10b6828
# instanceKlass com/android/tools/r8/internal/Gr0$$Lambda+0x000001eca10b6608
# instanceKlass com/android/tools/r8/internal/xj$$Lambda+0x000001eca10b63e8
# instanceKlass com/android/tools/r8/internal/xj$$Lambda+0x000001eca10b61c8
# instanceKlass com/android/tools/r8/internal/xj$$Lambda+0x000001eca10b5fa8
# instanceKlass com/android/tools/r8/internal/xj$$Lambda+0x000001eca10b5d88
instanceKlass  @bci com/android/tools/r8/internal/xj a (Lcom/android/tools/r8/internal/Gr0;Lcom/android/tools/r8/internal/Gr0;Lcom/android/tools/r8/internal/Er0;)I 7 <appendix> argL0 ; # com/android/tools/r8/internal/xj$$Lambda+0x000001eca10b5b68
# instanceKlass com/android/tools/r8/internal/xj$$Lambda+0x000001eca10b5948
# instanceKlass com/android/tools/r8/internal/xj$$Lambda+0x000001eca10b5728
# instanceKlass com/android/tools/r8/internal/xj$$Lambda+0x000001eca10b5508
# instanceKlass com/android/tools/r8/internal/xj$$Lambda+0x000001eca10b52e8
# instanceKlass com/android/tools/r8/internal/xj$$Lambda+0x000001eca10b50c8
# instanceKlass com/android/tools/r8/internal/xj$$Lambda+0x000001eca10b4ea8
# instanceKlass com/android/tools/r8/internal/xj$$Lambda+0x000001eca10b4c88
instanceKlass  @bci com/android/tools/r8/internal/xj a (Lcom/android/tools/r8/internal/Gr0;Lcom/android/tools/r8/internal/Gr0;Lcom/android/tools/r8/internal/Er0;)I 1 <appendix> argL0 ; # com/android/tools/r8/internal/xj$$Lambda+0x000001eca10b4a68
instanceKlass com/android/tools/r8/internal/zg0
instanceKlass com/android/tools/r8/internal/xj
# instanceKlass com/android/tools/r8/internal/Gr0$$Lambda+0x000001eca10b4440
# instanceKlass com/android/tools/r8/internal/Gr0$$Lambda+0x000001eca10b4220
# instanceKlass com/android/tools/r8/internal/Gr0$$Lambda+0x000001eca10b4000
# instanceKlass com/android/tools/r8/internal/Gr0$$Lambda+0x000001eca10abc68
# instanceKlass com/android/tools/r8/internal/Gr0$$Lambda+0x000001eca10aba48
# instanceKlass com/android/tools/r8/internal/Gr0$$Lambda+0x000001eca10ab828
instanceKlass  @bci com/android/tools/r8/internal/Gr0 a (Lcom/android/tools/r8/internal/Gr0;)I 7 <appendix> argL0 ; # com/android/tools/r8/internal/Gr0$$Lambda+0x000001eca10ab608
instanceKlass  @cpi com/android/tools/r8/internal/Jr0 84 form vmentry <vmtarget> ; # java/lang/invoke/LambdaForm$DMH+0x000001eca10a9000
instanceKlass com/android/tools/r8/internal/Er0
instanceKlass com/android/tools/r8/internal/ji
instanceKlass com/android/tools/r8/graph/c4
instanceKlass com/android/tools/r8/graph/G3$i
instanceKlass com/android/tools/r8/graph/G3
instanceKlass com/android/tools/r8/graph/q4
instanceKlass com/android/tools/r8/internal/hx
instanceKlass com/android/tools/r8/internal/rY
instanceKlass com/android/tools/r8/internal/Q2
instanceKlass com/android/tools/r8/internal/x60
instanceKlass com/android/tools/r8/internal/Zc0
instanceKlass com/android/tools/r8/internal/DR
instanceKlass  @bci com/android/tools/r8/internal/Gs0 awaitFutures (Ljava/util/List;)V 1 <appendix> argL0 ; # com/android/tools/r8/internal/Gs0$$Lambda+0x000001eca10ac880
instanceKlass com/android/tools/r8/internal/M4
instanceKlass com/android/tools/r8/internal/de
instanceKlass  @bci com/android/tools/r8/internal/xv a (Lcom/android/tools/r8/origin/Origin;Lcom/android/tools/r8/position/Position;Ljava/lang/Runnable;)V 2 <appendix> member <vmtarget> ; # com/android/tools/r8/internal/xv$$Lambda+0x000001eca10ac228
instanceKlass  @bci com/android/tools/r8/graph/r4 b (Lcom/android/tools/r8/origin/Origin;[B)V 4 <appendix> member <vmtarget> ; # com/android/tools/r8/graph/r4$$Lambda+0x000001eca10ac000
instanceKlass java/util/concurrent/ForkJoinPool$DefaultForkJoinWorkerThreadFactory$1
instanceKlass jdk/internal/util/random/RandomSupport
instanceKlass java/util/Random
instanceKlass java/util/random/RandomGenerator
instanceKlass java/util/concurrent/ForkJoinTask$Aux
instanceKlass java/util/concurrent/ForkJoinTask
instanceKlass java/util/concurrent/RunnableFuture
instanceKlass java/util/concurrent/Future
instanceKlass  @bci com/android/tools/r8/internal/ss0 b (Lcom/android/tools/r8/internal/Ns0;)V 2 <appendix> member <vmtarget> ; # com/android/tools/r8/internal/ss0$$Lambda+0x000001eca10a7c20
instanceKlass java/util/concurrent/Callable
instanceKlass  @bci com/android/tools/r8/dex/a a (Ljava/util/ArrayList;Ljava/util/concurrent/ConcurrentLinkedQueue;)V 72 <appendix> member <vmtarget> ; # com/android/tools/r8/dex/a$$Lambda+0x000001eca10a79f8
instanceKlass com/android/tools/r8/internal/Ns0
instanceKlass  @bci com/android/tools/r8/graph/V <clinit> ()V 53 <appendix> argL0 ; # com/android/tools/r8/graph/V$$Lambda+0x000001eca10a75a8
instanceKlass  @bci com/android/tools/r8/graph/V <clinit> ()V 48 <appendix> argL0 ; # com/android/tools/r8/graph/V$$Lambda+0x000001eca10a7388
instanceKlass  @bci com/android/tools/r8/graph/V <clinit> ()V 31 <appendix> argL0 ; # com/android/tools/r8/graph/V$$Lambda+0x000001eca10a7138
instanceKlass  @bci com/android/tools/r8/graph/V <clinit> ()V 26 <appendix> argL0 ; # com/android/tools/r8/graph/V$$Lambda+0x000001eca10a6ac8
instanceKlass  @bci com/android/tools/r8/graph/V <clinit> ()V 9 <appendix> argL0 ; # com/android/tools/r8/graph/V$$Lambda+0x000001eca10a6878
instanceKlass  @cpi com/android/tools/r8/internal/tU 60 form vmentry <vmtarget> ; # java/lang/invoke/LambdaForm$DMH+0x000001eca10a8800
instanceKlass  @bci com/android/tools/r8/graph/V <clinit> ()V 4 <appendix> argL0 ; # com/android/tools/r8/graph/V$$Lambda+0x000001eca10a6658
instanceKlass  @cpi com/android/tools/r8/graph/V 75 form vmentry <vmtarget> ; # java/lang/invoke/LambdaForm$DMH+0x000001eca10a8400
# instanceKlass java/lang/invoke/LambdaForm$DMH+0x000001eca10a8000
instanceKlass com/android/tools/r8/synthesis/K
instanceKlass com/android/tools/r8/graph/H2$a
instanceKlass com/android/tools/r8/graph/G3$b
instanceKlass com/android/tools/r8/graph/G3$d
instanceKlass com/android/tools/r8/graph/i3
instanceKlass com/android/tools/r8/graph/r5
instanceKlass com/android/tools/r8/graph/U
instanceKlass com/android/tools/r8/graph/V
instanceKlass  @bci com/android/tools/r8/dex/a a (Ljava/util/ArrayList;Ljava/util/concurrent/ConcurrentLinkedQueue;)V 28 <appendix> member <vmtarget> ; # com/android/tools/r8/dex/a$$Lambda+0x000001eca10a4438
instanceKlass com/android/tools/r8/graph/r4
instanceKlass java/io/RandomAccessFile$1
instanceKlass com/android/tools/r8/internal/P40
instanceKlass com/android/tools/r8/ProgramResource
instanceKlass com/android/tools/r8/internal/kK
instanceKlass com/android/tools/r8/internal/d8
instanceKlass  @bci com/android/tools/r8/dex/a b ()V 8 <appendix> member <vmtarget> ; # com/android/tools/r8/dex/a$$Lambda+0x000001eca10a26b8
instanceKlass com/android/tools/r8/internal/YJ
instanceKlass com/android/tools/r8/internal/RJ
instanceKlass com/android/tools/r8/graph/k4
instanceKlass com/android/tools/r8/graph/y0
instanceKlass java/util/concurrent/ConcurrentLinkedQueue$Node
instanceKlass com/android/tools/r8/internal/ce
instanceKlass com/android/tools/r8/internal/S0
instanceKlass com/android/tools/r8/internal/lU
instanceKlass com/android/tools/r8/internal/tZ
instanceKlass com/android/tools/r8/graph/B
instanceKlass com/android/tools/r8/dex/m
instanceKlass com/android/tools/r8/dex/a
instanceKlass com/android/tools/r8/internal/ss0
instanceKlass java/util/concurrent/atomic/AtomicReference
instanceKlass com/android/tools/r8/graph/c0
instanceKlass com/android/tools/r8/graph/c1
instanceKlass com/android/tools/r8/dex/c
instanceKlass com/android/tools/r8/internal/jt0
instanceKlass com/android/tools/r8/internal/at0
instanceKlass  @bci com/android/tools/r8/D8 a (Lcom/android/tools/r8/utils/i;Lcom/android/tools/r8/internal/QJ;)V 12 <appendix> member <vmtarget> ; # com/android/tools/r8/D8$$Lambda+0x000001eca109a668
instanceKlass  @cpi com/android/tools/r8/internal/sB 743 form vmentry <vmtarget> ; # java/lang/invoke/LambdaForm$DMH+0x000001eca1098400
instanceKlass java/util/concurrent/ForkJoinPool$2
instanceKlass jdk/internal/access/JavaUtilConcurrentFJPAccess
instanceKlass jdk/internal/vm/ThreadContainers
instanceKlass java/util/concurrent/ForkJoinPool$DefaultForkJoinWorkerThreadFactory
instanceKlass jdk/internal/vm/StackableScope
instanceKlass java/util/concurrent/ForkJoinPool$WorkQueue
instanceKlass java/util/concurrent/ForkJoinPool$ForkJoinWorkerThreadFactory
instanceKlass java/util/concurrent/AbstractExecutorService
instanceKlass java/util/concurrent/Executors
instanceKlass com/android/tools/r8/internal/Gs0
instanceKlass com/android/tools/r8/threading/ThreadingModule
instanceKlass com/android/tools/r8/threading/providers/blocking/ThreadingModuleBlockingProvider
instanceKlass com/android/tools/r8/threading/ThreadingModuleProvider
instanceKlass com/android/tools/r8/threading/a
instanceKlass com/android/tools/r8/internal/Fs0
instanceKlass com/android/tools/r8/internal/cI
instanceKlass com/android/tools/r8/internal/oU
instanceKlass  @bci com/android/tools/r8/BaseCompilerCommand a (Lcom/android/tools/r8/internal/At$a;)V 108 <appendix> argL0 ; # com/android/tools/r8/BaseCompilerCommand$$Lambda+0x000001eca109f100
instanceKlass com/android/tools/r8/internal/s4
instanceKlass com/android/tools/r8/internal/Q80
instanceKlass  @bci com/android/tools/r8/internal/At$a c ()Lcom/android/tools/r8/internal/At$a; 5 <appendix> member <vmtarget> ; # com/android/tools/r8/internal/At$a$$Lambda+0x000001eca109eaa0
instanceKlass  @bci com/android/tools/r8/internal/At$a b ()Ljava/util/Map; 16 <appendix> member <vmtarget> ; # com/android/tools/r8/internal/At$a$$Lambda+0x000001eca109e868
instanceKlass java/util/Collections$SynchronizedCollection
instanceKlass java/util/Properties$EntrySet
instanceKlass com/android/tools/r8/internal/At$a
instanceKlass com/android/tools/r8/internal/At
instanceKlass  @bci com/android/tools/r8/internal/O80 a (Lcom/android/tools/r8/ClassConflictResolver;Lcom/android/tools/r8/internal/yg0;)Lcom/android/tools/r8/dex/b; 2 <appendix> member <vmtarget> ; # com/android/tools/r8/internal/O80$$Lambda+0x000001eca109dbb0
instanceKlass com/android/tools/r8/dex/b
instanceKlass com/android/tools/r8/ClassConflictResolver
instanceKlass com/android/tools/r8/internal/rd
instanceKlass com/android/tools/r8/internal/dE
instanceKlass com/android/tools/r8/inspector/Inspector
instanceKlass com/android/tools/r8/AssertionsConfiguration$Builder
instanceKlass com/android/tools/r8/AssertionsConfiguration
instanceKlass com/android/tools/r8/internal/D4
instanceKlass  @bci com/android/tools/r8/D8Command b ()Lcom/android/tools/r8/internal/QJ; 295 <appendix> member <vmtarget> ; # com/android/tools/r8/D8Command$$Lambda+0x000001eca109c208
instanceKlass com/android/tools/r8/internal/yV
instanceKlass  @bci com/android/tools/r8/D8Command b ()Lcom/android/tools/r8/internal/QJ; 282 <appendix> argL0 ; # com/android/tools/r8/D8Command$$Lambda+0x000001eca1097cc0
instanceKlass com/android/tools/r8/retrace/ProguardMapProducer
instanceKlass com/android/tools/r8/V
instanceKlass com/android/tools/r8/internal/UE
instanceKlass com/android/tools/r8/internal/tm0
instanceKlass com/android/tools/r8/internal/QJ$p$b
instanceKlass com/android/tools/r8/internal/QJ$p$a
instanceKlass  @bci com/android/tools/r8/internal/QJ$p <init> ()V 316 <appendix> argL0 ; # com/android/tools/r8/internal/QJ$p$$Lambda+0x000001eca1096bc8
instanceKlass  @bci com/android/tools/r8/internal/QJ$p <init> ()V 274 <appendix> argL0 ; # com/android/tools/r8/internal/QJ$p$$Lambda+0x000001eca10969a8
instanceKlass com/android/tools/r8/internal/du0
instanceKlass  @bci com/android/tools/r8/internal/hi a ()Ljava/util/function/BiConsumer; 0 <appendix> argL0 ; # com/android/tools/r8/internal/hi$$Lambda+0x000001eca1096578
instanceKlass  @cpi com/android/tools/r8/internal/lx 302 form vmentry <vmtarget> ; # java/lang/invoke/LambdaForm$DMH+0x000001eca1098000
instanceKlass  @bci com/android/tools/r8/internal/QJ$p <init> ()V 248 <appendix> argL0 ; # com/android/tools/r8/internal/QJ$p$$Lambda+0x000001eca1096338
instanceKlass com/android/tools/r8/graph/y
instanceKlass com/android/tools/r8/shaking/j2
instanceKlass com/android/tools/r8/shaking/u1
instanceKlass com/android/tools/r8/internal/fg0
instanceKlass com/android/tools/r8/internal/gg0
instanceKlass  @bci com/android/tools/r8/internal/QJ$p <init> ()V 228 <appendix> argL0 ; # com/android/tools/r8/internal/QJ$p$$Lambda+0x000001eca1094c60
instanceKlass com/android/tools/r8/dex/t0
instanceKlass com/android/tools/r8/dex/Y
instanceKlass com/android/tools/r8/internal/AB
instanceKlass com/android/tools/r8/internal/s3
instanceKlass com/android/tools/r8/internal/CB
instanceKlass com/android/tools/r8/internal/u3
instanceKlass com/android/tools/r8/internal/QJ$p
instanceKlass  @bci com/android/tools/r8/internal/hi b ()Ljava/util/function/Consumer; 0 <appendix> argL0 ; # com/android/tools/r8/internal/hi$$Lambda+0x000001eca1093b50
instanceKlass com/android/tools/r8/internal/hi
instanceKlass com/android/tools/r8/internal/xo0
instanceKlass com/android/tools/r8/internal/fc
instanceKlass com/android/tools/r8/internal/Yb0
instanceKlass com/android/tools/r8/tracereferences/i
instanceKlass com/android/tools/r8/internal/K70
instanceKlass  @bci com/android/tools/r8/internal/jp0 <init> (Lcom/android/tools/r8/internal/QJ;)V 77 <appendix> argL0 ; # com/android/tools/r8/internal/jp0$$Lambda+0x000001eca1091388
instanceKlass  @bci com/android/tools/r8/internal/jp0 <init> (Lcom/android/tools/r8/internal/QJ;)V 72 <appendix> argL0 ; # com/android/tools/r8/internal/jp0$$Lambda+0x000001eca1091148
instanceKlass com/android/tools/r8/internal/jp0
instanceKlass com/android/tools/r8/internal/v4
instanceKlass com/android/tools/r8/internal/QJ$j
instanceKlass com/android/tools/r8/internal/Gm
instanceKlass com/android/tools/r8/internal/ES
instanceKlass com/android/tools/r8/internal/QJ$e
instanceKlass com/android/tools/r8/internal/G2
instanceKlass com/android/tools/r8/internal/TJ
instanceKlass com/android/tools/r8/internal/td0
instanceKlass com/android/tools/r8/internal/QJ$n
instanceKlass com/android/tools/r8/internal/QJ$k
instanceKlass com/android/tools/r8/internal/fy0
instanceKlass com/android/tools/r8/internal/QJ$g
instanceKlass com/android/tools/r8/internal/rn0
instanceKlass com/android/tools/r8/internal/QJ$h
instanceKlass com/android/tools/r8/internal/QJ$d
instanceKlass com/android/tools/r8/internal/QJ$c
instanceKlass  @bci com/android/tools/r8/internal/ps0 a (Ljava/lang/String;)Z 21 <appendix> member <vmtarget> ; # com/android/tools/r8/internal/ps0$$Lambda+0x000001eca108e2f8
instanceKlass sun/util/logging/PlatformLogger
instanceKlass sun/util/logging/PlatformLogger$ConfigurableBridge$LoggerConfiguration
instanceKlass jdk/internal/logger/BootstrapLogger$RedirectedLoggers
instanceKlass jdk/internal/logger/LazyLoggers$LazyLoggerAccessor
instanceKlass jdk/internal/logger/LazyLoggers$LoggerAccessor
instanceKlass jdk/internal/logger/AbstractLoggerWrapper
instanceKlass java/util/ServiceLoader$ProviderImpl
instanceKlass java/util/ServiceLoader$Provider
instanceKlass java/util/ServiceLoader$1
instanceKlass sun/util/logging/internal/LoggingProviderImpl$LogManagerAccess
instanceKlass java/util/concurrent/CopyOnWriteArrayList$COWIterator
instanceKlass jdk/internal/loader/URLClassPath$1
instanceKlass java/lang/CompoundEnumeration
instanceKlass jdk/internal/loader/BuiltinClassLoader$1
instanceKlass java/util/Collections$EmptyEnumeration
instanceKlass java/util/ServiceLoader$3
instanceKlass java/util/ServiceLoader$2
instanceKlass java/util/ServiceLoader$LazyClassPathLookupIterator
instanceKlass java/util/Spliterators$1Adapter
instanceKlass java/util/Spliterators$ArraySpliterator
instanceKlass java/util/ServiceLoader$ModuleServicesLookupIterator
instanceKlass java/util/ServiceLoader
instanceKlass jdk/internal/logger/BootstrapLogger$DetectBackend$1
instanceKlass jdk/internal/logger/BootstrapLogger$DetectBackend
instanceKlass jdk/internal/logger/BootstrapLogger
instanceKlass sun/util/logging/PlatformLogger$ConfigurableBridge
instanceKlass sun/util/logging/PlatformLogger$Bridge
instanceKlass jdk/internal/logger/DefaultLoggerFinder$1
instanceKlass java/lang/System$LoggerFinder
instanceKlass jdk/internal/logger/LazyLoggers$LazyLoggerFactories
instanceKlass jdk/internal/logger/LazyLoggers$1
instanceKlass jdk/internal/logger/LazyLoggers
instanceKlass jdk/internal/event/EventHelper$ThreadTrackHolder
instanceKlass sun/security/util/MemoryCache$QueueCacheEntry
instanceKlass sun/net/www/MessageHeader
instanceKlass sun/net/www/protocol/jar/JarFileFactory
instanceKlass sun/net/www/protocol/jar/URLJarFile$URLJarFileCloseController
instanceKlass java/net/URLConnection
instanceKlass jdk/internal/loader/BuiltinClassLoader$2
instanceKlass com/android/tools/r8/internal/Yx0
instanceKlass com/android/tools/r8/Version
instanceKlass com/android/tools/r8/internal/QJ$b
instanceKlass com/android/tools/r8/internal/QJ$o
instanceKlass  @bci com/android/tools/r8/internal/ps0 a (Ljava/lang/String;Z)Z 7 <appendix> member <vmtarget> ; # com/android/tools/r8/internal/ps0$$Lambda+0x000001eca108d878
instanceKlass java/util/function/BooleanSupplier
instanceKlass com/android/tools/r8/internal/ps0
instanceKlass com/android/tools/r8/internal/T1
instanceKlass com/android/tools/r8/internal/QJ$l
instanceKlass  @bci com/android/tools/r8/internal/QJ <init> (Lcom/android/tools/r8/graph/u1;Lcom/android/tools/r8/internal/yg0;)V 355 <appendix> argL0 ; # com/android/tools/r8/internal/QJ$$Lambda+0x000001eca108cbc0
instanceKlass com/android/tools/r8/internal/UJ
instanceKlass java/lang/ProcessEnvironment$CheckedEntry
instanceKlass java/lang/ProcessEnvironment$CheckedEntrySet$1
instanceKlass java/lang/ProcessEnvironment$EntryComparator
instanceKlass java/lang/ProcessEnvironment$NameComparator
instanceKlass com/android/tools/r8/ResourceShrinkerConfiguration
instanceKlass java/util/concurrent/atomic/AtomicBoolean
instanceKlass com/android/tools/r8/internal/Ts
instanceKlass com/android/tools/r8/internal/Rb
instanceKlass com/android/tools/r8/internal/IL
instanceKlass com/android/tools/r8/graph/A4
instanceKlass com/android/tools/r8/graph/f0
instanceKlass com/android/tools/r8/graph/B4
instanceKlass com/android/tools/r8/graph/h0
instanceKlass com/android/tools/r8/graph/i4
instanceKlass com/android/tools/r8/graph/h
instanceKlass com/android/tools/r8/graph/J5
instanceKlass com/android/tools/r8/internal/QJ
instanceKlass com/android/tools/r8/shaking/R0
instanceKlass com/android/tools/r8/GlobalSyntheticsConsumer
instanceKlass com/android/tools/r8/synthesis/j
instanceKlass com/android/tools/r8/InputDependencyGraphConsumer
instanceKlass com/android/tools/r8/shaking/r3
instanceKlass java/util/IdentityHashMap$IdentityHashMapIterator
instanceKlass com/android/tools/r8/internal/oV
instanceKlass com/android/tools/r8/internal/pV
instanceKlass com/android/tools/r8/internal/rV
instanceKlass com/android/tools/r8/internal/kV
instanceKlass com/android/tools/r8/kotlin/f
instanceKlass com/android/tools/r8/kotlin/e
instanceKlass com/android/tools/r8/kotlin/d
instanceKlass java/util/stream/Sink$ChainedInt
instanceKlass java/util/stream/Sink$OfInt
instanceKlass java/util/function/IntConsumer
instanceKlass  @bci java/util/stream/Collectors uniqKeysMapMerger ()Ljava/util/function/BinaryOperator; 0 <appendix> argL0 ; # java/util/stream/Collectors$$Lambda+0x000001eca107a260
instanceKlass  @bci java/util/stream/Collectors uniqKeysMapAccumulator (Ljava/util/function/Function;Ljava/util/function/Function;)Ljava/util/function/BiConsumer; 2 <appendix> member <vmtarget> ; # java/util/stream/Collectors$$Lambda+0x000001eca107a028
instanceKlass  @bci java/util/stream/Collectors toMap (Ljava/util/function/Function;Ljava/util/function/Function;)Ljava/util/stream/Collector; 4 <appendix> argL0 ; # java/util/stream/Collectors$$Lambda+0x000001eca1079e08
instanceKlass  @bci java/util/function/Function identity ()Ljava/util/function/Function; 0 <appendix> argL0 ; # java/util/function/Function$$Lambda+0x000001eca1079bc8
instanceKlass  @bci com/android/tools/r8/kotlin/c <init> (Lcom/android/tools/r8/kotlin/b;)V 27 <appendix> member <vmtarget> ; # com/android/tools/r8/kotlin/c$$Lambda+0x000001eca1087a58
instanceKlass  @bci java/util/stream/IntPipeline boxed ()Ljava/util/stream/Stream; 1 <appendix> argL0 ; # java/util/stream/IntPipeline$$Lambda+0x000001eca10794b0
instanceKlass java/util/function/IntFunction
instanceKlass java/util/stream/Streams$RangeIntSpliterator
instanceKlass java/util/stream/IntStream
instanceKlass com/android/tools/r8/internal/Y0
instanceKlass com/android/tools/r8/kotlin/c
instanceKlass com/android/tools/r8/kotlin/b
instanceKlass java/util/stream/Sink$ChainedReference
instanceKlass java/util/stream/ReduceOps$AccumulatingSink
instanceKlass java/util/stream/TerminalSink
instanceKlass java/util/stream/Sink
instanceKlass java/util/stream/ReduceOps$Box
instanceKlass java/util/stream/ReduceOps$ReduceOp
instanceKlass java/util/stream/TerminalOp
instanceKlass java/util/stream/ReduceOps
instanceKlass  @bci java/util/stream/Collectors castingIdentity ()Ljava/util/function/Function; 0 <appendix> argL0 ; # java/util/stream/Collectors$$Lambda+0x800000041
instanceKlass  @bci java/util/stream/Collectors toSet ()Ljava/util/stream/Collector; 14 <appendix> argL0 ; # java/util/stream/Collectors$$Lambda+0x80000003f
instanceKlass java/util/function/BinaryOperator
instanceKlass  @bci java/util/stream/Collectors toSet ()Ljava/util/stream/Collector; 9 <appendix> argL0 ; # java/util/stream/Collectors$$Lambda+0x800000038
instanceKlass java/util/function/BiConsumer
instanceKlass  @bci java/util/stream/Collectors toSet ()Ljava/util/stream/Collector; 4 <appendix> argL0 ; # java/util/stream/Collectors$$Lambda+0x800000044
instanceKlass java/util/stream/Collector
instanceKlass java/util/stream/Collectors
instanceKlass  @bci com/android/tools/r8/graph/u1 a ()Ljava/util/Set; 24 <appendix> member <vmtarget> ; # com/android/tools/r8/graph/u1$$Lambda+0x000001eca1083a08
# instanceKlass java/lang/invoke/LambdaForm$MH+0x000001eca1084000
instanceKlass sun/reflect/annotation/AnnotationParser
instanceKlass java/lang/Class$3
instanceKlass java/util/EnumMap$1
instanceKlass java/util/stream/StreamOpFlag$MaskBuilder
instanceKlass java/util/stream/Stream
instanceKlass java/util/stream/BaseStream
instanceKlass java/util/stream/PipelineHelper
instanceKlass java/util/stream/StreamSupport
instanceKlass java/util/Spliterators$IteratorSpliterator
instanceKlass java/util/Spliterator$OfDouble
instanceKlass java/util/Spliterator$OfLong
instanceKlass java/util/Spliterator$OfInt
instanceKlass java/util/Spliterator$OfPrimitive
instanceKlass java/util/Spliterators$EmptySpliterator
instanceKlass java/util/Spliterators
instanceKlass com/android/tools/r8/internal/oA
instanceKlass com/android/tools/r8/internal/K40
instanceKlass com/android/tools/r8/internal/yA
instanceKlass com/android/tools/r8/synthesis/P
instanceKlass com/android/tools/r8/internal/tA
instanceKlass com/android/tools/r8/references/TypeReference
instanceKlass com/android/tools/r8/synthesis/Q$b
instanceKlass com/android/tools/r8/synthesis/Q
instanceKlass com/android/tools/r8/graph/s2
instanceKlass com/android/tools/r8/graph/P1
instanceKlass com/android/tools/r8/graph/p2
instanceKlass com/android/tools/r8/graph/j2
instanceKlass com/android/tools/r8/graph/H1
instanceKlass com/android/tools/r8/graph/e2
instanceKlass com/android/tools/r8/graph/d2
instanceKlass com/android/tools/r8/graph/a2
instanceKlass com/android/tools/r8/graph/X1
instanceKlass com/android/tools/r8/graph/n2
instanceKlass com/android/tools/r8/graph/l2
instanceKlass com/android/tools/r8/graph/A1
instanceKlass com/android/tools/r8/graph/m2
instanceKlass com/android/tools/r8/graph/N1
instanceKlass com/android/tools/r8/graph/i2
instanceKlass com/android/tools/r8/graph/U1
instanceKlass com/android/tools/r8/graph/S1
instanceKlass com/android/tools/r8/graph/R1
instanceKlass com/android/tools/r8/graph/T1
instanceKlass com/android/tools/r8/graph/g
instanceKlass com/android/tools/r8/graph/h2
instanceKlass com/android/tools/r8/graph/I1
instanceKlass com/android/tools/r8/graph/G1
instanceKlass com/android/tools/r8/graph/z1
instanceKlass com/android/tools/r8/graph/u1$e
instanceKlass com/android/tools/r8/graph/o2
instanceKlass com/android/tools/r8/graph/D1
instanceKlass com/android/tools/r8/graph/u1$c
instanceKlass com/android/tools/r8/graph/k2
instanceKlass com/android/tools/r8/graph/r2
instanceKlass com/android/tools/r8/internal/MB
instanceKlass com/android/tools/r8/graph/G4
instanceKlass com/android/tools/r8/graph/L4
instanceKlass com/android/tools/r8/graph/G0
instanceKlass  @bci com/android/tools/r8/internal/gm a (Lcom/android/tools/r8/graph/u1;Lcom/android/tools/r8/graph/B2;)Lcom/android/tools/r8/graph/L2; 22 <appendix> form vmentry <vmtarget> ; # java/lang/invoke/LambdaForm$MH+0x000001eca1036c00
instanceKlass java/lang/invoke/LambdaFormEditor$1
# instanceKlass java/lang/invoke/LambdaForm$MH+0x000001eca1036800
instanceKlass  @bci com/android/tools/r8/internal/gm a (Lcom/android/tools/r8/graph/u1;Lcom/android/tools/r8/graph/B2;)Lcom/android/tools/r8/graph/L2; 22 <appendix> argL3 form vmentry <vmtarget> ; # java/lang/invoke/LambdaForm$MH+0x000001eca1036400
instanceKlass  @bci com/android/tools/r8/synthesis/Q a (Ljava/lang/String;Lcom/android/tools/r8/synthesis/Q$b;Ljava/lang/String;Ljava/lang/String;)Ljava/lang/String; 7 <appendix> argL3 argL2 form vmentry <vmtarget> ; # java/lang/invoke/LambdaForm$MH+0x000001eca1036000
# instanceKlass java/lang/invoke/LambdaForm$MH+0x000001eca1035c00
# instanceKlass java/lang/invoke/LambdaForm$MH+0x000001eca1035800
# instanceKlass java/lang/invoke/LambdaForm$MH+0x000001eca1035400
instanceKlass  @bci com/android/tools/r8/internal/gm a (Lcom/android/tools/r8/graph/u1;Lcom/android/tools/r8/graph/B2;)Lcom/android/tools/r8/graph/L2; 22 <appendix> argL1 form vmentry <vmtarget> ; # java/lang/invoke/LambdaForm$MH+0x000001eca1035000
# instanceKlass java/lang/invoke/LambdaForm$MH+0x000001eca1034c00
# instanceKlass java/lang/invoke/LambdaForm$MH+0x000001eca1034800
# instanceKlass java/lang/invoke/LambdaForm$MH+0x000001eca1034400
# instanceKlass java/lang/invoke/LambdaForm$MH+0x000001eca1034000
instanceKlass  @bci com/android/tools/r8/graph/u1 c (I)Lcom/android/tools/r8/graph/O0$b; 15 <appendix> argL0 ; # com/android/tools/r8/graph/u1$$Lambda+0x000001eca1033628
instanceKlass com/android/tools/r8/internal/wA
instanceKlass com/android/tools/r8/internal/AI
instanceKlass com/android/tools/r8/internal/WH
instanceKlass com/android/tools/r8/internal/x40
instanceKlass com/android/tools/r8/internal/l40
instanceKlass com/android/tools/r8/internal/Ge0
instanceKlass com/android/tools/r8/internal/Gl0
instanceKlass com/android/tools/r8/internal/Em0
instanceKlass com/android/tools/r8/internal/oL
instanceKlass com/android/tools/r8/internal/j40
instanceKlass com/android/tools/r8/internal/x1
instanceKlass com/android/tools/r8/internal/xf
instanceKlass com/android/tools/r8/internal/Jr0
instanceKlass com/android/tools/r8/internal/EA
instanceKlass com/android/tools/r8/internal/AA
instanceKlass com/android/tools/r8/internal/g7
instanceKlass com/android/tools/r8/internal/fH
instanceKlass com/android/tools/r8/internal/Q
instanceKlass com/android/tools/r8/internal/UG
instanceKlass com/android/tools/r8/internal/Ky
instanceKlass com/android/tools/r8/internal/mv0
instanceKlass com/android/tools/r8/graph/f2
instanceKlass com/android/tools/r8/graph/u1
instanceKlass com/android/tools/r8/DexFilePerClassFileConsumer
instanceKlass com/android/tools/r8/ClassFileConsumer
instanceKlass com/android/tools/r8/internal/q50
instanceKlass  @bci com/android/tools/r8/BaseCommand$Builder build ()Lcom/android/tools/r8/BaseCommand; 16 <appendix> member <vmtarget> ; # com/android/tools/r8/BaseCommand$Builder$$Lambda+0x000001eca1026c20
instanceKlass com/android/tools/r8/internal/xv$a
instanceKlass com/android/tools/r8/internal/E7
instanceKlass com/android/tools/r8/internal/dt
instanceKlass com/android/tools/r8/internal/V50
instanceKlass com/android/tools/r8/DexIndexedConsumer$ForwardingConsumer
instanceKlass com/android/tools/r8/internal/xg0
instanceKlass  @bci com/android/tools/r8/m b (Lcom/android/tools/r8/BaseCompilerCommand$Builder;Ljava/lang/String;[Ljava/lang/String;ILcom/android/tools/r8/origin/Origin;)I 6 <appendix> member <vmtarget> ; # com/android/tools/r8/m$$Lambda+0x000001eca10234c8
instanceKlass com/android/tools/r8/internal/l70
instanceKlass com/android/tools/r8/position/Position
instanceKlass com/android/tools/r8/shaking/Q0
instanceKlass com/android/tools/r8/utils/ArchiveResourceProvider
instanceKlass  @bci com/android/tools/r8/BaseCommand$Builder addProgramFiles (Ljava/util/Collection;)Lcom/android/tools/r8/BaseCommand$Builder; 4 <appendix> member <vmtarget> ; # com/android/tools/r8/BaseCommand$Builder$$Lambda+0x000001eca10229e8
instanceKlass  @bci com/android/tools/r8/dex/W <clinit> ()V 13 <appendix> form vmentry <vmtarget> ; # java/lang/invoke/LambdaForm$MH+0x000001eca1025c00
# instanceKlass java/lang/invoke/LambdaForm$MH+0x000001eca1025800
instanceKlass  @bci com/android/tools/r8/dex/W <clinit> ()V 13 <appendix> argL3 form vmentry <vmtarget> ; # java/lang/invoke/LambdaForm$MH+0x000001eca1025400
instanceKlass java/lang/invoke/MethodHandles$1
instanceKlass java/lang/Long$LongCache
# instanceKlass java/lang/invoke/LambdaForm$MH+0x000001eca1025000
instanceKlass  @bci com/android/tools/r8/dex/W <clinit> ()V 13 <appendix> argL2 form vmentry <vmtarget> ; # java/lang/invoke/LambdaForm$MH+0x000001eca1024c00
# instanceKlass java/lang/invoke/LambdaForm$MH+0x000001eca1024800
instanceKlass  @bci com/android/tools/r8/internal/gm a (Lcom/android/tools/r8/graph/u1;Lcom/android/tools/r8/graph/B2;)Lcom/android/tools/r8/graph/L2; 22 <appendix> argL1 argL0 form vmentry <vmtarget> ; # java/lang/invoke/LambdaForm$MH+0x000001eca1024400
# instanceKlass java/lang/invoke/LambdaForm$MH+0x000001eca1024000
instanceKlass com/android/tools/r8/a
instanceKlass com/android/tools/r8/internal/J70
instanceKlass com/android/tools/r8/internal/Se
instanceKlass com/android/tools/r8/internal/G0
instanceKlass com/android/tools/r8/internal/h6
instanceKlass com/android/tools/r8/internal/Wy
instanceKlass com/android/tools/r8/internal/s50
instanceKlass com/android/tools/r8/internal/xC
instanceKlass com/android/tools/r8/internal/Gl
instanceKlass com/android/tools/r8/utils/u
instanceKlass java/util/zip/ZipFile$ZipEntryIterator
instanceKlass  @bci com/android/tools/r8/internal/CJ <init> (Ljava/nio/file/Path;)V 1 <appendix> argL0 ; # com/android/tools/r8/internal/CJ$$Lambda+0x000001eca101bc60
instanceKlass com/android/tools/r8/internal/CJ
instanceKlass com/android/tools/r8/DataResourceProvider
instanceKlass com/android/tools/r8/internal/jx
instanceKlass  @bci com/android/tools/r8/BaseCommand$Builder addLibraryFiles (Ljava/util/Collection;)Lcom/android/tools/r8/BaseCommand$Builder; 4 <appendix> member <vmtarget> ; # com/android/tools/r8/BaseCommand$Builder$$Lambda+0x000001eca101b3c0
instanceKlass  @cpi com/android/tools/r8/synthesis/M 193 form vmentry <vmtarget> ; # java/lang/invoke/LambdaForm$DMH+0x000001eca101c800
instanceKlass sun/nio/fs/WindowsPath$1
instanceKlass  @bci com/android/tools/r8/p a ([Ljava/lang/String;Lcom/android/tools/r8/origin/Origin;Lcom/android/tools/r8/D8Command$Builder;)Lcom/android/tools/r8/D8Command$Builder; 1072 <appendix> member <vmtarget> ; # com/android/tools/r8/p$$Lambda+0x000001eca101b188
instanceKlass  @cpi com/android/tools/r8/p 497 form vmentry <vmtarget> ; # java/lang/invoke/LambdaForm$DMH+0x000001eca101c400
instanceKlass  @bci com/android/tools/r8/p a ([Ljava/lang/String;Lcom/android/tools/r8/origin/Origin;Lcom/android/tools/r8/D8Command$Builder;)Lcom/android/tools/r8/D8Command$Builder; 1066 <appendix> member <vmtarget> ; # com/android/tools/r8/p$$Lambda+0x000001eca101af50
instanceKlass com/android/tools/r8/internal/tr0
instanceKlass com/android/tools/r8/internal/Gx
instanceKlass  @bci com/android/tools/r8/p a ([Ljava/lang/String;Lcom/android/tools/r8/origin/Origin;Lcom/android/tools/r8/D8Command$Builder;)Lcom/android/tools/r8/D8Command$Builder; 29 <appendix> member <vmtarget> ; # com/android/tools/r8/p$$Lambda+0x000001eca101a6b0
instanceKlass java/util/function/Consumer
instanceKlass com/android/tools/r8/internal/jC
instanceKlass java/util/Spliterator
instanceKlass com/android/tools/r8/p$a$a
instanceKlass com/android/tools/r8/p$a
# instanceKlass java/lang/invoke/LambdaForm$DMH+0x000001eca101c000
instanceKlass java/lang/invoke/MethodHandle$1
instanceKlass  @bci com/android/tools/r8/BaseCompilerCommand$Builder <init> (Lcom/android/tools/r8/DiagnosticsHandler;)V 69 <appendix> argL0 ; # com/android/tools/r8/BaseCompilerCommand$Builder$$Lambda+0x000001eca10181f8
instanceKlass java/util/function/BiPredicate
instanceKlass com/android/tools/r8/utils/i$a
instanceKlass com/android/tools/r8/DataResource
instanceKlass com/android/tools/r8/internal/oe
instanceKlass com/android/tools/r8/DataResourceProvider$Visitor
instanceKlass com/android/tools/r8/utils/i
instanceKlass com/android/tools/r8/internal/yg0
instanceKlass com/android/tools/r8/o
instanceKlass com/android/tools/r8/PartitionMapConsumer
instanceKlass com/android/tools/r8/internal/Cm
instanceKlass com/android/tools/r8/Q
instanceKlass com/android/tools/r8/DataResourceConsumer
instanceKlass com/android/tools/r8/internal/Cw0
instanceKlass com/android/tools/r8/internal/DA
instanceKlass com/android/tools/r8/internal/kI
instanceKlass com/android/tools/r8/internal/lI
instanceKlass com/android/tools/r8/internal/cD
instanceKlass com/android/tools/r8/profile/art/ArtProfileProvider
instanceKlass com/android/tools/r8/profile/art/ArtProfileConsumer
instanceKlass com/android/tools/r8/StringConsumer
instanceKlass com/android/tools/r8/w0
instanceKlass com/android/tools/r8/Resource
instanceKlass com/android/tools/r8/ClassFileResourceProvider
instanceKlass com/android/tools/r8/m
instanceKlass com/android/tools/r8/naming/Q
instanceKlass com/android/tools/r8/G
instanceKlass com/android/tools/r8/internal/zt
instanceKlass com/android/tools/r8/DiagnosticsHandler
instanceKlass com/android/tools/r8/internal/xv
instanceKlass  @bci com/android/tools/r8/D8 main ([Ljava/lang/String;)V 6 <appendix> member <vmtarget> ; # com/android/tools/r8/D8$$Lambda+0x000001eca100d680
instanceKlass  @cpi com/android/tools/r8/internal/sp 143 form vmentry <vmtarget> ; # java/lang/invoke/LambdaForm$DMH+0x000001eca1010000
instanceKlass com/android/tools/r8/internal/yv
instanceKlass java/lang/PublicMethods$Key
instanceKlass java/lang/PublicMethods$MethodList
instanceKlass java/util/concurrent/ExecutorService
instanceKlass java/util/concurrent/Executor
instanceKlass com/android/tools/r8/internal/Hh
instanceKlass com/android/tools/r8/internal/F1
instanceKlass com/android/tools/r8/internal/dg
instanceKlass com/android/tools/r8/internal/r
instanceKlass com/android/tools/r8/internal/mD
instanceKlass com/android/tools/r8/internal/GT
instanceKlass com/android/tools/r8/graph/q5
instanceKlass com/android/tools/r8/internal/Gr0
instanceKlass com/android/tools/r8/internal/r50
instanceKlass com/android/tools/r8/internal/qv
instanceKlass com/android/tools/r8/graph/L5
instanceKlass com/android/tools/r8/graph/G5
instanceKlass com/android/tools/r8/graph/M5
instanceKlass com/android/tools/r8/graph/H5
instanceKlass com/android/tools/r8/graph/n1
instanceKlass com/android/tools/r8/graph/b0
instanceKlass com/android/tools/r8/graph/S
instanceKlass com/android/tools/r8/graph/o0
instanceKlass com/android/tools/r8/graph/w0
instanceKlass com/android/tools/r8/ProgramResourceProvider
instanceKlass com/android/tools/r8/dex/k
instanceKlass com/android/tools/r8/DexIndexedConsumer
instanceKlass com/android/tools/r8/ByteBufferProvider
instanceKlass com/android/tools/r8/ProgramConsumer
instanceKlass com/android/tools/r8/Diagnostic
instanceKlass com/android/tools/r8/internal/AC
instanceKlass com/android/tools/r8/graph/x0
instanceKlass com/android/tools/r8/graph/d1
instanceKlass com/android/tools/r8/BaseCommand$Builder
instanceKlass com/android/tools/r8/origin/Origin
instanceKlass com/android/tools/r8/BaseCommand
instanceKlass jdk/internal/misc/PreviewFeatures
instanceKlass jdk/internal/misc/MainMethodFinder
instanceKlass com/android/tools/r8/D8
instanceKlass java/security/SecureClassLoader$DebugHolder
instanceKlass java/security/PermissionCollection
instanceKlass java/security/SecureClassLoader$1
instanceKlass java/util/zip/Checksum$1
instanceKlass java/util/zip/CRC32
instanceKlass java/util/zip/Checksum
instanceKlass sun/nio/ByteBuffered
instanceKlass sun/security/util/ManifestEntryVerifier$SunProviderHolder
instanceKlass java/lang/Package$VersionInfo
instanceKlass java/lang/NamedPackage
instanceKlass java/util/LinkedList$Node
instanceKlass java/util/Base64$Encoder
instanceKlass java/util/Base64$Decoder
instanceKlass java/util/Base64
instanceKlass javax/crypto/SecretKey
instanceKlass sun/security/util/Length
instanceKlass sun/security/util/KeyUtil
instanceKlass java/security/interfaces/XECKey
instanceKlass java/security/interfaces/ECKey
instanceKlass sun/security/util/JarConstraintsParameters
instanceKlass sun/security/util/ConstraintsParameters
instanceKlass java/security/CodeSigner
instanceKlass java/security/Timestamp
instanceKlass sun/security/timestamp/TimestampToken
instanceKlass java/security/cert/CertPath
# instanceKlass java/lang/invoke/LambdaForm$MH+0x000001eca1001800
instanceKlass java/math/MutableBigInteger
instanceKlass sun/security/rsa/RSAPadding
instanceKlass sun/security/rsa/RSACore
instanceKlass java/security/interfaces/RSAPrivateCrtKey
instanceKlass sun/security/pkcs/PKCS8Key
instanceKlass sun/security/util/InternalPrivateKey
instanceKlass java/security/interfaces/RSAPrivateKey
instanceKlass java/security/PrivateKey
instanceKlass javax/security/auth/Destroyable
instanceKlass jdk/internal/icu/util/CodePointTrie$Data
instanceKlass jdk/internal/icu/util/CodePointMap
instanceKlass jdk/internal/icu/util/VersionInfo
instanceKlass  @bci jdk/internal/module/SystemModuleFinders$SystemModuleReader open (Ljava/lang/String;)Ljava/util/Optional; 6 <appendix> member <vmtarget> ; # jdk/internal/module/SystemModuleFinders$SystemModuleReader$$Lambda+0x000001eca106ce00
instanceKlass jdk/internal/jimage/ImageLocation
instanceKlass jdk/internal/jimage/decompressor/Decompressor
instanceKlass jdk/internal/jimage/ImageStringsReader
instanceKlass jdk/internal/jimage/ImageStrings
instanceKlass jdk/internal/jimage/ImageHeader
instanceKlass jdk/internal/jimage/NativeImageBuffer$1
instanceKlass jdk/internal/jimage/NativeImageBuffer
instanceKlass jdk/internal/jimage/BasicImageReader$1
instanceKlass jdk/internal/jimage/BasicImageReader
instanceKlass jdk/internal/jimage/ImageReader
instanceKlass jdk/internal/jimage/ImageReaderFactory$1
instanceKlass java/nio/file/FileSystems$DefaultFileSystemHolder$1
instanceKlass java/nio/file/FileSystems$DefaultFileSystemHolder
instanceKlass java/nio/file/FileSystems
instanceKlass java/nio/file/Paths
instanceKlass jdk/internal/jimage/ImageReaderFactory
instanceKlass jdk/internal/module/SystemModuleFinders$SystemImage
instanceKlass jdk/internal/module/SystemModuleFinders$SystemModuleReader
instanceKlass java/lang/module/ModuleReader
instanceKlass jdk/internal/loader/BuiltinClassLoader$5
instanceKlass jdk/internal/module/Checks
instanceKlass jdk/internal/module/Resources
instanceKlass jdk/internal/icu/impl/ICUBinary$1
instanceKlass jdk/internal/icu/impl/ICUBinary
instanceKlass jdk/internal/icu/impl/NormalizerImpl$IsAcceptable
instanceKlass jdk/internal/icu/impl/ICUBinary$Authenticate
instanceKlass jdk/internal/icu/impl/NormalizerImpl
instanceKlass jdk/internal/icu/impl/Norm2AllModes$Norm2AllModesSingleton
instanceKlass jdk/internal/icu/impl/Norm2AllModes$NFKCSingleton
instanceKlass jdk/internal/icu/impl/Norm2AllModes
instanceKlass jdk/internal/icu/text/Normalizer2
instanceKlass jdk/internal/icu/text/NormalizerBase$ModeImpl
instanceKlass jdk/internal/icu/text/NormalizerBase$NFKDModeImpl
instanceKlass jdk/internal/icu/text/NormalizerBase$1
instanceKlass jdk/internal/icu/text/NormalizerBase$Mode
instanceKlass jdk/internal/icu/text/NormalizerBase
instanceKlass java/text/Normalizer
instanceKlass sun/security/x509/AVAKeyword
instanceKlass java/util/StringJoiner
instanceKlass java/security/Signature$1
instanceKlass jdk/internal/access/JavaSecuritySignatureAccess
instanceKlass java/security/SignatureSpi
instanceKlass sun/security/util/SignatureUtil
instanceKlass java/lang/invoke/VarHandle$AccessDescriptor
instanceKlass sun/security/provider/ByteArrayAccess$BE
instanceKlass sun/security/provider/ByteArrayAccess
instanceKlass sun/security/util/MessageDigestSpi2
instanceKlass sun/security/util/SecurityProperties
instanceKlass sun/security/util/CryptoAlgorithmConstraints$CryptoHolder
instanceKlass java/security/MessageDigestSpi
instanceKlass sun/security/pkcs/SigningCertificateInfo$ESSCertId
instanceKlass sun/security/pkcs/SigningCertificateInfo
instanceKlass sun/security/pkcs/PKCS9Attribute
instanceKlass sun/security/pkcs/PKCS9Attributes
instanceKlass java/time/Instant
instanceKlass java/time/zone/ZoneOffsetTransition
instanceKlass java/time/LocalTime
instanceKlass java/time/temporal/ValueRange
instanceKlass java/time/Duration
instanceKlass java/time/temporal/TemporalAmount
instanceKlass java/time/temporal/TemporalUnit
instanceKlass java/time/temporal/TemporalField
instanceKlass java/time/LocalDate
instanceKlass java/time/chrono/ChronoLocalDate
instanceKlass java/time/ZonedDateTime
instanceKlass java/time/chrono/ChronoZonedDateTime
instanceKlass java/time/LocalDateTime
instanceKlass java/time/chrono/ChronoLocalDateTime
instanceKlass java/time/temporal/Temporal
instanceKlass java/time/zone/ZoneOffsetTransitionRule
instanceKlass java/time/zone/ZoneRules
instanceKlass java/time/temporal/TemporalAdjuster
instanceKlass java/time/temporal/TemporalAccessor
instanceKlass java/time/ZoneId
instanceKlass  @bci java/util/regex/Pattern Single (I)Ljava/util/regex/Pattern$BmpCharPredicate; 1 <appendix> member <vmtarget> ; # java/util/regex/Pattern$$Lambda+0x800000028
instanceKlass  @bci java/util/regex/CharPredicates ASCII_DIGIT ()Ljava/util/regex/Pattern$BmpCharPredicate; 0 <appendix> argL0 ; # java/util/regex/CharPredicates$$Lambda+0x800000024
instanceKlass  @bci java/util/regex/CharPredicates ASCII_SPACE ()Ljava/util/regex/Pattern$BmpCharPredicate; 0 <appendix> argL0 ; # java/util/regex/CharPredicates$$Lambda+0x800000025
instanceKlass java/util/regex/Pattern$BmpCharPredicate
instanceKlass java/util/regex/CharPredicates
instanceKlass sun/security/util/DisabledAlgorithmConstraints$Constraints$Holder
instanceKlass sun/security/util/DisabledAlgorithmConstraints$Constraint
instanceKlass java/util/StringTokenizer
instanceKlass java/util/Collections$UnmodifiableCollection
instanceKlass java/security/spec/ECFieldF2m
instanceKlass java/security/spec/ECParameterSpec
instanceKlass java/security/spec/ECPoint
instanceKlass java/security/spec/EllipticCurve
instanceKlass java/security/spec/ECFieldFp
instanceKlass java/security/spec/ECField
instanceKlass sun/security/util/CurveDB
instanceKlass sun/security/util/DisabledAlgorithmConstraints$Constraints
instanceKlass java/util/regex/IntHashSet
instanceKlass java/util/regex/Matcher
instanceKlass java/util/regex/MatchResult
instanceKlass java/util/TreeMap$PrivateEntryIterator
instanceKlass java/util/Arrays$ArrayItr
instanceKlass java/util/NavigableSet
instanceKlass java/util/SortedSet
instanceKlass sun/security/util/AbstractAlgorithmConstraints$1
instanceKlass sun/security/util/AlgorithmDecomposer
instanceKlass sun/security/util/DisabledAlgorithmConstraints$JarHolder
instanceKlass java/util/regex/Pattern$TreeInfo
instanceKlass  @bci java/util/regex/Pattern DOT ()Ljava/util/regex/Pattern$CharPredicate; 0 <appendix> argL0 ; # java/util/regex/Pattern$$Lambda+0x000001eca105f7b8
instanceKlass java/util/regex/Pattern$CharPredicate
instanceKlass java/util/regex/ASCII
instanceKlass java/util/regex/Pattern$Node
instanceKlass java/util/regex/Pattern
instanceKlass sun/security/util/AbstractAlgorithmConstraints
instanceKlass java/security/AlgorithmConstraints
instanceKlass sun/security/pkcs/SignerInfo
instanceKlass java/security/cert/PolicyQualifierInfo
instanceKlass sun/security/x509/CertificatePolicyId
instanceKlass sun/security/x509/PolicyInformation
instanceKlass sun/security/x509/DistributionPoint
instanceKlass sun/security/util/HostnameChecker
instanceKlass sun/security/x509/DNSName
instanceKlass java/net/URI$Parser
instanceKlass sun/security/x509/URIName
instanceKlass sun/security/x509/GeneralName
instanceKlass sun/security/x509/AccessDescription
instanceKlass sun/security/x509/GeneralNames
instanceKlass java/lang/invoke/VarForm
instanceKlass java/lang/invoke/VarHandleGuards
instanceKlass java/lang/invoke/VarHandles
instanceKlass java/lang/System$Logger
instanceKlass jdk/internal/event/EventHelper
instanceKlass sun/security/jca/JCAUtil
instanceKlass sun/security/util/MemoryCache$CacheEntry
instanceKlass sun/security/x509/KeyIdentifier
instanceKlass java/util/TreeMap$Entry
# instanceKlass java/lang/invoke/LambdaForm$MH+0x000001eca1001400
instanceKlass  @bci com/android/tools/r8/internal/PR b ()Lcom/android/tools/r8/graph/L2; 14 <appendix> form vmentry <vmtarget> ; # java/lang/invoke/LambdaForm$MH+0x000001eca1001000
instanceKlass sun/security/x509/OIDMap$OIDInfo
instanceKlass sun/security/x509/PKIXExtensions
instanceKlass sun/security/x509/OIDMap
instanceKlass sun/security/x509/Extension
instanceKlass java/security/cert/Extension
instanceKlass java/util/Collections$SynchronizedMap
instanceKlass java/util/NavigableMap
instanceKlass java/util/SortedMap
instanceKlass sun/security/x509/CertificateExtensions
instanceKlass sun/security/rsa/RSAUtil
instanceKlass java/security/interfaces/RSAPublicKey
instanceKlass java/security/interfaces/RSAKey
instanceKlass java/security/spec/PSSParameterSpec
instanceKlass java/security/spec/AlgorithmParameterSpec
instanceKlass java/security/spec/RSAPrivateKeySpec
instanceKlass java/security/spec/RSAPublicKeySpec
instanceKlass java/security/KeyFactorySpi
instanceKlass sun/security/rsa/SunRsaSignEntries
instanceKlass sun/security/jca/ProviderList$ServiceList$1
instanceKlass java/security/KeyFactory
instanceKlass  @bci java/security/spec/EncodedKeySpec <clinit> ()V 0 <appendix> argL0 ; # java/security/spec/EncodedKeySpec$$Lambda+0x000001eca1055540
instanceKlass  @cpi java/security/spec/EncodedKeySpec 79 form vmentry <vmtarget> ; # java/lang/invoke/LambdaForm$DMH+0x000001eca1000c00
instanceKlass jdk/internal/access/JavaSecuritySpecAccess
instanceKlass java/security/spec/EncodedKeySpec
instanceKlass java/security/spec/KeySpec
instanceKlass sun/security/util/BitArray
instanceKlass sun/security/x509/X509Key
instanceKlass java/security/PublicKey
instanceKlass java/security/Key
instanceKlass sun/security/x509/CertificateX509Key
instanceKlass java/util/Date
instanceKlass sun/util/calendar/CalendarUtils
instanceKlass sun/util/calendar/CalendarDate
instanceKlass sun/util/calendar/CalendarSystem$GregorianHolder
instanceKlass sun/util/calendar/CalendarSystem
instanceKlass sun/security/x509/CertificateValidity
instanceKlass sun/security/x509/AVA
instanceKlass sun/security/x509/RDN
instanceKlass javax/security/auth/x500/X500Principal
instanceKlass  @bci sun/security/x509/X500Name <clinit> ()V 153 <appendix> argL0 ; # sun/security/x509/X500Name$$Lambda+0x000001eca1052e40
instanceKlass sun/security/x509/X500Name
instanceKlass sun/security/x509/GeneralNameInterface
instanceKlass sun/security/x509/CertificateAlgorithmId
instanceKlass sun/security/x509/SerialNumber
instanceKlass sun/security/x509/CertificateSerialNumber
instanceKlass sun/security/x509/CertificateVersion
instanceKlass sun/security/x509/X509CertInfo
instanceKlass sun/security/util/Cache$EqualByteArray
instanceKlass java/security/cert/X509Extension
instanceKlass java/lang/Byte$ByteCache
instanceKlass  @bci sun/security/util/DerInputStream seeOptionalContextSpecific (I)Z 2 <appendix> member <vmtarget> ; # sun/security/util/DerInputStream$$Lambda+0x000001eca1050770
instanceKlass  @cpi com/android/tools/r8/internal/sB 851 form vmentry <vmtarget> ; # java/lang/invoke/LambdaForm$DMH+0x000001eca1000800
instanceKlass java/util/function/Predicate
instanceKlass sun/security/jca/GetInstance$Instance
instanceKlass jdk/internal/reflect/MethodHandleAccessorFactory$LazyStaticHolder
instanceKlass sun/security/util/Cache
instanceKlass jdk/internal/event/Event
instanceKlass sun/security/jca/GetInstance
instanceKlass java/security/cert/CertificateFactorySpi
instanceKlass java/security/cert/CertificateFactory
instanceKlass sun/security/x509/AlgorithmId
instanceKlass sun/security/util/ByteArrayTagOrder
instanceKlass sun/security/util/ByteArrayLexOrder
instanceKlass sun/security/util/DerValue
instanceKlass sun/security/util/ObjectIdentifier
instanceKlass sun/security/pkcs/ContentInfo
instanceKlass sun/security/util/DerEncoder
instanceKlass sun/security/util/DerInputStream
instanceKlass sun/security/pkcs/PKCS7
instanceKlass java/util/Collections$EmptyIterator
instanceKlass java/util/LinkedHashMap$LinkedHashIterator
instanceKlass sun/security/util/SecurityProviderConstants
instanceKlass java/security/Provider$UString
instanceKlass java/security/Provider$Service
instanceKlass sun/security/provider/NativePRNG$NonBlocking
instanceKlass sun/security/provider/NativePRNG$Blocking
instanceKlass sun/security/provider/NativePRNG
instanceKlass sun/security/provider/SunEntries$1
instanceKlass sun/security/provider/SunEntries
instanceKlass java/security/Permission
instanceKlass java/security/Guard
instanceKlass sun/security/util/SecurityConstants
instanceKlass java/security/Security$1
instanceKlass jdk/internal/access/JavaSecurityPropertiesAccess
instanceKlass java/util/concurrent/ConcurrentHashMap$MapEntry
instanceKlass java/io/FileInputStream$1
instanceKlass java/util/Properties$LineReader
instanceKlass  @bci java/security/Security <clinit> ()V 9 <appendix> argL0 ; # java/security/Security$$Lambda+0x80000000b
instanceKlass java/security/Security
instanceKlass sun/security/jca/ProviderList$2
instanceKlass java/util/SequencedSet
instanceKlass jdk/internal/math/FloatingDecimal$ASCIIToBinaryBuffer
instanceKlass jdk/internal/math/FloatingDecimal$PreparedASCIIToBinaryBuffer
instanceKlass jdk/internal/math/FloatingDecimal$ASCIIToBinaryConverter
instanceKlass jdk/internal/math/FloatingDecimal$BinaryToASCIIBuffer
instanceKlass jdk/internal/math/FloatingDecimal$ExceptionalBinaryToASCIIBuffer
instanceKlass jdk/internal/math/FloatingDecimal$BinaryToASCIIConverter
instanceKlass jdk/internal/math/FloatingDecimal
instanceKlass javax/security/auth/login/Configuration$Parameters
instanceKlass java/security/Policy$Parameters
instanceKlass java/security/cert/CertStoreParameters
instanceKlass java/security/SecureRandomParameters
instanceKlass java/security/Provider$EngineDescription
instanceKlass java/security/Provider$ServiceKey
instanceKlass sun/security/jca/ProviderConfig
instanceKlass sun/security/jca/ProviderList
instanceKlass sun/security/jca/Providers
instanceKlass  @bci com/android/tools/r8/synthesis/M a (Lcom/android/tools/r8/graph/V;)Lcom/android/tools/r8/graph/j1; 207 <appendix> form vmentry <vmtarget> ; # java/lang/invoke/LambdaForm$MH+0x000001eca1000400
instanceKlass jdk/internal/org/objectweb/asm/FieldVisitor
instanceKlass java/lang/invoke/InvokerBytecodeGenerator$ClassData
instanceKlass jdk/internal/org/objectweb/asm/Frame
instanceKlass java/lang/invoke/LambdaFormBuffer
instanceKlass java/lang/invoke/LambdaFormEditor$TransformKey
instanceKlass java/lang/invoke/LambdaFormEditor
instanceKlass java/lang/invoke/DelegatingMethodHandle$Holder
instanceKlass java/lang/invoke/DirectMethodHandle$2
instanceKlass java/lang/invoke/ClassSpecializer$Factory
instanceKlass java/lang/invoke/ClassSpecializer$SpeciesData
instanceKlass java/lang/invoke/ClassSpecializer$1
instanceKlass java/lang/invoke/ClassSpecializer
instanceKlass sun/invoke/empty/Empty
instanceKlass sun/invoke/util/VerifyType
instanceKlass  @bci sun/security/util/ManifestDigester <init> ([B)V 350 <appendix> argL0 ; # sun/security/util/ManifestDigester$$Lambda+0x000001eca1044178
instanceKlass java/lang/invoke/MethodHandles$Lookup$ClassDefiner
instanceKlass java/lang/invoke/MethodHandles$Lookup$ClassFile
instanceKlass jdk/internal/org/objectweb/asm/AnnotationVisitor
instanceKlass jdk/internal/org/objectweb/asm/Attribute
instanceKlass jdk/internal/org/objectweb/asm/Handler
instanceKlass jdk/internal/org/objectweb/asm/Label
instanceKlass jdk/internal/org/objectweb/asm/MethodVisitor
instanceKlass java/lang/invoke/LambdaProxyClassArchive
instanceKlass jdk/internal/org/objectweb/asm/ByteVector
instanceKlass jdk/internal/org/objectweb/asm/Symbol
instanceKlass jdk/internal/org/objectweb/asm/SymbolTable
instanceKlass jdk/internal/org/objectweb/asm/ClassVisitor
instanceKlass java/lang/invoke/InfoFromMemberName
instanceKlass java/lang/invoke/MethodHandleInfo
instanceKlass jdk/internal/org/objectweb/asm/ConstantDynamic
instanceKlass sun/invoke/util/BytecodeDescriptor
instanceKlass jdk/internal/org/objectweb/asm/Handle
instanceKlass sun/security/action/GetBooleanAction
instanceKlass jdk/internal/org/objectweb/asm/Type
instanceKlass java/lang/invoke/AbstractValidatingLambdaMetafactory
instanceKlass java/lang/invoke/MethodHandleImpl$1
instanceKlass jdk/internal/access/JavaLangInvokeAccess
instanceKlass java/lang/invoke/Invokers$Holder
instanceKlass java/lang/invoke/BootstrapMethodInvoker
instanceKlass java/lang/invoke/InvokerBytecodeGenerator$1
instanceKlass java/lang/invoke/InvokerBytecodeGenerator
instanceKlass java/lang/invoke/LambdaForm$Holder
instanceKlass java/lang/invoke/LambdaForm$Name
instanceKlass java/lang/invoke/Invokers
instanceKlass java/lang/invoke/MethodHandleImpl
instanceKlass sun/invoke/util/ValueConversions
instanceKlass java/lang/invoke/DirectMethodHandle$Holder
instanceKlass java/lang/invoke/LambdaForm$NamedFunction
instanceKlass sun/invoke/util/Wrapper$Format
instanceKlass java/lang/invoke/MethodTypeForm
instanceKlass java/lang/Void
instanceKlass jdk/internal/util/StrongReferenceKey
instanceKlass jdk/internal/util/ReferenceKey
instanceKlass jdk/internal/util/ReferencedKeyMap
instanceKlass java/lang/invoke/MethodType$1
instanceKlass java/lang/invoke/LambdaMetafactory
instanceKlass sun/security/util/ManifestDigester$Section
instanceKlass sun/security/util/ManifestDigester$Entry
instanceKlass sun/security/util/ManifestDigester$Position
instanceKlass sun/security/util/ManifestDigester
instanceKlass sun/security/util/ManifestEntryVerifier
instanceKlass jdk/internal/misc/ThreadTracker
instanceKlass java/util/jar/JarFile$ThreadTrackHolder
instanceKlass java/lang/reflect/Array
instanceKlass java/util/jar/Attributes$Name
instanceKlass java/util/SequencedMap
instanceKlass java/util/jar/Attributes
instanceKlass java/util/jar/JarVerifier
instanceKlass jdk/internal/loader/Resource
instanceKlass java/util/ArrayList$Itr
instanceKlass sun/security/action/GetIntegerAction
instanceKlass sun/security/util/Debug
instanceKlass sun/security/util/SignatureFileVerifier
instanceKlass java/util/zip/ZipFile$InflaterCleanupAction
instanceKlass java/util/zip/Inflater$InflaterZStreamRef
instanceKlass java/util/zip/Inflater
instanceKlass java/util/zip/ZipEntry
instanceKlass java/util/zip/ZipFile$2
instanceKlass java/nio/Bits$1
instanceKlass jdk/internal/misc/VM$BufferPool
instanceKlass java/nio/Bits
instanceKlass sun/nio/ch/DirectBuffer
instanceKlass jdk/internal/perf/PerfCounter$CoreCounters
instanceKlass jdk/internal/perf/Perf
instanceKlass jdk/internal/perf/Perf$GetPerfAction
instanceKlass jdk/internal/perf/PerfCounter
instanceKlass sun/util/locale/LocaleUtils
instanceKlass sun/util/locale/BaseLocale
instanceKlass java/util/Locale
instanceKlass java/nio/file/attribute/FileTime
instanceKlass java/util/zip/ZipUtils
instanceKlass java/util/zip/ZipFile$Source$End
instanceKlass java/io/RandomAccessFile$2
instanceKlass jdk/internal/access/JavaIORandomAccessFileAccess
instanceKlass java/io/RandomAccessFile
instanceKlass java/io/DataInput
instanceKlass java/io/DataOutput
instanceKlass sun/nio/fs/WindowsNativeDispatcher$CompletionStatus
instanceKlass sun/nio/fs/WindowsNativeDispatcher$AclInformation
instanceKlass sun/nio/fs/WindowsNativeDispatcher$Account
instanceKlass sun/nio/fs/WindowsNativeDispatcher$DiskFreeSpace
instanceKlass sun/nio/fs/WindowsNativeDispatcher$VolumeInformation
instanceKlass sun/nio/fs/WindowsNativeDispatcher$FirstStream
instanceKlass sun/nio/fs/WindowsNativeDispatcher$FirstFile
instanceKlass java/util/Enumeration
instanceKlass java/util/concurrent/ConcurrentHashMap$Traverser
instanceKlass jdk/internal/loader/NativeLibraries$3
instanceKlass jdk/internal/loader/NativeLibrary
instanceKlass java/util/ArrayDeque$DeqIterator
instanceKlass jdk/internal/loader/NativeLibraries$NativeLibraryContext$1
instanceKlass jdk/internal/loader/NativeLibraries$NativeLibraryContext
instanceKlass jdk/internal/loader/NativeLibraries$2
instanceKlass jdk/internal/loader/NativeLibraries$1
instanceKlass jdk/internal/loader/NativeLibraries$LibraryPaths
instanceKlass sun/nio/fs/WindowsNativeDispatcher
instanceKlass sun/nio/fs/NativeBuffer$Deallocator
instanceKlass sun/nio/fs/NativeBuffer
instanceKlass java/lang/ThreadLocal$ThreadLocalMap
instanceKlass java/lang/ThreadLocal
instanceKlass sun/nio/fs/NativeBuffers
instanceKlass sun/nio/fs/WindowsFileAttributes
instanceKlass java/nio/file/attribute/DosFileAttributes
instanceKlass sun/nio/fs/AbstractBasicFileAttributeView
instanceKlass sun/nio/fs/DynamicFileAttributeView
instanceKlass sun/nio/fs/WindowsFileAttributeViews
instanceKlass sun/nio/fs/Util
instanceKlass java/nio/file/attribute/BasicFileAttributeView
instanceKlass java/nio/file/attribute/FileAttributeView
instanceKlass java/nio/file/attribute/AttributeView
instanceKlass java/nio/file/Files
instanceKlass java/nio/file/CopyOption
instanceKlass java/nio/file/attribute/BasicFileAttributes
instanceKlass sun/nio/fs/WindowsPath
instanceKlass java/nio/file/Path
instanceKlass java/nio/file/Watchable
instanceKlass java/util/zip/ZipFile$Source$Key
instanceKlass java/util/concurrent/ForkJoinPool$ManagedBlocker
instanceKlass sun/nio/fs/WindowsPathParser$Result
instanceKlass java/util/concurrent/locks/AbstractQueuedSynchronizer$Node
instanceKlass sun/nio/fs/WindowsPathParser
instanceKlass java/nio/file/FileSystem
instanceKlass java/nio/file/OpenOption
instanceKlass java/nio/file/spi/FileSystemProvider
instanceKlass sun/nio/fs/DefaultFileSystemProvider
instanceKlass java/util/zip/ZipFile$Source
instanceKlass java/lang/ref/Cleaner$Cleanable
instanceKlass jdk/internal/ref/CleanerImpl
instanceKlass java/lang/ref/Cleaner$1
instanceKlass java/lang/ref/Cleaner
instanceKlass jdk/internal/ref/CleanerFactory$1
instanceKlass java/util/concurrent/ThreadFactory
instanceKlass jdk/internal/ref/CleanerFactory
instanceKlass java/util/zip/ZipCoder
instanceKlass java/util/zip/ZipFile$CleanableResource
instanceKlass java/lang/Runtime$Version
instanceKlass java/util/jar/JavaUtilJarAccessImpl
instanceKlass jdk/internal/access/JavaUtilJarAccess
instanceKlass java/nio/charset/CoderResult
instanceKlass java/lang/Readable
instanceKlass jdk/internal/loader/FileURLMapper
instanceKlass jdk/internal/loader/URLClassPath$JarLoader$1
instanceKlass java/util/zip/ZipFile$1
instanceKlass jdk/internal/access/JavaUtilZipFileAccess
instanceKlass java/util/zip/ZipFile
instanceKlass java/util/zip/ZipConstants
instanceKlass jdk/internal/loader/URLClassPath$Loader
instanceKlass jdk/internal/loader/URLClassPath$3
instanceKlass java/security/PrivilegedExceptionAction
instanceKlass sun/net/util/URLUtil
instanceKlass java/lang/StringCoding
instanceKlass sun/nio/cs/ArrayDecoder
instanceKlass java/nio/charset/CharsetDecoder
instanceKlass sun/launcher/LauncherHelper
instanceKlass java/lang/invoke/StringConcatFactory
instanceKlass java/lang/ModuleLayer$Controller
instanceKlass java/util/concurrent/CopyOnWriteArrayList
instanceKlass jdk/internal/module/ServicesCatalog$ServiceProvider
instanceKlass jdk/internal/loader/AbstractClassLoaderValue$Memoizer
instanceKlass java/util/ImmutableCollections$ListItr
instanceKlass java/util/ListIterator
instanceKlass java/lang/ModuleLayer
instanceKlass jdk/internal/module/ModuleLoaderMap$Modules
instanceKlass jdk/internal/module/ModuleLoaderMap$Mapper
instanceKlass jdk/internal/module/ModuleLoaderMap
instanceKlass java/util/AbstractMap$1$1
instanceKlass java/lang/module/ResolvedModule
instanceKlass java/lang/module/Configuration
instanceKlass jdk/internal/loader/BuiltinClassLoader$LoadedModule
instanceKlass jdk/internal/loader/AbstractClassLoaderValue
instanceKlass jdk/internal/module/ServicesCatalog
instanceKlass java/util/Deque
instanceKlass java/util/Queue
instanceKlass sun/net/util/IPAddressUtil$MASKS
instanceKlass sun/net/util/IPAddressUtil
instanceKlass java/net/URLStreamHandler
instanceKlass sun/net/www/ParseUtil
instanceKlass java/net/URL$3
instanceKlass jdk/internal/access/JavaNetURLAccess
instanceKlass java/net/URL$DefaultFactory
instanceKlass java/net/URLStreamHandlerFactory
instanceKlass jdk/internal/loader/URLClassPath
instanceKlass java/security/Principal
instanceKlass java/security/ProtectionDomain$Key
instanceKlass java/security/ProtectionDomain$JavaSecurityAccessImpl
instanceKlass jdk/internal/access/JavaSecurityAccess
instanceKlass java/lang/ClassLoader$ParallelLoaders
instanceKlass java/security/cert/Certificate
instanceKlass jdk/internal/loader/ArchivedClassLoaders
instanceKlass java/util/concurrent/ConcurrentHashMap$CollectionView
instanceKlass jdk/internal/loader/ClassLoaderHelper
instanceKlass jdk/internal/loader/NativeLibraries
instanceKlass java/lang/Module$EnableNativeAccess
instanceKlass jdk/internal/loader/BootLoader
instanceKlass java/util/Optional
instanceKlass jdk/internal/module/SystemModuleFinders$SystemModuleFinder
instanceKlass java/lang/module/ModuleFinder
instanceKlass jdk/internal/module/SystemModuleFinders$3
instanceKlass jdk/internal/module/ModuleHashes$HashSupplier
instanceKlass jdk/internal/module/SystemModuleFinders$2
instanceKlass java/util/function/Supplier
instanceKlass java/lang/module/ModuleReference
instanceKlass jdk/internal/module/ModuleResolution
instanceKlass java/util/Collections$UnmodifiableMap
instanceKlass jdk/internal/module/ModuleHashes$Builder
instanceKlass jdk/internal/module/ModuleHashes
instanceKlass jdk/internal/module/ModuleTarget
instanceKlass java/util/ImmutableCollections$Set12$1
instanceKlass java/lang/reflect/AccessFlag$18
instanceKlass java/lang/reflect/AccessFlag$17
instanceKlass java/lang/reflect/AccessFlag$16
instanceKlass java/lang/reflect/AccessFlag$15
instanceKlass java/lang/reflect/AccessFlag$14
instanceKlass java/lang/reflect/AccessFlag$13
instanceKlass java/lang/reflect/AccessFlag$12
instanceKlass java/lang/reflect/AccessFlag$11
instanceKlass java/lang/reflect/AccessFlag$10
instanceKlass java/lang/reflect/AccessFlag$9
instanceKlass java/lang/reflect/AccessFlag$8
instanceKlass java/lang/reflect/AccessFlag$7
instanceKlass java/lang/reflect/AccessFlag$6
instanceKlass java/lang/reflect/AccessFlag$5
instanceKlass java/lang/reflect/AccessFlag$4
instanceKlass java/lang/reflect/AccessFlag$3
instanceKlass java/lang/reflect/AccessFlag$2
instanceKlass java/lang/reflect/AccessFlag$1
instanceKlass java/lang/module/ModuleDescriptor$Version
instanceKlass java/lang/module/ModuleDescriptor$Provides
instanceKlass java/lang/module/ModuleDescriptor$Opens
instanceKlass java/util/ImmutableCollections$SetN$SetNIterator
instanceKlass java/lang/module/ModuleDescriptor$Exports
instanceKlass java/lang/module/ModuleDescriptor$Requires
instanceKlass jdk/internal/module/Builder
instanceKlass jdk/internal/module/SystemModules$default
instanceKlass jdk/internal/module/SystemModules
instanceKlass jdk/internal/module/SystemModulesMap
instanceKlass java/net/URI$1
instanceKlass jdk/internal/access/JavaNetUriAccess
instanceKlass java/net/URI
instanceKlass jdk/internal/module/SystemModuleFinders
instanceKlass jdk/internal/module/ArchivedModuleGraph
instanceKlass jdk/internal/module/ArchivedBootLayer
instanceKlass jdk/internal/module/ModuleBootstrap$Counters
instanceKlass jdk/internal/module/ModulePatcher
instanceKlass java/io/FileSystem
instanceKlass java/io/DefaultFileSystem
instanceKlass java/io/File
instanceKlass java/lang/module/ModuleDescriptor$1
instanceKlass jdk/internal/access/JavaLangModuleAccess
instanceKlass sun/invoke/util/VerifyAccess
instanceKlass java/util/KeyValueHolder
instanceKlass java/util/ImmutableCollections$MapN$MapNIterator
instanceKlass java/lang/StrictMath
instanceKlass java/lang/invoke/MethodHandles$Lookup
instanceKlass java/lang/invoke/MemberName$Factory
instanceKlass java/lang/invoke/MethodHandles
instanceKlass java/lang/module/ModuleDescriptor
instanceKlass jdk/internal/module/ModuleBootstrap
instanceKlass java/lang/Character$CharacterCache
instanceKlass java/util/HexFormat
instanceKlass jdk/internal/util/ClassFileDumper
instanceKlass sun/security/action/GetPropertyAction
instanceKlass java/lang/invoke/MethodHandleStatics
instanceKlass jdk/internal/misc/Blocker
instanceKlass java/util/concurrent/locks/AbstractQueuedSynchronizer$ConditionObject
instanceKlass java/util/concurrent/locks/Condition
instanceKlass java/util/Collections
instanceKlass java/lang/Thread$ThreadIdentifiers
instanceKlass sun/io/Win32ErrorMode
instanceKlass jdk/internal/misc/OSEnvironment
instanceKlass java/lang/Integer$IntegerCache
instanceKlass jdk/internal/misc/Signal$NativeHandler
instanceKlass java/util/Hashtable$Entry
instanceKlass jdk/internal/misc/Signal
instanceKlass java/lang/Terminator$1
instanceKlass jdk/internal/misc/Signal$Handler
instanceKlass java/lang/Terminator
instanceKlass java/nio/ByteOrder
instanceKlass java/nio/Buffer$2
instanceKlass jdk/internal/access/JavaNioAccess
instanceKlass java/nio/Buffer$1
instanceKlass jdk/internal/misc/ScopedMemoryAccess
instanceKlass java/nio/charset/CodingErrorAction
instanceKlass sun/nio/cs/SingleByte
instanceKlass java/lang/StringUTF16
instanceKlass sun/nio/cs/MS1252$Holder
instanceKlass sun/nio/cs/ArrayEncoder
instanceKlass java/nio/charset/CharsetEncoder
instanceKlass java/io/Writer
instanceKlass java/io/PrintStream$1
instanceKlass jdk/internal/access/JavaIOPrintStreamAccess
instanceKlass jdk/internal/misc/InternalLock
instanceKlass java/io/OutputStream
instanceKlass java/io/Flushable
instanceKlass java/io/FileDescriptor$1
instanceKlass jdk/internal/access/JavaIOFileDescriptorAccess
instanceKlass java/io/FileDescriptor
instanceKlass jdk/internal/util/StaticProperty
instanceKlass jdk/internal/reflect/MethodHandleAccessorFactory
instanceKlass java/lang/reflect/Modifier
instanceKlass java/lang/Class$1
instanceKlass java/lang/Class$Atomic
instanceKlass java/lang/Class$ReflectionData
instanceKlass java/nio/charset/StandardCharsets
instanceKlass sun/nio/cs/HistoricallyNamedCharset
instanceKlass java/nio/charset/spi/CharsetProvider
instanceKlass java/nio/charset/Charset
instanceKlass java/util/HashMap$HashIterator
instanceKlass java/util/concurrent/locks/LockSupport
instanceKlass java/util/concurrent/ConcurrentHashMap$Node
instanceKlass java/util/concurrent/ConcurrentHashMap$CounterCell
instanceKlass java/util/concurrent/locks/ReentrantLock
instanceKlass java/util/concurrent/locks/Lock
instanceKlass java/lang/CharacterData
instanceKlass java/util/Arrays
instanceKlass jdk/internal/util/Preconditions$3
instanceKlass jdk/internal/util/Preconditions$2
instanceKlass jdk/internal/util/Preconditions$4
instanceKlass java/util/function/BiFunction
instanceKlass jdk/internal/util/Preconditions$1
instanceKlass java/util/function/Function
instanceKlass jdk/internal/util/Preconditions
instanceKlass java/lang/Runtime
instanceKlass java/lang/VersionProps
instanceKlass java/lang/StringConcatHelper
instanceKlass java/util/HashMap$Node
instanceKlass java/util/Map$Entry
instanceKlass jdk/internal/util/ArraysSupport
instanceKlass jdk/internal/util/SystemProps$Raw
instanceKlass jdk/internal/util/SystemProps
instanceKlass java/lang/System$2
instanceKlass jdk/internal/access/JavaLangAccess
instanceKlass java/lang/ref/NativeReferenceQueue$Lock
instanceKlass java/lang/ref/ReferenceQueue
instanceKlass java/lang/ref/Reference$1
instanceKlass jdk/internal/access/JavaLangRefAccess
instanceKlass jdk/internal/reflect/ReflectionFactory
instanceKlass java/lang/Math
instanceKlass java/lang/StringLatin1
instanceKlass jdk/internal/reflect/Reflection
instanceKlass jdk/internal/reflect/ReflectionFactory$GetReflectionFactoryAction
instanceKlass java/security/PrivilegedAction
instanceKlass jdk/internal/access/SharedSecrets
instanceKlass java/lang/reflect/ReflectAccess
instanceKlass jdk/internal/access/JavaLangReflectAccess
instanceKlass java/util/ImmutableCollections
instanceKlass java/util/Objects
instanceKlass java/util/Set
instanceKlass jdk/internal/misc/CDS
instanceKlass java/lang/Module$ArchivedData
instanceKlass jdk/internal/misc/VM
instanceKlass java/lang/String$CaseInsensitiveComparator
instanceKlass java/util/Comparator
instanceKlass java/io/ObjectStreamField
instanceKlass jdk/internal/vm/FillerObject
instanceKlass jdk/internal/vm/vector/VectorSupport$VectorPayload
instanceKlass jdk/internal/vm/vector/VectorSupport
instanceKlass java/lang/reflect/RecordComponent
instanceKlass java/util/Iterator
instanceKlass java/lang/Number
instanceKlass java/lang/Character
instanceKlass java/lang/Boolean
instanceKlass java/util/concurrent/locks/AbstractOwnableSynchronizer
instanceKlass java/lang/LiveStackFrame
instanceKlass java/lang/StackFrameInfo
instanceKlass java/lang/StackWalker$StackFrame
instanceKlass java/lang/StackStreamFactory$AbstractStackWalker
instanceKlass java/lang/StackWalker
instanceKlass java/nio/Buffer
instanceKlass java/lang/StackTraceElement
instanceKlass java/util/RandomAccess
instanceKlass java/util/List
instanceKlass java/util/SequencedCollection
instanceKlass java/util/AbstractCollection
instanceKlass java/util/Collection
instanceKlass java/lang/Iterable
instanceKlass java/util/concurrent/ConcurrentMap
instanceKlass java/util/AbstractMap
instanceKlass java/security/CodeSource
instanceKlass jdk/internal/loader/ClassLoaders
instanceKlass java/util/jar/Manifest
instanceKlass java/lang/Enum
instanceKlass java/net/URL
instanceKlass java/io/InputStream
instanceKlass java/io/Closeable
instanceKlass java/lang/AutoCloseable
instanceKlass jdk/internal/module/Modules
instanceKlass jdk/internal/misc/Unsafe
instanceKlass jdk/internal/misc/UnsafeConstants
instanceKlass java/lang/AbstractStringBuilder
instanceKlass java/lang/Appendable
instanceKlass java/lang/AssertionStatusDirectives
instanceKlass jdk/internal/foreign/abi/ABIDescriptor
instanceKlass jdk/internal/foreign/abi/NativeEntryPoint
instanceKlass java/lang/invoke/CallSite
instanceKlass java/lang/invoke/MethodType
instanceKlass java/lang/invoke/TypeDescriptor$OfMethod
instanceKlass java/lang/invoke/LambdaForm
instanceKlass java/lang/invoke/MethodHandleNatives
instanceKlass java/lang/invoke/ResolvedMethodName
instanceKlass java/lang/invoke/MemberName
instanceKlass java/lang/invoke/VarHandle
instanceKlass java/lang/invoke/MethodHandle
instanceKlass jdk/internal/reflect/CallerSensitive
instanceKlass java/lang/annotation/Annotation
instanceKlass jdk/internal/reflect/FieldAccessor
instanceKlass jdk/internal/reflect/ConstantPool
instanceKlass jdk/internal/reflect/ConstructorAccessor
instanceKlass jdk/internal/reflect/MethodAccessor
instanceKlass jdk/internal/reflect/MagicAccessorImpl
instanceKlass jdk/internal/vm/StackChunk
instanceKlass jdk/internal/vm/Continuation
instanceKlass jdk/internal/vm/ContinuationScope
instanceKlass java/lang/reflect/Parameter
instanceKlass java/lang/reflect/Member
instanceKlass java/lang/reflect/AccessibleObject
instanceKlass java/lang/Module
instanceKlass java/util/Map
instanceKlass java/util/Dictionary
instanceKlass java/lang/ThreadGroup
instanceKlass java/lang/Thread$UncaughtExceptionHandler
instanceKlass java/lang/Thread$Constants
instanceKlass java/lang/Thread$FieldHolder
instanceKlass java/lang/Thread
instanceKlass java/lang/Runnable
instanceKlass java/lang/ref/Reference
instanceKlass java/lang/Record
instanceKlass java/security/AccessController
instanceKlass java/security/AccessControlContext
instanceKlass java/security/ProtectionDomain
instanceKlass java/lang/SecurityManager
instanceKlass java/lang/Throwable
instanceKlass java/lang/System
instanceKlass java/lang/ClassLoader
instanceKlass java/lang/Cloneable
instanceKlass java/lang/Class
instanceKlass java/lang/invoke/TypeDescriptor$OfField
instanceKlass java/lang/invoke/TypeDescriptor
instanceKlass java/lang/reflect/Type
instanceKlass java/lang/reflect/GenericDeclaration
instanceKlass java/lang/reflect/AnnotatedElement
instanceKlass java/lang/String
instanceKlass java/lang/constant/ConstantDesc
instanceKlass java/lang/constant/Constable
instanceKlass java/lang/CharSequence
instanceKlass java/lang/Comparable
instanceKlass java/io/Serializable
ciInstanceKlass java/lang/Object 1 1 124 7 1 10 12 1 1 10 7 12 1 1 1 10 7 12 1 1 1 10 12 1 1 8 1 10 12 1 1 10 7 12 1 1 1 10 12 1 10 12 1 1 10 7 12 1 1 1 10 12 1 10 12 1 100 1 10 7 12 1 1 1 10 12 1 1 10 12 1 100 1 8 1 10 12 1 3 8 1 7 1 5 0 1 1 1 1 1 1 1 1 1 1 1 1 1 1 1 1 100 1 1 1 1 1 1 1 1 1 1 7 1 1 1 1 1 1 1 1 1 1 3 1 1
ciInstanceKlass java/io/Serializable 1 0 7 100 1 100 1 1 1
ciInstanceKlass java/lang/System 1 1 834 10 7 12 1 1 1 9 7 12 1 1 1 10 12 1 10 12 1 1 10 12 1 1 10 12 1 9 12 1 1 10 7 12 1 1 1 11 100 12 1 1 1 10 100 12 1 1 1 10 12 1 1 10 12 1 1 100 1 8 1 10 12 1 10 7 12 1 1 1 10 7 12 1 1 1 18 12 1 1 10 7 12 1 1 1 7 1 10 12 1 1 10 7 12 1 1 1 10 12 1 10 7 12 1 1 1 9 100 12 1 1 1 10 7 12 1 1 1 11 7 12 1 1 1 10 12 1 1 10 7 12 1 1 1 7 1 10 10 12 1 1 8 1 10 12 1 8 1 10 12 1 9 12 1 1 8 1 10 7 12 1 1 1 10 12 1 1 100 1 8 1 10 9 12 1 1 8 1 10 12 1 1 10 100 12 1 1 1 8 1 10 12 1 7 1 10 12 1 8 1 10 12 1 10 12 1 1 100 1 10 12 10 12 1 9 12 1 1 9 12 1 1 10 7 12 1 1 1 10 7 12 1 1 1 10 12 1 1 10 12 1 10 12 1 10 7 12 1 1 1 10 12 1 100 1 100 1 8 1 10 12 1 10 12 1 1 7 1 10 12 1 100 1 8 1 10 10 12 1 100 1 8 1 10 8 1 10 7 12 1 1 8 1 10 12 100 1 8 1 10 10 12 1 1 10 7 12 1 1 1 100 1 18 12 1 100 1 9 100 12 1 1 1 10 12 1 100 1 10 12 1 1 10 12 1 1 10 7 12 1 1 1 10 12 1 1 10 12 1 10 12 1 10 12 1 1 10 12 1 7 1 10 12 1 9 7 12 1 1 1 10 7 12 1 1 1 10 12 1 10 12 1 10 7 12 1 1 1 7 1 8 1 10 9 12 1 9 12 1 10 12 1 10 7 12 1 1 10 12 1 10 12 1 1 8 1 10 12 1 1 8 1 11 12 1 10 12 11 12 1 1 11 7 12 1 1 1 11 7 12 1 1 11 12 1 1 7 1 11 12 1 10 12 1 8 1 10 12 1 1 8 1 8 1 8 1 8 1 11 12 1 10 12 1 10 12 1 10 12 1 8 1 10 12 1 1 8 1 9 12 1 8 1 10 7 12 1 1 8 1 7 1 9 7 12 1 1 1 10 12 1 7 1 9 12 10 9 12 7 1 10 12 9 12 1 1 8 1 10 12 1 1 8 1 10 7 12 1 1 10 12 1 10 12 1 1 11 7 12 1 1 10 12 10 7 12 1 1 1 9 12 1 1 7 1 8 1 10 12 1 1 10 7 12 1 1 1 7 1 10 12 1 1 10 12 1 8 1 8 1 10 8 1 8 1 8 1 8 1 10 10 7 12 1 1 10 12 1 10 12 1 1 10 12 1 1 10 12 1 10 100 12 1 1 1 10 7 1 8 1 10 10 10 12 1 1 10 12 1 1 8 1 10 12 1 8 1 8 1 10 12 1 10 7 12 1 1 1 10 12 1 1 7 1 10 10 12 1 10 12 1 9 12 1 1 3 1 3 1 1 1 1 1 1 1 1 1 1 1 1 100 1 1 100 1 1 1 1 1 1 1 1 1 1 1 100 1 7 1 1 1 1 1 1 1 1 1 1 1 1 1 1 1 1 1 1 1 1 1 1 1 1 1 1 1 1 1 1 1 1 1 1 1 1 1 1 1 1 1 1 1 1 1 1 1 1 1 1 1 1 1 1 1 1 1 1 100 1 1 1 1 1 1 1 1 1 1 1 1 1 1 1 1 1 1 1 1 1 1 1 1 1 1 1 1 1 1 1 1 1 100 1 1 16 15 10 12 1 1 16 15 10 12 16 1 15 10 100 12 1 1 1 1 1 1 1 1 1 100 1 100 1 1
staticfield java/lang/System in Ljava/io/InputStream; java/io/BufferedInputStream
staticfield java/lang/System out Ljava/io/PrintStream; java/io/PrintStream
staticfield java/lang/System err Ljava/io/PrintStream; java/io/PrintStream
ciInstanceKlass java/lang/SecurityManager 0 0 576 10 7 12 1 1 1 9 7 12 1 1 1 10 7 12 1 1 1 100 1 8 1 10 12 1 10 12 1 1 10 7 12 1 1 1 10 7 1 10 100 1 10 9 100 12 1 1 1 10 7 12 1 1 1 10 12 1 1 10 7 12 1 1 100 1 8 1 10 9 12 1 1 9 12 1 8 1 9 12 1 7 1 10 8 1 10 12 1 1 10 12 1 10 12 1 1 100 1 10 10 12 1 1 100 1 8 1 10 12 1 8 1 8 1 8 1 8 1 8 1 8 1 10 12 1 8 1 8 1 8 1 8 1 8 1 10 7 12 1 1 1 10 12 1 1 8 1 100 1 8 1 10 8 1 8 1 8 1 8 1 8 1 10 100 12 1 1 8 1 100 1 8 1 8 1 10 8 1 10 12 1 100 1 8 1 10 10 12 1 1 10 12 1 10 12 1 10 12 1 10 100 12 1 1 1 10 12 1 10 100 12 1 1 11 100 12 1 1 1 18 12 1 1 11 100 12 1 1 1 18 12 1 1 11 12 1 1 18 18 11 12 1 18 12 1 11 12 1 1 9 12 1 1 9 12 1 9 12 1 9 12 1 100 1 10 100 12 1 1 10 12 1 10 12 1 18 12 1 18 10 100 12 1 1 1 18 12 1 10 12 1 18 18 8 1 10 12 1 9 12 1 1 11 7 12 1 1 1 8 1 100 1 10 12 1 10 12 1 1 10 12 1 1 9 12 1 1 10 12 1 10 12 1 1 8 1 100 1 10 9 12 1 8 1 10 12 1 8 1 100 1 10 10 100 12 1 1 10 100 1 9 7 12 1 1 1 11 12 1 1 10 12 1 11 12 1 10 12 1 7 1 10 10 12 1 1 10 12 1 1 1 1 1 1 1 1 1 1 1 7 1 1 1 1 1 1 1 1 1 1 1 1 1 1 1 1 1 1 1 1 1 1 1 1 1 1 1 1 1 1 1 1 1 1 1 1 1 1 1 1 1 1 1 1 1 1 1 1 1 1 1 1 1 1 1 1 3 1 1 1 1 1 1 1 1 1 1 100 1 1 1 1 1 1 1 1 1 1 1 1 1 1 1 1 1 1 1 1 1 1 1 1 1 1 1 1 1 1 1 1 1 1 1 1 1 1 16 15 10 7 12 1 1 1 16 1 16 15 10 12 16 1 15 10 12 16 15 11 7 1 16 1 16 1 15 10 12 16 15 10 12 16 15 10 12 1 16 1 15 11 12 1 15 10 12 16 15 10 16 1 15 10 100 12 1 1 1 1 1 1 100 1 100 1 1
ciInstanceKlass java/security/AccessController 1 1 295 10 7 12 1 1 1 10 7 12 1 1 1 10 7 12 1 1 1 10 12 1 1 10 12 1 1 10 7 12 1 1 1 10 12 1 1 10 12 1 10 12 1 1 10 12 1 100 1 8 1 10 12 1 10 12 1 10 12 1 1 10 12 1 7 1 7 1 10 12 1 1 10 12 1 10 12 1 10 12 1 1 10 7 12 1 1 1 10 12 1 1 9 100 12 1 1 1 10 7 12 1 1 1 10 12 1 10 12 1 9 100 12 1 1 1 10 12 1 10 12 1 1 9 12 1 1 10 100 1 10 11 7 12 1 1 1 10 7 12 1 1 11 7 1 100 1 10 12 1 10 12 1 10 12 1 8 1 10 12 1 1 8 1 10 100 12 1 1 1 8 1 7 1 10 10 12 1 1 10 12 1 10 7 12 1 1 1 10 12 1 8 1 10 7 12 1 1 8 1 8 1 10 12 1 8 1 10 12 1 10 12 1 1 10 12 1 1 1 1 1 1 1 1 1 1 1 1 1 1 1 1 1 1 1 1 1 1 1 1 1 1 1 1 100 1 1 1 1 1 1 1 1 1 1 1 1 1 1 1 1 1 1 1 1 1 1 1 1 1 1 1 1 1 1 1 1 1 1 100 1 100 1 1 1 1 1 1 1 1 1 3 1 1 1
staticfield java/security/AccessController $assertionsDisabled Z 1
ciInstanceKlass java/security/ProtectionDomain 1 1 348 10 7 12 1 1 1 9 7 12 1 1 1 7 1 10 9 12 1 1 9 12 1 1 9 12 1 1 10 7 12 1 1 7 1 9 12 1 9 12 1 1 7 1 9 12 1 1 9 12 1 10 100 12 1 1 10 100 12 1 1 1 10 12 1 1 10 12 1 9 12 1 9 100 12 1 1 10 12 1 1 10 100 1 10 12 1 1 8 1 7 1 8 1 10 12 1 10 11 10 7 12 1 1 1 10 12 1 1 8 1 11 8 1 10 12 1 8 1 8 1 10 12 1 1 10 12 1 10 12 1 1 10 12 1 8 1 10 12 1 8 1 8 1 10 7 12 1 1 1 9 100 12 1 1 1 10 12 1 1 9 100 12 1 1 1 10 7 12 1 1 1 100 1 18 12 1 1 10 7 12 1 1 1 10 7 1 10 12 1 10 12 1 1 11 100 12 1 1 11 12 1 100 1 11 7 12 1 1 1 10 12 1 10 11 12 1 1 11 12 1 1 10 12 1 10 7 12 1 1 10 100 12 1 1 11 12 1 10 12 10 12 1 8 1 8 1 10 7 12 1 1 1 7 1 10 10 7 12 1 1 1 1 1 1 1 1 1 1 7 1 1 7 1 1 1 1 1 1 1 1 1 1 1 1 1 1 1 1 1 1 1 1 1 1 1 1 1 1 1 1 1 1 1 1 1 1 1 1 1 1 1 1 1 1 1 1 7 1 1 1 1 1 1 100 1 1 16 15 10 12 16 15 10 100 12 1 1 1 1 1 1 1 100 1 100 1 1
staticfield java/security/ProtectionDomain filePermCompatInPD Z 0
ciInstanceKlass java/security/CodeSource 1 1 398 10 7 12 1 1 1 9 7 12 1 1 1 9 12 1 1 9 12 1 1 9 12 1 1 10 7 12 1 1 1 9 12 1 1 10 7 12 1 1 10 7 10 7 12 1 1 1 10 100 12 1 1 1 10 12 1 1 7 1 10 10 7 12 1 1 1 10 7 12 1 1 1 10 12 1 1 7 1 10 12 1 1 10 12 1 1 10 12 1 1 10 12 1 10 10 10 12 1 1 10 7 12 1 1 1 10 12 1 10 12 1 10 12 1 8 1 10 12 1 10 12 1 10 12 1 1 10 12 1 8 1 10 12 1 1 10 7 1 10 10 12 1 1 8 1 10 12 1 10 12 1 10 12 1 8 1 8 1 9 12 1 1 100 1 8 1 10 12 1 10 12 1 1 8 1 10 12 1 8 1 8 1 8 1 10 100 12 1 1 10 12 1 1 10 12 1 10 12 1 1 10 12 1 1 10 12 1 1 100 1 100 1 10 12 1 10 12 10 12 1 1 10 100 12 1 1 10 12 1 7 1 10 12 10 100 12 1 1 1 10 8 1 10 12 1 10 12 1 10 12 1 1 100 1 10 12 1 1 100 1 7 1 8 1 8 1 10 10 12 1 1 10 100 12 1 1 1 7 1 10 12 10 12 1 1 11 7 12 1 1 10 10 12 1 11 10 12 1 8 1 100 1 10 12 1 10 12 1 1 10 12 1 11 12 1 1 7 1 1 1 1 5 0 1 1 1 1 1 1 1 1 1 1 1 1 1 1 1 1 1 1 1 1 1 1 1 1 1 1 1 1 1 1 1 1 1 1 1 1 1 1 1 1 1 1 1 1 1 1 1 1 1 1 1 1 1 1 1 1 1 1 1 1 1 1 1 1 1 1 100 1 1 1 1 1 1 1
ciInstanceKlass java/lang/Boolean 1 1 152 10 7 12 1 1 1 9 7 12 1 1 1 10 12 1 1 10 12 1 8 1 10 7 12 1 1 9 12 1 1 9 12 1 10 12 1 1 10 12 1 1 10 12 1 1 10 7 12 1 1 1 100 1 100 1 10 12 1 1 9 100 12 1 1 9 12 10 100 12 1 1 1 10 12 1 1 8 1 10 7 12 1 1 1 9 12 1 1 7 1 7 1 7 1 1 1 1 1 1 5 0 1 1 1 1 1 1 1 1 1 1 3 1 1 1 1 1 1 1 1 1 1 1 1 1 1 1 1 1 1 7 1 1 1 1 1 1 1 1 1 1 100 1 1 1 1 1 1 1 1 1
staticfield java/lang/Boolean TRUE Ljava/lang/Boolean; java/lang/Boolean
staticfield java/lang/Boolean FALSE Ljava/lang/Boolean; java/lang/Boolean
staticfield java/lang/Boolean TYPE Ljava/lang/Class; java/lang/Class
ciInstanceKlass java/lang/Comparable 1 0 12 100 1 100 1 1 1 1 1 1 1 1
ciInstanceKlass java/lang/constant/Constable 1 0 11 100 1 100 1 1 1 1 1 1 1
ciInstanceKlass java/util/Map 1 1 263 11 7 12 1 1 1 11 12 1 1 10 7 12 1 1 11 12 1 1 11 7 12 1 1 1 11 7 12 1 1 1 11 12 1 1 7 1 11 12 1 11 12 1 100 1 100 1 10 12 1 1 11 7 12 1 1 1 11 7 12 1 1 1 11 12 1 11 12 1 10 12 1 1 11 12 1 11 7 12 1 9 7 12 1 1 1 100 1 10 12 7 1 7 1 10 12 1 7 1 10 7 1 11 12 1 11 12 1 1 11 12 1 1 7 1 11 12 1 1 1 1 1 1 1 1 1 1 1 1 1 1 1 1 1 1 1 1 1 1 1 1 1 1 1 1 1 1 1 1 1 1 1 1 1 1 1 1 1 1 1 1 1 1 1 1 1 1 1 1 1 1 1 1 1 1 1 1 1 1 1 1 1 1 1 1 1 1 1 1 1 1 1 1 1 1 1 1 1 1 1 1 1 1 1 1 1 1 1 1 1 1 1 1 1 1 1 1 1 1 1 1 1 1 1 1 1 1 1 1 1 1 1 1 1 1 1 1 1 1 1 1 1 1 100 1 1 1 1 1 1 1 1 1 1 1 1 1 1 1 1 1 1
ciInstanceKlass java/lang/Class 1 1 1687 10 7 12 1 1 1 9 7 12 1 1 1 9 12 1 1 10 12 1 1 8 1 10 12 1 8 1 8 1 10 12 1 1 10 7 12 1 1 1 10 12 1 7 1 10 10 12 1 10 12 1 1 10 12 1 1 10 12 1 1 10 100 12 1 1 10 12 1 10 12 1 10 12 1 8 1 10 12 1 8 1 10 12 1 8 1 8 1 10 12 1 1 10 100 12 1 1 1 18 12 1 1 11 100 12 1 1 1 8 1 8 1 8 1 10 100 12 1 1 1 11 12 1 1 8 1 10 12 1 10 11 100 12 1 1 1 11 7 12 1 1 1 11 8 1 18 8 1 10 12 1 10 7 12 1 1 10 12 1 1 10 7 12 1 1 1 10 12 1 1 10 12 1 1 10 7 12 1 1 1 10 12 9 100 12 1 1 1 10 7 12 1 1 1 10 12 1 10 7 12 1 1 1 10 12 1 1 18 12 1 1 10 7 12 1 1 1 10 7 12 1 10 12 1 1 10 7 1 7 1 10 12 1 1 9 12 1 1 100 1 8 1 10 12 1 10 12 1 1 10 12 1 1 10 7 12 1 1 1 7 1 10 12 1 100 1 100 1 10 10 12 1 1 10 12 1 1 100 1 10 7 12 1 1 1 10 12 1 1 10 12 1 1 9 12 1 1 10 12 1 10 12 1 1 9 12 1 1 9 12 1 1 10 12 1 1 10 7 1 10 12 1 10 12 1 10 12 1 1 10 9 12 1 10 12 1 8 1 10 12 1 1 10 12 1 1 10 12 1 10 12 1 1 10 12 1 1 10 12 1 1 9 7 12 1 1 1 10 100 12 1 1 10 12 10 12 1 10 12 1 10 12 1 10 12 1 9 100 12 1 1 1 9 12 1 10 12 1 10 100 12 1 1 1 10 12 1 1 10 100 12 1 1 10 12 1 10 12 1 1 10 100 12 1 1 1 10 12 1 10 12 1 1 10 12 1 10 12 1 10 12 1 1 10 7 1 10 10 10 12 1 1 10 12 1 1 10 12 10 10 12 1 1 7 1 8 1 10 10 12 1 1 10 12 1 100 1 11 12 1 10 100 12 1 1 10 12 1 10 12 1 10 100 12 1 1 10 10 12 1 1 8 1 10 12 1 10 12 1 1 8 1 10 12 1 9 12 1 10 12 1 10 12 1 10 12 1 10 12 7 1 9 12 1 10 12 1 9 12 1 10 12 1 10 12 1 10 12 1 10 10 12 1 10 12 1 10 100 12 1 1 10 12 1 10 12 1 10 12 1 1 10 12 1 10 12 1 10 12 1 100 1 10 12 1 10 12 1 1 10 12 1 1 10 12 1 1 10 12 1 1 10 12 1 1 10 12 1 1 100 1 10 10 12 1 1 10 12 1 1 10 12 1 1 10 10 12 1 10 12 1 1 10 12 1 1 10 12 1 1 10 12 1 1 7 1 10 10 12 11 7 12 1 1 10 12 1 10 12 1 10 7 12 1 1 1 10 12 1 1 10 10 12 1 1 7 1 10 10 12 1 1 10 7 12 1 1 1 100 1 100 1 10 12 1 1 10 12 1 10 10 12 1 1 10 12 1 10 12 1 10 12 1 10 100 12 1 1 1 11 100 12 1 1 10 12 1 10 12 1 9 12 1 10 12 1 1 10 12 1 9 100 12 1 1 1 9 12 1 10 100 12 1 1 1 10 12 1 10 12 1 10 100 12 1 1 1 10 12 1 10 12 10 12 1 1 100 1 10 8 1 10 12 1 11 11 12 1 1 11 7 12 1 1 11 12 1 8 1 10 12 1 10 12 1 1 9 12 1 9 12 1 1 10 7 12 1 1 9 12 1 10 12 1 1 10 10 12 1 10 7 12 1 1 1 10 7 12 1 1 10 7 12 1 1 9 12 1 1 10 12 1 9 12 1 10 12 1 10 12 1 1 9 12 1 1 9 12 1 10 12 1 10 12 1 1 9 12 1 100 1 10 10 12 1 1 7 1 10 12 1 1 100 11 7 1 9 12 1 1 9 12 1 7 1 10 12 1 9 12 1 1 9 12 1 10 12 1 10 12 1 1 9 12 1 100 1 10 10 12 1 1 10 10 12 1 10 12 10 10 12 1 9 12 1 10 12 1 1 10 7 12 1 1 1 10 12 1 1 10 12 1 8 10 100 8 1 18 8 1 8 1 10 12 1 9 12 1 9 12 1 1 10 12 1 7 1 7 1 10 12 1 9 12 1 1 7 1 10 10 12 1 10 7 1 9 12 1 8 1 10 12 1 7 1 10 12 1 10 12 1 1 100 1 7 1 9 12 1 100 1 8 1 10 10 7 12 1 1 1 10 12 11 7 12 1 1 1 10 12 1 10 12 1 1 10 8 1 8 1 10 12 1 1 9 100 12 1 1 11 12 7 1 11 7 12 1 1 9 12 1 10 100 12 1 1 1 10 100 12 1 1 10 12 1 1 9 12 1 9 10 12 1 1 10 12 1 1 10 12 1 1 10 12 1 1 10 12 1 1 11 12 1 100 1 11 12 1 10 100 12 1 1 1 10 12 1 11 12 1 10 100 12 1 1 1 10 12 1 10 100 12 1 1 1 11 12 1 11 12 1 1 10 12 1 10 12 1 1 9 12 1 1 9 100 12 1 1 10 12 1 10 100 12 1 1 1 10 12 1 1 10 12 1 10 12 1 10 12 1 10 7 12 1 1 1 10 12 1 8 1 10 12 1 10 12 1 10 12 1 100 1 10 12 10 100 12 1 1 1 11 100 12 1 1 1 10 12 1 1 10 12 1 18 12 1 1 11 12 1 1 18 11 12 1 18 12 1 11 12 1 10 12 1 1 10 12 1 10 12 1 10 12 1 10 12 1 10 12 10 12 1 8 1 10 12 1 7 1 9 12 1 1 7 1 7 1 7 1 7 1 1 1 3 1 3 1 3 1 1 1 1 1 1 1 5 0 1 1 1 1 1 1 1 1 1 1 1 1 1 1 1 1 1 1 1 1 1 1 1 1 100 1 1 1 1 1 1 1 100 1 1 1 1 1 7 1 1 1 1 1 1 1 1 1 1 1 1 1 1 1 1 1 1 1 1 1 1 1 1 1 1 1 1 1 1 1 1 1 1 1 1 1 1 1 1 1 1 100 1 1 1 1 1 1 1 1 1 1 1 1 1 1 1 1 1 1 1 1 1 1 1 1 1 1 1 1 1 1 1 100 1 1 1 1 1 1 1 1 1 1 1 1 1 1 1 1 1 1 1 1 3 1 1 1 1 1 1 1 1 1 1 1 1 1 1 1 1 1 1 1 1 1 1 1 1 1 1 1 1 1 1 1 1 1 1 1 7 1 7 1 1 1 1 1 1 1 7 1 1 1 1 1 1 1 1 1 1 1 1 1 1 1 1 1 1 1 1 1 1 1 1 1 1 1 1 1 1 1 1 1 1 1 1 1 1 1 1 1 1 1 1 1 1 1 1 1 1 1 1 1 1 1 1 1 1 1 1 1 1 1 1 1 1 1 1 1 1 1 1 1 1 1 1 1 1 1 1 1 1 1 1 1 1 1 1 1 1 1 1 1 1 1 1 1 1 1 1 1 1 1 1 1 1 1 1 1 1 1 1 1 1 1 1 1 1 1 1 1 1 1 1 16 15 10 12 16 15 11 12 16 1 16 15 16 15 10 12 16 16 15 10 12 16 15 16 1 15 10 12 16 15 10 100 12 1 1 1 1 1 1 1 1 1 1 1 1 1 7 1 1 100 1 100 1 1 100 1 100 1 1 100 1 100 1 1
staticfield java/lang/Class EMPTY_CLASS_ARRAY [Ljava/lang/Class; 0 [Ljava/lang/Class;
staticfield java/lang/Class serialPersistentFields [Ljava/io/ObjectStreamField; 0 [Ljava/io/ObjectStreamField;
ciInstanceKlass java/lang/reflect/AnnotatedElement 1 1 164 11 7 12 1 1 1 11 12 1 1 7 1 10 100 12 1 1 1 10 12 1 1 10 12 1 1 10 12 1 10 100 12 1 1 1 11 12 1 1 11 7 12 1 1 10 7 12 1 1 1 10 12 1 10 100 12 1 1 1 18 12 1 1 11 100 12 1 1 18 12 1 18 12 1 1 10 100 12 1 1 1 11 100 12 1 1 1 7 1 10 100 12 1 1 1 1 1 1 1 1 1 1 1 1 1 1 1 1 1 1 1 1 1 1 1 1 1 100 1 1 1 1 1 1 1 1 1 1 1 16 15 16 1 16 1 15 11 12 16 16 1 15 10 100 12 1 1 1 16 1 15 10 100 12 1 1 1 1 100 1 100 1 1
ciInstanceKlass java/lang/invoke/TypeDescriptor 1 0 17 100 1 100 1 1 1 1 1 1 100 1 100 1 1 1 1
ciInstanceKlass java/lang/reflect/GenericDeclaration 1 0 30 7 1 7 1 7 1 1 1 1 1 1 1 1 100 1 8 1 1 12 10 1 1 1 8 1 1 1 8 1
ciInstanceKlass java/lang/reflect/Type 1 1 17 11 100 12 1 1 1 100 1 1 1 1 1 1 1 1 1
ciInstanceKlass java/lang/invoke/TypeDescriptor$OfField 1 0 21 100 1 100 1 100 1 1 1 1 1 1 1 1 1 1 1 1 1 1 1
ciInstanceKlass java/lang/StringBuilder 1 1 422 10 7 12 1 1 1 10 12 1 10 12 1 10 12 1 1 10 7 12 1 1 1 10 7 12 1 1 1 10 12 1 10 12 1 10 12 1 10 12 1 10 12 1 10 12 1 10 12 1 10 12 1 10 12 1 10 12 1 10 12 1 10 12 1 10 12 1 10 12 1 1 10 12 1 10 12 1 1 10 12 1 1 10 12 1 10 12 1 10 12 1 10 12 1 10 12 1 10 12 1 10 12 1 10 12 10 12 1 10 12 1 10 12 1 10 12 1 1 10 12 1 10 12 1 10 12 10 12 1 1 10 12 1 10 12 1 10 12 1 10 100 12 1 1 1 9 12 1 1 10 12 1 10 12 1 1 10 12 1 1 9 12 1 1 10 100 12 1 1 1 10 100 1 10 12 1 1 10 100 12 1 1 10 12 1 10 12 1 1 100 1 100 1 8 1 10 10 12 1 1 10 12 1 10 12 1 10 12 1 1 10 12 1 10 12 1 10 12 1 10 12 1 10 12 1 10 12 10 12 1 10 12 1 10 12 1 10 12 1 10 12 1 10 12 1 10 12 1 10 12 1 10 12 1 1 10 12 1 1 10 12 1 10 12 1 10 12 1 10 12 10 12 10 12 1 10 12 1 10 12 1 10 12 10 12 1 10 12 1 10 12 1 10 12 1 10 12 1 10 12 1 10 12 1 10 12 1 10 12 1 1 10 12 1 10 12 1 1 10 12 1 10 12 1 1 10 12 1 10 12 1 1 10 12 1 10 12 1 10 12 1 10 10 12 1 10 12 1 7 1 7 1 7 1 7 1 1 1 1 5 0 1 1 1 1 1 1 1 1 1 1 1 1 1 1 1 1 1 1 1 1 1 1 1 1 1 1 1 1 1 1 1 1 1 1 1 1 1 1 1 1 1 1 1 1 100 1 1 1 7 1 1 1 1 1 1 1 1 1 1 1
instanceKlass java/lang/StringBuilder
instanceKlass java/lang/StringBuffer
ciInstanceKlass java/lang/AbstractStringBuilder 1 1 609 7 1 10 7 12 1 1 1 9 7 12 1 1 1 9 12 1 9 12 1 1 9 12 1 1 10 100 12 1 1 1 10 12 1 1 7 1 3 3 10 12 1 10 12 1 1 11 7 1 100 1 7 1 10 8 1 10 12 1 10 12 1 10 12 1 1 10 12 1 10 12 1 9 12 1 10 12 1 9 12 1 1 10 12 1 1 10 7 12 1 1 1 10 10 12 1 10 12 1 10 12 1 1 10 12 1 1 10 7 12 1 1 1 10 7 12 1 1 1 7 1 8 1 10 10 12 1 1 100 1 10 12 10 12 1 1 10 10 7 12 1 1 1 10 12 1 1 10 12 1 1 10 12 1 1 10 12 1 1 10 10 7 12 1 1 1 10 12 1 100 1 10 10 7 12 1 1 1 9 12 1 1 9 12 1 10 12 1 1 10 10 12 1 1 10 12 10 12 1 10 12 1 1 10 12 1 1 10 12 1 1 10 12 1 10 12 1 1 10 12 1 1 10 12 1 10 12 1 1 8 1 10 12 1 1 10 12 1 10 12 1 10 12 1 10 12 1 10 12 1 10 12 1 10 7 12 1 1 10 12 1 10 12 1 10 100 12 1 1 1 100 1 100 1 10 12 1 10 100 12 1 1 10 12 1 10 12 1 1 10 12 1 10 12 1 1 10 12 1 10 12 1 1 10 12 1 1 10 10 7 12 1 1 1 10 12 1 10 12 1 10 12 1 1 10 12 1 10 12 1 10 12 1 10 12 1 10 12 1 10 12 1 10 12 1 10 12 1 1 10 12 1 10 12 1 10 12 10 12 1 1 18 12 1 1 100 1 10 100 12 1 1 1 18 10 12 1 1 10 12 1 1 10 12 1 10 12 1 1 11 12 1 1 10 12 1 10 12 10 10 10 12 1 10 5 0 10 10 12 1 1 100 1 8 1 10 10 12 1 1 10 100 12 1 1 1 10 12 1 10 12 1 1 100 1 10 12 100 1 10 100 1 10 7 1 1 1 1 1 1 1 1 1 1 1 100 1 1 1 1 1 1 1 1 1 1 1 1 1 1 1 1 1 1 1 1 1 1 1 1 1 1 1 1 1 1 1 1 1 1 1 1 1 1 1 1 1 1 1 1 1 1 1 1 1 1 1 1 1 1 1 1 1 1 1 1 1 1 1 1 1 1 1 1 1 1 1 1 1 1 1 1 1 1 1 1 1 1 1 1 1 1 1 1 1 1 1 1 1 1 1 1 1 1 1 100 1 1 1 1 1 1 1 1 1 1 1 1 1 1 1 1 1 100 1 1 1 1 1 1 7 1 1 16 1 15 10 12 16 15 10 12 15 10 100 12 1 1 1 1 1 1 1 100 1 100 1 1
staticfield java/lang/AbstractStringBuilder EMPTYVALUE [B 0
ciInstanceKlass java/lang/Appendable 1 0 14 100 1 100 1 1 1 1 100 1 1 1 1 1
ciInstanceKlass java/lang/CharSequence 1 1 131 11 7 12 1 1 1 18 12 1 1 100 1 10 100 12 1 1 1 18 10 100 12 1 1 1 11 12 1 1 11 7 1 11 12 1 1 10 100 12 1 1 1 11 12 1 1 100 1 10 12 1 1 10 100 12 1 1 1 100 1 10 10 12 1 1 7 1 1 1 1 1 1 1 1 1 1 1 1 1 1 1 1 1 1 1 1 1 1 1 1 1 1 1 1 1 1 1 1 1 16 1 15 11 12 16 15 11 12 15 10 100 12 1 1 1 1 1 100 1 100 1 1 100 1 1 100 1 100 1 1
ciInstanceKlass java/lang/AutoCloseable 1 0 12 100 1 100 1 1 1 1 100 1 1 1
ciInstanceKlass java/io/Closeable 1 0 14 100 1 100 1 100 1 1 1 1 100 1 1 1
instanceKlass java/security/GeneralSecurityException
instanceKlass java/lang/InterruptedException
instanceKlass com/android/tools/r8/shaking/g4
instanceKlass java/lang/CloneNotSupportedException
instanceKlass com/android/tools/r8/internal/Sf0
instanceKlass sun/nio/fs/WindowsException
instanceKlass com/android/tools/r8/ResourceException
instanceKlass com/android/tools/r8/CompilationFailedException
instanceKlass java/util/concurrent/ExecutionException
instanceKlass java/io/IOException
instanceKlass java/lang/ReflectiveOperationException
instanceKlass java/lang/RuntimeException
ciInstanceKlass java/lang/Exception 1 1 40 10 7 12 1 1 1 10 12 1 10 12 1 10 12 1 10 12 1 100 1 1 1 1 5 0 1 1 1 1 1 1 1 1 1 1 1 1 1 1
instanceKlass java/lang/Exception
instanceKlass java/lang/Error
ciInstanceKlass java/lang/Throwable 1 1 404 10 7 12 1 1 1 9 7 12 1 1 1 9 12 1 1 9 12 1 9 12 1 1 9 12 1 10 12 1 1 9 12 1 1 10 12 1 1 10 12 1 100 1 7 1 10 8 1 10 12 1 1 8 1 10 100 12 1 1 10 10 12 1 100 1 8 1 10 10 12 1 1 10 7 12 1 1 10 12 1 8 1 9 7 12 1 1 1 10 12 1 1 100 1 10 12 10 12 1 10 100 12 1 1 1 100 1 10 12 10 12 1 10 12 1 100 1 10 10 7 12 1 1 1 11 100 12 1 1 1 10 12 1 1 10 12 1 1 8 1 10 12 1 10 12 1 1 8 1 8 1 10 12 1 1 10 12 1 8 1 8 1 9 12 1 1 10 12 1 1 100 1 10 11 12 1 8 1 8 1 10 7 12 1 1 8 1 10 12 1 8 1 100 1 10 12 1 9 12 1 1 10 12 1 10 100 12 1 9 12 1 1 10 12 1 1 100 1 8 1 10 12 1 10 100 12 1 1 10 12 1 1 7 1 10 100 12 1 1 1 10 12 1 11 7 12 1 1 1 11 7 12 1 1 11 12 1 8 1 10 12 1 1 8 1 10 10 9 100 12 1 1 1 8 1 10 12 1 1 11 10 100 1 8 1 10 11 12 1 1 8 1 9 12 1 10 100 12 1 1 11 9 12 1 1 11 12 1 1 100 10 12 1 10 12 1 1 7 1 1 1 1 5 0 1 1 1 1 1 1 1 1 1 1 1 1 1 7 1 1 1 1 1 1 1 1 1 1 1 1 1 1 1 1 1 1 1 1 1 1 1 1 1 1 1 1 1 1 1 1 1 1 1 1 1 1 1 1 1 1 1 1 100 1 7 1 1 1 1 1 1 1 1 1 1 1 1 1 1 1 1 1 1
staticfield java/lang/Throwable UNASSIGNED_STACK [Ljava/lang/StackTraceElement; 0 [Ljava/lang/StackTraceElement;
staticfield java/lang/Throwable SUPPRESSED_SENTINEL Ljava/util/List; java/util/Collections$EmptyList
staticfield java/lang/Throwable EMPTY_THROWABLE_ARRAY [Ljava/lang/Throwable; 0 [Ljava/lang/Throwable;
staticfield java/lang/Throwable $assertionsDisabled Z 1
instanceKlass java/security/Provider
ciInstanceKlass java/util/Properties 1 1 690 10 7 12 1 1 1 100 1 10 7 12 1 1 7 1 10 12 1 9 12 1 1 9 12 1 1 9 12 1 1 10 7 12 1 1 1 10 12 1 1 8 1 10 7 12 1 1 1 7 1 10 12 1 10 12 1 1 8 1 10 12 1 7 1 10 12 10 12 1 1 9 12 1 1 10 12 1 1 7 1 10 12 1 10 12 1 10 12 1 1 100 1 8 1 10 12 1 10 12 1 10 12 1 1 10 12 1 7 1 3 10 10 100 12 1 1 1 10 12 1 10 12 1 1 8 1 10 12 1 10 12 1 1 8 1 10 100 12 1 1 10 12 1 1 10 12 1 10 12 1 1 100 1 10 12 1 10 12 1 1 100 1 9 100 12 1 1 1 10 12 1 10 12 1 1 10 12 1 1 10 12 1 1 100 1 9 12 1 1 7 1 7 1 10 12 1 7 1 11 7 12 1 1 1 11 12 1 1 11 7 12 1 1 1 11 7 12 1 1 1 11 12 1 1 11 12 1 11 12 1 10 12 1 1 8 1 10 12 1 10 100 12 1 1 10 12 1 100 1 10 10 12 1 10 12 1 100 1 10 10 12 1 1 10 7 12 1 1 9 100 12 1 1 10 12 1 1 10 100 12 1 1 1 100 1 100 1 100 1 10 8 1 8 1 10 12 1 10 12 1 10 12 1 1 10 10 12 1 1 10 12 1 1 7 1 10 10 12 1 11 7 12 1 1 10 7 12 1 1 1 8 1 10 100 12 1 1 11 11 7 1 8 1 10 100 1 11 10 12 1 10 10 12 1 10 12 1 1 10 12 1 1 10 12 1 1 10 12 1 10 12 1 10 10 12 1 10 12 1 10 12 1 10 10 12 1 1 10 12 1 1 10 10 12 1 10 12 1 10 12 1 10 12 1 10 12 1 1 10 12 1 1 10 12 1 10 12 1 10 12 1 1 10 12 10 12 1 1 10 12 1 1 10 12 1 10 12 1 1 10 12 1 1 10 12 10 11 12 1 4 11 10 12 1 1 10 100 12 1 1 11 12 1 10 12 1 1 10 100 12 1 1 10 12 1 100 1 8 1 10 12 1 10 10 100 12 1 1 1 100 1 6 0 10 12 1 1 11 100 12 1 1 1 10 12 1 10 12 1 1 1 1 1 5 0 1 1 1 1 1 1 1 1 1 1 1 1 1 1 1 1 1 1 1 1 1 1 1 1 1 1 1 1 1 1 1 1 1 1 1 1 1 1 1 100 1 1 1 1 1 1 1 1 1 1 1 1 1 1 1 1 1 1 1 1 100 1 1 1 1 1 1 1 1 1 1 1 1 7 1 7 1 1 1 1 1 100 1 1 1 1 1 1 1 1 1 1 1 1 1 1 1 1 1 1 1 1 1 1 1 1 1 1 1 1 1 1 1 1 1 1 1 1 1 1 1 1 1 1 1 1 1 1 1 1 1 1 1 1 1 1 1 1 1 1 1 1 1 1 1 1 1 1 1 1 1 1 1 1 1 1 1 1 1 7 1 1 1 1 1 1 1 1 1 1 1 100 1 1
staticfield java/util/Properties UNSAFE Ljdk/internal/misc/Unsafe; jdk/internal/misc/Unsafe
instanceKlass java/util/Hashtable
ciInstanceKlass java/util/Dictionary 1 1 36 10 7 12 1 1 1 100 1 1 1 1 1 1 1 1 1 1 1 1 1 1 1 1 1 1 1 1 1 1 1 1 1 1 1 1
instanceKlass java/util/Properties
ciInstanceKlass java/util/Hashtable 1 1 516 7 1 10 7 12 1 1 1 9 7 12 1 1 1 100 1 7 1 10 8 1 10 12 1 1 10 12 1 10 12 1 1 10 12 1 10 7 12 1 1 1 8 1 10 12 1 9 12 1 1 7 1 9 12 1 1 4 10 7 12 1 1 1 9 12 1 4 10 12 1 11 7 12 1 1 1 10 12 1 1 10 12 1 1 9 12 1 10 12 1 1 100 1 10 9 12 1 1 10 7 12 1 1 1 9 12 1 1 10 12 1 10 12 1 3 9 12 1 9 12 1 3 10 12 1 10 12 1 10 12 1 1 11 12 1 1 11 100 12 1 1 1 11 7 12 1 1 1 11 12 1 100 1 11 12 1 11 12 1 10 12 1 1 10 12 1 1 10 12 1 9 12 1 1 9 12 9 12 1 1 10 100 1 7 1 10 12 1 10 8 1 10 10 12 1 8 1 10 8 1 10 100 12 1 1 1 7 1 10 12 1 10 12 1 100 1 10 12 1 10 12 1 1 100 1 10 100 1 10 10 12 1 1 11 12 1 1 11 12 1 7 1 10 10 10 100 12 1 1 11 100 12 1 1 1 100 1 10 11 100 12 1 1 11 100 12 1 10 12 1 10 12 1 1 10 100 12 1 1 10 12 1 1 10 12 1 1 10 12 1 1 10 100 12 1 1 1 8 10 100 12 1 1 100 1 8 1 10 4 4 10 12 1 1 10 12 1 8 1 4 10 12 10 100 12 1 1 1 100 1 11 100 12 1 1 1 10 100 12 1 1 1 10 12 1 10 12 1 1 10 7 1 7 1 1 1 1 1 1 5 0 1 1 1 1 1 3 1 3 1 3 1 1 1 1 1 1 1 1 1 1 1 1 1 1 1 1 1 1 1 1 1 1 1 1 1 100 1 1 1 1 1 1 1 1 1 1 1 1 1 1 1 1 1 1 1 1 1 1 1 1 1 1 1 1 1 7 1 1 1 1 1 1 1 1 1 1 1 1 1 1 7 1 1 1 1 1 1 1 1 1 1 1 1 1 1 1 1 1 1 1 1 1 1 1 1 1 1 1 1 1 1 1 1 1 1 1 1 1 1 1 1 1 1 1 1 100 1 1 1 7 1 1 1 1 1 7 1 1 1 1 1 1 1 1 1 1 1 1 1 1 1 1 1 1
ciInstanceKlass java/lang/String 1 1 1451 10 7 12 1 1 1 8 1 9 7 12 1 1 1 9 12 1 1 9 12 1 1 9 12 1 1 10 12 1 10 12 1 1 10 12 1 1 9 12 1 10 7 12 1 1 1 10 12 1 1 10 12 1 10 7 12 1 1 1 10 12 1 1 10 12 1 1 10 12 1 10 12 1 1 10 12 1 10 7 12 1 1 1 7 1 9 7 12 1 1 1 10 7 12 1 1 1 10 12 1 1 10 12 1 1 10 7 12 1 1 1 10 12 1 1 9 7 12 1 1 10 12 9 7 12 1 1 10 12 1 1 3 10 12 1 1 7 1 11 12 1 1 11 12 1 11 12 1 1 10 100 12 1 1 1 10 12 1 1 9 100 12 1 1 1 10 12 1 1 10 12 1 11 12 1 1 10 12 1 10 12 10 12 1 1 10 7 12 1 1 1 10 7 12 1 1 1 10 12 1 1 100 1 7 1 10 12 1 10 12 1 10 12 1 1 10 12 1 1 100 1 10 12 1 1 100 1 10 12 1 1 10 12 1 1 10 12 1 10 10 12 1 100 1 100 1 100 1 10 12 1 10 12 1 1 10 12 1 1 10 12 1 10 12 1 1 10 12 1 1 10 100 12 1 1 100 1 11 10 7 12 1 1 11 12 1 11 12 1 10 12 1 1 10 12 1 10 12 10 12 1 1 10 10 100 12 1 1 1 10 100 12 1 1 10 12 1 1 10 100 12 1 1 10 12 1 10 12 1 1 10 12 1 1 10 12 1 10 12 1 10 12 1 1 100 1 10 12 1 1 10 12 10 12 1 10 12 1 1 10 12 1 1 10 7 12 1 1 1 10 12 1 10 12 1 1 10 12 1 10 12 1 3 3 10 12 1 1 10 12 1 10 12 1 1 10 12 1 1 10 12 1 1 10 12 1 10 12 1 1 10 12 1 1 10 12 1 10 12 1 10 12 1 10 12 1 1 10 12 1 10 12 1 10 12 1 10 12 1 10 12 1 10 12 1 10 7 1 10 8 1 10 12 1 1 10 12 1 8 1 10 12 1 1 10 12 10 12 1 8 1 10 10 12 1 1 10 12 1 1 10 12 1 1 10 7 1 10 10 12 1 10 12 1 10 12 1 10 10 12 1 10 12 1 10 12 1 10 12 1 10 12 1 10 12 1 10 12 1 1 10 12 1 1 10 12 1 1 10 10 12 1 1 10 10 12 1 100 1 10 10 12 1 1 10 12 1 1 10 7 1 10 12 1 10 12 1 10 7 12 1 1 1 10 12 1 10 12 1 1 10 12 1 11 7 1 11 12 10 12 1 10 12 1 1 10 12 1 1 10 10 12 1 10 12 1 9 12 1 1 11 7 12 1 1 1 10 12 10 10 12 1 10 12 1 1 10 10 12 1 10 12 1 10 12 1 1 10 12 1 1 10 10 12 1 1 10 12 1 10 10 12 1 10 12 10 10 12 10 10 12 1 10 12 1 10 10 12 10 7 12 1 1 1 10 12 10 10 12 10 12 1 10 12 10 12 10 10 12 1 10 12 1 1 10 12 1 1 10 10 12 1 10 7 12 1 1 1 10 12 1 1 10 10 100 12 1 1 1 11 10 12 1 10 12 1 1 10 12 1 1 10 100 12 1 1 1 10 12 1 10 12 1 10 12 1 10 12 1 10 12 1 10 12 1 100 1 7 1 8 1 10 10 10 12 1 10 12 1 1 8 1 10 12 1 3 3 10 12 1 10 12 1 1 10 12 7 1 10 10 12 1 1 10 12 1 10 12 1 10 12 1 1 10 12 1 1 11 7 12 1 1 1 7 1 10 12 1 10 12 1 1 8 1 10 12 1 1 10 12 1 11 7 12 1 1 1 11 7 12 1 1 11 12 1 10 12 1 10 12 1 1 10 10 100 12 1 1 1 10 12 1 10 12 1 10 10 12 10 12 1 1 10 10 12 1 10 10 12 1 10 10 12 1 10 10 12 1 10 12 1 1 10 10 12 1 8 1 10 12 1 1 18 12 1 1 11 100 12 1 1 1 7 1 3 18 12 1 18 12 1 8 1 10 100 12 1 1 1 11 12 1 1 10 12 10 10 12 1 10 11 12 1 1 10 12 1 1 11 12 1 18 3 11 10 12 1 11 11 10 12 1 10 12 1 1 8 1 10 12 1 10 12 1 10 12 1 1 10 10 12 1 11 100 12 1 100 1 100 1 10 12 100 1 10 10 100 12 1 1 1 100 1 10 100 1 10 10 12 1 10 10 12 1 8 1 10 10 12 1 8 1 8 1 10 12 1 10 12 1 10 10 12 10 7 12 1 1 10 7 12 1 1 10 7 12 1 1 8 1 10 12 1 10 12 1 10 9 12 1 10 12 9 7 12 1 1 1 10 12 1 10 12 1 10 12 1 10 12 10 12 1 10 12 1 8 1 10 100 12 1 1 1 10 12 10 12 1 1 10 12 10 10 12 10 12 7 1 9 12 1 1 7 1 10 7 1 7 1 7 1 7 1 1 1 1 1 1 5 0 1 1 1 1 1 3 1 3 1 1 1 1 1 1 1 1 1 1 1 1 1 1 1 100 1 1 1 1 1 1 1 1 1 1 1 1 1 1 1 1 1 1 1 1 1 1 1 1 1 1 1 1 1 1 1 100 1 1 1 1 1 1 1 1 1 1 1 1 7 1 1 1 1 1 1 1 1 1 1 1 1 1 1 1 1 1 1 1 1 1 1 1 1 1 1 1 1 1 1 1 1 1 1 1 1 1 1 1 1 1 1 1 1 1 1 1 1 1 1 1 1 1 1 1 1 1 1 1 1 1 1 1 1 1 1 1 1 1 1 1 1 1 1 1 1 1 1 1 1 1 1 1 1 1 1 1 1 1 1 1 1 1 1 1 1 1 1 1 1 1 1 1 1 1 1 1 1 1 1 1 1 1 1 1 1 1 1 1 1 1 1 1 1 1 1 1 1 1 1 1 1 1 1 1 1 1 1 1 1 1 1 1 1 1 1 1 1 1 1 1 1 1 1 1 1 1 1 1 1 1 1 1 1 1 1 1 1 1 1 1 1 1 1 100 1 1 1 1 1 1 1 1 1 1 1 1 1 1 1 1 1 1 1 1 1 1 1 100 1 1 1 1 1 1 1 1 1 1 1 1 1 1 1 7 1 1 1 1 1 1 1 1 1 1 1 1 1 1 1 16 15 10 12 16 15 10 12 15 10 12 15 10 12 15 10 100 12 1 1 1 1 1 1 1 100 1 100 1 1 1
staticfield java/lang/String COMPACT_STRINGS Z 1
staticfield java/lang/String serialPersistentFields [Ljava/io/ObjectStreamField; 0 [Ljava/io/ObjectStreamField;
staticfield java/lang/String CASE_INSENSITIVE_ORDER Ljava/util/Comparator; java/lang/String$CaseInsensitiveComparator
ciInstanceKlass java/lang/constant/ConstantDesc 1 0 37 100 1 100 1 1 1 1 100 1 1 1 1 100 1 100 1 100 1 100 1 100 1 100 1 100 1 100 1 100 1 1 100 1 100 1 1
ciInstanceKlass java/lang/InternalError 0 0 34 10 100 12 1 1 1 10 12 1 10 12 1 10 12 1 100 1 1 1 1 5 0 1 1 1 1 1 1 1 1 1 1 1
instanceKlass java/lang/AssertionError
instanceKlass java/lang/VirtualMachineError
instanceKlass java/lang/LinkageError
ciInstanceKlass java/lang/Error 1 1 40 10 7 12 1 1 1 10 12 1 10 12 1 10 12 1 10 12 1 100 1 1 1 1 5 0 1 1 1 1 1 1 1 1 1 1 1 1 1 1
instanceKlass java/lang/StackOverflowError
instanceKlass java/lang/OutOfMemoryError
instanceKlass java/lang/InternalError
ciInstanceKlass java/lang/VirtualMachineError 1 1 34 10 100 12 1 1 1 10 12 1 10 12 1 10 12 1 100 1 1 1 1 5 0 1 1 1 1 1 1 1 1 1 1 1
ciInstanceKlass java/util/Set 1 1 144 100 1 10 100 12 1 1 1 9 7 12 1 1 1 7 1 10 12 1 1 10 12 1 7 1 7 1 10 12 1 7 1 7 1 11 100 12 1 1 1 11 12 1 1 100 1 10 12 1 10 12 1 1 11 12 1 1 1 1 1 1 1 1 1 1 1 1 1 1 1 1 1 1 1 1 1 1 1 1 1 1 1 1 1 1 1 1 1 1 1 1 1 1 1 1 1 1 1 1 1 1 1 1 1 1 1 1 1 1 1 1 1 1 1 1 1 1 1 1 1 1 1 1 1 1 1 1 1 1 1 1 1 1 1 1 1 1 1 1 1 1 1 1
ciInstanceKlass java/util/Iterator 1 1 53 100 1 8 1 10 12 1 1 10 7 12 1 1 1 11 7 12 1 1 1 11 12 1 1 11 7 12 1 1 1 7 1 1 1 1 1 1 1 1 1 1 1 1 1 1 1 1 1 1 1 1 1
instanceKlass java/util/jar/JarVerifier$VerifierStream
instanceKlass java/util/zip/ZipFile$ZipFileInputStream
instanceKlass java/io/FilterInputStream
instanceKlass java/io/FileInputStream
instanceKlass java/io/ByteArrayInputStream
ciInstanceKlass java/io/InputStream 1 1 195 7 1 10 7 12 1 1 1 100 1 10 10 7 12 1 1 1 10 7 12 1 1 1 10 12 1 100 1 3 10 12 1 1 100 1 8 1 10 12 1 10 7 12 1 1 1 3 7 1 8 1 10 10 7 12 1 1 1 7 1 10 11 7 12 1 1 1 10 12 1 1 11 12 1 1 11 7 12 1 1 1 11 12 1 1 7 1 10 7 12 1 1 1 5 0 10 12 1 10 12 1 1 100 1 10 8 1 10 8 1 8 1 10 12 1 1 10 100 12 1 1 1 7 1 5 0 10 12 1 100 1 7 1 1 1 1 3 1 3 1 1 1 1 1 1 1 1 1 1 1 1 1 1 1 1 1 1 1 1 1 1 1 1 1 1 1 1 1 1 1 1 1 1 1 1 1 1 1 1 1 1 1 1 1 1 1 1 1 1 1 1 1 1 1
ciInstanceKlass jdk/internal/misc/Unsafe 1 1 1287 10 7 12 1 1 1 9 7 12 1 1 1 9 12 1 1 10 12 1 1 10 7 12 1 1 1 10 12 1 1 10 12 1 1 10 12 1 1 10 12 1 1 10 12 1 1 10 12 1 1 10 12 1 1 10 12 1 1 10 12 1 1 10 12 1 1 10 12 1 1 10 12 1 1 10 12 1 1 10 12 1 10 12 1 100 1 10 10 12 1 1 10 12 1 1 5 0 10 12 1 1 10 12 1 1 10 7 12 1 1 1 10 12 1 1 10 12 1 10 12 1 10 12 1 1 10 12 1 1 10 12 1 10 12 1 7 1 7 1 10 8 1 10 12 1 1 10 12 1 8 1 10 12 1 1 10 12 1 10 12 1 10 12 1 1 10 12 1 10 12 1 1 10 12 1 1 10 12 1 10 12 1 10 12 1 10 12 1 1 10 12 1 10 12 1 10 12 1 1 10 12 1 5 0 5 0 5 0 10 12 1 10 12 1 10 12 1 10 12 1 10 12 1 10 12 1 10 12 1 10 12 1 10 12 1 1 10 12 1 10 12 1 7 1 8 1 10 100 1 10 10 12 1 1 10 12 1 1 10 12 1 10 12 1 1 10 12 1 1 10 12 1 10 12 1 1 10 12 1 9 7 12 1 1 9 12 1 100 1 10 10 12 1 1 8 1 10 8 1 8 1 10 12 1 1 9 7 12 1 1 1 9 7 1 9 7 1 9 7 1 9 9 7 1 9 7 1 9 7 1 10 12 1 1 10 12 1 1 10 12 1 1 10 12 1 1 5 0 5 0 9 12 1 1 10 12 1 10 12 1 10 12 1 1 10 12 1 1 10 12 1 8 1 3 10 12 1 1 10 12 1 1 10 12 1 10 12 1 1 10 12 1 1 10 12 1 10 12 1 10 12 1 10 12 1 10 12 1 10 12 1 1 10 12 1 1 10 12 1 10 12 1 10 12 1 10 12 1 10 12 1 10 12 1 1 10 12 1 1 10 12 1 10 12 1 10 12 1 10 12 1 10 12 1 10 12 1 1 10 12 1 1 10 12 1 1 10 12 1 1 10 12 1 10 12 1 10 12 1 10 12 1 10 12 1 10 12 1 10 12 1 1 10 12 1 1 10 12 1 10 12 1 10 12 1 10 12 1 10 12 1 10 12 1 10 12 1 1 10 12 1 1 10 12 1 10 12 1 10 12 1 10 12 1 10 12 1 10 12 1 10 12 1 10 12 1 1 10 12 1 10 12 1 10 12 1 10 12 1 10 12 1 1 10 12 1 10 12 1 10 12 1 10 12 1 10 12 1 10 12 1 10 12 1 10 12 1 1 10 12 1 10 12 1 10 12 1 10 12 1 10 12 1 10 12 1 1 10 12 1 10 12 1 10 12 1 1 10 12 1 10 12 1 10 12 1 10 12 1 10 12 1 10 12 1 10 12 1 10 12 1 10 12 1 10 12 1 10 12 1 10 12 1 10 12 1 10 12 1 10 12 1 10 12 1 10 12 1 10 12 1 10 12 1 10 12 1 10 12 1 10 12 1 10 12 1 100 1 10 100 1 10 9 12 1 5 0 10 12 1 1 5 0 10 12 1 5 0 10 12 1 10 12 1 10 12 1 1 10 12 1 1 10 12 1 10 12 1 10 12 1 10 12 1 1 10 12 1 10 12 1 10 12 1 10 12 1 10 12 1 1 10 12 1 10 12 1 10 12 1 10 12 1 1 10 12 1 10 12 1 10 12 1 1 10 12 1 10 12 1 10 12 1 10 12 1 1 10 12 1 10 10 12 1 1 10 12 1 10 12 1 1 10 12 1 10 12 5 0 5 0 5 0 10 12 1 1 10 12 1 10 12 1 10 12 10 100 12 1 1 8 1 100 1 11 12 1 1 8 1 11 12 1 1 10 100 12 1 1 10 12 1 10 12 1 10 12 1 10 12 1 10 12 1 1 10 12 1 10 12 1 10 12 1 10 12 1 10 12 1 10 12 1 10 7 1 10 12 1 9 12 1 7 1 9 12 1 7 1 9 12 1 7 1 9 12 1 7 1 9 12 1 7 1 9 12 1 7 1 9 12 1 7 1 9 12 1 7 1 9 12 1 10 12 1 9 12 1 9 12 1 9 12 1 9 12 1 9 12 1 9 12 1 9 12 1 9 12 1 9 12 1 9 12 1 1 1 3 1 1 1 1 1 1 1 1 1 1 1 1 1 1 1 1 1 1 1 1 1 1 1 1 1 1 1 1 1 1 1 1 1 1 1 1 1 1 1 1 1 1 1 1 1 1 1 1 1 1 1 1 1 1 1 1 1 1 1 1 1 1 1 1 1 1 1 1 1 1 1 1 1 1 1 1 1 1 1 1 1 1 1 1 1 1 1 1 1 100 1 1 1 1 1 1 1 1 1 1 1 1 1 1 1 1 1 1 1 1 1 1 1 1 1 1 1 1 1 1 1 1 1 1 1 1 1 1 1 1 1 1 1 1 1 1 1 1 1 1 1 1 1 1 1 1 1 1 1 1 1 1 1 1 1 1 1 1 1 1 1 1 1 1 1 1 1 1 1 1 1 1 1 1 1 1 1 1 1 1 1 1 1 1 1 1 1 1 1 1 1 1 1 1 1 1 1 1 1 1 1 1 1 1 1 1 1 1 1 1 1 1 1 1 1 1 1 1 1 1 1 1 1 1 1 1 1 1 1 1 1 1 1 1 1 1 1 1 1 1 1 1 1 1 1 1 1 1 1 1 1 1 1 1 1 1 1 1 1 1 1 1 1 1 1 1 1 1 1 1 1 1 1 1 1 1 1 1 1 1 1 1 1 1 1 1 1 1 1 1 1 1 1 1 1 1 3 1 1 1 1 1 1 1 1 1 1 1 1 1 1 1 1 1 1 1 1 1
staticfield jdk/internal/misc/Unsafe theUnsafe Ljdk/internal/misc/Unsafe; jdk/internal/misc/Unsafe
staticfield jdk/internal/misc/Unsafe ARRAY_BOOLEAN_BASE_OFFSET I 16
staticfield jdk/internal/misc/Unsafe ARRAY_BYTE_BASE_OFFSET I 16
staticfield jdk/internal/misc/Unsafe ARRAY_SHORT_BASE_OFFSET I 16
staticfield jdk/internal/misc/Unsafe ARRAY_CHAR_BASE_OFFSET I 16
staticfield jdk/internal/misc/Unsafe ARRAY_INT_BASE_OFFSET I 16
staticfield jdk/internal/misc/Unsafe ARRAY_LONG_BASE_OFFSET I 16
staticfield jdk/internal/misc/Unsafe ARRAY_FLOAT_BASE_OFFSET I 16
staticfield jdk/internal/misc/Unsafe ARRAY_DOUBLE_BASE_OFFSET I 16
staticfield jdk/internal/misc/Unsafe ARRAY_OBJECT_BASE_OFFSET I 16
staticfield jdk/internal/misc/Unsafe ARRAY_BOOLEAN_INDEX_SCALE I 1
staticfield jdk/internal/misc/Unsafe ARRAY_BYTE_INDEX_SCALE I 1
staticfield jdk/internal/misc/Unsafe ARRAY_SHORT_INDEX_SCALE I 2
staticfield jdk/internal/misc/Unsafe ARRAY_CHAR_INDEX_SCALE I 2
staticfield jdk/internal/misc/Unsafe ARRAY_INT_INDEX_SCALE I 4
staticfield jdk/internal/misc/Unsafe ARRAY_LONG_INDEX_SCALE I 8
staticfield jdk/internal/misc/Unsafe ARRAY_FLOAT_INDEX_SCALE I 4
staticfield jdk/internal/misc/Unsafe ARRAY_DOUBLE_INDEX_SCALE I 8
staticfield jdk/internal/misc/Unsafe ARRAY_OBJECT_INDEX_SCALE I 4
staticfield jdk/internal/misc/Unsafe ADDRESS_SIZE I 8
instanceKlass jdk/internal/reflect/DelegatingClassLoader
instanceKlass java/security/SecureClassLoader
ciInstanceKlass java/lang/ClassLoader 1 1 1108 9 7 12 1 1 1 10 7 12 1 1 1 9 12 1 1 10 7 12 1 1 1 7 1 10 12 1 1 10 12 1 1 9 12 1 1 10 12 1 1 100 1 10 12 1 10 12 1 1 10 7 12 1 1 1 100 1 8 1 10 12 1 10 7 12 1 1 1 10 7 12 1 10 7 1 10 7 1 7 1 7 1 10 12 1 10 12 1 9 12 1 1 10 10 7 12 1 1 1 9 12 1 1 9 12 1 9 12 1 1 9 12 1 9 12 1 1 9 12 1 1 7 1 10 12 1 9 12 1 1 10 12 1 1 10 7 12 1 1 1 9 12 1 9 12 1 1 9 12 1 10 12 1 1 9 12 10 12 1 1 7 1 10 8 1 10 12 1 1 10 12 1 10 7 1 7 1 10 12 1 1 10 7 12 1 1 1 8 1 10 12 1 10 12 1 10 12 1 1 10 12 1 1 10 12 1 1 10 12 1 1 10 12 1 1 10 12 1 7 1 10 12 1 10 100 12 1 1 1 10 12 1 1 10 12 1 10 12 1 10 12 1 10 12 1 10 12 1 1 10 10 12 1 10 12 1 10 100 12 1 1 10 12 1 1 10 12 1 1 10 12 1 100 1 10 12 1 7 1 10 12 1 10 7 12 1 1 1 10 10 12 1 1 10 12 1 1 7 1 8 1 10 8 1 10 12 1 10 12 1 100 1 8 1 10 12 1 1 10 12 1 1 10 10 12 1 1 10 12 1 1 10 12 1 1 10 7 1 10 12 1 1 10 12 1 1 10 12 1 1 10 12 1 1 10 12 1 1 10 12 1 1 10 12 1 10 100 12 1 1 1 10 12 1 10 12 1 10 12 1 1 10 12 1 10 12 1 10 12 1 10 12 1 1 10 12 1 10 12 1 1 8 1 9 12 1 10 12 1 1 8 1 8 1 10 7 12 1 1 100 1 10 10 12 10 12 1 10 12 1 10 12 1 10 12 1 1 10 7 12 1 1 10 12 1 10 7 1 7 1 10 12 1 1 10 12 1 10 7 1 10 12 1 100 1 18 12 1 10 100 12 1 1 1 10 100 12 1 1 1 10 7 12 1 1 10 12 1 10 12 1 100 1 10 12 1 8 1 10 10 12 1 1 10 12 1 10 12 1 1 100 1 10 12 1 10 12 1 1 10 7 12 1 1 10 12 1 8 1 100 1 10 10 12 1 9 12 1 10 7 12 1 1 10 12 1 7 1 8 1 10 12 1 10 8 1 8 1 10 12 1 1 10 12 1 1 10 12 1 1 10 7 12 1 1 7 1 100 1 10 12 1 1 7 1 7 1 10 7 12 1 1 10 12 1 10 12 1 1 10 12 1 10 12 1 1 10 12 1 1 9 100 12 1 1 1 10 12 1 1 10 12 1 10 12 1 10 12 1 1 10 12 1 8 1 7 1 18 12 1 1 10 12 1 1 10 12 1 10 12 1 10 12 1 8 1 10 12 1 10 12 1 18 12 1 11 100 12 1 1 1 100 1 10 12 1 1 10 12 1 10 11 12 1 1 10 18 10 12 1 1 11 7 12 1 18 12 1 11 12 1 1 10 12 10 12 1 1 10 12 1 1 100 1 8 1 10 10 12 1 8 1 8 1 10 100 12 1 1 10 12 1 100 1 10 10 12 1 8 1 8 1 8 1 10 12 1 10 12 1 1 10 12 1 10 7 12 1 1 1 11 7 12 1 1 100 1 10 11 10 12 1 10 12 1 10 12 1 1 9 7 12 1 1 9 12 1 1 9 12 9 12 1 9 12 1 9 12 1 8 10 12 1 1 10 7 12 1 1 1 10 12 1 1 10 12 1 1 10 12 1 10 10 12 1 11 12 1 1 10 100 12 1 1 1 100 1 10 12 1 10 12 1 10 12 1 1 1 1 1 1 1 1 1 1 1 1 1 1 1 1 1 1 1 1 1 1 1 1 1 1 1 1 100 1 1 1 1 1 1 1 1 1 1 1 1 1 1 1 1 1 1 1 1 1 100 1 1 1 1 1 1 1 1 1 1 100 1 1 1 1 1 1 1 1 1 1 1 1 1 1 1 1 1 1 1 1 1 1 1 1 1 1 1 1 1 1 1 1 1 1 1 1 1 1 1 1 1 100 1 1 1 1 1 1 1 1 1 1 1 1 1 1 1 1 1 1 1 7 1 1 1 1 1 1 1 1 1 1 1 1 1 1 1 1 1 1 1 1 1 1 1 1 1 1 1 1 1 1 1 1 1 1 1 1 1 1 1 1 1 1 1 1 1 1 1 1 1 1 100 1 1 1 1 1 1 1 1 1 1 1 1 1 1 1 1 1 1 1 1 1 1 1 1 1 1 1 1 1 1 1 1 1 1 1 1 1 1 1 1 1 1 1 1 1 1 16 1 15 10 12 16 1 16 15 10 12 16 1 16 1 15 10 12 16 15 10 12 16 15 10 12 16 15 10 100 12 1 1 1 1 1 100 1 100 1 1
staticfield java/lang/ClassLoader nocerts [Ljava/security/cert/Certificate; 0 [Ljava/security/cert/Certificate;
staticfield java/lang/ClassLoader $assertionsDisabled Z 1
ciInstanceKlass java/lang/reflect/Constructor 1 1 439 10 100 12 1 1 1 10 100 12 1 1 9 7 12 1 1 1 10 12 1 1 10 12 1 1 10 100 12 1 1 9 12 1 1 10 7 12 1 1 1 9 12 1 1 9 12 1 1 9 12 1 9 12 1 1 9 12 1 9 12 1 1 9 12 1 1 9 12 1 100 1 8 1 10 12 1 10 12 1 9 12 1 1 10 7 12 1 1 10 7 12 1 1 1 10 12 1 1 10 12 1 1 10 12 1 7 1 100 1 8 1 10 10 12 1 10 12 1 10 12 1 1 10 12 1 1 9 100 12 1 1 1 10 7 12 1 1 10 12 1 1 10 12 1 10 12 1 1 10 7 12 1 1 1 10 100 12 1 1 10 12 1 1 10 12 1 10 7 12 1 1 1 8 1 10 10 12 1 100 1 8 1 10 12 1 10 12 1 1 10 12 1 1 10 12 1 10 12 1 10 12 1 1 10 12 1 1 9 12 1 1 10 12 1 1 10 12 1 1 10 12 1 1 11 7 12 1 1 1 10 12 1 1 10 12 1 10 12 1 10 12 1 8 1 9 12 1 1 10 7 12 1 1 1 10 7 12 1 1 10 12 1 1 10 12 1 1 10 12 1 1 10 12 1 1 10 12 1 9 7 12 1 1 10 12 1 10 12 1 10 12 1 100 1 8 1 10 10 12 1 1 10 12 1 10 10 12 1 1 10 12 1 1 10 100 12 1 1 1 11 100 12 1 1 1 10 12 1 1 9 100 12 1 1 1 10 100 12 1 1 1 10 12 1 1 1 1 1 1 1 1 1 1 1 1 1 1 1 1 1 1 1 1 1 1 1 1 1 1 1 1 1 1 1 1 1 1 1 1 1 1 1 1 1 1 1 1 1 1 1 1 1 1 1 1 100 1 100 1 100 1 100 1 1 1 1 1 1 1 1 1 1 1 1 1 1 1 1 1 1 1 1 1 1 1 1 1 1 1 1 1 1 1 1 1 100 1 1
instanceKlass java/lang/reflect/Executable
instanceKlass java/lang/reflect/Field
ciInstanceKlass java/lang/reflect/AccessibleObject 1 1 400 10 7 12 1 1 1 9 100 12 1 1 1 10 7 12 1 1 1 10 7 12 1 1 10 7 12 1 1 1 10 100 12 1 1 1 10 12 1 1 10 12 1 1 9 12 1 1 7 1 10 7 12 1 1 1 11 12 1 7 1 10 12 1 7 1 100 1 10 12 1 10 12 1 1 10 12 1 1 10 12 1 1 10 12 1 1 7 1 10 7 12 1 1 1 10 12 1 1 11 10 7 12 1 1 1 10 12 1 1 10 12 1 10 12 1 10 12 1 1 10 12 1 8 1 7 1 7 1 10 10 12 1 1 8 1 10 12 1 10 12 1 8 1 8 1 8 1 8 1 8 1 8 1 8 1 8 1 8 1 100 1 10 12 1 10 12 1 9 12 1 1 10 12 1 1 10 12 1 10 7 1 100 1 8 1 10 8 1 10 12 1 8 1 10 12 1 10 12 1 1 10 100 1 8 1 10 11 7 12 1 1 1 10 12 1 1 10 12 1 1 10 12 1 1 9 12 1 1 100 1 10 12 1 7 1 10 12 1 10 12 1 1 10 100 1 10 12 1 10 12 10 12 1 10 12 1 10 12 1 1 10 12 1 9 12 1 10 100 12 1 1 8 1 10 100 12 1 1 1 8 1 10 7 12 1 1 1 9 12 1 7 1 10 7 1 10 10 7 12 1 1 1 7 1 10 10 7 12 1 1 1 7 1 9 12 1 1 1 1 1 1 1 1 1 1 1 1 1 1 1 1 1 1 1 1 1 1 1 1 1 1 1 1 1 1 1 1 1 1 1 1 1 1 1 1 1 1 1 1 1 1 1 1 1 1 1 1 1 1 1 1 1 1 1 1 1 1 1 1 1 1 1 1 1 1 1 1 1 1 1 1 1 1 1 1 1 1 1 1
staticfield java/lang/reflect/AccessibleObject reflectionFactory Ljdk/internal/reflect/ReflectionFactory; jdk/internal/reflect/ReflectionFactory
instanceKlass java/lang/reflect/Constructor
instanceKlass java/lang/reflect/Method
ciInstanceKlass java/lang/reflect/Executable 1 1 581 10 7 12 1 1 1 10 7 12 1 1 1 10 7 12 1 1 1 11 7 12 1 1 1 10 7 12 1 1 1 10 12 1 1 10 100 12 1 1 1 10 7 12 1 1 1 10 12 1 8 1 10 10 12 1 1 10 12 1 1 10 100 12 1 1 1 18 12 1 1 11 100 12 1 1 1 8 1 8 1 8 1 10 100 12 1 1 1 11 12 1 1 7 1 8 1 8 1 10 12 1 7 1 8 1 10 12 1 8 1 11 100 12 1 1 1 7 1 11 7 12 1 1 1 11 12 1 8 1 18 8 1 10 12 1 10 12 1 1 18 8 1 10 12 1 100 1 10 12 1 10 12 1 11 12 1 10 12 1 1 8 1 8 1 10 12 1 1 10 12 1 1 10 10 12 1 9 100 12 1 1 1 10 100 12 1 1 1 10 12 1 10 12 1 1 10 100 12 1 1 10 12 1 10 12 1 10 12 1 10 7 12 1 1 7 1 10 100 12 1 1 1 10 12 1 1 10 7 12 1 1 10 12 1 10 12 1 1 9 100 12 1 1 1 10 100 10 12 1 8 1 10 12 1 10 12 1 3 100 1 8 1 10 12 1 10 12 1 10 10 12 1 10 12 1 1 8 1 8 1 8 1 9 12 1 1 9 12 1 10 12 1 100 1 8 1 10 12 1 10 12 1 10 12 1 1 10 12 1 1 10 12 1 10 12 10 12 1 100 1 10 12 1 10 12 1 1 100 1 10 7 12 1 1 1 7 1 10 7 12 1 1 1 10 12 1 1 11 7 12 1 1 10 12 1 10 100 12 1 1 1 10 12 1 1 9 12 1 10 12 1 1 10 12 1 10 12 1 1 9 100 12 1 1 1 10 100 12 1 1 1 10 12 1 10 12 1 1 9 12 1 10 10 10 10 100 12 1 1 1 10 12 1 9 12 1 10 12 1 1 9 12 1 7 1 7 1 1 1 1 1 1 1 1 1 1 1 1 1 1 1 1 1 1 1 1 1 1 1 1 1 1 1 1 1 1 1 1 1 1 1 1 100 1 1 1 1 1 1 1 1 1 1 1 1 1 1 1 1 1 1 1 100 1 1 1 1 1 1 1 1 1 1 1 1 1 1 1 1 1 1 1 1 1 1 1 1 1 1 1 1 1 1 1 1 1 1 1 1 1 1 1 1 1 1 1 7 1 1 1 1 1 1 1 1 1 1 1 1 1 1 1 1 1 1 1 1 1 1 7 1 1 16 15 16 1 16 1 15 10 12 16 15 10 100 12 1 1 1 1 1 1 100 1 1 100 1 100 1 1
ciInstanceKlass java/lang/reflect/Member 1 1 37 100 1 10 12 1 1 100 1 100 1 1 1 1 3 1 3 1 1 1 1 1 1 1 1 1 1 1 1 1 1 1 1 1 1 1 1
instanceKlass java/util/logging/LogManager$Cleaner
instanceKlass jdk/internal/misc/InnocuousThread
instanceKlass java/util/concurrent/ForkJoinWorkerThread
instanceKlass java/lang/ref/Finalizer$FinalizerThread
instanceKlass java/lang/ref/Reference$ReferenceHandler
instanceKlass java/lang/BaseVirtualThread
ciInstanceKlass java/lang/Thread 1 1 870 10 7 12 1 1 1 9 12 1 1 10 7 12 1 1 10 12 1 10 100 12 1 1 100 1 8 1 10 12 1 1 9 12 1 9 12 1 1 9 12 1 1 7 1 10 12 1 1 10 12 1 10 100 12 1 1 1 10 12 9 12 1 1 10 12 1 7 1 10 12 1 100 1 8 1 10 9 100 12 1 1 1 10 12 1 1 10 12 1 1 10 12 1 1 10 12 1 10 12 1 1 3 8 1 7 1 5 0 10 7 12 1 1 1 9 12 1 10 12 1 1 10 7 12 1 1 1 10 7 12 1 1 1 10 12 1 1 10 12 1 1 9 12 1 1 10 7 1 8 1 10 7 1 10 12 1 9 12 1 1 10 7 12 1 1 1 10 10 12 1 1 9 100 12 1 1 1 10 12 1 1 10 12 1 1 10 7 12 1 1 10 12 1 10 12 1 10 7 12 1 1 9 12 1 10 7 12 1 1 1 10 12 1 1 9 12 1 1 9 12 1 1 10 7 12 1 1 1 9 12 1 1 10 100 12 1 1 10 100 12 1 1 1 10 12 1 10 12 1 10 7 12 1 1 9 12 1 8 1 9 7 12 1 1 9 12 1 1 5 0 100 1 10 100 1 10 100 1 10 7 1 10 8 1 10 12 1 1 10 100 12 1 10 12 1 10 12 1 100 1 8 1 10 10 12 1 10 12 1 1 10 100 12 1 1 1 10 100 12 1 1 1 10 12 1 7 1 9 12 1 1 100 1 10 10 12 1 9 12 1 1 10 12 1 1 10 12 1 1 10 12 1 10 12 1 9 12 1 1 10 10 12 1 1 10 12 1 1 11 7 12 1 1 10 7 12 1 1 9 12 1 9 12 1 1 9 12 1 1 10 100 12 1 1 10 12 1 1 9 100 12 1 1 1 10 100 12 1 1 10 12 1 10 12 1 100 1 10 10 12 9 12 1 1 10 12 1 11 100 12 1 1 10 12 1 10 12 1 10 12 1 9 12 1 10 10 12 1 10 12 1 1 9 12 1 9 12 10 12 1 8 1 10 12 1 10 12 1 10 12 1 10 12 1 10 12 1 1 10 12 1 10 12 1 1 10 12 1 10 12 1 10 12 1 10 12 1 10 12 1 1 9 7 12 1 1 1 8 1 10 9 12 1 10 12 1 7 1 8 1 10 10 12 1 8 1 10 12 1 1 9 12 10 12 8 1 10 10 12 1 10 12 1 8 1 10 12 1 10 8 1 10 100 12 1 1 10 12 1 1 100 1 8 1 10 9 12 1 9 12 1 1 10 12 1 1 10 10 12 1 10 12 1 100 10 7 12 1 1 1 9 12 1 10 12 1 1 10 12 1 1 10 100 12 1 1 1 11 7 12 1 1 1 9 100 12 1 1 1 10 100 12 1 1 1 7 1 10 12 1 100 1 10 12 1 10 12 1 1 10 12 1 1 8 1 9 12 1 10 12 1 10 12 1 1 11 7 12 1 1 1 10 12 1 1 1 1 3 1 3 1 3 1 3 1 1 1 1 1 1 1 1 1 1 1 1 1 1 1 1 1 1 1 1 1 7 1 1 1 1 1 1 1 1 1 1 1 1 1 1 1 1 1 1 1 1 1 1 100 1 1 1 1 1 1 1 1 1 1 1 1 1 1 1 1 7 1 7 1 1 1 1 1 1 1 1 1 1 1 1 1 1 1 1 1 1 1 1 1 1 1 1 1 1 1 1 1 1 1 1 1 1 1 1 1 1 1 1 1 1 1 1 1 1 1 1 1 1 1 1 1 1 1 1 1 1 1 1 1 1 1 1 1 1 1 1 1 1 1 1 1 1 1 1 100 100 1 1 1 1 1 1 1 1 1 1 1 1 1 1 1 1 1 1 1 1 1 1 1 1 1 1 100 1 100 1 100 1 100 1 100 1 1 100 1 1 1 1 1 1 1 1 1 1 1 1 1 1 1
staticfield java/lang/Thread NEW_THREAD_BINDINGS Ljava/lang/Object; java/lang/Class
staticfield java/lang/Thread EMPTY_STACK_TRACE [Ljava/lang/StackTraceElement; 0 [Ljava/lang/StackTraceElement;
ciInstanceKlass java/lang/Runnable 1 0 11 100 1 100 1 1 1 1 1 1 1
ciInstanceKlass java/net/URL 1 1 771 10 7 12 1 1 1 10 12 1 10 7 12 1 1 9 12 1 1 9 12 1 10 7 12 1 1 1 10 12 1 1 10 12 1 1 9 12 1 1 10 7 12 1 1 1 8 1 10 12 1 1 7 1 10 10 12 1 1 8 1 10 12 1 1 9 12 1 100 1 8 1 10 12 1 10 12 1 8 1 9 12 1 10 12 1 1 9 12 1 10 12 1 10 12 1 9 12 1 9 12 1 8 1 9 12 1 10 12 1 1 8 1 9 12 1 1 10 12 1 1 10 7 12 1 1 1 8 1 10 12 1 7 1 10 12 1 10 12 1 10 12 1 10 12 1 1 10 12 1 1 8 1 10 12 1 1 10 12 1 8 1 9 12 1 8 1 10 12 1 10 7 12 1 1 1 7 1 10 12 1 10 12 1 1 10 100 12 1 1 1 100 1 8 1 10 10 12 1 8 1 10 12 1 1 10 12 1 10 12 1 10 12 1 10 12 1 10 12 1 10 12 1 8 1 10 12 1 8 1 10 10 100 1 10 10 12 1 8 1 10 7 12 1 1 1 10 12 1 9 100 12 1 1 1 10 7 12 1 1 1 9 12 1 1 10 12 1 10 100 12 1 1 1 100 1 100 1 10 12 1 10 12 1 10 12 1 10 12 1 10 12 1 10 12 10 10 12 1 10 12 1 10 12 1 1 8 1 9 100 12 1 1 1 10 100 12 1 1 1 10 12 1 1 9 100 12 1 1 1 10 12 1 1 100 1 10 12 1 10 12 1 10 10 12 1 1 10 12 1 1 10 12 1 10 12 1 10 12 1 10 7 12 1 1 1 10 12 1 1 10 12 1 9 12 1 1 9 12 1 1 7 1 8 1 10 10 12 1 9 12 1 1 10 7 12 1 1 8 1 10 100 12 1 1 8 1 10 12 1 1 10 12 1 8 1 8 1 10 7 12 1 1 1 7 1 10 7 12 1 1 1 10 12 1 10 12 1 100 1 10 9 100 12 1 1 1 10 100 12 1 1 10 12 1 1 10 12 1 8 1 100 1 10 10 7 12 1 1 1 10 12 1 8 9 100 12 1 1 1 10 12 1 1 10 12 1 10 12 1 1 10 100 12 1 1 11 7 12 1 1 10 12 1 10 12 1 9 12 1 10 12 1 1 10 100 12 1 1 10 100 12 1 1 1 8 10 100 12 1 1 100 1 10 8 8 10 12 1 8 8 8 100 1 10 12 1 9 12 1 1 10 12 1 10 12 1 1 10 12 1 10 12 10 12 1 1 10 12 1 1 10 10 10 12 1 10 12 1 10 12 1 10 12 1 10 12 1 10 10 12 1 100 1 8 1 10 10 10 12 1 1 10 12 1 10 12 1 1 8 1 7 1 10 10 7 1 10 12 1 9 7 12 1 1 1 9 12 1 1 7 1 10 10 7 12 1 1 1 7 1 1 1 1 1 5 0 1 1 1 1 1 1 1 1 1 1 1 1 1 1 1 1 1 1 1 1 1 1 1 1 1 1 1 1 1 1 1 1 1 1 1 1 1 1 1 1 1 1 1 1 1 1 1 1 7 1 1 1 1 1 1 1 1 1 1 1 1 1 1 1 1 1 1 1 1 1 1 1 1 1 1 1 1 1 1 1 1 1 1 1 1 1 100 1 1 1 1 1 1 1 1 1 1 1 1 1 1 1 1 1 100 1 1 1 1 1 1 1 1 1 1 1 1 1 1 1 1 1 1 1
staticfield java/net/URL defaultFactory Ljava/net/URLStreamHandlerFactory; java/net/URL$DefaultFactory
staticfield java/net/URL streamHandlerLock Ljava/lang/Object; java/lang/Object
staticfield java/net/URL serialPersistentFields [Ljava/io/ObjectStreamField; 7 [Ljava/io/ObjectStreamField;
ciInstanceKlass java/lang/Module 1 1 1070 10 7 12 1 1 1 9 7 12 1 1 1 10 7 12 1 1 1 9 12 1 9 12 1 1 9 12 1 1 10 12 1 1 10 12 1 10 12 1 1 10 7 12 1 1 1 7 1 10 7 12 1 1 1 10 12 1 1 11 7 12 1 1 1 10 12 1 1 10 7 12 1 1 1 10 12 1 1 10 7 12 1 1 1 9 100 12 1 1 1 10 7 12 1 1 1 10 12 1 8 1 10 7 12 1 1 1 10 7 12 1 1 1 10 7 12 1 1 1 10 12 1 10 12 1 9 12 1 1 10 100 12 1 1 100 1 7 1 10 8 1 10 12 1 1 10 12 1 10 12 10 12 1 10 7 12 1 1 8 1 8 1 10 8 1 8 1 9 12 1 1 8 1 10 100 12 1 1 1 10 12 1 9 12 1 1 11 12 1 9 100 12 1 1 10 100 12 1 1 1 10 100 12 1 1 1 10 12 1 1 8 1 10 12 1 1 10 12 1 10 12 1 1 9 7 12 1 1 1 10 12 1 1 10 12 1 1 9 12 1 10 12 1 10 12 1 9 12 1 1 11 7 12 1 1 10 12 1 1 9 12 1 9 12 1 10 12 1 10 12 1 100 1 8 1 10 10 12 1 1 10 12 1 8 1 10 12 1 1 8 1 8 1 10 12 1 1 10 12 1 10 12 1 1 18 12 1 1 10 12 1 1 11 12 1 9 12 1 11 12 10 100 12 1 1 100 1 8 1 10 11 12 1 1 10 7 12 1 1 1 10 12 1 10 12 1 1 11 12 1 1 11 7 12 1 1 11 12 1 1 9 12 1 11 12 1 10 12 1 1 10 12 1 1 9 12 1 10 12 10 7 12 1 1 10 7 1 18 12 1 1 11 100 12 1 1 1 18 12 1 11 12 1 1 10 100 12 1 1 1 11 12 1 1 10 7 12 1 1 7 1 11 12 1 7 1 7 1 10 12 1 10 7 12 1 1 1 10 11 7 12 1 8 1 10 10 12 1 1 10 7 12 1 1 10 12 1 10 12 1 7 1 10 12 1 10 11 12 1 1 10 12 10 12 1 1 9 12 1 1 100 1 10 10 12 1 1 11 7 1 10 12 1 1 11 12 1 10 10 12 1 11 10 12 1 1 10 12 1 1 10 12 1 1 10 7 12 1 1 10 12 1 10 12 1 1 10 10 12 1 1 10 12 1 18 12 1 11 12 1 18 12 1 10 12 1 10 12 1 10 12 7 1 10 12 1 10 12 1 10 12 1 9 12 1 7 1 10 10 10 10 12 1 10 12 1 10 12 1 10 12 1 1 10 12 1 1 10 12 1 9 12 1 18 12 1 1 10 7 12 1 1 1 100 1 8 1 10 12 1 1 10 12 1 1 10 7 12 1 1 7 1 10 12 1 1 7 1 8 1 10 12 1 1 100 1 11 12 1 1 10 100 12 1 1 1 18 12 1 1 11 100 12 1 1 1 100 1 10 12 1 10 12 1 1 7 1 7 1 10 12 8 1 10 12 1 1 10 12 1 1 10 100 12 1 1 10 12 1 1 10 12 1 10 12 10 12 1 1 7 1 10 10 12 1 1 10 7 12 1 1 1 100 1 10 12 1 1 10 7 12 1 1 8 1 18 12 1 1 100 1 100 1 9 12 1 1 9 12 1 9 12 1 11 100 12 1 1 1 100 1 11 12 1 1 100 1 10 12 1 8 1 10 12 1 10 12 10 12 1 8 1 10 10 100 12 1 1 7 1 10 10 12 1 10 7 12 1 1 9 12 1 9 12 1 9 12 1 9 12 1 10 12 11 12 1 10 12 1 7 1 1 1 1 1 1 1 1 1 1 1 1 1 1 1 1 1 1 1 100 1 1 1 1 1 1 1 1 1 1 1 1 1 1 1 1 1 1 1 1 1 1 1 1 1 1 1 1 1 1 1 1 1 1 1 1 1 1 1 1 1 1 1 1 1 1 1 1 1 1 1 1 1 1 1 1 1 1 1 1 1 1 1 1 1 1 1 1 1 1 1 1 1 1 1 1 1 1 1 1 1 1 1 1 1 1 1 1 1 1 1 1 1 1 1 100 100 1 1 1 1 1 1 1 1 1 1 1 1 1 1 1 1 1 1 1 1 1 1 1 1 1 1 1 100 1 100 1 1 1 1 1 1 1 1 1 1 1 1 1 1 1 1 1 1 1 1 100 1 1 1 1 1 1 1 1 1 1 1 1 1 1 1 1 1 1 1 1 1 1 1 16 15 10 12 16 16 15 10 12 16 16 15 10 16 1 15 10 12 16 1 15 10 12 16 1 16 15 10 12 16 16 1 15 10 12 16 15 10 100 12 1 1 1 15 10 100 12 1 1 1 1 1 1 1 1 1 1 1 100 1 100 1 1 100 1 100 1 1
staticfield java/lang/Module ALL_UNNAMED_MODULE Ljava/lang/Module; java/lang/Module
staticfield java/lang/Module ALL_UNNAMED_MODULE_SET Ljava/util/Set; java/util/ImmutableCollections$Set12
staticfield java/lang/Module EVERYONE_MODULE Ljava/lang/Module; java/lang/Module
staticfield java/lang/Module EVERYONE_SET Ljava/util/Set; java/util/ImmutableCollections$Set12
staticfield java/lang/Module $assertionsDisabled Z 1
ciInstanceKlass java/lang/Math 1 1 460 7 1 10 7 12 1 1 1 10 7 12 1 1 1 10 12 1 10 12 1 10 12 1 10 12 1 10 12 1 6 0 6 0 10 12 1 10 12 1 10 12 1 10 12 1 10 12 1 10 12 1 1 10 12 1 10 12 1 10 12 1 10 12 1 10 12 1 10 7 12 1 1 1 100 1 3 3 3 10 7 12 1 1 1 100 1 5 0 5 0 5 0 5 0 5 0 9 100 12 1 1 1 10 100 12 1 1 1 100 1 8 1 10 12 1 8 1 10 12 1 1 10 12 1 1 7 1 5 0 5 0 7 1 3 5 0 3 5 0 10 12 1 10 12 1 10 12 1 10 12 1 10 12 1 8 1 10 12 1 8 1 10 12 1 1 10 12 1 1 9 12 1 1 9 12 1 100 1 7 1 10 10 12 1 1 8 1 10 12 1 10 12 1 1 10 10 12 1 10 12 1 10 12 1 10 12 1 1 8 1 8 1 10 12 1 1 10 12 1 10 12 10 12 10 12 1 10 12 1 10 12 1 10 12 1 10 12 6 0 10 12 1 9 12 1 1 100 1 10 10 12 1 100 1 10 12 1 10 12 1 1 10 12 1 10 12 1 10 12 10 12 1 1 10 12 1 1 10 12 1 1 10 12 6 0 10 12 1 1 10 12 10 12 1 4 10 12 1 10 12 1 10 12 10 12 1 10 12 1 10 12 1 10 12 1 10 12 1 10 12 1 5 0 6 0 4 6 0 4 6 0 4 10 12 1 9 12 1 1 10 12 9 12 1 10 7 12 1 1 1 4 6 0 1 1 6 0 1 6 0 1 6 0 1 1 1 1 1 1 1 1 1 1 1 1 1 1 1 1 1 1 1 1 1 1 1 1 1 1 1 1 1 1 1 1 1 1 1 1 1 1 1 1 1 1 1 1 1 1 1 1 1 1 1 1 1 1 1 1 1 1 1 1 1 1 1 1 1 1 1 1 1 1 1 1 1 1 1 1 1 1 1 1 1 1 1 1 1 1 1 1 1 1 1 1 1 1 1 1
staticfield java/lang/Math negativeZeroFloatBits J -2147483648
staticfield java/lang/Math negativeZeroDoubleBits J -9223372036854775808
staticfield java/lang/Math $assertionsDisabled Z 1
ciInstanceKlass java/lang/Character 1 1 604 7 1 7 1 100 1 9 12 1 1 8 1 9 12 1 1 7 1 9 12 1 1 10 7 12 1 1 1 10 100 12 1 1 1 10 100 12 1 1 1 10 7 12 1 1 1 9 7 12 1 1 1 10 12 1 10 12 1 1 10 12 1 1 10 7 12 1 1 10 12 1 1 3 3 3 3 3 10 12 1 1 10 12 1 3 11 7 12 1 1 1 11 12 1 1 10 12 1 1 10 12 1 1 100 1 10 10 12 1 3 10 12 1 1 10 12 1 10 12 1 1 100 1 8 1 10 12 1 1 10 12 1 10 12 1 10 12 1 10 100 12 1 1 1 10 12 1 10 12 1 10 12 1 1 10 12 1 10 7 12 1 1 10 10 12 1 10 10 12 1 10 12 1 1 10 12 1 10 10 12 1 10 12 1 10 12 1 10 12 1 10 12 1 10 12 1 10 12 1 10 12 10 10 12 10 10 12 1 10 10 12 1 10 10 12 1 10 10 12 1 10 12 1 10 12 1 10 12 1 10 12 1 10 12 1 10 12 1 10 10 12 1 10 10 12 1 10 10 12 1 1 10 10 12 1 10 5 0 10 12 1 10 12 1 10 10 12 1 10 10 12 1 1 10 10 12 1 10 10 12 1 9 12 1 1 100 1 10 10 12 1 10 12 1 1 3 10 100 12 1 1 1 10 12 1 10 100 12 1 1 7 1 10 10 12 1 1 10 12 1 1 10 12 1 1 8 1 10 12 1 9 100 12 1 1 1 10 12 1 10 10 12 1 10 12 1 1 10 12 1 10 10 12 1 1 10 10 12 1 1 7 1 8 1 10 12 1 1 10 7 12 1 1 1 8 1 10 12 1 1 9 12 1 1 7 1 7 1 7 1 1 1 1 3 1 3 1 3 1 3 1 1 1 1 1 3 1 1 3 1 3 1 3 1 3 1 3 1 3 1 3 1 3 1 3 1 3 1 3 1 3 1 3 1 3 1 3 1 3 1 3 1 3 1 3 1 3 1 3 1 3 1 3 1 3 1 3 1 3 1 3 1 3 1 1 1 1 1 1 1 1 1 1 1 1 1 1 1 1 1 1 1 3 1 1 1 1 1 1 1 3 1 1 3 1 1 1 1 1 3 1 1 5 0 1 1 1 1 1 1 1 1 1 1 1 1 1 1 1 1 1 1 1 1 1 1 1 1 1 1 1 1 1 1 1 1 1 1 1 1 1 1 1 1 1 1 1 1 1 1 1 1 1 1 1 1 1 1 1 1 1 1 1 1 1 1 1 1 1 1 1 1 1 1 1 1 1 1 1 1 1 1 1 1 1 1 1 1 1 1 1 1 1 1 100 1 100 1 1 1 1 1 1
staticfield java/lang/Character TYPE Ljava/lang/Class; java/lang/Class
staticfield java/lang/Character $assertionsDisabled Z 1
ciInstanceKlass java/util/Arrays 1 1 1029 10 7 12 1 1 1 10 100 12 1 1 1 10 7 12 1 1 1 10 12 1 10 12 1 10 12 1 10 12 1 10 12 1 10 12 1 10 100 12 1 1 1 100 1 7 1 10 8 1 10 12 1 1 10 12 1 8 1 8 1 10 12 1 1 10 12 1 100 1 10 12 1 9 100 12 1 1 1 10 7 12 1 1 100 1 10 12 1 1 10 7 12 1 1 10 7 12 1 1 1 100 1 10 12 1 10 12 1 1 7 1 9 7 12 1 1 1 10 12 1 1 10 7 12 1 1 10 12 1 10 12 1 1 10 12 1 10 12 1 1 7 1 11 12 1 1 10 12 1 10 7 12 1 1 1 10 12 10 12 1 10 12 1 10 12 10 12 1 11 100 12 1 1 1 10 7 12 1 1 1 100 1 10 12 1 10 100 1 10 12 1 10 100 1 10 12 1 10 100 1 10 12 1 10 10 12 1 1 10 12 1 10 12 1 10 12 1 10 12 1 10 12 1 10 7 12 1 1 1 10 12 1 10 7 12 1 1 1 10 12 1 10 12 1 10 7 12 1 1 1 10 12 1 10 12 1 10 12 1 10 12 1 10 12 1 10 12 1 10 12 1 10 12 1 10 12 1 10 12 1 10 12 1 10 12 1 10 12 1 10 12 1 10 12 1 10 12 1 1 10 12 1 1 10 7 12 1 1 1 10 7 1 10 100 1 10 7 1 10 100 1 10 100 1 10 100 1 10 100 1 10 100 1 10 12 1 8 1 10 12 1 1 10 12 1 1 10 12 1 1 10 12 1 1 10 12 1 1 10 12 1 1 10 12 1 1 10 12 1 1 10 12 1 1 7 1 10 12 10 12 1 1 10 12 1 10 12 1 1 10 12 1 1 9 7 12 1 1 1 10 12 1 9 7 1 10 12 1 9 7 1 10 12 1 9 7 1 10 12 1 9 7 1 10 12 1 9 7 1 10 12 1 9 10 12 1 10 12 1 10 12 1 9 12 1 100 1 10 10 12 1 1 10 12 1 10 12 1 10 12 1 10 12 1 10 12 1 10 12 1 10 12 1 10 12 1 10 12 1 8 1 8 1 10 12 1 10 12 1 8 1 10 12 1 10 12 1 10 12 1 10 7 12 1 1 1 3 10 7 1 10 10 12 1 1 11 100 12 1 1 10 12 1 1 10 12 1 10 12 1 10 12 1 10 12 1 10 12 1 10 12 1 10 12 1 10 12 1 11 12 1 8 1 10 11 12 1 11 100 12 1 1 1 11 100 12 1 1 1 11 12 1 1 18 12 1 1 11 12 1 1 11 100 12 1 1 1 18 12 1 11 100 12 1 1 1 18 12 1 11 100 12 1 1 1 18 12 1 100 1 10 100 12 1 1 1 10 12 1 10 12 1 10 12 1 10 12 1 10 12 1 10 12 1 10 12 1 10 12 1 1 10 12 1 10 100 12 1 1 10 12 1 10 12 1 10 12 1 1 10 12 1 10 12 1 10 12 1 1 10 12 1 10 12 1 10 12 1 1 10 12 1 10 12 1 10 12 1 10 12 1 10 12 10 12 1 10 12 10 12 10 12 1 10 12 10 12 1 10 12 1 10 12 1 1 1 1 3 1 3 1 1 1 1 1 1 1 1 1 1 1 1 1 1 1 1 1 1 1 1 1 1 1 1 1 1 1 1 1 1 1 1 1 1 1 1 1 1 1 1 1 1 1 1 1 1 1 1 1 1 1 1 1 1 1 1 1 1 1 1 1 1 1 1 1 1 1 1 1 1 1 1 1 1 1 1 1 1 1 1 1 1 1 1 1 1 1 1 1 1 1 1 1 1 1 1 1 1 1 1 1 1 1 1 1 1 1 1 1 1 1 1 1 1 1 1 1 1 1 1 1 1 1 1 1 1 1 1 1 1 1 1 1 1 1 1 1 1 1 1 1 1 1 1 1 1 1 1 1 1 1 1 1 1 1 1 1 1 1 1 1 1 1 1 1 1 1 1 1 1 1 1 1 1 1 1 1 1 1 1 1 1 1 1 1 1 1 1 1 1 1 1 1 1 1 1 1 1 1 1 1 1 1 1 1 1 1 1 1 1 1 1 1 1 1 1 1 1 1 1 1 1 1 1 1 1 1 1 1 1 1 1 1 1 1 1 1 1 1 1 1 1 1 1 1 1 1 1 1 1 1 1 1 1 100 1 1 16 15 10 12 15 10 12 15 10 12 15 10 12 15 10 100 12 1 1 1 1 1 100 1 100 1 1 1 1 100 1 1 1 1 1 1 100 1 1 100 1 1 100 1 1 1 100 1 100 1 1
staticfield java/util/Arrays $assertionsDisabled Z 1
ciInstanceKlass java/lang/OutOfMemoryError 1 1 26 10 100 12 1 1 1 10 12 1 100 1 1 1 1 5 0 1 1 1 1 1 1 1 1 1
ciInstanceKlass java/lang/Integer 1 1 453 7 1 7 1 7 1 7 1 10 12 1 1 9 12 1 1 9 12 1 1 10 100 12 1 1 1 10 12 1 1 10 100 12 1 1 1 10 10 12 1 1 10 7 12 1 1 1 10 12 1 10 12 1 1 10 7 12 1 1 1 10 12 1 1 10 12 1 1 10 12 1 10 12 1 10 12 1 1 10 10 12 1 9 12 1 1 9 12 1 100 1 8 1 10 12 1 7 1 10 12 1 8 1 10 12 1 1 10 12 1 8 1 10 12 1 8 1 10 12 1 1 3 10 12 1 1 3 10 12 1 1 10 12 1 1 10 7 12 1 1 1 11 7 1 10 12 1 1 11 10 12 1 1 8 1 10 12 1 1 8 1 7 1 10 12 1 1 10 12 1 1 5 0 8 1 10 12 1 10 12 1 10 12 1 10 12 1 1 7 1 9 12 1 1 9 12 1 1 10 12 1 10 7 1 9 12 1 10 12 1 10 12 1 10 12 1 1 10 7 12 1 1 1 100 1 100 1 10 12 1 1 10 12 1 1 8 1 8 1 10 12 1 1 8 1 8 1 8 1 8 1 8 1 8 1 10 12 1 10 12 1 5 0 3 3 3 3 10 12 1 10 12 1 3 10 12 1 10 100 12 1 1 1 10 12 1 1 10 12 1 1 8 1 10 7 12 1 1 1 9 12 1 1 7 1 7 1 7 1 1 1 1 3 1 1 1 3 1 3 1 1 5 0 1 1 1 1 1 1 1 1 1 100 1 1 1 1 1 1 1 1 1 1 1 1 1 1 1 1 1 1 1 1 1 1 1 1 1 1 1 1 1 1 1 1 1 1 1 1 1 1 1 1 3 1 1 1 1 1 1 1 1 1 1 1 1 1 1 1 1 7 1 1 1 1 1 1 1 1 1 1 1 1 1 1 1 1 1 1 1 1 1 1 1 1 1 1 1 1 1 1 1 1 1 1 1 1 1 1 1 1 1 1 1 1 1 1 7 1 1 1 1 1 1 1 1 1 100 1 100 1 1
staticfield java/lang/Integer TYPE Ljava/lang/Class; java/lang/Class
staticfield java/lang/Integer digits [C 36
staticfield java/lang/Integer DigitTens [B 100
staticfield java/lang/Integer DigitOnes [B 100
instanceKlass java/math/BigInteger
instanceKlass java/util/concurrent/atomic/AtomicLong
instanceKlass java/util/concurrent/atomic/AtomicInteger
instanceKlass java/lang/Long
instanceKlass java/lang/Integer
instanceKlass java/lang/Short
instanceKlass java/lang/Byte
instanceKlass java/lang/Double
instanceKlass java/lang/Float
ciInstanceKlass java/lang/Number 1 1 37 10 7 12 1 1 1 10 100 12 1 1 1 100 1 1 1 1 5 0 1 1 1 1 1 1 1 1 1 1 1 1 1 1 1 1 1
ciInstanceKlass java/lang/Thread$FieldHolder 1 1 48 10 7 12 1 1 1 9 7 12 1 1 1 9 12 1 1 9 12 1 1 9 12 1 1 9 12 1 1 1 1 1 1 1 1 1 1 100 1 100 1 1 1 1 100 1 1 1
ciInstanceKlass java/lang/Thread$Constants 0 0 59 7 1 10 7 12 1 1 1 100 1 10 10 7 12 1 1 1 7 1 8 1 10 12 1 9 7 12 1 1 1 7 1 7 1 10 12 1 10 12 1 9 12 1 1 1 1 1 1 1 1 1 1 1 1 1 1 1 1
ciInstanceKlass java/lang/ThreadGroup 1 1 411 10 7 12 1 1 1 9 7 12 1 1 1 8 1 9 12 1 1 7 1 9 12 1 1 9 12 1 1 10 7 12 1 1 1 10 12 1 1 10 12 1 10 12 1 10 12 1 10 12 1 1 10 12 1 1 10 12 1 10 12 1 1 10 12 1 10 12 1 10 100 12 1 1 1 10 12 1 1 18 12 1 1 11 7 12 1 1 1 10 7 12 1 1 1 10 7 12 1 10 12 1 1 10 12 1 1 10 12 1 1 10 100 12 1 1 1 10 12 1 11 12 1 1 11 7 12 1 1 11 12 1 1 10 12 1 1 10 12 1 10 12 1 11 12 1 11 12 1 1 100 1 10 10 12 1 100 1 10 18 12 1 1 11 7 12 1 1 1 11 12 1 1 9 12 1 1 10 12 1 1 8 1 10 7 12 1 1 1 10 100 12 1 1 1 10 12 1 1 11 12 10 12 1 1 10 12 1 1 11 7 1 9 12 1 7 1 10 8 1 10 12 1 1 10 12 1 1 8 1 10 12 1 10 7 12 1 1 1 10 12 1 1 10 7 1 8 1 10 8 1 10 12 1 10 12 1 8 1 9 12 1 1 9 12 1 10 100 12 1 1 1 100 9 12 1 1 7 1 9 12 1 10 12 10 12 1 1 100 10 12 9 12 1 10 12 1 100 1 10 11 12 1 1 7 1 10 10 12 1 10 12 1 1 1 1 1 1 1 1 1 1 1 1 1 1 1 1 1 1 3 1 1 1 1 1 1 1 1 1 1 1 1 100 1 1 1 1 1 1 1 1 1 1 1 1 1 1 1 1 1 1 1 1 1 1 1 1 1 1 1 1 1 1 1 1 1 1 1 1 1 1 1 1 1 1 1 16 15 10 12 16 16 15 10 12 16 15 10 100 12 1 1 1 1 1 100 1 100 1 1
staticfield java/lang/ThreadGroup $assertionsDisabled Z 1
ciInstanceKlass java/lang/Thread$UncaughtExceptionHandler 1 0 16 100 1 100 1 1 1 1 1 1 1 1 100 1 1 1
ciInstanceKlass java/security/AccessControlContext 1 1 374 9 7 12 1 1 1 9 12 1 1 10 100 12 1 1 1 8 1 10 100 12 1 1 1 10 7 12 1 1 1 9 12 1 9 12 1 1 9 12 1 1 10 7 12 1 1 7 1 10 12 1 11 7 12 1 1 1 11 12 1 11 12 1 11 12 1 1 7 1 11 12 1 1 10 12 1 10 7 12 1 1 1 9 100 12 1 1 1 10 7 12 1 1 1 11 100 12 1 1 1 10 7 1 100 1 8 1 10 12 1 10 12 1 1 7 1 10 7 12 1 1 1 9 12 1 9 12 1 9 12 1 9 12 1 1 9 12 1 1 9 12 1 9 12 1 10 7 12 1 1 1 9 12 1 10 12 1 1 10 12 1 1 8 1 10 12 1 1 10 12 1 1 10 7 12 1 1 1 7 1 10 10 12 1 1 10 7 12 1 1 1 10 8 1 10 7 12 1 1 8 1 10 7 12 1 1 8 1 8 1 10 12 1 8 1 10 12 1 8 1 10 12 1 10 12 1 10 12 1 1 8 1 8 1 100 1 10 12 1 10 12 1 1 100 1 10 12 1 8 1 10 12 1 10 12 1 10 8 1 10 12 1 1 10 12 1 1 10 12 1 1 10 12 1 1 10 12 1 10 12 1 11 10 12 1 10 12 1 1 10 10 10 12 1 1 1 1 1 1 1 1 1 1 1 1 1 1 1 1 1 1 1 1 1 1 1 1 100 1 1 1 1 1 1 1 1 1 1 1 1 1 1 1 1 1 1 1 1 1 1 1 1 1 1 1 1 1 1 1 1 1 1 1 1 1 1 1 1 1 1 1 1 1 1 1 1 1 1 1 1 3 1 1
instanceKlass java/lang/ThreadBuilders$BoundVirtualThread
instanceKlass java/lang/VirtualThread
ciInstanceKlass java/lang/BaseVirtualThread 0 0 36 10 100 12 1 1 1 100 1 1 1 1 1 1 1 1 1 1 1 1 1 1 1 1 1 1 1 1 100 1 100 1 1 100 1 1
ciInstanceKlass java/lang/VirtualThread 0 0 907 9 7 12 1 1 1 10 7 12 1 1 1 10 100 12 1 1 1 10 7 12 1 1 1 9 12 1 1 9 12 1 1 100 1 10 12 1 9 12 1 1 18 12 1 1 9 12 1 1 10 12 1 1 100 1 10 12 1 10 12 1 1 10 12 1 1 10 12 1 1 10 12 1 10 7 12 1 10 12 1 10 12 1 10 12 1 10 12 1 11 100 12 1 1 1 100 1 10 12 1 1 10 100 12 1 1 1 10 100 12 1 1 1 10 12 1 100 1 10 10 12 1 10 12 1 1 9 12 1 1 10 12 1 1 9 12 1 1 10 12 1 9 12 1 1 9 12 1 100 1 10 10 12 1 10 100 12 1 1 10 9 10 10 12 1 1 10 12 1 1 10 100 12 1 1 10 100 1 10 9 10 10 12 1 7 1 10 12 1 1 10 12 1 10 12 1 10 12 1 1 9 12 1 10 12 1 10 12 1 9 12 1 1 10 12 1 10 12 1 9 12 1 1 10 12 1 10 12 1 10 12 1 11 100 12 1 1 10 12 1 1 10 12 1 1 10 12 1 1 9 12 1 10 100 1 10 12 1 1 10 12 1 1 10 12 1 10 12 1 10 12 1 10 12 9 12 1 1 10 100 12 1 1 10 12 1 10 12 1 1 10 100 12 1 1 10 12 1 100 1 8 1 10 12 1 10 12 1 1 10 12 1 10 12 1 10 100 12 1 1 10 12 1 10 12 1 1 10 12 1 10 12 1 1 10 7 12 1 1 10 12 1 1 10 12 1 1 100 1 10 10 12 1 7 1 9 12 1 1 10 7 12 1 1 10 9 12 1 1 18 9 100 12 1 1 1 11 100 12 1 1 1 11 100 1 11 12 10 12 1 10 12 1 1 10 12 1 100 1 10 10 12 1 10 12 1 1 10 12 1 1 10 12 1 10 12 1 10 12 1 9 12 1 1 11 100 12 1 1 10 12 9 100 12 1 1 1 9 12 1 10 12 1 1 9 12 1 9 12 1 9 12 1 7 1 10 10 12 1 1 10 12 1 10 12 7 1 7 1 10 8 1 10 12 1 1 10 12 1 10 12 1 10 10 12 1 8 1 10 10 12 1 10 12 1 10 7 12 1 1 8 1 8 1 10 9 100 12 1 1 1 10 12 1 1 10 12 1 10 10 10 12 9 12 1 10 12 1 1 9 12 1 10 12 1 1 9 12 1 10 12 1 1 18 12 1 1 18 12 1 10 7 12 1 1 1 8 1 10 100 12 1 1 1 10 7 12 1 1 1 18 12 1 10 100 12 1 1 1 100 1 10 12 1 8 1 10 12 1 8 1 10 12 1 1 8 1 8 1 10 100 12 1 1 8 1 10 12 1 8 1 8 1 10 100 12 1 1 1 10 12 1 10 12 1 1 10 12 1 18 12 1 1 18 12 1 1 5 0 9 12 1 10 12 1 18 12 1 100 1 10 12 10 7 12 1 1 10 12 1 1 7 1 8 1 10 10 12 1 10 12 1 1 10 12 1 9 12 1 8 10 12 1 1 8 8 9 12 1 8 10 12 1 1 3 1 3 1 3 1 3 1 3 1 3 1 3 1 3 1 3 1 3 1 3 1 3 3 1 3 1 1 1 1 1 1 1 1 1 1 1 1 1 1 7 1 1 1 1 1 1 1 1 1 1 1 1 1 1 7 1 1 1 1 1 1 1 1 1 1 1 7 1 1 1 1 1 1 1 1 1 1 1 1 1 1 1 1 1 1 1 1 1 1 1 1 1 1 1 1 1 1 1 1 1 1 1 1 1 1 1 100 1 1 1 1 1 1 1 1 1 1 1 1 1 1 1 1 1 1 1 1 1 1 1 1 1 1 1 1 1 1 1 1 1 1 1 100 1 1 1 1 1 1 1 1 1 1 1 1 1 1 100 1 1 16 15 10 12 15 16 15 10 12 16 15 10 12 16 16 15 10 12 16 15 10 12 16 15 10 12 16 15 10 12 16 1 15 10 100 12 1 1 1 1 1 1 1 7 1 1 100 1 100 1 1
ciInstanceKlass java/lang/ThreadBuilders$BoundVirtualThread 0 0 132 10 7 12 1 1 1 9 7 12 1 1 1 10 7 12 1 1 1 9 12 1 1 10 12 1 1 10 12 1 1 9 12 1 1 10 7 12 1 1 1 10 12 1 1 7 1 8 1 10 12 1 10 12 1 1 10 12 1 1 10 12 1 1 10 7 12 1 1 1 8 1 10 12 1 8 1 10 12 1 1 10 100 12 1 1 9 100 12 1 1 1 10 12 1 1 10 10 12 1 1 1 1 1 1 1 1 1 1 1 1 1 1 1 1 1 1 1 1 1 1 1 1 1 1 1 1 100 1 1 1 1
ciInstanceKlass jdk/internal/vm/ContinuationScope 0 0 50 10 100 12 1 1 1 10 100 12 1 1 1 100 1 9 100 12 1 1 1 10 12 1 1 10 100 12 1 1 1 10 12 1 1 10 12 1 1 1 1 1 1 1 1 1 1 1 1 1
ciInstanceKlass jdk/internal/vm/StackChunk 0 0 32 10 100 12 1 1 1 9 100 12 1 1 1 9 12 1 1 9 12 1 1 1 1 1 1 1 1 1 1 1 1 1
ciInstanceKlass java/lang/Float 1 1 279 7 1 7 1 10 100 12 1 1 1 10 100 12 1 1 1 4 7 1 10 12 1 1 10 12 1 1 8 1 8 1 10 7 12 1 1 1 10 12 1 1 10 12 1 1 10 100 1 4 10 7 12 1 1 9 12 1 1 10 12 1 1 10 12 1 10 10 12 1 1 10 12 1 10 12 1 3 3 100 1 4 4 4 3 10 12 1 1 9 12 1 1 100 1 10 3 3 4 4 10 12 1 3 3 3 10 12 1 1 10 12 1 1 10 12 1 10 100 12 1 1 1 10 12 1 1 10 12 1 1 10 7 12 1 1 1 8 1 10 12 1 1 9 12 1 1 7 1 7 1 7 1 1 1 1 4 1 4 1 1 1 4 1 1 3 1 3 1 3 1 3 1 3 1 1 1 1 5 0 1 1 1 1 1 1 1 1 1 1 100 1 1 1 1 1 1 1 1 1 1 1 1 1 3 1 1 1 1 1 1 1 1 1 1 1 1 1 1 1 1 1 1 1 1 1 1 1 1 1 1 1 1 1 1 1 1 1 1 1 1 1 1 1 1 1 1 1 1 1 1 1 1 1 1 1 1 1 1 1 1 1 1 1 1 1 7 1 1 1 1 1 1 1 100 1 100 1 1
staticfield java/lang/Float TYPE Ljava/lang/Class; java/lang/Class
staticfield java/lang/Float $assertionsDisabled Z 1
ciInstanceKlass java/lang/Double 1 1 290 7 1 7 1 10 100 12 1 1 1 10 12 1 1 10 7 1 10 12 1 1 10 100 12 1 1 1 6 0 8 1 10 12 1 1 8 1 10 12 1 1 8 1 6 0 10 12 1 1 100 1 5 0 5 0 8 1 8 1 10 7 12 1 1 1 10 7 12 1 1 1 8 1 10 12 1 1 8 1 8 1 8 1 10 12 1 1 10 12 1 10 12 1 1 10 12 1 10 12 1 10 12 1 1 10 12 1 10 7 1 6 0 10 7 12 1 1 9 12 1 1 10 12 1 10 12 1 10 12 1 10 12 1 10 12 1 5 0 10 12 1 1 10 12 1 10 12 1 10 100 12 1 1 1 10 12 1 1 10 12 1 1 8 1 10 7 12 1 1 1 9 12 1 1 7 1 7 1 7 1 1 1 6 0 1 6 0 1 6 0 1 1 1 6 0 1 1 3 1 3 1 3 1 3 1 3 1 1 1 1 5 0 1 1 1 1 1 1 1 1 1 1 1 1 1 1 1 1 100 1 1 1 1 1 1 1 1 1 1 1 1 3 1 1 1 1 1 1 1 1 1 1 1 1 1 1 1 1 1 1 1 1 1 1 1 1 1 1 1 1 1 1 1 1 1 1 7 1 1 1 1 1 1 1 100 1 100 1 1
staticfield java/lang/Double TYPE Ljava/lang/Class; java/lang/Class
ciInstanceKlass java/lang/Byte 1 1 213 7 1 100 1 10 7 12 1 1 1 9 12 1 1 8 1 9 12 1 1 7 1 10 12 1 1 10 12 1 1 10 100 12 1 1 1 10 100 12 1 1 1 9 7 12 1 1 1 10 12 1 1 100 1 7 1 10 12 1 1 8 1 10 12 1 1 8 1 10 12 1 10 12 1 10 12 1 10 12 1 1 10 12 1 10 12 1 10 12 1 1 10 8 1 8 1 10 7 1 9 12 1 1 10 12 1 1 10 12 1 1 10 12 1 1 10 12 1 5 0 10 12 1 1 8 1 10 7 12 1 1 1 9 12 1 1 7 1 7 1 1 1 3 1 3 1 1 1 1 3 1 3 1 1 5 0 1 1 1 1 1 1 1 1 1 1 1 1 1 1 1 1 1 1 1 1 1 1 1 1 1 1 1 1 1 1 1 1 1 1 1 1 1 1 1 1 1 1 1 1 1 1 1 1 1 1 1 1 1 1 1 1
staticfield java/lang/Byte TYPE Ljava/lang/Class; java/lang/Class
ciInstanceKlass java/lang/Short 1 1 222 7 1 7 1 100 1 10 7 12 1 1 1 10 12 1 1 100 1 7 1 10 12 1 1 8 1 10 12 1 1 8 1 10 12 1 10 12 1 10 12 1 10 12 1 1 10 12 1 1 10 12 1 9 12 1 1 8 1 9 12 1 1 7 1 10 12 1 1 10 12 1 10 100 12 1 1 1 10 100 12 1 1 1 9 100 12 1 1 1 10 12 1 10 12 1 1 10 8 1 8 1 10 7 1 9 12 1 1 10 12 1 1 10 12 1 1 10 12 1 1 10 12 1 3 3 5 0 10 12 1 1 8 1 10 7 12 1 1 1 9 12 1 1 7 1 7 1 1 1 3 1 3 1 1 1 1 3 1 3 1 1 5 0 1 1 1 1 1 1 1 1 1 1 1 1 1 1 1 1 1 1 1 1 1 1 1 1 1 1 1 3 1 1 1 1 1 1 1 1 1 1 1 1 1 1 1 1 1 1 1 1 1 1 1 1 1 1 1 1 1 1
staticfield java/lang/Short TYPE Ljava/lang/Class; java/lang/Class
ciInstanceKlass java/lang/Long 1 1 524 7 1 7 1 7 1 7 1 10 12 1 1 9 12 1 1 9 7 12 1 1 1 10 100 12 1 1 1 10 12 1 1 10 100 12 1 1 1 10 10 12 10 12 1 10 12 1 10 12 1 5 0 5 0 7 1 10 12 1 1 10 12 1 1 10 12 1 10 12 1 10 12 1 10 12 1 1 10 100 12 1 1 10 12 1 10 12 1 1 10 12 1 1 10 12 1 1 10 12 1 1 10 100 12 1 1 1 10 12 1 1 10 12 1 10 12 1 10 12 1 10 12 1 1 10 10 12 1 5 0 5 0 9 12 1 1 9 12 1 5 0 100 1 8 1 10 12 1 8 1 10 12 1 8 1 8 1 10 12 1 1 5 0 10 12 1 1 5 0 10 12 1 1 10 12 1 1 10 100 12 1 1 1 11 7 1 10 12 1 1 11 10 12 1 1 8 1 10 12 1 1 8 1 7 1 10 12 1 1 10 12 1 8 1 8 1 11 12 1 1 10 12 1 10 12 1 10 12 1 5 0 5 0 9 7 12 1 1 1 10 12 1 10 12 1 1 8 1 8 1 10 12 1 1 8 1 8 1 8 1 8 1 8 1 8 1 10 12 1 10 7 1 9 12 1 1 10 12 1 10 12 1 1 10 12 1 1 10 7 12 1 1 1 100 1 100 1 10 12 1 1 10 12 1 1 5 0 10 12 1 10 12 1 5 0 5 0 5 0 10 12 1 1 10 12 1 5 0 5 0 10 12 1 10 12 1 10 100 12 1 1 1 10 12 1 1 10 12 1 1 8 1 10 7 12 1 1 1 9 12 1 1 7 1 7 1 7 1 1 1 1 5 0 1 1 1 1 3 1 3 1 5 0 1 1 1 1 1 1 1 1 1 100 1 1 1 1 1 1 1 1 1 1 1 1 1 1 1 1 1 1 1 1 1 1 1 1 1 1 1 1 1 1 1 1 1 1 1 1 1 1 1 1 1 1 1 1 1 1 1 1 1 1 1 1 1 1 1 3 1 1 1 1 1 1 1 1 1 1 1 1 1 1 1 7 1 1 1 1 1 1 1 1 1 1 1 1 1 1 1 1 1 1 1 1 1 1 1 1 1 1 1 1 1 1 1 1 1 1 1 1 1 1 1 1 1 1 1 7 1 1 1 1 1 1 1 1 1 100 1 100 1 1
staticfield java/lang/Long TYPE Ljava/lang/Class; java/lang/Class
ciInstanceKlass jdk/internal/vm/vector/VectorSupport 0 0 573 100 1 10 100 12 1 1 1 9 12 1 1 10 12 1 1 100 1 10 12 1 11 100 12 1 1 1 11 100 12 1 1 1 11 100 12 1 1 11 100 12 1 1 11 100 12 1 1 1 11 100 12 1 1 11 100 12 1 1 11 100 12 1 1 11 100 12 1 1 11 100 12 1 1 11 100 12 1 1 11 100 12 1 1 1 11 100 12 1 1 11 100 12 1 1 1 11 100 12 1 1 1 11 100 12 1 1 11 100 12 1 1 1 11 100 12 1 1 100 1 10 12 1 1 11 100 12 1 1 11 100 12 1 1 11 100 12 1 1 11 100 12 1 1 11 100 12 1 1 11 100 12 1 1 9 12 1 1 10 100 12 1 1 11 100 12 1 1 10 12 1 1 10 100 12 1 1 1 10 12 1 10 12 1 1 10 12 1 1 1 1 1 3 1 3 1 3 1 3 1 3 1 3 1 3 1 3 1 3 1 3 1 3 1 3 1 3 1 3 1 3 1 3 1 3 1 3 1 3 1 3 1 3 1 3 1 3 1 3 1 3 1 3 1 3 1 3 1 3 1 3 1 3 1 3 1 3 1 3 1 3 1 3 1 3 1 3 1 3 1 3 1 3 1 3 1 3 1 3 1 3 1 3 1 3 1 3 1 3 1 3 1 3 1 3 1 3 1 1 1 1 1 1 1 1 1 1 1 1 1 1 1 1 1 1 1 1 1 1 1 1 1 1 1 1 1 1 1 1 1 1 1 1 1 1 1 1 1 1 1 1 1 1 1 1 1 1 1 1 1 1 1 1 1 1 1 1 1 1 1 1 1 1 1 1 1 1 1 1 1 1 1 1 1 1 1 1 1 1 1 1 1 1 1 1 1 1 1 1 1 1 1 1 1 1 1 1 1 1 1 1 1 1 1 1 1 1 1 1 1 1 1 1 1 1 1 1 1 1 1 1 1 1 1 1 1 1 1 1 1 1 1 1 1 1 1 1 1 1 1 1 1 1 1 1 1 1 1 1 1 1 1 1 1 1 1 1 1 1 1 1 1 1 1 1 1 1 1 1 1 1 1 1 1 1 1 1 1 1 1 1 1 1 1 1 1 1 1 1 1 1 1 1 1 1 1 1 1 1 1 1 1 1 1 1 1 1 1 1 1 1 1 1 1 1 1 1 1 1 1 1 1 1 1 1 1 1 1 1 1 1 1 100 1 100 1 100 1 100 1 100 1 1 1 1 1 1 1 1 1 1 1 1 1 1 1 1 1 1 1 1 1 1 1 1 1 1 1 1 1 1 1
instanceKlass jdk/internal/vm/vector/VectorSupport$VectorShuffle
instanceKlass jdk/internal/vm/vector/VectorSupport$VectorMask
instanceKlass jdk/internal/vm/vector/VectorSupport$Vector
ciInstanceKlass jdk/internal/vm/vector/VectorSupport$VectorPayload 0 0 32 10 100 12 1 1 1 9 100 12 1 1 1 10 100 12 1 1 1 1 1 1 1 1 1 1 1 1 1 1 1 1
ciInstanceKlass jdk/internal/vm/vector/VectorSupport$Vector 0 0 28 10 100 12 1 1 1 100 1 1 1 1 1 1 1 1 1 1 1 1 1 1 1 100 1 1 1 1
ciInstanceKlass jdk/internal/vm/vector/VectorSupport$VectorMask 0 0 28 10 100 12 1 1 1 100 1 1 1 1 1 1 1 1 1 1 1 1 1 1 1 100 1 1 1 1
ciInstanceKlass jdk/internal/vm/vector/VectorSupport$VectorShuffle 0 0 28 10 100 12 1 1 1 100 1 1 1 1 1 1 1 1 1 1 1 1 1 1 1 100 1 1 1 1
ciInstanceKlass jdk/internal/vm/FillerObject 0 0 16 10 100 12 1 1 1 100 1 1 1 1 1 1 1 1
instanceKlass java/lang/ref/PhantomReference
instanceKlass java/lang/ref/FinalReference
instanceKlass java/lang/ref/WeakReference
instanceKlass java/lang/ref/SoftReference
ciInstanceKlass java/lang/ref/Reference 1 1 190 9 7 12 1 1 1 9 7 12 1 1 10 12 1 1 10 12 1 1 9 12 1 1 10 12 1 1 9 12 1 1 9 12 1 1 7 1 10 12 1 10 7 12 1 1 10 12 1 10 12 1 1 10 12 1 7 1 8 1 10 12 1 1 7 1 10 12 1 1 10 12 1 1 10 12 1 9 12 1 10 12 1 1 10 12 1 10 12 1 9 12 1 7 1 100 1 10 12 9 12 1 9 12 1 100 1 10 10 12 1 10 10 7 12 1 1 7 1 10 10 7 12 1 1 1 1 1 1 1 1 1 1 1 1 1 1 1 1 1 1 1 7 1 1 1 100 1 1 1 1 1 1 1 1 1 1 1 1 1 1 1 1 1 1 1 1 1 1 1 1 1 1 1 1 1 1 1 1 1 1 1 7 1 7 1 7 1 1 1
staticfield java/lang/ref/Reference processPendingLock Ljava/lang/Object; java/lang/Object
staticfield java/lang/ref/Reference $assertionsDisabled Z 1
instanceKlass sun/security/util/MemoryCache$SoftCacheEntry
instanceKlass java/lang/invoke/LambdaFormEditor$Transform
ciInstanceKlass java/lang/ref/SoftReference 1 1 47 10 7 12 1 1 1 9 7 12 1 1 1 9 12 1 10 12 1 10 12 1 1 1 1 1 1 1 1 1 1 1 1 1 1 1 1 1 1 1 1 100 1 1 1 1 1
instanceKlass java/util/logging/LogManager$LoggerWeakRef
instanceKlass java/util/logging/Level$KnownLevel
instanceKlass jdk/internal/util/WeakReferenceKey
instanceKlass java/lang/ThreadLocal$ThreadLocalMap$Entry
instanceKlass java/util/WeakHashMap$Entry
ciInstanceKlass java/lang/ref/WeakReference 1 1 31 10 7 12 1 1 1 10 12 1 100 1 1 1 1 1 1 1 1 1 1 1 1 1 1 1 1 1 1 1 1
instanceKlass java/lang/ref/Finalizer
ciInstanceKlass java/lang/ref/FinalReference 1 1 50 10 7 12 1 1 1 10 7 12 1 1 1 10 12 1 1 7 1 8 1 10 12 1 1 1 1 1 1 1 1 1 1 1 1 1 1 1 1 1 1 1 1 1 1 1 1 1 7 1
instanceKlass jdk/internal/ref/PhantomCleanable
instanceKlass jdk/internal/ref/Cleaner
ciInstanceKlass java/lang/ref/PhantomReference 1 1 39 10 100 12 1 1 1 10 7 12 1 1 1 1 1 1 1 1 1 1 1 1 1 1 1 1 1 1 1 1 1 1 1 1 1 1 1 1 1
ciInstanceKlass java/lang/ref/Finalizer 1 1 155 9 7 12 1 1 1 10 7 12 1 1 1 9 12 1 1 9 12 1 1 9 12 1 9 12 1 9 12 1 1 10 12 1 7 1 8 1 10 12 1 10 12 1 1 9 12 1 100 1 10 12 1 7 1 11 100 12 1 1 10 12 1 7 1 10 12 1 100 1 10 12 1 10 7 12 1 1 1 10 100 12 1 1 1 100 1 10 10 12 1 7 1 10 12 1 7 1 10 12 1 1 10 12 1 1 10 12 1 10 7 12 1 1 1 7 1 10 7 1 10 10 12 1 1 1 1 1 1 1 1 1 1 1 1 1 1 1 1 1 1 1 1 1 1 1 1 1 1 1 1 1 1 1 1
staticfield java/lang/ref/Finalizer lock Ljava/lang/Object; java/lang/Object
staticfield java/lang/ref/Finalizer ENABLED Z 1
staticfield java/lang/ref/Finalizer $assertionsDisabled Z 1
instanceKlass java/util/stream/MatchOps$MatchKind
instanceKlass com/android/tools/r8/internal/If0
instanceKlass com/android/tools/r8/internal/SS
instanceKlass com/android/tools/r8/internal/Gx0
instanceKlass com/android/tools/r8/internal/vw
instanceKlass com/android/tools/r8/internal/U60$a
instanceKlass com/android/tools/r8/internal/W5
instanceKlass com/android/tools/r8/internal/XJ
instanceKlass com/android/tools/r8/internal/tX
instanceKlass com/android/tools/r8/internal/oy
instanceKlass com/android/tools/r8/internal/PK
instanceKlass com/android/tools/r8/internal/H6
instanceKlass com/android/tools/r8/internal/ze$a
instanceKlass com/android/tools/r8/internal/LY
instanceKlass com/android/tools/r8/internal/W8$a
instanceKlass com/android/tools/r8/internal/Ox0
instanceKlass com/android/tools/r8/graph/V2
instanceKlass com/android/tools/r8/internal/sa
instanceKlass com/android/tools/r8/internal/Eb$a
instanceKlass com/android/tools/r8/internal/nb$a
instanceKlass com/android/tools/r8/internal/aC
instanceKlass com/android/tools/r8/internal/MW
instanceKlass com/android/tools/r8/internal/I20
instanceKlass com/android/tools/r8/internal/Mx0
instanceKlass com/android/tools/r8/internal/Fs0$a
instanceKlass com/android/tools/r8/ir/optimize/N$a
instanceKlass com/android/tools/r8/graph/k1
instanceKlass com/android/tools/r8/graph/G3$k
instanceKlass com/android/tools/r8/internal/Ac0
instanceKlass com/android/tools/r8/ProgramResource$Kind
instanceKlass com/android/tools/r8/graph/C2
instanceKlass com/android/tools/r8/dex/W$b
instanceKlass com/android/tools/r8/AssertionsConfiguration$a
instanceKlass com/android/tools/r8/internal/QJ$i
instanceKlass com/android/tools/r8/internal/S70
instanceKlass sun/util/logging/PlatformLogger$Level
instanceKlass jdk/internal/logger/BootstrapLogger$LoggingBackend
instanceKlass com/android/tools/r8/internal/O40
instanceKlass com/android/tools/r8/internal/Vs
instanceKlass com/android/tools/r8/dex/W$a
instanceKlass java/util/stream/Collector$Characteristics
instanceKlass java/util/stream/StreamShape
instanceKlass java/util/stream/StreamOpFlag$Type
instanceKlass java/util/stream/StreamOpFlag
instanceKlass com/android/tools/r8/internal/B2
instanceKlass com/android/tools/r8/internal/ZV
instanceKlass java/nio/file/AccessMode
instanceKlass com/android/tools/r8/CompilationMode
instanceKlass com/android/tools/r8/internal/QJ$f
instanceKlass com/android/tools/r8/OutputMode
instanceKlass com/android/tools/r8/DiagnosticsLevel
instanceKlass java/math/RoundingMode
instanceKlass com/android/tools/r8/l
instanceKlass jdk/internal/icu/util/CodePointTrie$ValueWidth
instanceKlass jdk/internal/icu/util/CodePointTrie$Type
instanceKlass java/text/Normalizer$Form
instanceKlass java/time/temporal/ChronoUnit
instanceKlass java/time/temporal/ChronoField
instanceKlass java/util/regex/Pattern$Qtype
instanceKlass sun/security/util/DisabledAlgorithmConstraints$Constraint$Operator
instanceKlass java/lang/System$Logger$Level
instanceKlass sun/security/rsa/RSAUtil$KeyType
instanceKlass sun/security/util/KnownOIDs
instanceKlass java/lang/invoke/MethodHandles$Lookup$ClassOption
instanceKlass java/lang/invoke/VarHandle$AccessType
instanceKlass java/lang/invoke/VarHandle$AccessMode
instanceKlass java/lang/invoke/MethodHandleImpl$Intrinsic
instanceKlass java/lang/invoke/LambdaForm$BasicType
instanceKlass java/lang/invoke/LambdaForm$Kind
instanceKlass sun/invoke/util/Wrapper
instanceKlass java/util/zip/ZipCoder$Comparison
instanceKlass java/nio/file/LinkOption
instanceKlass sun/nio/fs/WindowsPathType
instanceKlass java/util/concurrent/TimeUnit
instanceKlass java/nio/file/StandardOpenOption
instanceKlass java/io/File$PathStatus
instanceKlass java/lang/module/ModuleDescriptor$Requires$Modifier
instanceKlass java/lang/reflect/AccessFlag$Location
instanceKlass java/lang/reflect/AccessFlag
instanceKlass java/lang/module/ModuleDescriptor$Modifier
instanceKlass java/lang/reflect/ClassFileFormatVersion
instanceKlass java/lang/Thread$State
ciInstanceKlass java/lang/Enum 1 1 204 9 7 12 1 1 1 9 12 1 1 10 7 12 1 1 1 9 12 1 10 7 12 1 1 1 100 1 10 10 12 1 1 10 12 1 7 1 10 10 7 12 1 1 10 12 1 1 18 12 1 1 10 100 12 1 1 1 10 12 1 1 11 7 12 1 1 1 100 1 8 1 10 12 1 100 1 7 1 10 8 1 10 12 1 1 10 12 1 1 8 1 10 12 1 10 100 1 8 1 10 10 12 1 1 10 100 12 1 1 1 7 1 7 1 7 1 1 1 1 1 1 1 1 1 1 1 1 1 1 1 1 1 1 1 1 1 1 1 1 1 1 1 1 1 1 1 1 1 1 1 1 1 1 1 1 1 1 1 1 1 1 1 3 1 1 1 1 100 1 7 1 1 100 1 1 1 1 1 1 1 1 1 1 1 16 15 10 12 16 15 10 100 12 1 1 1 1 1 100 1 100 1 1
ciInstanceKlass java/lang/reflect/Method 1 1 472 9 7 12 1 1 1 10 100 12 1 1 1 10 100 12 1 1 9 12 1 1 10 12 1 1 10 12 1 1 10 100 12 1 1 10 7 12 1 1 1 9 12 1 1 9 12 1 9 12 1 1 9 12 1 9 12 1 9 12 1 1 9 12 1 9 12 1 1 9 12 1 9 12 1 9 12 1 1 100 1 8 1 10 12 1 10 12 1 9 12 1 1 8 1 10 7 12 1 1 10 7 12 1 1 1 10 12 1 1 10 12 1 1 10 12 1 10 12 1 1 10 12 1 1 9 100 12 1 1 1 10 12 1 1 10 12 10 100 12 1 1 10 12 1 1 10 12 1 10 12 1 10 12 1 10 7 12 1 1 1 10 12 1 1 10 7 1 10 7 12 1 1 1 10 100 12 1 1 10 12 1 1 10 12 1 1 10 12 1 10 7 12 1 1 1 10 12 1 10 8 1 10 12 1 10 12 1 100 1 8 1 8 1 8 1 10 12 1 10 12 1 1 10 12 1 1 10 10 12 1 1 10 12 1 11 7 1 10 12 1 9 12 1 1 10 12 1 1 10 12 1 10 12 1 1 10 12 1 1 11 7 12 1 1 1 11 12 1 9 12 1 1 10 12 1 10 12 1 10 12 1 10 12 1 10 12 1 10 12 1 9 12 1 1 10 7 12 1 1 1 10 7 12 1 1 10 12 1 1 10 100 12 1 1 1 10 100 12 1 1 1 10 100 12 1 1 1 11 100 12 1 1 1 10 100 12 1 1 1 100 1 100 1 100 1 10 12 1 10 12 1 1 10 12 1 100 1 8 1 10 12 1 10 10 12 1 1 10 12 1 1 10 12 1 1 10 12 1 1 8 1 10 12 1 1 1 1 1 1 1 1 1 1 1 1 1 1 1 1 1 1 1 1 1 1 1 1 1 1 1 1 1 1 1 1 1 1 1 1 1 1 1 1 1 1 1 1 1 1 1 1 1 1 1 1 1 100 1 100 1 100 1 1 1 1 1 1 1 1 1 1 1 1 1 1 1 1 1 1 1 1 1 1 1 1 1 1 1 1 1 1
ciInstanceKlass java/lang/reflect/Field 1 1 457 9 7 12 1 1 1 10 12 1 1 10 100 12 1 1 1 10 100 12 1 1 9 12 1 1 10 12 1 1 10 12 1 1 10 100 12 1 1 10 7 12 1 1 1 9 12 1 1 9 12 1 9 12 1 9 12 1 1 9 12 1 1 9 12 1 9 12 1 1 9 12 1 1 100 1 8 1 10 12 1 10 12 1 9 12 1 1 9 12 1 10 12 1 10 7 12 1 1 10 12 1 1 10 12 1 1 10 12 1 10 12 1 1 9 100 12 1 1 1 10 100 12 1 1 1 100 1 10 12 1 1 10 12 1 1 10 12 1 1 10 12 1 10 12 1 10 7 1 10 7 12 1 1 7 1 10 8 1 10 12 1 1 10 12 1 1 8 1 10 12 10 12 1 8 1 8 1 10 11 7 1 9 12 1 10 12 1 1 10 12 1 1 11 7 12 1 1 1 10 12 1 11 12 1 1 11 12 1 1 11 12 1 1 11 12 1 1 11 12 1 1 11 12 1 1 11 12 1 1 11 12 1 1 11 12 1 1 11 12 1 1 11 12 1 1 11 12 1 1 11 12 1 1 11 12 1 1 11 12 1 1 11 12 1 1 11 12 1 1 10 12 1 10 7 12 1 1 10 12 1 10 12 1 10 12 1 9 12 1 1 10 100 12 1 1 1 10 12 1 1 10 12 1 10 100 12 1 1 10 12 1 1 11 7 1 10 12 1 7 1 10 100 12 1 1 1 10 100 12 1 1 1 9 12 1 10 100 12 1 1 1 11 100 12 1 1 1 10 12 1 1 10 12 1 1 9 100 12 1 1 10 100 12 1 1 1 10 12 1 1 7 1 1 1 1 1 1 1 1 1 1 1 1 1 1 1 1 1 1 1 1 1 1 1 1 1 1 1 1 1 1 1 1 1 1 1 1 1 1 1 100 1 1 1 1 1 1 1 1 1 1 1 1 1 1 1 1 1 1 1 1 1 1 1 1 1 1 1 1 1 1 1 1 7 1 1 1 1 1 1 1 1 1 100 1 1
ciInstanceKlass java/lang/reflect/Parameter 0 0 243 10 7 12 1 1 1 9 7 12 1 1 1 9 12 1 1 9 12 1 1 9 12 1 10 12 1 1 10 12 1 1 10 7 12 1 1 1 7 1 10 10 12 1 1 11 7 12 1 1 1 10 12 1 10 100 12 1 1 1 10 12 1 1 10 12 1 10 12 1 8 1 8 1 10 7 12 1 1 1 10 12 1 10 12 9 100 12 1 1 1 10 100 12 1 1 1 10 12 1 8 1 10 12 1 9 12 1 1 10 12 1 1 9 12 1 1 10 12 1 1 10 12 1 1 10 12 1 1 10 12 1 10 10 12 1 10 100 12 1 1 1 10 12 1 1 11 7 12 1 1 10 7 12 1 1 7 1 10 100 12 1 1 1 10 12 1 1 10 12 1 1 10 12 1 1 10 12 1 1 9 12 1 100 1 10 11 12 1 1 11 12 1 1 7 1 1 1 1 1 1 1 1 1 1 1 1 1 1 1 1 1 1 1 1 1 1 1 1 1 1 1 1 1 1 1 1 1 1 1 1 1 1 1 1 1 100 1 1 1 1 1 1
ciInstanceKlass java/lang/reflect/RecordComponent 0 0 196 10 7 12 1 1 1 9 7 12 1 1 1 9 12 1 1 9 12 1 10 12 1 1 10 12 1 1 10 100 12 1 1 1 10 12 1 1 9 12 1 1 10 12 1 1 10 12 1 1 10 12 1 10 100 12 1 1 10 100 12 1 1 9 12 1 1 10 100 12 1 1 1 11 100 12 1 1 1 10 9 100 12 1 1 1 10 100 12 1 1 1 9 12 1 1 10 100 12 1 1 1 10 12 1 1 11 7 12 1 1 10 7 12 1 1 7 1 9 12 1 9 12 1 1 9 12 1 10 100 12 1 1 1 10 12 1 1 10 12 1 1 7 1 10 10 12 1 10 12 1 1 8 1 10 12 1 10 12 1 9 12 1 7 1 1 1 1 1 1 1 1 1 1 1 1 1 1 1 1 1 1 1 1 1 1 7 1 1 1 1 1 1 100 1 1
ciInstanceKlass java/lang/StringBuffer 0 0 483 10 7 12 1 1 1 10 12 1 10 12 1 10 12 1 1 9 7 12 1 1 1 10 12 1 1 10 12 1 10 12 1 1 9 12 1 1 10 12 1 10 12 1 1 10 12 1 1 10 12 1 10 12 1 1 10 12 1 10 12 1 1 10 12 1 1 10 7 12 1 1 1 10 12 1 1 10 12 1 10 12 1 10 12 1 10 12 1 10 12 1 10 12 1 10 12 1 10 12 1 10 12 1 10 12 1 10 12 1 10 12 1 10 12 1 10 12 1 1 10 12 1 10 12 1 1 10 12 1 1 10 10 12 1 1 10 12 1 10 12 1 10 12 1 10 12 1 10 12 1 10 12 1 10 12 10 12 1 10 12 1 10 12 1 10 12 1 1 10 12 1 10 12 1 10 10 12 1 1 10 12 1 10 12 1 10 12 1 10 10 100 12 1 1 1 10 10 12 1 1 9 12 1 1 10 100 12 1 1 10 100 1 8 10 100 12 1 1 1 8 10 12 1 8 1 10 12 1 10 12 1 10 100 12 1 1 1 10 100 12 1 1 1 100 1 10 12 100 1 8 1 10 10 12 1 1 10 12 1 1 10 12 1 10 12 1 10 12 1 1 10 12 1 10 12 1 10 12 1 10 12 1 10 12 1 10 12 10 12 1 10 12 1 10 12 1 10 12 1 10 12 1 10 12 1 10 12 1 10 12 1 10 12 1 10 12 1 10 12 10 12 10 12 1 10 12 1 10 12 1 10 12 10 12 1 10 12 1 10 12 1 10 12 1 10 12 1 10 12 1 10 12 1 10 12 1 10 12 1 10 12 1 10 12 1 100 1 10 12 1 9 7 12 1 1 1 9 7 1 9 12 1 1 7 1 7 1 7 1 7 1 1 1 1 5 0 1 1 1 1 1 1 1 1 1 1 1 1 1 1 1 1 1 1 1 1 1 1 1 1 1 1 1 1 1 1 1 1 1 1 1 1 1 1 1 1 1 1 1 1 1 1 1 1 1 1 1 1 1 1 1 1 1 1 1 1 1 100 1 1 1 1 1 7 1 1 1 1 1 1 1 1 1 1 1 1 1 1 1 1 1 1
instanceKlass jdk/internal/loader/BuiltinClassLoader
ciInstanceKlass java/security/SecureClassLoader 1 1 102 10 7 12 1 1 1 7 1 10 12 1 9 7 12 1 1 1 10 12 1 10 12 1 10 12 1 1 10 12 1 1 10 12 1 7 1 10 7 1 10 12 1 7 1 10 12 1 11 7 12 1 1 1 7 1 11 12 1 10 12 1 1 1 1 1 1 1 1 1 1 1 1 1 1 1 1 1 1 1 1 1 1 1 1 1 1 1 1 1 1 1 1 1 1 1 1 100 1 1 1 1
ciInstanceKlass java/util/jar/Manifest 1 1 339 10 7 12 1 1 1 7 1 10 9 7 12 1 1 1 7 1 10 9 12 1 1 9 12 1 1 10 12 1 10 12 1 1 10 12 1 1 10 12 1 1 10 12 1 1 11 7 1 11 12 1 1 10 12 1 1 10 100 12 1 1 1 100 1 7 1 10 8 1 10 12 1 1 10 12 1 1 10 12 1 10 12 1 11 100 1 10 12 1 10 12 1 1 11 12 1 1 10 12 1 11 12 1 1 11 100 12 1 1 1 11 7 12 1 1 11 12 1 1 100 1 10 12 1 8 1 11 12 1 7 1 10 12 1 1 11 12 1 10 12 1 10 12 1 10 7 12 1 1 1 8 1 10 12 1 1 10 9 7 12 1 1 1 10 12 1 1 10 100 12 1 10 12 1 10 12 1 9 100 12 1 1 1 8 1 10 12 1 8 1 8 1 7 1 10 12 1 10 12 1 10 12 1 1 100 1 8 1 10 12 1 1 8 1 10 10 12 1 1 8 1 10 12 1 1 10 7 12 1 1 1 10 12 1 10 11 12 1 1 10 12 1 10 7 12 1 1 1 10 12 1 1 10 12 1 10 12 1 1 11 10 12 1 11 10 12 1 7 1 1 1 1 1 1 1 1 1 1 1 1 1 1 1 1 1 1 1 1 1 1 1 1 1 1 1 1 1 1 1 1 1 1 1 1 1 1 1 1 1 1 1 100 1 1 1 1 1 1 1 1 1 1 1 1 1 1 7 1 1 1 1 1 1 1 1 1 1 1
ciInstanceKlass java/io/ByteArrayInputStream 1 1 117 10 7 12 1 1 1 9 7 12 1 1 1 9 12 1 1 9 12 1 9 12 1 10 100 12 1 1 1 10 7 12 1 1 1 10 7 12 1 1 1 10 100 12 1 1 1 10 12 1 1 3 10 100 1 10 100 12 1 1 1 9 12 1 1 100 1 10 10 7 12 1 1 1 1 1 1 1 1 1 1 1 1 1 1 1 1 1 1 1 1 1 1 1 1 1 1 1 1 1 1 1 100 1 1 1 1 1 1 1 1 1 1 1 1 1 1
staticfield java/io/ByteArrayInputStream $assertionsDisabled Z 1
instanceKlass java/nio/IntBuffer
instanceKlass java/nio/LongBuffer
instanceKlass java/nio/CharBuffer
instanceKlass java/nio/ByteBuffer
ciInstanceKlass java/nio/Buffer 1 1 256 100 1 10 7 12 1 1 1 9 7 12 1 1 1 9 12 1 9 12 1 1 9 12 1 9 12 1 1 10 12 1 1 10 12 1 1 10 12 100 1 7 1 10 8 1 10 12 1 1 10 12 1 8 1 8 1 10 12 1 1 10 12 1 8 1 9 12 1 1 100 1 8 1 10 12 1 8 1 8 1 9 12 10 12 1 8 1 8 1 8 1 10 12 1 8 1 8 1 8 1 100 1 10 100 1 10 100 1 10 9 12 1 1 10 7 12 1 1 1 100 1 10 12 1 1 10 12 1 10 100 12 1 1 10 7 12 1 1 1 10 7 12 1 1 1 9 12 1 1 10 7 12 1 1 1 9 12 1 1 7 1 10 10 12 1 1 7 1 10 10 7 12 1 1 1 1 1 3 1 1 1 1 1 1 1 1 1 1 1 1 1 1 100 1 1 1 1 1 1 1 7 1 1 1 1 1 1 1 1 1 1 1 1 1 1 1 1 1 1 1 1 1 1 1 1 1 1 1 1 1 1 1 1 1 1 1 1 1 1 1 100 1 100 1 100 1 100 1 100 1 100 1 100 1 1
staticfield java/nio/Buffer UNSAFE Ljdk/internal/misc/Unsafe; jdk/internal/misc/Unsafe
staticfield java/nio/Buffer SCOPED_MEMORY_ACCESS Ljdk/internal/misc/ScopedMemoryAccess; jdk/internal/misc/ScopedMemoryAccess
staticfield java/nio/Buffer IOOBE_FORMATTER Ljava/util/function/BiFunction; jdk/internal/util/Preconditions$4
staticfield java/nio/Buffer $assertionsDisabled Z 1
ciInstanceKlass java/util/Objects 1 1 184 10 7 12 1 1 1 100 1 8 1 10 12 1 10 12 1 1 10 7 12 1 1 1 10 12 1 1 10 12 1 10 7 12 1 1 1 10 12 1 1 10 7 12 1 1 1 7 1 10 10 12 1 1 10 7 12 1 1 10 12 1 1 8 1 10 7 12 1 1 1 10 7 12 1 1 1 10 11 100 12 1 1 1 100 1 10 10 12 1 8 1 10 12 1 8 1 100 1 11 12 1 1 8 1 10 7 12 1 1 1 10 12 1 1 10 12 1 10 12 1 10 12 1 10 12 1 1 1 1 1 1 1 1 1 1 1 1 1 1 1 1 1 1 1 1 1 1 1 1 1 1 1 1 1 1 1 1 1 1 1 1 1 1 1 1 1 1 1 1 1 1 1 1 1 1 1 1 1 1 1 1 1 1
ciMethod java/util/Objects requireNonNull (Ljava/lang/Object;)Ljava/lang/Object; 640 0 4200733 0 -1
instanceKlass java/util/Collections$CopiesList
instanceKlass java/util/Collections$SingletonList
instanceKlass java/util/ArrayList$SubList
instanceKlass java/util/Vector
instanceKlass sun/security/jca/ProviderList$ServiceList
instanceKlass java/util/Arrays$ArrayList
instanceKlass sun/security/jca/ProviderList$3
instanceKlass java/util/AbstractSequentialList
instanceKlass java/util/Collections$EmptyList
instanceKlass java/util/ArrayList
ciInstanceKlass java/util/AbstractList 1 1 218 10 7 12 1 1 1 9 7 12 1 1 1 10 12 1 1 10 12 1 1 100 1 10 10 12 1 1 11 100 12 1 1 1 11 12 1 1 11 12 1 10 7 12 1 1 1 10 12 1 11 12 1 11 12 1 11 12 1 10 12 1 1 10 12 1 1 11 7 12 1 1 1 11 7 1 11 100 1 10 12 1 100 1 10 12 1 10 12 1 1 7 1 100 1 10 12 1 100 1 10 100 1 7 1 10 8 1 10 12 1 1 10 12 1 10 12 1 1 10 12 1 8 1 100 1 8 1 8 1 8 1 10 7 1 11 10 10 12 1 11 12 1 10 12 1 1 8 1 8 1 1 1 1 1 1 1 1 1 1 1 1 1 1 1 1 1 1 1 1 1 1 1 1 1 1 1 1 1 1 1 1 1 1 1 1 1 1 1 1 1 1 1 1 1 1 1 1 1 1 1 1 1 1 1 1 1 1 100 1 100 1 1 1 1 1 1 1
ciInstanceKlass java/util/List 1 1 251 10 100 12 1 1 1 11 100 12 1 1 1 11 100 12 1 1 1 11 12 1 1 11 100 12 1 1 11 12 1 1 11 12 1 1 10 100 12 1 1 1 100 1 100 1 10 12 1 1 100 1 10 100 12 1 1 1 11 12 1 1 11 12 1 11 12 1 100 1 10 12 1 11 12 1 1 11 12 1 1 11 12 1 10 100 12 1 1 1 9 7 12 1 1 1 7 1 10 12 10 12 1 7 1 10 12 1 1 10 12 1 10 12 1 1 11 12 1 1 100 1 1 1 1 1 1 1 1 1 1 1 1 1 1 1 1 1 1 1 1 1 1 1 1 1 1 1 1 1 1 1 1 1 1 1 1 1 1 1 1 1 1 1 1 100 1 100 1 1 1 1 1 1 1 1 1 1 1 1 1 1 1 1 1 1 1 1 1 1 1 1 1 1 1 1 1 1 1 1 1 1 1 1 1 1 1 1 1 1 1 1 1 1 1 1 1 1 1 1 1 1 1 1 1 1 1 1 1 1 1 1 1 1 1 1 1 1 1 1 1 1 1 1 100 1 1 100 1 1 1
ciInstanceKlass java/util/SequencedCollection 1 1 109 100 1 10 12 1 1 11 7 12 1 1 1 11 7 12 1 1 1 11 12 1 1 11 12 1 7 1 7 1 1 1 1 1 1 1 1 1 1 1 1 1 1 1 1 1 1 1 1 1 1 1 1 1 1 1 1 1 100 1 8 1 1 12 10 1 1 1 8 1 1 1 8 1 1 1 8 1 1 1 8 1 1 8 1 1 1 8 1 1 8 1 1 1 8 1 1 8 1 1 1 8 1 1 8 1 1 8 1
ciInstanceKlass java/util/Collection 1 1 115 11 100 12 1 1 1 100 1 11 7 12 1 1 1 10 7 12 1 1 1 11 12 1 1 11 7 12 1 1 1 11 12 1 1 11 7 12 1 1 1 11 12 1 1 10 100 12 1 1 1 11 12 1 10 7 12 1 1 1 100 1 100 1 1 1 1 1 1 1 1 1 1 1 1 1 1 1 1 1 1 1 1 1 1 1 1 1 1 1 1 1 1 1 1 1 1 1 1 1 1 1 1 1 1 1 1 1 1 1 1 1 1 1 1
ciInstanceKlass java/lang/Iterable 1 1 62 10 7 12 1 1 1 11 7 12 1 1 1 11 7 12 1 1 1 11 12 1 1 11 7 12 1 1 1 10 100 12 1 1 1 100 1 1 1 1 1 1 1 1 1 1 1 1 1 1 1 1 1 1 1 1 1 1 1 1 1 1
ciMethod java/util/List size ()I 0 0 1 0 -1
ciMethod java/util/List get (I)Ljava/lang/Object; 0 0 1 0 -1
ciMethod java/util/List clear ()V 0 0 1 0 -1
ciMethod java/util/List iterator ()Ljava/util/Iterator; 0 0 1 0 -1
ciMethod java/util/List addAll (Ljava/util/Collection;)Z 0 0 1 0 -1
ciMethod java/util/Collection stream ()Ljava/util/stream/Stream; 4098 0 25932 0 832
ciMethod java/lang/Iterable forEach (Ljava/util/function/Consumer;)V 4312 10802 18126 0 -1
instanceKlass com/android/tools/r8/internal/x0
instanceKlass com/android/tools/r8/internal/V0
instanceKlass java/util/IdentityHashMap$Values
instanceKlass com/android/tools/r8/internal/W
instanceKlass com/android/tools/r8/internal/y1
instanceKlass com/android/tools/r8/internal/b1
instanceKlass java/util/AbstractQueue
instanceKlass java/util/HashMap$Values
instanceKlass com/android/tools/r8/internal/kC
instanceKlass java/util/LinkedHashMap$LinkedValues
instanceKlass java/util/ArrayDeque
instanceKlass java/util/AbstractSet
instanceKlass java/util/ImmutableCollections$AbstractImmutableCollection
instanceKlass java/util/AbstractList
ciInstanceKlass java/util/AbstractCollection 1 1 160 10 7 12 1 1 1 10 7 12 1 1 1 10 12 1 1 11 7 12 1 1 1 11 12 1 1 10 12 1 1 10 100 12 1 1 1 10 12 1 1 10 12 1 1 10 7 12 1 1 10 7 12 1 1 1 7 1 10 7 12 1 1 1 10 100 12 1 1 1 100 1 10 11 12 1 11 7 1 10 12 1 10 12 1 10 7 12 1 1 1 11 8 1 7 1 10 10 12 1 1 8 1 10 12 1 10 12 1 1 1 1 1 1 1 1 1 1 1 1 1 1 1 1 1 1 1 1 1 1 1 1 1 1 1 1 1 1 1 1 1 1 1 1 1 1 1 1 1 1 1 1 1 1 1 1 1 1 1 1
ciMethod java/util/AbstractCollection iterator ()Ljava/util/Iterator; 0 0 1 0 -1
ciMethod java/util/AbstractCollection removeAll (Ljava/util/Collection;)Z 4368 14486 5318 0 -1
ciMethod java/util/Collection spliterator ()Ljava/util/Spliterator; 0 0 1 0 -1
ciMethod java/util/AbstractCollection <init> ()V 682 0 6799002 0 80
ciMethod java/util/AbstractList <init> ()V 1024 0 3385655 0 88
ciInstanceKlass java/lang/AssertionStatusDirectives 0 0 24 10 100 12 1 1 1 100 1 1 1 1 1 1 1 1 1 1 1 1 1 1 1 1
instanceKlass com/android/tools/r8/graph/v4
instanceKlass com/android/tools/r8/internal/cw0
instanceKlass com/android/tools/r8/internal/hw0
instanceKlass com/android/tools/r8/internal/ML
instanceKlass com/android/tools/r8/internal/Wv0
instanceKlass com/android/tools/r8/internal/lK
instanceKlass java/util/ConcurrentModificationException
instanceKlass java/util/NoSuchElementException
instanceKlass java/lang/IndexOutOfBoundsException
instanceKlass com/android/tools/r8/internal/mK
instanceKlass com/android/tools/r8/internal/g
instanceKlass com/android/tools/r8/internal/Qf
instanceKlass java/lang/UnsupportedOperationException
instanceKlass java/io/UncheckedIOException
instanceKlass java/lang/IllegalStateException
instanceKlass com/android/tools/r8/internal/zv
instanceKlass com/android/tools/r8/internal/J8
instanceKlass java/lang/IllegalArgumentException
instanceKlass java/lang/ArithmeticException
instanceKlass java/lang/NullPointerException
instanceKlass java/lang/IllegalMonitorStateException
instanceKlass java/lang/ArrayStoreException
instanceKlass java/lang/ClassCastException
ciInstanceKlass java/lang/RuntimeException 1 1 40 10 7 12 1 1 1 10 12 1 10 12 1 10 12 1 10 12 1 100 1 1 1 1 5 0 1 1 1 1 1 1 1 1 1 1 1 1 1 1
instanceKlass java/util/stream/Collectors$CollectorImpl
instanceKlass java/security/SecureClassLoader$CodeSourceKey
instanceKlass sun/security/pkcs/SignerInfo$AlgorithmInfo
instanceKlass jdk/internal/misc/ThreadTracker$ThreadRef
instanceKlass jdk/internal/reflect/ReflectionFactory$Config
instanceKlass jdk/internal/foreign/abi/UpcallLinker$CallRegs
instanceKlass jdk/internal/foreign/abi/VMStorage
ciInstanceKlass java/lang/Record 1 1 22 10 7 12 1 1 1 100 1 1 1 1 1 1 1 1 1 1 1 1 1 1
ciInstanceKlass java/lang/invoke/MethodType 1 1 780 7 1 10 7 12 1 1 1 9 12 1 1 9 12 1 1 9 12 1 1 10 7 12 1 1 1 9 7 12 1 1 8 1 10 100 12 1 1 1 9 7 1 9 7 1 10 12 1 1 7 1 10 8 1 10 12 1 1 10 12 1 10 12 1 1 7 1 8 1 10 12 1 100 1 10 10 12 1 10 12 1 1 10 12 1 1 11 7 12 1 1 1 9 12 1 11 12 1 1 7 10 12 1 1 10 12 1 1 7 1 7 1 10 7 12 1 1 1 10 12 1 10 12 1 9 12 1 1 10 7 12 1 1 10 12 1 1 10 7 12 1 1 1 10 7 12 1 1 1 10 12 1 9 12 1 1 10 12 1 1 10 12 1 1 10 12 1 1 10 12 1 1 10 12 1 1 10 12 1 10 12 1 10 12 1 1 10 12 1 8 1 8 1 10 12 1 1 9 12 1 1 100 1 10 10 12 1 1 10 12 1 10 12 1 1 10 12 1 1 10 12 1 10 12 1 10 12 1 8 1 10 12 1 1 10 100 12 1 1 1 10 12 1 10 12 1 1 10 12 1 10 12 1 10 12 1 1 10 12 1 10 12 1 9 12 1 10 12 1 10 10 12 1 1 10 12 1 9 12 1 1 10 12 1 1 11 12 1 1 10 12 1 1 10 12 1 10 12 1 100 1 8 1 8 1 8 1 10 12 1 10 12 1 10 12 1 1 10 10 12 1 11 12 1 1 11 12 1 10 100 12 1 1 1 9 12 1 10 12 1 10 12 1 1 10 12 1 1 10 12 1 10 12 1 10 100 12 1 1 1 10 12 1 1 10 12 1 10 12 1 10 12 1 10 9 12 1 1 7 1 10 12 1 10 12 1 1 9 100 12 1 1 1 10 7 12 1 1 1 10 7 12 1 1 1 10 12 1 1 10 7 12 1 1 1 10 12 1 1 8 1 10 7 12 1 1 1 11 12 1 1 9 12 1 1 10 12 1 1 10 12 1 10 12 1 1 10 12 1 1 10 100 12 1 1 100 1 10 12 1 1 11 100 12 1 1 18 12 1 1 11 12 1 1 18 12 1 11 12 1 100 1 11 100 12 1 1 10 12 1 100 1 10 12 1 10 100 12 1 1 10 12 1 1 9 12 1 1 9 100 12 1 1 1 10 7 12 1 1 1 9 12 1 10 100 12 1 1 10 12 1 100 10 12 1 1 10 12 1 7 1 10 10 12 1 1 7 1 7 1 9 12 1 1 7 1 7 1 7 1 1 1 5 0 1 1 1 1 1 1 1 3 1 3 1 3 1 1 1 1 1 1 1 1 1 1 1 1 1 1 1 1 1 1 1 1 1 1 1 1 1 1 1 1 1 1 1 1 1 1 1 1 1 1 1 1 1 1 1 1 1 1 1 1 1 1 1 1 1 1 1 1 1 1 1 1 1 1 1 1 1 1 1 1 1 1 1 1 1 1 1 1 1 1 1 1 1 1 1 1 1 1 1 1 1 1 1 1 1 1 1 1 1 1 1 1 1 1 1 1 1 1 1 1 1 1 1 1 1 1 1 1 1 1 1 1 1 1 1 1 1 1 1 1 1 1 100 1 100 1 1 1 1 1 1 1 1 1 1 1 1 1 100 1 1 1 7 1 1 1 1 1 1 1 1 1 1 1 1 1 1 1 1 1 1 1 1 1 1 16 15 10 12 16 16 15 10 12 16 15 10 100 12 1 1 1 1 1 7 1 1 7 1 1 100 1 100 1 1
staticfield java/lang/invoke/MethodType internTable Ljdk/internal/util/ReferencedKeySet; jdk/internal/util/ReferencedKeySet
staticfield java/lang/invoke/MethodType NO_PTYPES [Ljava/lang/Class; 0 [Ljava/lang/Class;
staticfield java/lang/invoke/MethodType objectOnlyTypes [Ljava/lang/invoke/MethodType; 20 [Ljava/lang/invoke/MethodType;
staticfield java/lang/invoke/MethodType METHOD_HANDLE_ARRAY [Ljava/lang/Class; 1 [Ljava/lang/Class;
staticfield java/lang/invoke/MethodType serialPersistentFields [Ljava/io/ObjectStreamField; 0 [Ljava/io/ObjectStreamField;
staticfield java/lang/invoke/MethodType $assertionsDisabled Z 1
ciInstanceKlass java/lang/invoke/TypeDescriptor$OfMethod 1 0 43 100 1 100 1 100 1 1 1 1 1 1 1 1 1 1 1 1 1 1 1 1 1 1 1 1 1 1 1 1 1 1 1 1 1 1 1 1 1 1 100 1 1
instanceKlass java/lang/NoSuchFieldException
instanceKlass java/lang/NoSuchMethodException
instanceKlass java/lang/ClassNotFoundException
ciInstanceKlass java/lang/ReflectiveOperationException 0 0 34 10 100 12 1 1 1 10 12 1 10 12 1 10 12 1 100 1 1 1 1 5 0 1 1 1 1 1 1 1 1 1 1 1
instanceKlass java/lang/invoke/DelegatingMethodHandle
instanceKlass java/lang/invoke/BoundMethodHandle
instanceKlass java/lang/invoke/DirectMethodHandle
ciInstanceKlass java/lang/invoke/MethodHandle 1 1 733 100 1 9 7 12 1 1 1 10 7 12 1 1 1 10 7 12 1 1 1 7 1 7 1 10 12 1 1 9 12 1 1 10 12 1 10 12 1 1 10 12 1 1 10 100 12 1 1 1 10 12 1 1 10 12 1 1 11 7 12 1 1 1 10 12 1 1 10 12 1 10 12 1 10 12 1 1 9 12 1 1 9 12 1 1 10 7 12 1 1 1 10 12 1 1 10 12 1 10 12 1 100 1 7 1 10 8 1 10 12 1 1 10 12 1 8 1 10 12 1 1 10 12 1 10 7 12 1 1 1 10 12 1 1 10 12 1 1 10 12 1 1 10 7 12 1 1 1 10 12 1 1 10 12 1 1 10 12 1 10 12 1 1 10 7 12 1 1 10 7 12 1 1 10 12 1 10 12 1 10 12 1 1 10 12 1 1 10 12 1 1 10 12 1 1 10 7 12 1 1 1 10 100 12 1 1 1 10 12 1 1 10 12 1 1 10 12 1 1 8 1 10 7 12 1 1 1 8 1 10 12 1 10 12 1 1 10 12 1 1 10 12 1 8 1 10 12 1 1 8 1 10 12 1 8 1 10 7 12 1 1 1 9 12 1 1 100 1 10 9 7 12 1 1 1 9 7 1 8 1 10 12 1 1 10 12 1 10 12 1 1 10 12 1 10 12 1 1 10 12 1 10 12 1 1 10 12 1 10 12 1 1 10 12 1 1 8 1 10 12 1 1 8 1 10 12 1 10 12 1 1 10 12 1 10 12 1 10 12 1 1 9 100 12 1 1 1 10 12 1 1 11 12 1 10 12 1 10 12 1 1 10 100 12 1 1 100 1 11 12 1 10 100 1 11 12 1 7 1 10 12 1 11 12 1 9 100 12 1 1 1 11 12 1 1 11 100 12 1 1 1 10 12 1 1 9 12 1 11 12 1 9 12 1 9 12 1 9 12 1 11 12 1 1 9 12 1 9 12 1 9 12 1 9 12 1 9 12 1 9 12 1 9 12 1 8 1 10 12 1 10 12 1 8 1 10 12 1 10 12 1 10 12 1 1 10 10 10 7 12 1 1 10 12 1 1 100 1 100 1 8 1 8 1 10 10 12 1 1 10 12 1 10 12 1 7 1 10 100 12 1 1 1 10 9 7 12 1 1 1 10 12 1 1 10 12 1 1 8 1 8 1 10 7 12 1 1 9 12 1 9 12 1 1 9 12 1 1 10 12 1 7 1 10 12 1 10 12 1 1 9 12 1 1 9 12 1 1 10 7 12 1 1 1 11 7 12 1 1 9 12 1 10 12 1 1 9 12 1 10 12 1 8 10 12 1 1 8 1 1 1 1 1 1 1 1 7 1 1 1 1 1 1 1 1 1 1 1 1 1 1 1 1 1 1 1 1 1 1 1 1 1 1 1 1 1 1 100 1 1 1 1 1 1 1 1 1 1 1 1 1 1 1 1 1 1 1 1 1 1 1 1 1 1 1 1 1 1 1 1 1 1 1 1 1 1 1 1 1 1 1 1 1 1 1 1 1 1 1 1 1 1 1 1 1 1 1 1 1 1 1 1 1 1 1 1 1 1 1 1 1 1 1 1 1 1 1 1 1 1 1 1 1 1 100 1 1 100 1 7 1 100 1 1 100 1 1 100 1 1 1 1
staticfield java/lang/invoke/MethodHandle FORM_OFFSET J 20
staticfield java/lang/invoke/MethodHandle UPDATE_OFFSET J 13
staticfield java/lang/invoke/MethodHandle $assertionsDisabled Z 1
ciInstanceKlass java/util/concurrent/ConcurrentHashMap 1 1 1210 7 1 7 1 3 10 12 1 1 3 7 1 10 7 12 1 1 1 7 1 10 7 12 1 1 1 7 1 11 12 1 1 11 12 1 11 12 1 1 9 12 1 1 9 12 1 1 9 12 1 10 7 12 1 1 1 7 1 10 12 1 1 10 12 1 1 10 7 12 1 1 1 4 10 12 1 9 12 1 10 12 1 1 100 1 10 5 0 10 12 1 10 12 1 1 5 0 10 12 1 1 10 12 1 9 12 1 1 10 12 1 1 9 12 1 9 12 1 1 10 12 1 1 9 12 1 10 12 1 1 9 12 1 1 10 12 1 1 100 1 10 7 1 10 12 1 10 12 1 1 10 12 1 1 10 12 1 1 10 12 1 10 12 1 1 10 12 1 1 7 1 10 12 1 1 7 1 100 1 8 1 10 12 1 10 12 1 1 10 12 1 1 11 7 12 1 1 10 12 1 1 11 12 1 1 11 7 12 1 1 1 11 7 12 1 1 1 11 12 1 7 1 11 12 1 11 12 1 10 12 1 1 10 12 1 1 9 12 1 1 10 7 12 1 1 1 9 10 12 1 1 9 12 1 10 12 1 1 5 0 9 12 1 1 7 1 10 12 1 9 12 1 1 7 1 10 12 1 9 12 1 7 1 10 7 1 10 10 12 1 1 8 1 10 12 1 10 12 1 1 11 100 1 10 12 1 10 100 12 1 1 1 8 1 10 100 12 1 1 1 8 1 10 12 1 8 1 10 12 1 10 12 1 1 10 100 12 1 1 10 12 1 10 12 1 10 12 1 9 12 1 9 10 12 1 9 12 1 1 11 7 12 1 1 1 11 7 12 1 1 1 100 1 10 12 11 100 12 1 1 10 11 7 12 1 10 12 1 100 1 10 12 1 100 1 10 10 9 7 12 1 1 1 10 12 3 10 7 12 1 1 9 12 1 10 12 1 1 9 12 1 1 9 12 1 10 12 1 1 10 7 12 1 1 9 12 1 9 7 12 1 1 10 12 1 1 10 12 1 3 9 12 1 9 12 1 10 12 1 1 7 1 9 3 9 12 1 7 1 10 12 1 9 12 1 10 12 1 9 12 1 10 12 1 9 12 1 10 100 12 1 1 1 100 10 12 1 7 1 5 0 10 100 12 1 1 100 1 10 12 1 1 10 12 1 10 12 1 100 1 10 12 1 10 100 1 100 1 10 10 12 1 10 100 1 10 12 1 10 100 1 10 12 1 10 7 1 10 12 1 1 100 1 10 12 1 10 10 12 1 100 1 10 12 1 10 10 12 1 100 1 10 12 1 10 100 1 10 12 1 10 100 1 10 12 1 10 100 1 10 12 1 10 100 1 10 12 1 10 100 1 10 12 1 10 100 1 10 12 1 10 100 1 10 12 1 10 100 1 10 10 100 1 10 10 100 1 10 10 100 1 10 12 1 10 100 1 10 12 1 10 100 1 10 12 1 10 100 1 10 12 1 10 100 1 10 12 1 10 100 1 10 10 100 1 10 10 100 1 10 10 100 1 10 12 1 10 100 1 10 12 1 10 100 1 10 12 1 10 100 1 10 12 1 10 100 1 10 12 1 10 10 12 1 10 7 12 1 1 1 10 12 1 7 1 7 1 10 12 1 9 12 1 1 9 12 1 1 10 12 1 1 8 10 12 1 1 8 8 8 8 7 10 12 1 1 10 12 1 100 1 8 1 10 7 1 7 1 7 1 1 1 5 0 1 1 3 1 3 1 1 1 1 3 1 3 1 3 1 1 1 1 1 3 1 3 1 3 1 1 1 1 1 1 1 1 1 1 1 1 1 1 1 1 1 1 1 1 1 1 1 1 1 100 1 1 1 1 1 1 1 1 1 1 1 1 1 1 1 1 1 1 1 1 1 1 1 1 1 1 1 1 1 1 1 1 1 1 1 1 1 1 1 1 1 1 1 1 1 1 1 1 1 1 1 1 1 1 1 1 1 1 1 1 1 1 1 1 1 1 1 1 1 1 1 1 1 1 1 1 1 1 1 1 1 1 1 1 100 1 1 1 1 1 1 1 1 1 1 1 7 1 1 1 1 1 1 1 1 1 1 1 1 1 1 1 1 1 1 1 1 1 1 1 1 1 1 1 1 1 1 1 1 1 1 1 1 1 1 1 1 1 1 1 1 1 1 1 1 1 1 1 1 1 1 1 1 1 1 1 1 1 1 1 1 1 1 1 1 1 1 1 1 1 1 1 1 1 1 1 1 1 1 1 1 1 1 1 1 1 1 1 1 1 1 1 1 1 1 1 1 1 1 1 1 1 1 1 1 1 1 1 1 1 1 1 1 1 1 1 1 1 1 1 1 1 1 1 1 1 1 1 1 1 1 1 1 1 1 1 1 1 1 1 1 1 1 1 1 1 1 1 1 1 1 1 1 1 1 1 1 1 1 1 1 1 1 1 1 1 1 1 1 1 1 1 1 1 1 1 1 1 1 1 1 1 1 1 1 1 1 1 1 1 1 1 1 1 1 1 1 1 1 1 1 1 1 1 1 1 1 1 1 1 1 1 1 1 1 1 1 1 1 1 100 1 100 1 100 1 100 1 100 1 100 1 100 1 100 1 100 1 1 1 1 1 1 1 1 1 1 1 1 1 1 1 1 1 1 1 1 1 1 1 1 1 1 1 1 1 1 1 1 1 1 1 1 1 1 1 1 1 1 1 1 1 1 1 1 1 1 1 1 1 1 1 1 1 1
staticfield java/util/concurrent/ConcurrentHashMap NCPU I 8
staticfield java/util/concurrent/ConcurrentHashMap serialPersistentFields [Ljava/io/ObjectStreamField; 3 [Ljava/io/ObjectStreamField;
staticfield java/util/concurrent/ConcurrentHashMap U Ljdk/internal/misc/Unsafe; jdk/internal/misc/Unsafe
staticfield java/util/concurrent/ConcurrentHashMap SIZECTL J 20
staticfield java/util/concurrent/ConcurrentHashMap TRANSFERINDEX J 32
staticfield java/util/concurrent/ConcurrentHashMap BASECOUNT J 24
staticfield java/util/concurrent/ConcurrentHashMap CELLSBUSY J 36
staticfield java/util/concurrent/ConcurrentHashMap CELLVALUE J 144
staticfield java/util/concurrent/ConcurrentHashMap ABASE I 16
staticfield java/util/concurrent/ConcurrentHashMap ASHIFT I 2
instanceKlass java/util/EnumMap
instanceKlass com/android/tools/r8/internal/cW
instanceKlass java/util/TreeMap
instanceKlass java/util/IdentityHashMap
instanceKlass java/util/WeakHashMap
instanceKlass java/util/Collections$EmptyMap
instanceKlass sun/util/PreHashedMap
instanceKlass java/util/HashMap
instanceKlass java/util/ImmutableCollections$AbstractImmutableMap
instanceKlass java/util/concurrent/ConcurrentHashMap
ciInstanceKlass java/util/AbstractMap 1 1 196 10 7 12 1 1 1 10 7 12 1 1 1 11 7 12 1 1 1 10 11 12 1 1 11 7 12 1 1 1 11 12 1 1 7 1 11 12 1 10 12 1 1 11 12 1 100 1 10 11 12 1 11 7 1 10 12 1 1 11 12 1 9 12 1 1 7 1 10 12 1 9 12 1 1 100 1 10 11 11 12 1 1 11 12 1 7 1 100 1 11 12 1 8 1 7 1 10 10 12 1 1 8 1 10 12 1 10 12 1 1 10 12 1 1 1 1 1 1 1 1 1 1 1 1 1 1 1 1 1 1 1 1 1 1 1 1 1 1 1 1 1 1 1 1 1 1 1 1 1 1 1 1 7 1 1 1 1 1 1 1 7 1 1 1 1 1 1 1 1 1 100 1 1 1 1 1 1 1 1 1 100 1 100 1 100 1 100 1 100 1 1 1 1 1 1
ciInstanceKlass java/util/concurrent/ConcurrentMap 1 1 208 11 7 12 1 1 1 10 100 12 1 1 11 12 1 1 11 100 12 1 1 1 11 7 12 1 1 1 11 12 1 1 100 1 11 12 1 11 12 1 100 1 11 100 12 1 1 1 18 12 1 11 12 1 1 11 100 12 1 1 11 12 1 1 11 100 12 1 11 12 1 1 11 12 1 1 7 1 7 1 1 1 1 1 1 1 1 1 1 1 1 1 1 1 1 1 1 1 1 1 1 1 1 1 1 1 1 1 1 1 1 1 1 1 1 1 1 1 1 1 1 1 1 1 1 1 1 1 1 1 1 1 1 1 1 1 1 1 1 16 15 11 12 15 10 100 12 1 1 1 1 1 100 1 100 1 1 1 100 1 8 1 1 12 10 1 1 1 8 1 1 1 8 1 1 8 1 1 1 8 1 1 1 8 1 1 1 8 1 1 1 8 1 1 1 8 1 1 1 8 1 1 1 8 1 1 8 1
ciInstanceKlass jdk/internal/loader/ClassLoaders 1 1 183 10 7 12 1 1 1 10 7 12 1 1 1 10 12 1 1 10 100 12 1 1 1 9 7 12 1 1 1 9 12 1 1 9 12 1 1 7 1 11 100 12 1 1 1 100 1 11 12 1 1 11 12 1 1 10 100 12 1 1 1 10 100 12 1 1 1 100 1 100 1 10 7 12 1 1 1 9 12 1 1 10 12 1 1 7 1 10 12 1 1 10 12 1 7 1 8 1 10 7 12 1 1 1 10 12 1 1 7 1 10 12 1 10 12 1 10 12 1 8 1 10 7 12 1 1 8 1 8 1 10 12 1 7 1 10 12 1 10 12 1 10 12 1 1 1 1 1 1 1 1 1 1 1 1 1 1 1 1 1 1 1 1 7 1 1 1 1 1 1 1 1 1 1 1 1 1 1 1 1 1 1 1
staticfield jdk/internal/loader/ClassLoaders JLA Ljdk/internal/access/JavaLangAccess; java/lang/System$2
staticfield jdk/internal/loader/ClassLoaders BOOT_LOADER Ljdk/internal/loader/ClassLoaders$BootClassLoader; jdk/internal/loader/ClassLoaders$BootClassLoader
staticfield jdk/internal/loader/ClassLoaders PLATFORM_LOADER Ljdk/internal/loader/ClassLoaders$PlatformClassLoader; jdk/internal/loader/ClassLoaders$PlatformClassLoader
staticfield jdk/internal/loader/ClassLoaders APP_LOADER Ljdk/internal/loader/ClassLoaders$AppClassLoader; jdk/internal/loader/ClassLoaders$AppClassLoader
instanceKlass jdk/internal/loader/ClassLoaders$BootClassLoader
instanceKlass jdk/internal/loader/ClassLoaders$PlatformClassLoader
instanceKlass jdk/internal/loader/ClassLoaders$AppClassLoader
ciInstanceKlass jdk/internal/loader/BuiltinClassLoader 1 1 737 9 7 12 1 1 1 10 7 12 1 1 1 10 7 12 1 1 1 9 12 1 1 9 12 1 1 7 1 10 12 1 9 12 1 10 12 1 9 12 1 10 7 12 1 1 1 10 7 12 1 1 1 10 7 12 1 1 1 11 7 12 1 1 1 7 1 7 1 10 10 12 1 1 8 1 10 12 1 10 12 7 1 10 12 1 10 12 1 1 11 7 12 1 1 1 11 7 12 1 1 1 11 12 1 1 7 1 8 1 8 1 10 9 12 1 1 10 7 12 1 1 11 12 1 1 10 12 1 1 10 12 1 1 10 12 1 1 10 7 12 1 1 1 10 12 1 10 7 12 1 1 1 10 12 1 1 11 7 12 1 1 1 10 7 12 1 1 7 1 10 7 12 1 1 1 10 12 1 100 1 8 1 10 12 1 1 10 8 1 10 12 1 1 10 12 1 1 10 12 1 1 11 7 12 1 1 11 12 1 7 1 10 11 12 1 1 11 10 12 1 1 7 1 10 12 1 10 7 12 1 10 12 1 7 1 10 12 1 10 7 12 1 1 1 100 1 10 12 1 1 11 12 1 100 1 100 1 10 12 1 10 12 1 1 100 1 100 1 10 12 1 10 12 1 18 12 1 1 10 12 1 10 12 1 1 18 100 1 10 7 12 1 1 1 7 1 10 10 12 1 1 10 12 1 1 10 12 1 1 10 12 1 9 12 1 1 100 1 10 10 12 1 1 10 12 1 1 10 12 1 10 12 10 12 1 1 10 12 1 1 10 12 1 1 10 12 1 10 12 1 1 18 12 1 7 1 10 12 1 1 10 12 1 10 12 1 1 10 12 1 100 1 10 12 1 100 1 10 12 1 10 7 12 1 1 1 10 12 1 11 12 1 100 1 10 12 1 7 1 100 1 10 12 1 10 12 1 11 12 1 1 10 12 1 1 10 12 1 1 10 12 1 1 10 12 1 1 10 12 1 10 12 1 10 12 1 10 12 1 8 1 10 12 1 1 10 7 12 1 1 10 12 1 100 1 8 1 8 1 10 10 12 1 8 1 8 1 10 7 12 1 1 1 11 7 12 1 1 1 9 7 12 1 1 1 10 7 12 1 1 1 9 12 1 9 12 1 9 12 1 9 12 1 9 12 1 9 12 1 10 7 12 1 1 1 8 1 10 12 1 7 1 10 12 1 1 10 12 1 7 1 10 11 12 1 1 10 12 10 12 1 10 12 1 100 1 10 12 1 10 12 1 10 10 12 1 10 7 12 1 1 8 1 10 7 12 1 1 10 12 1 1 1 1 1 1 1 1 1 1 1 1 1 1 1 1 1 1 1 1 1 1 1 1 1 1 1 1 1 1 1 1 1 1 1 1 1 1 1 1 1 1 1 1 1 1 1 1 1 1 1 1 1 1 1 1 7 1 1 1 1 1 1 1 1 1 1 1 1 1 1 1 1 1 1 7 1 7 1 1 1 1 1 1 1 1 1 1 1 1 1 1 1 1 1 1 1 1 1 1 1 1 1 1 1 1 1 1 1 1 1 1 1 1 1 1 1 1 1 1 1 1 1 1 1 1 1 1 1 100 1 1 16 15 10 12 16 15 10 12 16 15 10 12 16 1 15 10 100 12 1 1 1 1 1 100 1 1 1 1 1 100 1 100 1 1
staticfield jdk/internal/loader/BuiltinClassLoader packageToModule Ljava/util/Map; java/util/concurrent/ConcurrentHashMap
staticfield jdk/internal/loader/BuiltinClassLoader $assertionsDisabled Z 1
ciInstanceKlass jdk/internal/loader/ClassLoaders$AppClassLoader 1 1 119 8 1 10 7 12 1 1 1 10 7 12 1 1 1 10 7 12 1 1 1 10 12 1 1 10 7 12 1 1 1 10 12 1 1 10 12 1 1 7 1 8 1 10 12 10 7 12 1 1 1 10 7 12 1 1 10 12 1 1 10 12 1 1 10 7 12 1 1 1 7 1 10 12 1 1 1 1 1 1 1 1 1 1 1 1 1 1 1 1 1 1 1 1 1 7 1 1 1 1 1 1 1 1 1 1 1 1 1 1 1 1 1 1 1 7 1 1 1
ciInstanceKlass jdk/internal/loader/ClassLoaders$PlatformClassLoader 1 1 42 8 1 10 7 12 1 1 1 10 7 12 1 1 1 7 1 10 12 1 7 1 1 1 1 1 1 1 1 1 1 1 1 1 1 7 1 1 1 100 1 1
ciInstanceKlass java/lang/ArithmeticException 1 1 26 10 100 12 1 1 1 10 12 1 100 1 1 1 1 5 0 1 1 1 1 1 1 1 1 1
ciInstanceKlass java/lang/ArrayStoreException 1 1 26 10 100 12 1 1 1 10 12 1 100 1 1 1 1 5 0 1 1 1 1 1 1 1 1 1
ciInstanceKlass java/lang/ClassCastException 1 1 26 10 100 12 1 1 1 10 12 1 100 1 1 1 1 5 0 1 1 1 1 1 1 1 1 1
ciInstanceKlass java/lang/ClassNotFoundException 0 0 96 7 1 10 7 12 1 1 1 10 12 1 10 12 1 1 10 100 12 1 1 1 8 1 10 100 12 1 1 1 10 7 12 1 1 10 100 12 1 1 1 10 100 12 1 1 1 10 12 1 1 100 1 10 12 1 9 12 1 1 1 1 1 5 0 1 1 1 1 1 1 1 1 1 1 1 1 1 1 1 1 1 1 100 1 1 1 1 1 1 1 1 1 1 1 1
instanceKlass java/lang/NumberFormatException
ciInstanceKlass java/lang/IllegalArgumentException 1 1 35 10 7 12 1 1 1 10 12 1 10 12 1 10 12 1 100 1 1 1 1 5 0 1 1 1 1 1 1 1 1 1 1 1 1
ciInstanceKlass java/lang/IllegalMonitorStateException 1 1 26 10 100 12 1 1 1 10 12 1 100 1 1 1 1 5 0 1 1 1 1 1 1 1 1 1
ciInstanceKlass java/lang/BootstrapMethodError 0 0 45 10 100 12 1 1 1 10 12 1 10 12 1 10 100 12 1 1 1 10 100 12 1 1 1 1 1 1 5 0 1 1 1 1 1 1 1 1 1 1 1 100 1 1 1
instanceKlass java/lang/ClassFormatError
instanceKlass java/lang/IncompatibleClassChangeError
instanceKlass java/lang/BootstrapMethodError
instanceKlass java/lang/NoClassDefFoundError
ciInstanceKlass java/lang/LinkageError 1 1 31 10 7 12 1 1 1 10 12 1 10 12 1 100 1 1 1 1 5 0 1 1 1 1 1 1 1 1 1 1 1
ciInstanceKlass java/lang/NullPointerException 1 1 52 10 100 12 1 1 1 10 12 1 9 100 12 1 1 1 10 12 1 1 9 12 1 1 10 12 1 1 10 12 1 1 1 1 5 0 1 1 1 1 1 1 1 1 100 1 100 1 100 1 1 1
ciInstanceKlass java/lang/NoClassDefFoundError 0 0 26 10 100 12 1 1 1 10 12 1 100 1 1 1 1 5 0 1 1 1 1 1 1 1 1 1
ciInstanceKlass java/lang/StackOverflowError 1 1 26 10 100 12 1 1 1 10 12 1 100 1 1 1 1 5 0 1 1 1 1 1 1 1 1 1
ciInstanceKlass java/lang/StackTraceElement 0 0 235 10 7 12 1 1 1 10 7 12 1 1 9 12 1 1 9 12 1 1 9 12 1 9 12 1 8 1 10 100 12 1 1 1 7 1 9 12 1 8 1 9 12 1 9 12 1 9 12 1 1 10 12 1 1 10 12 1 8 1 10 100 12 1 1 1 7 1 10 12 1 10 12 1 1 10 12 1 10 12 1 1 10 12 1 10 12 1 10 10 12 1 8 1 10 12 1 10 12 1 1 10 12 1 1 10 12 1 10 12 1 10 12 1 9 12 1 1 10 7 12 1 1 1 10 12 1 1 7 1 10 12 1 1 10 100 12 1 1 10 100 12 1 1 1 10 7 12 1 1 10 100 12 1 1 10 10 12 1 1 10 12 1 1 10 12 1 1 10 12 1 7 1 1 1 1 1 1 1 3 1 3 1 1 5 0 1 1 1 1 1 1 1 1 1 1 1 1 1 1 1 1 1 1 1 1 1 1 1 1 1 1 1 1 1 7 1 7 1 1 1 1 1 1 1 100 1 1 1 1 1 1 1 1 1
instanceKlass java/util/concurrent/locks/AbstractQueuedSynchronizer
ciInstanceKlass java/util/concurrent/locks/AbstractOwnableSynchronizer 1 1 32 10 7 12 1 1 1 9 7 12 1 1 1 100 1 1 1 1 5 0 1 1 1 1 1 1 1 1 1 1 1 1
ciInstanceKlass jdk/internal/vm/Continuation 0 0 549 9 100 12 1 1 1 9 12 1 9 12 1 100 1 7 1 10 12 1 1 8 1 10 12 1 1 10 12 1 10 12 1 1 10 12 1 9 7 12 1 1 1 11 100 12 1 1 1 10 7 1 9 12 1 1 9 12 1 1 10 8 1 10 12 1 9 12 1 1 10 11 12 1 1 100 1 10 100 12 1 1 1 10 12 1 1 10 12 1 10 12 1 1 11 12 1 1 9 12 1 1 10 12 1 1 18 12 1 1 10 7 12 1 1 1 100 1 10 12 1 11 100 12 1 1 1 10 12 1 9 12 1 10 12 1 1 100 1 8 1 10 12 1 10 12 1 1 9 12 1 1 11 12 1 1 9 12 1 1 8 1 10 11 12 1 1 11 12 1 1 10 12 1 1 10 12 1 1 9 12 1 10 12 1 10 10 12 1 8 1 10 12 1 8 1 8 1 10 7 12 1 1 1 10 7 12 1 1 1 10 12 1 9 12 1 11 12 1 7 1 10 12 1 10 12 1 1 9 12 1 1 7 1 10 12 1 1 9 12 1 1 10 12 1 10 12 1 11 7 12 1 1 10 7 1 10 12 1 8 1 9 12 1 10 12 1 1 9 12 1 1 10 7 12 1 1 8 1 8 1 8 1 8 1 10 12 1 1 10 12 1 10 12 1 10 12 1 10 12 1 1 10 12 1 1 8 1 10 12 1 1 9 12 1 1 10 12 1 1 9 12 1 8 1 10 7 12 1 1 1 10 12 1 8 1 100 1 8 1 10 9 12 1 1 8 1 10 7 12 1 1 10 100 12 1 1 8 1 8 1 10 12 10 100 12 1 1 1 10 7 1 10 7 12 1 1 1 18 11 100 12 1 1 1 18 12 1 11 12 1 1 7 1 10 7 12 1 1 10 12 1 1 8 10 12 1 1 10 100 12 1 1 1 10 100 12 1 1 10 12 1 8 1 10 12 1 7 1 7 1 10 12 1 1 1 1 1 1 1 1 1 1 1 1 1 1 1 1 1 1 1 1 1 1 1 1 1 1 1 1 1 1 1 1 1 1 1 1 1 1 1 1 1 1 1 1 1 1 1 1 1 1 1 1 1 1 1 1 1 1 1 1 1 1 1 1 1 1 1 1 1 1 1 1 1 1 1 100 1 1 16 1 15 10 12 16 15 11 7 12 1 1 1 16 1 16 1 15 10 12 16 15 10 100 12 1 1 1 1 1 1 1 1 100 1 100 1 1
ciInstanceKlass jdk/internal/misc/UnsafeConstants 1 1 34 10 100 12 1 1 1 9 7 12 1 1 1 9 12 1 9 12 1 1 9 12 1 9 12 1 1 1 1 1 1 1 1 1
staticfield jdk/internal/misc/UnsafeConstants ADDRESS_SIZE0 I 8
staticfield jdk/internal/misc/UnsafeConstants PAGE_SIZE I 4096
staticfield jdk/internal/misc/UnsafeConstants BIG_ENDIAN Z 0
staticfield jdk/internal/misc/UnsafeConstants UNALIGNED_ACCESS Z 1
staticfield jdk/internal/misc/UnsafeConstants DATA_CACHE_LINE_FLUSH_SIZE I 0
ciInstanceKlass java/lang/invoke/MethodHandleStatics 1 1 320 10 7 12 1 1 1 9 7 12 1 1 1 9 12 1 1 10 7 12 1 1 1 9 12 1 9 12 1 9 12 1 9 12 1 9 7 12 1 1 1 7 1 10 8 1 10 12 1 1 10 7 12 1 1 1 8 1 10 7 12 1 1 1 10 12 1 1 8 1 8 1 10 12 1 10 100 12 1 1 1 10 7 12 1 1 8 1 10 12 1 1 8 1 8 1 8 1 8 1 10 12 1 1 7 1 10 12 10 12 1 10 12 1 100 1 10 10 12 1 1 100 1 10 10 12 1 7 1 7 1 8 1 8 1 10 12 1 8 1 10 7 12 1 1 1 9 12 1 1 10 7 12 1 1 1 10 12 1 1 9 12 1 1 10 7 12 1 1 1 8 1 10 7 12 1 1 10 7 12 1 1 1 8 1 8 1 8 1 8 1 8 1 10 12 1 10 7 12 1 1 1 9 12 1 8 1 8 1 8 1 8 1 9 12 1 8 1 9 12 1 8 1 8 1 9 12 1 8 1 8 1 9 12 1 8 1 9 12 1 8 1 9 12 1 8 1 8 1 9 12 1 8 1 8 1 10 12 1 1 8 1 10 12 1 1 1 1 1 1 1 1 1 1 1 1 1 1 1 1 1 1 1 1 1 1 1 7 1 7 1 7 1 1 1 1 1 1 1 1 1 1 1 1 1 1 1 1 1 1 1 1 1 1 1 1 1 1 1 1
staticfield java/lang/invoke/MethodHandleStatics UNSAFE Ljdk/internal/misc/Unsafe; jdk/internal/misc/Unsafe
staticfield java/lang/invoke/MethodHandleStatics CLASSFILE_VERSION I 65
staticfield java/lang/invoke/MethodHandleStatics DEBUG_METHOD_HANDLE_NAMES Z 0
staticfield java/lang/invoke/MethodHandleStatics TRACE_INTERPRETER Z 0
staticfield java/lang/invoke/MethodHandleStatics TRACE_METHOD_LINKAGE Z 0
staticfield java/lang/invoke/MethodHandleStatics TRACE_RESOLVE Z 0
staticfield java/lang/invoke/MethodHandleStatics COMPILE_THRESHOLD I 0
staticfield java/lang/invoke/MethodHandleStatics LOG_LF_COMPILATION_FAILURE Z 0
staticfield java/lang/invoke/MethodHandleStatics DONT_INLINE_THRESHOLD I 30
staticfield java/lang/invoke/MethodHandleStatics PROFILE_LEVEL I 0
staticfield java/lang/invoke/MethodHandleStatics PROFILE_GWT Z 1
staticfield java/lang/invoke/MethodHandleStatics CUSTOMIZE_THRESHOLD I 127
staticfield java/lang/invoke/MethodHandleStatics VAR_HANDLE_GUARDS Z 1
staticfield java/lang/invoke/MethodHandleStatics MAX_ARITY I 255
staticfield java/lang/invoke/MethodHandleStatics VAR_HANDLE_IDENTITY_ADAPT Z 0
staticfield java/lang/invoke/MethodHandleStatics DUMP_CLASS_FILES Ljdk/internal/util/ClassFileDumper; jdk/internal/util/ClassFileDumper
instanceKlass java/lang/ProcessEnvironment
instanceKlass java/util/LinkedHashMap
ciInstanceKlass java/util/HashMap 1 1 629 10 7 12 1 1 1 7 1 10 12 1 1 7 1 10 7 12 1 1 1 100 1 11 12 1 1 11 12 1 11 12 1 1 10 7 12 1 1 1 7 1 3 10 7 12 1 1 1 100 1 7 1 10 8 1 10 12 1 1 10 12 1 10 12 1 1 10 12 1 10 7 12 1 1 1 8 1 10 12 1 9 12 1 1 10 12 1 9 12 1 1 4 10 12 1 10 12 1 1 11 7 12 1 1 9 12 1 1 10 7 12 1 1 1 6 0 10 12 1 1 11 12 1 1 11 7 12 1 1 1 11 7 12 1 1 1 11 12 1 1 7 1 11 12 1 11 12 1 10 12 1 10 12 1 1 9 12 10 12 1 1 9 7 12 1 1 1 9 12 9 12 1 10 12 1 1 9 12 1 7 1 10 12 1 1 10 12 1 1 10 12 1 1 10 12 1 1 10 12 1 1 9 12 1 10 12 1 1 3 4 10 12 1 1 10 12 1 1 9 12 1 1 9 10 12 1 1 10 12 1 1 10 12 1 1 10 12 1 9 12 1 1 7 1 10 12 1 10 12 1 10 100 12 1 1 1 100 1 9 12 1 1 7 1 10 9 12 7 1 10 100 1 10 11 7 12 1 1 1 100 1 10 11 100 12 1 1 11 100 12 1 1 1 10 12 1 100 1 7 1 10 12 1 10 12 1 10 12 1 10 100 12 1 1 10 12 1 1 10 12 1 1 10 100 12 1 1 1 8 10 100 12 1 1 1 100 1 10 4 4 10 12 1 1 10 100 12 1 1 1 10 12 1 8 1 6 0 10 100 12 1 1 1 100 1 11 100 12 1 1 1 10 12 1 10 12 1 10 10 12 1 1 6 0 8 1 10 12 1 10 12 7 1 7 1 1 1 1 5 0 1 3 1 1 1 3 1 3 1 3 1 1 1 1 1 1 1 1 1 1 1 1 1 1 1 1 1 1 1 1 1 1 100 1 1 1 1 1 1 1 1 1 1 1 1 1 1 1 1 1 1 1 1 1 1 1 1 1 1 1 1 1 1 1 1 1 100 1 1 1 1 1 1 1 1 1 1 1 1 1 1 1 1 1 1 1 1 1 1 1 1 1 1 1 1 1 1 1 1 1 1 1 1 1 1 1 1 1 1 1 1 1 1 1 1 1 1 1 7 1 1 1 1 1 1 1 1 1 1 1 1 1 1 1 1 1 1 1 1 1 1 1 1 1 1 1 1 1 1 1 1 1 1 1 1 1 1 1 1 1 1 1 1 1 1 1 1 100 1 1 1 1 1 1 1 1 7 1 1 1 1 1 1 1 1 1 1 1 1 1 1 1 1 1 1 100 1 100 1 100 1 100 1 100 1 100 1 100 1 100 1 1 1 1 1 1 1 1 1 1 1 1 1 1 1 1 1 1
ciMethod java/util/HashMap get (Ljava/lang/Object;)Ljava/lang/Object; 878 0 16821 0 -1
ciMethod java/util/HashMap put (Ljava/lang/Object;Ljava/lang/Object;)Ljava/lang/Object; 1024 0 39433 0 -1
ciInstanceKlass java/lang/Void 1 1 31 10 7 12 1 1 1 8 1 10 7 12 1 1 1 9 7 12 1 1 1 1 1 1 1 1 1 1 1 1 1
staticfield java/lang/Void TYPE Ljava/lang/Class; java/lang/Class
ciInstanceKlass java/lang/invoke/LambdaForm 1 1 1059 7 1 100 1 10 7 12 1 1 1 9 12 1 1 9 12 1 9 12 1 9 12 1 1 9 12 1 1 9 12 1 1 9 12 1 1 9 12 1 1 9 12 1 10 7 12 1 1 9 12 1 10 12 1 1 100 1 10 10 12 1 1 10 12 1 10 12 1 10 12 1 1 10 12 1 9 12 1 9 12 1 10 12 1 1 10 7 12 1 1 1 10 12 1 1 9 100 12 1 1 1 10 12 1 1 9 7 12 1 1 10 12 1 10 12 1 1 10 12 1 1 10 12 1 1 7 1 10 7 12 1 1 1 10 12 1 1 10 12 1 10 12 1 1 9 12 1 1 9 12 1 9 12 1 1 10 12 1 9 12 1 10 100 12 1 1 1 10 12 1 1 7 1 10 12 1 9 12 1 1 10 7 12 1 1 1 10 12 1 10 12 1 7 1 10 12 1 10 12 1 10 12 1 1 10 12 1 1 10 12 1 10 12 1 10 12 1 10 12 1 1 8 1 10 12 1 10 12 1 10 10 12 1 8 1 8 1 9 12 1 9 12 1 1 10 12 1 1 10 12 1 9 12 1 10 12 1 1 10 7 12 1 1 1 10 12 1 1 10 12 1 10 12 1 10 100 12 1 1 1 9 12 1 10 12 1 8 1 8 1 8 1 8 1 8 1 8 1 8 1 8 1 10 12 1 9 12 1 7 1 10 12 1 1 9 12 1 10 12 1 10 12 1 1 10 12 10 12 1 10 12 1 1 10 12 1 1 10 10 12 1 1 10 12 1 1 7 1 8 1 10 12 1 1 10 12 1 10 12 1 1 10 8 1 10 12 1 1 8 1 8 1 8 1 10 12 1 10 12 1 10 12 1 1 100 1 10 12 1 1 10 12 1 1 10 7 12 1 1 1 10 12 1 1 9 12 1 1 8 1 10 100 12 1 1 1 10 7 12 1 1 10 12 10 12 1 1 10 12 1 1 9 12 1 8 10 12 1 1 100 1 10 12 1 1 10 12 1 9 7 12 1 1 9 7 12 1 1 1 8 1 10 100 12 1 1 10 12 1 1 7 1 7 1 10 10 12 1 1 10 12 1 1 8 1 8 1 7 1 8 1 10 12 10 12 1 10 12 1 10 12 1 1 8 1 8 1 10 12 1 10 12 1 1 8 1 8 1 8 1 7 1 8 1 7 1 8 1 7 1 8 1 10 12 1 8 1 9 10 7 12 1 1 1 10 12 1 9 12 1 1 10 12 1 10 10 12 1 10 12 1 10 12 1 10 12 1 1 10 12 1 10 12 1 1 10 12 1 1 10 12 1 1 10 12 1 1 8 1 100 10 12 1 10 12 1 9 12 1 1 10 7 12 1 1 8 1 8 1 7 1 8 1 8 1 8 1 8 1 8 1 8 1 8 1 8 1 10 12 1 1 10 12 1 1 10 12 1 10 12 1 10 12 1 10 12 1 8 1 8 1 8 1 10 12 1 8 1 10 12 1 8 1 8 1 8 1 8 1 8 1 10 12 1 10 12 1 10 12 1 1 10 7 12 1 1 1 10 12 1 10 12 1 10 12 1 10 12 1 10 12 1 10 12 1 10 12 1 9 12 1 1 8 1 10 12 1 1 9 12 1 1 10 12 1 1 9 12 1 9 12 1 1 9 12 1 9 12 1 1 7 1 10 7 12 1 1 1 9 12 1 10 12 1 10 12 1 8 1 10 12 1 9 12 1 1 7 1 10 7 12 1 1 1 8 1 100 1 10 12 1 9 12 1 9 12 1 10 12 1 10 12 1 10 7 12 1 1 1 10 12 1 9 7 12 1 1 10 12 1 1 10 12 1 10 12 1 10 12 1 9 12 10 12 1 10 10 12 1 9 12 1 9 9 12 1 7 9 12 1 1 10 12 1 1 9 12 1 10 12 1 10 7 1 9 1 1 1 1 3 1 3 1 1 3 1 3 1 1 1 1 1 1 1 1 1 1 1 1 1 1 1 1 1 1 1 1 1 1 1 1 1 1 1 1 1 1 1 1 1 1 1 1 1 1 1 1 1 1 1 1 1 1 1 1 1 1 1 100 1 1 1 1 1 1 1 1 1 1 1 1 1 1 1 1 1 1 1 1 1 1 1 1 1 1 1 1 1 1 1 1 1 1 1 1 1 1 1 1 1 1 1 1 1 1 1 1 1 1 1 1 1 1 1 1 1 1 1 1 1 1 100 1 1 1 1 1 1 1 1 1 1 1 1 1 1 1 1 1 1 1 1 1 1 1 1 1 1 1 1 1 1 1 1 1 1 7 1 1 1 1 1 1 1 1 1 1 1 1 1 1 1 1 1 1 1 1 1 1 100 1 1 1 100 1 1 7 1 1 1 1 1 1 1 1 1 1 1
staticfield java/lang/invoke/LambdaForm DEFAULT_CUSTOMIZED Ljava/lang/invoke/MethodHandle; 
staticfield java/lang/invoke/LambdaForm DEFAULT_KIND Ljava/lang/invoke/LambdaForm$Kind; java/lang/invoke/LambdaForm$Kind
staticfield java/lang/invoke/LambdaForm COMPILE_THRESHOLD I 0
staticfield java/lang/invoke/LambdaForm INTERNED_ARGUMENTS [[Ljava/lang/invoke/LambdaForm$Name; 5 [[Ljava/lang/invoke/LambdaForm$Name;
staticfield java/lang/invoke/LambdaForm IMPL_NAMES Ljava/lang/invoke/MemberName$Factory; java/lang/invoke/MemberName$Factory
staticfield java/lang/invoke/LambdaForm LF_identity [Ljava/lang/invoke/LambdaForm; 6 [Ljava/lang/invoke/LambdaForm;
staticfield java/lang/invoke/LambdaForm LF_zero [Ljava/lang/invoke/LambdaForm; 6 [Ljava/lang/invoke/LambdaForm;
staticfield java/lang/invoke/LambdaForm NF_identity [Ljava/lang/invoke/LambdaForm$NamedFunction; 6 [Ljava/lang/invoke/LambdaForm$NamedFunction;
staticfield java/lang/invoke/LambdaForm NF_zero [Ljava/lang/invoke/LambdaForm$NamedFunction; 6 [Ljava/lang/invoke/LambdaForm$NamedFunction;
staticfield java/lang/invoke/LambdaForm createFormsLock Ljava/lang/Object; java/lang/Object
staticfield java/lang/invoke/LambdaForm DEBUG_NAME_COUNTERS Ljava/util/HashMap; 
staticfield java/lang/invoke/LambdaForm DEBUG_NAMES Ljava/util/HashMap; 
staticfield java/lang/invoke/LambdaForm TRACE_INTERPRETER Z 0
staticfield java/lang/invoke/LambdaForm $assertionsDisabled Z 1
ciInstanceKlass java/lang/invoke/MemberName 1 1 724 7 1 7 1 100 1 9 12 1 1 10 7 12 1 1 1 9 12 1 1 10 12 1 1 10 12 1 1 10 12 1 1 10 12 1 10 12 1 1 10 7 12 1 1 1 10 12 1 9 7 12 1 1 10 12 1 7 1 7 1 10 12 1 8 1 10 12 1 1 10 12 1 10 12 1 1 10 12 1 9 12 1 1 8 1 10 100 12 1 1 1 7 1 10 10 12 1 1 7 1 7 1 10 12 1 9 12 1 1 100 1 8 1 10 12 1 10 12 1 10 12 1 10 12 1 10 12 1 1 10 12 1 10 12 1 10 12 1 1 8 1 8 1 10 12 1 8 1 9 12 1 1 3 10 12 1 10 12 1 10 12 1 10 10 7 12 1 1 1 10 12 1 10 12 1 10 12 1 10 12 1 7 1 8 10 12 1 1 10 12 1 1 8 1 9 7 1 8 9 7 1 10 12 1 1 10 12 1 10 12 1 8 1 10 12 1 1 10 12 1 10 12 1 10 12 1 10 12 1 1 7 1 10 12 1 1 10 12 1 8 1 10 12 1 10 12 1 8 1 10 12 1 1 10 12 1 1 7 1 10 12 1 1 10 12 8 1 8 1 7 1 10 12 1 10 100 12 1 1 1 100 1 10 12 10 12 1 10 12 1 10 12 1 10 12 1 10 10 12 1 10 12 1 10 12 1 3 10 12 1 3 10 12 1 3 3 3 3 3 3 10 12 1 3 9 12 1 10 12 1 1 3 10 12 1 10 10 7 12 1 1 1 10 12 1 1 10 7 12 1 1 10 10 12 1 10 12 1 1 10 12 1 10 10 12 1 1 10 12 1 10 12 1 10 12 1 7 1 10 10 10 12 100 1 10 10 10 12 1 1 10 12 1 1 10 10 12 1 8 10 7 1 10 12 1 10 7 1 10 12 1 10 12 1 10 12 1 10 10 12 1 10 12 1 1 10 12 1 1 10 12 1 10 12 1 10 12 1 100 1 10 12 1 1 100 1 8 1 10 7 1 10 12 1 10 12 10 12 1 1 10 12 1 10 12 1 8 1 8 1 8 1 8 1 10 12 1 10 12 1 10 7 12 1 1 1 8 1 8 1 10 12 1 8 1 10 10 10 12 1 10 12 1 8 1 8 1 10 10 12 1 8 1 10 100 12 1 1 1 8 1 100 1 10 12 1 10 12 1 1 10 12 1 8 1 8 1 8 1 8 1 100 1 10 8 1 8 1 8 1 8 1 10 12 1 100 1 100 1 100 1 10 100 1 10 7 1 10 7 12 1 1 1 9 7 12 1 1 1 7 1 7 1 1 1 1 1 1 1 3 1 3 1 3 1 3 1 3 1 3 1 1 1 1 1 1 1 1 3 1 3 1 1 1 1 1 1 1 1 1 1 1 1 1 1 1 1 1 1 1 1 1 1 1 1 1 1 1 1 1 1 1 1 1 1 1 1 1 1 1 1 1 1 1 1 1 1 1 1 1 1 1 1 1 1 1 1 1 1 1 1 1 1 1 1 1 1 1 1 1 1 1 1 1 1 1 1 1 1 1 1 1 1 1 1 1 1 1 1 1 1 1 1 1 1 1 1 7 1 1 1 1 1 1 1 1 1 1 1 1 1 1 1
staticfield java/lang/invoke/MemberName $assertionsDisabled Z 1
instanceKlass java/lang/invoke/VarHandleByteArrayAsDoubles$ByteArrayViewVarHandle
instanceKlass java/lang/invoke/VarHandleByteArrayAsFloats$ByteArrayViewVarHandle
instanceKlass java/lang/invoke/VarHandleByteArrayAsChars$ByteArrayViewVarHandle
instanceKlass java/lang/invoke/VarHandleByteArrayAsShorts$ByteArrayViewVarHandle
instanceKlass java/lang/invoke/VarHandleReferences$FieldInstanceReadOnly
instanceKlass java/lang/invoke/VarHandleBooleans$FieldInstanceReadOnly
instanceKlass java/lang/invoke/VarHandleInts$FieldInstanceReadOnly
instanceKlass java/lang/invoke/VarHandleByteArrayAsLongs$ByteArrayViewVarHandle
instanceKlass java/lang/invoke/VarHandleByteArrayAsInts$ByteArrayViewVarHandle
instanceKlass java/lang/invoke/VarHandleReferences$FieldStaticReadOnly
ciInstanceKlass java/lang/invoke/VarHandle 1 1 474 10 7 12 1 1 1 10 7 12 1 1 9 12 1 1 9 12 1 1 100 1 10 8 1 10 12 1 1 10 7 12 1 1 1 10 12 1 1 10 7 12 1 1 1 9 100 12 1 1 1 10 12 1 1 10 7 12 1 1 1 10 12 1 1 9 12 1 10 12 1 9 12 1 1 10 7 12 1 1 10 12 1 9 7 12 1 1 1 9 12 1 1 10 12 1 1 100 1 7 1 10 8 1 10 12 1 1 10 12 1 8 1 10 12 1 10 12 1 9 12 1 1 9 12 1 10 12 1 10 12 1 1 10 12 1 10 10 100 12 1 1 1 10 12 1 1 10 12 1 1 10 7 12 1 1 1 10 100 12 1 1 1 10 100 12 1 1 1 9 12 1 1 9 10 12 1 10 12 1 1 10 12 1 1 10 12 1 10 7 12 1 1 1 9 12 1 1 10 12 1 1 9 12 1 10 12 1 10 12 1 10 7 12 1 1 100 1 10 9 7 12 1 1 1 9 12 1 1 10 7 12 1 1 1 10 12 1 10 12 1 10 12 1 10 12 1 10 12 1 10 12 1 1 8 10 12 1 1 7 1 10 12 1 1 7 1 1 1 1 1 1 1 1 1 1 1 1 1 1 1 1 1 1 1 1 1 1 1 1 1 1 1 1 1 1 1 1 1 1 1 1 1 1 1 1 1 1 1 1 1 1 1 1 1 1 1 1 1 1 1 1 1 1 1 1 1 1 1 1 1 1 1 1 100 1 1 1 1 1 1 1 1 100 1 1 1 1 1 1 1 1 1 1 1 1 100 1 100 1 1 100 1 100 1 100 1 100 1 100 1 100 1 100 1 100 1 100 1 100 1 100 1 100 1 100 1 100 1 100 1 100 1 100 1 100 1 100 1 100 1 100 1 100 1 100 1 100 1 100 1 100 1 100 1 100 1 100 1 100 1 100 1 100 1 100 1 100 1 100 1 1 1 1 1 1 100 1 1 1 100 1 1 100 1 100 1 100 1 100 1 100 1 100 1 1 1 1 100 1 100 1 100 1 100 1 100 1 100 1 100 1 100 1
staticfield java/lang/invoke/VarHandle VFORM_OFFSET J 16
staticfield java/lang/invoke/VarHandle $assertionsDisabled Z 1
ciInstanceKlass java/util/Collections 1 1 933 10 7 12 1 1 1 11 7 12 1 1 1 7 1 11 12 1 1 7 1 10 12 1 1 10 12 1 11 12 1 1 7 1 11 12 1 1 11 12 1 1 10 12 1 11 100 12 1 1 11 12 1 1 11 12 1 10 12 1 10 12 1 10 12 11 100 12 1 1 1 10 12 1 1 11 12 1 11 12 1 1 9 12 1 1 100 1 10 10 12 1 1 10 12 1 11 100 12 1 1 1 11 12 1 1 10 12 1 11 12 1 100 1 8 1 10 12 1 11 7 12 1 1 1 11 7 1 11 12 1 1 10 12 1 1 10 12 1 10 12 1 1 10 12 1 11 12 1 1 10 12 1 1 10 12 1 1 10 12 1 1 11 12 1 1 7 1 10 12 1 11 7 1 100 1 10 12 1 11 7 1 7 1 10 12 1 11 100 1 100 1 10 12 1 11 100 1 100 1 10 12 1 11 100 1 100 1 10 12 1 11 7 1 11 7 1 10 12 10 11 7 1 7 1 10 12 1 11 100 1 100 1 10 11 100 1 100 1 10 12 1 11 100 1 100 1 10 12 1 100 1 10 10 12 1 7 1 10 10 12 1 100 1 10 100 1 10 100 1 10 100 1 10 10 12 1 10 7 1 10 100 1 10 100 1 10 100 1 10 12 1 10 100 12 1 1 1 100 1 100 1 10 12 1 100 1 10 12 1 100 1 10 12 1 100 1 10 12 1 100 1 10 12 1 100 1 10 100 1 10 12 1 100 1 10 12 1 100 1 10 12 1 9 7 12 1 1 1 9 100 12 1 1 9 7 12 1 1 1 9 12 1 1 9 12 1 1 9 12 1 1 9 12 1 1 9 12 1 1 7 1 10 12 7 1 10 7 1 10 7 1 10 100 1 10 12 1 100 1 7 1 10 8 1 10 12 1 1 10 12 1 10 12 1 1 10 7 1 10 12 1 9 100 12 1 1 1 9 100 12 1 1 1 100 1 9 12 1 1 10 12 7 1 10 7 1 10 11 100 12 1 1 11 12 1 10 12 1 11 11 12 1 11 11 12 1 8 1 7 1 10 11 100 1 10 12 1 100 1 10 100 12 1 1 1 100 1 10 12 1 7 1 10 7 1 10 7 1 10 1 1 1 3 1 3 1 3 1 3 1 3 1 3 1 3 1 3 1 1 1 1 1 1 1 1 1 1 1 1 1 1 1 1 1 1 1 1 1 1 1 1 1 1 1 1 1 1 1 1 1 1 1 1 1 1 1 1 1 1 1 1 1 1 1 1 1 1 1 1 1 1 1 1 1 1 1 1 1 1 1 1 1 1 1 1 1 1 1 1 1 1 1 1 1 1 1 1 1 1 1 1 1 1 1 1 1 1 1 1 1 1 1 1 1 1 1 1 1 1 1 1 1 1 1 1 1 1 1 1 1 1 1 1 1 1 1 1 1 1 1 1 1 1 1 1 1 1 1 1 1 1 1 1 1 1 1 1 1 1 1 1 1 1 1 1 1 1 1 1 1 1 1 1 1 1 1 1 1 1 1 1 1 1 1 1 1 1 1 1 1 1 1 1 1 1 1 1 1 1 1 1 1 1 1 1 1 1 1 1 1 1 1 1 1 1 1 1 1 1 1 1 1 1 1 1 1 1 1 1 1 1 1 1 1 1 1 1 1 1 1 1 1 1 1 1 1 1 1 1 1 1 1 1 1 1 1 1 1 1 1 1 1 1 1 1 1 1 1 1 1 1 1 1 1 1 1 1 1 1 1 1 1 1 1 1 1 1 1 1 1 1 1 1 1 1 1 1 1 1 1 1 1 1 1 1 1 1 1 1 1 1 1 1 1 1 1 1 1 1 1 1 1 1 1 1 1 1 1 1 1 1 1 1 1 1 1 1 1 1 1 1 1 1 1 1 1 1 1 1 100 1 100 1 100 1 100 1 100 1 100 1 100 1 100 1 100 1 100 1 100 1 100 1 100 1 1 1 1 1 1 1 1 1 1 1 1 1 1 1 1 1 1 1 1 1 1 1 1 1 1 1 1 1 1 1 1 1 1 1 1 1 1 1 1 1 1 100 1 1 1 1 1 1 1 1 1 1 1 1 1 1 1
staticfield java/util/Collections EMPTY_SET Ljava/util/Set; java/util/Collections$EmptySet
staticfield java/util/Collections EMPTY_LIST Ljava/util/List; java/util/Collections$EmptyList
staticfield java/util/Collections EMPTY_MAP Ljava/util/Map; java/util/Collections$EmptyMap
instanceKlass jdk/internal/reflect/FieldAccessorImpl
instanceKlass jdk/internal/reflect/ConstructorAccessorImpl
instanceKlass jdk/internal/reflect/MethodAccessorImpl
ciInstanceKlass jdk/internal/reflect/MagicAccessorImpl 1 1 16 10 7 12 1 1 1 100 1 1 1 1 1 1 1 1
instanceKlass jdk/internal/reflect/DirectMethodHandleAccessor
ciInstanceKlass jdk/internal/reflect/MethodAccessorImpl 1 1 38 10 7 12 1 1 1 10 100 12 1 1 1 100 1 1 1 1 1 1 1 100 1 100 1 1 1 1 1 1 1 1 1 1 1 1 1 1
ciInstanceKlass jdk/internal/reflect/MethodAccessor 1 0 17 100 1 100 1 1 1 1 100 1 100 1 1 1 1 1 1
instanceKlass jdk/internal/reflect/DirectConstructorHandleAccessor$NativeAccessor
instanceKlass jdk/internal/reflect/DirectConstructorHandleAccessor
instanceKlass jdk/internal/reflect/NativeConstructorAccessorImpl
ciInstanceKlass jdk/internal/reflect/ConstructorAccessorImpl 1 1 27 10 7 12 1 1 1 100 1 100 1 1 1 1 1 1 1 1 1 100 1 100 1 100 1 1 1
ciInstanceKlass jdk/internal/reflect/ConstructorAccessor 1 0 16 100 1 100 1 1 1 1 100 1 100 1 100 1 1 1
ciInstanceKlass jdk/internal/reflect/DelegatingClassLoader 0 0 18 10 100 12 1 1 1 100 1 1 1 1 1 1 1 1 1 1
ciInstanceKlass jdk/internal/reflect/CallerSensitive 0 0 17 100 1 100 1 100 1 1 1 1 1 1 1 1 1 1 1
ciInstanceKlass jdk/internal/reflect/NativeConstructorAccessorImpl 0 0 125 10 7 12 1 1 1 9 7 12 1 1 1 100 1 10 12 1 9 12 1 1 9 12 1 1 10 100 12 1 1 1 10 7 12 1 1 1 10 7 12 1 1 1 9 12 1 9 12 1 1 9 12 1 1 10 7 12 1 1 1 100 1 10 10 12 1 1 10 12 1 10 12 1 1 10 12 1 7 1 10 12 1 1 10 12 1 1 8 10 12 1 1 1 1 1 1 1 1 1 1 1 1 1 1 1 1 1 1 1 1 1 1 100 1 100 1 100 1 1 1 1 1 1 1
ciInstanceKlass jdk/internal/reflect/ConstantPool 1 1 142 10 7 12 1 1 1 9 7 12 1 1 1 10 12 1 1 10 12 1 1 10 12 1 10 12 1 1 10 12 1 1 10 12 1 10 12 1 1 10 12 1 10 12 1 1 10 12 1 10 12 1 10 12 1 10 12 1 1 10 12 1 1 10 12 1 1 10 12 1 1 10 12 1 10 12 1 1 10 100 12 1 1 1 8 11 7 12 1 1 1 10 7 12 1 1 1 1 1 1 1 1 1 1 1 1 1 1 1 1 1 1 1 1 1 1 1 1 1 1 1 1 1 1 1 1 1 1 1 1 1 1 1 1 1 1 1 1 1 1 1 1
ciInstanceKlass jdk/internal/reflect/UnsafeStaticFieldAccessorImpl 0 0 47 10 7 12 1 1 1 9 7 12 1 1 1 10 7 12 1 1 1 9 12 1 1 8 11 100 12 1 1 1 10 100 12 1 1 1 1 1 1 1 1 1 1 1 1 1 1
ciInstanceKlass jdk/internal/reflect/FieldAccessor 0 0 48 100 1 100 1 1 1 1 100 1 1 1 1 1 1 1 1 1 1 1 1 1 1 1 1 1 1 1 100 1 1 1 1 1 1 1 1 1 1 1 1 1 1 1 1 1 1 1
instanceKlass jdk/internal/reflect/UnsafeFieldAccessorImpl
ciInstanceKlass jdk/internal/reflect/FieldAccessorImpl 0 0 269 10 7 12 1 1 1 9 7 12 1 1 1 10 7 12 1 1 1 10 7 12 1 1 10 7 12 1 1 1 10 12 1 1 7 1 10 10 12 1 1 10 12 1 1 8 1 10 10 12 1 100 1 8 1 10 12 1 8 1 10 12 1 8 1 10 12 1 100 1 10 12 1 1 10 8 1 10 12 1 1 8 1 10 7 12 1 1 8 1 10 7 12 1 1 8 1 10 7 12 1 1 8 1 10 7 12 1 1 8 1 10 7 12 1 1 8 1 10 7 12 1 1 8 1 10 7 12 1 1 8 1 10 7 12 1 1 10 12 1 1 8 1 10 12 1 1 10 100 12 1 1 1 8 1 10 12 1 8 1 8 1 8 1 8 1 10 7 12 1 1 1 8 1 8 1 8 1 10 12 7 1 1 1 1 1 1 1 1 1 1 1 1 1 1 1 1 1 1 1 1 1 1 1 1 1 1 1 1 1 1 1 1 1 1 1 1 1 1 1 1 1 1 1 1 1 1 1 1 1 1 1 1 1 1 1 1 1 1 1 1 1 1 1 1 1 1 1 1 1 1 1 1 1 1 1 1 1 1 1 1 1 1 1 1 1 1 1 1
instanceKlass jdk/internal/reflect/UnsafeStaticFieldAccessorImpl
ciInstanceKlass jdk/internal/reflect/UnsafeFieldAccessorImpl 0 0 62 10 100 12 1 1 1 10 100 12 1 1 1 10 100 12 1 1 1 9 100 12 1 1 10 12 1 9 12 1 1 10 100 12 1 1 1 9 12 1 1 10 12 1 10 12 1 1 1 1 1 1 1 1 1 1 1 1 1 1 1 1
instanceKlass java/lang/invoke/VolatileCallSite
instanceKlass java/lang/invoke/MutableCallSite
instanceKlass java/lang/invoke/ConstantCallSite
ciInstanceKlass java/lang/invoke/CallSite 1 1 296 10 7 12 1 1 1 10 7 12 1 1 1 9 12 1 1 10 7 12 1 1 1 10 12 1 7 1 10 12 1 1 10 12 1 1 9 100 12 1 1 1 10 7 12 1 1 10 12 1 1 100 1 7 1 10 10 7 12 1 1 1 10 12 1 1 8 1 10 12 1 10 12 1 1 10 12 1 10 12 1 1 10 12 1 1 10 10 100 12 1 1 10 12 1 1 9 12 1 9 100 12 1 1 1 8 1 10 7 12 1 1 1 10 12 1 1 7 1 10 12 1 1 9 12 1 8 1 100 1 10 12 1 10 12 1 100 1 8 1 10 10 12 1 10 12 1 1 100 1 10 12 1 1 10 12 1 10 12 1 10 12 1 1 10 12 1 1 9 12 1 1 8 10 12 1 1 9 12 1 1 100 1 10 10 12 1 10 7 12 1 1 1 10 12 1 1 10 12 1 1 10 12 1 10 7 12 1 1 1 7 1 8 1 10 10 12 10 12 1 1 7 1 7 1 7 1 8 1 10 12 1 10 7 12 1 1 1 1 1 1 1 1 1 1 1 1 1 1 1 1 1 1 1 1 1 1 1 1 1 1 1 1 1 1 1 1 1 1 1 1 1 1 1 1 1 1 1 1 1 1 1 1 1 1 1 1 1 1 1 7 1 7 1 1 1
staticfield java/lang/invoke/CallSite $assertionsDisabled Z 1
ciInstanceKlass java/lang/invoke/ConstantCallSite 1 1 65 10 7 12 1 1 1 9 7 12 1 1 1 9 12 1 1 10 7 12 1 1 1 10 12 1 100 1 10 12 9 12 1 1 100 1 10 10 12 1 1 10 12 1 1 1 1 1 1 1 1 1 1 1 1 1 100 1 1 1 1 1 1 1 1
staticfield java/lang/invoke/ConstantCallSite UNSAFE Ljdk/internal/misc/Unsafe; jdk/internal/misc/Unsafe
instanceKlass java/lang/invoke/DirectMethodHandle$Interface
instanceKlass java/lang/invoke/DirectMethodHandle$Special
instanceKlass java/lang/invoke/DirectMethodHandle$Accessor
instanceKlass java/lang/invoke/DirectMethodHandle$Constructor
ciInstanceKlass java/lang/invoke/DirectMethodHandle 1 1 923 7 1 7 1 100 1 7 1 7 1 10 7 12 1 1 1 10 7 12 1 1 1 7 1 10 12 1 10 12 1 1 10 7 12 1 1 10 12 1 1 10 12 1 10 12 1 7 1 10 12 1 1 10 12 1 1 10 12 1 10 12 1 1 10 7 12 1 1 1 10 12 1 9 12 1 1 100 1 10 9 12 1 1 9 12 1 10 12 1 10 12 1 10 12 1 1 10 12 1 10 12 1 10 12 1 10 7 12 1 1 1 10 12 1 10 12 1 1 8 1 10 12 1 1 7 1 10 12 1 7 1 10 10 12 1 10 12 1 10 12 1 10 7 12 1 1 1 10 12 1 1 100 1 10 12 1 10 12 1 7 1 10 12 1 10 12 1 1 10 12 1 1 10 12 1 8 10 7 12 1 1 1 10 12 1 10 12 1 10 12 1 1 10 12 1 9 7 12 1 1 1 7 1 10 12 1 10 7 12 1 1 1 10 12 1 10 12 1 1 9 12 1 1 7 1 10 8 1 10 12 1 1 10 12 1 1 8 1 10 12 1 10 12 1 10 10 12 1 10 12 1 10 12 1 10 12 1 10 12 1 1 10 12 1 10 12 1 1 10 12 1 10 12 1 1 10 10 7 12 1 1 1 10 12 1 10 12 1 1 10 12 1 10 12 1 1 8 1 9 7 12 1 1 1 8 1 9 12 1 9 12 1 8 1 9 12 1 9 12 1 8 1 9 12 1 9 12 1 8 1 10 12 1 10 12 1 1 9 12 1 1 7 1 10 12 1 1 7 1 10 7 12 1 1 1 10 12 1 1 10 12 1 10 12 1 1 7 1 10 12 1 1 10 12 1 10 12 1 1 7 1 10 12 1 1 10 12 1 10 7 12 1 1 1 10 12 1 10 12 1 1 10 12 1 9 12 1 1 10 7 1 9 12 9 12 1 10 7 12 1 1 1 10 12 1 7 1 7 1 7 1 9 12 1 1 10 7 12 1 1 1 10 12 10 12 1 100 1 10 12 1 10 12 1 1 8 1 9 12 1 9 12 1 10 12 1 1 9 12 1 1 10 100 12 1 1 1 9 12 1 1 9 12 1 1 10 12 1 10 12 1 10 12 1 10 12 1 1 10 12 1 9 12 1 10 12 1 10 12 1 10 12 1 10 12 1 1 10 12 1 1 9 12 1 1 10 12 1 1 9 7 12 1 1 1 9 12 1 9 12 1 9 12 1 9 12 1 9 12 1 9 12 1 9 12 1 9 12 1 9 12 1 9 12 1 9 12 1 9 12 1 9 12 1 9 12 1 9 12 1 9 12 1 9 12 1 9 12 1 9 12 1 9 12 1 9 12 1 9 12 1 9 12 1 9 12 1 9 12 1 9 12 1 9 12 1 9 12 1 9 12 1 9 12 1 9 12 1 9 12 1 9 12 1 9 12 1 9 12 1 9 12 1 8 1 9 12 1 1 9 12 1 1 10 12 1 10 12 1 1 9 7 1 10 12 1 9 12 1 1 10 12 10 12 1 10 12 1 10 12 1 10 12 1 10 8 1 8 1 8 1 8 1 10 12 1 1 9 12 1 1 10 12 1 10 100 12 1 1 1 8 9 12 1 1 10 12 1 1 8 1 8 8 9 12 1 8 1 8 8 8 8 8 1 8 10 12 1 7 1 10 12 1 8 1 8 1 10 12 1 10 12 1 10 12 1 10 12 1 1 7 1 1 1 1 3 1 3 1 3 1 3 1 3 1 3 1 3 1 3 1 3 1 3 1 1 1 1 1 1 1 1 1 1 3 1 3 1 1 1 1 3 1 1 1 1 1 1 1 1 1 1 1 1 1 1 1 1 1 1 1 1 1 1 1 1 1 1 1 1 1 1 1 1 1 1 1 1 1 1 1 1 1 1 1 1 1 1 1 1 1 1 1 1 1 1 1 1 1 100 1 1 1 1 1 1 1 1 1 100 1 1 1 1 1 1 1 1 1 1 1 1 1 1 1 1 1 1 1 1 1 1 1 1 1 1 1 1 1 1 1 1 1 1 1 1 1 1 1 1 1 1 1 1 1 1 1 1 1 1 1 1
staticfield java/lang/invoke/DirectMethodHandle IMPL_NAMES Ljava/lang/invoke/MemberName$Factory; java/lang/invoke/MemberName$Factory
staticfield java/lang/invoke/DirectMethodHandle FT_UNCHECKED_REF I 8
staticfield java/lang/invoke/DirectMethodHandle ACCESSOR_FORMS [Ljava/lang/invoke/LambdaForm; 132 [Ljava/lang/invoke/LambdaForm;
staticfield java/lang/invoke/DirectMethodHandle ALL_WRAPPERS [Lsun/invoke/util/Wrapper; 10 [Lsun/invoke/util/Wrapper;
staticfield java/lang/invoke/DirectMethodHandle NFS [Ljava/lang/invoke/LambdaForm$NamedFunction; 12 [Ljava/lang/invoke/LambdaForm$NamedFunction;
staticfield java/lang/invoke/DirectMethodHandle OBJ_OBJ_TYPE Ljava/lang/invoke/MethodType; java/lang/invoke/MethodType
staticfield java/lang/invoke/DirectMethodHandle LONG_OBJ_TYPE Ljava/lang/invoke/MethodType; java/lang/invoke/MethodType
staticfield java/lang/invoke/DirectMethodHandle $assertionsDisabled Z 1
ciMethod java/lang/invoke/DirectMethodHandle allocateInstance (Ljava/lang/Object;)Ljava/lang/Object; 512 0 7627189 0 408
ciMethod java/lang/invoke/DirectMethodHandle constructorMethod (Ljava/lang/Object;)Ljava/lang/Object; 512 0 7671214 0 128
ciInstanceKlass java/lang/invoke/MutableCallSite 0 0 63 10 100 12 1 1 1 10 12 1 9 100 12 1 1 1 10 12 1 10 12 1 1 9 12 1 1 10 100 12 1 1 1 10 100 12 1 1 1 10 12 1 1 1 1 1 1 1 1 1 1 1 1 1 1 1 1 1 1 100 1 1 1
ciInstanceKlass java/lang/invoke/VolatileCallSite 0 0 37 10 100 12 1 1 1 10 12 1 10 100 12 1 1 1 10 12 1 10 12 1 1 1 1 1 1 1 1 1 1 1 1 1 1 1 1
ciInstanceKlass java/lang/invoke/ResolvedMethodName 1 1 16 10 100 12 1 1 1 100 1 1 1 1 1 1 1 1
ciInstanceKlass java/lang/invoke/MethodHandleNatives 1 1 685 100 1 10 7 12 1 1 1 9 7 12 1 1 1 10 12 1 1 100 1 10 10 12 1 1 10 12 1 10 12 1 8 1 8 1 8 1 8 1 8 1 8 1 8 1 8 1 8 1 8 1 10 12 1 1 7 1 10 7 12 1 1 1 10 7 12 1 1 1 7 1 10 10 12 1 1 8 1 10 12 1 8 1 10 12 1 1 8 1 10 12 1 1 9 7 12 1 1 1 8 1 10 100 12 1 1 1 7 1 10 12 100 1 100 1 8 1 7 1 10 10 12 1 7 1 9 7 12 1 1 10 12 1 1 10 12 1 10 7 12 1 1 1 10 12 1 1 9 12 1 8 1 10 12 1 1 10 12 1 8 1 10 12 1 1 7 1 10 12 1 10 7 12 1 1 1 10 12 1 10 12 1 1 10 12 1 1 8 1 10 12 1 1 8 1 10 12 1 8 1 8 1 8 1 7 1 10 12 1 8 1 10 7 12 1 1 1 10 12 1 1 10 7 12 1 1 10 10 12 1 1 10 12 1 10 100 12 1 1 1 100 1 8 1 10 100 12 1 1 1 7 1 8 1 10 12 1 8 1 8 1 8 1 8 1 8 1 10 12 1 1 10 12 1 1 10 12 1 10 12 1 1 10 12 1 1 7 1 10 12 1 7 1 7 1 10 12 1 10 12 1 8 1 8 1 10 10 12 1 1 10 12 1 1 8 1 10 7 12 1 1 8 1 8 1 10 12 1 1 10 7 12 1 1 1 100 1 10 12 1 1 7 1 9 12 1 1 10 7 12 1 1 1 10 10 12 1 9 12 1 10 12 1 9 12 1 9 12 1 10 12 1 1 10 12 1 10 12 1 1 7 1 7 1 10 12 1 1 10 12 1 10 12 1 1 10 7 12 1 1 1 10 12 1 8 1 10 12 1 10 12 1 10 12 1 1 10 12 1 10 7 12 1 1 1 10 12 1 1 100 1 8 1 10 9 7 12 1 1 1 10 12 1 1 10 12 1 1 7 1 10 12 1 1 10 12 1 1 100 1 100 1 10 10 100 1 100 1 10 100 1 10 10 12 1 1 10 7 1 10 12 1 10 12 1 1 10 12 1 1 10 12 1 1 10 12 1 10 12 1 1 10 8 1 10 12 1 10 12 1 10 12 1 10 12 1 10 12 1 1 10 12 1 10 12 1 10 12 1 10 10 7 12 1 1 10 12 1 1 1 1 1 1 1 1 1 1 1 1 1 7 1 1 1 1 1 1 1 1 1 1 1 1 1 1 1 1 1 1 1 1 1 1 1 1 1 1 1 1 1 1 1 1 1 1 1 1 1 1 1 1 1 1 1 1 1 1 1 1 1 1 1 1 1 1 1 1 1 1 1 1 1 1 1 100 1 1 1 1 1 1 1 1 1 1 1 1 1 1 1 1 1 1 1 1 1 1 1 1 1 1 1 1 1 1 1 1 1 100 1 1 1 1 1 1 1 1 1 1 1 1 1 1 1 1 1 1 1 1 1 1 1 1 1 1 1 1 1 1 1 1 100 1 1
staticfield java/lang/invoke/MethodHandleNatives $assertionsDisabled Z 1
ciInstanceKlass jdk/internal/foreign/abi/NativeEntryPoint 0 0 194 10 7 12 1 1 1 9 7 12 1 1 1 9 12 1 1 100 1 8 1 10 12 1 10 12 1 1 100 1 10 100 12 1 1 1 10 12 1 9 12 1 1 18 12 1 1 10 100 12 1 1 1 10 7 12 1 1 1 9 7 12 1 1 1 7 1 10 8 1 10 12 1 1 10 12 1 10 12 1 1 8 1 10 12 1 1 7 1 8 1 10 12 1 10 12 1 1 10 12 1 9 12 1 1 18 12 1 1 10 100 12 1 1 1 10 12 1 1 10 12 1 10 100 12 1 1 1 10 1 1 1 1 1 1 1 1 1 1 1 1 1 1 1 1 1 1 1 1 1 1 1 1 1 1 1 1 1 1 1 1 1 1 1 1 1 16 1 15 10 12 16 1 16 15 10 12 15 10 100 12 1 1 1 1 1 100 1 1 100 1 100 1 1
ciInstanceKlass jdk/internal/foreign/abi/ABIDescriptor 0 0 55 10 100 12 1 1 1 9 100 12 1 1 1 9 12 1 1 9 12 1 9 12 1 9 12 1 1 9 12 1 9 12 1 1 9 12 1 9 12 1 9 12 1 9 12 1 1 1 1 1 1 1 1 1 1
ciInstanceKlass jdk/internal/foreign/abi/VMStorage 0 0 91 10 7 12 1 1 1 9 7 12 1 1 1 9 12 1 1 9 12 1 1 9 12 1 1 7 1 10 8 1 10 12 1 1 10 12 1 10 12 1 1 10 12 1 18 12 1 18 12 1 1 18 12 1 1 1 1 1 1 1 1 1 1 1 1 1 1 1 1 1 1 1 8 1 15 15 15 15 15 10 100 12 1 1 1 1 100 1 100 1 1
ciInstanceKlass jdk/internal/foreign/abi/UpcallLinker$CallRegs 0 0 66 10 7 12 1 1 1 9 7 12 1 1 1 9 12 1 18 12 1 1 18 12 1 1 18 12 1 1 1 1 1 1 1 1 1 1 1 1 1 1 1 1 1 1 100 1 1 1 8 1 15 15 15 10 100 12 1 1 1 1 1 100 1 100 1 1
ciInstanceKlass java/lang/StackWalker 0 0 271 9 7 12 1 1 1 100 1 10 100 12 1 1 1 10 12 1 1 10 100 12 1 1 1 10 12 1 1 10 12 1 11 100 12 1 1 1 10 12 1 1 10 12 1 1 10 12 1 1 100 1 8 1 10 12 1 10 12 1 10 12 1 10 7 12 1 1 9 12 1 1 9 12 1 1 9 12 1 1 9 12 1 1 10 12 1 1 9 12 1 1 9 12 1 1 9 12 1 1 10 7 12 1 1 1 11 12 1 1 100 1 8 1 10 10 7 12 1 1 9 12 1 1 10 12 1 1 10 100 12 1 1 1 10 100 12 1 1 1 18 12 1 1 100 1 8 1 10 8 1 10 12 1 1 10 100 12 1 1 1 10 12 1 1 9 100 12 1 1 11 100 12 1 1 1 10 12 1 1 1 1 1 1 1 1 1 1 1 1 1 1 1 1 1 1 1 1 1 1 1 1 1 1 1 1 1 1 1 1 1 1 1 1 1 1 1 1 1 1 1 1 1 1 1 1 1 1 1 1 1 1 1 1 1 1 1 1 1 1 1 1 1 1 7 1 1 16 15 10 12 16 1 15 10 100 12 1 1 1 1 1 1 1 1 1 100 1 100 1 1
ciInstanceKlass java/lang/StackWalker$StackFrame 0 0 41 100 1 10 12 1 1 100 1 100 1 1 1 1 1 1 1 1 1 1 1 1 1 1 1 1 1 1 1 1 1 1 1 1 1 1 1 100 1 1 1
instanceKlass java/lang/LiveStackFrameInfo
ciInstanceKlass java/lang/StackFrameInfo 0 0 142 10 7 12 1 1 1 9 7 12 1 1 1 9 7 1 9 12 1 1 11 100 12 1 1 1 9 12 1 1 11 12 1 1 10 12 1 1 10 7 12 1 1 1 10 12 1 11 12 1 11 12 1 1 11 12 1 10 12 1 1 9 12 1 1 10 12 1 1 10 7 12 1 1 10 12 1 1 11 12 1 1 9 12 1 1 10 7 1 10 12 1 9 12 1 1 10 12 1 1 100 1 8 1 10 12 1 10 100 12 1 1 1 7 1 1 1 1 1 1 1 1 1 1 1 1 1 1 1 1 1 1 7 1 1 7 1 1 1 1 1 1
ciInstanceKlass java/lang/LiveStackFrameInfo 0 0 97 10 7 12 1 1 1 9 7 12 1 1 1 9 12 1 9 12 1 9 12 1 9 12 1 1 7 1 10 12 1 1 10 12 1 8 1 10 12 1 1 8 1 8 1 8 1 10 100 1 10 12 1 100 1 10 12 1 7 1 7 1 1 1 3 1 3 1 1 1 1 1 1 1 1 1 1 1 1 1 1 1 1 1 1 1 1 1 1 1 1 1 1 1 100 1 1
ciInstanceKlass java/lang/LiveStackFrame 0 0 135 100 1 10 100 12 1 1 1 11 7 12 1 1 1 11 12 1 10 7 12 1 1 1 100 1 8 1 10 12 1 1 10 7 12 1 1 1 9 100 12 1 1 1 10 7 12 1 1 1 10 7 12 1 1 1 11 12 1 10 12 1 7 1 7 1 1 1 1 1 1 1 1 1 1 1 1 1 1 1 1 1 1 1 1 1 1 1 1 1 1 1 1 100 1 1 1 1 1 1 1 100 1 8 1 1 12 10 1 1 1 8 1 1 1 8 1 1 1 8 1 1 1 8 1 1 8 1 1 1 8 1 1 8 1
ciInstanceKlass java/lang/StackStreamFactory$AbstractStackWalker 1 0 375 100 1 7 1 3 10 7 12 1 1 1 10 7 12 1 1 10 7 12 1 1 1 9 12 1 1 10 12 1 1 9 12 1 1 9 12 1 1 9 12 1 1 9 12 1 10 7 12 1 1 1 10 12 1 1 10 7 12 1 1 9 12 1 1 9 12 1 1 10 12 1 1 9 100 12 1 1 1 10 12 1 1 10 12 1 9 12 1 1 10 100 12 1 1 1 10 12 1 1 9 12 1 1 9 7 12 1 1 1 7 1 10 8 1 10 12 1 1 10 12 1 8 1 10 12 1 1 10 100 12 1 1 1 100 1 8 1 10 12 1 8 1 10 12 10 100 12 1 1 9 12 1 8 1 5 0 8 1 8 1 9 12 1 1 10 12 1 1 18 12 1 1 10 7 12 1 1 1 10 12 1 1 10 12 1 10 12 1 9 12 1 10 12 1 10 12 1 10 12 1 10 12 1 10 12 1 10 12 1 1 8 1 10 12 1 10 12 1 10 12 1 10 12 1 1 8 1 10 12 1 1 10 12 1 1 10 12 1 1 10 12 1 10 12 1 10 100 12 1 1 1 10 12 1 10 12 1 9 12 1 8 1 10 12 1 10 12 1 10 12 1 1 10 12 1 10 12 1 10 12 1 1 10 12 1 10 12 1 10 12 1 10 12 1 10 12 1 10 12 1 1 10 12 1 1 10 12 1 8 1 1 1 1 1 1 1 1 1 1 1 1 1 7 1 1 1 1 1 1 1 7 1 1 1 1 7 1 1 1 1 1 1 1 1 1 1 1 1 1 1 1 1 1 1 1 16 15 15 10 100 12 1 1 1 1 1 1 1 1 100 1 100 1 1
ciInstanceKlass jdk/internal/module/Modules 1 1 504 10 7 12 1 1 1 9 7 12 1 1 1 11 7 12 1 1 1 11 12 1 1 11 12 1 1 11 12 1 1 11 12 1 11 12 1 11 12 1 11 12 1 11 12 1 1 10 7 12 1 1 1 10 100 12 1 1 1 18 12 1 1 10 7 12 1 1 1 7 1 10 7 12 1 1 1 10 100 12 1 1 1 10 100 12 1 1 10 12 1 1 11 12 1 9 12 1 1 11 100 12 1 1 1 10 12 1 1 10 10 12 1 10 9 12 1 1 10 100 12 1 1 10 12 1 1 10 100 12 1 1 100 1 11 100 12 1 1 1 10 100 12 1 1 1 11 100 12 1 1 10 12 1 1 10 100 12 1 1 10 100 12 1 1 1 10 12 1 1 10 12 1 1 11 12 1 1 18 12 1 1 11 100 12 1 1 10 100 12 1 1 1 11 100 12 1 1 1 7 1 11 12 1 1 11 7 12 1 1 1 11 12 1 1 10 12 1 1 10 100 12 1 1 18 12 1 1 11 12 1 1 18 12 1 1 11 12 1 1 10 12 1 18 18 10 12 1 1 9 12 1 1 11 7 12 1 1 1 100 1 10 11 12 1 11 12 1 1 11 12 1 1 10 100 1 10 12 1 1 10 100 12 1 1 10 12 1 1 11 12 10 12 1 1 7 1 10 18 12 1 10 12 1 1 7 1 8 1 10 12 1 10 100 12 1 1 18 12 1 11 11 12 10 12 1 10 10 100 1 18 12 1 10 10 10 7 12 1 1 10 7 12 1 1 1 10 12 1 1 1 1 1 1 1 1 1 1 1 1 1 1 1 1 1 1 1 1 1 1 1 1 1 1 1 1 1 1 1 1 1 100 1 1 1 1 1 1 1 1 1 1 1 1 1 1 1 1 1 1 1 1 1 1 1 1 1 1 1 1 1 1 1 1 1 1 1 7 1 1 1 1 1 1 1 1 1 1 1 1 1 1 1 1 1 1 1 1 1 1 1 16 15 10 12 1 16 16 15 10 12 1 16 1 16 1 15 10 12 1 16 1 16 1 15 10 12 16 1 15 10 16 1 15 10 12 16 1 15 10 12 16 15 10 12 16 15 10 12 15 10 100 12 1 1 1 1 1 1 100 1 100 1 1
staticfield jdk/internal/module/Modules JLA Ljdk/internal/access/JavaLangAccess; java/lang/System$2
staticfield jdk/internal/module/Modules JLMA Ljdk/internal/access/JavaLangModuleAccess; java/lang/module/ModuleDescriptor$1
staticfield jdk/internal/module/Modules $assertionsDisabled Z 1
ciInstanceKlass java/lang/invoke/Invokers$Holder 1 1 128 1 100 1 100 1 1 1 1 1 1 1 7 1 7 1 7 1 1 12 10 1 1 12 10 1 1 12 10 1 1 100 1 1 12 9 1 1 1 12 10 1 1 1 12 10 1 1 12 10 1 1 12 10 1 12 10 1 1 1 12 10 1 1 100 1 1 12 10 1 12 10 1 1 12 10 1 12 10 1 1 12 10 1 1 12 10 1 12 10 1 1 12 10 1 1 12 10 1 1 12 10 1 12 10 12 10 12 10 12 10 12 10 1 1 12 10 1 1 12 10 1 1 12 10 1 1 1
ciMethod java/lang/invoke/Invokers$Holder linkToTargetMethod (Ljava/lang/Object;)Ljava/lang/Object; 1024 0 5663375 0 -1
ciMethod java/lang/invoke/Invokers$Holder linkToTargetMethod (Ljava/lang/Object;Ljava/lang/Object;)Ljava/lang/Object; 1024 0 5182548 0 -1
ciMethod java/lang/invoke/Invokers$Holder linkToTargetMethod (Ljava/lang/Object;Ljava/lang/Object;Ljava/lang/Object;)Ljava/lang/Object; 4122 0 1544492 0 -1
ciMethod java/lang/invoke/Invokers$Holder linkToTargetMethod (Ljava/lang/Object;Ljava/lang/Object;Ljava/lang/Object;Ljava/lang/Object;Ljava/lang/Object;)Ljava/lang/Object; 5382 0 517397 0 -1
ciInstanceKlass java/lang/invoke/DirectMethodHandle$Holder 1 1 548 1 100 1 100 1 1 1 1 1 1 1 7 1 1 12 10 1 12 10 1 7 1 7 1 1 12 10 1 1 1 1 12 10 1 1 12 10 1 1 12 10 1 1 12 10 1 1 12 10 1 1 12 10 1 1 12 10 1 1 12 10 1 1 12 10 1 1 12 10 1 1 12 10 1 1 12 10 1 1 12 10 1 1 12 10 1 1 12 10 1 1 12 10 1 1 12 10 1 1 12 10 1 1 12 10 1 1 12 10 1 1 12 10 1 1 12 10 1 1 12 10 1 1 12 10 1 1 12 10 1 1 12 10 1 1 12 10 1 1 12 10 1 1 12 10 1 1 12 10 1 1 12 10 1 1 12 10 1 1 12 10 1 1 12 10 1 1 12 10 1 1 12 10 1 1 12 10 1 1 12 10 1 1 12 10 1 1 12 10 1 1 12 10 1 1 12 10 1 1 12 10 1 1 12 10 1 1 12 10 1 1 12 10 1 1 12 10 1 1 12 10 1 1 12 10 1 1 12 10 1 1 12 10 12 10 12 10 1 1 12 10 12 10 1 1 12 10 1 1 12 10 12 10 12 10 12 10 1 1 12 10 12 10 1 1 12 10 12 10 1 1 12 10 1 1 12 10 12 10 12 10 12 10 12 10 1 1 12 10 1 1 12 10 1 1 12 10 1 1 12 10 1 1 12 10 1 1 12 10 1 1 12 10 1 1 12 10 1 1 12 10 1 1 12 10 1 1 12 10 1 1 12 10 1 1 12 10 1 1 12 10 12 10 12 10 12 10 1 12 10 1 1 12 10 1 1 12 10 1 1 1 1 12 10 12 10 1 1 12 10 1 12 10 12 10 1 1 12 10 1 12 10 12 10 1 1 1 12 10 1 12 10 1 100 1 1 12 9 1 100 1 12 10 1 12 10 1 1 1 12 10 1 12 10 1 1 12 10 1 12 10 1 1 1 12 10 1 12 10 1 1 12 10 1 12 10 1 1 12 10 1 12 10 1 1 12 10 1 12 10 1 1 12 10 1 12 10 1 1 12 10 1 12 10 1 1 12 10 1 12 10 1 1 12 10 1 12 10 1 1 1 12 10 1 12 10 1 1 1 12 10 1 12 10 1 1 1 1 12 10 1 12 10 1 1 1 12 10 1 12 10 1 1 1 1 1 12 10 1 12 10 1 1 1 12 10 1 12 10 1 1 1 12 10 1 12 10 1 1 12 10 1 12 10 1 1 1
ciMethod java/lang/invoke/DirectMethodHandle$Holder newInvokeSpecial (Ljava/lang/Object;Ljava/lang/Object;)Ljava/lang/Object; 1024 0 4815184 0 -1
ciInstanceKlass java/util/ArrayList 1 1 509 10 7 12 1 1 1 7 1 9 7 12 1 1 1 9 12 1 100 1 7 1 10 8 1 10 12 1 1 10 12 1 10 12 1 1 10 12 1 9 12 1 11 7 12 1 1 1 9 12 1 1 11 12 1 1 7 10 7 12 1 1 1 9 12 1 10 12 1 10 12 1 1 10 7 12 1 1 1 10 7 12 1 1 1 10 12 1 1 10 12 1 1 10 12 1 1 10 12 1 10 12 1 1 100 1 7 1 10 12 1 10 10 7 12 1 1 1 10 7 12 1 1 10 12 1 100 1 10 10 12 10 12 1 1 10 12 1 1 10 12 1 10 12 10 12 1 1 7 1 10 12 1 1 10 12 1 1 10 12 1 100 1 10 11 12 1 1 11 7 12 1 1 1 11 12 1 10 12 1 10 12 1 10 12 1 1 100 1 10 12 1 1 10 10 12 1 1 10 12 1 8 1 8 1 8 1 8 1 10 12 1 1 10 12 1 1 11 12 1 7 1 10 100 12 1 1 10 12 1 10 12 1 1 10 100 12 1 1 10 12 1 10 100 12 1 1 1 11 100 12 1 1 1 10 12 1 100 1 8 1 10 7 1 10 12 1 7 1 10 12 1 10 12 1 1 7 1 10 12 1 10 12 1 1 11 7 12 1 1 7 1 10 12 1 10 12 1 1 11 100 12 1 1 10 12 1 1 10 12 1 1 10 12 1 1 10 12 1 1 11 100 12 1 1 10 12 1 1 7 1 7 1 7 1 1 1 1 5 0 1 3 1 1 1 1 1 1 1 1 1 1 1 1 1 1 1 1 1 1 1 1 1 1 1 1 1 1 1 1 1 1 1 1 1 1 1 1 1 1 1 1 1 1 1 1 1 1 1 1 1 1 1 1 1 1 1 1 1 1 1 1 1 1 1 1 1 1 1 1 1 1 1 1 1 1 1 1 1 1 1 1 1 1 1 1 1 1 1 1 1 1 1 1 1 1 1 1 1 1 1 1 1 1 1 1 100 1 1 1 1 7 1 1 1 1 1 1 1 1 1 1 1 1 1 1 1 1 1 1 1 1 1 1 1 1 1 1 1 1 1 100 1 1 1 1 1 1 1 1 1 1 1 1 1 1 1 1 1 1 100 1 100 1 1 1 1 1 1
staticfield java/util/ArrayList EMPTY_ELEMENTDATA [Ljava/lang/Object; 0 [Ljava/lang/Object;
staticfield java/util/ArrayList DEFAULTCAPACITY_EMPTY_ELEMENTDATA [Ljava/lang/Object; 0 [Ljava/lang/Object;
ciInstanceKlass java/util/RandomAccess 1 0 7 100 1 100 1 1 1
ciMethod java/util/ArrayList iterator ()Ljava/util/Iterator; 388 0 4396680 0 200
ciMethod java/util/ArrayList get (I)Ljava/lang/Object; 514 0 6209162 0 -1
ciMethod java/util/ArrayList <init> (Ljava/util/Collection;)V 772 0 7623 0 -1
ciMethod java/util/ArrayList <init> ()V 1024 0 2214989 0 304
ciInstanceKlass java/util/Comparator 1 1 288 10 100 12 1 1 1 10 7 12 1 1 1 18 12 1 1 7 1 7 1 11 12 1 1 11 12 1 11 12 1 11 12 1 1 11 12 1 1 11 12 1 1 10 12 1 9 100 12 1 1 1 100 1 10 12 1 1 18 12 1 18 12 18 12 18 12 18 12 10 100 12 1 1 1 10 7 12 1 1 1 8 1 10 12 1 1 8 1 8 1 8 1 8 1 8 1 10 12 1 10 12 1 8 10 7 1 10 12 1 8 10 12 1 8 1 10 12 1 10 12 1 8 1 10 12 1 1 100 1 8 1 7 1 8 1 8 1 100 1 8 1 8 1 7 1 100 1 8 1 10 12 1 11 12 1 1 10 7 12 1 1 11 12 1 1 10 7 12 1 1 11 12 1 1 10 7 12 1 1 11 12 1 7 1 11 12 1 11 12 1 1 1 1 1 1 1 1 1 1 1 1 1 1 1 1 1 1 1 1 1 1 1 1 1 1 1 1 1 1 1 1 1 1 1 1 1 1 1 1 1 1 1 1 1 1 1 1 1 1 1 1 1 1 1 1 1 1 1 1 16 15 11 12 3 3 15 11 12 15 11 12 15 11 12 15 11 12 15 11 12 15 10 7 12 1 1 1 1 100 1 1 1 100 1 100 1 1
ciMethod java/util/Comparator comparingInt (Ljava/util/function/ToIntFunction;)Ljava/util/Comparator; 4132 0 220704 0 208
ciInstanceKlass java/util/stream/Stream 1 1 446 10 100 12 1 1 1 18 12 1 1 11 7 12 1 1 1 18 11 12 1 1 18 11 12 1 1 18 11 12 1 1 100 1 11 12 1 1 10 12 1 1 11 12 1 1 10 7 12 1 1 1 18 12 1 1 11 12 1 1 100 1 10 7 1 11 12 1 1 10 100 12 1 1 1 10 12 1 10 100 12 1 1 1 7 1 10 12 1 10 100 12 1 1 10 12 1 11 12 1 1 10 12 1 100 1 7 1 5 0 100 1 10 12 1 100 1 10 12 1 100 1 10 12 1 100 1 10 12 1 10 100 12 1 1 1 100 1 10 11 100 12 1 1 1 10 12 1 10 12 1 1 100 1 10 10 12 1 10 12 1 1 100 1 10 10 12 1 10 12 1 1 100 1 10 10 7 1 7 1 1 1 1 1 1 1 1 1 1 1 1 1 1 1 1 1 1 1 1 1 1 1 1 1 1 1 1 1 1 1 1 1 1 1 1 1 1 1 1 1 1 1 1 1 1 1 1 1 1 1 1 1 1 1 1 1 1 1 1 1 1 1 1 1 1 1 1 1 1 1 1 1 1 1 1 1 1 1 1 1 1 1 1 1 1 1 1 1 1 1 1 1 1 1 1 1 1 1 1 1 1 1 1 1 1 1 1 1 1 1 1 1 1 1 1 1 1 1 1 1 1 1 1 1 1 1 1 1 1 1 1 1 1 1 1 1 1 1 1 1 1 1 1 1 1 1 1 1 1 1 1 1 1 1 1 1 1 1 1 1 100 1 1 16 15 11 12 16 15 11 12 16 1 15 11 12 16 1 15 11 12 16 1 16 15 11 12 1 15 10 100 12 1 1 1 1 100 1 100 1 1 100 1 1 1 1 1 100 1 100 1 1 100 1 1 1 100 1 1 100 1 1 100 1 1 100 1 100 1 1 1 100 1 8 1 1 12 10 1 1 1 8 1 1 1 8 1 1 1 8 1 1 1 8 1 1 1 8 1 1 8 1 1 1 8 1
ciInstanceKlass java/util/stream/BaseStream 1 0 29 100 1 100 1 100 1 1 1 1 1 1 1 1 1 1 1 1 1 1 1 1 1 1 1 1 1 1 1
ciMethod java/util/stream/Stream filter (Ljava/util/function/Predicate;)Ljava/util/stream/Stream; 0 0 1 0 -1
ciMethod java/util/stream/Stream forEach (Ljava/util/function/Consumer;)V 0 0 1 0 -1
ciMethod java/util/stream/Stream sorted (Ljava/util/Comparator;)Ljava/util/stream/Stream; 0 0 1 0 -1
ciInstanceKlass java/util/function/Consumer 1 1 59 10 7 12 1 1 1 18 12 1 1 11 7 12 1 1 7 1 1 1 1 1 1 1 1 1 1 1 1 1 1 1 1 1 1 1 1 1 1 1 1 1 16 15 11 12 15 10 7 12 1 1 1 1 100 1 100 1 1
instanceKlass java/util/LinkedHashSet
ciInstanceKlass java/util/HashSet 1 1 303 10 7 12 1 1 1 7 1 10 9 7 12 1 1 1 11 7 12 1 1 1 10 100 12 1 1 1 10 12 1 1 10 12 1 1 10 12 1 10 12 1 7 1 10 10 12 1 1 11 7 12 1 1 1 10 10 12 1 1 10 12 1 1 9 12 1 1 10 12 1 1 10 12 1 1 10 12 1 10 7 12 1 1 1 10 100 1 7 1 10 12 1 10 100 12 1 1 10 12 1 10 12 1 10 12 1 1 10 12 1 1 11 7 12 1 1 11 12 1 10 12 1 1 10 100 12 1 1 1 10 12 1 100 1 7 1 10 8 1 10 12 1 1 10 12 1 10 12 1 1 10 12 1 10 12 1 10 7 12 1 1 1 8 1 10 12 1 4 4 10 12 1 1 8 1 10 12 1 1 4 10 100 12 1 1 1 100 1 10 12 1 1 11 100 12 1 1 1 100 1 10 12 1 100 1 10 12 1 10 12 1 1 10 12 1 100 1 8 1 10 10 12 1 10 10 7 1 7 1 1 1 1 5 0 1 1 1 1 1 1 1 1 1 1 1 1 1 1 1 1 1 1 1 1 1 1 1 1 1 1 1 1 1 1 1 1 1 1 100 1 1 1 1 7 1 1 1 1 1 1 1 1 1 1 1 1 1 1 1 1 1 1 1 100 1 1 100 1 7 1 1 1
staticfield java/util/HashSet PRESENT Ljava/lang/Object; java/lang/Object
instanceKlass java/util/IdentityHashMap$EntrySet
instanceKlass java/util/Collections$SingletonSet
instanceKlass java/lang/ProcessEnvironment$CheckedEntrySet
instanceKlass com/android/tools/r8/internal/Cm0
instanceKlass java/util/TreeMap$EntrySet
instanceKlass java/util/EnumSet
instanceKlass java/util/LinkedHashMap$LinkedEntrySet
instanceKlass java/util/TreeMap$KeySet
instanceKlass java/util/TreeSet
instanceKlass java/util/LinkedHashMap$LinkedKeySet
instanceKlass jdk/internal/util/ReferencedKeySet
instanceKlass java/util/IdentityHashMap$KeySet
instanceKlass java/util/HashMap$KeySet
instanceKlass java/util/AbstractMap$1
instanceKlass java/util/WeakHashMap$KeySet
instanceKlass java/util/Collections$SetFromMap
instanceKlass java/util/HashSet
instanceKlass java/util/ImmutableCollections$MapN$1
instanceKlass java/util/Collections$EmptySet
instanceKlass java/util/HashMap$EntrySet
ciInstanceKlass java/util/AbstractSet 1 1 96 10 7 12 1 1 1 7 1 7 1 11 12 1 1 10 7 1 10 12 1 1 100 1 100 1 10 12 1 1 11 100 12 1 1 1 11 12 1 1 10 100 12 1 1 10 100 12 1 1 1 11 10 12 1 1 11 12 1 11 12 1 1 1 1 1 1 1 1 1 1 1 1 1 1 1 1 100 1 1 1 1 1 1 1 1 1 1 1 1 1 1 1 1 1 1
ciInstanceKlass java/util/Spliterator 1 1 85 11 7 12 1 1 1 11 12 1 1 5 0 11 12 1 1 100 1 10 12 1 1 100 1 1 1 1 3 1 3 1 3 1 3 1 3 1 3 1 3 1 3 1 1 1 1 1 1 1 1 1 1 1 1 1 1 1 1 1 1 1 1 1 1 1 1 1 1 1 1 1 100 1 100 1 100 1 100 1 1 1 1 1 1
ciMethod java/util/Spliterator forEachRemaining (Ljava/util/function/Consumer;)V 0 0 1 0 -1
ciMethod java/util/Spliterator characteristics ()I 0 0 1 0 -1
ciMethod java/util/Spliterator estimateSize ()J 0 0 1 0 -1
ciMethod java/util/Spliterator getExactSizeIfKnown ()J 4116 0 26436 0 0
ciMethod java/util/Spliterator hasCharacteristics (I)Z 0 0 1 0 -1
ciMethod java/util/Spliterator getComparator ()Ljava/util/Comparator; 0 0 1 0 -1
ciInstanceKlass java/util/stream/StreamSupport 1 1 107 10 100 12 1 1 1 10 7 12 1 1 1 7 1 10 7 12 1 1 1 10 12 1 10 12 1 10 12 1 7 1 10 10 100 1 10 10 100 1 10 10 100 1 1 1 1 1 1 1 1 1 1 1 1 1 1 1 1 1 1 1 1 1 1 1 1 1 1 1 1 1 1 1 1 1 1 1 1 1 1 1 1 1 1 1 1 100 1 1 100 1 100 1 100 1 100 1 100 1 1 100 1 1 100 1 1
ciInstanceKlass java/util/stream/ReferencePipeline$Head 1 1 80 10 7 12 1 1 1 10 12 1 100 1 10 12 1 10 100 12 1 1 1 10 12 1 1 11 100 12 1 1 1 10 12 1 10 12 1 10 12 1 1 1 1 1 1 1 1 1 1 1 1 1 1 1 1 1 1 1 1 1 1 1 1 1 1 1 1 1 1 1 1 1 1 1 1 1 1 1 1 1
instanceKlass java/util/stream/AbstractPipeline
ciInstanceKlass java/util/stream/PipelineHelper 1 1 54 10 7 12 1 1 1 100 1 1 1 1 1 1 1 1 1 1 1 1 1 1 1 1 1 1 1 1 1 1 1 1 1 1 1 1 1 1 1 1 1 1 1 1 1 1 1 1 1 100 1 100 1 1
instanceKlass java/util/stream/IntPipeline
instanceKlass java/util/stream/ReferencePipeline
ciInstanceKlass java/util/stream/AbstractPipeline 1 1 423 10 7 12 1 1 1 9 7 12 1 1 1 9 12 1 1 9 12 1 9 7 12 1 1 1 9 12 1 9 12 1 9 12 1 9 12 1 9 12 1 1 9 12 1 1 9 12 1 100 1 8 1 10 12 1 9 12 1 9 12 1 10 12 1 1 10 12 1 1 9 12 1 9 12 1 10 12 1 1 11 7 12 1 1 100 1 10 10 12 1 11 12 1 1 10 12 1 11 12 1 1 11 12 1 10 12 1 1 10 12 1 1 10 11 100 12 1 1 1 7 1 8 1 9 12 1 1 11 7 12 1 1 10 7 12 1 1 1 10 100 12 1 1 1 10 12 1 1 18 12 1 10 12 1 1 10 12 1 1 9 12 1 1 10 12 1 1 9 12 1 10 12 1 1 11 12 1 9 12 1 9 12 1 10 12 1 9 12 1 11 12 1 1 5 0 9 12 1 10 12 1 1 7 1 10 12 1 1 10 12 1 1 11 12 1 1 11 12 1 1 11 12 1 10 12 1 1 10 12 1 1 9 12 1 10 12 1 1 18 12 1 10 12 1 1 10 12 1 1 10 12 1 1 10 12 1 1 100 1 11 12 1 1 100 1 8 1 10 18 12 1 1 11 100 12 1 1 1 7 1 10 7 12 1 1 7 1 1 1 1 1 1 1 1 1 1 1 1 1 1 1 1 1 1 1 1 1 1 1 1 1 1 1 1 1 1 1 1 1 1 1 1 1 1 1 1 1 1 1 1 1 1 1 1 1 1 1 1 1 1 1 1 1 1 1 1 1 1 1 1 1 1 1 1 1 1 1 1 1 1 1 1 1 1 1 1 1 1 1 1 1 1 1 1 1 1 1 1 1 1 1 1 1 1 1 1 1 1 1 1 1 1 1 1 16 15 10 12 16 15 10 12 16 1 15 10 12 16 15 10 7 12 1 1 1 1 1 100 1 100 1 1
staticfield java/util/stream/AbstractPipeline $assertionsDisabled Z 1
instanceKlass java/util/stream/ReferencePipeline$StatefulOp
instanceKlass java/util/stream/ReferencePipeline$StatelessOp
instanceKlass java/util/stream/ReferencePipeline$Head
ciInstanceKlass java/util/stream/ReferencePipeline 1 1 640 10 7 12 1 1 1 10 12 1 10 12 1 9 7 12 1 1 1 10 100 12 1 1 1 7 1 10 12 1 100 1 10 12 1 11 7 12 1 1 1 11 7 12 1 1 1 10 12 1 1 10 7 12 1 1 1 10 7 12 1 1 1 10 12 1 100 1 9 7 12 1 1 1 10 12 1 10 7 12 1 1 1 7 1 9 12 1 10 12 1 7 1 9 12 1 9 12 1 10 12 1 100 1 10 12 1 100 1 10 12 1 100 1 10 12 1 7 1 10 100 1 10 100 1 10 100 1 10 100 1 10 12 1 100 1 10 100 1 10 100 1 10 100 1 10 12 1 10 100 12 1 1 1 10 7 12 1 1 10 12 1 100 1 10 7 12 1 1 1 10 12 1 10 7 12 1 1 5 0 10 100 12 1 1 1 10 12 1 10 7 12 1 1 10 12 1 1 10 12 1 1 10 12 1 1 11 100 12 1 1 1 18 12 1 1 10 12 1 10 100 12 1 1 1 10 12 1 11 100 12 1 1 1 9 7 12 1 1 1 10 7 12 1 1 7 1 10 12 1 9 12 1 9 12 1 10 7 12 1 1 7 1 10 7 12 1 1 10 12 1 10 12 1 11 7 12 1 1 1 9 7 12 1 1 1 11 7 12 1 1 1 9 12 1 11 12 1 1 11 100 12 1 1 1 11 12 1 1 18 12 1 1 10 12 1 1 10 12 1 9 12 1 11 12 1 1 11 100 12 1 10 12 1 11 100 12 1 1 1 10 12 1 1 11 12 1 10 12 1 1 10 12 1 1 10 12 1 1 11 100 12 1 1 7 1 7 1 1 1 1 1 1 1 1 1 1 1 1 1 1 1 1 1 1 1 1 1 1 1 1 1 1 1 1 1 1 1 1 1 1 1 1 1 1 1 1 1 1 1 1 1 1 1 1 1 1 1 1 1 1 1 1 1 1 1 1 1 1 1 1 1 1 1 1 1 1 1 1 1 1 1 1 1 1 1 1 1 1 1 1 1 1 1 1 1 1 1 1 1 1 1 1 1 1 1 1 1 1 1 1 1 1 1 1 1 1 1 1 1 1 1 1 1 1 1 1 1 1 1 1 1 1 1 1 1 1 1 1 1 1 1 1 1 1 1 1 1 1 1 1 1 1 1 1 1 1 1 1 1 1 1 1 1 1 1 1 1 1 1 1 1 1 1 1 1 1 1 1 1 1 1 1 1 1 1 1 1 1 1 1 1 1 1 1 1 1 1 1 1 1 1 1 1 1 1 1 1 1 100 1 100 1 100 1 100 1 100 1 100 1 100 1 100 1 100 1 100 1 100 1 100 1 100 1 100 1 100 1 100 1 100 1 1 16 1 15 10 12 16 16 1 15 10 12 15 10 100 12 1 1 1 1 100 1 1 1 100 1 1 1 1 1 1 1 100 1 100 1 1
ciMethod java/util/stream/AbstractPipeline getStreamAndOpFlags ()I 262 0 131 0 0
ciMethod java/util/stream/AbstractPipeline wrapSink (Ljava/util/stream/Sink;)Ljava/util/stream/Sink; 4096 9490 26447 0 0
ciMethod java/util/stream/AbstractPipeline copyInto (Ljava/util/stream/Sink;Ljava/util/Spliterator;)V 4096 0 17519 0 888
ciMethod java/util/stream/AbstractPipeline copyIntoWithCancel (Ljava/util/stream/Sink;Ljava/util/Spliterator;)Z 22 32 306 0 0
ciMethod java/util/stream/AbstractPipeline wrapAndCopyInto (Ljava/util/stream/Sink;Ljava/util/Spliterator;)Ljava/util/stream/Sink; 4096 0 17581 0 1200
ciMethod java/util/stream/AbstractPipeline opEvaluateParallelLazy (Ljava/util/stream/PipelineHelper;Ljava/util/Spliterator;)Ljava/util/Spliterator; 0 0 1 0 -1
ciMethod java/util/stream/AbstractPipeline isParallel ()Z 1024 0 47945 0 104
ciMethod java/util/stream/ReferencePipeline filter (Ljava/util/function/Predicate;)Ljava/util/stream/Stream; 4096 0 26878 0 968
ciMethod java/util/stream/ReferencePipeline sorted (Ljava/util/Comparator;)Ljava/util/stream/Stream; 2364 0 24618 0 0
ciInstanceKlass java/util/stream/StreamOpFlag 1 1 262 7 1 9 12 1 1 9 12 1 9 12 1 9 12 1 9 12 1 9 12 1 9 12 1 1 10 7 12 1 1 10 7 12 1 1 1 7 1 7 1 7 1 10 12 1 1 10 12 1 10 12 1 1 10 12 1 10 12 1 1 9 12 1 1 9 12 1 1 9 12 9 12 1 9 12 1 9 12 1 1 11 7 12 1 1 1 7 1 10 12 1 1 10 12 1 1 9 12 1 9 12 1 9 12 1 10 12 1 1 9 12 1 11 7 12 1 1 11 12 1 1 8 9 12 1 10 9 12 1 10 12 1 10 12 1 8 8 9 12 1 10 12 9 12 1 8 8 8 10 12 1 10 12 1 1 9 12 1 9 12 1 9 12 1 9 12 1 10 12 1 9 12 1 9 12 1 9 12 1 9 12 1 9 12 1 9 12 1 9 12 1 9 12 1 9 12 1 9 12 1 9 12 1 1 1 3 1 3 1 3 1 1 1 1 1 1 1 1 1 1 1 1 1 1 1 1 1 1 1 1 1 1 1 1 1 1 1 1 1 1 1 1 1 1 1 1 1 1 1 1 1 1 1 1 1 1 1 1 1 1 1
staticfield java/util/stream/StreamOpFlag DISTINCT Ljava/util/stream/StreamOpFlag; java/util/stream/StreamOpFlag
staticfield java/util/stream/StreamOpFlag SORTED Ljava/util/stream/StreamOpFlag; java/util/stream/StreamOpFlag
staticfield java/util/stream/StreamOpFlag ORDERED Ljava/util/stream/StreamOpFlag; java/util/stream/StreamOpFlag
staticfield java/util/stream/StreamOpFlag SIZED Ljava/util/stream/StreamOpFlag; java/util/stream/StreamOpFlag
staticfield java/util/stream/StreamOpFlag SHORT_CIRCUIT Ljava/util/stream/StreamOpFlag; java/util/stream/StreamOpFlag
staticfield java/util/stream/StreamOpFlag SIZE_ADJUSTING Ljava/util/stream/StreamOpFlag; java/util/stream/StreamOpFlag
staticfield java/util/stream/StreamOpFlag SPLITERATOR_CHARACTERISTICS_MASK I 85
staticfield java/util/stream/StreamOpFlag STREAM_MASK I 85
staticfield java/util/stream/StreamOpFlag OP_MASK I 83886271
staticfield java/util/stream/StreamOpFlag TERMINAL_OP_MASK I 16777248
staticfield java/util/stream/StreamOpFlag UPSTREAM_TERMINAL_OP_MASK I 32
staticfield java/util/stream/StreamOpFlag FLAG_MASK I 251658495
staticfield java/util/stream/StreamOpFlag FLAG_MASK_IS I 85
staticfield java/util/stream/StreamOpFlag FLAG_MASK_NOT I 170
staticfield java/util/stream/StreamOpFlag INITIAL_OPS_VALUE I 255
staticfield java/util/stream/StreamOpFlag IS_DISTINCT I 1
staticfield java/util/stream/StreamOpFlag NOT_DISTINCT I 2
staticfield java/util/stream/StreamOpFlag IS_SORTED I 4
staticfield java/util/stream/StreamOpFlag NOT_SORTED I 8
staticfield java/util/stream/StreamOpFlag IS_ORDERED I 16
staticfield java/util/stream/StreamOpFlag NOT_ORDERED I 32
staticfield java/util/stream/StreamOpFlag IS_SIZED I 64
staticfield java/util/stream/StreamOpFlag NOT_SIZED I 128
staticfield java/util/stream/StreamOpFlag IS_SHORT_CIRCUIT I 16777216
staticfield java/util/stream/StreamOpFlag IS_SIZE_ADJUSTING I 67108864
staticfield java/util/stream/StreamOpFlag $VALUES [Ljava/util/stream/StreamOpFlag; 6 [Ljava/util/stream/StreamOpFlag;
ciMethod java/util/stream/StreamSupport stream (Ljava/util/Spliterator;Z)Ljava/util/stream/Stream; 4158 0 26477 0 0
ciInstanceKlass java/lang/annotation/Annotation 0 0 17 100 1 100 1 1 1 1 1 1 1 1 1 1 1 1 1
ciInstanceKlass java/util/WeakHashMap 1 1 399 7 1 10 7 12 1 1 1 7 1 10 9 7 12 1 1 1 100 1 7 1 10 8 1 10 12 1 1 10 12 1 10 12 1 1 10 12 1 3 10 7 12 1 1 1 8 1 10 12 1 10 7 12 1 1 1 10 12 1 1 9 12 1 1 9 12 1 1 9 12 1 1 4 10 12 1 11 7 12 1 1 1 6 0 10 100 12 1 1 1 10 12 1 1 10 12 1 1 9 12 1 1 10 12 1 1 10 12 1 1 10 7 12 1 1 10 12 1 10 12 1 1 9 12 1 10 12 1 9 12 1 1 9 12 1 9 12 10 12 1 10 10 12 1 1 10 12 1 10 12 1 1 10 12 1 1 10 12 1 1 9 12 1 10 12 1 10 12 1 1 7 1 3 10 12 1 1 11 12 1 1 11 100 12 1 1 1 11 7 12 1 1 1 11 12 100 1 11 12 1 11 12 1 10 12 1 1 10 10 100 12 1 1 1 10 12 1 9 12 1 1 7 1 10 12 1 9 12 1 1 100 1 10 9 12 100 1 10 10 100 12 1 1 10 12 1 11 100 12 1 1 1 100 1 10 11 100 12 1 1 8 1 10 12 1 10 12 10 1 1 3 1 1 1 1 1 1 1 1 1 1 1 1 1 1 1 1 1 1 1 1 1 1 1 1 1 1 1 1 1 1 1 1 1 7 1 1 1 1 1 100 1 1 1 1 1 1 1 1 1 1 1 1 1 1 1 1 1 1 1 1 1 1 1 1 1 1 1 1 1 1 1 7 1 1 1 1 1 1 1 1 1 1 1 1 1 1 1 1 1 1 1 1 1 1 1 1 1 1 100 1 100 1 100 1 100 1 100 1 100 1 100 1 100 1 1 1 1 1 1 1 1 1 1 1 1 1 1
staticfield java/util/WeakHashMap NULL_KEY Ljava/lang/Object; java/lang/Object
ciInstanceKlass java/util/IdentityHashMap 1 1 403 9 7 12 1 1 1 10 7 12 1 1 1 10 12 1 1 100 1 7 1 10 8 1 10 12 1 1 10 12 1 10 12 1 1 10 12 1 10 12 1 1 3 3 10 7 12 1 1 7 1 9 12 1 1 11 7 12 1 1 1 6 0 10 12 10 12 1 1 9 12 1 10 7 12 1 1 1 10 12 1 1 10 12 1 1 10 12 1 1 10 12 1 1 9 12 1 3 3 100 1 8 1 10 11 12 1 1 11 7 12 1 1 1 11 7 12 1 1 1 11 12 1 1 7 1 11 12 1 11 12 1 10 12 1 1 10 12 1 10 10 12 1 1 10 11 12 1 1 10 12 1 10 12 1 9 12 1 10 100 100 1 7 1 10 12 1 9 12 1 7 1 10 12 1 9 12 1 1 7 1 10 7 1 10 10 100 12 1 1 10 12 1 10 12 1 1 10 100 12 1 1 1 10 12 1 100 1 8 1 10 10 100 12 1 1 1 11 100 12 1 1 1 10 12 1 10 12 1 1 10 10 100 12 1 1 11 100 12 1 1 100 1 10 11 100 12 1 1 10 12 1 10 7 1 7 1 1 1 3 1 3 1 1 1 1 1 5 0 1 1 1 1 1 1 1 1 1 1 1 1 1 1 1 1 1 1 1 1 1 1 1 1 1 1 1 1 1 1 1 1 1 1 1 1 1 1 1 1 1 1 1 1 1 1 1 1 1 1 1 1 1 1 1 1 1 1 1 1 7 1 1 1 1 1 1 1 100 1 1 1 1 7 1 1 1 1 1 1 1 1 1 1 1 1 1 1 1 1 1 1 1 1 1 1 1 1 1 1 100 1 100 1 100 1 100 1 100 1 100 1 100 1 100 1 100 1 1 1 1 1 1 100 1 1 1 1 1 1 1 1 1 1
staticfield java/util/IdentityHashMap NULL_KEY Ljava/lang/Object; java/lang/Object
ciMethod java/util/IdentityHashMap put (Ljava/lang/Object;Ljava/lang/Object;)Ljava/lang/Object; 4386 1604 147374 0 -1
ciMethod java/util/IdentityHashMap isEmpty ()Z 4106 0 463596 0 96
ciMethod java/util/IdentityHashMap entrySet ()Ljava/util/Set; 4104 0 17344 0 0
ciMethod java/util/IdentityHashMap keySet ()Ljava/util/Set; 4116 0 86881 0 416
ciMethod java/util/IdentityHashMap <init> ()V 12 0 2437197 0 496
ciMethod java/util/IdentityHashMap init (I)V 16 0 2443584 0 0
ciMethod java/util/IdentityHashMap unmaskNull (Ljava/lang/Object;)Ljava/lang/Object; 512 0 250493 0 -1
ciInstanceKlass java/util/function/Supplier 1 0 14 100 1 100 1 1 1 1 1 1 1 1 1 1
ciMethod java/util/function/Supplier get ()Ljava/lang/Object; 0 0 1 0 -1
ciInstanceKlass java/lang/invoke/DirectMethodHandle$Constructor 1 1 91 10 7 12 1 1 1 9 7 12 1 1 1 9 12 1 1 9 12 1 1 10 100 12 1 1 1 100 1 10 12 1 9 12 1 9 12 1 10 12 1 10 12 1 1 9 12 1 1 10 12 1 1 10 7 12 1 1 1 1 1 1 1 1 1 1 1 1 1 1 100 1 100 1 1 1 1 1 1 1 1 1 1 1 1 1 1 1 1 1 1
staticfield java/lang/invoke/DirectMethodHandle$Constructor $assertionsDisabled Z 1
ciInstanceKlass java/util/AbstractMap$SimpleImmutableEntry 1 1 98 10 7 12 1 1 1 9 7 12 1 1 1 9 12 1 11 7 12 1 1 1 11 12 1 100 1 10 10 7 12 1 1 1 10 12 1 1 7 1 10 10 12 1 1 8 1 10 12 1 10 12 1 1 7 1 1 1 1 5 0 1 1 1 1 1 1 1 1 1 1 1 1 1 1 1 1 1 1 1 1 1 1 1 1 1 1 1 1 1 1 1 1 1 1 7 1 1
ciMethod java/util/AbstractMap$SimpleImmutableEntry <init> (Ljava/lang/Object;Ljava/lang/Object;)V 1024 0 168686 0 -1
ciInstanceKlass java/util/function/Predicate 1 1 101 10 7 12 1 1 1 18 12 1 1 18 12 1 18 18 12 1 18 12 1 11 7 12 1 1 10 7 12 1 1 1 11 12 1 1 1 1 1 1 1 1 1 1 1 1 1 1 1 1 1 1 1 1 1 1 1 1 1 1 1 1 1 1 1 1 1 1 1 1 1 16 15 11 12 15 11 12 15 11 12 15 10 12 1 15 11 12 15 10 7 12 1 1 1 1 100 1 100 1 1
ciMethod java/util/function/Predicate test (Ljava/lang/Object;)Z 0 0 1 0 -1
instanceKlass java/util/ArrayList$ListItr
ciInstanceKlass java/util/ArrayList$Itr 1 1 104 9 7 12 1 1 1 10 7 12 1 1 1 9 12 1 1 9 7 12 1 1 9 12 1 9 12 1 9 12 1 10 12 1 100 1 10 9 12 1 1 100 1 10 100 1 10 10 12 1 1 100 1 10 100 12 1 1 1 10 12 1 1 11 100 12 1 1 1 100 1 1 1 1 1 1 1 1 1 1 1 1 1 1 1 1 100 1 1 1 1 1 1 1 1 1 1 1 1 1 1 1 1 1
ciMethod java/util/ArrayList$Itr hasNext ()Z 830 0 2086571 0 120
ciMethod java/util/ArrayList$Itr next ()Ljava/lang/Object; 802 0 11800 0 272
ciMethod java/util/ArrayList$Itr <init> (Ljava/util/ArrayList;)V 388 0 4401044 0 0
ciMethod java/util/ArrayList$Itr checkForComodification ()V 802 0 11813 0 0
ciInstanceKlass java/util/ArrayList$ArrayListSpliterator 1 1 101 9 7 12 1 1 1 10 7 12 1 1 1 9 12 1 1 9 12 1 9 12 1 9 7 12 1 1 9 12 1 10 12 1 1 10 12 1 100 1 10 9 12 1 1 11 7 12 1 1 1 100 1 10 100 1 10 12 1 1 1 1 1 1 1 1 1 1 1 1 1 1 1 1 1 1 1 1 1 1 1 1 1 1 1 1 1 1 1 100 1 1 1 1 1 1 1 1 1 1 1
ciMethod java/util/ArrayList$ArrayListSpliterator forEachRemaining (Ljava/util/function/Consumer;)V 408 19026 204 0 0
ciMethod java/util/ArrayList$ArrayListSpliterator characteristics ()I 260 0 130 0 0
ciMethod java/util/ArrayList$ArrayListSpliterator getFence ()I 932 0 541 0 0
ciMethod java/util/ArrayList$ArrayListSpliterator estimateSize ()J 512 0 342 0 0
ciInstanceKlass java/util/ListIterator 1 0 27 100 1 100 1 100 1 1 1 1 1 1 1 1 1 1 1 1 1 1 1 1 1 1 1 1 1
ciInstanceKlass java/util/function/ToIntFunction 1 0 14 100 1 100 1 1 1 1 1 1 1 1 1 1
ciMethod java/util/Iterator remove ()V 0 0 1 0 -1
ciInstanceKlass java/util/Collections$SetFromMap 1 1 182 10 7 12 1 1 1 9 7 12 1 1 1 11 7 12 1 1 1 9 12 1 1 11 12 1 11 12 1 1 11 12 1 1 11 12 1 1 11 12 1 1 9 7 12 1 1 1 11 12 1 1 11 7 12 1 1 1 11 12 1 1 11 12 1 11 12 1 1 11 12 1 11 12 1 11 12 1 1 11 12 1 11 12 1 11 12 1 1 11 12 1 1 11 12 1 1 11 12 1 1 11 12 1 10 100 12 1 1 100 1 8 1 10 12 1 7 1 1 1 1 1 1 1 5 0 1 1 1 1 1 1 1 1 1 1 1 1 1 1 1 1 1 1 1 1 1 1 1 1 1 1 1 1 1 1 1 1 1 1 1 1 1 1 1 1 1 100 1 7 1 1 100 1 1 1 1 1 100 1 1 1
ciMethod java/util/Collections$SetFromMap remove (Ljava/lang/Object;)Z 516 0 11606 0 3640
ciMethod java/util/Collections$SetFromMap <init> (Ljava/util/Map;)V 714 0 373948 0 0
ciInstanceKlass java/util/Deque 1 1 101 10 100 12 1 1 1 11 7 12 1 1 1 7 1 7 1 7 1 1 1 1 1 1 1 1 1 1 1 1 1 1 1 1 1 1 1 1 1 1 1 1 1 1 1 1 1 1 1 1 1 1 1 1 1 1 1 1 1 1 1 1 1 1 1 1 1 1 1 1 1 100 1 8 1 1 12 10 1 1 1 8 1 1 1 8 1 1 1 8 1 1 8 1 1 1 8 1 1 8 1
ciInstanceKlass java/util/Queue 1 0 70 7 1 7 1 7 1 1 1 1 1 1 1 1 1 1 1 1 1 1 1 1 100 1 8 1 1 12 10 1 1 1 8 1 1 1 8 1 1 1 8 1 1 1 8 1 1 1 8 1 1 8 1 1 1 8 1 1 8 1 1 1 8 1 1 8 1 1 8 1
instanceKlass com/android/tools/r8/internal/lC
ciInstanceKlass java/util/ArrayDeque 1 1 438 7 1 9 7 12 1 1 1 3 10 12 1 1 10 7 12 1 1 1 9 12 1 1 9 12 1 10 7 12 1 1 1 100 1 8 1 10 12 1 1 3 10 7 12 1 1 7 1 11 7 12 1 1 1 10 12 1 10 12 1 1 100 1 10 100 1 10 10 12 1 10 12 1 10 12 1 10 18 12 1 1 11 12 1 1 10 12 1 1 10 12 1 10 12 1 1 100 1 10 10 12 1 10 12 1 1 10 12 1 1 10 12 1 1 10 12 1 10 12 1 10 12 1 10 12 1 10 12 1 1 7 1 10 12 1 100 1 10 100 1 10 10 7 12 1 1 1 11 7 12 1 10 12 1 1 18 12 1 1 18 11 7 12 1 10 12 1 1 10 12 1 1 10 12 1 1 10 12 1 1 10 12 1 1 10 12 1 7 10 12 1 1 10 12 1 1 10 12 1 1 10 100 12 1 1 10 12 1 100 1 100 1 10 10 100 12 1 1 10 12 1 10 12 1 10 100 12 1 1 10 12 1 10 100 12 1 1 1 11 100 12 1 1 1 10 12 1 7 1 9 12 1 1 8 1 10 12 1 1 10 100 12 1 1 1 8 1 10 12 1 1 10 12 1 11 12 1 7 1 7 1 7 1 1 1 1 1 5 0 1 1 1 1 1 1 1 1 1 1 1 1 1 1 1 1 1 1 1 1 1 1 1 1 1 1 1 1 1 1 1 1 1 1 1 1 1 1 1 1 1 1 1 1 1 1 1 1 1 1 1 1 1 1 1 1 1 1 1 1 1 1 1 1 1 1 1 1 1 1 1 1 1 1 1 1 1 1 1 1 1 1 1 1 1 1 100 1 1 1 1 1 1 1 1 7 1 1 1 1 1 1 1 1 1 1 1 100 1 1 1 7 1 1 1 1 1 1 1 1 1 1 1 16 15 16 15 10 12 15 10 12 15 10 7 12 1 1 1 1 1 1 1 100 1 100 1 1
ciMethod java/util/ArrayDeque isEmpty ()Z 514 0 1881060 0 104
ciMethod java/util/ArrayDeque removeFirst ()Ljava/lang/Object; 4852 0 78730 0 264
ciMethod java/util/ArrayDeque pollFirst ()Ljava/lang/Object; 512 0 5465 0 256
ciMethod java/util/ArrayDeque <init> ()V 188 0 715498 0 488
ciMethod java/util/ArrayDeque elementAt ([Ljava/lang/Object;I)Ljava/lang/Object; 512 0 36047 0 0
ciMethod java/util/ArrayDeque inc (II)I 512 0 98188 0 0
ciInstanceKlass java/lang/invoke/BoundMethodHandle$Species_L 1 1 126 10 7 12 1 1 1 9 7 12 1 1 1 9 12 1 1 10 12 1 9 7 12 1 1 1 10 7 12 1 1 1 10 12 1 1 10 7 12 1 1 1 100 1 10 100 12 1 1 1 9 12 1 10 12 1 9 12 1 10 12 1 9 12 1 10 12 1 9 12 1 10 12 1 10 12 1 1 10 12 1 1 1 1 1 1 1 1 1 1 1 1 1 1 1 1 1 1 1 1 1 1 1 1 1 1 1 1 1 1 1 1 1 1 1 1 1 1 1 1 1 1 1 100 1 1
ciInstanceKlass java/lang/invoke/BoundMethodHandle$Species_LLLLL 1 1 82 1 7 1 7 1 1 1 1 1 1 1 1 1 1 1 12 9 1 1 1 12 10 12 9 12 9 12 9 12 9 12 9 1 1 12 10 1 1 1 100 1 7 1 1 12 10 1 7 1 1 12 10 1 1 1 12 10 1 1 1 12 10 1 1 1 12 10 1 1 1 12 10 1 1 1 12 10 1 1 1 1
ciInstanceKlass java/util/IdentityHashMap$KeySet 1 1 158 9 7 12 1 1 1 10 7 12 1 1 1 7 1 10 12 1 9 7 12 1 1 1 10 12 1 1 10 12 1 1 10 7 12 1 1 10 12 1 1 11 7 12 1 1 1 11 12 1 1 11 7 12 1 1 11 12 10 12 1 10 100 12 1 1 1 7 1 10 12 1 1 9 12 1 10 12 1 10 12 1 1 10 7 12 1 1 10 7 12 1 1 1 7 1 9 12 1 100 1 10 10 12 1 100 1 10 12 1 1 1 1 1 1 1 1 1 1 1 1 1 1 1 1 1 1 1 1 1 1 1 1 1 1 1 1 1 1 1 1 1 1 1 1 1 1 1 1 1 1 1 1 1 1 1 1 1
ciMethod java/util/IdentityHashMap$KeySet <init> (Ljava/util/IdentityHashMap;)V 514 0 85231 0 0
ciInstanceKlass java/util/stream/TerminalOp 1 1 55 9 100 12 1 1 1 9 100 12 1 1 1 11 7 12 1 1 1 8 1 10 12 1 1 11 12 1 1 7 1 1 1 1 1 1 1 1 1 1 1 1 1 1 1 1 1 1 1 1 1 1 1 1 1
ciMethod java/util/stream/TerminalOp inputShape ()Ljava/util/stream/StreamShape; 0 0 1 0 -1
ciMethod java/util/stream/TerminalOp getOpFlags ()I 0 0 1 0 -1
ciMethod java/util/stream/TerminalOp evaluateParallel (Ljava/util/stream/PipelineHelper;Ljava/util/Spliterator;)Ljava/lang/Object; 0 0 1 0 -1
ciMethod java/util/stream/TerminalOp evaluateSequential (Ljava/util/stream/PipelineHelper;Ljava/util/Spliterator;)Ljava/lang/Object; 0 0 1 0 -1
ciInstanceKlass java/util/stream/Sink 1 1 73 100 1 8 1 10 12 1 1 7 1 7 1 7 1 1 1 1 1 1 1 1 1 1 1 1 1 1 1 1 1 1 1 1 1 1 1 1 1 1 1 100 1 100 1 100 1 100 1 100 1 100 1 100 1 1 1 1 1 1 1 1 1 1 100 1 8 1 1 12 10 1 1
ciMethod java/util/stream/Sink begin (J)V 88482 0 45053 0 -1
ciMethod java/util/stream/Sink end ()V 88542 0 45043 0 -1
ciMethod java/util/stream/Sink accept (Ljava/lang/Object;)V 0 0 1 0 -1
ciInstanceKlass java/util/stream/TerminalSink 1 0 27 7 1 7 1 7 1 7 1 1 1 1 1 1 100 1 8 1 1 12 10 1 1 1 8 1 1
ciInstanceKlass java/util/stream/StreamShape 1 1 59 7 1 9 12 1 1 9 12 1 9 12 1 9 12 1 9 12 1 1 10 100 12 1 1 10 7 12 1 1 1 10 12 1 1 8 10 8 8 8 10 12 1 1 1 1 1 1 1 1 1 1 1 1 1 1 1 1 1
staticfield java/util/stream/StreamShape REFERENCE Ljava/util/stream/StreamShape; java/util/stream/StreamShape
staticfield java/util/stream/StreamShape INT_VALUE Ljava/util/stream/StreamShape; java/util/stream/StreamShape
staticfield java/util/stream/StreamShape LONG_VALUE Ljava/util/stream/StreamShape; java/util/stream/StreamShape
staticfield java/util/stream/StreamShape DOUBLE_VALUE Ljava/util/stream/StreamShape; java/util/stream/StreamShape
staticfield java/util/stream/StreamShape $VALUES [Ljava/util/stream/StreamShape; 4 [Ljava/util/stream/StreamShape;
instanceKlass java/util/stream/ReferencePipeline$7$1
instanceKlass java/util/stream/SliceOps$1$1
instanceKlass java/util/stream/ReferencePipeline$2$1
instanceKlass java/util/stream/SortedOps$AbstractRefSortingSink
instanceKlass java/util/stream/ReferencePipeline$3$1
ciInstanceKlass java/util/stream/Sink$ChainedReference 1 1 61 10 7 12 1 1 1 10 7 12 1 1 1 7 1 9 7 12 1 1 1 11 12 1 1 11 12 1 11 12 1 1 1 1 1 1 1 1 1 1 1 1 1 1 1 1 1 1 1 1 1 1 100 1 8 1 1 12 10 1 1
ciMethod java/util/stream/Sink$ChainedReference end ()V 87856 0 44334 0 112
ciInstanceKlass java/util/stream/ForEachOps 1 1 79 10 100 12 1 1 1 10 7 12 1 1 1 7 1 10 12 1 100 1 10 12 1 100 1 10 12 1 100 1 10 12 1 100 1 1 1 1 1 1 1 1 1 1 1 1 1 1 1 1 1 1 1 1 1 1 1 1 1 1 1 1 1 1 1 100 1 100 1 100 1 1 1 1 1 1 1 1 1
ciInstanceKlass java/util/stream/ForEachOps$ForEachOp$OfRef 1 1 59 10 7 12 1 1 1 9 7 12 1 1 1 11 7 12 1 1 1 10 12 1 1 10 12 1 10 12 1 1 1 1 1 1 1 1 1 1 1 1 1 1 1 1 1 1 1 1 1 1 1 1 1 1 100 1 1 1 1
instanceKlass java/util/stream/ForEachOps$ForEachOp$OfRef
ciInstanceKlass java/util/stream/ForEachOps$ForEachOp 1 1 110 10 7 12 1 1 1 9 7 12 1 1 1 9 7 12 1 1 1 10 7 12 1 1 1 10 12 1 1 100 1 10 12 1 10 12 1 1 100 1 10 12 1 1 10 10 10 12 1 1 10 12 1 7 1 7 1 1 1 1 1 1 1 1 1 1 1 1 1 1 1 1 1 1 1 1 1 1 1 1 1 1 100 1 1 1 1 1 100 1 1 100 1 1 100 1 1 100 1 1 1 100 1 8 1 1 12 10 1 1
ciMethod java/util/stream/ForEachOps$ForEachOp get ()Ljava/lang/Void; 258 0 14419 0 0
ciMethod java/util/stream/ForEachOps$ForEachOp getOpFlags ()I 4096 0 17187 0 0
ciMethod java/util/stream/ForEachOps$ForEachOp evaluateSequential (Ljava/util/stream/PipelineHelper;Ljava/util/Spliterator;)Ljava/lang/Void; 1024 0 15712 0 0
ciMethod java/util/stream/ForEachOps$ForEachOp$OfRef evaluateSequential (Ljava/util/stream/PipelineHelper;Ljava/util/Spliterator;)Ljava/lang/Object; 4100 0 17256 0 0
ciMethod java/util/stream/ForEachOps makeRef (Ljava/util/function/Consumer;Z)Ljava/util/stream/TerminalOp; 1024 0 15821 0 344
ciInstanceKlass java/util/stream/ReferencePipeline$2 1 1 55 9 7 12 1 1 1 10 7 12 1 1 1 7 1 10 12 1 1 1 1 1 1 1 1 1 1 1 1 1 1 1 1 1 1 1 1 1 1 1 1 1 1 1 1 1 1 100 1 12 1 1 1 1 1
instanceKlass java/util/stream/ReferencePipeline$7
instanceKlass java/util/stream/ReferencePipeline$2
instanceKlass java/util/stream/IntPipeline$1
instanceKlass java/util/stream/ReferencePipeline$3
ciInstanceKlass java/util/stream/ReferencePipeline$StatelessOp 1 1 63 10 7 12 1 1 1 9 7 12 1 1 1 10 100 12 1 1 1 100 1 10 12 1 10 12 1 1 10 7 12 1 1 1 1 1 1 1 1 1 1 1 1 1 1 1 1 1 1 1 100 1 1 1 1 1 1 1 1 1 1 1 1
staticfield java/util/stream/ReferencePipeline$StatelessOp $assertionsDisabled Z 1
ciMethod java/util/stream/ReferencePipeline$StatelessOp opIsStateful ()Z 302 0 151 0 0
ciMethod java/util/stream/AbstractPipeline opWrapSink (ILjava/util/stream/Sink;)Ljava/util/stream/Sink; 0 0 1 0 -1
ciMethod java/util/stream/ReferencePipeline forEach (Ljava/util/function/Consumer;)V 1024 0 15820 0 1576
ciMethod java/util/stream/ReferencePipeline$StatelessOp <init> (Ljava/util/stream/AbstractPipeline;Ljava/util/stream/StreamShape;I)V 1378 0 25539 0 0
ciMethod java/util/stream/ReferencePipeline$2 <init> (Ljava/util/stream/ReferencePipeline;Ljava/util/stream/AbstractPipeline;Ljava/util/stream/StreamShape;ILjava/util/function/Predicate;)V 1028 0 25330 0 0
ciInstanceKlass java/util/stream/ReferencePipeline$3$1 1 1 61 9 7 12 1 1 1 10 7 12 1 1 1 9 12 1 1 9 7 12 1 1 1 11 7 12 1 1 1 11 7 12 1 1 1 1 1 1 1 1 1 1 1 1 1 1 1 1 1 1 1 1 1 12 1 1 1 100 1 1 1
ciInstanceKlass java/util/stream/ReferencePipeline$2$1 1 1 70 9 7 12 1 1 1 10 7 12 1 1 1 9 12 1 1 5 0 11 7 12 1 1 1 9 7 12 1 1 1 11 7 12 1 1 1 11 12 1 1 1 1 1 1 1 1 1 1 1 1 1 1 1 1 1 1 1 1 1 1 1 12 1 1 1 100 1 1 1
ciMethod java/util/stream/ReferencePipeline$2$1 begin (J)V 49800 0 25447 0 120
ciMethod java/util/stream/ReferencePipeline$2$1 accept (Ljava/lang/Object;)V 4102 0 200308 0 1640
ciMethod java/util/Set add (Ljava/lang/Object;)Z 0 0 1 0 -1
ciMethod java/util/stream/ForEachOps$ForEachOp$OfRef <init> (Ljava/util/function/Consumer;Z)V 1024 0 15819 0 296
ciMethod java/util/stream/ForEachOps$ForEachOp <init> (Z)V 1272 0 15814 0 0
ciMethod java/util/stream/StreamOpFlag fromCharacteristics (Ljava/util/Spliterator;)I 4096 0 26478 0 0
ciMethod java/util/stream/StreamOpFlag isKnown (I)Z 1024 0 115992 0 0
ciMethod java/util/stream/StreamOpFlag combineOpFlags (II)I 1024 0 77092 0 0
ciMethod java/util/stream/StreamOpFlag getMask (I)I 1024 0 77312 0 0
ciMethod java/util/stream/ReferencePipeline$Head <init> (Ljava/util/Spliterator;IZ)V 1024 0 24552 0 0
ciMethod java/util/stream/ReferencePipeline <init> (Ljava/util/stream/AbstractPipeline;I)V 1024 0 56907 0 0
ciMethod java/util/stream/ReferencePipeline <init> (Ljava/util/Spliterator;IZ)V 1024 0 24561 0 0
ciMethod java/util/stream/AbstractPipeline opIsStateful ()Z 0 0 1 0 -1
ciMethod java/util/stream/AbstractPipeline <init> (Ljava/util/stream/AbstractPipeline;I)V 1024 0 60974 0 1016
ciMethod java/util/stream/AbstractPipeline <init> (Ljava/util/Spliterator;IZ)V 4102 0 26473 0 0
ciMethod java/util/stream/AbstractPipeline sourceSpliterator (I)Ljava/util/Spliterator; 4104 0 26465 0 0
ciMethod java/util/stream/AbstractPipeline getOutputShape ()Ljava/util/stream/StreamShape; 0 0 1 0 -1
ciMethod java/util/stream/AbstractPipeline evaluate (Ljava/util/stream/TerminalOp;)Ljava/lang/Object; 4100 0 17607 0 1632
ciMethod java/util/stream/AbstractPipeline forEachWithCancel (Ljava/util/Spliterator;Ljava/util/stream/Sink;)Z 0 0 1 0 -1
ciMethod java/util/stream/PipelineHelper <init> ()V 1024 0 85898 0 0
ciMethod java/util/stream/PipelineHelper wrapAndCopyInto (Ljava/util/stream/Sink;Ljava/util/Spliterator;)Ljava/util/stream/Sink; 0 0 1 0 -1
ciMethod java/util/AbstractSet <init> ()V 768 0 1152297 0 80
ciMethod java/util/function/Consumer accept (Ljava/lang/Object;)V 0 0 1 0 -1
ciMethod java/util/Collections newSetFromMap (Ljava/util/Map;)Ljava/util/Set; 4144 0 375912 0 880
ciMethod java/util/HashMap <init> ()V 812 0 1402033 0 -1
ciMethod java/util/AbstractMap <init> ()V 554 0 4085366 0 80
ciMethod java/util/Arrays copyOf ([JI)[J 0 0 1 0 -1
ciMethod java/lang/Math max (II)I 586 0 1108152 0 -1
ciMethod jdk/internal/misc/Unsafe allocateInstance (Ljava/lang/Class;)Ljava/lang/Object; 256 0 128 0 -1
ciMethod java/util/Iterator next ()Ljava/lang/Object; 0 0 1 0 -1
ciMethod java/util/Iterator hasNext ()Z 0 0 1 0 -1
ciMethod java/util/Set contains (Ljava/lang/Object;)Z 0 0 1 0 -1
ciMethod java/util/Set iterator ()Ljava/util/Iterator; 0 0 1 0 -1
ciMethod java/util/Set isEmpty ()Z 0 0 1 0 -1
ciMethod java/util/Set clear ()V 0 0 1 0 -1
ciMethod java/util/Set remove (Ljava/lang/Object;)Z 0 0 1 0 -1
ciMethod java/util/Map keySet ()Ljava/util/Set; 0 0 1 0 -1
ciMethod java/util/Map isEmpty ()Z 0 0 1 0 -1
ciMethod java/util/Map remove (Ljava/lang/Object;)Ljava/lang/Object; 0 0 1 0 -1
ciMethod java/lang/Object getClass ()Ljava/lang/Class; 256 0 128 0 -1
ciMethod java/lang/Object <init> ()V 1024 0 40728820 0 80
ciInstanceKlass  @bci com/android/tools/r8/synthesis/M a (Lcom/android/tools/r8/graph/V;)Lcom/android/tools/r8/graph/j1; 207 <appendix> form vmentry <vmtarget> ; 1 1 35 1 7 1 100 1 1 1 1 1 1 1 7 1 1 12 9 1 1 1 1 1 7 1 1 12 10 1 7 12 9 1 1 1 1
staticfield  @bci com/android/tools/r8/synthesis/M a (Lcom/android/tools/r8/graph/V;)Lcom/android/tools/r8/graph/j1; 207 <appendix> form vmentry <vmtarget> ; _D_0 Ljava/lang/invoke/LambdaForm; java/lang/invoke/LambdaForm
ciInstanceKlass com/android/tools/r8/graph/d1 1 1 80 1 8 1 1 7 1 100 1 1 1 7 1 1 12 9 1 1 12 11 1 1 1 1 1 1 1 1 7 1 12 9 1 100 12 11 1 1 100 1 1 12 10 12 11 1 1 1 7 1 1 12 10 12 10 1 1 12 10 1 12 11 1 1 1 100 1 12 10 1 12 9 1 1 1 1 1 1 1 1
instanceKlass com/android/tools/r8/internal/Nn0
instanceKlass com/android/tools/r8/internal/oC
instanceKlass com/android/tools/r8/internal/WC
ciInstanceKlass com/android/tools/r8/internal/dD 1 1 194 1 8 1 1 7 1 7 1 7 1 1 1 1 3 1 8 1 7 1 7 1 1 12 10 1 12 10 1 100 1 100 1 1 12 10 1 7 1 12 10 1 7 1 1 12 10 1 12 10 1 12 10 1 12 10 1 100 1 7 1 12 10 1 7 1 1 12 9 1 1 100 1 1 12 10 1 7 1 1 12 10 1 100 1 1 12 10 1 100 1 12 10 1 100 1 12 10 1 7 1 7 1 1 12 11 1 7 1 1 12 9 1 7 1 1 12 10 1 7 1 12 9 1 12 10 1 100 1 12 10 1 1 12 10 1 100 1 8 10 1 8 1 8 1 100 1 12 10 10 1 1 1 7 10 1 3 1 7 1 12 10 6 0 3 1 8 1 1 1 12 10 1 12 10 10 11 1 1 12 11 1 100 1 100 1 100 1 12 10 1 1 1 1
staticfield com/android/tools/r8/internal/dD c I 0
ciInstanceKlass com/android/tools/r8/internal/Yf0 1 1 96 1 8 1 1 7 1 7 1 1 1 1 1 1 1 1 1 1 1 1 12 10 12 9 12 9 12 9 12 9 1 1 7 12 9 12 10 12 9 1 1 100 1 7 1 1 12 10 1 12 10 1 1 1 1 1 7 1 12 10 1 1 1 100 1 12 10 1 1 1 1 1 1 7 1 1 12 10 1 1 100 1 12 9 1 100 1 12 10 1 1 1 1 1 1 1
staticfield com/android/tools/r8/internal/Yf0 i [Ljava/lang/Object; 0 [Ljava/lang/Object;
staticfield com/android/tools/r8/internal/Yf0 j Lcom/android/tools/r8/internal/Yf0; com/android/tools/r8/internal/Yf0
ciInstanceKlass com/android/tools/r8/internal/qv 1 1 37 1 8 1 1 7 1 1 7 1 1 1 1 7 1 12 9 1 100 1 1 12 10 1 1 12 10 1 1 12 11 1 1 1 1 1 1
ciInstanceKlass com/android/tools/r8/internal/r50 1 1 57 1 8 1 1 7 1 1 100 1 100 1 100 1 1 1 1 1 12 11 1 1 1 1 7 1 1 12 9 1 1 1 1 1 100 1 12 10 12 11 1 1 1 12 11 12 11 1 1 12 11 1 1 1 1 1 1
ciInstanceKlass com/android/tools/r8/internal/Gr0 1 1 117 1 8 1 1 7 1 1 7 1 100 1 1 1 1 1 1 1 1 1 12 11 1 16 1 12 11 15 1 16 1 7 1 1 12 10 15 1 12 18 1 7 1 12 10 1 1 1 100 1 100 1 1 12 10 12 11 1 12 11 1 7 1 12 10 1 1 16 1 12 11 15 1 16 1 12 18 1 7 1 12 10 1 1 7 1 12 10 1 100 12 11 1 1 12 10 1 7 1 12 10 1 7 1 12 11 1 1 12 11 1 1 1 1 1 1 1
instanceKlass com/android/tools/r8/internal/c20
instanceKlass com/android/tools/r8/internal/M1
instanceKlass com/android/tools/r8/internal/wp0
instanceKlass com/android/tools/r8/internal/B7
instanceKlass com/android/tools/r8/internal/Jn0
instanceKlass com/android/tools/r8/internal/Aw0
instanceKlass com/android/tools/r8/internal/u10
ciInstanceKlass com/android/tools/r8/internal/F1 1 1 120 1 8 1 1 100 1 7 1 100 1 1 1 1 1 100 1 1 12 9 1 1 1 1 100 1 1 12 10 1 1 1 1 1 1 1 1 1 1 1 100 1 1 1 100 1 8 1 100 1 1 12 10 15 1 12 18 1 12 10 1 1 7 1 1 1 1 1 1 8 18 1 1 1 1 1 1 1 1 1 1 1 1 1 1 1 1 1 1 1 1 1 1 1 1 7 1 1 1 1 1 1 1 1 1 1 1 1 1 1 1 1 1 1 1 10 1 1 1 1
staticfield com/android/tools/r8/internal/F1 a I 0
ciInstanceKlass com/android/tools/r8/internal/Nn0 1 1 70 1 8 1 1 7 1 7 1 1 1 1 1 12 10 1 7 1 1 12 10 12 9 1 1 1 1 1 12 10 1 1 1 7 12 10 1 1 1 100 10 1 1 1 1 12 10 1 1 1 100 1 8 1 12 10 12 10 1 1 12 10 1 12 10 10 1 1 1 1
instanceKlass com/android/tools/r8/internal/NC
instanceKlass com/android/tools/r8/internal/e0
instanceKlass com/android/tools/r8/internal/wC
instanceKlass com/android/tools/r8/internal/jL
instanceKlass com/android/tools/r8/internal/G
ciInstanceKlass com/android/tools/r8/internal/Cw0 1 1 36 1 8 1 1 100 1 7 1 100 1 1 12 10 1 1 100 10 1 1 1 1 1 100 1 8 1 1 12 10 1 1 1 8 1 1
instanceKlass com/android/tools/r8/internal/hy
instanceKlass com/android/tools/r8/internal/qC
instanceKlass com/android/tools/r8/internal/kL
ciInstanceKlass com/android/tools/r8/internal/G 1 1 58 1 8 1 1 7 1 7 1 100 1 1 1 1 1 1 12 10 1 7 1 12 10 12 9 12 9 1 1 1 1 1 1 12 10 12 10 1 100 10 1 1 1 1 12 10 1 1 1 1 100 10 1 1 1 1 1 1
ciInstanceKlass com/android/tools/r8/internal/kL 1 1 32 1 8 1 1 7 1 7 1 1 1 1 1 1 1 12 10 12 9 1 1 1 7 12 10 12 9 1 1 1 1 1
staticfield com/android/tools/r8/internal/kL e Lcom/android/tools/r8/internal/kL; com/android/tools/r8/internal/kL
ciInstanceKlass com/android/tools/r8/internal/jL 1 1 32 1 8 1 1 7 1 7 1 1 1 1 1 1 12 9 1 12 10 1 1 12 9 1 1 1 100 10 1 1 1 1
instanceKlass com/android/tools/r8/internal/ut0
instanceKlass com/android/tools/r8/internal/A7
instanceKlass com/android/tools/r8/internal/s80
instanceKlass com/android/tools/r8/internal/Se0
ciInstanceKlass com/android/tools/r8/internal/mv0 1 1 312 1 8 1 1 7 1 7 1 1 1 1 1 16 1 12 10 15 1 16 1 100 1 1 12 10 15 1 1 12 18 12 10 1 1 1 1 12 10 1 7 1 12 10 1 1 1 1 1 12 10 1 12 10 1 1 7 1 1 12 10 1 7 1 12 10 12 10 12 9 1 12 10 1 100 1 1 12 10 1 7 12 10 1 1 12 10 1 12 10 1 7 1 12 10 1 10 1 1 1 1 1 1 1 7 1 12 10 12 10 1 12 10 1 100 1 1 12 10 1 1 1 1 12 10 1 7 1 7 1 7 1 7 1 7 1 12 10 1 1 1 1 1 10 1 1 1 12 9 1 1 1 12 9 1 1 1 7 1 12 9 1 1 7 1 12 9 1 1 1 7 1 12 9 1 1 7 1 12 9 1 1 1 12 9 1 1 1 12 9 1 1 1 100 1 12 9 1 1 1 12 9 1 1 1 12 9 1 1 1 100 1 12 9 1 1 12 9 1 1 12 10 1 100 1 1 12 11 1 100 1 12 11 1 1 12 11 1 1 1 12 10 1 7 1 1 12 9 1 12 10 1 1 12 9 12 10 1 12 10 1 7 12 9 1 12 9 1 7 1 12 9 1 12 10 1 12 10 1 100 1 12 10 1 1 7 1 12 10 12 10 12 10 12 10 12 10 12 10 12 10 12 10 1 12 10 1 1 1 1 1 1
staticfield com/android/tools/r8/internal/mv0 a Z 1
ciInstanceKlass com/android/tools/r8/internal/oL 1 1 74 1 8 1 1 100 1 100 1 1 1 1 12 10 1 7 1 1 12 11 1 1 12 11 1 100 1 1 12 11 1 1 8 1 7 1 12 11 1 100 1 100 1 1 12 10 1 1 7 1 12 10 1 1 12 10 1 7 1 1 12 9 1 12 10 1 100 1 12 10 1 1 1 1
ciInstanceKlass com/android/tools/r8/internal/Em0 1 1 89 1 8 1 1 100 1 100 1 1 1 100 1 1 12 10 1 1 1 100 12 10 1 1 7 10 1 1 100 1 1 12 11 1 100 1 1 12 11 1 1 12 11 1 1 12 10 1 1 1 12 10 1 100 1 12 11 1 100 1 12 11 11 1 1 12 11 1 12 11 11 12 11 1 1 12 10 1 100 11 1 100 1 12 10 1 1 1 1
ciInstanceKlass com/android/tools/r8/internal/Gl0 1 1 25 1 8 1 1 100 1 100 1 1 1 7 1 1 12 10 1 7 1 1 12 10 1 1 1
instanceKlass com/android/tools/r8/graph/e0
instanceKlass com/android/tools/r8/graph/D4
instanceKlass com/android/tools/r8/graph/K5
ciInstanceKlass com/android/tools/r8/graph/H0 1 1 195 1 8 1 1 7 1 1 7 1 100 1 1 1 1 12 10 1 1 12 10 12 9 1 100 1 1 12 10 1 100 1 100 1 100 10 1 7 1 1 12 10 1 7 1 7 1 12 10 1 7 1 1 1 1 12 10 1 12 10 1 1 12 10 1 12 10 1 7 1 1 12 10 1 12 10 1 1 7 1 12 10 1 1 1 12 10 1 12 10 1 1 12 10 1 12 10 1 1 1 1 12 10 1 1 1 1 1 1 12 10 1 7 1 12 10 1 1 1 12 10 1 1 1 100 1 12 10 1 1 1 12 10 1 1 12 9 1 1 100 1 12 10 12 10 1 12 10 1 12 10 1 1 1 1 1 12 10 1 1 1 12 10 1 1 1 12 10 1 1 1 1 1 1 12 10 1 1 1 1 1 1 1 1 1 1 100 1 8 1 1 12 10 1 1
staticfield com/android/tools/r8/graph/H0 e Z 1
instanceKlass java/util/LinkedList
ciInstanceKlass java/util/AbstractSequentialList 1 1 110 10 7 12 1 1 1 10 7 12 1 1 1 11 100 12 1 1 1 100 1 100 1 100 1 10 8 1 10 12 1 1 10 12 1 10 12 1 1 10 12 1 11 12 1 1 11 12 1 11 12 1 11 100 12 1 1 1 11 100 12 1 1 1 11 10 12 1 1 1 1 1 1 1 1 1 1 1 1 1 1 1 1 1 1 1 1 1 1 1 1 1 1 1 1 1 1 1 1 1 1 1 1 1 1 1 1 1 1 1
ciInstanceKlass java/util/LinkedList 1 1 346 10 7 12 1 1 1 9 7 12 1 1 1 10 10 12 1 1 9 12 1 1 7 1 10 12 1 9 12 1 9 12 1 9 12 1 9 12 1 9 12 1 1 100 1 10 10 12 1 1 10 12 1 10 12 1 1 10 12 1 10 12 1 1 10 12 1 10 7 12 1 1 1 10 12 1 10 12 1 1 11 7 12 1 1 1 10 12 1 1 10 12 1 10 12 1 1 100 1 10 8 1 10 12 1 1 10 12 1 8 1 10 12 1 1 10 12 1 1 100 1 10 12 1 1 10 12 1 10 12 1 10 12 1 1 10 12 1 10 12 1 10 12 1 10 12 1 10 12 1 7 1 10 12 1 100 1 10 12 1 10 12 1 100 1 100 1 10 12 1 10 12 1 1 10 12 1 1 10 100 12 1 1 10 100 12 1 1 1 100 1 10 100 12 1 1 10 12 1 10 12 1 10 100 12 1 1 10 12 1 1 10 12 1 100 1 10 12 1 100 1 10 12 1 1 11 100 12 1 1 10 12 1 10 12 100 1 100 1 100 1 1 1 1 1 1 5 0 1 1 1 1 1 1 1 1 1 1 1 1 1 1 1 1 1 1 1 1 1 1 1 1 1 1 1 1 1 1 1 1 1 1 1 1 1 1 1 1 1 1 1 1 1 1 1 1 1 1 1 1 1 1 1 1 1 1 1 1 1 1 1 1 1 1 1 1 1 1 1 1 1 1 1 1 1 1 100 1 1 1 100 1 1 1 1 1 1 1 1 1 1 1 1 1 1 1
ciInstanceKlass java/util/LinkedList$Node 1 1 39 10 7 12 1 1 1 9 7 12 1 1 1 9 12 1 1 9 12 1 1 1 1 1 1 1 1 1 1 1 1 1 1 1 1 100 1 1 1
ciInstanceKlass java/lang/AssertionError 0 0 79 10 100 12 1 1 1 10 12 1 10 100 12 1 1 1 10 100 1 100 1 10 12 1 1 10 12 1 10 12 1 10 12 1 10 12 1 10 12 1 10 12 1 10 12 1 1 1 1 5 0 1 1 1 1 1 1 1 1 1 1 100 1 1 1 1 1 1 1 1 1 1 1 1 1 1 1 1 1
instanceKlass com/android/tools/r8/internal/EJ
ciInstanceKlass java/lang/IllegalStateException 0 0 35 10 100 12 1 1 1 10 12 1 10 12 1 10 12 1 100 1 1 1 1 5 0 1 1 1 1 1 1 1 1 1 1 1 1
instanceKlass java/lang/ArrayIndexOutOfBoundsException
ciInstanceKlass java/lang/IndexOutOfBoundsException 0 0 49 10 100 12 1 1 1 10 12 1 100 1 10 8 1 10 12 1 1 10 12 1 10 12 1 1 10 12 1 100 1 1 1 1 5 0 1 1 1 1 1 1 1 1 1 1 1 1 1
ciInstanceKlass java/util/NoSuchElementException 0 0 34 10 100 12 1 1 1 10 12 1 10 12 1 10 12 1 100 1 1 1 1 5 0 1 1 1 1 1 1 1 1 1 1 1
ciInstanceKlass java/util/ConcurrentModificationException 0 0 34 10 100 12 1 1 1 10 12 1 10 12 1 10 12 1 100 1 1 1 1 5 0 1 1 1 1 1 1 1 1 1 1 1
ciInstanceKlass com/android/tools/r8/graph/K5 1 1 411 1 8 1 1 7 1 1 7 1 100 1 100 1 100 1 1 100 1 100 1 1 7 1 7 1 1 1 1 1 1 12 10 1 12 10 1 1 7 1 1 12 10 1 7 1 1 12 10 1 1 12 10 1 7 1 12 10 1 1 7 1 1 12 10 1 100 1 1 12 10 1 1 12 10 1 100 1 12 10 1 12 10 1 1 12 10 1 100 1 12 10 1 100 1 12 10 1 12 10 1 12 10 1 12 10 1 100 1 1 12 10 1 100 1 12 9 1 100 1 1 12 11 12 10 1 12 10 1 1 12 10 1 12 10 1 12 9 1 100 12 9 1 100 1 12 9 1 1 12 9 1 1 12 10 1 1 12 9 1 100 1 12 10 1 1 12 10 1 100 12 11 1 100 1 12 10 1 12 10 1 12 10 12 10 1 12 10 12 10 1 100 12 11 12 10 1 12 10 1 12 10 1 12 10 1 12 10 12 10 12 10 1 12 10 12 10 12 10 1 12 10 1 12 10 12 10 1 12 9 1 12 10 1 100 1 12 9 1 12 10 1 12 9 1 12 10 1 100 10 1 12 10 1 100 1 12 10 1 1 12 10 1 100 12 9 1 100 1 12 10 1 12 10 1 12 10 1 100 1 1 12 10 1 1 12 10 1 12 10 1 100 12 9 1 100 1 100 12 10 1 1 12 10 1 1 1 1 12 9 12 9 1 7 1 12 10 1 12 10 1 1 1 1 12 9 1 12 10 1 1 12 9 1 100 1 12 10 12 9 12 9 1 100 1 12 10 1 12 10 1 12 10 1 1 1 1 1 1 1 1 1 1 1 12 9 1 1 10 1 1 12 10 1 1 1 1 1 1 7 1 12 10 1 1 100 1 12 10 1 12 10 12 9 1 100 1 12 11 1 100 12 11 1 1 1 1 1 1 1 1
staticfield com/android/tools/r8/graph/K5 f Z 1
instanceKlass com/android/tools/r8/internal/R70
instanceKlass com/android/tools/r8/internal/Q70
instanceKlass com/android/tools/r8/internal/P70
instanceKlass com/android/tools/r8/internal/O70
ciInstanceKlass com/android/tools/r8/internal/S70 1 1 49 1 8 1 1 7 1 7 1 100 1 1 1 1 1 1 1 12 10 1 1 1 7 12 10 12 9 1 7 10 12 9 1 7 1 7 1 1 1 1 100 1 8 1 1 12 10 1 1
staticfield com/android/tools/r8/internal/S70 b Lcom/android/tools/r8/internal/O70; com/android/tools/r8/internal/O70
staticfield com/android/tools/r8/internal/S70 c Lcom/android/tools/r8/internal/P70; com/android/tools/r8/internal/P70
ciInstanceKlass com/android/tools/r8/internal/P70 1 1 24 1 8 1 1 100 1 7 1 1 1 8 1 12 10 1 1 1 1 1 8 1 1 1
ciInstanceKlass com/android/tools/r8/internal/hi 1 1 81 1 8 1 1 7 1 100 1 1 1 16 1 12 10 15 1 7 1 1 12 10 15 1 1 12 18 1 1 16 1 12 10 15 1 12 18 1 1 1 12 10 15 12 18 1 12 10 15 12 18 1 1 1 12 10 15 12 18 1 100 1 1 12 11 1 100 12 11 1 100 1 1 12 11 1 1 1 1 1 1
ciInstanceKlass  @bci com/android/tools/r8/internal/hi b ()Ljava/util/function/Consumer; 0 <appendix> argL0 ; 1 1 20 1 7 1 7 1 100 1 1 12 10 1 1 1 7 1 12 10 1 1
ciInstanceKlass com/android/tools/r8/shaking/j2 1 0 32 1 8 1 1 100 1 100 1 1 1 1 16 1 12 11 15 1 100 1 1 12 10 15 1 12 18 1 1 1 1 1
ciInstanceKlass com/android/tools/r8/graph/y 1 1 1365 1 8 1 1 7 1 1 7 1 100 1 100 1 100 1 100 1 100 1 100 1 100 1 100 1 100 1 100 1 100 1 100 1 100 1 100 1 100 1 100 1 1 100 1 100 1 1 100 1 7 1 1 100 1 1 100 1 100 1 100 1 1 1 1 1 1 1 1 1 1 1 1 1 1 1 1 1 1 1 1 1 1 1 1 1 1 1 1 1 1 1 1 1 1 1 1 1 1 1 1 1 1 1 1 1 1 1 1 1 1 1 1 1 1 1 1 1 1 1 1 1 1 1 1 1 1 1 1 1 1 1 1 1 1 1 1 1 1 1 1 1 1 1 1 1 1 1 1 100 1 12 11 1 12 10 1 1 12 11 1 12 10 1 1 1 12 11 1 12 10 1 100 1 12 10 1 12 9 1 12 10 1 7 1 12 10 1 1 12 10 1 1 12 10 1 12 10 1 1 12 10 1 100 12 10 1 100 1 12 10 1 1 12 10 1 12 9 1 12 10 1 12 9 1 100 1 8 1 12 10 1 100 1 1 12 10 12 9 12 9 12 9 12 9 12 9 1 100 1 12 10 1 1 7 1 12 10 1 1 7 1 12 10 1 1 12 10 1 7 1 12 10 1 1 7 1 12 10 1 12 9 12 9 1 100 1 1 12 11 1 1 12 10 1 7 12 10 1 1 1 1 12 9 12 9 12 10 1 100 1 12 10 1 12 10 12 10 1 12 10 12 9 1 7 12 9 1 12 10 1 1 1 12 9 1 100 10 12 10 1 100 12 9 12 9 1 1 12 10 1 12 10 12 10 1 12 10 1 12 10 1 12 10 12 10 12 10 1 100 1 12 10 12 10 1 12 10 1 12 10 1 7 12 10 1 12 10 1 100 1 12 10 1 12 9 1 1 12 9 1 1 12 9 1 1 12 9 12 9 1 100 1 12 10 12 9 1 100 1 12 11 1 12 10 10 1 12 11 10 1 12 9 1 100 10 12 9 1 12 9 1 7 1 1 12 10 12 9 1 7 12 9 1 12 10 9 1 12 10 12 9 1 8 1 12 10 1 12 9 1 12 9 1 100 1 12 11 12 9 1 1 12 10 1 100 12 9 12 9 1 12 10 12 10 1 1 1 12 9 1 12 9 1 1 1 1 1 12 11 1 16 12 10 15 1 16 1 7 1 1 12 10 15 1 1 12 18 12 10 15 1 16 18 12 10 15 1 16 18 1 100 1 12 10 1 100 1 100 1 12 10 1 100 1 100 1 12 10 1 12 10 1 100 1 100 10 1 12 10 1 12 9 1 1 100 10 12 9 1 7 1 12 9 1 100 1 12 11 1 12 9 1 100 1 12 10 12 9 1 12 10 1 12 9 1 100 1 12 11 1 12 9 12 9 1 12 10 1 100 1 100 1 12 9 1 12 10 1 12 9 1 1 1 12 10 1 7 1 12 10 1 100 1 12 9 1 12 9 12 9 1 1 12 9 1 12 9 1 100 12 9 1 100 1 1 12 10 1 12 9 1 100 11 1 1 100 10 1 12 9 1 100 1 7 1 8 1 12 10 1 12 10 1 12 10 1 12 10 1 100 1 12 10 12 10 1 7 1 12 10 1 100 1 12 10 12 9 1 8 1 100 1 12 10 1 100 12 9 1 1 12 11 1 100 1 12 11 1 1 12 11 12 9 11 1 12 10 1 12 10 1 12 9 1 12 10 1 7 1 12 10 12 9 1 100 1 12 10 1 7 1 12 10 12 10 1 1 100 12 9 1 12 10 12 10 1 1 12 10 9 12 9 1 100 1 100 1 1 12 10 1 100 12 10 1 12 10 1 100 1 12 10 12 9 1 1 12 9 1 100 1 12 11 1 100 1 12 10 1 1 1 12 9 1 100 12 11 12 9 1 1 12 9 1 100 1 12 10 1 1 12 11 12 9 12 10 1 8 1 100 1 1 12 10 15 1 12 18 12 10 1 8 18 1 12 10 1 12 10 16 1 12 10 15 16 1 12 18 1 1 12 10 1 1 100 12 9 1 1 12 10 12 10 12 10 1 12 10 1 1 1 1 12 10 1 1 1 100 1 12 10 1 12 9 1 100 9 1 1 12 9 1 100 1 12 10 1 100 1 12 9 12 10 1 12 9 1 12 10 1 12 11 1 12 10 12 10 1 1 1 8 1 100 1 100 16 12 10 15 1 16 1 12 18 10 1 12 10 1 12 10 1 12 10 1 12 10 1 1 1 12 10 1 100 12 10 1 12 10 1 12 10 15 1 16 1 12 18 1 12 10 1 100 1 12 10 1 12 9 1 12 10 1 12 10 15 16 18 12 10 12 10 1 100 1 12 10 1 8 1 12 10 1 100 1 12 11 1 12 10 1 12 10 10 1 12 10 10 10 10 10 10 10 10 10 1 100 1 100 12 11 1 100 1 12 10 1 12 10 11 1 100 1 12 10 12 10 1 100 9 1 100 1 1 12 10 1 1 12 10 1 100 1 12 10 9 1 12 11 1 12 11 12 11 1 1 7 1 12 10 10 1 7 10 1 12 10 12 9 12 9 1 7 12 10 1 7 12 9 12 9 1 7 10 12 9 1 7 10 12 9 12 9 1 7 1 12 9 1 7 10 1 12 10 9 1 7 1 12 9 1 7 12 9 1 7 1 12 9 1 7 10 12 9 12 9 12 9 16 12 10 15 16 1 12 18 1 8 1 12 10 1 7 10 12 9 1 7 10 12 9 1 100 10 12 9 1 100 10 12 9 12 10 15 16 18 1 8 1 7 1 12 10 15 16 1 12 18 1 8 12 9 1 8 1 12 10 12 9 12 10 9 1 100 10 12 9 12 10 1 100 1 12 10 12 10 15 16 18 1 8 12 9 12 10 15 1 16 1 12 18 1 8 12 10 15 16 18 1 8 12 10 15 16 18 1 8 12 10 15 16 18 1 8 1 7 12 9 1 1 12 9 1 12 9 1 100 1 8 1 100 12 9 1 12 9 1 100 11 1 12 10 1 12 10 10 12 9 1 8 12 10 12 10 16 12 10 15 1 12 18 1 100 11 1 1 1 1 1 1 1 1 1 1
staticfield com/android/tools/r8/graph/y W Z 1
instanceKlass com/android/tools/r8/ir/optimize/s
instanceKlass com/android/tools/r8/ir/optimize/X
instanceKlass com/android/tools/r8/internal/SY
instanceKlass com/android/tools/r8/internal/Tn
instanceKlass com/android/tools/r8/internal/X5
instanceKlass com/android/tools/r8/internal/sf
instanceKlass com/android/tools/r8/internal/U80
instanceKlass com/android/tools/r8/internal/jY
instanceKlass com/android/tools/r8/internal/Yw
ciInstanceKlass com/android/tools/r8/internal/sv 1 1 28 1 8 1 1 7 1 7 1 100 1 1 12 10 1 1 1 12 10 1 12 10 1 1 1 1 1 1
ciInstanceKlass java/util/IdentityHashMap$EntrySet 1 1 172 9 7 12 1 1 1 10 7 12 1 1 1 7 1 10 12 1 100 1 11 12 1 1 11 12 1 10 7 12 1 1 1 10 12 1 9 12 1 1 10 12 1 10 100 12 1 1 1 10 12 1 1 11 100 12 1 1 1 11 12 1 11 100 12 1 1 1 11 12 1 100 1 10 12 1 1 9 12 1 10 12 1 10 12 1 1 10 100 12 1 1 10 100 12 1 1 1 100 1 9 12 1 100 1 10 100 1 10 12 1 10 12 1 7 1 10 12 1 1 1 1 1 1 1 1 1 1 1 1 1 1 1 1 1 1 1 1 1 1 1 1 1 1 1 1 1 1 1 1 1 1 1 1 1 1 1 1 1 1 1 1 1 1 1 100 1 1 100 1 1 1
ciInstanceKlass java/util/LinkedList$ListItr 1 1 134 9 7 12 1 1 1 10 7 12 1 1 1 9 7 12 1 1 1 9 12 1 9 12 1 10 12 1 1 9 12 1 1 9 12 1 10 12 1 10 12 1 1 100 1 10 9 12 1 9 7 1 9 12 1 1 10 12 1 9 12 1 9 12 1 100 1 10 10 12 1 1 10 12 1 1 10 12 1 1 10 100 12 1 1 1 11 100 12 1 1 100 1 10 100 1 1 1 1 1 1 1 1 1 1 1 1 1 1 1 1 1 1 1 1 1 1 1 1 1 1 1 1 1 1 1 1 1 1 1 1 1 1 1
ciInstanceKlass java/util/BitSet 1 1 417 7 1 9 12 1 1 9 12 1 1 9 12 1 1 100 1 10 12 1 1 10 7 1 9 12 1 10 12 1 1 100 1 100 1 10 8 1 10 12 1 1 10 12 1 10 12 1 1 10 12 1 10 12 1 1 10 12 1 10 100 12 1 1 1 10 12 1 10 100 12 1 1 1 10 12 1 1 10 12 1 1 10 12 1 10 100 12 1 1 1 10 12 1 1 10 12 1 9 100 12 1 1 1 10 12 1 1 10 10 12 1 10 12 1 1 10 12 1 1 10 12 1 5 0 10 12 1 1 10 12 1 1 10 100 12 1 1 1 10 12 1 100 1 8 1 10 8 1 8 1 8 1 8 1 10 12 1 10 12 1 10 12 1 1 5 0 10 12 1 10 12 1 10 12 10 12 10 12 1 10 12 10 100 12 1 1 1 8 1 10 12 1 10 12 1 10 12 1 10 100 12 1 1 1 5 0 10 12 1 10 12 1 1 10 7 100 1 100 1 10 12 1 10 100 12 1 1 1 8 1 10 100 12 1 1 10 12 1 10 100 12 1 1 1 10 100 12 1 1 100 1 3 10 12 1 3 10 10 12 1 10 12 1 10 12 1 8 1 100 1 10 12 1 10 100 12 1 1 1 10 7 12 1 1 1 7 1 10 12 1 9 12 1 1 100 1 100 1 1 1 3 1 3 1 3 1 1 1 5 0 1 1 1 1 1 1 1 1 1 1 1 1 1 1 1 1 1 1 1 1 1 1 1 1 1 100 1 1 1 1 1 1 1 1 1 1 1 1 1 1 1 1 1 1 1 1 1 1 1 1 1 1 1 1 1 1 1 1 1 1 1 1 1 1 1 1 1 1 1 1 1 1 1 1 1 1 100 1 1 1 1 1 100 1 1 1 1 1 1 1 1 1 1 1 1 1 1 1 1 1 1 100 1 100 1 1
staticfield java/util/BitSet serialPersistentFields [Ljava/io/ObjectStreamField; 1 [Ljava/io/ObjectStreamField;
staticfield java/util/BitSet $assertionsDisabled Z 1
instanceKlass java/util/IdentityHashMap$EntrySpliterator
ciInstanceKlass java/util/IdentityHashMap$IdentityHashMapSpliterator 1 1 64 10 7 12 1 1 1 9 7 12 1 1 1 9 12 1 1 9 12 1 9 12 1 9 12 1 9 7 12 1 1 9 12 1 9 12 1 1 10 12 1 1 1 1 1 1 1 1 1 1 1 1 1 1 1 1 1 1 1 1 1 1 1 1
ciInstanceKlass java/util/IdentityHashMap$EntrySpliterator 1 1 126 10 7 12 1 1 1 10 7 12 1 1 1 9 12 1 1 9 12 1 1 9 12 1 9 12 1 10 100 1 10 12 1 9 7 12 1 1 1 10 12 1 1 7 1 10 12 1 11 7 12 1 1 1 9 12 1 100 1 10 9 12 1 9 12 1 100 1 10 12 1 1 1 1 1 1 1 1 1 1 1 1 1 1 1 1 1 1 1 1 1 1 1 1 1 1 1 1 1 1 1 1 100 1 1 1 100 1 1 1 1 1 1 1 1 1 1 1 100 1 1 100 1 100 1 1
ciInstanceKlass  @bci java/util/Comparator comparingInt (Ljava/util/function/ToIntFunction;)Ljava/util/Comparator; 6 <appendix> member <vmtarget> ; 1 1 39 1 7 1 7 1 7 1 100 1 1 1 1 1 12 10 12 9 1 1 1 1 12 11 1 1 1 100 8 8 8 3 8 8 1 12 10 1 1
ciInstanceKlass java/util/stream/SortedOps 1 1 100 10 100 12 1 1 1 7 1 10 12 1 10 12 1 100 1 10 100 1 10 100 1 10 100 1 1 1 1 1 1 1 1 1 1 1 1 1 1 1 1 1 1 1 1 1 1 1 1 1 1 1 1 1 1 1 1 1 1 100 1 100 1 100 1 100 1 100 1 100 1 100 1 100 1 100 1 100 1 100 1 100 1 1 1 1 1 1 1 1 1 1 1 1 1 1 1 1 1 1
instanceKlass java/util/stream/SliceOps$1
instanceKlass java/util/stream/SortedOps$OfRef
ciInstanceKlass java/util/stream/ReferencePipeline$StatefulOp 1 1 66 10 7 12 1 1 1 9 7 12 1 1 1 10 100 12 1 1 1 100 1 10 12 1 10 12 1 1 10 7 12 1 1 1 1 1 1 1 1 1 1 1 1 1 1 1 1 1 1 1 100 1 1 1 1 1 1 1 1 1 1 1 1 1 1 1
staticfield java/util/stream/ReferencePipeline$StatefulOp $assertionsDisabled Z 1
ciInstanceKlass java/util/stream/SortedOps$OfRef 1 1 147 9 7 12 1 1 1 9 7 12 1 1 1 9 12 1 10 7 12 1 1 1 9 7 12 1 1 1 11 7 12 1 1 1 9 12 1 1 9 12 1 10 7 12 1 1 1 9 12 1 1 10 12 1 1 9 12 1 100 1 10 12 1 7 1 10 10 100 12 1 1 1 10 12 1 1 11 100 12 1 1 1 10 100 12 1 1 1 10 100 12 1 1 1 1 1 1 1 1 1 1 1 1 1 1 1 1 1 1 1 1 1 1 1 1 1 1 1 1 1 1 1 1 1 1 1 1 1 1 1 1 1 1 1 1 1 1 1 100 1 1 100 1 1 1 1 1
ciInstanceKlass java/util/stream/SortedOps$RefSortingSink 1 1 147 10 7 12 1 1 1 100 1 5 0 100 1 8 1 10 12 1 7 1 10 12 1 10 12 1 9 7 12 1 1 1 9 12 1 1 10 12 1 1 9 12 1 1 10 12 1 1 11 7 12 1 1 1 9 12 1 1 10 7 12 1 1 1 18 12 1 1 10 12 1 1 10 12 1 1 11 7 12 1 1 1 11 12 1 1 11 12 1 11 12 1 11 12 1 10 12 1 1 1 1 1 1 1 1 1 1 1 1 1 1 1 1 1 1 1 1 100 1 1 1 1 1 1 7 1 1 16 15 11 7 1 15 10 7 12 1 1 1 1 1 1 100 1 100 1 1
ciInstanceKlass java/util/SortedSet$1 1 1 47 9 7 12 1 1 1 10 7 12 1 1 1 11 7 12 1 1 1 1 1 1 1 1 1 1 1 1 1 1 1 1 1 1 1 1 1 1 1 12 1 1 1 1 100 1 1
ciInstanceKlass java/util/stream/SliceOps$1 1 1 182 9 7 12 1 1 1 9 12 1 9 12 1 10 7 12 1 1 1 10 100 12 1 1 1 10 100 12 1 1 1 100 1 10 12 1 10 100 12 1 1 1 100 1 11 12 1 1 100 1 10 12 1 1 10 12 1 10 9 100 12 1 1 1 10 12 1 1 10 12 1 10 12 1 1 100 1 10 100 12 1 1 1 10 12 1 10 12 1 1 100 1 11 12 1 1 10 12 1 1 10 12 1 1 10 12 1 1 7 1 10 12 1 1 1 1 1 1 1 1 1 1 1 1 1 1 1 1 1 1 1 1 1 1 1 1 1 1 1 1 1 1 1 1 1 1 1 1 1 1 1 1 1 1 1 1 1 1 1 1 1 1 1 1 12 1 1 1 1 100 1 1 100 1 100 1 1 1 100 1 1 1
ciInstanceKlass  @bci java/util/stream/StreamSpliterators$WrappingSpliterator initPartialTraversalState ()V 24 <appendix> member <vmtarget> ; 1 1 24 1 7 1 7 1 100 1 1 1 1 1 12 10 12 9 1 1 1 7 12 10 1 1
ciInstanceKlass java/util/stream/MatchOps$MatchOp 1 1 108 10 7 12 1 1 1 9 7 12 1 1 1 9 12 1 1 9 12 1 1 9 7 12 1 1 1 9 12 1 11 7 12 1 1 1 7 1 10 7 12 1 1 1 10 12 1 1 10 7 12 1 1 1 100 1 10 12 1 10 12 1 10 12 1 1 10 12 1 100 1 1 1 1 1 1 1 1 1 1 1 1 1 1 1 1 1 1 1 1 1 1 1 1 1 1 1 1 1 100 1 1 1 100 1 1 1 1
ciInstanceKlass java/util/stream/MatchOps$1MatchSink 1 1 68 9 7 12 1 1 1 9 12 1 1 10 7 12 1 1 1 9 12 1 1 11 7 12 1 1 1 9 7 12 1 1 9 12 1 9 12 1 1 1 1 1 1 1 1 1 1 1 1 1 1 1 1 1 1 1 1 1 7 1 12 1 1 1 1 1 1 1
ciInstanceKlass com/android/tools/r8/internal/rv 1 1 65 1 8 1 1 7 1 7 1 100 1 1 1 1 1 1 1 12 10 1 1 12 10 12 9 12 9 1 1 1 1 12 10 1 7 1 12 10 1 1 1 12 10 1 1 1 100 10 1 1 12 10 1 8 1 12 10 1 8 12 10 1 1 1 1
ciInstanceKlass com/android/tools/r8/internal/Aw0 1 1 40 1 8 1 1 7 1 7 1 1 1 1 12 10 1 10 12 9 1 1 1 1 1 1 1 1 1 100 1 1 12 10 1 1 1 8 1 1 1 1
staticfield com/android/tools/r8/internal/Aw0 b Lcom/android/tools/r8/internal/Aw0; com/android/tools/r8/internal/Aw0
instanceKlass com/android/tools/r8/internal/KZ
instanceKlass com/android/tools/r8/internal/Kj
ciInstanceKlass com/android/tools/r8/internal/HX 1 1 96 1 8 1 1 7 1 1 7 1 100 1 1 1 1 1 1 1 1 1 1 1 1 1 1 1 1 1 1 1 1 1 1 1 1 1 1 1 1 1 1 1 1 1 1 1 1 1 1 12 9 1 12 10 1 100 1 12 10 1 100 1 1 12 10 1 1 1 1 1 1 1 1 1 10 1 1 7 1 12 10 1 1 1 1 1 1 100 1 8 1 1 12 10 1 1
staticfield com/android/tools/r8/internal/HX a Z 1
ciInstanceKlass com/android/tools/r8/internal/Kj 1 1 128 1 8 1 1 7 1 7 1 1 1 1 1 1 1 1 1 1 7 1 1 12 9 1 1 1 100 1 12 9 1 1 1 100 1 12 9 1 1 1 100 1 1 12 10 1 1 12 9 1 1 100 1 12 9 1 1 1 1 1 1 1 1 1 1 1 1 1 1 1 7 1 12 9 1 7 1 12 9 1 1 1 1 1 100 1 12 9 1 1 1 1 1 1 1 100 1 12 9 1 1 1 1 1 1 1 7 1 1 12 10 1 10 1 10 12 9 1 7 12 9 1 7 12 9 1 1 1
staticfield com/android/tools/r8/internal/Kj b Lcom/android/tools/r8/internal/Kj; com/android/tools/r8/internal/Kj
staticfield com/android/tools/r8/internal/Kj c Lcom/android/tools/r8/internal/Yf0; com/android/tools/r8/internal/Yf0
instanceKlass com/android/tools/r8/internal/n70
instanceKlass com/android/tools/r8/internal/p70
instanceKlass com/android/tools/r8/internal/q70$b
instanceKlass com/android/tools/r8/internal/q70$c
ciInstanceKlass com/android/tools/r8/internal/q70 1 1 272 1 8 1 1 7 1 1 7 1 7 1 100 1 100 1 7 1 100 1 100 1 100 1 7 1 100 1 7 1 1 1 1 1 1 1 1 1 1 1 1 1 1 12 10 12 9 12 10 1 100 1 1 12 11 1 12 9 1 12 9 1 1 1 1 1 1 1 12 9 12 9 1 1 1 1 1 1 12 10 12 10 12 9 12 10 12 10 1 12 10 1 1 7 1 12 11 1 1 7 12 9 1 1 12 11 1 12 10 1 1 12 10 1 8 1 100 1 1 12 10 12 10 12 10 1 1 12 10 1 8 1 12 10 1 8 1 12 10 1 100 1 12 9 1 100 1 8 1 12 10 12 10 1 8 12 10 1 8 12 10 1 8 12 10 1 1 1 1 10 12 9 1 100 1 8 1 12 10 1 100 1 1 12 9 1 1 16 12 10 15 1 16 1 7 1 1 12 10 15 1 1 12 18 1 7 1 12 10 12 10 15 18 1 16 12 10 15 1 16 1 1 12 18 1 12 10 12 10 15 16 18 16 12 10 15 1 16 1 12 18 1 12 10 12 10 15 18 1 1 7 1 12 10 1 1 1 1 1 1 1 1 1 100 1 8 1 1 12 10 1 1
staticfield com/android/tools/r8/internal/q70 g Z 1
instanceKlass com/android/tools/r8/internal/rg
instanceKlass com/android/tools/r8/internal/st0
ciInstanceKlass com/android/tools/r8/internal/G8 1 1 31 1 8 1 1 100 1 7 1 1 12 10 1 1 1 1 1 100 1 1 12 10 1 1 7 1 12 9 1 1 1
ciInstanceKlass com/android/tools/r8/internal/st0 1 1 21 1 8 1 1 7 1 7 1 1 1 1 12 10 1 10 12 9 1 1 1
staticfield com/android/tools/r8/internal/st0 a Lcom/android/tools/r8/internal/st0; com/android/tools/r8/internal/st0
ciInstanceKlass com/android/tools/r8/internal/In0 1 1 140 1 8 1 1 7 1 7 1 1 1 1 1 1 1 12 10 12 9 1 1 7 1 1 12 10 12 9 1 1 1 1 1 1 1 1 1 1 1 100 12 10 1 1 1 8 1 100 1 1 12 10 15 1 12 18 1 1 1 100 1 1 12 10 1 100 1 12 10 1 100 1 12 11 1 12 10 1 100 10 1 100 1 100 1 100 1 12 9 1 100 10 1 1 12 11 1 12 11 1 100 1 12 9 1 1 12 11 1 12 9 12 9 1 12 10 1 100 1 12 10 1 100 1 12 9 1 12 10 1 1 1 1 1 1 1 1 1 1 1
staticfield com/android/tools/r8/internal/In0 d Z 1
ciInstanceKlass com/android/tools/r8/internal/Cn0 1 1 180 1 8 1 1 7 1 7 1 100 1 1 1 1 1 1 1 1 12 9 1 1 1 1 1 100 12 9 1 100 1 100 1 12 10 1 1 12 10 1 12 10 1 1 1 1 1 12 9 1 100 1 1 12 10 1 1 1 1 1 100 1 100 1 1 12 10 1 100 12 11 1 100 1 100 1 1 12 11 12 11 1 1 1 1 100 1 1 12 10 1 1 1 8 1 100 1 1 12 10 15 1 12 18 1 1 100 1 12 11 1 1 12 11 1 1 12 11 1 100 1 12 10 1 100 1 100 1 100 1 100 1 100 12 9 1 100 10 1 12 11 1 100 1 12 9 1 1 12 10 1 12 10 12 9 1 12 10 1 100 1 1 1 1 1 1 1 1 10 1 1 7 1 12 10 1 1 1 1 1
staticfield com/android/tools/r8/internal/Cn0 d Z 1
ciInstanceKlass com/android/tools/r8/internal/V6 1 1 50 1 8 1 1 7 1 7 1 1 1 1 1 12 10 12 9 1 1 12 10 1 1 12 10 1 100 1 12 11 12 9 12 10 1 1 1 1 12 10 1 100 1 1 12 10 1 1 1 1
ciInstanceKlass com/android/tools/r8/internal/TE 1 1 22 1 8 1 1 100 1 100 1 1 1 1 1 1 1 1 1 1 1 1 1 1
ciInstanceKlass com/android/tools/r8/internal/SE 1 0 21 1 8 1 1 100 1 100 1 100 1 1 100 1 8 1 1 12 10 1 1
ciInstanceKlass com/android/tools/r8/internal/rW 1 0 15 1 8 1 1 100 1 100 1 1 1 1 1 1 1
ciInstanceKlass com/android/tools/r8/internal/I 1 0 11 1 8 1 1 100 1 100 1 1 1
instanceKlass com/android/tools/r8/internal/kj
instanceKlass com/android/tools/r8/internal/j2
instanceKlass com/android/tools/r8/internal/i2
instanceKlass com/android/tools/r8/internal/g00
instanceKlass com/android/tools/r8/internal/FD
instanceKlass com/android/tools/r8/internal/k70
instanceKlass com/android/tools/r8/internal/PY
instanceKlass com/android/tools/r8/internal/mj
instanceKlass com/android/tools/r8/internal/jd0
instanceKlass com/android/tools/r8/internal/Kw0
instanceKlass com/android/tools/r8/internal/OY
instanceKlass com/android/tools/r8/internal/sc
instanceKlass com/android/tools/r8/internal/F4
instanceKlass com/android/tools/r8/internal/w6
instanceKlass com/android/tools/r8/internal/m3
instanceKlass com/android/tools/r8/internal/L3
instanceKlass com/android/tools/r8/internal/S3
instanceKlass com/android/tools/r8/internal/zE
instanceKlass com/android/tools/r8/internal/KY
instanceKlass com/android/tools/r8/internal/hj
instanceKlass com/android/tools/r8/internal/d00
instanceKlass com/android/tools/r8/internal/XL
instanceKlass com/android/tools/r8/internal/i00
instanceKlass com/android/tools/r8/internal/tw
instanceKlass com/android/tools/r8/internal/rh
instanceKlass com/android/tools/r8/internal/qK
ciInstanceKlass com/android/tools/r8/internal/ME 1 1 867 1 8 1 1 7 1 7 1 100 1 100 1 100 1 100 1 7 1 100 1 100 1 100 1 100 1 100 1 100 1 100 1 1 100 1 100 1 1 1 1 1 1 1 1 1 1 1 1 1 1 1 1 1 1 1 1 1 12 9 1 12 9 1 1 12 9 12 9 1 100 1 1 12 10 1 1 100 1 1 12 9 1 7 1 1 12 10 1 7 1 1 1 12 10 1 1 12 10 1 12 9 1 7 10 1 12 9 1 16 1 12 10 15 1 16 1 7 1 1 12 10 15 1 1 12 18 1 12 10 1 1 12 10 1 7 1 7 1 12 11 1 1 12 11 12 11 1 12 9 1 12 10 12 10 1 12 10 1 9 1 1 100 1 12 9 1 1 100 1 12 10 1 1 12 10 1 1 12 9 1 100 1 12 10 12 10 1 1 12 10 1 100 1 12 10 1 7 1 12 9 1 1 12 10 1 1 1 12 10 1 1 1 1 1 12 10 1 1 12 10 1 7 1 12 10 11 1 1 1 1 12 10 1 8 1 100 1 1 12 10 15 1 12 18 1 12 10 12 9 11 1 12 10 11 1 1 12 9 1 7 12 9 1 12 9 1 12 11 1 12 9 1 12 10 1 12 10 1 12 10 1 12 11 1 1 1 7 1 12 10 1 1 100 10 12 10 1 1 12 10 1 12 10 1 8 1 12 10 1 8 1 12 10 1 12 9 1 8 1 12 10 12 10 1 12 9 1 1 1 7 12 10 12 10 1 12 11 1 7 1 12 9 1 7 1 12 11 1 12 10 1 12 10 1 1 12 10 1 1 12 10 1 7 1 1 12 10 1 7 1 12 9 1 7 10 8 1 7 1 12 10 1 100 1 100 1 7 1 7 1 7 1 12 9 1 1 12 9 1 100 1 12 10 1 12 9 100 1 12 10 1 12 11 1 1 12 10 1 1 12 10 1 7 10 12 10 1 12 10 12 10 1 7 1 7 1 12 10 1 12 10 12 10 1 12 9 1 12 9 1 7 1 12 10 1 1 7 1 1 7 1 12 10 1 1 1 7 1 12 10 1 7 1 12 9 1 12 9 12 10 1 7 1 12 9 1 12 9 1 12 10 1 100 1 12 9 1 100 1 12 9 1 1 1 1 1 1 7 12 9 1 7 1 12 9 1 1 1 1 1 1 1 1 1 1 1 1 1 1 1 1 1 100 1 1 1 1 7 1 1 1 12 10 1 12 10 1 1 12 9 1 100 1 12 10 1 100 12 10 1 1 1 1 1 1 1 1 1 1 1 1 1 1 1 1 1 1 1 1 1 1 1 1 1 1 1 1 1 1 1 1 1 1 1 1 1 1 1 1 1 1 1 1 1 1 1 1 1 1 1 1 7 1 1 1 1 1 1 7 1 1 1 1 1 1 100 1 1 1 1 1 1 1 1 1 1 1 7 1 12 10 1 1 1 1 1 1 1 1 1 1 1 1 1 1 1 1 1 1 1 1 1 1 1 1 1 7 1 1 1 1 1 1 1 1 1 1 1 1 1 1 1 1 1 1 1 1 1 1 1 1 1 1 1 1 1 1 100 1 1 1 1 1 1 1 1 1 1 1 7 1 7 1 7 1 7 1 1 1 1 1 1 1 1 1 1 1 1 1 1 1 1 1 1 1 1 1 1 1 1 1 1 1 1 1 100 1 1 1 1 1 1 1 1 1 100 1 1 1 1 100 1 1 1 1 1 1 100 1 1 1 1 12 10 1 7 1 7 1 12 10 12 10 1 1 1 1 100 12 10 1 100 1 8 1 12 10 1 1 1 100 1 8 1 12 18 10 1 1 1 1 8 1 1 1 1 10 12 10 10 12 10 1 100 1 100 1 12 9 1 1 10 10 12 10 12 10 12 10 16 15 16 1 1 12 18 1 1 12 10 11 1 1 12 10 1 1 7 11 1 1 1 1 1 1 1
staticfield com/android/tools/r8/internal/ME j Z 1
ciInstanceKlass com/android/tools/r8/internal/Oj 1 1 98 1 8 1 1 7 1 7 1 1 1 1 1 1 1 1 12 10 12 9 1 100 10 12 9 12 9 1 1 7 1 1 12 10 1 1 1 1 1 1 1 5 0 1 1 1 1 1 100 1 12 9 1 1 1 1 1 7 1 1 12 10 1 1 100 1 1 12 10 1 100 1 1 12 10 1 1 1 1 12 10 1 8 1 100 1 1 12 10 15 1 12 18 1 1 1 1 1
staticfield com/android/tools/r8/internal/Oj d Z 1
ciInstanceKlass com/android/tools/r8/internal/H1 1 1 44 1 8 1 1 7 1 7 1 1 1 1 12 10 1 1 1 7 1 1 12 10 12 9 1 1 1 12 10 1 100 1 1 12 10 1 100 12 10 1 1 1 1 1
staticfield com/android/tools/r8/internal/H1 c Z 1
ciInstanceKlass com/android/tools/r8/internal/v00 1 1 47 1 8 1 1 100 1 1 100 1 7 1 1 1 1 1 12 11 1 1 12 11 1 7 1 1 12 11 1 1 1 1 1 1 100 1 8 1 1 12 10 1 1 1 8 1 1
ciInstanceKlass com/android/tools/r8/internal/NE 1 1 61 1 8 1 1 100 1 1 100 1 100 1 100 1 1 1 100 8 1 1 12 10 1 1 1 1 1 1 12 11 1 1 12 11 1 100 12 11 1 12 11 1 1 1 1 1 1 1 100 1 8 1 1 12 10 1 1 1 8 1 1
ciInstanceKlass com/android/tools/r8/internal/h80 1 1 68 1 8 1 1 100 1 100 1 100 1 1 1 1 12 11 1 1 12 11 1 100 1 1 12 11 1 1 1 1 1 100 1 8 1 1 12 10 1 1 1 8 1 1 1 8 1 1 1 8 1 1 1 8 1 1 8 1 1 1 8 1 1 8 1 1 8 1
ciInstanceKlass com/android/tools/r8/internal/RE 1 1 239 1 8 1 1 7 1 1 100 1 7 1 100 1 100 1 7 1 1 1 1 1 1 12 9 1 1 1 12 11 1 1 1 1 100 1 1 12 10 12 11 1 1 1 1 12 11 1 7 1 100 1 12 10 1 1 12 11 1 1 1 100 10 1 1 1 1 1 100 1 1 12 10 1 12 11 1 1 1 1 1 1 12 11 1 12 11 1 1 100 1 12 11 1 1 1 1 100 1 12 10 1 12 11 1 1 1 100 1 12 10 1 12 11 1 1 1 1 1 1 1 1 1 1 1 1 1 1 1 1 1 1 1 12 11 1 1 12 11 1 12 10 12 11 1 12 11 1 1 12 11 1 1 1 1 12 11 1 1 1 1 1 100 1 12 10 12 11 1 100 12 10 1 16 12 11 15 1 16 1 100 1 1 12 10 15 1 1 12 18 12 11 12 11 15 18 12 11 1 1 1 1 1 1 1 1 100 1 8 1 1 12 10 1 1 1 8 1 1 8 1 1 1 8 1 1 1 8 1 1 8 1 1 1 8 1 1 8 1
ciInstanceKlass com/android/tools/r8/internal/Bx0 1 0 11 1 8 1 1 100 1 100 1 1 1
instanceKlass com/android/tools/r8/internal/ij
ciInstanceKlass com/android/tools/r8/internal/wh 1 1 345 1 8 1 1 7 1 7 1 100 1 100 1 1 1 1 1 1 1 12 9 1 7 1 1 12 10 1 7 1 1 12 9 1 12 9 1 100 1 1 12 10 12 9 1 1 1 12 9 1 1 1 1 12 10 1 1 1 1 1 12 9 1 7 1 12 10 1 7 1 12 10 1 7 1 12 10 1 1 12 9 1 1 12 9 1 7 1 12 10 12 10 1 7 1 1 12 10 12 9 12 10 1 7 1 12 10 1 7 1 12 10 1 12 10 5 0 1 7 10 5 0 5 0 1 7 10 1 7 1 12 10 5 0 5 0 1 7 10 1 7 10 5 0 1 7 10 1 7 10 1 1 100 12 10 1 1 100 10 1 100 1 1 12 9 1 100 1 12 10 1 1 12 9 1 100 1 1 12 10 1 100 1 12 10 1 1 8 1 12 10 1 1 1 12 10 1 12 10 1 8 1 100 1 1 12 10 15 1 12 18 1 8 1 12 18 1 1 12 10 1 12 10 1 5 0 5 0 1 1 1 1 7 1 12 10 1 100 1 1 12 9 1 1 1 1 1 12 9 1 12 10 1 7 12 9 1 7 1 12 9 1 7 1 7 1 12 10 12 9 1 7 1 12 9 1 12 10 1 1 100 1 12 9 1 100 1 12 10 1 100 10 1 100 1 12 10 12 10 1 12 10 12 10 1 12 10 1 1 12 10 1 12 10 1 100 1 1 12 10 1 100 1 12 9 1 1 12 10 12 10 12 10 1 1 7 1 12 10 1 1 1 1 1 1
staticfield com/android/tools/r8/internal/wh m Z 1
ciInstanceKlass com/android/tools/r8/internal/KK 1 1 362 1 8 1 1 7 1 7 1 100 1 100 1 100 1 1 100 1 100 1 1 1 1 1 1 12 10 12 9 12 9 1 100 1 1 12 9 1 100 1 1 12 9 1 100 1 1 12 10 1 100 11 1 100 1 12 10 1 1 1 7 1 1 12 10 1 1 1 1 1 100 1 12 10 1 1 1 7 1 12 9 1 1 1 8 1 1 7 1 12 10 1 7 1 12 9 1 12 10 12 10 1 12 10 1 12 10 1 7 1 1 12 10 1 12 10 1 12 10 1 7 1 12 10 1 100 1 12 10 1 1 7 1 12 10 12 10 1 1 1 1 100 1 1 12 10 1 100 1 12 9 1 100 1 12 10 1 1 12 9 1 100 1 100 1 12 9 1 7 1 12 10 1 100 1 100 1 12 10 1 12 10 12 9 1 1 12 10 1 12 10 1 100 1 12 9 1 12 10 1 1 100 1 12 10 1 1 100 1 12 10 1 100 1 1 12 9 1 100 1 12 10 1 12 9 1 100 1 1 12 10 1 1 1 12 10 1 100 1 12 10 1 100 1 12 10 1 1 12 10 1 100 1 1 12 10 1 100 1 12 9 1 1 12 9 9 1 100 1 12 10 1 100 12 10 1 1 12 10 1 12 10 12 9 1 12 9 1 12 10 1 100 1 12 10 1 100 1 12 10 1 100 12 10 1 12 9 1 1 12 10 1 100 1 12 10 1 1 12 10 1 100 1 12 10 12 10 1 12 10 1 100 1 12 10 1 1 100 1 12 10 1 1 100 1 100 1 1 12 10 1 12 10 1 1 10 1 1 1 1 1 1
staticfield com/android/tools/r8/internal/KK o Z 1
ciInstanceKlass com/android/tools/r8/internal/Bh 1 1 270 1 8 1 1 7 1 7 1 100 1 1 1 1 1 1 1 12 10 12 9 1 1 12 9 1 7 1 1 12 10 1 100 1 12 10 1 100 1 1 12 10 12 10 1 1 7 1 1 12 10 1 1 1 1 1 1 1 12 9 1 1 12 9 1 7 1 12 9 1 7 1 1 12 10 1 7 1 12 10 1 12 10 1 1 12 10 1 1 12 10 1 1 8 1 12 10 1 1 1 12 10 1 8 1 100 1 1 12 10 15 1 12 18 1 1 1 1 7 10 1 100 1 100 1 1 12 10 1 100 1 12 10 1 1 7 1 1 12 10 1 7 1 12 9 1 7 1 7 1 1 12 10 1 7 1 12 9 1 7 1 12 9 1 12 9 1 1 100 1 12 10 1 1 100 1 12 10 1 100 1 1 12 9 1 100 1 12 10 1 1 12 9 1 100 1 1 12 10 1 1 12 10 1 100 1 1 12 9 1 1 7 1 12 10 1 7 1 12 10 1 1 1 12 9 1 7 1 12 10 1 100 1 12 9 1 1 12 10 1 12 10 1 1 100 1 1 12 10 1 100 1 1 12 10 1 1 12 9 1 100 1 12 10 1 1 1 1 1 1
staticfield com/android/tools/r8/internal/Bh m Z 1
ciInstanceKlass com/android/tools/r8/internal/B7 1 1 39 1 8 1 1 7 1 7 1 1 1 1 12 10 1 10 12 9 1 1 1 1 1 1 1 1 100 1 1 12 10 1 1 1 8 1 1 1 1
staticfield com/android/tools/r8/internal/B7 b Lcom/android/tools/r8/internal/B7; com/android/tools/r8/internal/B7
instanceKlass com/android/tools/r8/internal/ql0
instanceKlass com/android/tools/r8/internal/Ur0
instanceKlass com/android/tools/r8/internal/Js0
instanceKlass com/android/tools/r8/internal/Oz
instanceKlass com/android/tools/r8/internal/RB
ciInstanceKlass com/android/tools/r8/internal/XL 1 1 68 1 8 1 1 7 1 7 1 100 1 100 1 1 1 1 1 1 12 10 1 12 10 1 1 12 10 1 1 7 1 1 12 10 12 9 1 1 1 1 1 100 1 8 1 12 10 1 1 7 1 12 9 1 1 1 1 1 1 12 9 1 1 1 1 1 1 1
staticfield com/android/tools/r8/internal/XL k Z 1
ciInstanceKlass com/android/tools/r8/internal/Oz 1 1 198 1 8 1 1 7 1 7 1 1 1 1 12 10 1 1 7 1 1 12 10 12 9 1 1 1 1 1 1 1 7 1 12 10 1 7 1 1 12 10 1 100 10 1 1 12 10 1 7 1 12 11 1 1 12 11 1 12 10 1 7 1 1 12 9 1 7 1 12 10 1 12 10 1 7 1 12 10 1 1 8 1 12 10 1 1 8 1 1 1 12 11 1 1 12 10 1 100 1 1 12 9 12 10 12 10 1 8 1 100 1 1 12 10 15 1 12 18 1 8 1 12 18 1 1 12 10 1 1 12 10 1 1 1 100 1 100 1 12 10 1 12 10 1 1 12 9 1 100 1 12 10 1 1 12 9 1 100 1 1 12 10 1 1 1 100 1 12 9 1 100 1 12 10 1 100 12 9 12 10 1 1 12 9 1 100 1 12 10 1 1 12 10 1 1 1 1 1
staticfield com/android/tools/r8/internal/Oz l Z 1
ciInstanceKlass com/android/tools/r8/graph/j0 1 1 172 1 8 1 1 7 1 1 7 1 100 1 1 1 1 1 1 1 1 1 1 16 1 12 10 15 16 1 100 1 1 12 10 15 1 1 12 18 1 100 1 12 10 1 12 10 15 16 18 12 10 15 18 1 12 10 1 1 1 12 10 12 9 12 9 12 9 1 1 7 1 1 12 11 1 7 1 1 12 11 1 7 1 1 12 11 1 100 1 7 1 1 12 11 1 1 12 11 1 7 1 12 10 1 7 1 1 12 11 1 1 12 10 1 1 16 12 10 15 12 18 1 1 7 12 10 1 1 1 12 10 1 7 1 12 10 1 100 12 10 1 100 1 12 10 1 100 1 8 1 7 1 1 12 10 15 1 12 18 1 100 10 1 8 1 1 1 1 1 1 1 1
staticfield com/android/tools/r8/graph/j0 e I 0
instanceKlass com/android/tools/r8/naming/E
instanceKlass com/android/tools/r8/internal/iu0
instanceKlass com/android/tools/r8/ir/optimize/x0
instanceKlass com/android/tools/r8/internal/I6
instanceKlass com/android/tools/r8/internal/xd0
instanceKlass com/android/tools/r8/internal/qo0
instanceKlass com/android/tools/r8/internal/L7
instanceKlass com/android/tools/r8/internal/mo0
instanceKlass com/android/tools/r8/internal/hq0
instanceKlass com/android/tools/r8/internal/M3
instanceKlass com/android/tools/r8/internal/tf
instanceKlass com/android/tools/r8/internal/QZ
instanceKlass com/android/tools/r8/internal/qR
instanceKlass com/android/tools/r8/internal/hv
instanceKlass com/android/tools/r8/internal/fu0
instanceKlass com/android/tools/r8/internal/xR
instanceKlass com/android/tools/r8/internal/RY
instanceKlass com/android/tools/r8/internal/Ks0
instanceKlass com/android/tools/r8/internal/l60
instanceKlass com/android/tools/r8/internal/xo
instanceKlass com/android/tools/r8/internal/rr0
instanceKlass com/android/tools/r8/internal/mx
instanceKlass com/android/tools/r8/internal/Uc
instanceKlass com/android/tools/r8/internal/xE
instanceKlass com/android/tools/r8/internal/nr0
ciInstanceKlass com/android/tools/r8/internal/Ae 1 1 160 1 8 1 1 7 1 1 7 1 1 1 1 1 1 1 1 1 1 1 12 10 12 9 1 7 1 12 10 12 9 1 1 12 10 12 9 1 1 7 1 1 12 10 12 9 1 1 12 10 1 16 1 12 10 15 1 16 1 7 1 1 12 10 15 1 1 12 18 1 7 1 12 10 1 7 1 1 1 12 10 15 1 12 18 1 1 8 1 100 1 1 12 10 15 1 12 18 1 100 1 12 10 1 100 1 100 1 12 10 1 12 10 1 12 10 1 12 9 1 100 1 8 1 12 10 12 10 1 12 10 1 100 1 8 12 10 12 10 1 12 11 1 100 12 10 1 8 12 10 12 10 1 1 1 1 1 1 1 1
staticfield com/android/tools/r8/internal/Ae d Z 1
ciInstanceKlass com/android/tools/r8/internal/W3 1 1 377 1 8 1 1 7 1 7 1 100 1 100 1 1 1 1 1 1 1 1 1 1 7 1 1 12 9 1 7 1 1 12 10 1 7 1 12 9 1 1 12 10 1 1 12 9 1 7 1 1 12 9 1 7 1 12 10 1 12 10 1 7 1 12 10 1 100 1 8 1 100 1 1 12 10 15 1 12 18 1 1 12 10 1 8 18 1 7 1 12 10 1 7 10 1 7 10 1 7 10 1 1 12 10 1 7 1 12 10 1 7 1 12 10 1 1 12 10 1 7 10 12 9 1 1 12 10 1 100 1 12 10 1 12 10 1 100 1 12 10 1 7 10 1 7 10 1 100 1 12 10 1 1 1 8 1 12 10 1 1 12 10 1 16 1 12 10 15 1 16 1 7 1 1 12 10 15 1 1 12 18 1 12 10 1 12 10 1 100 1 1 12 10 1 7 1 1 12 10 1 7 1 1 12 10 1 12 10 1 1 12 10 1 1 12 10 1 7 12 10 1 1 12 10 1 12 10 12 10 1 12 10 1 12 10 1 1 7 1 1 12 10 1 7 1 12 9 1 7 1 12 9 12 10 1 12 10 15 18 1 7 1 12 10 1 7 1 12 9 1 1 12 10 1 12 10 1 1 12 9 1 1 100 1 12 10 1 1 1 100 1 12 10 1 100 1 1 12 9 1 100 1 12 10 9 1 12 10 1 1 1 1 16 12 10 15 16 1 1 12 18 1 100 1 12 10 1 1 1 100 1 12 10 1 1 1 1 100 12 9 1 12 10 12 10 1 100 1 12 9 1 12 10 1 12 9 1 7 1 1 12 10 1 12 10 1 1 7 1 12 10 1 1 1 1 1 1
staticfield com/android/tools/r8/internal/W3 l Z 1
ciInstanceKlass com/android/tools/r8/internal/m3 1 1 163 1 8 1 1 7 1 7 1 100 1 100 1 100 1 1 1 1 1 1 1 1 1 12 10 12 9 12 9 1 1 1 7 1 1 12 10 12 9 1 1 1 12 9 1 7 1 12 10 1 100 1 12 9 1 100 1 12 9 1 1 1 1 1 7 1 12 9 1 1 100 1 8 1 12 10 1 3 1 1 7 1 12 9 1 1 12 10 1 12 9 1 7 1 12 10 1 7 1 12 10 1 12 10 1 1 12 10 1 1 1 1 12 9 1 1 1 100 12 10 1 1 1 1 12 10 1 1 1 1 1 100 1 12 10 1 1 12 10 1 100 1 1 12 10 1 100 1 100 1 12 11 1 1 12 11 10 1 1 1 1 1 1
staticfield com/android/tools/r8/internal/m3 m Z 1
ciInstanceKlass com/android/tools/r8/internal/De 1 1 50 1 8 1 1 7 1 100 1 7 1 1 1 1 1 1 1 1 1 12 10 12 9 12 9 1 16 1 7 1 12 10 15 1 7 1 1 12 10 15 1 12 18 12 9 1 1 1 1 1
staticfield com/android/tools/r8/internal/De a Lcom/android/tools/r8/internal/Ce; com/android/tools/r8/internal/Ce
staticfield com/android/tools/r8/internal/De b Lcom/android/tools/r8/internal/Ce; com/android/tools/r8/internal/Ce
staticfield com/android/tools/r8/internal/De c Lcom/android/tools/r8/internal/De; com/android/tools/r8/internal/De$$Lambda+0x000001eca1256f78
instanceKlass com/android/tools/r8/internal/ux
instanceKlass com/android/tools/r8/internal/vx
instanceKlass com/android/tools/r8/internal/fp0
instanceKlass com/android/tools/r8/internal/ep0
instanceKlass com/android/tools/r8/internal/U60
ciInstanceKlass com/android/tools/r8/internal/zx0 1 1 949 1 8 1 1 7 1 1 7 1 100 1 7 1 7 1 100 1 100 1 1 1 1 1 1 1 1 1 1 1 1 1 1 1 1 1 1 1 1 1 1 1 1 1 1 12 9 1 16 1 1 12 10 15 1 16 1 7 1 1 12 10 15 1 1 12 18 1 7 1 1 12 10 12 9 1 12 9 1 12 10 15 1 16 1 12 18 12 9 1 1 1 12 10 12 9 1 7 1 12 10 1 12 10 1 7 1 100 1 100 1 100 1 8 1 100 1 1 12 10 15 1 12 18 1 100 1 12 9 1 100 1 12 9 1 100 1 100 1 1 12 10 1 1 12 10 1 12 10 1 12 10 1 12 9 1 12 9 1 7 1 1 12 10 1 7 1 1 12 10 1 100 1 8 1 12 18 1 12 10 1 1 12 10 1 100 1 12 10 1 7 1 12 10 1 7 1 12 10 1 12 10 1 7 1 12 10 1 7 1 12 10 12 9 1 7 1 12 10 12 9 1 1 12 10 1 7 1 12 10 1 100 1 12 10 1 12 10 1 12 10 1 12 10 1 7 12 11 1 100 1 12 10 1 12 10 1 100 1 12 9 1 100 12 9 1 1 1 1 1 1 7 12 11 1 1 7 1 12 9 1 7 1 12 9 1 12 10 1 7 1 7 1 12 10 1 7 12 11 1 12 11 1 12 11 1 100 1 1 12 9 1 1 12 9 1 12 9 12 10 1 1 100 12 10 1 12 9 12 9 10 12 9 1 7 12 10 1 1 7 1 12 10 10 1 12 10 1 1 12 11 1 7 1 100 1 12 11 1 1 12 11 1 12 10 1 1 7 1 12 10 1 1 12 11 1 12 10 1 12 10 1 1 7 1 1 12 10 1 12 10 11 1 1 10 1 12 10 1 12 10 12 10 1 1 1 12 10 1 7 12 10 12 10 1 7 1 12 10 1 7 12 10 1 12 10 1 100 1 12 10 1 1 12 10 1 100 12 10 1 12 10 11 1 12 11 1 1 1 7 10 1 16 12 10 15 1 16 1 1 12 18 1 7 1 12 10 12 10 12 11 1 1 12 11 1 12 10 1 12 10 1 7 10 1 12 10 12 10 1 12 9 12 10 12 10 1 12 10 12 10 1 12 10 1 1 7 1 1 7 1 1 12 10 1 1 1 1 100 1 8 10 1 1 12 10 1 8 1 12 10 1 12 10 1 1 12 10 1 1 12 11 1 12 10 15 1 12 18 1 100 1 12 11 1 8 1 1 12 10 1 12 10 1 8 1 12 10 1 8 12 9 12 10 1 1 1 7 1 12 10 1 1 12 10 1 12 10 15 1 12 18 12 10 12 10 1 12 10 1 1 1 12 10 15 18 1 12 10 1 100 12 10 12 10 1 1 100 1 7 1 12 10 1 12 10 1 12 10 1 7 1 12 9 1 12 10 1 12 9 1 100 12 9 1 100 1 12 9 1 100 12 10 12 10 1 1 1 12 10 15 18 12 10 1 1 12 10 15 18 1 1 12 10 1 12 10 1 12 9 1 100 1 1 12 10 12 10 1 12 10 1 1 12 11 1 12 11 1 1 12 10 1 7 11 12 10 10 1 1 1 7 1 12 10 1 12 10 1 12 10 1 1 1 12 10 1 1 12 9 1 12 9 1 12 10 1 12 10 10 1 100 1 8 1 12 18 12 10 1 12 10 1 8 1 12 18 1 12 9 1 1 100 12 9 1 12 10 1 12 10 1 12 10 10 15 16 18 12 10 12 10 1 12 10 1 12 9 1 12 10 1 100 12 10 12 10 12 10 1 100 12 10 1 12 10 12 10 1 12 9 1 12 10 1 12 10 1 12 10 1 1 12 10 1 100 12 10 1 12 10 12 9 12 10 1 12 10 12 10 15 18 10 12 10 1 1 1 1 12 10 1 1 100 1 1 12 10 15 1 12 18 1 12 10 1 100 1 12 11 11 12 10 15 18 1 1 12 11 1 12 11 12 11 1 100 11 12 10 1 12 11 1 100 1 12 10 12 9 1 12 10 12 11 1 10 10 9 1 12 10 1 12 10 15 18 1 100 1 100 1 100 1 100 1 100 1 12 10 1 100 1 1 7 1 12 10 12 10 12 9 1 1 1 1 1 1 1 1
staticfield com/android/tools/r8/internal/zx0 n Lcom/android/tools/r8/internal/zx0; com/android/tools/r8/internal/zx0
staticfield com/android/tools/r8/internal/zx0 o Z 1
instanceKlass com/android/tools/r8/internal/V60
ciInstanceKlass com/android/tools/r8/internal/U60 1 1 501 1 8 1 1 7 1 7 1 100 1 100 1 7 1 1 1 1 1 1 1 1 1 1 1 1 1 1 12 10 1 100 1 1 12 9 1 8 1 100 1 1 12 10 15 1 12 18 1 1 12 10 1 1 7 1 1 12 11 12 9 1 7 1 1 12 11 1 1 12 11 1 12 10 1 12 10 12 9 1 100 1 12 10 1 1 1 12 9 1 1 1 100 1 12 9 1 12 9 1 12 9 12 10 12 10 1 1 1 12 10 12 9 1 7 1 12 10 1 7 1 1 12 11 1 1 12 11 1 7 1 12 11 1 1 12 11 1 1 12 10 1 12 10 1 100 1 8 10 1 12 9 1 12 10 1 1 12 9 1 7 10 1 12 9 1 1 1 1 10 1 7 1 12 11 1 1 1 12 10 1 12 10 12 10 1 7 1 12 9 11 1 1 1 12 10 1 10 1 1 7 1 12 10 1 7 1 12 9 1 12 10 12 10 1 7 1 100 1 12 10 1 12 10 1 12 10 1 7 1 12 10 1 7 1 1 12 10 1 7 1 7 1 12 10 1 1 12 9 1 12 9 1 7 1 1 12 10 1 7 1 12 9 1 12 10 12 9 1 7 1 1 12 11 11 1 7 1 12 11 1 1 12 11 1 12 10 12 10 1 7 1 12 10 1 1 12 10 12 10 1 1 1 100 10 8 1 1 12 10 1 12 9 1 12 10 1 8 1 12 10 1 8 1 8 16 1 12 10 15 1 16 1 100 1 1 12 10 15 1 1 12 18 1 100 1 12 10 1 100 1 12 10 1 8 1 12 10 10 1 1 100 12 10 1 10 1 1 100 1 12 10 12 10 1 100 1 100 1 12 10 1 12 10 10 1 12 10 1 1 12 10 1 12 10 1 100 10 1 100 1 1 12 10 1 100 10 10 10 1 12 10 1 1 12 10 1 1 12 10 1 100 12 10 12 10 12 10 12 10 1 12 10 1 100 1 12 10 16 12 10 15 16 1 1 12 18 1 1 12 10 1 1 12 10 10 1 12 9 1 1 7 1 12 10 1 12 10 1 12 9 10 12 9 12 9 1 1 12 10 1 12 10 1 7 1 12 9 12 9 1 12 10 1 1 1 1 1 1 1 1
staticfield com/android/tools/r8/internal/U60 u Z 1
ciInstanceKlass com/android/tools/r8/internal/mo0 1 1 151 1 8 1 1 7 1 7 1 7 1 1 1 1 12 10 1 7 1 12 9 12 9 1 1 1 8 1 1 1 1 12 10 1 1 12 9 1 7 1 1 12 10 1 7 1 1 12 10 1 7 1 12 10 1 100 1 7 1 1 12 11 1 1 12 11 1 7 1 12 10 1 1 12 9 1 1 12 10 1 7 1 1 12 10 1 1 12 9 1 7 12 10 12 9 12 10 1 7 1 12 9 12 9 12 10 1 12 9 1 7 1 1 12 11 1 1 12 10 1 7 1 1 12 11 1 7 1 12 10 1 1 12 10 1 7 1 1 12 10 11 1 12 10 12 10 1 1 1 1 1
ciInstanceKlass com/android/tools/r8/internal/hy 1 1 34 1 8 1 1 7 1 7 1 1 1 1 12 9 1 12 10 1 1 1 7 1 1 12 9 1 7 1 1 12 11 1 1 1
ciInstanceKlass  @bci com/android/tools/r8/internal/po0 a (Ljava/util/Set;Ljava/util/Set;Ljava/util/Set;)V 5 <appendix> form vmentry <vmtarget> ; 1 1 46 1 7 1 100 1 1 1 1 1 1 1 7 1 1 12 10 1 12 10 1 7 1 7 1 1 12 10 1 1 1 1 1 7 1 1 12 10 1 7 12 9 1 1 1 1
staticfield  @bci com/android/tools/r8/internal/po0 a (Ljava/util/Set;Ljava/util/Set;Ljava/util/Set;)V 5 <appendix> form vmentry <vmtarget> ; _D_0 Ljava/lang/invoke/LambdaForm; java/lang/invoke/LambdaForm
ciInstanceKlass com/android/tools/r8/internal/nB 1 1 1668 1 8 1 1 7 1 7 1 7 1 7 1 7 1 7 1 7 1 100 1 100 1 1 100 1 7 1 7 1 7 1 1 1 1 1 1 1 1 1 1 1 1 1 1 1 1 1 1 1 1 1 1 1 1 1 1 1 1 1 1 1 1 1 1 1 1 1 1 1 1 1 1 1 1 1 1 1 1 1 7 1 12 9 1 12 10 1 7 1 12 10 1 7 1 12 10 12 9 1 12 10 1 12 10 1 100 1 1 12 10 1 7 1 7 10 1 12 10 1 12 9 1 7 1 1 12 10 12 9 12 9 1 7 1 12 10 12 9 1 7 1 12 11 12 9 12 9 1 12 10 1 7 1 1 12 10 1 100 1 12 10 1 7 1 1 12 10 1 7 1 12 9 12 9 1 1 12 10 12 9 12 9 12 9 1 100 1 12 10 1 12 10 1 12 10 12 9 1 100 1 12 10 10 1 7 1 1 12 11 1 7 1 1 12 11 1 1 12 11 1 7 1 12 10 1 12 10 12 9 1 7 1 12 10 1 12 10 11 1 100 1 8 1 100 1 1 12 10 15 1 12 18 1 12 10 1 1 12 10 1 7 1 12 10 1 7 1 12 10 1 12 11 1 100 1 8 1 12 18 10 1 100 1 8 10 12 10 12 9 12 9 1 12 10 1 12 10 12 10 10 10 1 12 10 1 12 9 12 9 1 100 10 1 7 1 1 12 10 1 12 10 12 9 12 9 1 12 10 12 10 1 12 10 1 7 12 10 1 12 9 1 7 12 11 1 12 9 1 7 10 12 9 12 9 12 9 12 9 1 12 10 12 9 12 9 12 10 1 100 1 12 10 1 7 10 1 12 10 1 12 10 1 12 9 12 9 1 7 1 12 10 1 12 11 1 7 1 12 11 10 1 7 1 12 11 1 7 1 12 11 1 12 11 12 9 10 1 100 1 12 10 1 7 1 12 10 1 7 11 9 12 9 1 12 10 1 12 10 12 9 1 12 10 1 12 10 12 10 1 12 10 12 10 1 12 10 12 10 1 1 12 10 11 1 12 9 12 9 1 100 1 1 12 10 1 100 1 12 10 1 12 9 1 7 1 12 9 1 7 1 12 10 1 7 12 10 1 7 1 7 1 1 12 10 1 1 12 11 12 9 1 7 12 10 12 10 1 7 12 10 1 12 11 1 7 1 12 10 1 7 10 1 12 10 12 9 12 9 1 12 10 12 9 1 1 12 10 1 7 10 1 12 9 3 1 12 10 1 12 9 11 1 12 10 1 7 10 1 12 10 1 100 12 10 12 9 10 10 1 12 9 1 7 12 10 1 7 1 12 10 1 1 12 10 1 7 1 12 10 10 12 10 1 12 10 12 10 1 100 12 10 1 12 10 1 12 10 1 12 10 12 10 1 12 11 12 10 10 1 12 10 12 11 11 12 10 12 10 10 1 12 11 12 11 12 9 12 11 1 12 10 12 9 12 9 12 10 12 9 12 11 1 12 11 1 12 9 1 7 1 12 10 1 12 10 12 9 1 12 10 12 9 1 7 10 12 9 9 1 12 9 1 7 10 1 12 10 1 12 11 1 7 10 12 9 12 9 10 1 1 12 10 1 100 1 100 12 9 1 12 10 1 100 10 1 12 10 1 100 1 12 9 1 7 1 12 10 12 10 1 12 10 12 10 1 12 10 1 100 1 12 10 1 12 10 11 12 10 12 10 10 1 7 1 12 10 10 1 12 10 1 7 11 11 1 12 10 1 12 10 1 7 1 7 1 12 11 1 7 12 11 10 1 7 10 1 12 11 1 12 11 12 10 16 1 12 10 15 16 1 7 1 1 12 10 15 1 1 12 18 1 100 1 12 11 10 1 100 1 100 12 9 1 12 10 1 100 10 12 9 1 12 9 10 1 12 10 1 7 1 12 10 1 12 9 12 10 9 12 9 1 7 10 10 1 12 10 10 12 9 12 9 10 10 1 12 10 1 12 10 1 1 12 10 1 12 11 1 12 10 11 1 1 12 10 1 1 12 11 1 12 10 1 8 10 1 7 1 12 10 12 9 12 9 12 9 1 12 10 1 12 10 1 7 12 10 11 12 10 1 12 10 1 7 10 1 7 1 12 10 1 12 10 12 9 12 9 12 10 11 12 9 1 12 10 1 7 1 12 10 10 12 10 1 100 1 7 1 12 10 12 10 1 12 10 1 12 10 12 10 1 12 10 12 9 1 1 12 10 9 1 12 10 1 12 9 1 100 12 9 12 9 1 12 9 1 12 10 1 12 9 1 12 10 12 9 1 12 10 12 10 12 10 11 1 12 9 1 12 10 1 7 1 12 9 1 12 9 1 12 10 1 7 12 10 1 12 9 10 12 10 1 1 12 10 1 7 1 12 10 1 7 1 12 10 1 12 10 1 7 12 10 12 10 1 7 1 12 10 1 7 12 10 1 12 9 1 7 1 12 9 1 7 12 10 1 12 10 1 7 1 12 10 1 100 1 12 10 1 7 1 12 10 10 1 12 10 1 7 1 12 10 1 1 12 10 1 1 12 9 12 9 1 7 10 10 1 1 12 10 1 7 10 1 7 10 10 1 1 7 12 9 1 7 1 12 10 1 7 1 12 10 1 1 100 1 12 9 10 12 9 1 100 1 1 12 10 1 12 9 1 100 1 12 10 1 1 12 10 1 12 10 12 10 1 12 10 1 12 10 1 11 1 1 12 11 12 10 15 16 18 1 100 1 1 12 11 1 100 12 11 1 12 11 1 1 12 10 1 7 1 12 10 1 12 10 1 7 1 7 12 10 12 10 1 1 7 1 12 10 1 7 1 12 9 1 12 10 1 7 10 5 0 12 9 1 12 10 1 7 10 1 12 10 1 12 10 1 12 10 1 12 9 9 12 10 10 1 12 9 1 7 1 12 9 1 7 10 11 10 1 1 7 1 12 10 1 7 10 1 7 10 1 1 100 12 10 1 7 10 10 9 1 12 10 10 1 7 1 12 10 1 7 10 1 7 10 1 7 10 1 7 10 1 12 10 1 12 10 1 1 12 10 12 9 12 9 12 9 1 12 10 1 12 10 1 1 7 1 12 10 12 11 12 9 1 8 1 12 18 12 10 1 12 9 1 7 1 1 12 9 1 100 12 9 1 1 12 10 11 1 12 10 12 9 1 1 12 10 1 12 10 12 10 10 10 1 1 100 1 8 10 1 12 10 1 1 12 10 1 8 12 10 1 1 100 1 12 10 1 100 1 100 1 12 10 1 100 1 12 9 1 100 1 12 10 1 100 1 100 12 9 1 12 9 12 9 1 12 9 1 12 10 12 10 1 7 1 12 10 1 100 1 8 1 12 18 10 1 12 10 1 12 10 1 12 10 1 12 10 1 12 10 1 1 12 10 1 7 1 12 10 1 12 10 12 10 1 7 1 12 10 10 1 12 10 10 10 10 10 1 7 10 12 9 1 1 7 1 12 10 1 12 10 16 12 10 15 16 12 18 1 100 1 1 12 11 1 8 1 12 18 9 10 1 12 10 12 9 12 9 12 9 1 7 12 10 12 10 1 12 11 1 12 10 1 12 11 1 7 1 12 10 1 1 12 10 1 100 1 12 9 1 100 1 12 11 1 8 18 10 1 12 10 1 12 10 12 10 12 10 1 12 10 10 1 12 10 10 12 11 12 11 1 12 9 16 12 10 15 1 16 1 12 18 1 12 10 12 9 1 100 1 12 10 1 12 9 12 10 1 1 1 1 1 1 1
staticfield com/android/tools/r8/internal/nB D Z 1
ciInstanceKlass com/android/tools/r8/internal/V60 1 1 130 1 8 1 1 7 1 7 1 100 1 1 1 1 1 12 10 1 1 1 7 1 1 12 10 12 9 1 1 100 1 12 10 1 100 12 10 1 7 1 12 9 1 7 1 12 10 1 1 12 10 1 1 12 10 1 100 1 12 10 1 12 10 1 12 10 1 100 10 1 12 10 1 12 10 1 100 1 1 12 10 1 1 1 12 10 1 7 1 12 10 1 1 12 10 1 7 1 1 12 11 1 7 1 12 11 1 1 12 11 1 12 10 1 12 10 1 12 10 1 7 1 12 10 1 1 1 1 1 1
staticfield com/android/tools/r8/internal/V60 v Z 1
ciInstanceKlass com/android/tools/r8/internal/ql0 1 1 261 1 8 1 1 7 1 7 1 100 1 100 1 100 1 1 1 1 1 12 10 1 12 10 1 1 7 1 1 12 10 12 9 1 1 1 1 1 1 7 1 1 12 9 1 7 1 12 10 1 1 12 10 1 100 10 1 1 12 10 1 7 1 1 7 10 12 10 1 1 12 9 1 7 1 1 12 9 1 7 1 12 10 1 1 12 10 1 7 1 12 10 1 7 1 12 10 1 12 10 1 7 10 1 12 10 1 7 10 1 100 1 1 12 9 1 7 1 12 9 1 7 1 12 10 1 12 9 1 12 10 1 100 1 12 10 1 12 10 1 12 10 1 100 10 1 1 12 10 1 1 12 10 1 1 1 8 1 12 10 1 1 100 1 1 12 10 1 100 1 12 9 1 100 1 12 10 1 12 10 1 12 9 1 12 9 1 1 100 12 10 1 1 1 100 10 1 100 1 100 1 100 1 12 10 1 12 10 1 100 1 1 12 9 1 100 1 12 10 9 1 1 12 10 1 1 100 1 1 12 10 1 100 1 1 12 9 1 1 12 10 1 100 1 12 10 12 10 1 12 9 1 100 12 10 1 1 1 1 1 1
staticfield com/android/tools/r8/internal/ql0 l Z 1
ciInstanceKlass com/android/tools/r8/internal/mj 1 1 141 1 8 1 1 7 1 7 1 100 1 100 1 1 1 1 1 1 12 10 1 1 7 1 1 12 10 12 9 1 1 1 1 1 1 1 1 1 12 10 1 100 1 12 10 1 7 1 1 12 10 1 100 1 100 12 10 1 7 1 7 1 7 10 1 12 10 1 12 10 1 1 1 100 10 1 1 1 1 12 9 1 1 7 1 12 9 1 1 1 1 100 1 100 10 1 1 12 9 1 100 1 12 10 1 1 12 9 1 100 1 1 12 10 1 1 1 1 100 1 12 9 1 12 9 12 10 1 1 12 9 1 100 1 12 10 1 1 1 1 1
staticfield com/android/tools/r8/internal/mj k Z 1
ciInstanceKlass com/android/tools/r8/internal/ij 0 0 20 1 8 1 1 100 1 100 1 1 1 12 10 1 1 1 1 1 1 1
ciInstanceKlass com/android/tools/r8/internal/o20 1 1 31 1 8 1 1 7 1 7 1 100 1 1 1 1 12 10 12 9 1 1 1 1 100 12 10 1 12 10 1 1 1
ciInstanceKlass com/android/tools/r8/internal/Y5 1 1 1190 1 8 1 1 7 1 7 1 7 1 7 1 100 1 100 1 100 1 100 1 1 7 1 7 1 1 1 1 1 1 1 1 1 1 1 1 1 1 1 1 1 1 1 1 1 1 1 1 1 1 12 9 1 7 1 12 9 1 7 1 1 12 11 12 9 1 1 12 11 1 7 1 1 12 10 12 9 1 100 1 1 12 10 1 7 1 12 10 1 12 10 1 1 12 11 1 16 1 12 10 15 1 16 1 7 1 1 12 10 15 1 1 12 18 1 100 1 1 12 11 1 12 10 1 12 11 12 10 1 12 9 1 7 1 12 10 1 12 10 1 1 12 10 1 7 1 12 10 1 7 1 1 12 10 1 12 10 1 8 1 12 10 1 12 10 1 12 10 1 100 12 9 1 7 10 1 1 12 11 1 7 1 12 11 1 1 12 11 1 12 10 1 8 1 8 1 1 12 10 1 8 10 1 1 12 10 1 12 10 1 1 7 12 9 1 1 12 10 1 12 10 1 7 1 12 11 1 7 1 12 11 1 10 1 12 10 1 12 10 1 12 10 11 1 12 10 1 7 1 12 10 1 1 12 9 1 7 12 10 1 7 1 1 12 10 12 10 1 1 7 1 12 11 1 7 12 9 1 7 1 12 10 16 1 12 10 15 1 16 1 12 18 12 10 1 12 10 1 12 10 1 7 11 1 1 12 9 1 12 10 1 12 10 1 8 1 7 10 1 12 9 1 7 1 1 12 10 9 1 12 10 1 1 8 1 7 1 100 12 10 1 12 10 1 12 10 1 12 10 10 1 12 10 1 12 10 10 1 12 10 1 12 10 1 12 10 1 12 10 1 12 11 1 1 12 10 1 1 12 10 1 12 10 1 8 1 1 12 10 1 12 10 11 1 1 8 12 10 1 12 10 12 10 12 10 12 9 1 7 1 12 10 1 7 12 11 1 12 9 1 100 12 10 1 7 1 12 10 1 100 1 100 1 12 10 1 1 12 10 1 12 10 1 12 10 1 12 10 1 12 9 1 7 10 1 12 9 1 7 10 1 12 10 1 1 12 10 1 100 12 9 12 9 100 1 12 10 1 12 10 1 8 1 12 9 1 12 11 12 9 1 1 12 10 1 1 12 10 12 9 12 9 10 1 1 12 9 10 12 9 1 1 8 1 100 1 1 12 10 15 1 12 18 1 8 1 16 12 10 15 1 12 18 12 10 15 18 1 1 12 10 1 12 10 12 10 1 12 10 12 10 15 16 1 12 18 1 7 1 12 11 12 10 12 9 1 10 12 9 1 7 1 12 10 1 8 1 12 18 12 9 11 10 1 7 1 12 10 1 1 1 100 10 9 12 9 1 12 10 12 9 12 9 1 12 10 11 1 7 1 12 11 1 12 11 1 12 10 10 11 11 1 1 12 10 1 1 7 10 1 1 12 10 1 12 10 1 7 12 10 11 15 1 12 18 1 12 10 1 12 10 12 10 1 12 10 1 12 10 1 12 10 1 7 1 12 10 12 10 1 12 10 1 12 10 12 10 1 12 10 11 1 12 11 12 9 1 12 10 10 15 1 16 1 12 18 1 1 12 11 1 1 12 11 1 7 10 12 10 1 12 10 1 1 12 9 1 12 10 1 12 11 12 9 1 12 10 1 1 12 10 1 1 12 10 11 1 1 12 10 1 100 10 1 8 1 1 12 10 1 12 10 1 8 18 1 8 18 1 8 18 1 8 1 12 18 1 8 18 1 8 16 12 10 15 16 1 1 12 18 1 100 12 10 12 11 1 12 10 1 8 12 10 15 1 12 18 1 8 10 1 8 1 8 1 12 10 1 8 1 8 12 9 1 8 1 100 1 12 10 1 12 9 1 8 1 12 10 1 12 9 1 8 1 100 12 10 1 12 10 1 100 1 1 12 10 9 1 1 12 10 1 12 10 1 12 10 1 12 10 1 8 10 1 100 12 9 11 1 8 1 8 1 8 10 1 12 10 1 12 10 12 9 1 7 1 12 10 15 1 16 1 12 18 1 12 10 1 1 12 9 10 1 1 12 10 1 12 9 1 12 10 12 10 11 12 10 12 10 9 12 10 12 10 12 10 12 10 1 12 10 1 7 1 12 9 1 1 12 9 1 100 1 1 12 9 1 7 1 1 12 10 1 12 10 12 9 1 100 10 1 12 9 1 7 12 10 1 12 10 1 12 10 1 12 10 12 10 12 10 9 10 12 11 1 100 1 8 1 12 10 12 9 1 12 9 1 12 10 12 10 12 10 1 7 10 1 7 10 1 12 10 10 1 12 10 11 10 10 1 7 1 12 10 12 10 1 12 10 10 12 11 12 9 12 10 15 16 1 12 18 11 12 10 15 18 1 1 12 10 15 1 12 18 1 12 11 1 1 100 10 1 100 1 12 10 12 10 1 100 12 11 12 10 1 1 100 10 1 100 1 100 12 10 1 100 1 1 12 10 1 12 10 10 1 12 10 1 100 1 12 11 1 12 10 1 100 1 7 1 7 1 12 11 1 100 1 12 10 1 100 10 12 10 1 8 1 100 1 1 12 11 1 1 12 10 1 1 12 9 12 9 12 10 10 12 10 1 1 12 10 12 10 12 10 1 1 7 1 12 10 1 1 100 10 10 1 12 10 11 1 12 10 15 18 12 10 15 18 11 1 1 1 1 1 1 1 1 1
staticfield com/android/tools/r8/internal/Y5 q Z 1
ciInstanceKlass com/android/tools/r8/internal/X5 1 1 80 1 8 1 1 7 1 7 1 7 1 1 1 1 12 10 1 1 7 1 1 12 10 12 9 1 1 7 1 1 12 10 1 7 1 1 12 11 1 7 1 12 11 1 1 12 11 1 7 1 1 12 9 1 1 1 12 9 1 100 10 1 1 12 11 1 1 12 9 1 7 1 1 12 10 1 1 1 1 1
staticfield com/android/tools/r8/internal/X5 a Z 1
ciInstanceKlass com/android/tools/r8/internal/k70 0 0 228 1 8 1 1 100 1 100 1 100 1 100 1 1 1 1 1 1 12 10 12 9 1 100 1 1 12 10 1 100 1 12 10 1 1 1 12 10 1 1 100 1 12 10 1 1 1 1 12 10 12 10 1 1 12 9 1 100 1 1 12 10 1 1 1 100 12 10 1 16 12 10 15 1 16 1 100 1 1 12 10 15 1 1 12 18 1 12 10 1 12 10 1 12 10 1 1 12 11 1 100 1 12 9 1 1 12 9 1 100 1 1 12 10 1 100 1 12 11 1 100 10 15 1 12 18 1 1 100 10 1 1 1 1 12 9 1 1 8 1 12 10 1 1 8 1 1 1 12 10 1 1 12 10 1 100 1 100 12 10 1 100 1 12 9 1 12 9 1 12 10 1 100 1 1 12 9 1 100 1 12 10 9 1 1 8 1 1 1 100 1 12 9 1 1 1 12 10 16 1 12 10 15 16 1 12 18 1 12 10 1 1 12 10 1 1 12 10 1 100 12 11 1 1 1 1 1 1
ciInstanceKlass com/android/tools/r8/internal/PE 1 1 220 1 8 1 1 7 1 1 7 1 100 1 100 1 1 1 1 1 1 1 1 1 1 1 1 12 10 12 9 1 1 7 1 1 12 10 12 9 1 1 12 9 1 12 9 1 1 12 10 1 100 10 1 1 1 8 1 100 1 1 12 10 15 1 12 18 1 12 10 12 9 1 7 9 9 1 1 12 10 9 1 7 1 1 12 9 1 1 12 10 1 12 10 1 7 1 12 9 12 9 12 9 1 1 12 10 1 1 12 9 1 7 1 1 12 10 1 7 1 12 11 1 1 12 11 1 7 1 12 9 1 7 1 1 12 10 1 12 9 1 12 10 1 12 10 1 100 1 12 10 1 7 1 12 10 1 12 10 1 12 10 12 10 1 1 12 9 1 1 12 10 1 12 10 12 10 1 1 12 10 1 7 11 1 12 10 1 12 10 1 7 10 12 10 1 1 1 1 12 10 1 100 1 12 10 1 1 7 1 12 10 12 10 1 1 1 1 1 1 1
staticfield com/android/tools/r8/internal/PE f Z 1
ciInstanceKlass com/android/tools/r8/internal/xK 1 1 303 1 8 1 1 7 1 7 1 100 1 100 1 1 1 1 1 12 10 1 1 1 7 1 1 12 10 12 9 1 1 1 1 1 1 100 1 12 10 1 1 1 7 1 1 12 9 1 1 1 8 1 1 7 1 12 10 1 7 1 12 9 1 12 10 1 12 10 1 12 10 1 12 10 1 12 10 12 10 1 7 1 7 1 1 12 10 1 12 10 1 100 10 1 12 10 1 100 1 7 1 12 10 1 100 10 1 100 1 12 10 1 1 7 1 1 12 10 12 10 1 1 1 1 100 1 1 12 9 1 100 1 12 10 1 12 9 1 100 1 100 1 100 1 12 9 1 100 1 12 10 1 100 1 100 1 12 10 1 100 1 12 10 1 100 1 12 9 1 100 1 12 10 1 12 9 12 9 1 100 1 12 10 1 12 10 12 9 1 1 100 1 12 10 1 100 1 1 12 9 1 100 1 12 10 1 12 9 1 100 1 1 12 10 1 1 1 12 10 1 100 1 1 12 10 1 100 12 10 1 12 10 1 1 12 10 1 12 10 1 100 1 12 10 1 100 1 12 10 1 12 10 1 12 10 1 12 10 1 100 1 1 12 10 1 12 10 1 100 12 10 1 1 100 1 12 10 1 1 100 9 1 100 1 1 12 10 1 100 1 12 10 1 1 1 100 12 10 1 1 1 1 1
staticfield com/android/tools/r8/internal/xK o Z 1
ciInstanceKlass com/android/tools/r8/internal/ni 1 1 241 1 8 1 1 100 1 100 1 100 1 1 1 100 1 1 12 11 1 100 1 1 12 9 1 1 100 1 12 11 1 1 1 1 100 1 1 12 11 1 100 1 1 100 1 12 11 1 1 1 1 16 12 11 15 1 16 1 100 1 1 12 10 15 1 12 18 1 1 12 10 1 12 11 1 12 11 1 1 1 12 11 1 12 11 16 12 11 15 1 16 1 12 18 1 12 11 1 12 11 1 1 12 9 1 12 11 1 100 1 1 12 10 16 12 11 15 1 16 1 12 18 1 100 1 12 10 12 11 12 11 15 18 16 12 11 15 1 16 1 12 18 1 12 10 12 11 15 18 12 11 15 18 12 11 15 18 12 11 15 1 16 18 1 12 11 12 11 15 18 12 11 1 12 11 15 1 12 18 12 11 15 18 1 12 11 15 18 12 11 12 11 15 18 12 11 12 11 15 1 16 1 12 18 12 10 12 11 15 18 1 1 12 11 16 12 11 15 1 16 1 12 18 12 11 12 11 15 1 16 1 12 18 12 11 1 1 1 1 1 1
ciInstanceKlass com/android/tools/r8/internal/wB 1 1 57 1 8 1 1 100 1 100 1 100 1 1 1 100 1 1 12 10 1 1 12 10 1 1 1 1 12 10 1 1 1 1 100 1 8 1 1 12 10 1 1 1 8 1 1 1 8 1 1 1 8 1 8 1 1 8 1
ciInstanceKlass com/android/tools/r8/internal/a6 1 1 973 1 8 1 1 7 1 7 1 7 1 100 1 100 1 1 100 1 100 1 1 1 1 1 1 1 1 1 1 1 1 12 9 12 9 1 7 12 9 1 100 1 1 12 10 1 1 12 9 12 9 12 9 1 100 1 8 1 100 1 1 12 10 15 1 12 18 1 12 10 1 100 10 1 1 1 100 10 1 1 12 9 1 7 1 12 10 9 1 9 1 1 1 1 12 9 12 9 1 12 10 1 12 10 1 12 10 10 1 7 1 100 1 100 1 7 1 7 1 12 10 11 1 1 12 11 1 1 12 10 1 12 10 1 100 12 11 1 1 12 11 1 12 10 1 100 1 1 12 11 1 12 10 1 12 10 1 1 12 10 1 7 1 12 11 1 1 12 10 12 10 1 12 10 12 9 1 12 10 1 100 1 12 10 1 12 10 12 10 1 12 10 1 1 1 7 1 12 10 1 12 10 12 10 1 1 12 10 12 9 10 1 7 1 12 9 1 12 10 12 10 1 1 100 1 12 10 1 7 1 12 10 1 100 1 12 10 1 7 1 1 12 10 1 1 12 10 1 1 12 9 1 12 9 1 100 12 9 1 100 10 1 100 9 1 100 1 12 9 1 100 10 1 12 10 1 7 12 9 1 12 10 11 1 1 100 1 12 10 1 12 10 1 12 10 1 12 10 1 1 12 10 1 100 1 1 12 10 1 100 1 12 10 1 100 1 12 9 1 100 1 12 9 1 12 10 1 1 12 10 1 100 12 11 1 1 12 10 1 100 1 12 10 1 12 10 1 12 10 1 1 100 1 100 1 12 10 1 12 10 1 1 12 10 1 12 9 1 12 9 1 12 10 12 10 1 12 10 1 100 1 12 10 1 12 10 1 100 11 1 100 1 100 1 12 9 1 12 10 12 11 1 12 11 1 12 9 1 12 9 1 12 10 1 12 10 1 100 1 12 10 10 1 1 12 10 1 12 10 1 100 1 12 10 1 12 10 1 1 1 100 1 1 12 10 12 10 1 100 1 12 10 1 1 12 10 1 7 1 1 12 11 1 100 12 10 1 12 10 1 12 10 1 7 12 10 1 12 10 1 1 12 11 1 12 10 11 1 7 1 12 9 1 7 10 1 12 9 10 1 100 1 12 9 1 12 10 1 1 12 11 10 1 1 12 10 12 11 11 1 12 10 1 16 1 12 10 15 1 16 1 100 1 1 12 10 15 1 12 18 1 100 1 12 10 1 12 10 1 100 1 12 10 1 12 9 1 7 12 10 1 12 10 1 12 9 1 7 1 1 12 11 1 12 11 12 11 1 1 1 12 11 1 12 10 1 1 1 12 10 1 100 1 12 10 1 100 1 12 9 1 100 12 9 1 12 10 1 100 1 12 10 1 12 10 9 1 100 1 100 12 9 1 100 11 1 12 10 12 10 1 12 10 1 12 9 1 100 12 10 1 100 9 1 100 1 12 9 1 12 10 10 1 12 10 1 1 12 10 1 12 10 1 12 10 1 12 10 1 100 12 10 1 12 10 1 12 10 1 1 12 10 1 12 10 1 1 12 11 1 12 10 1 100 1 12 10 12 10 1 100 10 11 1 100 12 10 12 9 10 10 12 10 1 12 10 1 100 1 12 10 12 10 1 12 11 1 12 10 12 9 12 10 1 12 10 1 12 10 1 1 12 10 16 1 12 10 15 1 16 1 1 12 18 1 100 1 1 12 11 1 100 1 12 10 1 12 10 12 10 11 1 12 10 1 12 10 1 1 12 10 1 100 1 12 10 12 9 1 100 1 100 1 12 10 1 100 1 12 10 1 12 10 1 12 10 12 11 1 100 12 10 1 12 10 12 10 10 10 12 10 1 12 9 1 100 1 12 9 12 9 1 100 10 1 12 10 10 1 12 10 10 1 12 10 15 1 16 1 12 18 1 100 12 11 12 11 9 12 9 1 1 1 12 10 1 12 10 10 1 12 10 1 1 12 10 1 12 10 1 12 10 10 10 1 12 10 1 100 10 1 12 10 12 10 1 12 9 1 12 10 1 100 10 1 1 7 1 12 10 15 18 1 100 1 12 11 15 1 12 18 11 1 100 1 12 10 16 12 10 15 1 16 1 12 18 1 100 1 12 10 15 18 12 10 11 10 12 9 1 12 10 1 12 9 1 12 10 1 12 10 1 100 9 1 100 10 1 1 1 1 1 1
staticfield com/android/tools/r8/internal/a6 g Z 1
ciInstanceKlass com/android/tools/r8/internal/sB 1 1 1558 1 8 1 1 7 1 7 1 100 1 100 1 7 1 7 1 7 1 7 1 100 1 100 1 1 7 1 7 1 1 100 1 7 1 1 1 1 1 1 1 1 1 1 1 1 1 1 1 1 1 1 1 1 1 12 9 1 12 9 1 7 1 1 12 10 1 12 10 1 7 1 1 12 10 1 12 10 1 7 1 12 10 1 1 12 10 1 7 1 12 11 1 1 12 10 1 7 11 1 1 12 10 1 12 10 12 10 1 1 1 1 12 10 1 1 12 10 1 7 1 12 10 1 1 12 10 1 12 9 1 100 1 1 12 10 1 100 1 12 10 1 100 1 12 10 12 9 1 7 12 10 1 1 12 10 1 12 10 1 1 100 1 12 10 1 100 12 9 1 7 1 1 12 10 1 8 1 100 1 1 12 10 15 1 12 18 1 12 10 1 1 1 12 10 1 7 1 12 9 1 7 1 1 12 10 1 1 7 1 12 10 1 7 1 100 1 12 11 1 12 11 1 12 10 1 1 12 10 1 12 9 1 7 1 1 12 10 1 7 1 12 11 1 100 1 12 10 1 1 12 10 1 12 10 1 1 12 10 12 10 1 7 1 7 11 11 1 1 12 10 1 100 1 12 10 1 12 10 1 12 11 1 100 1 12 11 1 12 10 11 1 100 1 12 10 12 10 1 12 10 1 12 11 1 1 12 10 1 16 12 10 15 16 1 7 1 1 12 10 15 1 1 12 18 1 100 1 1 12 11 1 10 12 10 1 12 9 1 12 10 1 1 12 10 1 100 11 12 9 10 1 1 12 10 12 9 1 12 10 12 10 1 12 10 11 1 1 12 11 1 1 12 10 1 1 1 12 10 1 12 10 10 1 7 1 12 10 1 100 1 12 10 1 12 10 10 1 7 1 12 10 1 12 10 12 10 12 10 12 9 1 1 100 1 8 1 12 10 1 12 10 1 1 12 10 1 8 12 10 1 1 1 7 11 1 12 10 1 10 1 12 9 1 12 9 1 12 11 10 12 10 1 7 10 1 7 10 1 12 10 10 1 12 10 12 9 1 12 10 10 12 10 12 9 1 100 1 7 1 12 10 1 7 1 1 12 10 1 12 10 1 1 12 9 1 12 9 1 100 10 1 12 10 12 10 1 1 12 10 1 12 10 1 12 10 12 10 1 100 1 12 10 1 12 9 1 12 10 15 1 16 18 1 12 10 1 100 11 1 100 1 1 12 10 1 100 1 1 12 10 1 12 10 1 100 1 1 12 10 1 100 1 12 9 1 100 1 12 11 1 12 10 1 12 10 16 12 10 15 1 12 18 1 1 15 1 12 18 1 12 10 1 100 1 12 10 12 10 15 18 1 7 10 1 1 1 7 10 1 1 12 10 10 1 1 12 10 1 100 1 12 10 12 10 1 100 1 12 10 12 10 15 18 1 1 12 10 1 12 10 1 7 1 100 12 10 1 100 10 12 10 1 100 12 10 1 12 9 1 100 1 12 10 1 12 10 15 18 1 100 1 12 11 12 9 1 12 9 1 12 10 1 1 7 1 12 10 1 7 12 10 1 12 10 1 1 12 10 1 12 10 1 100 1 100 1 12 10 1 12 10 1 7 12 10 11 12 10 12 10 1 12 10 1 12 10 1 12 10 1 12 10 12 10 1 12 11 12 10 11 16 10 15 16 1 12 18 1 12 10 1 12 9 12 9 12 9 11 1 1 100 1 100 12 10 12 10 10 1 7 10 12 10 12 10 12 10 12 10 10 1 12 10 1 12 10 1 7 1 12 10 1 7 1 12 9 1 12 10 12 10 1 12 10 15 1 16 12 18 1 12 11 3 12 9 12 9 1 1 12 10 1 100 10 10 1 12 10 11 1 100 1 12 10 1 12 10 15 1 12 18 1 7 1 12 10 1 1 12 10 15 1 12 18 1 12 10 1 12 11 1 10 10 1 12 10 11 1 1 12 10 1 100 10 1 100 1 100 1 12 9 1 7 1 12 9 1 12 10 12 10 1 12 11 12 10 1 1 100 12 10 12 10 12 9 1 8 1 12 18 1 12 10 1 12 10 1 8 1 12 18 1 12 10 12 10 12 10 1 12 10 1 100 12 11 9 12 9 1 12 10 12 10 1 1 12 10 1 100 1 100 1 12 9 1 12 10 1 100 10 12 9 12 9 10 1 12 11 12 9 11 1 7 1 7 1 12 9 1 1 12 10 10 1 100 1 12 10 1 7 10 1 16 1 12 10 15 16 1 1 12 18 1 100 1 12 10 15 1 16 1 12 18 1 100 1 1 12 11 12 10 15 18 11 1 12 11 11 12 10 15 18 11 12 10 15 18 1 1 100 12 10 12 10 1 100 1 12 10 1 1 12 10 1 12 10 10 12 10 12 10 1 12 10 15 16 18 1 12 10 1 12 10 1 100 12 11 1 10 12 10 10 1 7 10 1 12 10 10 12 10 1 12 9 10 1 12 9 11 1 12 9 1 100 11 11 1 1 12 11 12 9 11 10 11 1 12 10 1 12 11 12 11 11 100 12 10 11 1 12 10 1 16 1 12 10 15 1 16 1 1 12 18 1 1 12 10 10 15 18 15 18 10 11 1 12 10 1 1 12 10 1 12 10 10 1 8 1 12 18 12 10 10 12 10 12 10 1 12 10 1 12 9 1 12 10 12 10 1 12 10 1 100 12 10 1 12 10 1 8 1 12 18 1 12 10 1 16 12 10 15 1 16 1 12 18 1 100 1 12 10 12 10 12 10 12 10 12 10 1 100 10 10 1 8 1 100 1 8 1 12 10 1 8 1 12 10 1 8 1 12 10 1 8 1 100 1 8 1 100 1 8 1 100 1 8 1 100 1 8 12 10 1 8 1 100 1 8 1 12 10 1 8 1 12 10 1 8 1 100 1 8 1 100 1 8 1 12 10 1 8 1 100 1 8 1 12 10 1 8 1 100 1 8 1 100 1 8 1 100 1 8 1 12 10 1 8 1 100 1 8 1 100 1 8 1 100 1 8 1 100 1 8 12 10 1 8 1 12 10 1 8 1 100 1 8 1 100 1 8 1 100 1 8 1 100 10 1 100 1 12 9 1 100 12 10 12 10 1 100 1 1 12 10 1 12 10 1 12 10 1 100 1 12 10 12 10 15 1 12 18 12 10 15 1 16 18 1 100 1 1 12 10 1 1 12 10 1 1 12 11 1 16 12 10 15 16 1 12 18 1 12 11 12 10 15 18 12 10 15 18 1 1 100 12 10 12 11 1 1 12 10 1 1 10 12 9 12 9 12 9 1 12 10 1 1 1 12 11 11 12 10 15 18 1 12 11 12 10 15 18 12 10 1 100 1 12 10 1 100 1 12 10 1 100 12 10 12 10 1 100 1 12 9 1 100 1 12 10 12 10 1 100 1 100 1 100 1 100 1 100 1 100 1 12 11 1 100 10 12 11 1 1 7 1 12 10 12 10 15 12 18 1 12 10 12 10 1 1 1 1 1 1 1 1 1 1
staticfield com/android/tools/r8/internal/sB k Z 1
ciInstanceKlass com/android/tools/r8/ir/optimize/a 1 1 146 1 8 1 1 7 1 1 7 1 7 1 1 1 1 1 1 1 7 1 12 10 12 10 12 9 1 1 1 1 7 1 12 9 1 7 1 1 12 9 12 10 12 9 1 1 1 1 12 11 1 7 1 12 10 1 7 1 1 12 11 1 100 1 12 10 1 12 10 1 12 10 1 12 11 1 1 1 12 11 1 1 12 11 1 1 7 1 12 10 1 1 12 11 1 7 1 7 1 12 11 1 1 12 11 1 12 10 1 12 10 1 12 11 1 12 11 1 12 11 1 12 11 1 12 11 1 12 11 1 1 12 11 1 1 12 11 1 12 11 1 1 1 1 1 1
staticfield com/android/tools/r8/ir/optimize/a c Lcom/android/tools/r8/ir/optimize/a; com/android/tools/r8/ir/optimize/a
ciInstanceKlass com/android/tools/r8/internal/iv0 1 1 418 1 8 1 1 7 1 7 1 1 1 1 1 1 1 1 1 1 1 1 1 1 1 1 1 12 10 12 9 12 9 1 7 1 12 10 12 9 12 9 1 7 1 12 10 12 9 12 9 12 9 12 10 1 7 1 1 12 10 1 16 1 12 10 15 16 1 7 1 1 12 10 15 1 1 12 18 1 7 1 1 12 10 12 10 1 1 100 1 1 12 10 1 100 1 12 10 1 100 1 12 10 1 7 1 1 12 10 1 12 10 1 100 1 12 10 1 100 1 12 10 1 12 10 1 100 1 12 10 1 1 7 1 12 10 12 9 1 12 9 1 7 1 12 11 1 100 10 12 10 1 12 10 12 9 1 1 12 11 1 7 1 1 12 10 1 7 1 12 11 1 1 12 11 1 7 12 10 1 12 9 1 7 12 10 1 12 10 1 12 10 1 7 1 12 10 12 9 1 12 9 1 100 1 1 12 10 1 7 1 12 11 1 12 11 1 7 1 1 12 10 1 100 1 100 11 11 1 1 12 10 1 100 1 1 12 10 1 1 12 10 1 12 10 1 12 10 1 12 10 1 1 12 9 1 12 10 1 100 1 12 10 12 9 1 12 10 12 9 1 12 10 1 12 10 1 100 1 12 10 1 100 12 10 12 10 12 10 1 12 9 9 1 100 1 12 9 1 12 11 1 12 10 1 100 10 1 12 10 1 12 10 1 7 1 12 10 15 16 18 11 12 10 1 12 10 1 7 12 10 12 10 1 12 10 1 12 10 1 1 12 10 1 7 11 16 1 12 10 15 1 16 1 1 12 18 1 12 10 1 12 10 1 12 11 1 12 10 1 8 1 12 10 1 8 1 100 1 1 12 10 15 1 12 18 12 10 1 7 1 7 1 12 10 1 12 10 1 100 10 1 12 10 1 12 10 1 12 10 11 1 12 10 1 1 1 1 1
staticfield com/android/tools/r8/internal/iv0 h Z 1
ciInstanceKlass com/android/tools/r8/internal/bz0 1 1 186 1 8 1 1 7 1 1 7 1 1 1 1 1 1 12 9 1 7 1 12 10 1 1 100 1 1 12 10 16 1 100 11 15 1 7 1 1 12 10 15 1 1 12 18 1 7 1 1 12 11 1 1 12 10 15 1 12 18 1 1 12 9 1 7 1 12 11 1 12 10 1 1 12 10 1 12 10 1 7 1 12 11 1 1 16 1 12 10 15 1 16 1 1 12 18 1 12 10 1 100 12 11 1 100 12 10 1 100 1 12 9 1 12 10 1 1 1 12 10 1 12 10 1 1 1 7 10 1 100 1 1 12 10 16 1 12 10 15 1 16 1 12 18 12 10 1 12 10 15 18 1 1 1 1 12 10 12 10 1 12 10 10 1 100 12 11 1 100 12 11 1 100 10 1 7 12 10 12 10 1 1 1 1 1 1
ciInstanceKlass com/android/tools/r8/internal/Ce 1 1 30 1 8 1 1 7 1 7 1 100 1 1 1 1 1 12 10 12 9 1 1 1 7 1 12 10 1 1 1 1
ciInstanceKlass com/android/tools/r8/internal/L1 1 1 56 1 8 1 1 7 1 100 1 1 1 1 12 9 1 7 1 12 10 1 1 100 1 12 9 1 100 1 12 9 1 1 16 12 11 15 1 7 1 1 12 10 15 1 12 18 12 11 15 18 12 9 1 1 1 1
staticfield com/android/tools/r8/internal/L1 a Lcom/android/tools/r8/internal/L1; com/android/tools/r8/internal/L1$$Lambda+0x000001eca126a6e8
staticfield com/android/tools/r8/internal/L1 b Lcom/android/tools/r8/internal/L1; com/android/tools/r8/internal/L1$$Lambda+0x000001eca126ab58
ciInstanceKlass com/android/tools/r8/internal/lo0 1 1 628 1 8 1 1 7 1 7 1 100 1 7 1 1 1 1 1 1 1 1 1 1 1 1 1 1 1 1 1 1 1 12 9 1 12 10 1 7 10 12 9 1 7 1 12 10 12 9 12 9 12 9 12 9 12 9 1 7 1 12 9 1 7 1 1 12 10 1 7 12 9 10 12 9 1 1 1 1 1 12 10 1 7 1 1 7 1 1 12 11 1 7 1 12 10 1 1 7 1 1 12 10 12 9 1 1 1 12 10 1 7 1 12 10 1 7 1 1 12 10 1 7 10 1 7 10 1 7 1 12 10 1 1 12 10 1 7 1 1 12 11 1 16 1 12 10 15 16 1 7 1 1 12 10 15 1 1 12 18 1 7 1 1 12 11 1 16 12 10 15 16 1 1 12 18 1 7 1 1 12 11 1 1 12 11 1 16 1 12 10 15 1 16 1 1 12 18 1 1 12 11 1 1 12 10 1 7 1 12 11 1 12 11 1 7 12 10 1 7 1 12 9 1 7 1 12 10 1 12 10 12 10 1 12 10 1 12 10 1 7 1 12 9 1 7 1 12 9 1 7 1 1 12 11 1 1 7 1 1 12 9 12 10 1 1 12 10 1 7 1 12 11 1 1 12 11 1 12 10 1 12 9 1 1 12 9 10 1 7 1 12 10 1 12 10 1 12 10 1 100 10 12 10 1 12 10 1 1 7 1 12 10 1 7 1 12 10 1 1 12 10 1 7 1 12 10 1 12 10 1 7 1 1 12 10 1 7 1 12 10 1 7 1 12 10 1 12 10 1 12 10 12 10 1 12 10 1 1 12 10 1 12 10 1 12 10 1 12 10 1 1 12 10 12 9 1 7 1 12 10 12 10 1 1 12 10 1 12 9 1 7 1 1 12 10 1 12 10 1 12 10 1 12 9 1 7 12 9 12 9 1 12 10 1 12 10 1 12 10 12 9 1 7 1 12 10 1 100 1 12 10 1 12 10 1 16 1 7 1 1 12 10 15 1 16 1 1 12 18 1 1 12 11 1 7 1 1 12 10 1 7 1 12 10 1 12 10 1 1 12 10 1 12 10 1 1 12 10 1 100 1 1 12 10 1 100 1 12 10 15 1 16 18 1 100 1 12 10 1 12 10 1 12 10 12 10 11 1 12 10 10 1 12 11 1 12 10 15 16 1 12 18 1 12 10 1 1 12 10 1 12 10 1 7 1 12 10 1 7 12 11 1 12 11 1 12 11 1 1 12 10 12 10 15 18 1 7 1 12 11 1 7 1 7 1 12 11 1 100 9 1 7 10 1 12 10 1 7 1 12 11 1 7 1 12 9 1 1 12 10 1 12 9 12 9 12 10 12 11 1 12 10 10 12 10 15 1 12 18 1 100 1 12 9 1 12 10 1 7 1 12 11 1 1 1 1 1 1
staticfield com/android/tools/r8/internal/lo0 l Z 1
ciInstanceKlass  @bci com/android/tools/r8/internal/lo0 a ()Z 39 <appendix> member <vmtarget> ; 1 1 28 1 7 1 7 1 100 1 1 1 1 1 12 10 12 9 1 1 1 7 1 7 1 1 12 10 1 1
ciInstanceKlass  @bci com/android/tools/r8/internal/lo0 a ()Z 49 <appendix> argL0 ; 1 1 23 1 7 1 7 1 100 1 1 12 10 1 1 1 7 1 7 1 1 12 10 1 1
ciInstanceKlass  @bci com/android/tools/r8/internal/lo0 a ()Z 66 <appendix> member <vmtarget> ; 1 1 40 1 7 1 7 1 100 1 1 1 1 1 1 1 1 1 1 1 12 10 12 9 12 9 12 9 12 9 1 1 1 7 1 7 1 1 12 10 1 1
ciInstanceKlass com/android/tools/r8/internal/y30 1 1 125 1 8 1 1 7 1 7 1 1 1 1 12 9 1 12 10 1 1 1 7 12 10 1 1 1 1 1 100 1 1 12 11 1 12 11 1 7 1 1 12 9 1 100 1 1 12 11 1 1 12 9 1 1 12 9 1 1 12 9 1 100 1 12 10 12 9 1 12 11 1 100 1 12 10 1 12 9 100 1 12 10 1 12 10 1 1 1 12 9 1 12 10 1 1 1 1 100 1 12 9 1 12 10 1 100 10 1 1 12 9 1 1 1 100 1 100 10 1 1 1 1 1 1 1
ciInstanceKlass  @bci com/android/tools/r8/ir/optimize/z a ()V 406 <appendix> argL0 ; 1 1 23 1 7 1 7 1 100 1 1 12 10 1 1 1 7 1 7 1 1 12 10 1 1
ciInstanceKlass  @bci com/android/tools/r8/ir/optimize/z a ()V 416 <appendix> argL0 ; 1 1 23 1 7 1 7 1 100 1 1 12 10 1 1 1 7 1 7 1 1 12 10 1 1
ciInstanceKlass  @bci com/android/tools/r8/internal/sB a (Lcom/android/tools/r8/internal/nB;Lcom/android/tools/r8/ir/optimize/a;)Z 169 <appendix> argL0 ; 1 1 20 1 7 1 7 1 100 1 1 12 10 1 1 1 7 1 12 10 1 1
ciInstanceKlass  @bci com/android/tools/r8/internal/sB y ()V 373 <appendix> member <vmtarget> ; 1 1 31 1 7 1 7 1 100 1 1 1 1 1 1 12 10 12 9 12 9 1 1 1 7 1 7 1 1 12 10 1 1
ciMethodData java/lang/Object <init> ()V 2 40728308 orig 80 0 0 0 0 0 0 0 0 0 0 0 0 0 0 0 0 0 0 0 0 0 0 0 0 0 0 0 0 0 0 0 0 0 0 0 0 0 0 0 0 0 0 0 0 0 0 0 0 0 0 0 0 0 0 0 0 0 0 0 0 0 0 0 0 0 0 0 0 0 0 0 0 0 0 0 0 0 0 0 0 data 4 0x0 0x9 0x1 0x0 oops 0 methods 0
ciMethodData java/util/Objects requireNonNull (Ljava/lang/Object;)Ljava/lang/Object; 2 4200413 orig 80 0 0 0 0 0 0 0 0 0 0 0 0 0 0 0 0 0 0 0 0 0 0 0 0 0 0 0 0 0 0 0 0 0 0 0 0 0 0 0 0 0 0 0 0 0 0 0 0 0 0 0 0 0 0 0 0 0 0 0 0 0 0 0 0 0 0 0 0 0 0 0 0 0 0 0 0 0 0 0 0 data 15 0x10007 0x401dbf 0x30 0x0 0x80002 0x0 0x0 0x0 0x0 0x0 0x0 0x0 0x9 0x1 0x0 oops 0 methods 0
ciMethodData java/util/AbstractCollection <init> ()V 2 6798661 orig 80 0 0 0 0 0 0 0 0 0 0 0 0 0 0 0 0 0 0 0 0 0 0 0 0 0 0 0 0 0 0 0 0 0 0 0 0 0 0 0 0 0 0 0 0 0 0 0 0 0 0 0 0 0 0 0 0 0 0 0 0 0 0 0 0 0 0 0 0 0 0 0 0 0 0 0 0 0 0 0 0 data 7 0x10002 0x67ed6c 0x0 0x0 0x9 0x1 0x0 oops 0 methods 0
ciMethodData java/util/AbstractMap <init> ()V 2 4085089 orig 80 0 0 0 0 0 0 0 0 0 0 0 0 0 0 0 0 0 0 0 0 0 0 0 0 0 0 0 0 0 0 0 0 0 0 0 0 0 0 0 0 0 0 0 0 0 0 0 0 0 0 0 0 0 0 0 0 0 0 0 0 0 0 0 0 0 0 0 0 0 0 0 0 0 0 0 0 0 0 0 0 data 7 0x10002 0x3e8718 0x0 0x0 0x9 0x1 0x0 oops 0 methods 0
ciMethod java/util/LinkedList getFirst ()Ljava/lang/Object; 4112 0 450563 0 104
ciMethod java/util/LinkedList remove (Ljava/lang/Object;)Z 4100 1564 151334 0 -1
ciMethodData java/util/AbstractList <init> ()V 2 3385143 orig 80 0 0 0 0 0 0 0 0 0 0 0 0 0 0 0 0 0 0 0 0 0 0 0 0 0 0 0 0 0 0 0 0 0 0 0 0 0 0 0 0 0 0 0 0 0 0 0 0 0 0 0 0 0 0 0 0 0 0 0 0 0 0 0 0 0 0 0 0 0 0 0 0 0 0 0 0 0 0 0 0 data 9 0x10002 0x33b611 0x0 0x0 0x0 0x0 0x9 0x1 0x6 oops 0 methods 0
ciMethodData java/util/ArrayList <init> ()V 2 2214499 orig 80 0 0 0 0 0 0 0 0 0 0 0 0 0 0 0 0 0 0 0 0 0 0 0 0 0 0 0 0 0 0 0 0 0 0 0 0 0 0 0 0 0 0 0 0 0 0 0 0 0 0 0 0 0 0 0 0 0 0 0 0 0 0 0 0 0 0 0 0 0 0 0 0 0 0 0 0 0 0 0 0 data 9 0x10002 0x21d4c9 0x0 0x0 0x0 0x0 0x9 0x1 0xe oops 0 methods 0
ciMethodData java/lang/invoke/Invokers$Holder linkToTargetMethod (Ljava/lang/Object;)Ljava/lang/Object; 2 5662949 orig 80 0 0 0 0 0 0 0 0 0 0 0 0 0 0 0 0 0 0 0 0 0 0 0 0 0 0 0 0 0 0 0 0 0 0 0 0 0 0 0 0 0 0 0 0 0 0 0 0 0 0 0 0 0 0 0 0 0 0 0 0 0 0 0 0 0 0 0 0 0 0 0 0 0 0 0 0 0 0 0 0 data 29 0x10004 0x0 0x0 0x1ece66e3430 0x2458 0x0 0x0 0x4000b 0x56dd40 0x0 0x0 0x0 0x0 0x0 0x1 0x2 0x0 0x0 0x0 0x0 0x0 0x0 0x9 0x1 0x0 0xc 0x2 0x0 0x1ece66e3430 oops 2 3 java/lang/invoke/BoundMethodHandle$Species_L 28 java/lang/invoke/BoundMethodHandle$Species_L methods 0
ciMethodData java/util/ArrayList$Itr hasNext ()Z 2 2086157 orig 80 0 0 0 0 0 0 0 0 0 0 0 0 0 0 0 0 0 0 0 0 0 0 0 0 0 0 0 0 0 0 0 0 0 0 0 0 0 0 0 0 0 0 0 0 0 0 0 0 0 0 0 0 0 0 0 0 0 0 0 0 0 0 0 0 0 0 0 0 0 0 0 0 0 0 0 0 0 0 0 0 data 14 0xb0007 0xce474 0x38 0x1303aa 0xf0003 0x1303da 0x18 0x0 0x0 0x0 0x0 0x9 0x1 0x0 oops 0 methods 0
ciMethodData java/util/ArrayList$Itr next ()Ljava/lang/Object; 2 11399 orig 80 0 0 0 0 0 0 0 0 0 0 0 0 0 0 0 0 0 0 0 0 0 0 0 0 0 0 0 0 0 0 0 0 0 0 0 0 0 0 0 0 0 0 0 0 0 0 0 0 0 0 0 0 0 0 0 0 0 0 0 0 0 0 0 0 0 0 0 0 0 0 0 0 0 0 0 0 0 0 0 0 data 28 0x10005 0x2c87 0x0 0x0 0x0 0x0 0x0 0x110007 0x2c87 0x30 0x0 0x180002 0x0 0x270007 0x2c87 0x30 0x0 0x2e0002 0x0 0x0 0x0 0x0 0x0 0x0 0x0 0x9 0x1 0x6 oops 0 methods 0
ciMethodData java/util/ArrayList$Itr checkForComodification ()V 2 11412 orig 80 0 0 0 0 0 0 0 0 0 0 0 0 0 0 0 0 0 0 0 0 0 0 0 0 0 0 0 0 0 0 0 0 0 0 0 0 0 0 0 0 0 0 0 0 0 0 0 0 0 0 0 0 0 0 0 0 0 0 0 0 0 0 0 0 0 0 0 0 0 0 0 0 0 0 0 0 0 0 0 0 data 13 0xb0007 0x2c94 0x30 0x0 0x120002 0x0 0x0 0x0 0x0 0x0 0x9 0x1 0x0 oops 0 methods 0
ciMethodData java/util/AbstractSet <init> ()V 2 1151913 orig 80 0 0 0 0 0 0 0 0 0 0 0 0 0 0 0 0 0 0 0 0 0 0 0 0 0 0 0 0 0 0 0 0 0 0 0 0 0 0 0 0 0 0 0 0 0 0 0 0 0 0 0 0 0 0 0 0 0 0 0 0 0 0 0 0 0 0 0 0 0 0 0 0 0 0 0 0 0 0 0 0 data 7 0x10002 0x11946a 0x0 0x0 0x9 0x1 0x0 oops 0 methods 0
ciMethodData java/util/ArrayDeque inc (II)I 2 97932 orig 80 0 0 0 0 0 0 0 0 0 0 0 0 0 0 0 0 0 0 0 0 0 0 0 0 0 0 0 0 0 0 0 0 0 0 0 0 0 0 0 0 0 0 0 0 0 0 0 0 0 0 0 0 0 0 0 0 0 0 0 0 0 0 0 0 0 0 0 0 0 0 0 0 0 0 0 0 0 0 0 0 data 9 0x50007 0x15119 0x20 0x2d77 0x0 0x9 0x2 0x0 0x0 oops 0 methods 0
ciMethodData java/util/Collections$SetFromMap remove (Ljava/lang/Object;)Z 2 11348 orig 80 1 0 0 0 0 0 0 0 0 0 0 0 0 0 0 0 0 0 0 0 0 0 0 0 0 0 0 0 0 0 0 0 0 0 0 0 0 0 0 0 0 0 0 0 0 0 0 0 0 0 0 0 0 0 0 0 0 0 0 0 0 0 0 0 0 0 0 0 0 0 0 0 0 0 0 0 0 0 0 0 data 24 0x50005 0x0 0x0 0x1ece51c0138 0x1a78 0x1eceb6e5198 0x11dd 0xa0007 0x80e 0x38 0x2449 0xe0003 0x2449 0x18 0x0 0x0 0x0 0x0 0x0 0x0 0x9 0x2 0x0 0xffffffffffffffff oops 2 3 java/util/WeakHashMap 5 java/util/IdentityHashMap methods 0
ciMethodData java/lang/invoke/DirectMethodHandle allocateInstance (Ljava/lang/Object;)Ljava/lang/Object; 2 7626933 orig 80 0 0 0 0 0 0 0 0 0 0 0 0 0 0 0 0 0 0 0 0 0 0 0 0 0 0 0 0 0 0 0 0 0 0 0 0 0 0 0 0 0 0 0 0 0 0 0 0 0 0 0 0 0 0 0 0 0 0 0 0 0 0 0 0 0 0 0 0 0 0 0 0 0 0 0 0 0 0 0 0 data 23 0x10004 0x0 0x0 0x1ece5b0bc00 0x2d82 0x0 0x0 0xc0005 0x74ed0e 0x0 0x0 0x0 0x0 0x0 0x0 0x0 0x0 0x0 0x0 0x0 0x9 0x1 0x0 oops 1 3 java/lang/invoke/DirectMethodHandle$Constructor methods 0
ciMethodData java/lang/invoke/DirectMethodHandle constructorMethod (Ljava/lang/Object;)Ljava/lang/Object; 2 7670958 orig 80 0 0 0 0 0 0 0 0 0 0 0 0 0 0 0 0 0 0 0 0 0 0 0 0 0 0 0 0 0 0 0 0 0 0 0 0 0 0 0 0 0 0 0 0 0 0 0 0 0 0 0 0 0 0 0 0 0 0 0 0 0 0 0 0 0 0 0 0 0 0 0 0 0 0 0 0 0 0 0 0 data 16 0x10004 0x0 0x0 0x1ece5b0bc00 0x2d89 0x0 0x0 0x0 0x0 0x0 0x0 0x0 0x0 0x9 0x1 0x0 oops 1 3 java/lang/invoke/DirectMethodHandle$Constructor methods 0
ciMethodData java/lang/invoke/Invokers$Holder linkToTargetMethod (Ljava/lang/Object;Ljava/lang/Object;)Ljava/lang/Object; 2 5182138 orig 80 0 0 0 0 0 0 0 0 0 0 0 0 0 0 0 0 0 0 0 0 0 0 0 0 0 0 0 0 0 0 0 0 0 0 0 0 0 0 0 0 0 0 0 0 0 0 0 0 0 0 0 0 0 0 0 0 0 0 0 0 0 0 0 0 0 0 0 0 0 0 0 0 0 0 0 0 0 0 0 0 data 34 0x10004 0x0 0x0 0x1ece5b0c670 0xd7 0x1ece5b0bc00 0x80f 0x5000b 0x4fa89a 0x0 0x0 0x0 0x0 0x0 0x3 0x1 0x2 0x2 0x0 0x0 0x0 0x0 0x0 0x0 0x9 0x2 0x0 0x0 0xc 0x4 0x0 0x2 0x1 0x2 oops 2 3 java/lang/invoke/BoundMethodHandle$Species_LLLLL 5 java/lang/invoke/DirectMethodHandle$Constructor methods 0
ciMethodData java/util/ArrayList iterator ()Ljava/util/Iterator; 2 4396821 orig 80 0 0 0 0 0 0 0 0 0 0 0 0 0 0 0 0 0 0 0 0 0 0 0 0 0 0 0 0 0 0 0 0 0 0 0 0 0 0 0 0 0 0 0 0 0 0 0 0 0 0 0 0 0 0 0 0 0 0 0 0 0 0 0 0 0 0 0 0 0 0 0 0 0 0 0 0 0 0 0 0 data 8 0x50002 0x432e1c 0x0 0x0 0x0 0x9 0x1 0x0 oops 0 methods 0
ciMethodData java/util/ArrayList$Itr <init> (Ljava/util/ArrayList;)V 2 4400850 orig 80 0 0 0 0 0 0 0 0 0 0 0 0 0 0 0 0 0 0 0 0 0 0 0 0 0 0 0 0 0 0 0 0 0 0 0 0 0 0 0 0 0 0 0 0 0 0 0 0 0 0 0 0 0 0 0 0 0 0 0 0 0 0 0 0 0 0 0 0 0 0 0 0 0 0 0 0 0 0 0 0 data 10 0x60002 0x43321f 0x0 0x0 0x0 0x0 0x9 0x2 0xc 0x0 oops 0 methods 0
ciMethodData java/util/ArrayDeque elementAt ([Ljava/lang/Object;I)Ljava/lang/Object; 2 35791 orig 80 0 0 0 0 0 0 0 0 0 0 0 0 0 0 0 0 0 0 0 0 0 0 0 0 0 0 0 0 0 0 0 0 0 0 0 0 0 0 0 0 0 0 0 0 0 0 0 0 0 0 0 0 0 0 0 0 0 0 0 0 0 0 0 0 0 0 0 0 0 0 0 0 0 0 0 0 0 0 0 0 data 7 0x0 0x0 0x0 0x9 0x2 0x0 0x0 oops 0 methods 0
ciMethodData java/util/ArrayDeque pollFirst ()Ljava/lang/Object; 2 5209 orig 80 0 0 0 0 0 0 0 0 0 0 0 0 0 0 0 0 0 0 0 0 0 0 0 0 0 0 0 0 0 0 0 0 0 0 0 0 0 0 0 0 0 0 0 0 0 0 0 0 0 0 0 0 0 0 0 0 0 0 0 0 0 0 0 0 0 0 0 0 0 0 0 0 0 0 0 0 0 0 0 0 data 24 0xc0002 0x1459 0x110007 0x1a 0x68 0x143f 0x170104 0x0 0x0 0x0 0x0 0x0 0x0 0x1c0002 0x143f 0x0 0x0 0x0 0x0 0x0 0x0 0x9 0x1 0x0 oops 0 methods 0
ciMethodData java/util/ArrayDeque removeFirst ()Ljava/lang/Object; 2 76304 orig 80 0 0 0 0 0 0 0 0 0 0 0 0 0 0 0 0 0 0 0 0 0 0 0 0 0 0 0 0 0 0 0 0 0 0 0 0 0 0 0 0 0 0 0 0 0 0 0 0 0 0 0 0 0 0 0 0 0 0 0 0 0 0 0 0 0 0 0 0 0 0 0 0 0 0 0 0 0 0 0 0 data 22 0x10005 0x0 0x0 0x1ece6059b90 0x12a17 0x0 0x0 0x60007 0x12a17 0x30 0x0 0xd0002 0x0 0x0 0x0 0x0 0x0 0x0 0x0 0x9 0x1 0x0 oops 1 3 java/util/ArrayDeque methods 0
ciMethodData java/util/ArrayDeque isEmpty ()Z 2 1880836 orig 80 0 0 0 0 0 0 0 0 0 0 0 0 0 0 0 0 0 0 0 0 0 0 0 0 0 0 0 0 0 0 0 0 0 0 0 0 0 0 0 0 0 0 0 0 0 0 0 0 0 0 0 0 0 0 0 0 0 0 0 0 0 0 0 0 0 0 0 0 0 0 0 0 0 0 0 0 0 0 0 0 data 14 0x80007 0x15f42c 0x38 0x6c887 0xc0003 0x6c893 0x18 0x0 0x0 0x0 0x0 0x9 0x1 0x0 oops 0 methods 0
ciMethodData java/lang/invoke/DirectMethodHandle$Holder newInvokeSpecial (Ljava/lang/Object;Ljava/lang/Object;)Ljava/lang/Object; 2 4814672 orig 80 0 0 0 0 0 0 0 0 0 0 0 0 0 0 0 0 0 0 0 0 0 0 0 0 0 0 0 0 0 0 0 0 0 0 0 0 0 0 0 0 0 0 0 0 0 0 0 0 0 0 0 0 0 0 0 0 0 0 0 0 0 0 0 0 0 0 0 0 0 0 0 0 0 0 0 0 0 0 0 0 data 42 0x1000a 0x49a959 0x3 0x0 0x1ece5b0bc00 0x2 0x6000a 0x4a3790 0x3 0x0 0x1ece5b0bc00 0x1ec9ff38108 0xd0004 0x0 0x0 0x1ec9ff38108 0x90 0x0 0x0 0x10000a 0x4a2f35 0x4 0x0 0x2 0x1 0x2 0x0 0x0 0x0 0x0 0x0 0x0 0x9 0x2 0x0 0x0 0xc 0x4 0x0 0x1ece5b0bc00 0x1 0x2 oops 5 4 java/lang/invoke/DirectMethodHandle$Constructor 10 java/lang/invoke/DirectMethodHandle$Constructor 11 java/lang/invoke/MemberName 15 java/lang/invoke/MemberName 39 java/lang/invoke/DirectMethodHandle$Constructor methods 0
ciMethodData java/util/IdentityHashMap <init> ()V 2 2437191 orig 80 0 0 0 0 0 0 0 0 0 0 0 0 0 0 0 0 0 0 0 0 0 0 0 0 0 0 0 0 0 0 0 0 0 0 0 0 0 0 0 0 0 0 0 0 0 0 0 0 0 0 0 0 0 0 0 0 0 0 0 0 0 0 0 0 0 0 0 0 0 0 0 0 0 0 0 0 0 0 0 0 data 18 0x10002 0x254558 0x70005 0x25489d 0x0 0x0 0x0 0x0 0x0 0x0 0x0 0x0 0x0 0x0 0x0 0x9 0x1 0x18 oops 0 methods 0
ciMethodData java/util/IdentityHashMap init (I)V 2 2443576 orig 80 0 0 0 0 0 0 0 0 0 0 0 0 0 0 0 0 0 0 0 0 0 0 0 0 0 0 0 0 0 0 0 0 0 0 0 0 0 0 0 0 0 0 0 0 0 0 0 0 0 0 0 0 0 0 0 0 0 0 0 0 0 0 0 0 0 0 0 0 0 0 0 0 0 0 0 0 0 0 0 0 data 8 0x0 0x0 0x0 0x0 0x9 0x2 0x18 0x0 oops 0 methods 0
ciMethodData java/util/Collections newSetFromMap (Ljava/util/Map;)Ljava/util/Set; 2 373840 orig 80 0 0 0 0 0 0 0 0 0 0 0 0 0 0 0 0 0 0 0 0 0 0 0 0 0 0 0 0 0 0 0 0 0 0 0 0 0 0 0 0 0 0 0 0 0 0 0 0 0 0 0 0 0 0 0 0 0 0 0 0 0 0 0 0 0 0 0 0 0 0 0 0 0 0 0 0 0 0 0 0 data 24 0x10005 0x0 0x0 0x1eceb6e5198 0x5b451 0x0 0x0 0x60007 0x5b489 0x30 0x0 0x100002 0x0 0x190002 0x5b483 0x0 0x0 0x0 0x0 0x0 0x0 0x9 0x1 0xffffffffffffffff oops 1 3 java/util/IdentityHashMap methods 0
ciMethodData java/util/Collections$SetFromMap <init> (Ljava/util/Map;)V 2 373591 orig 80 0 0 0 0 0 0 0 0 0 0 0 0 0 0 0 0 0 0 0 0 0 0 0 0 0 0 0 0 0 0 0 0 0 0 0 0 0 0 0 0 0 0 0 0 0 0 0 0 0 0 0 0 0 0 0 0 0 0 0 0 0 0 0 0 0 0 0 0 0 0 0 0 0 0 0 0 0 0 0 0 data 19 0x10002 0x5b367 0xb0005 0x0 0x0 0x1eceb6e5198 0x5b34c 0x0 0x0 0x0 0x0 0x0 0x0 0x0 0x0 0x9 0x2 0x6 0x0 oops 1 5 java/util/IdentityHashMap methods 0
ciMethodData java/util/IdentityHashMap keySet ()Ljava/util/Set; 2 84823 orig 80 0 0 0 0 0 0 0 0 0 0 0 0 0 0 0 0 0 0 0 0 0 0 0 0 0 0 0 0 0 0 0 0 0 0 0 0 0 0 0 0 0 0 0 0 0 0 0 0 0 0 0 0 0 0 0 0 0 0 0 0 0 0 0 0 0 0 0 0 0 0 0 0 0 0 0 0 0 0 0 0 data 15 0x60007 0x0 0x30 0x14bee 0xe0002 0x14bfb 0x0 0x0 0x0 0x0 0x0 0x0 0x9 0x1 0x6 oops 0 methods 0
ciMethodData java/util/IdentityHashMap$KeySet <init> (Ljava/util/IdentityHashMap;)V 2 84974 orig 80 0 0 0 0 0 0 0 0 0 0 0 0 0 0 0 0 0 0 0 0 0 0 0 0 0 0 0 0 0 0 0 0 0 0 0 0 0 0 0 0 0 0 0 0 0 0 0 0 0 0 0 0 0 0 0 0 0 0 0 0 0 0 0 0 0 0 0 0 0 0 0 0 0 0 0 0 0 0 0 0 data 10 0x60002 0x14be9 0x0 0x0 0x0 0x0 0x9 0x2 0x6 0x0 oops 0 methods 0
ciMethodData java/util/IdentityHashMap isEmpty ()Z 2 461543 orig 80 0 0 0 0 0 0 0 0 0 0 0 0 0 0 0 0 0 0 0 0 0 0 0 0 0 0 0 0 0 0 0 0 0 0 0 0 0 0 0 0 0 0 0 0 0 0 0 0 0 0 0 0 0 0 0 0 0 0 0 0 0 0 0 0 0 0 0 0 0 0 0 0 0 0 0 0 0 0 0 0 data 13 0x40007 0x1c54 0x38 0x6f11e 0x80003 0x6f11f 0x18 0x0 0x0 0x0 0x9 0x1 0x0 oops 0 methods 0
ciMethodData java/util/ArrayDeque <init> ()V 2 715404 orig 80 0 0 0 0 0 0 0 0 0 0 0 0 0 0 0 0 0 0 0 0 0 0 0 0 0 0 0 0 0 0 0 0 0 0 0 0 0 0 0 0 0 0 0 0 0 0 0 0 0 0 0 0 0 0 0 0 0 0 0 0 0 0 0 0 0 0 0 0 0 0 0 0 0 0 0 0 0 0 0 0 data 9 0x10002 0xaeb31 0x0 0x0 0x0 0x0 0x9 0x1 0x0 oops 0 methods 0
ciMethodData java/lang/invoke/Invokers$Holder linkToTargetMethod (Ljava/lang/Object;Ljava/lang/Object;Ljava/lang/Object;Ljava/lang/Object;Ljava/lang/Object;)Ljava/lang/Object; 2 514745 orig 80 1 0 0 0 0 0 0 0 0 0 0 0 0 0 0 0 0 0 0 0 4 0 0 0 0 0 0 0 0 0 0 0 0 0 0 0 0 0 0 0 0 0 0 0 0 0 0 0 0 0 0 0 0 0 0 0 0 0 0 0 0 0 0 0 0 0 0 0 0 0 0 0 0 0 0 0 0 0 0 0 data 39 0x8000000400020004 0x0 0x0 0x1ece5b0bc00 0x270 0x1ece5b0c670 0x6 0x9000b 0x7db5e 0x0 0x0 0x0 0x0 0x0 0x5 0x1 0x2 0x2 0x2 0x2 0x0 0x0 0x0 0x0 0x0 0x0 0x9 0x5 0x0 0x0 0x0 0x0 0x0 0xc 0x4 0x0 0x2 0x1 0x2 oops 2 3 java/lang/invoke/DirectMethodHandle$Constructor 5 java/lang/invoke/BoundMethodHandle$Species_LLLLL methods 0
ciMethod java/util/IdentityHashMap$EntrySet <init> (Ljava/util/IdentityHashMap;)V 1024 0 15829 0 0
ciMethod java/util/IdentityHashMap$EntrySet spliterator ()Ljava/util/Spliterator; 4102 0 17356 0 0
ciMethod java/util/BitSet wordIndex (I)I 1024 0 141735 0 88
ciMethod java/util/BitSet checkInvariants ()V 1024 0 17790 0 80
ciMethod java/util/BitSet <init> (I)V 1024 0 7692 0 608
ciMethod java/util/BitSet initWords (I)V 1024 0 7692 0 0
ciMethod java/util/BitSet ensureCapacity (I)V 372 0 112751 0 128
ciMethod java/util/BitSet expandTo (I)V 1026 0 10461 0 0
ciMethod java/util/BitSet set (I)V 4122 0 12008 0 240
ciMethod java/util/BitSet get (I)Z 4126 0 12719 0 200
ciMethod java/util/IdentityHashMap$EntrySpliterator <init> (Ljava/util/IdentityHashMap;IIII)V 4100 0 17352 0 0
ciMethod java/util/IdentityHashMap$EntrySpliterator forEachRemaining (Ljava/util/function/Consumer;)V 1624 65856 17008 0 2728
ciMethod java/util/IdentityHashMap$EntrySpliterator characteristics ()I 4134 0 34059 0 112
ciMethod java/util/IdentityHashMap$IdentityHashMapSpliterator <init> (Ljava/util/IdentityHashMap;IIII)V 1024 0 15811 0 0
ciMethod java/util/IdentityHashMap$IdentityHashMapSpliterator getFence ()I 4210 0 33982 0 144
ciMethod java/util/IdentityHashMap$IdentityHashMapSpliterator estimateSize ()J 4116 0 17049 0 0
ciMethod  @bci java/util/Comparator comparingInt (Ljava/util/function/ToIntFunction;)Ljava/util/Comparator; 6 <appendix> member <vmtarget> ; <init> (Ljava/util/function/ToIntFunction;)V 1024 0 219087 0 0
ciMethod java/util/stream/SortedOps makeRef (Ljava/util/stream/AbstractPipeline;Ljava/util/Comparator;)Ljava/util/stream/Stream; 1024 0 23947 0 0
ciMethod java/util/stream/SortedOps$OfRef <init> (Ljava/util/stream/AbstractPipeline;Ljava/util/Comparator;)V 4098 0 25615 0 1264
ciMethod java/util/stream/ReferencePipeline$StatefulOp <init> (Ljava/util/stream/AbstractPipeline;Ljava/util/stream/StreamShape;I)V 1510 0 31780 0 0
ciMethod java/util/stream/ReferencePipeline$StatefulOp opIsStateful ()Z 358 0 179 0 0
ciMethodData java/util/BitSet wordIndex (I)I 2 141223 orig 80 0 0 0 0 0 0 0 0 0 0 0 0 0 0 0 0 0 0 0 0 0 0 0 0 0 0 0 0 0 0 0 0 0 0 0 0 0 0 0 0 0 0 0 0 0 0 0 0 0 0 0 0 0 0 0 0 0 0 0 0 0 0 0 0 0 0 0 0 0 0 0 0 0 0 0 0 0 0 0 0 data 4 0x0 0x9 0x1 0x0 oops 0 methods 0
ciMethodData java/util/BitSet checkInvariants ()V 2 17278 orig 80 0 0 0 0 0 0 0 0 0 0 0 0 0 0 0 0 0 0 0 0 0 0 0 0 0 0 0 0 0 0 0 0 0 0 0 0 0 0 0 0 0 0 0 0 0 0 0 0 0 0 0 0 0 0 0 0 0 0 0 0 0 0 0 0 0 0 0 0 0 0 0 0 0 0 0 0 0 0 0 0 data 55 0x30007 0x437f 0x70 0x0 0xa0007 0x0 0x50 0x0 0x1a0007 0x0 0x30 0x0 0x210002 0x0 0x280007 0x437f 0x70 0x0 0x2f0007 0x0 0x40 0x0 0x3b0007 0x0 0x30 0x0 0x420002 0x0 0x490007 0x437f 0x70 0x0 0x550007 0x0 0x50 0x0 0x630007 0x0 0x30 0x0 0x6a0002 0x0 0x0 0x0 0x0 0x0 0x0 0x0 0x0 0x0 0x0 0x0 0x9 0x1 0x0 oops 0 methods 0
ciMethodData java/util/BitSet <init> (I)V 2 7180 orig 80 0 0 0 0 0 0 0 0 0 0 0 0 0 0 0 0 0 0 0 0 0 0 0 0 0 0 0 0 0 0 0 0 0 0 0 0 0 0 0 0 0 0 0 0 0 0 0 0 0 0 0 0 0 0 0 0 0 0 0 0 0 0 0 0 0 0 0 0 0 0 0 0 0 0 0 0 0 0 0 0 data 48 0x10002 0x1c0c 0xf0007 0x1c0e 0xe8 0x0 0x1a0002 0x0 0x1f0005 0x0 0x0 0x0 0x0 0x0 0x0 0x230005 0x0 0x0 0x0 0x0 0x0 0x0 0x260005 0x0 0x0 0x0 0x0 0x0 0x0 0x290002 0x0 0x2f0005 0x1c0e 0x0 0x0 0x0 0x0 0x0 0x0 0x0 0x0 0x0 0x0 0x0 0x9 0x2 0x0 0x0 oops 0 methods 0
ciMethodData java/util/BitSet initWords (I)V 2 7180 orig 80 0 0 0 0 0 0 0 0 0 0 0 0 0 0 0 0 0 0 0 0 0 0 0 0 0 0 0 0 0 0 0 0 0 0 0 0 0 0 0 0 0 0 0 0 0 0 0 0 0 0 0 0 0 0 0 0 0 0 0 0 0 0 0 0 0 0 0 0 0 0 0 0 0 0 0 0 0 0 0 0 data 12 0x40002 0x1c0d 0x0 0x0 0x0 0x0 0x0 0x0 0x9 0x2 0x0 0x0 oops 0 methods 0
ciMethodData java/util/LinkedList getFirst ()Ljava/lang/Object; 2 448507 orig 80 0 0 0 0 0 0 0 0 0 0 0 0 0 0 0 0 0 0 0 0 0 0 0 0 0 0 0 0 0 0 0 0 0 0 0 0 0 0 0 0 0 0 0 0 0 0 0 0 0 0 0 0 0 0 0 0 0 0 0 0 0 0 0 0 0 0 0 0 0 0 0 0 0 0 0 0 0 0 0 0 data 15 0x60007 0x6d8ca 0x30 0x0 0xd0002 0x0 0x0 0x0 0x0 0x0 0x0 0x0 0x9 0x1 0x0 oops 0 methods 0
ciMethodData java/util/BitSet get (I)Z 2 10656 orig 80 0 0 0 0 0 0 0 0 0 0 0 0 0 0 0 0 0 0 0 0 0 0 0 0 0 0 0 0 0 0 0 0 0 0 0 0 0 0 0 0 0 0 0 0 0 0 0 0 0 0 0 0 0 0 0 0 0 0 0 0 0 0 0 0 0 0 0 0 0 0 0 0 0 0 0 0 0 0 0 0 data 59 0x10007 0x29a2 0xe8 0x0 0xc0002 0x0 0x110005 0x0 0x0 0x0 0x0 0x0 0x0 0x150005 0x0 0x0 0x0 0x0 0x0 0x0 0x180005 0x0 0x0 0x0 0x0 0x0 0x0 0x1b0002 0x0 0x200005 0x29a3 0x0 0x0 0x0 0x0 0x0 0x240002 0x29a2 0x2d0007 0x10c 0x58 0x2899 0x3c0007 0x91a 0x38 0x1f7f 0x400003 0x1f7f 0x18 0x0 0x0 0x0 0x0 0x0 0x0 0x9 0x2 0x0 0x0 oops 0 methods 0
ciMethodData java/util/BitSet set (I)V 2 9947 orig 80 0 0 0 0 0 0 0 0 0 0 0 0 0 0 0 0 0 0 0 0 0 0 0 0 0 0 0 0 0 0 0 0 0 0 0 0 0 0 0 0 0 0 0 0 0 0 0 0 0 0 0 0 0 0 0 0 0 0 0 0 0 0 0 0 0 0 0 0 0 0 0 0 0 0 0 0 0 0 0 0 data 55 0x10007 0x26de 0xe8 0x0 0xc0002 0x0 0x110005 0x0 0x0 0x0 0x0 0x0 0x0 0x150005 0x0 0x0 0x0 0x0 0x0 0x0 0x180005 0x0 0x0 0x0 0x0 0x0 0x0 0x1b0002 0x0 0x200002 0x26de 0x260005 0x26de 0x0 0x0 0x0 0x0 0x0 0x360005 0x26de 0x0 0x0 0x0 0x0 0x0 0x0 0x0 0x0 0x0 0x0 0x0 0x9 0x2 0xe 0x0 oops 0 methods 0
ciMethodData java/util/BitSet expandTo (I)V 2 9948 orig 80 0 0 0 0 0 0 0 0 0 0 0 0 0 0 0 0 0 0 0 0 0 0 0 0 0 0 0 0 0 0 0 0 0 0 0 0 0 0 0 0 0 0 0 0 0 0 0 0 0 0 0 0 0 0 0 0 0 0 0 0 0 0 0 0 0 0 0 0 0 0 0 0 0 0 0 0 0 0 0 0 data 21 0x90007 0x1fc4 0x58 0x719 0xe0005 0x719 0x0 0x0 0x0 0x0 0x0 0x0 0x0 0x0 0x0 0x0 0x0 0x9 0x2 0xe 0x0 oops 0 methods 0
ciMethodData java/util/BitSet ensureCapacity (I)V 2 112565 orig 80 0 0 0 0 0 0 0 0 0 0 0 0 0 0 0 0 0 0 0 0 0 0 0 0 0 0 0 0 0 0 0 0 0 0 0 0 0 0 0 0 0 0 0 0 0 0 0 0 0 0 0 0 0 0 0 0 0 0 0 0 0 0 0 0 0 0 0 0 0 0 0 0 0 0 0 0 0 0 0 0 data 18 0x60007 0x1b7b8 0x40 0x0 0x110002 0x0 0x1b0002 0x0 0x0 0x0 0x0 0x0 0x0 0x0 0x9 0x2 0xc 0x0 oops 0 methods 0
ciMethodData java/util/stream/ReferencePipeline$2$1 accept (Ljava/lang/Object;)V 2 198257 orig 80 0 0 0 0 0 0 0 0 0 0 0 0 0 0 0 0 0 0 0 0 0 0 0 0 0 0 0 0 0 0 0 0 0 0 0 0 0 0 0 0 0 0 0 0 0 0 0 0 0 0 0 0 0 0 0 0 0 0 0 0 0 0 0 0 0 0 0 0 0 0 0 0 0 0 0 0 0 0 0 0 data 28 0x80005 0x74f 0x0 0x1ece6947e80 0x29796 0x1ece51bf938 0x67b3 0xd0007 0x293d3 0x58 0x72c2 0x150005 0x0 0x0 0x1eceb6ccd08 0x71a6 0x1ece51bf9e8 0x11c 0x0 0x0 0x0 0x0 0x0 0x0 0x9 0x2 0x0 0xffffffffffffffff oops 4 3  @bci com/android/tools/r8/internal/lo0 a ()Z 39 <appendix> member <vmtarget> ; 5  @bci com/android/tools/r8/ir/optimize/z a ()V 406 <appendix> argL0 ; 14 java/util/stream/SortedOps$RefSortingSink 16 java/util/stream/ReferencePipeline$3$1 methods 0
ciMethodData java/util/Comparator comparingInt (Ljava/util/function/ToIntFunction;)Ljava/util/Comparator; 2 218675 orig 80 0 0 0 0 0 0 0 0 0 0 0 0 0 0 0 0 0 0 0 0 0 0 0 0 0 0 0 0 0 0 0 0 0 0 0 0 0 0 0 0 0 0 0 0 0 0 0 0 0 0 0 0 0 0 0 0 0 0 0 0 0 0 0 0 0 0 0 0 0 0 0 0 0 0 0 0 0 0 0 0 data 31 0x10002 0x3563b 0x6000a 0x35671 0x3 0x0 0x2 0x1ece66e5610 0xb0004 0x0 0x0 0x1ece66e5610 0x35637 0x0 0x0 0xe0004 0x0 0x0 0x1ece66e5610 0x35675 0x0 0x0 0x0 0x0 0x0 0x0 0x0 0x0 0x9 0x1 0x0 oops 3 7  @bci java/util/Comparator comparingInt (Ljava/util/function/ToIntFunction;)Ljava/util/Comparator; 6 <appendix> member <vmtarget> ; 11  @bci java/util/Comparator comparingInt (Ljava/util/function/ToIntFunction;)Ljava/util/Comparator; 6 <appendix> member <vmtarget> ; 18  @bci java/util/Comparator comparingInt (Ljava/util/function/ToIntFunction;)Ljava/util/Comparator; 6 <appendix> member <vmtarget> ; methods 0
ciMethodData  @bci java/util/Comparator comparingInt (Ljava/util/function/ToIntFunction;)Ljava/util/Comparator; 6 <appendix> member <vmtarget> ; <init> (Ljava/util/function/ToIntFunction;)V 2 218575 orig 80 0 0 0 0 0 0 0 0 0 0 0 0 0 0 0 0 0 0 0 0 0 0 0 0 0 0 0 0 0 0 0 0 0 0 0 0 0 0 0 0 0 0 0 0 0 0 0 0 0 0 0 0 0 0 0 0 0 0 0 0 0 0 0 0 0 0 0 0 0 0 0 0 0 0 0 0 0 0 0 0 data 10 0x10002 0x356a9 0x0 0x0 0x0 0x0 0x9 0x2 0x6 0x0 oops 0 methods 0
ciMethodData java/util/stream/PipelineHelper <init> ()V 2 85386 orig 80 0 0 0 0 0 0 0 0 0 0 0 0 0 0 0 0 0 0 0 0 0 0 0 0 0 0 0 0 0 0 0 0 0 0 0 0 0 0 0 0 0 0 0 0 0 0 0 0 0 0 0 0 0 0 0 0 0 0 0 0 0 0 0 0 0 0 0 0 0 0 0 0 0 0 0 0 0 0 0 0 data 7 0x10002 0x14d91 0x0 0x0 0x9 0x1 0x0 oops 0 methods 0
ciMethodData java/util/Collection stream ()Ljava/util/stream/Stream; 2 23883 orig 80 0 0 0 0 0 0 0 0 0 0 0 0 0 0 0 0 0 0 0 0 0 0 0 0 0 0 0 0 0 0 0 0 0 0 0 0 0 0 0 0 0 0 0 0 0 0 0 0 0 0 0 0 0 0 0 0 0 0 0 0 0 0 0 0 0 0 0 0 0 0 0 0 0 0 0 0 0 0 0 0 data 18 0x10005 0x3835 0x0 0x1ec9ff393f8 0x1e8 0x1ecec366808 0x2331 0x70002 0x5d37 0x0 0x0 0x0 0x0 0x0 0x0 0x9 0x1 0xffffffffffffffff oops 2 3 java/util/ArrayList 5 com/android/tools/r8/internal/y30 methods 0
ciMethodData java/util/stream/StreamSupport stream (Ljava/util/Spliterator;Z)Ljava/util/stream/Stream; 2 24398 orig 80 0 0 0 0 0 0 0 0 0 0 0 0 0 0 0 0 0 0 0 0 0 0 0 0 0 0 0 0 0 0 0 0 0 0 0 0 0 0 0 0 0 0 0 0 0 0 0 0 0 0 0 0 0 0 0 0 0 0 0 0 0 0 0 0 0 0 0 0 0 0 0 0 0 0 0 0 0 0 0 0 data 16 0x10002 0x5f4d 0xb0002 0x5f51 0xf0002 0x5f44 0x0 0x0 0x0 0x0 0x0 0x0 0x9 0x2 0x0 0x0 oops 0 methods 0
ciMethodData java/util/stream/AbstractPipeline evaluate (Ljava/util/stream/TerminalOp;)Ljava/lang/Object; 2 15557 orig 80 0 0 0 0 0 0 0 0 0 0 0 0 0 0 0 0 0 0 0 0 0 0 0 0 0 0 0 0 0 0 0 0 0 0 0 0 0 0 0 0 0 0 0 0 0 0 0 0 0 0 0 0 0 0 0 0 0 0 0 0 0 0 0 0 0 0 0 0 0 0 0 0 0 0 0 0 0 0 0 0 data 96 0x30007 0x3cbf 0xc0 0x0 0x70005 0x0 0x0 0x0 0x0 0x0 0x0 0xb0005 0x0 0x0 0x0 0x0 0x0 0x0 0x100007 0x0 0x30 0x0 0x170002 0x0 0x1f0007 0x3cc2 0x30 0x0 0x280002 0x0 0x320005 0x3cc7 0x0 0x0 0x0 0x0 0x0 0x350007 0x3cbc 0xe0 0x0 0x3c0005 0x0 0x0 0x0 0x0 0x0 0x0 0x410005 0x0 0x0 0x0 0x0 0x0 0x0 0x440005 0x0 0x0 0x0 0x0 0x0 0x0 0x490003 0x0 0xc0 0x500005 0xcb 0x0 0x1ece9017e60 0x3b6b 0x1ece5240040 0x87 0x550005 0x3cb5 0x0 0x0 0x0 0x0 0x0 0x580005 0xcb 0x0 0x1ece9017e60 0x3b77 0x1ece5240040 0x87 0x0 0x0 0x0 0x0 0x0 0x0 0x9 0x2 0xffffffffffffffff 0xffffffffffffffff oops 4 68 java/util/stream/ForEachOps$ForEachOp$OfRef 70 java/util/stream/MatchOps$MatchOp 82 java/util/stream/ForEachOps$ForEachOp$OfRef 84 java/util/stream/MatchOps$MatchOp methods 0
ciMethodData java/util/stream/StreamOpFlag combineOpFlags (II)I 2 76580 orig 80 0 0 0 0 0 0 0 0 0 0 0 0 0 0 0 0 0 0 0 0 0 0 0 0 0 0 0 0 0 0 0 0 0 0 0 0 0 0 0 0 0 0 0 0 0 0 0 0 0 0 0 0 0 0 0 0 0 0 0 0 0 0 0 0 0 0 0 0 0 0 0 0 0 0 0 0 0 0 0 0 data 12 0x20002 0x12bff 0x0 0x0 0x0 0x0 0x0 0x0 0x9 0x2 0x0 0x0 oops 0 methods 0
ciMethodData java/util/stream/StreamOpFlag getMask (I)I 2 76800 orig 80 0 0 0 0 0 0 0 0 0 0 0 0 0 0 0 0 0 0 0 0 0 0 0 0 0 0 0 0 0 0 0 0 0 0 0 0 0 0 0 0 0 0 0 0 0 0 0 0 0 0 0 0 0 0 0 0 0 0 0 0 0 0 0 0 0 0 0 0 0 0 0 0 0 0 0 0 0 0 0 0 data 14 0x10007 0x12c03 0x38 0x0 0x70003 0x0 0x18 0x0 0x0 0x0 0x0 0x9 0x1 0x0 oops 0 methods 0
ciMethodData java/util/stream/StreamOpFlag isKnown (I)Z 2 115480 orig 80 0 0 0 0 0 0 0 0 0 0 0 0 0 0 0 0 0 0 0 0 0 0 0 0 0 0 0 0 0 0 0 0 0 0 0 0 0 0 0 0 0 0 0 0 0 0 0 0 0 0 0 0 0 0 0 0 0 0 0 0 0 0 0 0 0 0 0 0 0 0 0 0 0 0 0 0 0 0 0 0 data 15 0xa0007 0x18586 0x38 0x3d86 0xe0003 0x3d85 0x18 0x0 0x0 0x0 0x0 0x9 0x2 0x0 0x0 oops 0 methods 0
ciMethodData java/util/stream/ReferencePipeline <init> (Ljava/util/stream/AbstractPipeline;I)V 2 56395 orig 80 0 0 0 0 0 0 0 0 0 0 0 0 0 0 0 0 0 0 0 0 0 0 0 0 0 0 0 0 0 0 0 0 0 0 0 0 0 0 0 0 0 0 0 0 0 0 0 0 0 0 0 0 0 0 0 0 0 0 0 0 0 0 0 0 0 0 0 0 0 0 0 0 0 0 0 0 0 0 0 0 data 9 0x30002 0xdc4c 0x0 0x0 0x9 0x3 0x1e 0x38 0x0 oops 0 methods 0
ciMethodData java/util/stream/AbstractPipeline <init> (Ljava/util/stream/AbstractPipeline;I)V 2 60462 orig 80 0 0 0 0 0 0 0 0 0 0 0 0 0 0 0 0 0 0 0 0 0 0 0 0 0 0 0 0 0 0 0 0 0 0 0 0 0 0 0 0 0 0 0 0 0 0 0 0 0 0 0 0 0 0 0 0 0 0 0 0 0 0 0 0 0 0 0 0 0 0 0 0 0 0 0 0 0 0 0 0 data 34 0x10002 0xec32 0x80007 0xec41 0x30 0x0 0x110002 0x0 0x330002 0xec40 0x420005 0x248b 0x0 0x1ece69481f0 0x633d 0x1ece6948090 0x6480 0x450007 0x653b 0x20 0x86eb 0x0 0x0 0x0 0x0 0x0 0x0 0x0 0x0 0x9 0x3 0x1e 0x38 0x0 oops 2 13 java/util/stream/SortedOps$OfRef 15 java/util/stream/ReferencePipeline$2 methods 0
ciMethodData java/util/stream/AbstractPipeline isParallel ()Z 2 47433 orig 80 0 0 0 0 0 0 0 0 0 0 0 0 0 0 0 0 0 0 0 0 0 0 0 0 0 0 0 0 0 0 0 0 0 0 0 0 0 0 0 0 0 0 0 0 0 0 0 0 0 0 0 0 0 0 0 0 0 0 0 0 0 0 0 0 0 0 0 0 0 0 0 0 0 0 0 0 0 0 0 0 data 7 0x0 0x0 0x0 0x0 0x9 0x1 0x0 oops 0 methods 0
ciMethodData java/util/IdentityHashMap$EntrySpliterator forEachRemaining (Ljava/util/function/Consumer;)V 2 16196 orig 80 0 0 0 0 0 0 0 0 0 0 0 0 0 0 0 0 0 0 0 0 0 0 0 0 0 0 0 0 0 0 0 0 0 0 0 0 0 0 0 0 0 0 0 0 0 0 0 0 0 0 0 0 0 0 0 0 0 0 0 0 0 0 0 0 0 0 0 0 0 0 0 0 0 0 0 0 0 0 0 0 data 67 0x10007 0x3f3e 0x30 0x0 0x80002 0x0 0x130007 0x0 0x188 0x3f43 0x1e0007 0x0 0x168 0x3f41 0x270007 0x0 0x148 0x3f43 0x2c0005 0x3f47 0x0 0x0 0x0 0x0 0x0 0x380007 0x0 0xf0 0x3f44 0x3d0007 0x3f7c 0xb0 0xa0e6b 0x480007 0x78259 0x78 0x28ddc 0x4d0002 0x28de7 0x630002 0x28dc7 0x660005 0x0 0x0 0x1ecea0fc268 0x28dfa 0x0 0x0 0x6e0003 0xa0f3c 0xffffffffffffff68 0x7a0007 0x0 0x20 0x3f7c 0x820002 0x0 0x0 0x0 0x0 0x0 0x0 0x0 0x9 0x2 0xe 0xffffffffffffffff oops 1 44 java/util/stream/ReferencePipeline$2$1 methods 0
ciMethodData java/util/IdentityHashMap$EntrySpliterator characteristics ()I 2 31992 orig 80 0 0 0 0 0 0 0 0 0 0 0 0 0 0 0 0 0 0 0 0 0 0 0 0 0 0 0 0 0 0 0 0 0 0 0 0 0 0 0 0 0 0 0 0 0 0 0 0 0 0 0 0 0 0 0 0 0 0 0 0 0 0 0 0 0 0 0 0 0 0 0 0 0 0 0 0 0 0 0 0 data 18 0x40007 0x7d05 0x40 0x0 0x120007 0x0 0x38 0x0 0x170003 0x7d01 0x18 0x0 0x0 0x0 0x0 0x9 0x1 0x0 oops 0 methods 0
ciMethodData java/util/IdentityHashMap$IdentityHashMapSpliterator getFence ()I 2 31877 orig 80 0 0 0 0 0 0 0 0 0 0 0 0 0 0 0 0 0 0 0 0 0 0 0 0 0 0 0 0 0 0 0 0 0 0 0 0 0 0 0 0 0 0 0 0 0 0 0 0 0 0 0 0 0 0 0 0 0 0 0 0 0 0 0 0 0 0 0 0 0 0 0 0 0 0 0 0 0 0 0 0 data 12 0x60007 0x3e5a 0x20 0x3e2e 0x0 0x0 0x0 0x0 0x0 0x9 0x1 0xc oops 0 methods 0
ciMethodData java/util/stream/Sink$ChainedReference end ()V 1 406 orig 80 0 0 0 0 0 0 0 0 0 0 0 0 0 0 0 0 0 0 0 0 0 0 0 0 0 0 0 0 0 0 0 0 0 0 0 0 0 0 0 0 0 0 0 0 0 0 0 0 0 0 0 0 0 0 0 0 0 0 0 0 0 0 0 0 0 0 0 0 0 0 0 0 0 0 0 0 0 0 0 0 data 16 0x40005 0x2 0x0 0x1eceb6ccd08 0x132 0x1ece509a000 0x64 0x0 0x0 0x0 0x0 0x0 0x0 0x9 0x1 0x0 oops 2 3 java/util/stream/SortedOps$RefSortingSink 5  @bci java/util/stream/StreamSpliterators$WrappingSpliterator initPartialTraversalState ()V 24 <appendix> member <vmtarget> ; methods 0
ciMethodData java/util/stream/ReferencePipeline$StatefulOp <init> (Ljava/util/stream/AbstractPipeline;Ljava/util/stream/StreamShape;I)V 2 31025 orig 80 0 0 0 0 0 0 0 0 0 0 0 0 0 0 0 0 0 0 0 0 0 0 0 0 0 0 0 0 0 0 0 0 0 0 0 0 0 0 0 0 0 0 0 0 0 0 0 0 0 0 0 0 0 0 0 0 0 0 0 0 0 0 0 0 0 0 0 0 0 0 0 0 0 0 0 0 0 0 0 0 data 31 0x30002 0x7933 0x90007 0x7933 0x88 0x0 0xd0005 0x0 0x0 0x0 0x0 0x0 0x0 0x110007 0x0 0x30 0x0 0x180002 0x0 0x0 0x0 0x0 0x0 0x0 0x0 0x9 0x4 0x1e 0x38 0x0 0x0 oops 0 methods 0
ciMethodData java/util/stream/AbstractPipeline wrapSink (Ljava/util/stream/Sink;)Ljava/util/stream/Sink; 2 24399 orig 80 0 0 0 0 0 0 0 0 0 0 0 0 0 0 0 0 0 0 0 0 0 0 0 0 0 0 0 0 0 0 0 0 0 0 0 0 0 0 0 0 0 0 0 0 0 0 0 0 0 0 0 0 0 0 0 0 0 0 0 0 0 0 0 0 0 0 0 0 0 0 0 0 0 0 0 0 0 0 0 0 data 26 0x10002 0x5f51 0xb0007 0x5f6a 0x70 0xde85 0x170005 0x219d 0x0 0x1ece69481f0 0x5e18 0x1ece6948090 0x5ee9 0x200003 0xde7e 0xffffffffffffffa8 0x0 0x0 0x0 0x0 0x0 0x0 0x9 0x2 0x0 0x0 oops 2 9 java/util/stream/SortedOps$OfRef 11 java/util/stream/ReferencePipeline$2 methods 0
ciMethodData java/util/stream/StreamOpFlag fromCharacteristics (Ljava/util/Spliterator;)I 2 24430 orig 80 0 0 0 0 0 0 0 0 0 0 0 0 0 0 0 0 0 0 0 0 0 0 0 0 0 0 0 0 0 0 0 0 0 0 0 0 0 0 0 0 0 0 0 0 0 0 0 0 0 0 0 0 0 0 0 0 0 0 0 0 0 0 0 0 0 0 0 0 0 0 0 0 0 0 0 0 0 0 0 0 data 31 0x10005 0x136 0x0 0x1ecec3672f0 0x3b3f 0x1ece5633e18 0x22fa 0xa0007 0x3c75 0x78 0x22f7 0xe0005 0x0 0x0 0x1ece5633e18 0x22f8 0x0 0x0 0x130007 0x22f7 0x20 0x0 0x0 0x0 0x0 0x0 0x0 0x0 0x9 0x1 0x0 oops 3 3 java/util/IdentityHashMap$EntrySpliterator 5 java/util/SortedSet$1 14 java/util/SortedSet$1 methods 0
ciMethodData java/util/stream/AbstractPipeline <init> (Ljava/util/Spliterator;IZ)V 2 24422 orig 80 0 0 0 0 0 0 0 0 0 0 0 0 0 0 0 0 0 0 0 0 0 0 0 0 0 0 0 0 0 0 0 0 0 0 0 0 0 0 0 0 0 0 0 0 0 0 0 0 0 0 0 0 0 0 0 0 0 0 0 0 0 0 0 0 0 0 0 0 0 0 0 0 0 0 0 0 0 0 0 0 data 14 0x10002 0x5f69 0x0 0x0 0x0 0x0 0x0 0x0 0x9 0x4 0x3e 0x0 0x0 0x0 oops 0 methods 0
ciMethodData java/util/stream/ReferencePipeline$Head <init> (Ljava/util/Spliterator;IZ)V 2 24040 orig 80 0 0 0 0 0 0 0 0 0 0 0 0 0 0 0 0 0 0 0 0 0 0 0 0 0 0 0 0 0 0 0 0 0 0 0 0 0 0 0 0 0 0 0 0 0 0 0 0 0 0 0 0 0 0 0 0 0 0 0 0 0 0 0 0 0 0 0 0 0 0 0 0 0 0 0 0 0 0 0 0 data 10 0x40002 0x5df1 0x0 0x0 0x9 0x4 0x0 0x0 0x0 0x0 oops 0 methods 0
ciMethodData java/util/stream/ReferencePipeline <init> (Ljava/util/Spliterator;IZ)V 2 24049 orig 80 0 0 0 0 0 0 0 0 0 0 0 0 0 0 0 0 0 0 0 0 0 0 0 0 0 0 0 0 0 0 0 0 0 0 0 0 0 0 0 0 0 0 0 0 0 0 0 0 0 0 0 0 0 0 0 0 0 0 0 0 0 0 0 0 0 0 0 0 0 0 0 0 0 0 0 0 0 0 0 0 data 10 0x40002 0x5df0 0x0 0x0 0x9 0x4 0x0 0x0 0x0 0x0 oops 0 methods 0
ciMethodData java/util/stream/ReferencePipeline$StatelessOp <init> (Ljava/util/stream/AbstractPipeline;Ljava/util/stream/StreamShape;I)V 2 24853 orig 80 0 0 0 0 0 0 0 0 0 0 0 0 0 0 0 0 0 0 0 0 0 0 0 0 0 0 0 0 0 0 0 0 0 0 0 0 0 0 0 0 0 0 0 0 0 0 0 0 0 0 0 0 0 0 0 0 0 0 0 0 0 0 0 0 0 0 0 0 0 0 0 0 0 0 0 0 0 0 0 0 data 31 0x30002 0x611d 0x90007 0x611d 0x88 0x0 0xd0005 0x0 0x0 0x0 0x0 0x0 0x0 0x110007 0x0 0x30 0x0 0x180002 0x0 0x0 0x0 0x0 0x0 0x0 0x0 0x9 0x4 0x1e 0x38 0x0 0x0 oops 0 methods 0
ciMethodData java/util/stream/AbstractPipeline sourceSpliterator (I)Ljava/util/Spliterator; 2 24413 orig 80 0 0 0 0 0 0 0 0 0 0 0 0 0 0 0 0 0 0 0 0 0 0 0 0 0 0 0 0 0 0 0 0 0 0 0 0 0 0 0 0 0 0 0 0 0 0 0 0 0 0 0 0 0 0 0 0 0 0 0 0 0 0 0 0 0 0 0 0 0 0 0 0 0 0 0 0 0 0 0 0 data 121 0x90007 0x0 0x38 0x5f5d 0x1c0003 0x5f65 0xd0 0x260007 0x0 0xa8 0x0 0x300005 0x0 0x0 0x0 0x0 0x0 0x0 0x350004 0x0 0x0 0x0 0x0 0x0 0x0 0x410003 0x0 0x28 0x4a0002 0x0 0x4f0005 0x5f5d 0x0 0x0 0x0 0x0 0x0 0x520007 0x5f61 0x1e0 0x0 0x5c0007 0x0 0x1c0 0x0 0x770007 0x0 0x1a0 0x0 0x830005 0x0 0x0 0x0 0x0 0x0 0x0 0x860007 0x0 0x120 0x0 0x900005 0x0 0x0 0x0 0x0 0x0 0x0 0x930007 0x0 0x20 0x0 0xa50005 0x0 0x0 0x0 0x0 0x0 0x0 0xac0005 0x0 0x0 0x0 0x0 0x0 0x0 0xb10007 0x0 0x38 0x0 0xc00003 0x0 0x18 0xe30002 0x0 0xf40003 0x0 0xfffffffffffffe78 0xf80007 0x2104 0x30 0x3e5a 0x1010002 0x3e6a 0x0 0x0 0x0 0x0 0x0 0x0 0x0 0x0 0x0 0x0 0x0 0x0 0x0 0x0 0x9 0x2 0x0 0x0 oops 0 methods 0
ciMethodData java/util/Spliterator getExactSizeIfKnown ()J 2 24378 orig 80 0 0 0 0 0 0 0 0 0 0 0 0 0 0 0 0 0 0 0 0 0 0 0 0 0 0 0 0 0 0 0 0 0 0 0 0 0 0 0 0 0 0 0 0 0 0 0 0 0 0 0 0 0 0 0 0 0 0 0 0 0 0 0 0 0 0 0 0 0 0 0 0 0 0 0 0 0 0 0 0 data 30 0x10005 0x14d 0x0 0x1ecec3672f0 0x3d13 0x1ece5633e18 0x20d7 0x90007 0x5f47 0x38 0x0 0xf0003 0x0 0x50 0x130005 0x14d 0x0 0x1ecec3672f0 0x3d25 0x1ece5633e18 0x20db 0x0 0x0 0x0 0x0 0x0 0x0 0x9 0x1 0x0 oops 4 3 java/util/IdentityHashMap$EntrySpliterator 5 java/util/SortedSet$1 17 java/util/IdentityHashMap$EntrySpliterator 19 java/util/SortedSet$1 methods 0
ciMethodData java/util/stream/ReferencePipeline filter (Ljava/util/function/Predicate;)Ljava/util/stream/Stream; 2 24830 orig 80 0 0 0 0 0 0 0 0 0 0 0 0 0 0 0 0 0 0 0 0 0 0 0 0 0 0 0 0 0 0 0 0 0 0 0 0 0 0 0 0 0 0 0 0 0 0 0 0 0 0 0 0 0 0 0 0 0 0 0 0 0 0 0 0 0 0 0 0 0 0 0 0 0 0 0 0 0 0 0 0 data 14 0x10002 0x60fe 0x120002 0x60fa 0x0 0x0 0x0 0x0 0x0 0x0 0x9 0x2 0x38 0x0 oops 0 methods 0
ciMethodData java/util/stream/ReferencePipeline$2 <init> (Ljava/util/stream/ReferencePipeline;Ljava/util/stream/AbstractPipeline;Ljava/util/stream/StreamShape;ILjava/util/function/Predicate;)V 2 24816 orig 80 0 0 0 0 0 0 0 0 0 0 0 0 0 0 0 0 0 0 0 0 0 0 0 0 0 0 0 0 0 0 0 0 0 0 0 0 0 0 0 0 0 0 0 0 0 0 0 0 0 0 0 0 0 0 0 0 0 0 0 0 0 0 0 0 0 0 0 0 0 0 0 0 0 0 0 0 0 0 0 0 data 14 0xb0002 0x60f1 0x0 0x0 0x0 0x0 0x9 0x6 0xde 0x0 0x38 0x0 0x0 0x0 oops 0 methods 0
ciMethodData java/util/stream/ReferencePipeline sorted (Ljava/util/Comparator;)Ljava/util/stream/Stream; 2 23436 orig 80 0 0 0 0 0 0 0 0 0 0 0 0 0 0 0 0 0 0 0 0 0 0 0 0 0 0 0 0 0 0 0 0 0 0 0 0 0 0 0 0 0 0 0 0 0 0 0 0 0 0 0 0 0 0 0 0 0 0 0 0 0 0 0 0 0 0 0 0 0 0 0 0 0 0 0 0 0 0 0 0 data 12 0x20002 0x5b91 0x0 0x0 0x0 0x0 0x0 0x0 0x9 0x2 0x0 0x0 oops 0 methods 0
ciMethodData java/util/stream/SortedOps makeRef (Ljava/util/stream/AbstractPipeline;Ljava/util/Comparator;)Ljava/util/stream/Stream; 2 23435 orig 80 0 0 0 0 0 0 0 0 0 0 0 0 0 0 0 0 0 0 0 0 0 0 0 0 0 0 0 0 0 0 0 0 0 0 0 0 0 0 0 0 0 0 0 0 0 0 0 0 0 0 0 0 0 0 0 0 0 0 0 0 0 0 0 0 0 0 0 0 0 0 0 0 0 0 0 0 0 0 0 0 data 9 0x60002 0x5b88 0x0 0x0 0x0 0x9 0x2 0x0 0x0 oops 0 methods 0
ciMethodData java/util/stream/SortedOps$OfRef <init> (Ljava/util/stream/AbstractPipeline;Ljava/util/Comparator;)V 2 23566 orig 80 0 0 0 0 0 0 0 0 0 0 0 0 0 0 0 0 0 0 0 0 0 0 0 0 0 0 0 0 0 0 0 0 0 0 0 0 0 0 0 0 0 0 0 0 0 0 0 0 0 0 0 0 0 0 0 0 0 0 0 0 0 0 0 0 0 0 0 0 0 0 0 0 0 0 0 0 0 0 0 0 data 22 0xc0002 0x5c14 0x160002 0x5c0f 0x190004 0x0 0x0 0x1ece66e5610 0x3b20 0x1ece61c4300 0x20a7 0x0 0x0 0x0 0x0 0x0 0x0 0x9 0x3 0xde 0x38 0x0 oops 2 7  @bci java/util/Comparator comparingInt (Ljava/util/function/ToIntFunction;)Ljava/util/Comparator; 6 <appendix> member <vmtarget> ; 9  @bci com/android/tools/r8/ir/optimize/z a ()V 416 <appendix> argL0 ; methods 0
ciMethodData java/util/stream/ReferencePipeline$2$1 begin (J)V 1 547 orig 80 0 0 0 0 0 0 0 0 0 0 0 0 0 0 0 0 0 0 0 0 0 0 0 0 0 0 0 0 0 0 0 0 0 0 0 0 0 0 0 0 0 0 0 0 0 0 0 0 0 0 0 0 0 0 0 0 0 0 0 0 0 0 0 0 0 0 0 0 0 0 0 0 0 0 0 0 0 0 0 0 data 18 0x70005 0x0 0x0 0x1eceb6ccd08 0x225 0x0 0x0 0x0 0x0 0x0 0x0 0x0 0x0 0x9 0x3 0x0 0x0 0x0 oops 1 3 java/util/stream/SortedOps$RefSortingSink methods 0
ciMethodData java/util/stream/AbstractPipeline wrapAndCopyInto (Ljava/util/stream/Sink;Ljava/util/Spliterator;)Ljava/util/stream/Sink; 2 15533 orig 80 0 0 0 0 0 0 0 0 0 0 0 0 0 0 0 0 0 0 0 0 0 0 0 0 0 0 0 0 0 0 0 0 0 0 0 0 0 0 0 0 0 0 0 0 0 0 0 0 0 0 0 0 0 0 0 0 0 0 0 0 0 0 0 0 0 0 0 0 0 0 0 0 0 0 0 0 0 0 0 0 data 34 0x30002 0x3cab 0x60004 0x0 0x0 0x1ece9017e60 0x3b4f 0x1ece5c10bc0 0x82 0x90005 0x3ca0 0x0 0x0 0x0 0x0 0x0 0xd0005 0x3cac 0x0 0x0 0x0 0x0 0x0 0x0 0x0 0x0 0x0 0x0 0x0 0x9 0x3 0x0 0x0 0x0 oops 2 5 java/util/stream/ForEachOps$ForEachOp$OfRef 7 java/util/stream/MatchOps$1MatchSink methods 0
ciMethodData java/util/stream/AbstractPipeline copyInto (Ljava/util/stream/Sink;Ljava/util/Spliterator;)V 2 15471 orig 80 0 0 0 0 0 0 0 0 0 0 0 0 0 0 0 0 0 0 0 0 0 0 0 0 0 0 0 0 0 0 0 0 0 0 0 0 0 0 0 0 0 0 0 0 0 0 0 0 0 0 0 0 0 0 0 0 0 0 0 0 0 0 0 0 0 0 0 0 0 0 0 0 0 0 0 0 0 0 0 0 data 69 0x10002 0x3c75 0x90005 0x3c96 0x0 0x0 0x0 0x0 0x0 0xc0005 0x3c86 0x0 0x0 0x0 0x0 0x0 0xf0007 0x126 0x118 0x3b64 0x140005 0x0 0x0 0x1ecec3672f0 0x3a97 0x1ecea0fc1b8 0xcb 0x190005 0x0 0x0 0x1ecea0fc268 0x3b5c 0x0 0x0 0x200005 0x0 0x0 0x1ecec3672f0 0x3a98 0x1ecea0fc1b8 0xcb 0x260005 0x0 0x0 0x1ecea0fc268 0x3ba0 0x0 0x0 0x2b0003 0x3b6d 0x50 0x310005 0x126 0x0 0x0 0x0 0x0 0x0 0x0 0x0 0x0 0x0 0x0 0x0 0x9 0x3 0x0 0x0 0x0 oops 6 23 java/util/IdentityHashMap$EntrySpliterator 25 java/util/ArrayList$ArrayListSpliterator 30 java/util/stream/ReferencePipeline$2$1 37 java/util/IdentityHashMap$EntrySpliterator 39 java/util/ArrayList$ArrayListSpliterator 44 java/util/stream/ReferencePipeline$2$1 methods 0
ciMethodData java/util/IdentityHashMap entrySet ()Ljava/util/Set; 2 15314 orig 80 0 0 0 0 0 0 0 0 0 0 0 0 0 0 0 0 0 0 0 0 0 0 0 0 0 0 0 0 0 0 0 0 0 0 0 0 0 0 0 0 0 0 0 0 0 0 0 0 0 0 0 0 0 0 0 0 0 0 0 0 0 0 0 0 0 0 0 0 0 0 0 0 0 0 0 0 0 0 0 0 data 15 0x60007 0x3bd1 0x20 0x0 0x110002 0x3bd9 0x0 0x0 0x0 0x0 0x0 0x0 0x9 0x1 0x0 oops 0 methods 0
ciMethodData java/util/stream/ForEachOps$ForEachOp$OfRef evaluateSequential (Ljava/util/stream/PipelineHelper;Ljava/util/Spliterator;)Ljava/lang/Object; 2 15206 orig 80 0 0 0 0 0 0 0 0 0 0 0 0 0 0 0 0 0 0 0 0 0 0 0 0 0 0 0 0 0 0 0 0 0 0 0 0 0 0 0 0 0 0 0 0 0 0 0 0 0 0 0 0 0 0 0 0 0 0 0 0 0 0 0 0 0 0 0 0 0 0 0 0 0 0 0 0 0 0 0 0 data 9 0x30002 0x3b66 0x0 0x0 0x9 0x3 0x0 0x0 0x0 oops 0 methods 0
ciMethodData java/util/IdentityHashMap$EntrySet <init> (Ljava/util/IdentityHashMap;)V 2 15317 orig 80 0 0 0 0 0 0 0 0 0 0 0 0 0 0 0 0 0 0 0 0 0 0 0 0 0 0 0 0 0 0 0 0 0 0 0 0 0 0 0 0 0 0 0 0 0 0 0 0 0 0 0 0 0 0 0 0 0 0 0 0 0 0 0 0 0 0 0 0 0 0 0 0 0 0 0 0 0 0 0 0 data 10 0x60002 0x3bd6 0x0 0x0 0x0 0x0 0x9 0x2 0x6 0x0 oops 0 methods 0
ciMethodData java/util/stream/ForEachOps makeRef (Ljava/util/function/Consumer;Z)Ljava/util/stream/TerminalOp; 2 15309 orig 80 0 0 0 0 0 0 0 0 0 0 0 0 0 0 0 0 0 0 0 0 0 0 0 0 0 0 0 0 0 0 0 0 0 0 0 0 0 0 0 0 0 0 0 0 0 0 0 0 0 0 0 0 0 0 0 0 0 0 0 0 0 0 0 0 0 0 0 0 0 0 0 0 0 0 0 0 0 0 0 0 data 14 0x10002 0x3bd0 0xb0002 0x3bcf 0x0 0x0 0x0 0x0 0x0 0x0 0x9 0x2 0x0 0x0 oops 0 methods 0
ciMethodData java/util/stream/ForEachOps$ForEachOp$OfRef <init> (Ljava/util/function/Consumer;Z)V 2 15307 orig 80 0 0 0 0 0 0 0 0 0 0 0 0 0 0 0 0 0 0 0 0 0 0 0 0 0 0 0 0 0 0 0 0 0 0 0 0 0 0 0 0 0 0 0 0 0 0 0 0 0 0 0 0 0 0 0 0 0 0 0 0 0 0 0 0 0 0 0 0 0 0 0 0 0 0 0 0 0 0 0 0 data 11 0x20002 0x3bcb 0x0 0x0 0x0 0x0 0x9 0x3 0x6 0x0 0x0 oops 0 methods 0
ciMethodData java/util/stream/ForEachOps$ForEachOp evaluateSequential (Ljava/util/stream/PipelineHelper;Ljava/util/Spliterator;)Ljava/lang/Void; 2 15200 orig 80 0 0 0 0 0 0 0 0 0 0 0 0 0 0 0 0 0 0 0 0 0 0 0 0 0 0 0 0 0 0 0 0 0 0 0 0 0 0 0 0 0 0 0 0 0 0 0 0 0 0 0 0 0 0 0 0 0 0 0 0 0 0 0 0 0 0 0 0 0 0 0 0 0 0 0 0 0 0 0 0 data 32 0x30005 0x0 0x0 0x1ece69481f0 0x3ac4 0x1ece5c0fb48 0xa3 0x60004 0x0 0x0 0x1ece9017e60 0x3b72 0x0 0x0 0x90005 0x0 0x0 0x1ece9017e60 0x3b73 0x0 0x0 0x0 0x0 0x0 0x0 0x0 0x0 0x9 0x3 0x0 0x0 0x0 oops 4 3 java/util/stream/SortedOps$OfRef 5 java/util/stream/SliceOps$1 10 java/util/stream/ForEachOps$ForEachOp$OfRef 17 java/util/stream/ForEachOps$ForEachOp$OfRef methods 0
ciMethodData java/util/stream/ReferencePipeline forEach (Ljava/util/function/Consumer;)V 2 15308 orig 80 0 0 0 0 0 0 0 0 0 0 0 0 0 0 0 0 0 0 0 0 0 0 0 0 0 0 0 0 0 0 0 0 0 0 0 0 0 0 0 0 0 0 0 0 0 0 0 0 0 0 0 0 0 0 0 0 0 0 0 0 0 0 0 0 0 0 0 0 0 0 0 0 0 0 0 0 0 0 0 0 data 19 0x30002 0x3bcc 0x60005 0x3bd0 0x0 0x0 0x0 0x0 0x0 0x0 0x0 0x0 0x0 0x0 0x0 0x9 0x2 0xffffffffffffffff 0x0 oops 0 methods 0
ciMethodData java/util/stream/ForEachOps$ForEachOp getOpFlags ()I 2 15139 orig 80 0 0 0 0 0 0 0 0 0 0 0 0 0 0 0 0 0 0 0 0 0 0 0 0 0 0 0 0 0 0 0 0 0 0 0 0 0 0 0 0 0 0 0 0 0 0 0 0 0 0 0 0 0 0 0 0 0 0 0 0 0 0 0 0 0 0 0 0 0 0 0 0 0 0 0 0 0 0 0 0 data 14 0x40007 0x3b5d 0x38 0x0 0x80003 0x0 0x18 0x0 0x0 0x0 0x0 0x9 0x1 0x0 oops 0 methods 0
ciMethodData java/util/IdentityHashMap$EntrySet spliterator ()Ljava/util/Spliterator; 2 15305 orig 80 0 0 0 0 0 0 0 0 0 0 0 0 0 0 0 0 0 0 0 0 0 0 0 0 0 0 0 0 0 0 0 0 0 0 0 0 0 0 0 0 0 0 0 0 0 0 0 0 0 0 0 0 0 0 0 0 0 0 0 0 0 0 0 0 0 0 0 0 0 0 0 0 0 0 0 0 0 0 0 0 data 9 0xc0002 0x3bcc 0x0 0x0 0x0 0x0 0x9 0x1 0x0 oops 0 methods 0
ciMethodData java/util/IdentityHashMap$EntrySpliterator <init> (Ljava/util/IdentityHashMap;IIII)V 2 15302 orig 80 0 0 0 0 0 0 0 0 0 0 0 0 0 0 0 0 0 0 0 0 0 0 0 0 0 0 0 0 0 0 0 0 0 0 0 0 0 0 0 0 0 0 0 0 0 0 0 0 0 0 0 0 0 0 0 0 0 0 0 0 0 0 0 0 0 0 0 0 0 0 0 0 0 0 0 0 0 0 0 0 data 12 0x80002 0x3bc9 0x0 0x0 0x9 0x6 0x0 0x0 0x0 0x0 0x0 0x0 oops 0 methods 0
ciMethodData java/util/IdentityHashMap$IdentityHashMapSpliterator <init> (Ljava/util/IdentityHashMap;IIII)V 2 15300 orig 80 0 0 0 0 0 0 0 0 0 0 0 0 0 0 0 0 0 0 0 0 0 0 0 0 0 0 0 0 0 0 0 0 0 0 0 0 0 0 0 0 0 0 0 0 0 0 0 0 0 0 0 0 0 0 0 0 0 0 0 0 0 0 0 0 0 0 0 0 0 0 0 0 0 0 0 0 0 0 0 0 data 14 0x10002 0x3bc6 0x0 0x0 0x0 0x0 0x9 0x6 0x1e 0x0 0x0 0x0 0x0 0x0 oops 0 methods 0
ciMethodData java/util/stream/ForEachOps$ForEachOp <init> (Z)V 2 15178 orig 80 0 0 0 0 0 0 0 0 0 0 0 0 0 0 0 0 0 0 0 0 0 0 0 0 0 0 0 0 0 0 0 0 0 0 0 0 0 0 0 0 0 0 0 0 0 0 0 0 0 0 0 0 0 0 0 0 0 0 0 0 0 0 0 0 0 0 0 0 0 0 0 0 0 0 0 0 0 0 0 0 data 10 0x10002 0x3b4b 0x0 0x0 0x0 0x0 0x9 0x2 0x6 0x0 oops 0 methods 0
ciMethodData java/util/IdentityHashMap$IdentityHashMapSpliterator estimateSize ()J 2 14991 orig 80 0 0 0 0 0 0 0 0 0 0 0 0 0 0 0 0 0 0 0 0 0 0 0 0 0 0 0 0 0 0 0 0 0 0 0 0 0 0 0 0 0 0 0 0 0 0 0 0 0 0 0 0 0 0 0 0 0 0 0 0 0 0 0 0 0 0 0 0 0 0 0 0 0 0 0 0 0 0 0 0 data 16 0x10005 0x3a84 0x0 0x0 0x0 0x0 0x0 0x0 0x0 0x0 0x0 0x0 0x0 0x9 0x1 0x0 oops 0 methods 0
ciMethodData java/util/stream/AbstractPipeline copyIntoWithCancel (Ljava/util/stream/Sink;Ljava/util/Spliterator;)Z 1 295 orig 80 0 0 0 0 0 0 0 0 0 0 0 0 0 0 0 0 0 0 0 0 0 0 0 0 0 0 0 0 0 0 0 0 0 0 0 0 0 0 0 0 0 0 0 0 0 0 0 0 0 0 0 0 0 0 0 0 0 0 0 0 0 0 0 0 0 0 0 0 0 0 0 0 0 0 0 0 0 0 0 0 data 46 0x60007 0x127 0x38 0x1ec 0xe0003 0x1ec 0xffffffffffffffe0 0x130005 0x0 0x0 0x1ece5633e18 0xa4 0x1ecea0fc1b8 0x83 0x180005 0x0 0x0 0x1ecea0fc268 0xa4 0x1ece5c10bc0 0x83 0x200005 0x0 0x0 0x1ece6947f30 0x127 0x0 0x0 0x260005 0x0 0x0 0x1ecea0fc268 0xa4 0x1ece5c10bc0 0x83 0x0 0x0 0x0 0x0 0x0 0x0 0x9 0x3 0xffffffffffffffff 0xffffffffffffffff 0xffffffffffffffff oops 7 10 java/util/SortedSet$1 12 java/util/ArrayList$ArrayListSpliterator 17 java/util/stream/ReferencePipeline$2$1 19 java/util/stream/MatchOps$1MatchSink 24 java/util/stream/ReferencePipeline$Head 31 java/util/stream/ReferencePipeline$2$1 33 java/util/stream/MatchOps$1MatchSink methods 0
ciMethodData java/util/stream/ForEachOps$ForEachOp get ()Ljava/lang/Void; 2 14290 orig 80 0 0 0 0 0 0 0 0 0 0 0 0 0 0 0 0 0 0 0 0 0 0 0 0 0 0 0 0 0 0 0 0 0 0 0 0 0 0 0 0 0 0 0 0 0 0 0 0 0 0 0 0 0 0 0 0 0 0 0 0 0 0 0 0 0 0 0 0 0 0 0 0 0 0 0 0 0 0 0 0 data 4 0x0 0x9 0x1 0x0 oops 0 methods 0
ciMethod  @bci com/android/tools/r8/synthesis/M a (Lcom/android/tools/r8/graph/V;)Lcom/android/tools/r8/graph/j1; 207 <appendix> form vmentry <vmtarget> ; invoke (Ljava/lang/Object;)Ljava/lang/Object; 1024 0 5690239 0 -1
ciMethodData  @bci com/android/tools/r8/synthesis/M a (Lcom/android/tools/r8/graph/V;)Lcom/android/tools/r8/graph/j1; 207 <appendix> form vmentry <vmtarget> ; invoke (Ljava/lang/Object;)Ljava/lang/Object; 2 5689727 orig 80 0 0 0 0 0 0 0 0 0 0 0 0 0 0 0 0 0 0 0 0 0 0 0 0 0 0 0 0 0 0 0 0 0 0 0 0 0 0 0 0 0 0 0 0 0 0 0 0 0 0 0 0 0 0 0 0 0 0 0 0 0 0 0 0 0 0 0 0 0 0 0 0 0 0 0 0 0 0 0 0 data 20 0x10004 0x0 0x0 0x1ece66e3430 0x2458 0x0 0x0 0x0 0x0 0x0 0x0 0x0 0x0 0x9 0x1 0x0 0xc 0x2 0x0 0x1ece66e3430 oops 2 3 java/lang/invoke/BoundMethodHandle$Species_L 19 java/lang/invoke/BoundMethodHandle$Species_L methods 0
ciMethod com/android/tools/r8/internal/dD a (Ljava/util/Collection;)Lcom/android/tools/r8/internal/dD; 4104 0 33771 0 -1
ciMethod com/android/tools/r8/internal/Yf0 iterator ()Ljava/util/Iterator; 66624 0 33454 0 360
ciMethod com/android/tools/r8/internal/F1 isUnknown ()Z 366 0 183 0 -1
ciMethod com/android/tools/r8/internal/F1 equals (Ljava/lang/Object;)Z 0 0 1 0 -1
ciMethod com/android/tools/r8/internal/Nn0 iterator ()Ljava/util/Iterator; 768 0 16781 0 176
ciMethod com/android/tools/r8/internal/Cw0 hasNext ()Z 0 0 1 0 -1
ciMethod com/android/tools/r8/internal/Cw0 next ()Ljava/lang/Object; 0 0 1 0 -1
ciMethod com/android/tools/r8/internal/G a (I)Ljava/lang/Object; 0 0 1 0 -1
ciMethod com/android/tools/r8/internal/G hasNext ()Z 426 0 89826 0 96
ciMethod com/android/tools/r8/internal/G next ()Ljava/lang/Object; 2226 0 71157 0 224
ciMethod com/android/tools/r8/internal/jL <init> (Ljava/lang/Object;)V 784 0 159214 0 -1
ciMethod com/android/tools/r8/internal/jL hasNext ()Z 784 0 1783 0 88
ciMethod com/android/tools/r8/internal/jL next ()Ljava/lang/Object; 784 0 10637 0 112
ciMethod com/android/tools/r8/internal/oL a (II[Ljava/lang/Object;)Lcom/android/tools/r8/internal/kL; 4136 0 45203 0 -1
ciMethod com/android/tools/r8/internal/Em0 c ()Ljava/util/Set; 2 0 1278165 0 1232
ciMethod com/android/tools/r8/internal/Gl0 a ()Ljava/util/Set; 2 0 1467426 0 1232
ciMethod com/android/tools/r8/graph/H0 A ()Lcom/android/tools/r8/internal/HX; 25088 0 33030 0 -1
ciMethod com/android/tools/r8/internal/hi b ()Ljava/util/function/Consumer; 1024 0 463007 0 88
ciMethodData com/android/tools/r8/internal/G hasNext ()Z 2 89613 orig 80 0 0 0 0 0 0 0 0 0 0 0 0 0 0 0 0 0 0 0 0 0 0 0 0 0 0 0 0 0 0 0 0 0 0 0 0 0 0 0 0 0 0 0 0 0 0 0 0 0 0 0 0 0 0 0 0 0 0 0 0 0 0 0 0 0 0 0 0 0 0 0 0 0 0 0 0 0 0 0 0 data 11 0x80007 0x2e82 0x20 0x12f83 0x0 0x0 0x0 0x0 0x9 0x1 0x0 oops 0 methods 0
ciMethodData com/android/tools/r8/internal/G next ()Ljava/lang/Object; 2 70044 orig 80 0 0 0 0 0 0 0 0 0 0 0 0 0 0 0 0 0 0 0 0 0 0 0 0 0 0 0 0 0 0 0 0 0 0 0 0 0 0 0 0 0 0 0 0 0 0 0 0 0 0 0 0 0 0 0 0 0 0 0 0 0 0 0 0 0 0 0 0 0 0 0 0 0 0 0 0 0 0 0 0 data 29 0x10005 0x11281 0x0 0x0 0x0 0x0 0x0 0x40007 0x0 0x58 0x11294 0x150005 0x14ff 0x0 0x1ece982df98 0xfd9c 0x1ece51bd878 0x4 0x1d0002 0x0 0x0 0x0 0x0 0x0 0x0 0x0 0x9 0x1 0xffffffffffffffff oops 2 14 com/android/tools/r8/internal/kL 16 com/android/tools/r8/internal/hy methods 0
ciMethod com/android/tools/r8/internal/rv <init> (Lcom/android/tools/r8/internal/sv;Ljava/lang/Object;)V 1024 0 378305 0 -1
ciMethod com/android/tools/r8/internal/HX j ()Lcom/android/tools/r8/internal/G8; 0 0 1 0 -1
ciMethod com/android/tools/r8/internal/G8 a (I)Lcom/android/tools/r8/internal/F1; 34 0 1907 0 -1
ciMethodData com/android/tools/r8/internal/hi b ()Ljava/util/function/Consumer; 2 462565 orig 80 0 0 0 0 0 0 0 0 0 0 0 0 0 0 0 0 0 0 0 0 0 0 0 0 0 0 0 0 0 0 0 0 0 0 0 0 0 0 0 0 0 0 0 0 0 0 0 0 0 0 0 0 0 0 0 0 0 0 0 0 0 0 0 0 0 0 0 0 0 0 0 0 0 0 0 0 0 0 0 0 data 7 0xa 0x7125c 0x1 0x1ece57bf170 0x0 0x9 0x0 oops 1 3  @bci com/android/tools/r8/internal/hi b ()Ljava/util/function/Consumer; 0 <appendix> argL0 ; methods 0
ciMethodData com/android/tools/r8/internal/Em0 c ()Ljava/util/Set; 2 1278164 orig 80 0 0 0 0 0 0 0 0 0 0 0 0 0 0 0 0 0 0 0 0 0 0 0 0 0 0 0 0 0 0 0 0 0 0 0 0 0 0 0 0 0 0 0 0 0 0 0 0 0 0 0 0 0 0 0 0 0 0 0 0 0 0 0 0 0 0 0 0 0 0 0 0 0 0 0 0 0 0 0 0 data 10 0x2 0x1395b1 0x0 0x0 0x0 0x0 0x0 0x0 0x9 0x0 oops 0 methods 0
ciMethodData com/android/tools/r8/internal/Gl0 a ()Ljava/util/Set; 2 1467425 orig 80 0 0 0 0 0 0 0 0 0 0 0 0 0 0 0 0 0 0 0 0 0 0 0 0 0 0 0 0 0 0 0 0 0 0 0 0 0 0 0 0 0 0 0 0 0 0 0 0 0 0 0 0 0 0 0 0 0 0 0 0 0 0 0 0 0 0 0 0 0 0 0 0 0 0 0 0 0 0 0 0 data 12 0x40002 0x16647e 0x70002 0x166da7 0x0 0x0 0x0 0x0 0x0 0x0 0x9 0x0 oops 0 methods 0
ciMethod com/android/tools/r8/internal/V6 <init> (Z)V 1024 0 16284 0 0
ciMethod com/android/tools/r8/internal/V6 a ()Z 262 0 131 0 0
ciMethod com/android/tools/r8/internal/V6 c (Z)V 842 0 30427 0 0
ciMethod com/android/tools/r8/internal/ME c1 ()Lcom/android/tools/r8/internal/ME; 266 0 133 0 0
ciMethod com/android/tools/r8/internal/ME Y0 ()Lcom/android/tools/r8/internal/ME; 358 0 179 0 -1
ciMethod com/android/tools/r8/internal/ME f1 ()Z 520 0 1293387 0 -1
ciMethod com/android/tools/r8/internal/ME d ()Lcom/android/tools/r8/internal/zx0; 278 0 139 0 -1
ciMethod com/android/tools/r8/internal/ME b (Lcom/android/tools/r8/graph/y;Lcom/android/tools/r8/graph/K5;Lcom/android/tools/r8/internal/L1;)Lcom/android/tools/r8/internal/F1; 4120 0 88673 0 -1
ciMethod com/android/tools/r8/internal/ME a ()Lcom/android/tools/r8/internal/mv0; 4216 0 293931 0 -1
ciMethod com/android/tools/r8/internal/ME b ()Lcom/android/tools/r8/internal/Y5; 800 0 1673240 0 88
ciMethod com/android/tools/r8/internal/ME l1 ()Z 296 0 148 0 -1
ciMethod com/android/tools/r8/internal/ME v ()Lcom/android/tools/r8/internal/m3; 258 0 129 0 -1
ciMethod com/android/tools/r8/internal/ME V1 ()Z 742 0 371 0 -1
ciMethod com/android/tools/r8/internal/ME l0 ()Lcom/android/tools/r8/internal/XL; 0 0 1 0 -1
ciMethod com/android/tools/r8/internal/H1 b (Lcom/android/tools/r8/internal/F1;Lcom/android/tools/r8/internal/F1;Lcom/android/tools/r8/internal/mv0;)Lcom/android/tools/r8/internal/F1; 4158 0 80927 0 -1
ciMethod com/android/tools/r8/internal/m3 b (Z)I 4108 0 67885 0 -1
ciMethod com/android/tools/r8/internal/zx0 s ()Lcom/android/tools/r8/graph/j0; 512 0 1601079 0 -1
ciMethod com/android/tools/r8/internal/zx0 z ()Z 512 0 1188339 0 -1
ciMethod com/android/tools/r8/internal/zx0 a (Lcom/android/tools/r8/graph/j0;)V 4096 0 38018 0 -1
ciMethod com/android/tools/r8/internal/zx0 b0 ()Ljava/util/Set; 946 0 1071974 0 3288
ciMethod com/android/tools/r8/internal/zx0 a0 ()Ljava/util/Set; 774 0 585546 0 3168
ciMethod com/android/tools/r8/internal/zx0 y ()Z 838 0 270637 0 -1
ciMethod com/android/tools/r8/internal/zx0 D ()Z 996 0 246845 0 -1
ciMethod com/android/tools/r8/internal/zx0 f (Lcom/android/tools/r8/internal/zx0;)V 546 0 87086 0 -1
ciMethod com/android/tools/r8/internal/zx0 Q ()Z 1024 0 86048 0 -1
ciMethod com/android/tools/r8/internal/zx0 u ()Lcom/android/tools/r8/internal/mv0; 382 0 191 0 -1
ciMethod com/android/tools/r8/internal/U60 c0 ()Ljava/util/List; 290 0 145 0 -1
ciMethod com/android/tools/r8/internal/U60 a (Lcom/android/tools/r8/internal/nB;Lcom/android/tools/r8/ir/optimize/a;Ljava/util/function/Consumer;Ljava/util/function/Predicate;)Z 466 8192 22615 0 -1
ciMethod com/android/tools/r8/internal/mo0 b (Lcom/android/tools/r8/internal/sB;)Lcom/android/tools/r8/internal/De; 428 14336 17298 0 -1
ciMethod  @bci com/android/tools/r8/internal/po0 a (Ljava/util/Set;Ljava/util/Set;Ljava/util/Set;)V 5 <appendix> form vmentry <vmtarget> ; newInvokeSpecial (Ljava/lang/Object;Ljava/lang/Object;Ljava/lang/Object;Ljava/lang/Object;Ljava/lang/Object;)Ljava/lang/Object; 5330 0 517066 0 -1
ciMethodData  @bci com/android/tools/r8/internal/po0 a (Ljava/util/Set;Ljava/util/Set;Ljava/util/Set;)V 5 <appendix> form vmentry <vmtarget> ; newInvokeSpecial (Ljava/lang/Object;Ljava/lang/Object;Ljava/lang/Object;Ljava/lang/Object;Ljava/lang/Object;)Ljava/lang/Object; 2 514401 orig 80 0 0 0 0 0 0 0 0 0 0 0 0 0 0 0 0 0 0 0 0 0 0 0 0 0 0 0 0 0 0 0 0 0 0 0 0 0 0 0 0 0 0 0 0 0 0 0 0 0 0 0 0 0 0 0 0 0 0 0 0 0 0 0 0 0 0 0 0 0 0 0 0 0 0 0 0 0 0 0 0 data 45 0x1000a 0x7dacc 0x3 0x0 0x1ece5b0bc00 0x2 0x7000a 0x7df3f 0x3 0x0 0x1ece5b0bc00 0x1ec9ff38108 0x150004 0x0 0x0 0x1ec9ff38108 0x1da 0x0 0x0 0x18000a 0x7dde7 0x4 0x0 0x2 0x1 0x2 0x0 0x0 0x0 0x0 0x0 0x0 0x9 0x5 0x0 0x0 0x0 0x0 0x0 0xc 0x4 0x0 0x1ece5b0bc00 0x1 0x2 oops 5 4 java/lang/invoke/DirectMethodHandle$Constructor 10 java/lang/invoke/DirectMethodHandle$Constructor 11 java/lang/invoke/MemberName 15 java/lang/invoke/MemberName 42 java/lang/invoke/DirectMethodHandle$Constructor methods 0
ciMethodData com/android/tools/r8/internal/Yf0 iterator ()Ljava/util/Iterator; 1 142 orig 80 0 0 0 0 0 0 0 0 0 0 0 0 0 0 0 0 0 0 0 0 0 0 0 0 0 0 0 0 0 0 0 0 0 0 0 0 0 0 0 0 0 0 0 0 0 0 0 0 0 0 0 0 0 0 0 0 0 0 0 0 0 0 0 0 0 0 0 0 0 0 0 0 0 0 0 0 0 0 0 0 data 11 0x90002 0x8f 0x0 0x0 0x0 0x0 0x0 0x0 0x9 0x1 0x0 oops 0 methods 0
ciMethod com/android/tools/r8/internal/o20 b ()I 300 0 150 0 0
ciMethod com/android/tools/r8/internal/Y5 f (Lcom/android/tools/r8/internal/ME;)V 1412 0 2524 0 -1
ciMethod com/android/tools/r8/internal/Y5 w ()Lcom/android/tools/r8/internal/Y5; 4168 0 59143 0 -1
ciMethod com/android/tools/r8/internal/Y5 t ()Ljava/util/List; 590 0 1280570 0 -1
ciMethod com/android/tools/r8/internal/Y5 m ()Ljava/util/List; 796 0 187122 0 -1
ciMethod com/android/tools/r8/internal/Y5 a (Ljava/util/function/Consumer;)V 4126 4076 50729 0 -1
ciMethod com/android/tools/r8/internal/Y5 s ()Ljava/util/List; 4214 0 3633872 0 -1
ciMethod com/android/tools/r8/internal/Y5 l ()Ljava/util/List; 946 0 245772 0 -1
ciMethod com/android/tools/r8/internal/Y5 y ()Z 1024 0 71354 0 -1
ciMethod com/android/tools/r8/internal/Y5 r ()Ljava/util/List; 278 0 139 0 0
ciMethod com/android/tools/r8/internal/Y5 x ()Z 4662 0 513775 0 -1
ciMethod com/android/tools/r8/internal/Y5 p ()I 512 0 4361453 0 80
ciMethod com/android/tools/r8/internal/Y5 k ()Lcom/android/tools/r8/internal/PE; 342 0 171 0 0
ciMethod com/android/tools/r8/internal/Y5 h ()Lcom/android/tools/r8/internal/XL; 884 0 14619 0 -1
ciMethod com/android/tools/r8/internal/Y5 a ()Z 4096 5500 23629 0 -1
ciMethod com/android/tools/r8/internal/Y5 h (Lcom/android/tools/r8/internal/Y5;)V 0 0 197 0 -1
ciMethod com/android/tools/r8/internal/Y5 e ()V 18178 2124 18243 0 2912
ciMethod com/android/tools/r8/internal/X5 <init> ()V 768 0 9537 0 -1
ciMethod com/android/tools/r8/internal/PE size ()I 270 0 135 0 0
ciMethod com/android/tools/r8/internal/PE a ()Lcom/android/tools/r8/internal/ME; 522 0 1036754 0 -1
ciMethod com/android/tools/r8/internal/PE j (I)Lcom/android/tools/r8/internal/ME; 586 0 12910 0 384
ciMethod com/android/tools/r8/internal/PE a (Lcom/android/tools/r8/internal/ME;Lcom/android/tools/r8/internal/ME;)V 4136 0 32451 0 -1
ciMethod com/android/tools/r8/internal/PE c ()Lcom/android/tools/r8/internal/a6; 4434 0 1305571 0 1312
ciMethod com/android/tools/r8/internal/a6 next ()Ljava/lang/Object; 1024 0 2162131 0 536
ciMethod com/android/tools/r8/internal/a6 <init> (Lcom/android/tools/r8/internal/Y5;I)V 286 0 50078 0 1368
ciMethod com/android/tools/r8/internal/a6 <init> (Lcom/android/tools/r8/internal/Y5;Lcom/android/tools/r8/internal/ME;)V 540 0 13113 0 1008
ciMethod com/android/tools/r8/internal/a6 hasNext ()Z 1032 0 2127731 0 88
ciMethod com/android/tools/r8/internal/a6 a ()Lcom/android/tools/r8/internal/ME; 1024 0 26517 0 536
ciMethod com/android/tools/r8/internal/sB a (Lcom/android/tools/r8/internal/Y5;)Z 4262 0 126976 0 -1
ciMethod com/android/tools/r8/internal/sB j ()Lcom/android/tools/r8/graph/K5; 392 0 196 0 -1
ciMethod com/android/tools/r8/internal/sB l ()Lcom/android/tools/r8/internal/Y5; 4102 0 421609 0 160
ciMethod com/android/tools/r8/internal/sB y ()V 4336 14712 59055 0 7720
ciMethod com/android/tools/r8/internal/sB a (Lcom/android/tools/r8/internal/nB;Lcom/android/tools/r8/ir/optimize/a;)Z 4100 22236 35025 0 6432
ciMethod com/android/tools/r8/ir/optimize/a <init> ()V 4366 0 271719 0 1472
ciMethod com/android/tools/r8/ir/optimize/a a (Lcom/android/tools/r8/graph/y;Lcom/android/tools/r8/internal/sB;Ljava/util/function/Consumer;)V 1024 0 162603 0 6832
ciMethod com/android/tools/r8/internal/iv0 <init> (Lcom/android/tools/r8/graph/y;Lcom/android/tools/r8/internal/sB;Z)V 692 0 58150 0 -1
ciMethod com/android/tools/r8/internal/iv0 a (Ljava/util/function/Consumer;)V 4458 0 87873 0 -1
ciMethod com/android/tools/r8/internal/iv0 a (Ljava/lang/Iterable;I)V 4456 0 17022 0 -1
ciMethod com/android/tools/r8/internal/bz0 b (Ljava/lang/Iterable;)V 40 0 16527 0 -1
ciMethod com/android/tools/r8/internal/bz0 b (Ljava/lang/Object;)Z 588 0 394485 0 -1
ciMethod com/android/tools/r8/internal/bz0 b ()Z 636 0 953927 0 112
ciMethod com/android/tools/r8/internal/bz0 c ()Ljava/lang/Object; 590 0 688960 0 312
ciMethod com/android/tools/r8/internal/bz0 a ()Ljava/util/Set; 0 0 755 0 -1
ciMethod com/android/tools/r8/internal/bz0 <init> (Ljava/util/Set;)V 1034 0 329293 0 0
ciMethod com/android/tools/r8/internal/bz0 <init> (I)V 4132 0 330818 0 2264
ciMethodData com/android/tools/r8/internal/a6 hasNext ()Z 2 2127215 orig 80 0 0 0 0 0 0 0 0 0 0 0 0 0 0 0 0 0 0 0 0 0 0 0 0 0 0 0 0 0 0 0 0 0 0 0 0 0 0 0 0 0 0 0 0 0 0 0 0 0 0 0 0 0 0 0 0 0 0 0 0 0 0 0 0 0 0 0 0 0 0 0 0 0 0 0 0 0 0 0 0 data 13 0x40007 0x260b6 0x20 0x1e2639 0x0 0x0 0x0 0x0 0x0 0x0 0x9 0x1 0x0 oops 0 methods 0
ciMethodData com/android/tools/r8/internal/a6 next ()Ljava/lang/Object; 2 2161619 orig 80 0 0 0 0 0 0 0 0 0 0 0 0 0 0 0 0 0 0 0 0 0 0 0 0 0 0 0 0 0 0 0 0 0 0 0 0 0 0 0 0 0 0 0 0 0 0 0 0 0 0 0 0 0 0 0 0 0 0 0 0 0 0 0 0 0 0 0 0 0 0 0 0 0 0 0 0 0 0 0 0 data 16 0x10005 0x20fd1f 0x0 0x0 0x0 0x0 0x0 0x0 0x0 0x0 0x0 0x0 0x0 0x9 0x1 0x6 oops 0 methods 0
ciMethodData com/android/tools/r8/internal/a6 a ()Lcom/android/tools/r8/internal/ME; 2 26005 orig 80 0 0 0 0 0 0 0 0 0 0 0 0 0 0 0 0 0 0 0 0 0 0 0 0 0 0 0 0 0 0 0 0 0 0 0 0 0 0 0 0 0 0 0 0 0 0 0 0 0 0 0 0 0 0 0 0 0 0 0 0 0 0 0 0 0 0 0 0 0 0 0 0 0 0 0 0 0 0 0 0 data 34 0x60007 0x0 0xb8 0x6598 0xc0007 0x659a 0x98 0x0 0x170007 0x0 0x38 0x0 0x1a0003 0x0 0x58 0x22000a 0x0 0x3 0x0 0x0 0x0 0x270002 0x0 0x3e0002 0x0 0x0 0x0 0x0 0x0 0x0 0x0 0x9 0x1 0x6 oops 0 methods 0
ciMethod com/android/tools/r8/internal/lo0 <init> (Lcom/android/tools/r8/internal/mo0;Lcom/android/tools/r8/internal/sB;)V 4108 0 17292 0 0
ciMethod com/android/tools/r8/internal/lo0 a ()Z 4106 0 17334 0 0
ciMethod com/android/tools/r8/internal/lo0 a (Lcom/android/tools/r8/internal/zx0;)Lcom/android/tools/r8/internal/F1; 4542 0 364179 0 -1
ciMethod com/android/tools/r8/internal/lo0 a (Lcom/android/tools/r8/internal/U60;)V 4134 1954 84125 0 2760
ciMethod com/android/tools/r8/internal/lo0 b (Lcom/android/tools/r8/internal/ME;)V 4208 0 34441 0 4000
ciMethod com/android/tools/r8/internal/lo0 a (Lcom/android/tools/r8/internal/XL;)V 20188 22220 164245 0 -1
ciMethod  @bci com/android/tools/r8/internal/lo0 a ()Z 39 <appendix> member <vmtarget> ; <init> (Lcom/android/tools/r8/internal/lo0;)V 1024 0 15652 0 0
ciMethod  @bci com/android/tools/r8/internal/lo0 a ()Z 66 <appendix> member <vmtarget> ; <init> (Lcom/android/tools/r8/internal/lo0;Ljava/util/List;Lcom/android/tools/r8/ir/optimize/a;Lcom/android/tools/r8/internal/V6;)V 1024 0 15616 0 0
ciMethodData com/android/tools/r8/internal/a6 <init> (Lcom/android/tools/r8/internal/Y5;I)V 2 49935 orig 80 0 0 0 0 0 0 0 0 0 0 0 0 0 0 0 0 0 0 0 0 0 0 0 0 0 0 0 0 0 0 0 0 0 0 0 0 0 0 0 0 0 0 0 0 0 0 0 0 0 0 0 0 0 0 0 0 0 0 0 0 0 0 0 0 0 0 0 0 0 0 0 0 0 0 0 0 0 0 0 0 data 41 0x50005 0x0 0x0 0x1ece982d548 0xc312 0x0 0x0 0x80007 0x69b0 0x38 0x5960 0xd0003 0x5961 0x88 0x110005 0x0 0x0 0x1ece982d498 0x69b0 0x0 0x0 0x150005 0x0 0x0 0x1ece982d548 0x69b4 0x0 0x0 0x1c0002 0xc315 0x0 0x0 0x0 0x0 0x0 0x0 0x9 0x3 0x0 0x0 0x0 oops 3 3 com/android/tools/r8/internal/PE 17 com/android/tools/r8/internal/Y5 24 com/android/tools/r8/internal/PE methods 0
ciMethodData com/android/tools/r8/internal/Y5 p ()I 2 4361672 orig 80 0 0 0 0 0 0 0 0 0 0 0 0 0 0 0 0 0 0 0 0 0 0 0 0 0 0 0 0 0 0 0 0 0 0 0 0 0 0 0 0 0 0 0 0 0 0 0 0 0 0 0 0 0 0 0 0 0 0 0 0 0 0 0 0 0 0 0 0 0 0 0 0 0 0 0 0 0 0 0 0 data 20 0x30007 0x429603 0x68 0x0 0xa0007 0x0 0x38 0x0 0xd0003 0x0 0x28 0x140002 0x0 0x0 0x0 0x0 0x0 0x9 0x1 0x0 oops 0 methods 0
ciMethodData com/android/tools/r8/internal/bz0 b ()Z 2 954023 orig 80 0 0 0 0 0 0 0 0 0 0 0 0 0 0 0 0 0 0 0 0 0 0 0 0 0 0 0 0 0 0 0 0 0 0 0 0 0 0 0 0 0 0 0 0 0 0 0 0 0 0 0 0 0 0 0 0 0 0 0 0 0 0 0 0 0 0 0 0 0 0 0 0 0 0 0 0 0 0 0 0 data 16 0x40005 0x0 0x0 0x1ece6059b90 0xe90f1 0x0 0x0 0x0 0x0 0x0 0x0 0x0 0x0 0x9 0x1 0x0 oops 1 3 java/util/ArrayDeque methods 0
ciMethodData com/android/tools/r8/internal/bz0 c ()Ljava/lang/Object; 2 689828 orig 80 0 0 0 0 0 0 0 0 0 0 0 0 0 0 0 0 0 0 0 0 0 0 0 0 0 0 0 0 0 0 0 0 0 0 0 0 0 0 0 0 0 0 0 0 0 0 0 0 0 0 0 0 0 0 0 0 0 0 0 0 0 0 0 0 0 0 0 0 0 0 0 0 0 0 0 0 0 0 0 0 data 16 0x40005 0x0 0x0 0x1ece6059b90 0xa88ab 0x0 0x0 0x0 0x0 0x0 0x0 0x0 0x0 0x9 0x1 0x0 oops 1 3 java/util/ArrayDeque methods 0
ciMethodData com/android/tools/r8/internal/jL hasNext ()Z 2 1391 orig 80 0 0 0 0 0 0 0 0 0 0 0 0 0 0 0 0 0 0 0 0 0 0 0 0 0 0 0 0 0 0 0 0 0 0 0 0 0 0 0 0 0 0 0 0 0 0 0 0 0 0 0 0 0 0 0 0 0 0 0 0 0 0 0 0 0 0 0 0 0 0 0 0 0 0 0 0 0 0 0 0 data 6 0x0 0x0 0x0 0x9 0x1 0x0 oops 0 methods 0
ciMethodData com/android/tools/r8/internal/a6 <init> (Lcom/android/tools/r8/internal/Y5;Lcom/android/tools/r8/internal/ME;)V 2 12843 orig 80 0 0 0 0 0 0 0 0 0 0 0 0 0 0 0 0 0 0 0 0 0 0 0 0 0 0 0 0 0 0 0 0 0 0 0 0 0 0 0 0 0 0 0 0 0 0 0 0 0 0 0 0 0 0 0 0 0 0 0 0 0 0 0 0 0 0 0 0 0 0 0 0 0 0 0 0 0 0 0 0 data 34 0x60002 0x322e 0xc0005 0x0 0x0 0x1ece982d498 0x322c 0x0 0x0 0x120007 0x2e09 0x38 0x425 0x170003 0x425 0x50 0x1b0005 0x738 0x0 0x1ece982d6a8 0xf28 0x1ece982d758 0x17b6 0x0 0x0 0x0 0x0 0x0 0x0 0x9 0x3 0x0 0x0 0x0 oops 3 5 com/android/tools/r8/internal/Y5 19 com/android/tools/r8/internal/m3 21 com/android/tools/r8/internal/mj methods 0
ciMethodData com/android/tools/r8/internal/zx0 b0 ()Ljava/util/Set; 2 1073842 orig 80 0 0 0 0 0 0 0 0 0 0 0 0 0 0 0 0 0 0 0 0 0 0 0 0 0 0 0 0 0 0 0 0 0 0 0 0 0 0 0 0 0 0 0 0 0 0 0 0 0 0 0 0 0 0 0 0 0 0 0 0 0 0 0 0 0 0 0 0 0 0 0 0 0 0 0 0 0 0 0 0 data 15 0x60007 0x3da4d 0x20 0xc8a37 0xf0002 0x3da84 0x0 0x0 0x0 0x0 0x0 0x0 0x9 0x1 0x10 oops 0 methods 0
ciMethodData com/android/tools/r8/internal/PE j (I)Lcom/android/tools/r8/internal/ME; 2 12617 orig 80 0 0 0 0 0 0 0 0 0 0 0 0 0 0 0 0 0 0 0 0 0 0 0 0 0 0 0 0 0 0 0 0 0 0 0 0 0 0 0 0 0 0 0 0 0 0 0 0 0 0 0 0 0 0 0 0 0 0 0 0 0 0 0 0 0 0 0 0 0 0 0 0 0 0 0 0 0 0 0 0 data 49 0x30007 0x3193 0xa8 0x0 0x70007 0x0 0x58 0x0 0xf0007 0x0 0x38 0x0 0x120003 0x0 0x48 0x1e000a 0x0 0x1 0x0 0x230002 0x0 0x300007 0x318e 0x58 0x3 0x420007 0x3 0x38 0x0 0x4d0003 0x0 0xffffffffffffffe0 0x5b0007 0x318e 0x38 0x1 0x660003 0x1 0xffffffffffffffe0 0x0 0x0 0x0 0x0 0x0 0x0 0x9 0x2 0x0 0x0 oops 0 methods 0
ciMethodData com/android/tools/r8/internal/jL next ()Ljava/lang/Object; 2 10245 orig 80 0 0 0 0 0 0 0 0 0 0 0 0 0 0 0 0 0 0 0 0 0 0 0 0 0 0 0 0 0 0 0 0 0 0 0 0 0 0 0 0 0 0 0 0 0 0 0 0 0 0 0 0 0 0 0 0 0 0 0 0 0 0 0 0 0 0 0 0 0 0 0 0 0 0 0 0 0 0 0 0 data 13 0x40007 0x0 0x20 0x2804 0x150002 0x0 0x0 0x0 0x0 0x0 0x9 0x1 0x6 oops 0 methods 0
ciMethodData com/android/tools/r8/internal/Nn0 iterator ()Ljava/util/Iterator; 2 16397 orig 80 0 0 0 0 0 0 0 0 0 0 0 0 0 0 0 0 0 0 0 0 0 0 0 0 0 0 0 0 0 0 0 0 0 0 0 0 0 0 0 0 0 0 0 0 0 0 0 0 0 0 0 0 0 0 0 0 0 0 0 0 0 0 0 0 0 0 0 0 0 0 0 0 0 0 0 0 0 0 0 0 data 9 0xa0002 0x400d 0x0 0x0 0x0 0x0 0x9 0x1 0x0 oops 0 methods 0
ciMethodData com/android/tools/r8/internal/zx0 a0 ()Ljava/util/Set; 2 587488 orig 80 0 0 0 0 0 0 0 0 0 0 0 0 0 0 0 0 0 0 0 0 0 0 0 0 0 0 0 0 0 0 0 0 0 0 0 0 0 0 0 0 0 0 0 0 0 0 0 0 0 0 0 0 0 0 0 0 0 0 0 0 0 0 0 0 0 0 0 0 0 0 0 0 0 0 0 0 0 0 0 0 data 15 0x60007 0x3a741 0x20 0x55245 0xf0002 0x3a745 0x0 0x0 0x0 0x0 0x0 0x0 0x9 0x1 0x20 oops 0 methods 0
ciMethodData com/android/tools/r8/internal/ME b ()Lcom/android/tools/r8/internal/Y5; 2 1675868 orig 80 0 0 0 0 0 0 0 0 0 0 0 0 0 0 0 0 0 0 0 0 0 0 0 0 0 0 0 0 0 0 0 0 0 0 0 0 0 0 0 0 0 0 0 0 0 0 0 0 0 0 0 0 0 0 0 0 0 0 0 0 0 0 0 0 0 0 0 0 0 0 0 0 0 0 0 0 0 0 0 0 data 22 0x30007 0x199455 0x68 0x0 0xa0007 0x0 0x38 0x0 0xd0003 0x0 0x28 0x140002 0x0 0x0 0x0 0x0 0x0 0x0 0x0 0x9 0x1 0x0 oops 0 methods 0
ciMethodData com/android/tools/r8/internal/lo0 b (Lcom/android/tools/r8/internal/ME;)V 2 32337 orig 80 0 0 0 0 0 0 0 0 0 0 0 0 0 0 0 0 0 0 0 0 0 0 0 0 0 0 0 0 0 0 0 0 0 0 0 0 0 0 0 0 0 0 0 0 0 0 0 0 0 0 0 0 0 0 0 0 0 0 0 0 0 0 0 0 0 0 0 0 0 0 0 0 0 0 0 0 0 0 0 0 data 214 0x10005 0x6259 0x0 0x1ece982d758 0x1523 0x1ece982dc28 0x6e5 0x40007 0x3d16 0x560 0x4153 0x80004 0xffffffffffffbeae 0x0 0x1ece51bf070 0x2 0x1ece51bf120 0x1 0xb0007 0x0 0x508 0x4153 0xf0005 0x37b1 0x0 0x1ece51bf070 0x12a 0x1ece51bf120 0x879 0x120007 0x39f0 0x188 0x763 0x170005 0x0 0x0 0x1ece982d6a8 0x761 0x0 0x0 0x1b0005 0x761 0x0 0x0 0x0 0x0 0x0 0x220005 0x0 0x0 0x1ece982c4a8 0x763 0x0 0x0 0x250005 0x0 0x0 0x1ece786f618 0x763 0x0 0x0 0x280005 0x0 0x0 0x1ece51bf1d0 0x763 0x0 0x0 0x2c0005 0x0 0x0 0x1ece51bf280 0x763 0x0 0x0 0x300003 0x762 0x88 0x3f0005 0x0 0x0 0x1ece982c4a8 0x39f0 0x0 0x0 0x430005 0x3050 0x0 0x1ece51bf070 0x12a 0x1ece51bf120 0x879 0x490005 0x37ad 0x0 0x1ece51bf070 0x12a 0x1ece51bf120 0x879 0x4c0005 0x414f 0x0 0x0 0x0 0x0 0x0 0x530007 0x4150 0x110 0x0 0x5f0005 0x0 0x0 0x0 0x0 0x0 0x0 0x640005 0x0 0x0 0x0 0x0 0x0 0x0 0x680005 0x0 0x0 0x0 0x0 0x0 0x0 0x6b0007 0x0 0x38 0x0 0x6e0003 0x0 0x28 0x750002 0x0 0x7b0005 0x3966 0x0 0x1ece51bf330 0x12a 0x1ece631dbf0 0x6c0 0x7e0007 0x1b41 0x100 0x2615 0x840005 0x1c74 0x0 0x1ece51bf070 0x12a 0x1ece51bf120 0x879 0x8d0005 0x0 0x0 0x1eceb6e5198 0x2617 0x0 0x0 0x950005 0x1c73 0x0 0x1ece51bf070 0x12a 0x1ece51bf120 0x879 0x980005 0x0 0x0 0x1ece982d8b8 0x2618 0x0 0x0 0x9d0005 0x625a 0x0 0x1ece982d758 0x1523 0x1ece982dc28 0x6e5 0xa00007 0x687a 0x90 0x15e8 0xa50005 0x840 0x0 0x1ece982dc28 0x6e5 0x1ece51bf3e0 0x6c5 0xa80005 0x15e9 0x0 0x0 0x0 0x0 0x0 0x0 0x0 0x0 0x0 0x0 0x0 0x9 0x2 0x0 0x0 oops 28 3 com/android/tools/r8/internal/mj 5 com/android/tools/r8/internal/Oz 14 com/android/tools/r8/internal/Bh 16 com/android/tools/r8/internal/wh 25 com/android/tools/r8/internal/Bh 27 com/android/tools/r8/internal/wh 36 com/android/tools/r8/internal/m3 50 com/android/tools/r8/internal/sB 57 com/android/tools/r8/graph/K5 64 com/android/tools/r8/internal/Kj 71 com/android/tools/r8/internal/st0 81 com/android/tools/r8/internal/sB 88 com/android/tools/r8/internal/Bh 90 com/android/tools/r8/internal/wh 95 com/android/tools/r8/internal/Bh 97 com/android/tools/r8/internal/wh 143 com/android/tools/r8/internal/In0 145 com/android/tools/r8/internal/Cn0 154 com/android/tools/r8/internal/Bh 156 com/android/tools/r8/internal/wh 161 java/util/IdentityHashMap 168 com/android/tools/r8/internal/Bh 170 com/android/tools/r8/internal/wh 175 com/android/tools/r8/internal/bz0 182 com/android/tools/r8/internal/mj 184 com/android/tools/r8/internal/Oz 193 com/android/tools/r8/internal/Oz 195 com/android/tools/r8/internal/ql0 methods 0
ciMethodData com/android/tools/r8/internal/PE c ()Lcom/android/tools/r8/internal/a6; 2 1303485 orig 80 0 0 0 0 0 0 0 0 0 0 0 0 0 0 0 0 0 0 0 0 0 0 0 0 0 0 0 0 0 0 0 0 0 0 0 0 0 0 0 0 0 0 0 0 0 0 0 0 0 0 0 0 0 0 0 0 0 0 0 0 0 0 0 0 0 0 0 0 0 0 0 0 0 0 0 0 0 0 0 0 data 9 0x90002 0x13e373 0x0 0x0 0x0 0x0 0x9 0x1 0x0 oops 0 methods 0
ciMethodData com/android/tools/r8/internal/sB l ()Lcom/android/tools/r8/internal/Y5; 2 419565 orig 80 0 0 0 0 0 0 0 0 0 0 0 0 0 0 0 0 0 0 0 0 0 0 0 0 0 0 0 0 0 0 0 0 0 0 0 0 0 0 0 0 0 0 0 0 0 0 0 0 0 0 0 0 0 0 0 0 0 0 0 0 0 0 0 0 0 0 0 0 0 0 0 0 0 0 0 0 0 0 0 0 data 23 0x40005 0x0 0x0 0x1ece606d1d8 0x669a9 0x0 0x0 0x70004 0x0 0x0 0x1ece982d498 0x669f6 0x0 0x0 0x0 0x0 0x0 0x0 0x0 0x0 0x9 0x1 0x0 oops 2 3 java/util/LinkedList 10 com/android/tools/r8/internal/Y5 methods 0
ciMethodData com/android/tools/r8/internal/bz0 <init> (Ljava/util/Set;)V 2 328780 orig 80 0 0 0 0 0 0 0 0 0 0 0 0 0 0 0 0 0 0 0 0 0 0 0 0 0 0 0 0 0 0 0 0 0 0 0 0 0 0 0 0 0 0 0 0 0 0 0 0 0 0 0 0 0 0 0 0 0 0 0 0 0 0 0 0 0 0 0 0 0 0 0 0 0 0 0 0 0 0 0 0 data 12 0x30002 0x5050a 0xb0002 0x5053f 0x0 0x0 0x0 0x0 0x9 0x2 0x6 0x0 oops 0 methods 0
ciMethodData com/android/tools/r8/internal/bz0 <init> (I)V 2 328752 orig 80 0 0 0 0 0 0 0 0 0 0 0 0 0 0 0 0 0 0 0 0 0 0 0 0 0 0 0 0 0 0 0 0 0 0 0 0 0 0 0 0 0 0 0 0 0 0 0 0 0 0 0 0 0 0 0 0 0 0 0 0 0 0 0 0 0 0 0 0 0 0 0 0 0 0 0 0 0 0 0 0 data 23 0x20007 0x5044d 0x48 0x0 0xa0002 0x0 0xd0003 0x0 0x28 0x100002 0x50450 0x160002 0x5054c 0x0 0x0 0x0 0x0 0x0 0x0 0x9 0x2 0x0 0x0 oops 0 methods 0
ciMethodData com/android/tools/r8/ir/optimize/a <init> ()V 2 269536 orig 80 0 0 0 0 0 0 0 0 0 0 0 0 0 0 0 0 0 0 0 0 0 0 0 0 0 0 0 0 0 0 0 0 0 0 0 0 0 0 0 0 0 0 0 0 0 0 0 0 0 0 0 0 0 0 0 0 0 0 0 0 0 0 0 0 0 0 0 0 0 0 0 0 0 0 0 0 0 0 0 0 data 13 0x20002 0x41d16 0x60002 0x41e3a 0x0 0x0 0x0 0x0 0x0 0x0 0x9 0x1 0x6 oops 0 methods 0
ciMethodData com/android/tools/r8/internal/sB y ()V 2 56887 orig 80 1 0 0 0 0 0 0 0 0 0 0 0 0 0 0 0 0 0 0 0 0 0 0 0 0 0 0 0 0 0 0 0 0 0 0 0 0 0 0 0 0 0 0 0 0 0 0 0 0 0 0 0 0 0 0 0 0 0 0 0 0 0 0 0 0 0 0 0 0 0 0 0 0 0 0 0 0 0 0 0 data 535 0x30007 0xde44 0x538 0x0 0xa0005 0x0 0x0 0x0 0x0 0x0 0x0 0xf0005 0x0 0x0 0x0 0x0 0x0 0x0 0x140007 0x0 0x4a8 0x0 0x180005 0x0 0x0 0x0 0x0 0x0 0x0 0x1d0004 0x0 0x0 0x0 0x0 0x0 0x0 0x200005 0x0 0x0 0x0 0x0 0x0 0x0 0x230005 0x0 0x0 0x0 0x0 0x0 0x0 0x280005 0x0 0x0 0x0 0x0 0x0 0x0 0x2d0007 0x0 0xfffffffffffffe90 0x0 0x310005 0x0 0x0 0x0 0x0 0x0 0x0 0x360004 0x0 0x0 0x0 0x0 0x0 0x0 0x400007 0x0 0xd8 0x0 0x450005 0x0 0x0 0x0 0x0 0x0 0x0 0x490004 0x0 0x0 0x0 0x0 0x0 0x0 0x4c0007 0x0 0x38 0x0 0x4f0003 0x0 0x28 0x560002 0x0 0x5c0007 0x0 0xd8 0x0 0x610005 0x0 0x0 0x0 0x0 0x0 0x0 0x650004 0x0 0x0 0x0 0x0 0x0 0x0 0x680007 0x0 0x38 0x0 0x6b0003 0x0 0x28 0x720002 0x0 0x780007 0x0 0xfffffffffffffd88 0x0 0x7c0005 0x0 0x0 0x0 0x0 0x0 0x0 0x7f0007 0x0 0xfffffffffffffd30 0x0 0x830005 0x0 0x0 0x0 0x0 0x0 0x0 0x860005 0x0 0x0 0x0 0x0 0x0 0x0 0x890007 0x0 0x38 0x0 0x8c0003 0x0 0xfffffffffffffc80 0x930002 0x0 0x980002 0xde46 0x9f0005 0x0 0x0 0x1ece606d1d8 0xde64 0x0 0x0 0xa40005 0x0 0x0 0x1ece8273910 0x55e5e 0x0 0x0 0xa90007 0xde64 0x8a8 0x48084 0xae0005 0x0 0x0 0x1ece8273910 0x4808d 0x0 0x0 0xb30004 0x0 0x0 0x1ece982d498 0x480aa 0x0 0x0 0xb80005 0x0 0x0 0x1ece982d968 0x480a2 0x0 0x0 0xbd0007 0x4808a 0x38 0xf 0xc00003 0xf 0xfffffffffffffee0 0xc50005 0x480a3 0x0 0x0 0x0 0x0 0x0 0xc80007 0x48069 0xfffffffffffffe90 0x10 0xcc0005 0x10 0x0 0x0 0x0 0x0 0x0 0xd70007 0x10 0xf8 0x0 0xdc0005 0x0 0x0 0x0 0x0 0x0 0x0 0xdf0007 0x0 0xa0 0x0 0xe30005 0x0 0x0 0x0 0x0 0x0 0x0 0xe60007 0x0 0x38 0x0 0xe90003 0x0 0x28 0xf00002 0x0 0xf60007 0x10 0xa0 0x0 0xfb0005 0x0 0x0 0x0 0x0 0x0 0x0 0xfe0007 0x0 0x38 0x0 0x1010003 0x0 0x28 0x1080002 0x0 0x1110005 0x0 0x0 0x1ece982d548 0x10 0x0 0x0 0x1180007 0x10 0x1c0 0x19 0x11e0005 0x5 0x0 0x1ece502fa68 0x5 0x1ece982dc28 0xf 0x1230005 0x5 0x0 0x1ece502fa68 0x5 0x1ece982dc28 0xf 0x1260007 0x9 0x70 0x10 0x12c0005 0x10 0x0 0x0 0x0 0x0 0x0 0x12f0003 0x10 0xc0 0x1330005 0x0 0x0 0x1ece982d498 0x9 0x0 0x0 0x1390005 0x0 0x0 0x1ece982d498 0x9 0x0 0x0 0x13c0005 0x9 0x0 0x0 0x0 0x0 0x0 0x1430003 0x19 0xfffffffffffffe58 0x1490005 0x0 0x0 0x1ece982d498 0x10 0x0 0x0 0x14c0005 0x0 0x0 0x1ec9ff393f8 0x10 0x0 0x0 0x1510005 0x0 0x0 0x1ece982d498 0x10 0x0 0x0 0x1540007 0xb 0x58 0x5 0x15a0005 0x5 0x0 0x0 0x0 0x0 0x0 0x1670005 0x0 0x0 0x1ece982d498 0x10 0x0 0x0 0x16c0005 0x0 0x0 0x1ece982d498 0x10 0x0 0x0 0x16f0005 0x0 0x0 0x1ec9ff393f8 0x10 0x0 0x0 0x175000a 0x1 0x5 0x0 0x1ece982d498 0x1 0x1ece982d498 0x1ece502fb18 0x17a0005 0x10 0x0 0x0 0x0 0x0 0x0 0x17d0005 0x0 0x0 0x1ece982d498 0x10 0x0 0x0 0x18e0005 0x0 0x0 0x1ece982d498 0x10 0x0 0x0 0x1910005 0x0 0x0 0x1ec9ff393f8 0x10 0x0 0x0 0x1960005 0x0 0x0 0x1ece982d498 0x10 0x0 0x0 0x1990005 0x0 0x0 0x1ec9ff393f8 0x10 0x0 0x0 0x19e0005 0x0 0x0 0x1ece982d968 0x10 0x0 0x0 0x1a40003 0x10 0xfffffffffffff870 0x1ac0005 0x0 0x0 0x1ece606d1d8 0xde54 0x0 0x0 0x1b30007 0xde66 0x1c0 0x0 0x1ba0005 0x0 0x0 0x0 0x0 0x0 0x0 0x1bf0005 0x0 0x0 0x0 0x0 0x0 0x0 0x1c40007 0x0 0x130 0x0 0x1c80005 0x0 0x0 0x0 0x0 0x0 0x0 0x1cd0004 0x0 0x0 0x0 0x0 0x0 0x0 0x1d40007 0x0 0xffffffffffffff38 0x0 0x1d90005 0x0 0x0 0x0 0x0 0x0 0x0 0x1dc0007 0x0 0x38 0x0 0x1df0003 0x0 0xfffffffffffffec0 0x1e60002 0x0 0x0 0x0 0x0 0x0 0x0 0x0 0x0 0x0 0x0 0x9 0x1 0x0 oops 28 172 java/util/LinkedList 179 java/util/LinkedList$ListItr 190 java/util/LinkedList$ListItr 197 com/android/tools/r8/internal/Y5 204 java/util/Collections$SetFromMap 287 com/android/tools/r8/internal/PE 298 com/android/tools/r8/internal/W3 300 com/android/tools/r8/internal/Oz 305 com/android/tools/r8/internal/W3 307 com/android/tools/r8/internal/Oz 326 com/android/tools/r8/internal/Y5 333 com/android/tools/r8/internal/Y5 350 com/android/tools/r8/internal/Y5 357 java/util/ArrayList 364 com/android/tools/r8/internal/Y5 382 com/android/tools/r8/internal/Y5 389 com/android/tools/r8/internal/Y5 396 java/util/ArrayList 404 com/android/tools/r8/internal/Y5 406 com/android/tools/r8/internal/Y5 407  @bci com/android/tools/r8/internal/sB y ()V 373 <appendix> member <vmtarget> ; 418 com/android/tools/r8/internal/Y5 425 com/android/tools/r8/internal/Y5 432 java/util/ArrayList 439 com/android/tools/r8/internal/Y5 446 java/util/ArrayList 453 java/util/Collections$SetFromMap 463 java/util/LinkedList methods 0
ciMethodData com/android/tools/r8/ir/optimize/a a (Lcom/android/tools/r8/graph/y;Lcom/android/tools/r8/internal/sB;Ljava/util/function/Consumer;)V 2 162091 orig 80 0 0 0 0 0 0 0 0 0 0 0 0 0 0 0 0 0 0 0 0 0 0 0 0 0 0 0 0 0 0 0 0 0 0 0 0 0 0 0 0 0 0 0 0 0 0 0 0 0 0 0 0 0 0 0 0 0 0 0 0 0 0 0 0 0 0 0 0 0 0 0 0 0 0 0 0 0 0 0 0 data 55 0x40005 0x0 0x0 0x1ece982d968 0x27947 0x0 0x0 0x90007 0x27917 0x120 0x35 0x1c0002 0x35 0x1f0005 0x0 0x0 0x1ece57bf170 0x35 0x0 0x0 0x240002 0x35 0x290005 0x35 0x0 0x0 0x0 0x0 0x0 0x2d0005 0x35 0x0 0x0 0x0 0x0 0x0 0x330005 0x0 0x0 0x1ece982d968 0x35 0x0 0x0 0x0 0x0 0x0 0x0 0x0 0x0 0x9 0x4 0xffffffffffffffff 0x0 0x0 0xffffffffffffffff oops 3 3 java/util/Collections$SetFromMap 16  @bci com/android/tools/r8/internal/hi b ()Ljava/util/function/Consumer; 0 <appendix> argL0 ; 39 java/util/Collections$SetFromMap methods 0
ciMethodData com/android/tools/r8/internal/Y5 e ()V 2 9154 orig 80 1 0 0 0 0 0 0 0 0 0 0 0 0 0 0 0 0 0 0 0 4 0 0 0 0 0 0 0 0 0 0 0 0 0 0 0 0 0 0 0 0 0 0 0 0 0 0 0 0 0 0 0 0 0 0 0 0 0 0 0 0 0 0 0 0 0 0 0 0 0 0 0 0 0 0 0 0 0 0 0 data 232 0x60002 0x23c1 0xe0002 0x23c3 0x140005 0x0 0x0 0x1ec9ff393f8 0x23c2 0x0 0x0 0x190005 0x0 0x0 0x1ece982da18 0x2804 0x0 0x0 0x1e0007 0x23c7 0x668 0x43e 0x230005 0x0 0x0 0x1ece982da18 0x43e 0x0 0x0 0x8000000400280004 0x0 0x0 0x1ece982dac8 0x43c 0x1ece982db78 0x6 0x350002 0x442 0x380005 0x0 0x0 0x1ece57b9d30 0x442 0x0 0x0 0x3b0104 0x0 0x0 0x0 0x0 0x0 0x0 0x410007 0x0 0x70 0x442 0x480005 0x0 0x0 0x1ece57b9d30 0x442 0x0 0x0 0x4c0003 0x442 0xfffffffffffffe60 0x500005 0x0 0x0 0x0 0x0 0x0 0x0 0x550005 0x0 0x0 0x0 0x0 0x0 0x0 0x580007 0x0 0x268 0x0 0x5d0005 0x0 0x0 0x0 0x0 0x0 0x0 0x600007 0x0 0xa8 0x0 0x660005 0x0 0x0 0x0 0x0 0x0 0x0 0x690005 0x0 0x0 0x0 0x0 0x0 0x0 0x6c0003 0x0 0x180 0x700005 0x0 0x0 0x0 0x0 0x0 0x0 0x730007 0x0 0x38 0x0 0x760003 0x0 0x110 0x7c0007 0x0 0xfffffffffffffc68 0x0 0x800005 0x0 0x0 0x0 0x0 0x0 0x0 0x830007 0x0 0x90 0x0 0x880005 0x0 0x0 0x0 0x0 0x0 0x0 0x8b0007 0x0 0x38 0x0 0x8e0003 0x0 0xfffffffffffffb98 0x950002 0x0 0x9d0005 0x0 0x0 0x0 0x0 0x0 0x0 0xa00005 0x0 0x0 0x0 0x0 0x0 0x0 0xa30005 0x0 0x0 0x0 0x0 0x0 0x0 0xac0005 0x0 0x0 0x0 0x0 0x0 0x0 0xb10007 0x0 0xe0 0x0 0xb60005 0x0 0x0 0x0 0x0 0x0 0x0 0xbb0004 0x0 0x0 0x0 0x0 0x0 0x0 0xc30005 0x0 0x0 0x0 0x0 0x0 0x0 0xcb0003 0x0 0xffffffffffffff00 0xcf0005 0x0 0x0 0x0 0x0 0x0 0x0 0xd40003 0x0 0xfffffffffffff978 0x0 0x0 0x0 0x0 0x0 0x0 0x9 0x1 0x0 oops 7 7 java/util/ArrayList 14 java/util/ArrayList$Itr 25 java/util/ArrayList$Itr 32 com/android/tools/r8/internal/V60 34 com/android/tools/r8/internal/U60 41 java/util/HashMap 59 java/util/HashMap methods 0
ciMethodData com/android/tools/r8/internal/V6 c (Z)V 2 30006 orig 80 0 0 0 0 0 0 0 0 0 0 0 0 0 0 0 0 0 0 0 0 0 0 0 0 0 0 0 0 0 0 0 0 0 0 0 0 0 0 0 0 0 0 0 0 0 0 0 0 0 0 0 0 0 0 0 0 0 0 0 0 0 0 0 0 0 0 0 0 0 0 0 0 0 0 0 0 0 0 0 0 data 8 0x0 0x0 0x0 0x0 0x9 0x2 0x6 0x0 oops 0 methods 0
ciMethodData com/android/tools/r8/internal/sB a (Lcom/android/tools/r8/internal/nB;Lcom/android/tools/r8/ir/optimize/a;)Z 2 32975 orig 80 0 0 0 0 0 0 0 0 0 0 0 0 0 0 0 0 0 0 0 0 0 0 0 0 0 0 0 0 0 0 0 0 0 0 0 0 0 0 0 0 0 0 0 0 0 0 0 0 0 0 0 0 0 0 0 0 0 0 0 0 0 0 0 0 0 0 0 0 0 0 0 0 0 0 0 0 0 0 0 0 data 200 0x60005 0x0 0x0 0x1ece606d1d8 0x80d2 0x0 0x0 0xb0005 0x0 0x0 0x1ece8273910 0x35ef0 0x0 0x0 0x100007 0x80d9 0x578 0x2de30 0x140005 0x0 0x0 0x1ece8273910 0x2de38 0x0 0x0 0x190004 0x0 0x0 0x1ece982d498 0x2de3e 0x0 0x0 0x240005 0x0 0x0 0x1ece982d498 0x2de3b 0x0 0x0 0x270002 0x2de3d 0x2a0005 0x0 0x0 0x1ec9ff393f8 0x2de43 0x0 0x0 0x310005 0x0 0x0 0x1ece982da18 0x33e55 0x0 0x0 0x360007 0x2de23 0xfffffffffffffe80 0x6053 0x3b0005 0x0 0x0 0x1ece982da18 0x6053 0x0 0x0 0x400004 0x0 0x0 0x1ece982dac8 0x5fa5 0x1ece982db78 0xad 0x500002 0x6053 0x530005 0x0 0x0 0x1ece982d8b8 0x6052 0x0 0x0 0x590005 0x0 0x0 0x1ece982d8b8 0x72ec 0x0 0x0 0x5c0007 0x1ef 0x278 0x70fd 0x610005 0x0 0x0 0x1ece982d8b8 0x70fd 0x0 0x0 0x640004 0x0 0x0 0x1ece982dac8 0x6de2 0x1ece982db78 0x31d 0x6a0005 0x0 0x0 0x1ece982dac8 0x6de2 0x1ece982db78 0x31d 0x6d0007 0x5584 0x118 0x1b79 0x720005 0x1b79 0x0 0x0 0x0 0x0 0x0 0x750007 0x129b 0x38 0x8de 0x780003 0x8de 0xa0 0x7f0005 0x129b 0x0 0x0 0x0 0x0 0x0 0x820005 0x0 0x0 0x1ece982d8b8 0x129b 0x0 0x0 0x850003 0x129b 0xfffffffffffffe00 0x8e0005 0x5e62 0x0 0x0 0x0 0x0 0x0 0x920002 0x5e62 0x9c0005 0x5e64 0x0 0x0 0x0 0x0 0x0 0xa10003 0x5e63 0xfffffffffffffc58 0xa60005 0x0 0x0 0x1ece982d8b8 0x1ef 0x0 0x0 0xa9000a 0x1ef 0x1 0x1ece82739c0 0xae0005 0x0 0x0 0x1ece982d968 0x1ef 0x0 0x0 0xb50003 0x1ef 0xfffffffffffffbb0 0x0 0x0 0x0 0x0 0x0 0x0 0x9 0x3 0x0 0x0 0x0 oops 21 3 java/util/LinkedList 10 java/util/LinkedList$ListItr 21 java/util/LinkedList$ListItr 28 com/android/tools/r8/internal/Y5 35 com/android/tools/r8/internal/Y5 44 java/util/ArrayList 51 java/util/ArrayList$Itr 62 java/util/ArrayList$Itr 69 com/android/tools/r8/internal/V60 71 com/android/tools/r8/internal/U60 78 com/android/tools/r8/internal/bz0 85 com/android/tools/r8/internal/bz0 96 com/android/tools/r8/internal/bz0 103 com/android/tools/r8/internal/V60 105 com/android/tools/r8/internal/U60 110 com/android/tools/r8/internal/V60 112 com/android/tools/r8/internal/U60 142 com/android/tools/r8/internal/bz0 171 com/android/tools/r8/internal/bz0 178  @bci com/android/tools/r8/internal/sB a (Lcom/android/tools/r8/internal/nB;Lcom/android/tools/r8/ir/optimize/a;)Z 169 <appendix> argL0 ; 182 java/util/Collections$SetFromMap methods 0
ciMethodData com/android/tools/r8/internal/mo0 b (Lcom/android/tools/r8/internal/sB;)Lcom/android/tools/r8/internal/De; 2 17084 orig 80 1 0 0 0 0 0 0 0 0 0 0 0 0 0 0 0 0 0 0 0 2 0 0 0 0 0 0 0 0 0 0 0 0 0 0 0 0 0 0 0 0 0 0 0 0 0 0 0 0 0 0 0 0 0 0 0 0 0 0 0 0 0 0 0 0 0 0 0 0 0 0 0 0 0 0 0 0 0 0 0 data 440 0x80002 0x42b6 0xe0005 0x0 0x0 0x1ece982c4a8 0x42c9 0x0 0x0 0x130005 0x0 0x0 0x1ece982d498 0x42ab 0x0 0x0 0x160005 0x0 0x0 0x1ece982d548 0x42b0 0x0 0x0 0x1b0005 0x0 0x0 0x1ece982d5f8 0x28353 0x0 0x0 0x200007 0x42d1 0xe0 0x24090 0x250005 0x0 0x0 0x1ece982d5f8 0x240a9 0x0 0x0 0x2a0004 0x0 0x0 0x1ece982d6a8 0x7ead 0x1ece982d758 0x7bfb 0x2d0005 0x240c2 0x0 0x0 0x0 0x0 0x0 0x300003 0x240bc 0xffffffffffffff00 0x380005 0x0 0x0 0x1ece982d498 0x42d4 0x0 0x0 0x3b0005 0x0 0x0 0x1ece982d808 0x42d0 0x0 0x0 0x420005 0x0 0x0 0x1ece982d8b8 0x85b5 0x0 0x0 0x450007 0x153e 0xe8 0x7079 0x4c0005 0x0 0x0 0x1ece982d8b8 0x7083 0x0 0x0 0x4f0007 0x42e9 0x38 0x2d93 0x520003 0x2d94 0x70 0x560005 0x42e6 0x0 0x0 0x0 0x0 0x0 0x590007 0x42b9 0x20 0x3 0x680005 0x0 0x0 0x1ece982d8b8 0x1384c 0x0 0x0 0x6b0007 0x42cc 0x4f0 0xf585 0x740005 0x0 0x0 0x1ece982d8b8 0xf585 0x0 0x0 0x7d0005 0x0 0x0 0x1ece982d968 0xf584 0x0 0x0 0x830004 0x0 0x0 0x1ece982d498 0xf584 0x0 0x0 0x880005 0x0 0x0 0x1ece982d498 0xf585 0x0 0x0 0x8b0005 0x0 0x0 0x1ec9ff393f8 0xf587 0x0 0x0 0x920005 0x0 0x0 0x1ece982da18 0x12b64 0x0 0x0 0x970007 0xf586 0xe0 0x35e5 0x9c0005 0x0 0x0 0x1ece982da18 0x35e5 0x0 0x0 0x400a10004 0x0 0x0 0x1ece982dac8 0x35e0 0x1ece982db78 0x8 0xa40005 0x35e8 0x0 0x0 0x0 0x0 0x0 0xa70003 0x35e8 0xffffffffffffff00 0xaf0005 0x0 0x0 0x1ece982d498 0xf586 0x0 0x0 0xb20005 0x0 0x0 0x1ece982d808 0xf585 0x0 0x0 0xb50007 0x25cb 0xfffffffffffffd08 0xcfbe 0xb90005 0x0 0x0 0x1ece982d498 0xcfbf 0x0 0x0 0xbc0005 0x0 0x0 0x1ece982d548 0xcfbf 0x0 0x0 0xc10005 0x0 0x0 0x1ece982d5f8 0x43152 0x0 0x0 0xc60007 0xcfc2 0xe0 0x361da 0xcb0005 0x0 0x0 0x1ece982d5f8 0x361db 0x0 0x0 0xd00004 0x0 0x0 0x1ece982d758 0x1052b 0x1ece982dc28 0x7fcf 0xd30005 0x361db 0x0 0x0 0x0 0x0 0x0 0xd60003 0x361db 0xffffffffffffff00 0xde0005 0x0 0x0 0x1ece982d498 0xcfc2 0x0 0x0 0xe10005 0x0 0x0 0x1ece982d808 0xcfc4 0x0 0x0 0xe40003 0xcfc2 0xfffffffffffffaf0 0xeb0005 0x0 0x0 0x1ece982d8b8 0x2f86b 0x0 0x0 0xee0007 0x42ec 0xfffffffffffff980 0x2b599 0xf70005 0x0 0x0 0x1ece982d8b8 0x2b59c 0x0 0x0 0x1000005 0x0 0x0 0x1ece982d968 0x2b5a6 0x0 0x0 0x1060004 0x0 0x0 0x1ece982dcd8 0x2986f 0x1ece982dac8 0x1d52 0x10b0005 0x2b5bc 0x0 0x0 0x0 0x0 0x0 0x10e0005 0x0 0x0 0x1ece982dd88 0x3fd2 0x1ece982de38 0x27618 0x1150005 0x0 0x0 0x1ece982dee8 0x7fa4 0x1ece982df98 0x27cb0 0x11a0007 0x2b5e7 0xe0 0x468d 0x11f0005 0x0 0x0 0x1ece982dee8 0x3fd2 0x1ece982df98 0x6bb 0x1240004 0x0 0x0 0x1ece982dac8 0x467f 0x1ece982db78 0xe 0x1270005 0x468d 0x0 0x0 0x0 0x0 0x0 0x12a0003 0x468d 0xffffffffffffff00 0x12e0005 0x6 0x0 0x1ece982dcd8 0x2988f 0x1ece982dac8 0x1d52 0x1310005 0x0 0x0 0x1ece982de38 0xd46b 0x1ece982dd88 0x1e180 0x1380005 0x0 0x0 0x1ece982df98 0x22ec0 0x1ece982dee8 0x3c29c 0x13d0007 0x2b5b7 0xfffffffffffffcd0 0x33b7e 0x1420005 0x0 0x0 0x1ece982df98 0x15a67 0x1ece982dee8 0x1e181 0x1470004 0x0 0x0 0x1ece982e048 0x5e92 0x1ece982e0f8 0x1bc1 0x14c0005 0x2c176 0x0 0x1ece982e048 0x5e92 0x1ece982e0f8 0x1bc1 0x1540005 0x0 0x0 0x1ece982d498 0x33ba3 0x0 0x0 0x1570005 0x0 0x0 0x1ece982d808 0x33b99 0x0 0x0 0x15a0007 0xa4 0xfffffffffffffe90 0x33ae6 0x15f0005 0x33ae7 0x0 0x0 0x0 0x0 0x0 0x1620003 0x33ade 0xfffffffffffffe38 0x0 0x0 0x0 0x0 0x0 0x0 0x0 0x0 0x9 0x2 0x0 0x0 oops 58 5 com/android/tools/r8/internal/sB 12 com/android/tools/r8/internal/Y5 19 com/android/tools/r8/internal/PE 26 com/android/tools/r8/internal/a6 37 com/android/tools/r8/internal/a6 44 com/android/tools/r8/internal/m3 46 com/android/tools/r8/internal/mj 61 com/android/tools/r8/internal/Y5 68 java/util/BitSet 75 com/android/tools/r8/internal/bz0 86 com/android/tools/r8/internal/bz0 111 com/android/tools/r8/internal/bz0 122 com/android/tools/r8/internal/bz0 129 java/util/Collections$SetFromMap 136 com/android/tools/r8/internal/Y5 143 com/android/tools/r8/internal/Y5 150 java/util/ArrayList 157 java/util/ArrayList$Itr 168 java/util/ArrayList$Itr 175 com/android/tools/r8/internal/V60 177 com/android/tools/r8/internal/U60 192 com/android/tools/r8/internal/Y5 199 java/util/BitSet 210 com/android/tools/r8/internal/Y5 217 com/android/tools/r8/internal/PE 224 com/android/tools/r8/internal/a6 235 com/android/tools/r8/internal/a6 242 com/android/tools/r8/internal/mj 244 com/android/tools/r8/internal/Oz 259 com/android/tools/r8/internal/Y5 266 java/util/BitSet 276 com/android/tools/r8/internal/bz0 287 com/android/tools/r8/internal/bz0 294 java/util/Collections$SetFromMap 301 com/android/tools/r8/internal/zx0 303 com/android/tools/r8/internal/V60 315 com/android/tools/r8/internal/Nn0 317 com/android/tools/r8/internal/Yf0 322 com/android/tools/r8/internal/jL 324 com/android/tools/r8/internal/kL 333 com/android/tools/r8/internal/jL 335 com/android/tools/r8/internal/kL 340 com/android/tools/r8/internal/V60 342 com/android/tools/r8/internal/U60 357 com/android/tools/r8/internal/zx0 359 com/android/tools/r8/internal/V60 364 com/android/tools/r8/internal/Yf0 366 com/android/tools/r8/internal/Nn0 371 com/android/tools/r8/internal/kL 373 com/android/tools/r8/internal/jL 382 com/android/tools/r8/internal/kL 384 com/android/tools/r8/internal/jL 389 com/android/tools/r8/internal/KK 391 com/android/tools/r8/internal/xK 396 com/android/tools/r8/internal/KK 398 com/android/tools/r8/internal/xK 403 com/android/tools/r8/internal/Y5 410 java/util/BitSet methods 0
ciMethodData com/android/tools/r8/internal/lo0 <init> (Lcom/android/tools/r8/internal/mo0;Lcom/android/tools/r8/internal/sB;)V 2 15238 orig 80 0 0 0 0 0 0 0 0 0 0 0 0 0 0 0 0 0 0 0 0 0 0 0 0 0 0 0 0 0 0 0 0 0 0 0 0 0 0 0 0 0 0 0 0 0 0 0 0 0 0 0 0 0 0 0 0 0 0 0 0 0 0 0 0 0 0 0 0 0 0 0 0 0 0 0 0 0 0 0 0 data 32 0xe0002 0x3b87 0x150002 0x3b86 0x200002 0x3b99 0x2b0002 0x3b8a 0x350002 0x3b8c 0x3f0002 0x3b97 0x4b0005 0x0 0x0 0x1eceb6e6d28 0x3ba0 0x0 0x0 0x5d0002 0x3b96 0x0 0x0 0x0 0x0 0x0 0x0 0x9 0x3 0x7e 0x0 0x0 oops 1 15 com/android/tools/r8/internal/o20 methods 0
ciMethodData com/android/tools/r8/internal/lo0 a ()Z 2 15296 orig 80 0 0 0 0 0 0 0 0 0 0 0 0 0 0 0 0 0 0 0 0 0 0 0 0 0 0 0 0 0 0 0 0 0 0 0 0 0 0 0 1 0 0 0 0 0 0 0 0 0 0 0 0 0 0 0 0 0 0 0 0 0 0 0 0 0 0 0 0 0 0 0 0 0 0 0 0 0 0 0 0 data 146 0x50002 0x3bc3 0xf0002 0x3bc0 0x180002 0x3bc4 0x1e0005 0x0 0x0 0x1eceb6e5198 0x3bc0 0x0 0x0 0x210005 0x0 0x0 0x1ece6947dd0 0x3bbe 0x0 0x0 0x27000a 0x3ba6 0x3 0x0 0x1ece9830708 0x1ece6947e80 0x2c0005 0x0 0x0 0x1ece6947f30 0x3ba6 0x0 0x0 0x31000a 0x3b98 0x1 0x1ece6947fe0 0x360002 0x3b9b 0x390005 0x0 0x0 0x1ece6948090 0x3b9b 0x0 0x0 0x42000a 0x3ba5 0x5 0x0 0x1ece9830708 0x1 0x1ec9ff393f8 0x1ece6948140 0x470005 0x0 0x0 0x1ece69481f0 0x3b98 0x0 0x0 0x4c0005 0x0 0x0 0x1ec9ff393f8 0x3b86 0x0 0x0 0x510005 0x0 0x0 0x1ece982da18 0x3b81 0x0 0x0 0x8000000600560007 0x3b86 0xe0 0x1 0x5a0005 0x0 0x0 0x1ece982da18 0x1 0x0 0x0 0x5f0004 0x0 0x0 0x1ece982d498 0x1 0x0 0x0 0x620005 0x1 0x0 0x0 0x0 0x0 0x0 0x650003 0x1 0xffffffffffffff00 0x780002 0x3b81 0x7d0005 0x3b8e 0x0 0x0 0x0 0x0 0x0 0x800005 0x0 0x0 0x1ece6944c88 0x3b95 0x0 0x0 0x850007 0x3b9d 0x90 0x3 0x900005 0x3 0x0 0x0 0x0 0x0 0x0 0x970005 0x0 0x0 0x1ece982c4a8 0x3 0x0 0x0 0x0 0x0 0x0 0x0 0x0 0x0 0x9 0x1 0x0 oops 17 9 java/util/IdentityHashMap 16 java/util/IdentityHashMap$EntrySet 24 com/android/tools/r8/internal/lo0 25  @bci com/android/tools/r8/internal/lo0 a ()Z 39 <appendix> member <vmtarget> ; 29 java/util/stream/ReferencePipeline$Head 36  @bci com/android/tools/r8/internal/lo0 a ()Z 49 <appendix> argL0 ; 42 java/util/stream/ReferencePipeline$2 50 com/android/tools/r8/internal/lo0 52 java/util/ArrayList 53  @bci com/android/tools/r8/internal/lo0 a ()Z 66 <appendix> member <vmtarget> ; 57 java/util/stream/SortedOps$OfRef 64 java/util/ArrayList 71 java/util/ArrayList$Itr 82 java/util/ArrayList$Itr 89 com/android/tools/r8/internal/Y5 115 com/android/tools/r8/internal/V6 133 com/android/tools/r8/internal/sB methods 0
ciMethodData com/android/tools/r8/internal/lo0 a (Lcom/android/tools/r8/internal/U60;)V 2 82058 orig 80 1 0 0 0 0 0 0 0 0 0 0 0 0 0 0 0 0 0 0 0 0 0 0 0 0 0 0 0 0 0 0 0 0 0 0 0 0 0 0 1 0 0 0 0 0 0 0 0 0 0 0 0 0 0 0 0 0 0 0 0 0 0 0 0 0 0 0 0 0 0 0 0 0 0 0 0 0 0 0 0 data 192 0x50005 0x0 0x0 0x1ece982d498 0x14088 0x0 0x0 0x110005 0x0 0x0 0x1ece982d498 0x1408c 0x0 0x0 0x170005 0x0 0x0 0x1ec9ff393f8 0x1408c 0x0 0x0 0x250007 0x307d 0x2f8 0x187d7 0x2d0005 0x0 0x0 0x1ec9ff393f8 0x187d7 0x0 0x0 0x320004 0x0 0x0 0x1ece982d498 0x187d7 0x0 0x0 0x350005 0x0 0x0 0x1ece982d498 0x187d9 0x0 0x0 0x8000000600420007 0x187d9 0x38 0x2 0x460003 0x2 0x50 0x4d0005 0x0 0x0 0x1ece982d808 0x187d9 0x0 0x0 0x500007 0x69a 0x1a8 0x18143 0x630005 0x0 0x0 0x1ec9ff393f8 0x18142 0x0 0x0 0x660004 0x0 0x0 0x1ece982dcd8 0x161a1 0x1ece982dac8 0x1fa2 0x690005 0x1813f 0x0 0x0 0x0 0x0 0x0 0x6d0005 0x0 0x0 0x1ece982dac8 0x18143 0x0 0x0 0x720005 0x18143 0x0 0x0 0x0 0x0 0x0 0x770005 0x36c9 0x0 0x1ece631db40 0x11010 0x1ece631dbf0 0x3a72 0x7a0007 0x7138 0x38 0x1100f 0x7d0003 0x11010 0x30 0x830003 0x77d1 0xfffffffffffffd20 0x880005 0x14087 0x0 0x0 0x0 0x0 0x0 0x8f0007 0x14087 0x110 0x0 0x9b0005 0x0 0x0 0x0 0x0 0x0 0x0 0xa00005 0x0 0x0 0x0 0x0 0x0 0x0 0xa40005 0x0 0x0 0x0 0x0 0x0 0x0 0xa70007 0x0 0x38 0x0 0xaa0003 0x0 0x28 0xb10002 0x0 0xb70005 0x59c 0x0 0x1ece631db40 0x1100f 0x1ece631dca0 0x2ae1 0xba0007 0xf25c 0x90 0x4e2e 0xc30005 0x0 0x0 0x1ece982d8b8 0x4e2e 0x0 0x0 0xcc0005 0x0 0x0 0x1eceb6e5198 0x4e2e 0x0 0x0 0x0 0x0 0x0 0x0 0x0 0x0 0x9 0x2 0x0 0x0 oops 17 3 com/android/tools/r8/internal/Y5 10 com/android/tools/r8/internal/Y5 17 java/util/ArrayList 28 java/util/ArrayList 35 com/android/tools/r8/internal/Y5 42 com/android/tools/r8/internal/Y5 56 java/util/BitSet 67 java/util/ArrayList 74 com/android/tools/r8/internal/zx0 76 com/android/tools/r8/internal/V60 88 com/android/tools/r8/internal/V60 102 com/android/tools/r8/internal/Aw0 104 com/android/tools/r8/internal/Cn0 160 com/android/tools/r8/internal/Aw0 162 com/android/tools/r8/internal/Oj 171 com/android/tools/r8/internal/bz0 178 java/util/IdentityHashMap methods 0
ciMethodData com/android/tools/r8/internal/V6 <init> (Z)V 2 15794 orig 80 0 0 0 0 0 0 0 0 0 0 0 0 0 0 0 0 0 0 0 0 0 0 0 0 0 0 0 0 0 0 0 0 0 0 0 0 0 0 0 0 0 0 0 0 0 0 0 0 0 0 0 0 0 0 0 0 0 0 0 0 0 0 0 0 0 0 0 0 0 0 0 0 0 0 0 0 0 0 0 0 data 19 0x30002 0x3de0 0xb0005 0x0 0x0 0x1ece6944c88 0x3de5 0x0 0x0 0x0 0x0 0x0 0x0 0x0 0x0 0x9 0x2 0x0 0x0 oops 1 5 com/android/tools/r8/internal/V6 methods 0
ciMethodData  @bci com/android/tools/r8/internal/lo0 a ()Z 39 <appendix> member <vmtarget> ; <init> (Lcom/android/tools/r8/internal/lo0;)V 2 15140 orig 80 0 0 0 0 0 0 0 0 0 0 0 0 0 0 0 0 0 0 0 0 0 0 0 0 0 0 0 0 0 0 0 0 0 0 0 0 0 0 0 0 0 0 0 0 0 0 0 0 0 0 0 0 0 0 0 0 0 0 0 0 0 0 0 0 0 0 0 0 0 0 0 0 0 0 0 0 0 0 0 0 data 10 0x10002 0x3b28 0x0 0x0 0x0 0x0 0x9 0x2 0x6 0x0 oops 0 methods 0
ciMethodData  @bci com/android/tools/r8/internal/lo0 a ()Z 66 <appendix> member <vmtarget> ; <init> (Lcom/android/tools/r8/internal/lo0;Ljava/util/List;Lcom/android/tools/r8/ir/optimize/a;Lcom/android/tools/r8/internal/V6;)V 2 15104 orig 80 0 0 0 0 0 0 0 0 0 0 0 0 0 0 0 0 0 0 0 0 0 0 0 0 0 0 0 0 0 0 0 0 0 0 0 0 0 0 0 0 0 0 0 0 0 0 0 0 0 0 0 0 0 0 0 0 0 0 0 0 0 0 0 0 0 0 0 0 0 0 0 0 0 0 0 0 0 0 0 0 data 13 0x10002 0x3b1b 0x0 0x0 0x0 0x0 0x9 0x5 0xe 0x0 0x0 0x0 0x0 oops 0 methods 0
ciMethodData java/util/ArrayList$ArrayListSpliterator getFence ()I 1 86 orig 80 0 0 0 0 0 0 0 0 0 0 0 0 0 0 0 0 0 0 0 0 0 0 0 0 0 0 0 0 0 0 0 0 0 0 0 0 0 0 0 0 0 0 0 0 0 0 0 0 0 0 0 0 0 0 0 0 0 0 0 0 0 0 0 0 0 0 0 0 0 0 0 0 0 0 0 0 0 0 0 0 data 11 0x60007 0x0 0x20 0x56 0x0 0x0 0x0 0x0 0x9 0x1 0xc oops 0 methods 0
ciMethodData java/util/ArrayList$ArrayListSpliterator forEachRemaining (Ljava/util/function/Consumer;)V 1 0 orig 80 0 0 0 0 0 0 0 0 0 0 0 0 0 0 0 0 0 0 0 0 0 0 0 0 0 0 0 0 0 0 0 0 0 0 0 0 0 0 0 0 0 0 0 0 0 0 0 0 0 0 0 0 0 0 0 0 0 0 0 0 0 0 0 0 0 0 0 0 0 0 0 0 0 0 0 0 0 0 0 0 data 57 0x10007 0x0 0x30 0x0 0x80002 0x0 0x160007 0x0 0x128 0x0 0x1f0007 0x0 0x38 0x0 0x330003 0x0 0x18 0x420007 0x0 0xd0 0x0 0x4e0007 0x0 0xb0 0x0 0x530007 0x0 0x70 0x0 0x5f0005 0x0 0x0 0x0 0x0 0x0 0x0 0x670003 0x0 0xffffffffffffffa8 0x730007 0x0 0x20 0x0 0x7b0002 0x0 0x0 0x0 0x0 0x0 0x0 0x0 0x0 0x0 0x9 0x2 0x0 0x0 oops 0 methods 0
ciMethodData java/util/ArrayList$ArrayListSpliterator estimateSize ()J 1 86 orig 80 0 0 0 0 0 0 0 0 0 0 0 0 0 0 0 0 0 0 0 0 0 0 0 0 0 0 0 0 0 0 0 0 0 0 0 0 0 0 0 0 0 0 0 0 0 0 0 0 0 0 0 0 0 0 0 0 0 0 0 0 0 0 0 0 0 0 0 0 0 0 0 0 0 0 0 0 0 0 0 0 data 16 0x10005 0x56 0x0 0x0 0x0 0x0 0x0 0x0 0x0 0x0 0x0 0x0 0x0 0x9 0x1 0x0 oops 0 methods 0
compile com/android/tools/r8/internal/mo0 b (Lcom/android/tools/r8/internal/sB;)Lcom/android/tools/r8/internal/De; -1 4 inline 251 0 -1 0 com/android/tools/r8/internal/mo0 b (Lcom/android/tools/r8/internal/sB;)Lcom/android/tools/r8/internal/De; 1 8 0 com/android/tools/r8/internal/lo0 <init> (Lcom/android/tools/r8/internal/mo0;Lcom/android/tools/r8/internal/sB;)V 2 14 0 java/lang/Object <init> ()V 2 21 0 java/util/IdentityHashMap <init> ()V 3 1 0 java/util/AbstractMap <init> ()V 4 1 0 java/lang/Object <init> ()V 3 7 0 java/util/IdentityHashMap init (I)V 2 32 0 com/android/tools/r8/internal/bz0 <init> (I)V 3 16 0 com/android/tools/r8/internal/Em0 c ()Ljava/util/Set; 4 0 0 com/android/tools/r8/internal/Gl0 a ()Ljava/util/Set; 5 4 0 java/util/IdentityHashMap <init> ()V 6 1 0 java/util/AbstractMap <init> ()V 7 1 0 java/lang/Object <init> ()V 6 7 0 java/util/IdentityHashMap init (I)V 5 7 0 java/util/Collections newSetFromMap (Ljava/util/Map;)Ljava/util/Set; 6 1 0 java/util/IdentityHashMap isEmpty ()Z 6 25 0 java/util/Collections$SetFromMap <init> (Ljava/util/Map;)V 7 1 0 java/util/AbstractSet <init> ()V 8 1 0 java/util/AbstractCollection <init> ()V 9 1 0 java/lang/Object <init> ()V 7 11 0 java/util/IdentityHashMap keySet ()Ljava/util/Set; 8 14 0 java/util/IdentityHashMap$KeySet <init> (Ljava/util/IdentityHashMap;)V 9 6 0 java/util/AbstractSet <init> ()V 10 1 0 java/util/AbstractCollection <init> ()V 11 1 0 java/lang/Object <init> ()V 3 22 0 com/android/tools/r8/internal/bz0 <init> (Ljava/util/Set;)V 4 3 0 java/lang/Object <init> ()V 4 11 0 java/util/ArrayDeque <init> ()V 5 1 0 java/util/AbstractCollection <init> ()V 6 1 0 java/lang/Object <init> ()V 2 43 0 com/android/tools/r8/internal/bz0 <init> (I)V 3 16 0 com/android/tools/r8/internal/Em0 c ()Ljava/util/Set; 4 0 0 com/android/tools/r8/internal/Gl0 a ()Ljava/util/Set; 5 4 0 java/util/IdentityHashMap <init> ()V 6 1 0 java/util/AbstractMap <init> ()V 7 1 0 java/lang/Object <init> ()V 6 7 0 java/util/IdentityHashMap init (I)V 5 7 0 java/util/Collections newSetFromMap (Ljava/util/Map;)Ljava/util/Set; 6 1 0 java/util/IdentityHashMap isEmpty ()Z 6 25 0 java/util/Collections$SetFromMap <init> (Ljava/util/Map;)V 7 1 0 java/util/AbstractSet <init> ()V 8 1 0 java/util/AbstractCollection <init> ()V 9 1 0 java/lang/Object <init> ()V 7 11 0 java/util/IdentityHashMap keySet ()Ljava/util/Set; 8 14 0 java/util/IdentityHashMap$KeySet <init> (Ljava/util/IdentityHashMap;)V 9 6 0 java/util/AbstractSet <init> ()V 10 1 0 java/util/AbstractCollection <init> ()V 11 1 0 java/lang/Object <init> ()V 3 22 0 com/android/tools/r8/internal/bz0 <init> (Ljava/util/Set;)V 4 3 0 java/lang/Object <init> ()V 4 11 0 java/util/ArrayDeque <init> ()V 5 1 0 java/util/AbstractCollection <init> ()V 6 1 0 java/lang/Object <init> ()V 2 53 0 java/util/IdentityHashMap <init> ()V 3 1 0 java/util/AbstractMap <init> ()V 4 1 0 java/lang/Object <init> ()V 3 7 0 java/util/IdentityHashMap init (I)V 2 63 0 java/util/IdentityHashMap <init> ()V 3 1 0 java/util/AbstractMap <init> ()V 4 1 0 java/lang/Object <init> ()V 3 7 0 java/util/IdentityHashMap init (I)V 2 75 0 com/android/tools/r8/internal/o20 b ()I 2 93 0 java/util/BitSet <init> (I)V 3 1 0 java/lang/Object <init> ()V 3 47 0 java/util/BitSet initWords (I)V 4 4 0 java/util/BitSet wordIndex (I)I 1 14 0 com/android/tools/r8/internal/sB l ()Lcom/android/tools/r8/internal/Y5; 2 4 0 java/util/LinkedList getFirst ()Ljava/lang/Object; 1 19 0 com/android/tools/r8/internal/Y5 k ()Lcom/android/tools/r8/internal/PE; 1 22 0 com/android/tools/r8/internal/PE c ()Lcom/android/tools/r8/internal/a6; 2 9 0 com/android/tools/r8/internal/a6 <init> (Lcom/android/tools/r8/internal/Y5;I)V 3 5 0 com/android/tools/r8/internal/PE size ()I 3 17 0 com/android/tools/r8/internal/Y5 k ()Lcom/android/tools/r8/internal/PE; 3 21 0 com/android/tools/r8/internal/PE j (I)Lcom/android/tools/r8/internal/ME; 3 28 0 com/android/tools/r8/internal/a6 <init> (Lcom/android/tools/r8/internal/Y5;Lcom/android/tools/r8/internal/ME;)V 4 6 0 java/lang/Object <init> ()V 4 12 0 com/android/tools/r8/internal/Y5 k ()Lcom/android/tools/r8/internal/PE; 4 27 0 com/android/tools/r8/internal/ME c1 ()Lcom/android/tools/r8/internal/ME; 1 27 0 com/android/tools/r8/internal/a6 hasNext ()Z 1 37 0 com/android/tools/r8/internal/a6 next ()Ljava/lang/Object; 2 1 0 com/android/tools/r8/internal/a6 a ()Lcom/android/tools/r8/internal/ME; 1 56 0 com/android/tools/r8/internal/Y5 p ()I 1 59 0 java/util/BitSet set (I)V 2 32 0 java/util/BitSet wordIndex (I)I 2 38 0 java/util/BitSet expandTo (I)V 2 54 0 java/util/BitSet checkInvariants ()V 1 66 0 com/android/tools/r8/internal/bz0 b ()Z 2 4 0 java/util/ArrayDeque isEmpty ()Z 1 76 0 com/android/tools/r8/internal/bz0 b ()Z 2 4 0 java/util/ArrayDeque isEmpty ()Z 1 86 0 com/android/tools/r8/internal/lo0 a ()Z 2 5 0 com/android/tools/r8/ir/optimize/a <init> ()V 3 2 0 com/android/tools/r8/internal/Em0 c ()Ljava/util/Set; 4 0 0 com/android/tools/r8/internal/Gl0 a ()Ljava/util/Set; 5 4 0 java/util/IdentityHashMap <init> ()V 6 1 0 java/util/AbstractMap <init> ()V 7 1 0 java/lang/Object <init> ()V 6 7 0 java/util/IdentityHashMap init (I)V 5 7 0 java/util/Collections newSetFromMap (Ljava/util/Map;)Ljava/util/Set; 6 1 0 java/util/IdentityHashMap isEmpty ()Z 6 25 0 java/util/Collections$SetFromMap <init> (Ljava/util/Map;)V 7 1 0 java/util/AbstractSet <init> ()V 8 1 0 java/util/AbstractCollection <init> ()V 9 1 0 java/lang/Object <init> ()V 7 11 0 java/util/IdentityHashMap keySet ()Ljava/util/Set; 8 14 0 java/util/IdentityHashMap$KeySet <init> (Ljava/util/IdentityHashMap;)V 9 6 0 java/util/AbstractSet <init> ()V 10 1 0 java/util/AbstractCollection <init> ()V 11 1 0 java/lang/Object <init> ()V 3 6 0 java/lang/Object <init> ()V 2 15 0 java/util/ArrayList <init> ()V 3 1 0 java/util/AbstractList <init> ()V 4 1 0 java/util/AbstractCollection <init> ()V 5 1 0 java/lang/Object <init> ()V 2 24 0 com/android/tools/r8/internal/V6 <init> (Z)V 3 3 0 java/lang/Object <init> ()V 3 11 0 com/android/tools/r8/internal/V6 c (Z)V 2 30 0 java/util/IdentityHashMap entrySet ()Ljava/util/Set; 3 17 0 java/util/IdentityHashMap$EntrySet <init> (Ljava/util/IdentityHashMap;)V 4 6 0 java/util/AbstractSet <init> ()V 5 1 0 java/util/AbstractCollection <init> ()V 6 1 0 java/lang/Object <init> ()V 2 33 0 java/util/Collection stream ()Ljava/util/stream/Stream; 3 1 0 java/util/IdentityHashMap$EntrySet spliterator ()Ljava/util/Spliterator; 4 12 0 java/util/IdentityHashMap$EntrySpliterator <init> (Ljava/util/IdentityHashMap;IIII)V 5 8 0 java/util/IdentityHashMap$IdentityHashMapSpliterator <init> (Ljava/util/IdentityHashMap;IIII)V 6 1 0 java/lang/Object <init> ()V 3 7 0 java/util/stream/StreamSupport stream (Ljava/util/Spliterator;Z)Ljava/util/stream/Stream; 4 1 0 java/util/Objects requireNonNull (Ljava/lang/Object;)Ljava/lang/Object; 4 11 0 java/util/stream/StreamOpFlag fromCharacteristics (Ljava/util/Spliterator;)I 5 1 0 java/util/IdentityHashMap$EntrySpliterator characteristics ()I 4 15 0 java/util/stream/ReferencePipeline$Head <init> (Ljava/util/Spliterator;IZ)V 5 4 0 java/util/stream/ReferencePipeline <init> (Ljava/util/Spliterator;IZ)V 6 4 0 java/util/stream/AbstractPipeline <init> (Ljava/util/Spliterator;IZ)V 7 1 0 java/util/stream/PipelineHelper <init> ()V 8 1 0 java/lang/Object <init> ()V 2 39 0 java/lang/invoke/Invokers$Holder linkToTargetMethod (Ljava/lang/Object;Ljava/lang/Object;)Ljava/lang/Object; 3 5 0 java/lang/invoke/DirectMethodHandle$Holder newInvokeSpecial (Ljava/lang/Object;Ljava/lang/Object;)Ljava/lang/Object; 4 1 0 java/lang/invoke/DirectMethodHandle allocateInstance (Ljava/lang/Object;)Ljava/lang/Object; 4 6 0 java/lang/invoke/DirectMethodHandle constructorMethod (Ljava/lang/Object;)Ljava/lang/Object; 4 16 0  @bci com/android/tools/r8/internal/lo0 a ()Z 39 <appendix> member <vmtarget> ; <init> (Lcom/android/tools/r8/internal/lo0;)V 5 1 0 java/lang/Object <init> ()V 2 44 0 java/util/stream/ReferencePipeline filter (Ljava/util/function/Predicate;)Ljava/util/stream/Stream; 3 1 0 java/util/Objects requireNonNull (Ljava/lang/Object;)Ljava/lang/Object; 3 18 0 java/util/stream/ReferencePipeline$2 <init> (Ljava/util/stream/ReferencePipeline;Ljava/util/stream/AbstractPipeline;Ljava/util/stream/StreamShape;ILjava/util/function/Predicate;)V 4 11 0 java/util/stream/ReferencePipeline$StatelessOp <init> (Ljava/util/stream/AbstractPipeline;Ljava/util/stream/StreamShape;I)V 5 3 0 java/util/stream/ReferencePipeline <init> (Ljava/util/stream/AbstractPipeline;I)V 6 3 0 java/util/stream/AbstractPipeline <init> (Ljava/util/stream/AbstractPipeline;I)V 7 1 0 java/util/stream/PipelineHelper <init> ()V 8 1 0 java/lang/Object <init> ()V 7 51 0 java/util/stream/StreamOpFlag combineOpFlags (II)I 8 2 0 java/util/stream/StreamOpFlag getMask (I)I 7 66 0 java/util/stream/ReferencePipeline$StatelessOp opIsStateful ()Z 2 49 0 java/lang/invoke/Invokers$Holder linkToTargetMethod (Ljava/lang/Object;)Ljava/lang/Object; 3 4 0  @bci com/android/tools/r8/synthesis/M a (Lcom/android/tools/r8/graph/V;)Lcom/android/tools/r8/graph/j1; 207 <appendix> form vmentry <vmtarget> ; invoke (Ljava/lang/Object;)Ljava/lang/Object; 2 54 0 java/util/Comparator comparingInt (Ljava/util/function/ToIntFunction;)Ljava/util/Comparator; 3 1 0 java/util/Objects requireNonNull (Ljava/lang/Object;)Ljava/lang/Object; 3 6 0 java/lang/invoke/Invokers$Holder linkToTargetMethod (Ljava/lang/Object;Ljava/lang/Object;)Ljava/lang/Object; 4 5 0 java/lang/invoke/DirectMethodHandle$Holder newInvokeSpecial (Ljava/lang/Object;Ljava/lang/Object;)Ljava/lang/Object; 5 1 0 java/lang/invoke/DirectMethodHandle allocateInstance (Ljava/lang/Object;)Ljava/lang/Object; 5 6 0 java/lang/invoke/DirectMethodHandle constructorMethod (Ljava/lang/Object;)Ljava/lang/Object; 5 16 0  @bci java/util/Comparator comparingInt (Ljava/util/function/ToIntFunction;)Ljava/util/Comparator; 6 <appendix> member <vmtarget> ; <init> (Ljava/util/function/ToIntFunction;)V 6 1 0 java/lang/Object <init> ()V 2 57 0 java/util/stream/ReferencePipeline sorted (Ljava/util/Comparator;)Ljava/util/stream/Stream; 3 2 0 java/util/stream/SortedOps makeRef (Ljava/util/stream/AbstractPipeline;Ljava/util/Comparator;)Ljava/util/stream/Stream; 4 6 0 java/util/stream/SortedOps$OfRef <init> (Ljava/util/stream/AbstractPipeline;Ljava/util/Comparator;)V 5 12 0 java/util/stream/ReferencePipeline$StatefulOp <init> (Ljava/util/stream/AbstractPipeline;Ljava/util/stream/StreamShape;I)V 6 3 0 java/util/stream/ReferencePipeline <init> (Ljava/util/stream/AbstractPipeline;I)V 7 3 0 java/util/stream/AbstractPipeline <init> (Ljava/util/stream/AbstractPipeline;I)V 8 1 0 java/util/stream/PipelineHelper <init> ()V 9 1 0 java/lang/Object <init> ()V 8 51 0 java/util/stream/StreamOpFlag combineOpFlags (II)I 9 2 0 java/util/stream/StreamOpFlag getMask (I)I 8 66 0 java/util/stream/ReferencePipeline$StatefulOp opIsStateful ()Z 5 22 0 java/util/Objects requireNonNull (Ljava/lang/Object;)Ljava/lang/Object; 2 66 0 java/lang/invoke/Invokers$Holder linkToTargetMethod (Ljava/lang/Object;Ljava/lang/Object;Ljava/lang/Object;Ljava/lang/Object;Ljava/lang/Object;)Ljava/lang/Object; 3 9 0  @bci com/android/tools/r8/internal/po0 a (Ljava/util/Set;Ljava/util/Set;Ljava/util/Set;)V 5 <appendix> form vmentry <vmtarget> ; newInvokeSpecial (Ljava/lang/Object;Ljava/lang/Object;Ljava/lang/Object;Ljava/lang/Object;Ljava/lang/Object;)Ljava/lang/Object; 4 1 0 java/lang/invoke/DirectMethodHandle allocateInstance (Ljava/lang/Object;)Ljava/lang/Object; 4 7 0 java/lang/invoke/DirectMethodHandle constructorMethod (Ljava/lang/Object;)Ljava/lang/Object; 4 24 0  @bci com/android/tools/r8/internal/lo0 a ()Z 66 <appendix> member <vmtarget> ; <init> (Lcom/android/tools/r8/internal/lo0;Ljava/util/List;Lcom/android/tools/r8/ir/optimize/a;Lcom/android/tools/r8/internal/V6;)V 5 1 0 java/lang/Object <init> ()V 2 71 0 java/util/stream/ReferencePipeline forEach (Ljava/util/function/Consumer;)V 3 3 0 java/util/stream/ForEachOps makeRef (Ljava/util/function/Consumer;Z)Ljava/util/stream/TerminalOp; 4 1 0 java/util/Objects requireNonNull (Ljava/lang/Object;)Ljava/lang/Object; 4 11 0 java/util/stream/ForEachOps$ForEachOp$OfRef <init> (Ljava/util/function/Consumer;Z)V 5 2 0 java/util/stream/ForEachOps$ForEachOp <init> (Z)V 6 1 0 java/lang/Object <init> ()V 3 6 0 java/util/stream/AbstractPipeline evaluate (Ljava/util/stream/TerminalOp;)Ljava/lang/Object; 4 50 0 java/util/stream/AbstractPipeline isParallel ()Z 4 80 0 java/util/stream/ForEachOps$ForEachOp getOpFlags ()I 4 85 0 java/util/stream/AbstractPipeline sourceSpliterator (I)Ljava/util/Spliterator; 5 79 0 java/util/stream/AbstractPipeline isParallel ()Z 5 257 0 java/util/stream/StreamOpFlag combineOpFlags (II)I 6 2 0 java/util/stream/StreamOpFlag getMask (I)I 4 88 0 java/util/stream/ForEachOps$ForEachOp$OfRef evaluateSequential (Ljava/util/stream/PipelineHelper;Ljava/util/Spliterator;)Ljava/lang/Object; 5 3 0 java/util/stream/ForEachOps$ForEachOp evaluateSequential (Ljava/util/stream/PipelineHelper;Ljava/util/Spliterator;)Ljava/lang/Void; 6 3 0 java/util/stream/AbstractPipeline wrapAndCopyInto (Ljava/util/stream/Sink;Ljava/util/Spliterator;)Ljava/util/stream/Sink; 7 3 0 java/util/Objects requireNonNull (Ljava/lang/Object;)Ljava/lang/Object; 7 9 0 java/util/stream/AbstractPipeline wrapSink (Ljava/util/stream/Sink;)Ljava/util/stream/Sink; 8 1 0 java/util/Objects requireNonNull (Ljava/lang/Object;)Ljava/lang/Object; 7 13 0 java/util/stream/AbstractPipeline copyInto (Ljava/util/stream/Sink;Ljava/util/Spliterator;)V 8 1 0 java/util/Objects requireNonNull (Ljava/lang/Object;)Ljava/lang/Object; 8 9 0 java/util/stream/AbstractPipeline getStreamAndOpFlags ()I 8 12 0 java/util/stream/StreamOpFlag isKnown (I)Z 8 20 0 java/util/Spliterator getExactSizeIfKnown ()J 9 1 0 java/util/ArrayList$ArrayListSpliterator characteristics ()I 9 19 0 java/util/ArrayList$ArrayListSpliterator estimateSize ()J 9 1 0 java/util/IdentityHashMap$EntrySpliterator characteristics ()I 9 19 0 java/util/IdentityHashMap$IdentityHashMapSpliterator estimateSize ()J 10 1 0 java/util/IdentityHashMap$IdentityHashMapSpliterator getFence ()I 8 25 0 java/util/stream/ReferencePipeline$2$1 begin (J)V 8 32 0 java/util/ArrayList$ArrayListSpliterator forEachRemaining (Ljava/util/function/Consumer;)V 8 38 0 java/util/stream/Sink$ChainedReference end ()V 6 9 0 java/util/stream/ForEachOps$ForEachOp get ()Ljava/lang/Void; 2 76 0 java/util/ArrayList iterator ()Ljava/util/Iterator; 3 5 0 java/util/ArrayList$Itr <init> (Ljava/util/ArrayList;)V 4 6 0 java/lang/Object <init> ()V 2 81 0 java/util/ArrayList$Itr hasNext ()Z 2 120 0 com/android/tools/r8/internal/hi b ()Ljava/util/function/Consumer; 3 0 0 java/lang/invoke/Invokers$Holder linkToTargetMethod (Ljava/lang/Object;)Ljava/lang/Object; 4 4 0  @bci com/android/tools/r8/synthesis/M a (Lcom/android/tools/r8/graph/V;)Lcom/android/tools/r8/graph/j1; 207 <appendix> form vmentry <vmtarget> ; invoke (Ljava/lang/Object;)Ljava/lang/Object; 2 128 0 com/android/tools/r8/internal/V6 a ()Z 1 104 0 com/android/tools/r8/internal/bz0 b ()Z 2 4 0 java/util/ArrayDeque isEmpty ()Z 1 116 0 com/android/tools/r8/internal/bz0 c ()Ljava/lang/Object; 2 4 0 java/util/ArrayDeque removeFirst ()Ljava/lang/Object; 3 1 0 java/util/ArrayDeque pollFirst ()Ljava/lang/Object; 4 12 0 java/util/ArrayDeque elementAt ([Ljava/lang/Object;I)Ljava/lang/Object; 4 28 0 java/util/ArrayDeque inc (II)I 1 136 0 com/android/tools/r8/internal/Y5 r ()Ljava/util/List; 1 139 0 java/util/ArrayList iterator ()Ljava/util/Iterator; 2 5 0 java/util/ArrayList$Itr <init> (Ljava/util/ArrayList;)V 3 6 0 java/lang/Object <init> ()V 1 146 0 java/util/ArrayList$Itr hasNext ()Z 1 156 0 java/util/ArrayList$Itr next ()Ljava/lang/Object; 2 1 0 java/util/ArrayList$Itr checkForComodification ()V 1 175 0 com/android/tools/r8/internal/Y5 p ()I 1 178 0 java/util/BitSet get (I)Z 2 32 0 java/util/BitSet checkInvariants ()V 2 36 0 java/util/BitSet wordIndex (I)I 1 185 0 com/android/tools/r8/internal/Y5 k ()Lcom/android/tools/r8/internal/PE; 1 188 0 com/android/tools/r8/internal/PE c ()Lcom/android/tools/r8/internal/a6; 2 9 0 com/android/tools/r8/internal/a6 <init> (Lcom/android/tools/r8/internal/Y5;I)V 3 5 0 com/android/tools/r8/internal/PE size ()I 3 17 0 com/android/tools/r8/internal/Y5 k ()Lcom/android/tools/r8/internal/PE; 3 21 0 com/android/tools/r8/internal/PE j (I)Lcom/android/tools/r8/internal/ME; 3 28 0 com/android/tools/r8/internal/a6 <init> (Lcom/android/tools/r8/internal/Y5;Lcom/android/tools/r8/internal/ME;)V 4 6 0 java/lang/Object <init> ()V 4 12 0 com/android/tools/r8/internal/Y5 k ()Lcom/android/tools/r8/internal/PE; 4 27 0 com/android/tools/r8/internal/ME c1 ()Lcom/android/tools/r8/internal/ME; 1 203 0 com/android/tools/r8/internal/a6 next ()Ljava/lang/Object;
