version 2
JvmtiExport can_access_local_variables 0
JvmtiExport can_hotswap_or_post_breakpoint 0
JvmtiExport can_post_on_exceptions 0
# 464 ciObject found
instanceKlass com/android/tools/r8/dex/U
ciInstanceKlass java/lang/Cloneable 1 0 7 100 1 100 1 1 1
instanceKlass  @bci com/android/tools/r8/graph/O0$d a (Lcom/android/tools/r8/internal/Jr0;)V 25 <appendix> argL0 ; # com/android/tools/r8/graph/O0$d$$Lambda+0x0000021b573ee970
instanceKlass  @bci com/android/tools/r8/graph/O0$d a (Lcom/android/tools/r8/internal/Jr0;)V 17 <appendix> argL0 ; # com/android/tools/r8/graph/O0$d$$Lambda+0x0000021b573ee730
instanceKlass  @bci com/android/tools/r8/graph/O0$d a (Lcom/android/tools/r8/internal/Jr0;)V 9 <appendix> argL0 ; # com/android/tools/r8/graph/O0$d$$Lambda+0x0000021b573ee4f0
instanceKlass  @bci com/android/tools/r8/graph/O0$d a (Lcom/android/tools/r8/internal/Jr0;)V 1 <appendix> argL0 ; # com/android/tools/r8/graph/O0$d$$Lambda+0x0000021b573ee2d0
instanceKlass  @bci com/android/tools/r8/graph/O0$d b (Lcom/android/tools/r8/graph/O0;Lcom/android/tools/r8/internal/xf;)I 6 <appendix> argL0 ; # com/android/tools/r8/graph/O0$d$$Lambda+0x0000021b573ee0b0
instanceKlass  @bci com/android/tools/r8/graph/W0$a a (Lcom/android/tools/r8/internal/Jr0;)V 17 <appendix> argL0 ; # com/android/tools/r8/graph/W0$a$$Lambda+0x0000021b573ede70
instanceKlass  @bci com/android/tools/r8/internal/Jr0 g (Ljava/util/function/Function;)Lcom/android/tools/r8/internal/Jr0; 17 <appendix> argL0 ; # com/android/tools/r8/internal/Jr0$$Lambda+0x0000021b573edc50
instanceKlass  @bci com/android/tools/r8/internal/Jr0 g (Ljava/util/function/Function;)Lcom/android/tools/r8/internal/Jr0; 12 <appendix> argL0 ; # com/android/tools/r8/internal/Jr0$$Lambda+0x0000021b573eda30
instanceKlass  @bci com/android/tools/r8/internal/Jr0 g (Ljava/util/function/Function;)Lcom/android/tools/r8/internal/Jr0; 2 <appendix> argL0 ; # com/android/tools/r8/internal/Jr0$$Lambda+0x0000021b573ed7f0
instanceKlass  @bci com/android/tools/r8/graph/W0$a a (Lcom/android/tools/r8/internal/Jr0;)V 9 <appendix> argL0 ; # com/android/tools/r8/graph/W0$a$$Lambda+0x0000021b573ed5b0
instanceKlass  @bci com/android/tools/r8/graph/W0$a a (Lcom/android/tools/r8/internal/Jr0;)V 1 <appendix> argL0 ; # com/android/tools/r8/graph/W0$a$$Lambda+0x0000021b573ed390
instanceKlass  @bci com/android/tools/r8/graph/W0$a a (Lcom/android/tools/r8/graph/W0;Lcom/android/tools/r8/internal/xf;)I 30 <appendix> argL0 ; # com/android/tools/r8/graph/W0$a$$Lambda+0x0000021b573ed170
instanceKlass  @bci com/android/tools/r8/dex/k a (Lcom/android/tools/r8/graph/z5;Lcom/android/tools/r8/ByteBufferProvider;Lcom/android/tools/r8/dex/t0;Lcom/android/tools/r8/internal/at0;)Lcom/android/tools/r8/dex/F; 40 <appendix> member <vmtarget> ; # com/android/tools/r8/dex/k$$Lambda+0x0000021b573ecf48
instanceKlass com/android/tools/r8/dex/s
instanceKlass com/android/tools/r8/dex/y
instanceKlass com/android/tools/r8/graph/F5
instanceKlass com/android/tools/r8/dex/L
instanceKlass  @bci com/android/tools/r8/dex/k a (Ljava/util/concurrent/ExecutorService;Ljava/util/List;Ljava/util/ArrayList;Lcom/android/tools/r8/internal/at0;)V 17 <appendix> member <vmtarget> ; # com/android/tools/r8/dex/k$$Lambda+0x0000021b573eb158
instanceKlass  @bci com/android/tools/r8/dex/U a (Lcom/android/tools/r8/internal/Up;Lcom/android/tools/r8/internal/Up;)V 214 <appendix> member <vmtarget> ; # com/android/tools/r8/dex/U$$Lambda+0x0000021b573eaef8
instanceKlass com/android/tools/r8/dex/T
instanceKlass  @bci com/android/tools/r8/dex/U a (Lcom/android/tools/r8/internal/Up;Lcom/android/tools/r8/internal/Up;)V 33 <appendix> member <vmtarget> ; # com/android/tools/r8/dex/U$$Lambda+0x0000021b573eaa88
instanceKlass java/util/function/UnaryOperator
instanceKlass  @bci com/android/tools/r8/graph/J0 a (Lcom/android/tools/r8/graph/K5;Lcom/android/tools/r8/graph/z5;Lcom/android/tools/r8/graph/y;Z)Lcom/android/tools/r8/graph/f3; 215 <appendix> member <vmtarget> ; # com/android/tools/r8/graph/J0$$Lambda+0x0000021b573ea860
instanceKlass com/android/tools/r8/dex/U
instanceKlass  @bci com/android/tools/r8/dex/k a (Lcom/android/tools/r8/graph/z5;Ljava/util/Collection;)V 57 <appendix> member <vmtarget> ; # com/android/tools/r8/dex/k$$Lambda+0x0000021b573ea410
instanceKlass  @bci com/android/tools/r8/dex/k a (Lcom/android/tools/r8/graph/z5;Ljava/util/Collection;)V 51 <appendix> argL0 ; # com/android/tools/r8/dex/k$$Lambda+0x0000021b573ea1c0
instanceKlass com/android/tools/r8/internal/tj
instanceKlass  @bci com/android/tools/r8/graph/z5 <init> (Lcom/android/tools/r8/graph/y;Lcom/android/tools/r8/graph/z5;Lcom/android/tools/r8/internal/yS;Ljava/util/Set;Ljava/util/Map;Ljava/util/Collection;Ljava/util/Collection;Ljava/util/Collection;Ljava/util/Collection;Ljava/util/Collection;Ljava/util/Collection;ILcom/android/tools/r8/internal/kp0;Lcom/android/tools/r8/dex/t0;Lcom/android/tools/r8/internal/at0;)V 739 <appendix> member <vmtarget> ; # com/android/tools/r8/graph/z5$$Lambda+0x0000021b573e9d88
instanceKlass  @bci com/android/tools/r8/graph/z5 <init> (Lcom/android/tools/r8/graph/y;Lcom/android/tools/r8/graph/z5;Lcom/android/tools/r8/internal/yS;Ljava/util/Set;Ljava/util/Map;Ljava/util/Collection;Ljava/util/Collection;Ljava/util/Collection;Ljava/util/Collection;Ljava/util/Collection;Ljava/util/Collection;ILcom/android/tools/r8/internal/kp0;Lcom/android/tools/r8/dex/t0;Lcom/android/tools/r8/internal/at0;)V 733 <appendix> member <vmtarget> ; # com/android/tools/r8/graph/z5$$Lambda+0x0000021b573e9b60
instanceKlass  @bci com/android/tools/r8/graph/z5 <init> (Lcom/android/tools/r8/graph/y;Lcom/android/tools/r8/graph/z5;Lcom/android/tools/r8/internal/yS;Ljava/util/Set;Ljava/util/Map;Ljava/util/Collection;Ljava/util/Collection;Ljava/util/Collection;Ljava/util/Collection;Ljava/util/Collection;Ljava/util/Collection;ILcom/android/tools/r8/internal/kp0;Lcom/android/tools/r8/dex/t0;Lcom/android/tools/r8/internal/at0;)V 698 <appendix> member <vmtarget> ; # com/android/tools/r8/graph/z5$$Lambda+0x0000021b573e96b8
instanceKlass  @bci com/android/tools/r8/graph/z5 <init> (Lcom/android/tools/r8/graph/y;Lcom/android/tools/r8/graph/z5;Lcom/android/tools/r8/internal/yS;Ljava/util/Set;Ljava/util/Map;Ljava/util/Collection;Ljava/util/Collection;Ljava/util/Collection;Ljava/util/Collection;Ljava/util/Collection;Ljava/util/Collection;ILcom/android/tools/r8/internal/kp0;Lcom/android/tools/r8/dex/t0;Lcom/android/tools/r8/internal/at0;)V 669 <appendix> member <vmtarget> ; # com/android/tools/r8/graph/z5$$Lambda+0x0000021b573e9480
instanceKlass  @bci com/android/tools/r8/graph/z5 <init> (Lcom/android/tools/r8/graph/y;Lcom/android/tools/r8/graph/z5;Lcom/android/tools/r8/internal/yS;Ljava/util/Set;Ljava/util/Map;Ljava/util/Collection;Ljava/util/Collection;Ljava/util/Collection;Ljava/util/Collection;Ljava/util/Collection;Ljava/util/Collection;ILcom/android/tools/r8/internal/kp0;Lcom/android/tools/r8/dex/t0;Lcom/android/tools/r8/internal/at0;)V 640 <appendix> member <vmtarget> ; # com/android/tools/r8/graph/z5$$Lambda+0x0000021b573e9248
instanceKlass  @bci com/android/tools/r8/graph/z5 <init> (Lcom/android/tools/r8/graph/y;Lcom/android/tools/r8/graph/z5;Lcom/android/tools/r8/internal/yS;Ljava/util/Set;Ljava/util/Map;Ljava/util/Collection;Ljava/util/Collection;Ljava/util/Collection;Ljava/util/Collection;Ljava/util/Collection;Ljava/util/Collection;ILcom/android/tools/r8/internal/kp0;Lcom/android/tools/r8/dex/t0;Lcom/android/tools/r8/internal/at0;)V 611 <appendix> member <vmtarget> ; # com/android/tools/r8/graph/z5$$Lambda+0x0000021b573e9010
instanceKlass  @bci com/android/tools/r8/graph/z5 <init> (Lcom/android/tools/r8/graph/y;Lcom/android/tools/r8/graph/z5;Lcom/android/tools/r8/internal/yS;Ljava/util/Set;Ljava/util/Map;Ljava/util/Collection;Ljava/util/Collection;Ljava/util/Collection;Ljava/util/Collection;Ljava/util/Collection;Ljava/util/Collection;ILcom/android/tools/r8/internal/kp0;Lcom/android/tools/r8/dex/t0;Lcom/android/tools/r8/internal/at0;)V 582 <appendix> member <vmtarget> ; # com/android/tools/r8/graph/z5$$Lambda+0x0000021b573e8dd8
instanceKlass  @bci com/android/tools/r8/graph/E0 a (Lcom/android/tools/r8/graph/d1;Ljava/util/function/BiPredicate;Ljava/util/function/BiConsumer;)V 4 <appendix> member <vmtarget> ; # com/android/tools/r8/graph/E0$$Lambda+0x0000021b573e8ba0
instanceKlass  @bci com/android/tools/r8/graph/z5 a (Ljava/util/Set;Ljava/util/LinkedHashSet;Lcom/android/tools/r8/graph/H2;)V 27 <appendix> member <vmtarget> ; # com/android/tools/r8/graph/z5$$Lambda+0x0000021b573e8968
instanceKlass  @bci com/android/tools/r8/graph/z5 a (Ljava/util/Set;Ljava/util/LinkedHashSet;Lcom/android/tools/r8/graph/H2;)V 18 <appendix> member <vmtarget> ; # com/android/tools/r8/graph/z5$$Lambda+0x0000021b573e8710
instanceKlass  @bci com/android/tools/r8/graph/z5 a (Ljava/util/Set;Ljava/util/LinkedHashSet;Lcom/android/tools/r8/internal/Df;)V 85 <appendix> member <vmtarget> ; # com/android/tools/r8/graph/z5$$Lambda+0x0000021b573e84d8
instanceKlass  @bci com/android/tools/r8/graph/z5 a (Ljava/util/Set;Ljava/util/LinkedHashSet;Lcom/android/tools/r8/internal/Df;)V 76 <appendix> member <vmtarget> ; # com/android/tools/r8/graph/z5$$Lambda+0x0000021b573e8238
instanceKlass  @bci com/android/tools/r8/graph/z5 a (Ljava/util/Set;Ljava/util/LinkedHashSet;Lcom/android/tools/r8/internal/kp0;)V 4 <appendix> member <vmtarget> ; # com/android/tools/r8/graph/z5$$Lambda+0x0000021b573e8000
instanceKlass com/android/tools/r8/internal/sp0
instanceKlass com/android/tools/r8/internal/r1
instanceKlass  @bci com/android/tools/r8/graph/z5 <init> (Lcom/android/tools/r8/graph/y;Lcom/android/tools/r8/graph/z5;Lcom/android/tools/r8/internal/yS;Ljava/util/Set;Ljava/util/Map;Ljava/util/Collection;Ljava/util/Collection;Ljava/util/Collection;Ljava/util/Collection;Ljava/util/Collection;Ljava/util/Collection;ILcom/android/tools/r8/internal/kp0;Lcom/android/tools/r8/dex/t0;Lcom/android/tools/r8/internal/at0;)V 379 <appendix> member <vmtarget> ; # com/android/tools/r8/graph/z5$$Lambda+0x0000021b573e77a8
instanceKlass  @bci com/android/tools/r8/graph/z5 <init> (Lcom/android/tools/r8/graph/y;Lcom/android/tools/r8/graph/z5;Lcom/android/tools/r8/internal/yS;Ljava/util/Set;Ljava/util/Map;Ljava/util/Collection;Ljava/util/Collection;Ljava/util/Collection;Ljava/util/Collection;Ljava/util/Collection;Ljava/util/Collection;ILcom/android/tools/r8/internal/kp0;Lcom/android/tools/r8/dex/t0;Lcom/android/tools/r8/internal/at0;)V 373 <appendix> member <vmtarget> ; # com/android/tools/r8/graph/z5$$Lambda+0x0000021b573e7580
instanceKlass  @bci com/android/tools/r8/graph/z5 <init> (Lcom/android/tools/r8/graph/y;Lcom/android/tools/r8/graph/z5;Lcom/android/tools/r8/internal/yS;Ljava/util/Set;Ljava/util/Map;Ljava/util/Collection;Ljava/util/Collection;Ljava/util/Collection;Ljava/util/Collection;Ljava/util/Collection;Ljava/util/Collection;ILcom/android/tools/r8/internal/kp0;Lcom/android/tools/r8/dex/t0;Lcom/android/tools/r8/internal/at0;)V 341 <appendix> member <vmtarget> ; # com/android/tools/r8/graph/z5$$Lambda+0x0000021b573e7348
instanceKlass  @bci com/android/tools/r8/graph/z5 a (Lcom/android/tools/r8/internal/Bf;)Ljava/util/Comparator; 1 <appendix> member <vmtarget> ; # com/android/tools/r8/graph/z5$$Lambda+0x0000021b573e70a8
instanceKlass  @bci com/android/tools/r8/graph/z5 <init> (Lcom/android/tools/r8/graph/y;Lcom/android/tools/r8/graph/z5;Lcom/android/tools/r8/internal/yS;Ljava/util/Set;Ljava/util/Map;Ljava/util/Collection;Ljava/util/Collection;Ljava/util/Collection;Ljava/util/Collection;Ljava/util/Collection;Ljava/util/Collection;ILcom/android/tools/r8/internal/kp0;Lcom/android/tools/r8/dex/t0;Lcom/android/tools/r8/internal/at0;)V 318 <appendix> member <vmtarget> ; # com/android/tools/r8/graph/z5$$Lambda+0x0000021b573e6e80
instanceKlass com/android/tools/r8/internal/Qe0
instanceKlass com/android/tools/r8/internal/je0
instanceKlass  @bci com/android/tools/r8/graph/z5 <init> (Lcom/android/tools/r8/graph/y;Lcom/android/tools/r8/graph/z5;Lcom/android/tools/r8/internal/yS;Ljava/util/Set;Ljava/util/Map;Ljava/util/Collection;Ljava/util/Collection;Ljava/util/Collection;Ljava/util/Collection;Ljava/util/Collection;Ljava/util/Collection;ILcom/android/tools/r8/internal/kp0;Lcom/android/tools/r8/dex/t0;Lcom/android/tools/r8/internal/at0;)V 254 <appendix> member <vmtarget> ; # com/android/tools/r8/graph/z5$$Lambda+0x0000021b573e6848
instanceKlass  @bci com/android/tools/r8/graph/z5 <init> (Lcom/android/tools/r8/graph/y;Lcom/android/tools/r8/graph/z5;Lcom/android/tools/r8/internal/yS;Ljava/util/Set;Ljava/util/Map;Ljava/util/Collection;Ljava/util/Collection;Ljava/util/Collection;Ljava/util/Collection;Ljava/util/Collection;Ljava/util/Collection;ILcom/android/tools/r8/internal/kp0;Lcom/android/tools/r8/dex/t0;Lcom/android/tools/r8/internal/at0;)V 248 <appendix> argL0 ; # com/android/tools/r8/graph/z5$$Lambda+0x0000021b573e65b0
instanceKlass com/android/tools/r8/graph/z5
instanceKlass  @bci com/android/tools/r8/dex/k a (Ljava/util/concurrent/ExecutorService;Ljava/util/List;Ljava/util/ArrayList;)Ljava/util/ArrayList; 3 <appendix> member <vmtarget> ; # com/android/tools/r8/dex/k$$Lambda+0x0000021b573e5c98
instanceKlass  @bci com/android/tools/r8/graph/e1 l0 ()V 48 <appendix> argL0 ; # com/android/tools/r8/graph/e1$$Lambda+0x0000021b573e5a00
instanceKlass  @bci com/android/tools/r8/graph/q5 a (Lcom/android/tools/r8/graph/q5;Lcom/android/tools/r8/naming/q0;)I 12 <appendix> argL0 ; # com/android/tools/r8/graph/q5$$Lambda+0x0000021b573e57e0
instanceKlass  @bci com/android/tools/r8/graph/H2 b (Lcom/android/tools/r8/dex/X;)V 119 <appendix> member <vmtarget> ; # com/android/tools/r8/graph/H2$$Lambda+0x0000021b573e55a8
instanceKlass  @bci com/android/tools/r8/graph/n1 a (Lcom/android/tools/r8/dex/X;[Lcom/android/tools/r8/graph/n1;)V 2 <appendix> member <vmtarget> ; # com/android/tools/r8/graph/n1$$Lambda+0x0000021b573e5370
instanceKlass  @bci com/android/tools/r8/graph/u0 a (Lcom/android/tools/r8/naming/q0;)V 49 <appendix> member <vmtarget> ; # com/android/tools/r8/graph/u0$$Lambda+0x0000021b573e50d0
instanceKlass  @bci com/android/tools/r8/graph/H2 b (Lcom/android/tools/r8/dex/X;)V 98 <appendix> member <vmtarget> ; # com/android/tools/r8/graph/H2$$Lambda+0x0000021b573e4e98
instanceKlass  @bci com/android/tools/r8/dex/k a (Lcom/android/tools/r8/utils/i;Ljava/util/concurrent/ExecutorService;)V 484 <appendix> member <vmtarget> ; # com/android/tools/r8/dex/k$$Lambda+0x0000021b573e4c60
instanceKlass  @bci com/android/tools/r8/internal/a00 b (Lcom/android/tools/r8/internal/uw;)Lcom/android/tools/r8/internal/uw; 256 <appendix> member <vmtarget> ; # com/android/tools/r8/internal/a00$$Lambda+0x0000021b573e4a18
instanceKlass  @bci com/android/tools/r8/internal/a00 b (Lcom/android/tools/r8/internal/uw;)Lcom/android/tools/r8/internal/uw; 247 <appendix> member <vmtarget> ; # com/android/tools/r8/internal/a00$$Lambda+0x0000021b573e47d0
instanceKlass  @bci com/android/tools/r8/internal/G10 a (Lcom/android/tools/r8/graph/l1;Lcom/android/tools/r8/internal/Uz;Lcom/android/tools/r8/internal/Sz;)Lcom/android/tools/r8/internal/uw; 22 <appendix> member <vmtarget> ; # com/android/tools/r8/internal/G10$$Lambda+0x0000021b573e45a8
instanceKlass  @bci com/android/tools/r8/internal/Uz e (Lcom/android/tools/r8/internal/Uz;Lcom/android/tools/r8/graph/l1;)Lcom/android/tools/r8/internal/uw; 2 <appendix> argL0 ; # com/android/tools/r8/internal/Uz$$Lambda+0x0000021b573e4388
instanceKlass com/android/tools/r8/internal/Sz
instanceKlass  @bci com/android/tools/r8/dex/n0 a (Lcom/android/tools/r8/graph/l1;)Z 36 <appendix> member <vmtarget> ; # com/android/tools/r8/dex/n0$$Lambda+0x0000021b573e3f30
instanceKlass  @bci com/android/tools/r8/internal/a4 a ([Ljava/lang/Object;Ljava/util/function/Predicate;[Ljava/lang/Object;)[Ljava/lang/Object; 2 <appendix> member <vmtarget> ; # com/android/tools/r8/internal/a4$$Lambda+0x0000021b573e38d0
instanceKlass  @bci com/android/tools/r8/graph/W0 a (Lcom/android/tools/r8/graph/W0;)Lcom/android/tools/r8/graph/Z0; 27 <appendix> argL0 ; # com/android/tools/r8/graph/W0$$Lambda+0x0000021b573e3680
instanceKlass  @bci com/android/tools/r8/internal/G10 a (Lcom/android/tools/r8/graph/B2;Lcom/android/tools/r8/graph/B2;Lcom/android/tools/r8/internal/PK;Lcom/android/tools/r8/internal/i50;Lcom/android/tools/r8/internal/Uz;Lcom/android/tools/r8/internal/Tz;)Lcom/android/tools/r8/internal/BX; 40 <appendix> member <vmtarget> ; # com/android/tools/r8/internal/G10$$Lambda+0x0000021b573e2a70
instanceKlass  @bci com/android/tools/r8/internal/G10 a (Lcom/android/tools/r8/graph/B2;Lcom/android/tools/r8/graph/B2;Lcom/android/tools/r8/internal/PK;Lcom/android/tools/r8/internal/Uz;Lcom/android/tools/r8/internal/i50;)Lcom/android/tools/r8/internal/BX; 136 <appendix> argL0 ; # com/android/tools/r8/internal/G10$$Lambda+0x0000021b573e2850
instanceKlass com/android/tools/r8/internal/Tz
instanceKlass  @bci com/android/tools/r8/dex/t0 a (Lcom/android/tools/r8/graph/I2;Ljava/util/AbstractMap;Ljava/util/HashMap;Ljava/util/function/Consumer;Lcom/android/tools/r8/graph/u1;)Z 28 <appendix> member <vmtarget> ; # com/android/tools/r8/dex/t0$$Lambda+0x0000021b573e2408
instanceKlass  @bci com/android/tools/r8/dex/n0 b (Lcom/android/tools/r8/graph/I2;)Z 15 <appendix> member <vmtarget> ; # com/android/tools/r8/dex/n0$$Lambda+0x0000021b573e21d0
instanceKlass  @bci com/android/tools/r8/dex/n0 a (Lcom/android/tools/r8/graph/I2;)Z 28 <appendix> member <vmtarget> ; # com/android/tools/r8/dex/n0$$Lambda+0x0000021b573e1f78
instanceKlass  @bci com/android/tools/r8/dex/n0 a (Lcom/android/tools/r8/graph/B2;)Z 36 <appendix> member <vmtarget> ; # com/android/tools/r8/dex/n0$$Lambda+0x0000021b573e1d20
instanceKlass  @bci com/android/tools/r8/graph/H2 a (Lcom/android/tools/r8/graph/y;Lcom/android/tools/r8/dex/M;Lcom/android/tools/r8/internal/yS;)V 461 <appendix> member <vmtarget> ; # com/android/tools/r8/graph/H2$$Lambda+0x0000021b573e1ae8
instanceKlass  @bci com/android/tools/r8/graph/H2 a (Lcom/android/tools/r8/graph/y;Lcom/android/tools/r8/dex/M;Lcom/android/tools/r8/internal/yS;)V 450 <appendix> member <vmtarget> ; # com/android/tools/r8/graph/H2$$Lambda+0x0000021b573e18b0
instanceKlass  @bci com/android/tools/r8/dex/n0 a (Lcom/android/tools/r8/graph/M2;)Z 53 <appendix> member <vmtarget> ; # com/android/tools/r8/dex/n0$$Lambda+0x0000021b573e1658
instanceKlass  @bci com/android/tools/r8/dex/n0 a (Lcom/android/tools/r8/graph/H2;)Z 41 <appendix> member <vmtarget> ; # com/android/tools/r8/dex/n0$$Lambda+0x0000021b573e1400
instanceKlass com/android/tools/r8/internal/iL
instanceKlass com/android/tools/r8/internal/eL
instanceKlass com/android/tools/r8/dex/r0
instanceKlass  @bci com/android/tools/r8/dex/p0 a (Lcom/android/tools/r8/internal/kp0;)Ljava/util/function/Predicate; 1 <appendix> member <vmtarget> ; # com/android/tools/r8/dex/p0$$Lambda+0x0000021b573e04b0
instanceKlass  @bci com/android/tools/r8/dex/p0 a (Ljava/util/Map;)Ljava/util/Comparator; 1 <appendix> member <vmtarget> ; # com/android/tools/r8/dex/p0$$Lambda+0x0000021b573e0210
instanceKlass com/android/tools/r8/dex/p0
instanceKlass com/android/tools/r8/dex/q0
instanceKlass  @bci com/android/tools/r8/internal/Uz a (Lcom/android/tools/r8/internal/Uz;Lcom/android/tools/r8/graph/M2;)Lcom/android/tools/r8/graph/M2; 2 <appendix> argL0 ; # com/android/tools/r8/internal/Uz$$Lambda+0x0000021b573dfa50
instanceKlass  @bci com/android/tools/r8/dex/t0 a (Ljava/util/Collection;Lcom/android/tools/r8/internal/Uz;Lcom/android/tools/r8/naming/b;)Ljava/util/IdentityHashMap; 19 <appendix> member <vmtarget> ; # com/android/tools/r8/dex/t0$$Lambda+0x0000021b573df818
instanceKlass com/android/tools/r8/naming/b
instanceKlass  @bci com/android/tools/r8/dex/n0 a ()V 161 <appendix> member <vmtarget> ; # com/android/tools/r8/dex/n0$$Lambda+0x0000021b573df390
instanceKlass  @bci com/android/tools/r8/dex/n0 a ()V 141 <appendix> member <vmtarget> ; # com/android/tools/r8/dex/n0$$Lambda+0x0000021b573df148
instanceKlass  @bci com/android/tools/r8/dex/n0 a ()V 121 <appendix> member <vmtarget> ; # com/android/tools/r8/dex/n0$$Lambda+0x0000021b573def00
instanceKlass  @bci com/android/tools/r8/dex/n0 a ()V 101 <appendix> member <vmtarget> ; # com/android/tools/r8/dex/n0$$Lambda+0x0000021b573decb8
instanceKlass  @bci com/android/tools/r8/dex/n0 a ()V 81 <appendix> member <vmtarget> ; # com/android/tools/r8/dex/n0$$Lambda+0x0000021b573dea70
instanceKlass  @bci com/android/tools/r8/dex/n0 a ()V 58 <appendix> member <vmtarget> ; # com/android/tools/r8/dex/n0$$Lambda+0x0000021b573de828
instanceKlass  @bci com/android/tools/r8/dex/n0 a ()V 38 <appendix> member <vmtarget> ; # com/android/tools/r8/dex/n0$$Lambda+0x0000021b573de5e0
instanceKlass  @bci com/android/tools/r8/dex/n0 a (Ljava/util/Set;Ljava/util/function/Function;)V 3 <appendix> member <vmtarget> ; # com/android/tools/r8/dex/n0$$Lambda+0x0000021b573de3a8
instanceKlass  @bci com/android/tools/r8/dex/n0 a ()V 18 <appendix> member <vmtarget> ; # com/android/tools/r8/dex/n0$$Lambda+0x0000021b573de160
instanceKlass  @bci com/android/tools/r8/dex/n0 a (Lcom/android/tools/r8/graph/L2;)Z 45 <appendix> member <vmtarget> ; # com/android/tools/r8/dex/n0$$Lambda+0x0000021b573ddf08
instanceKlass com/android/tools/r8/dex/m0
instanceKlass com/android/tools/r8/internal/yS
instanceKlass com/android/tools/r8/dex/n0
instanceKlass com/android/tools/r8/dex/s0
instanceKlass com/android/tools/r8/dex/M
# instanceKlass com/android/tools/r8/dex/k$$Lambda+0x0000021b573dd1e0
# instanceKlass com/android/tools/r8/dex/k$$Lambda+0x0000021b573dcfb0
# instanceKlass com/android/tools/r8/dex/k$$Lambda+0x0000021b573dcd80
# instanceKlass com/android/tools/r8/dex/k$$Lambda+0x0000021b573dcb50
# instanceKlass com/android/tools/r8/dex/k$$Lambda+0x0000021b573dc6f0
# instanceKlass com/android/tools/r8/dex/k$$Lambda+0x0000021b573dc920
instanceKlass  @bci com/android/tools/r8/dex/k a (Lcom/android/tools/r8/graph/H2;)V 6 <appendix> argL0 ; # com/android/tools/r8/dex/k$$Lambda+0x0000021b573dc4c0
# instanceKlass com/android/tools/r8/dex/k$$Lambda+0x0000021b573dc270
# instanceKlass com/android/tools/r8/dex/k$$Lambda+0x0000021b573dc020
# instanceKlass com/android/tools/r8/dex/k$$Lambda+0x0000021b573dbdd0
# instanceKlass com/android/tools/r8/dex/k$$Lambda+0x0000021b573dbb80
# instanceKlass com/android/tools/r8/dex/k$$Lambda+0x0000021b573db930
instanceKlass  @bci com/android/tools/r8/dex/k a (Lcom/android/tools/r8/graph/H2;)V 1 <appendix> argL0 ; # com/android/tools/r8/dex/k$$Lambda+0x0000021b573db490
# instanceKlass com/android/tools/r8/dex/k$$Lambda+0x0000021b573db6e0
# instanceKlass com/android/tools/r8/dex/k$$Lambda+0x0000021b573db240
instanceKlass  @bci com/android/tools/r8/dex/k b (Ljava/util/concurrent/ExecutorService;)V 13 <appendix> member <vmtarget> ; # com/android/tools/r8/dex/k$$Lambda+0x0000021b573db008
instanceKlass  @bci com/android/tools/r8/graph/U3 d (Ljava/util/List;)Ljava/util/List; 14 <appendix> member <vmtarget> ; # com/android/tools/r8/graph/U3$$Lambda+0x0000021b573da9c8
instanceKlass  @bci com/android/tools/r8/graph/U3 a (Ljava/util/List;)Ljava/util/List; 3 <appendix> member <vmtarget> ; # com/android/tools/r8/graph/U3$$Lambda+0x0000021b573da790
instanceKlass  @bci com/android/tools/r8/graph/U3 c (Ljava/util/List;)Ljava/util/List; 25 <appendix> member <vmtarget> ; # com/android/tools/r8/graph/U3$$Lambda+0x0000021b573da558
instanceKlass  @bci com/android/tools/r8/dex/k b ()V 1849 <appendix> member <vmtarget> ; # com/android/tools/r8/dex/k$$Lambda+0x0000021b573da320
instanceKlass  @bci com/android/tools/r8/dex/k b ()V 1834 <appendix> member <vmtarget> ; # com/android/tools/r8/dex/k$$Lambda+0x0000021b573da0e8
instanceKlass  @bci com/android/tools/r8/graph/U3 e (Ljava/util/List;)Ljava/util/List; 3 <appendix> member <vmtarget> ; # com/android/tools/r8/graph/U3$$Lambda+0x0000021b573d9eb0
instanceKlass com/android/tools/r8/graph/U3
instanceKlass com/android/tools/r8/internal/Qu0
instanceKlass com/android/tools/r8/internal/Vu0
instanceKlass java/util/Currency
instanceKlass java/util/UUID
instanceKlass java/net/InetAddress
instanceKlass com/android/tools/r8/internal/Xu0
instanceKlass java/util/concurrent/atomic/AtomicIntegerArray
instanceKlass com/android/tools/r8/internal/Uu0
instanceKlass com/android/tools/r8/internal/Tu0
instanceKlass com/android/tools/r8/internal/tu0
instanceKlass com/android/tools/r8/internal/su0
instanceKlass com/android/tools/r8/internal/hv0
instanceKlass java/util/Formatter$Flags
instanceKlass java/util/Formatter$FormatSpecifier
instanceKlass java/util/Formatter$Conversion
instanceKlass java/util/Formatter$FixedString
instanceKlass java/util/Formatter$FormatString
instanceKlass  @bci java/util/regex/Pattern union (Ljava/util/regex/Pattern$CharPredicate;Ljava/util/regex/Pattern$CharPredicate;Z)Ljava/util/regex/Pattern$CharPredicate; 6 <appendix> member <vmtarget> ; # java/util/regex/Pattern$$Lambda+0x800000031
instanceKlass java/util/Formatter
instanceKlass  @bci java/util/regex/Pattern Range (II)Ljava/util/regex/Pattern$CharPredicate; 23 <appendix> member <vmtarget> ; # java/util/regex/Pattern$$Lambda+0x800000029
instanceKlass java/util/regex/Pattern$BitClass
instanceKlass com/android/tools/r8/internal/VL
instanceKlass com/android/tools/r8/internal/lT
instanceKlass  @bci com/android/tools/r8/dex/W toString ()Ljava/lang/String; 38 <appendix> member <vmtarget> ; # com/android/tools/r8/dex/W$$Lambda+0x0000021b573d3eb8
instanceKlass  @bci com/android/tools/r8/dex/W toString ()Ljava/lang/String; 24 <appendix> argL0 ; # com/android/tools/r8/dex/W$$Lambda+0x0000021b573d3c78
instanceKlass  @bci com/android/tools/r8/dex/k a (Lcom/android/tools/r8/internal/D7;Ljava/util/ArrayList;)V 68 <appendix> member <vmtarget> ; # com/android/tools/r8/dex/k$$Lambda+0x0000021b573d3620
instanceKlass  @bci com/android/tools/r8/dex/k a (Lcom/android/tools/r8/internal/D7;Ljava/util/ArrayList;)V 55 <appendix> argL0 ; # com/android/tools/r8/dex/k$$Lambda+0x0000021b573d33e0
instanceKlass  @bci com/android/tools/r8/dex/k a (Lcom/android/tools/r8/internal/D7;Ljava/util/ArrayList;)V 47 <appendix> member <vmtarget> ; # com/android/tools/r8/dex/k$$Lambda+0x0000021b573d31a8
instanceKlass  @bci com/android/tools/r8/internal/M70 a (Ljava/util/function/Function;)Ljava/util/function/Predicate; 1 <appendix> member <vmtarget> ; # com/android/tools/r8/internal/M70$$Lambda+0x0000021b573d2f50
instanceKlass  @bci com/android/tools/r8/dex/k <init> (Lcom/android/tools/r8/graph/y;Lcom/android/tools/r8/dex/W;Lcom/android/tools/r8/DexIndexedConsumer;)V 141 <appendix> member <vmtarget> ; # com/android/tools/r8/dex/k$$Lambda+0x0000021b573d2d08
instanceKlass com/android/tools/r8/SourceFileEnvironment
instanceKlass com/android/tools/r8/internal/LJ
instanceKlass com/android/tools/r8/dex/i0
instanceKlass com/android/tools/r8/internal/z50
instanceKlass com/android/tools/r8/dex/X
instanceKlass com/android/tools/r8/dex/r
instanceKlass  @bci com/android/tools/r8/D8 d (Lcom/android/tools/r8/utils/i;Lcom/android/tools/r8/internal/QJ;Ljava/util/concurrent/ExecutorService;)V 802 <appendix> member <vmtarget> ; # com/android/tools/r8/D8$$Lambda+0x0000021b573cfd18
instanceKlass com/android/tools/r8/internal/a3
instanceKlass com/android/tools/r8/internal/b3
instanceKlass com/android/tools/r8/internal/Z2
instanceKlass  @bci com/android/tools/r8/D8 a (Lcom/android/tools/r8/graph/y;Lcom/android/tools/r8/internal/at0;Ljava/util/concurrent/ExecutorService;)V 80 <appendix> member <vmtarget> ; # com/android/tools/r8/D8$$Lambda+0x0000021b573cf0b0
instanceKlass  @bci com/android/tools/r8/D8 a (Lcom/android/tools/r8/graph/y;Lcom/android/tools/r8/internal/at0;Ljava/util/concurrent/ExecutorService;)V 67 <appendix> member <vmtarget> ; # com/android/tools/r8/D8$$Lambda+0x0000021b573cee88
instanceKlass com/android/tools/r8/internal/JQ
instanceKlass  @bci com/android/tools/r8/kotlin/J a (Ljava/util/function/Consumer;Lcom/android/tools/r8/graph/j1;Lcom/android/tools/r8/graph/y;)Z 621 <appendix> member <vmtarget> ; # com/android/tools/r8/kotlin/J$$Lambda+0x0000021b573cea40
instanceKlass  @bci com/android/tools/r8/kotlin/n a (Lcom/android/tools/r8/graph/y;Lcom/android/tools/r8/graph/E0;)Lcom/android/tools/r8/internal/d60; 1561 <appendix> member <vmtarget> ; # com/android/tools/r8/kotlin/n$$Lambda+0x0000021b573ce808
instanceKlass com/android/tools/r8/kotlin/E
# instanceKlass com/android/tools/r8/kotlin/n$$Lambda+0x0000021b573ce2b0
instanceKlass  @bci com/android/tools/r8/kotlin/n a (Lcom/android/tools/r8/internal/GQ;Lcom/android/tools/r8/graph/E0;)Ljava/util/List; 43 <appendix> member <vmtarget> ; # com/android/tools/r8/kotlin/n$$Lambda+0x0000021b573ce078
# instanceKlass com/android/tools/r8/kotlin/C$$Lambda+0x0000021b573cd760
# instanceKlass com/android/tools/r8/kotlin/C$$Lambda+0x0000021b573cd540
instanceKlass  @bci com/android/tools/r8/kotlin/C b (Ljava/util/function/Consumer;Lcom/android/tools/r8/graph/y;)Z 184 <appendix> argL0 ; # com/android/tools/r8/kotlin/C$$Lambda+0x0000021b573cd320
instanceKlass  @bci com/android/tools/r8/kotlin/C b (Ljava/util/function/Consumer;Lcom/android/tools/r8/graph/y;)Z 160 <appendix> argL0 ; # com/android/tools/r8/kotlin/C$$Lambda+0x0000021b573cd100
# instanceKlass com/android/tools/r8/kotlin/C$$Lambda+0x0000021b573ccee0
# instanceKlass com/android/tools/r8/kotlin/C$$Lambda+0x0000021b573cccc0
instanceKlass  @bci com/android/tools/r8/kotlin/C b (Ljava/util/function/Consumer;Lcom/android/tools/r8/graph/y;)Z 136 <appendix> argL0 ; # com/android/tools/r8/kotlin/C$$Lambda+0x0000021b573ccaa0
# instanceKlass com/android/tools/r8/kotlin/C$$Lambda+0x0000021b573cc868
instanceKlass  @bci com/android/tools/r8/kotlin/C b (Ljava/util/function/Consumer;Lcom/android/tools/r8/graph/y;)Z 128 <appendix> member <vmtarget> ; # com/android/tools/r8/kotlin/C$$Lambda+0x0000021b573cc630
# instanceKlass com/android/tools/r8/kotlin/D$$Lambda+0x0000021b573cc410
instanceKlass  @bci com/android/tools/r8/kotlin/D b (Ljava/util/function/Consumer;Lcom/android/tools/r8/graph/y;)Z 52 <appendix> argL0 ; # com/android/tools/r8/kotlin/D$$Lambda+0x0000021b573cc1f0
# instanceKlass com/android/tools/r8/kotlin/D$$Lambda+0x0000021b573cbfb8
instanceKlass  @bci com/android/tools/r8/kotlin/D b (Ljava/util/function/Consumer;Lcom/android/tools/r8/graph/y;)Z 31 <appendix> member <vmtarget> ; # com/android/tools/r8/kotlin/D$$Lambda+0x0000021b573cbd80
instanceKlass  @bci com/android/tools/r8/kotlin/z b (Ljava/util/function/Consumer;Lcom/android/tools/r8/graph/y;)Z 36 <appendix> argL0 ; # com/android/tools/r8/kotlin/z$$Lambda+0x0000021b573cbb60
# instanceKlass com/android/tools/r8/kotlin/z$$Lambda+0x0000021b573cb940
instanceKlass com/android/tools/r8/kotlin/C
instanceKlass com/android/tools/r8/kotlin/D
instanceKlass com/android/tools/r8/internal/gz0
instanceKlass com/android/tools/r8/internal/OQ
instanceKlass  @bci com/android/tools/r8/kotlin/I b (Ljava/util/function/Consumer;Lcom/android/tools/r8/graph/y;)Z 37 <appendix> member <vmtarget> ; # com/android/tools/r8/kotlin/I$$Lambda+0x0000021b573caa10
instanceKlass  @bci com/android/tools/r8/kotlin/a a (Ljava/util/function/Consumer;Lcom/android/tools/r8/graph/g1;Lcom/android/tools/r8/graph/j1;Lcom/android/tools/r8/graph/j1;Lcom/android/tools/r8/graph/j1;Lcom/android/tools/r8/graph/y;)Z 681 <appendix> member <vmtarget> ; # com/android/tools/r8/kotlin/a$$Lambda+0x0000021b573c9e88
instanceKlass com/android/tools/r8/kotlin/f0
instanceKlass  @bci com/android/tools/r8/kotlin/o0 b (Ljava/util/function/Consumer;Lcom/android/tools/r8/graph/y;)Z 173 <appendix> argL0 ; # com/android/tools/r8/kotlin/o0$$Lambda+0x0000021b573c99a0
instanceKlass  @bci com/android/tools/r8/kotlin/o0 b (Ljava/util/function/Consumer;Lcom/android/tools/r8/graph/y;)Z 152 <appendix> argL0 ; # com/android/tools/r8/kotlin/o0$$Lambda+0x0000021b573c9780
instanceKlass  @bci com/android/tools/r8/kotlin/o0 b (Ljava/util/function/Consumer;Lcom/android/tools/r8/graph/y;)Z 130 <appendix> member <vmtarget> ; # com/android/tools/r8/kotlin/o0$$Lambda+0x0000021b573c9548
instanceKlass  @bci com/android/tools/r8/kotlin/N a (Lcom/android/tools/r8/graph/y;Lcom/android/tools/r8/graph/E0;Ljava/util/function/Consumer;)Z 27 <appendix> member <vmtarget> ; # com/android/tools/r8/kotlin/N$$Lambda+0x0000021b573c9310
instanceKlass  @bci com/android/tools/r8/kotlin/o0 b (Ljava/util/function/Consumer;Lcom/android/tools/r8/graph/y;)Z 116 <appendix> member <vmtarget> ; # com/android/tools/r8/kotlin/o0$$Lambda+0x0000021b573c90d8
# instanceKlass com/android/tools/r8/kotlin/e0$$Lambda+0x0000021b573c8a08
instanceKlass  @bci com/android/tools/r8/kotlin/e0 a (Lcom/android/tools/r8/graph/y;Lcom/android/tools/r8/graph/E0;)Lcom/android/tools/r8/internal/d60; 52 <appendix> member <vmtarget> ; # com/android/tools/r8/kotlin/e0$$Lambda+0x0000021b573c8568
instanceKlass com/android/tools/r8/kotlin/e0
instanceKlass com/android/tools/r8/internal/du
instanceKlass com/android/tools/r8/internal/fu
instanceKlass  @bci com/android/tools/r8/kotlin/g0 a (Lcom/android/tools/r8/internal/YQ;Lcom/android/tools/r8/graph/E0;Lcom/android/tools/r8/graph/y;)Z 89 <appendix> member <vmtarget> ; # com/android/tools/r8/kotlin/g0$$Lambda+0x0000021b573c78c8
instanceKlass  @bci com/android/tools/r8/kotlin/n a (Lcom/android/tools/r8/graph/y;Lcom/android/tools/r8/graph/E0;)Lcom/android/tools/r8/internal/d60; 1503 <appendix> member <vmtarget> ; # com/android/tools/r8/kotlin/n$$Lambda+0x0000021b573c7690
# instanceKlass com/android/tools/r8/kotlin/K$$Lambda+0x0000021b573c7458
instanceKlass  @bci com/android/tools/r8/kotlin/a a (Ljava/util/function/Consumer;Lcom/android/tools/r8/graph/g1;Lcom/android/tools/r8/graph/j1;Lcom/android/tools/r8/graph/j1;Lcom/android/tools/r8/graph/j1;Lcom/android/tools/r8/graph/y;)Z 709 <appendix> member <vmtarget> ; # com/android/tools/r8/kotlin/a$$Lambda+0x0000021b573c7220
# instanceKlass com/android/tools/r8/kotlin/a$$Lambda+0x0000021b573c6de0
instanceKlass  @bci com/android/tools/r8/kotlin/a a (Ljava/util/function/Consumer;Lcom/android/tools/r8/graph/g1;Lcom/android/tools/r8/graph/j1;Lcom/android/tools/r8/graph/j1;Lcom/android/tools/r8/graph/j1;Lcom/android/tools/r8/graph/y;)Z 738 <appendix> argL0 ; # com/android/tools/r8/kotlin/a$$Lambda+0x0000021b573c7000
# instanceKlass com/android/tools/r8/kotlin/a$$Lambda+0x0000021b573c6ba8
instanceKlass  @bci com/android/tools/r8/kotlin/a a (Ljava/util/function/Consumer;Lcom/android/tools/r8/graph/g1;Lcom/android/tools/r8/graph/j1;Lcom/android/tools/r8/graph/j1;Lcom/android/tools/r8/graph/j1;Lcom/android/tools/r8/graph/y;)Z 733 <appendix> member <vmtarget> ; # com/android/tools/r8/kotlin/a$$Lambda+0x0000021b573c6970
# instanceKlass com/android/tools/r8/kotlin/K$$Lambda+0x0000021b573c6738
instanceKlass  @bci com/android/tools/r8/kotlin/K a (Ljava/util/function/Consumer;Lcom/android/tools/r8/graph/g1;Lcom/android/tools/r8/graph/y;)Z 83 <appendix> member <vmtarget> ; # com/android/tools/r8/kotlin/K$$Lambda+0x0000021b573c6500
instanceKlass  @bci com/android/tools/r8/kotlin/a a (Ljava/util/function/Consumer;Lcom/android/tools/r8/graph/g1;Lcom/android/tools/r8/graph/j1;Lcom/android/tools/r8/graph/j1;Lcom/android/tools/r8/graph/j1;Lcom/android/tools/r8/graph/y;)Z 654 <appendix> member <vmtarget> ; # com/android/tools/r8/kotlin/a$$Lambda+0x0000021b573c62c8
# instanceKlass com/android/tools/r8/kotlin/a$$Lambda+0x0000021b573c5e58
# instanceKlass com/android/tools/r8/kotlin/a$$Lambda+0x0000021b573c6090
instanceKlass  @bci com/android/tools/r8/kotlin/a a (Ljava/util/function/Consumer;Lcom/android/tools/r8/graph/g1;Lcom/android/tools/r8/graph/j1;Lcom/android/tools/r8/graph/j1;Lcom/android/tools/r8/graph/j1;Lcom/android/tools/r8/graph/y;)Z 627 <appendix> member <vmtarget> ; # com/android/tools/r8/kotlin/a$$Lambda+0x0000021b573c5c20
instanceKlass  @bci com/android/tools/r8/kotlin/n a (Lcom/android/tools/r8/graph/y;Lcom/android/tools/r8/graph/E0;)Lcom/android/tools/r8/internal/d60; 1621 <appendix> member <vmtarget> ; # com/android/tools/r8/kotlin/n$$Lambda+0x0000021b573c59e8
# instanceKlass com/android/tools/r8/kotlin/a$$Lambda+0x0000021b573c57c8
# instanceKlass com/android/tools/r8/kotlin/a$$Lambda+0x0000021b573c55a8
# instanceKlass com/android/tools/r8/kotlin/a$$Lambda+0x0000021b573c5388
instanceKlass  @bci com/android/tools/r8/kotlin/a a (Ljava/util/function/Consumer;Lcom/android/tools/r8/graph/g1;Lcom/android/tools/r8/graph/j1;Lcom/android/tools/r8/graph/j1;Lcom/android/tools/r8/graph/j1;Lcom/android/tools/r8/graph/y;)Z 587 <appendix> argL0 ; # com/android/tools/r8/kotlin/a$$Lambda+0x0000021b573c5168
# instanceKlass com/android/tools/r8/kotlin/a$$Lambda+0x0000021b573c4f48
instanceKlass  @bci com/android/tools/r8/kotlin/n a (Lcom/android/tools/r8/graph/y;Lcom/android/tools/r8/graph/E0;)Lcom/android/tools/r8/internal/d60; 563 <appendix> member <vmtarget> ; # com/android/tools/r8/kotlin/n$$Lambda+0x0000021b573c4af0
# instanceKlass com/android/tools/r8/kotlin/a$$Lambda+0x0000021b573c4d28
# instanceKlass com/android/tools/r8/kotlin/a$$Lambda+0x0000021b573c48d0
instanceKlass  @bci com/android/tools/r8/kotlin/a a (Ljava/util/function/Consumer;Lcom/android/tools/r8/graph/g1;Lcom/android/tools/r8/graph/j1;Lcom/android/tools/r8/graph/j1;Lcom/android/tools/r8/graph/j1;Lcom/android/tools/r8/graph/y;)Z 568 <appendix> argL0 ; # com/android/tools/r8/kotlin/a$$Lambda+0x0000021b573c46b0
instanceKlass com/android/tools/r8/kotlin/x
# instanceKlass com/android/tools/r8/kotlin/a$$Lambda+0x0000021b573c3f50
instanceKlass  @bci com/android/tools/r8/kotlin/a a (Ljava/util/function/Consumer;Lcom/android/tools/r8/graph/g1;Lcom/android/tools/r8/graph/j1;Lcom/android/tools/r8/graph/j1;Lcom/android/tools/r8/graph/j1;Lcom/android/tools/r8/graph/y;)Z 549 <appendix> argL0 ; # com/android/tools/r8/kotlin/a$$Lambda+0x0000021b573c4170
instanceKlass  @bci com/android/tools/r8/kotlin/s0 a (Ljava/util/function/Consumer;Lcom/android/tools/r8/graph/y;Ljava/lang/String;)Z 23 <appendix> member <vmtarget> ; # com/android/tools/r8/kotlin/s0$$Lambda+0x0000021b573c3d18
instanceKlass  @bci com/android/tools/r8/kotlin/a a (Ljava/util/function/Consumer;Lcom/android/tools/r8/graph/g1;Lcom/android/tools/r8/graph/j1;Lcom/android/tools/r8/graph/j1;Lcom/android/tools/r8/graph/j1;Lcom/android/tools/r8/graph/y;)Z 544 <appendix> member <vmtarget> ; # com/android/tools/r8/kotlin/a$$Lambda+0x0000021b573c3ae0
# instanceKlass com/android/tools/r8/kotlin/m$$Lambda+0x0000021b573c38a8
instanceKlass  @bci com/android/tools/r8/kotlin/m a (Lcom/android/tools/r8/internal/V6;Ljava/util/Map;Lcom/android/tools/r8/graph/y;Ljava/lang/String;Lcom/android/tools/r8/kotlin/l;)V 5 <appendix> member <vmtarget> ; # com/android/tools/r8/kotlin/m$$Lambda+0x0000021b573c3670
instanceKlass  @bci com/android/tools/r8/kotlin/n a (Lcom/android/tools/r8/graph/y;Lcom/android/tools/r8/graph/E0;)Lcom/android/tools/r8/internal/d60; 1387 <appendix> member <vmtarget> ; # com/android/tools/r8/kotlin/n$$Lambda+0x0000021b573c3438
instanceKlass  @bci com/android/tools/r8/kotlin/a a (Ljava/util/function/Consumer;Lcom/android/tools/r8/graph/g1;Lcom/android/tools/r8/graph/j1;Lcom/android/tools/r8/graph/j1;Lcom/android/tools/r8/graph/j1;Lcom/android/tools/r8/graph/y;)Z 528 <appendix> argL0 ; # com/android/tools/r8/kotlin/a$$Lambda+0x0000021b573c3218
# instanceKlass com/android/tools/r8/kotlin/m$$Lambda+0x0000021b573c2fe0
instanceKlass  @bci com/android/tools/r8/kotlin/a a (Ljava/util/function/Consumer;Lcom/android/tools/r8/graph/g1;Lcom/android/tools/r8/graph/j1;Lcom/android/tools/r8/graph/j1;Lcom/android/tools/r8/graph/j1;Lcom/android/tools/r8/graph/y;)Z 523 <appendix> member <vmtarget> ; # com/android/tools/r8/kotlin/a$$Lambda+0x0000021b573c2da8
instanceKlass  @bci com/android/tools/r8/kotlin/m a (Lcom/android/tools/r8/internal/V6;Lcom/android/tools/r8/graph/y;Ljava/util/function/Consumer;Ljava/lang/String;)V 33 <appendix> member <vmtarget> ; # com/android/tools/r8/kotlin/m$$Lambda+0x0000021b573c2b70
instanceKlass  @bci com/android/tools/r8/kotlin/m b (Ljava/util/function/Consumer;Lcom/android/tools/r8/graph/y;)Z 19 <appendix> member <vmtarget> ; # com/android/tools/r8/kotlin/m$$Lambda+0x0000021b573c2700
# instanceKlass com/android/tools/r8/kotlin/m$$Lambda+0x0000021b573c2938
instanceKlass  @bci com/android/tools/r8/kotlin/a a (Ljava/util/function/Consumer;Lcom/android/tools/r8/graph/g1;Lcom/android/tools/r8/graph/j1;Lcom/android/tools/r8/graph/j1;Lcom/android/tools/r8/graph/j1;Lcom/android/tools/r8/graph/y;)Z 508 <appendix> argL0 ; # com/android/tools/r8/kotlin/a$$Lambda+0x0000021b573c24e0
# instanceKlass com/android/tools/r8/kotlin/q0$$Lambda+0x0000021b573c22c0
# instanceKlass com/android/tools/r8/kotlin/O$$Lambda+0x0000021b573c20a0
# instanceKlass com/android/tools/r8/kotlin/O$$Lambda+0x0000021b573c1e80
instanceKlass  @bci com/android/tools/r8/kotlin/O b (Ljava/util/function/Consumer;Lcom/android/tools/r8/graph/y;)Z 6 <appendix> argL0 ; # com/android/tools/r8/kotlin/O$$Lambda+0x0000021b573c1c60
instanceKlass  @bci com/android/tools/r8/kotlin/a a (Ljava/util/function/Consumer;Lcom/android/tools/r8/graph/g1;Lcom/android/tools/r8/graph/j1;Lcom/android/tools/r8/graph/j1;Lcom/android/tools/r8/graph/j1;Lcom/android/tools/r8/graph/y;)Z 503 <appendix> member <vmtarget> ; # com/android/tools/r8/kotlin/a$$Lambda+0x0000021b573c1a28
instanceKlass  @bci com/android/tools/r8/kotlin/p0 b (Ljava/util/function/Consumer;Lcom/android/tools/r8/graph/y;)Z 243 <appendix> argL0 ; # com/android/tools/r8/kotlin/p0$$Lambda+0x0000021b573c1808
instanceKlass  @bci com/android/tools/r8/kotlin/q0 b (Ljava/util/function/Consumer;Lcom/android/tools/r8/graph/y;)Z 132 <appendix> argL0 ; # com/android/tools/r8/kotlin/q0$$Lambda+0x0000021b573c15e8
# instanceKlass com/android/tools/r8/kotlin/n$$Lambda+0x0000021b573c13b0
# instanceKlass com/android/tools/r8/kotlin/q0$$Lambda+0x0000021b573c1190
instanceKlass  @bci com/android/tools/r8/kotlin/n a (Lcom/android/tools/r8/graph/y;Lcom/android/tools/r8/graph/E0;)Lcom/android/tools/r8/internal/d60; 1651 <appendix> member <vmtarget> ; # com/android/tools/r8/kotlin/n$$Lambda+0x0000021b573c0f58
# instanceKlass com/android/tools/r8/kotlin/n$$Lambda+0x0000021b573c0d20
instanceKlass com/android/tools/r8/kotlin/H
# instanceKlass com/android/tools/r8/kotlin/J$$Lambda+0x0000021b573c08e0
# instanceKlass com/android/tools/r8/kotlin/J$$Lambda+0x0000021b573c06a8
# instanceKlass com/android/tools/r8/kotlin/J$$Lambda+0x0000021b573c0470
# instanceKlass com/android/tools/r8/kotlin/J$$Lambda+0x0000021b573c0238
instanceKlass  @bci com/android/tools/r8/kotlin/J a (Ljava/util/function/Consumer;Lcom/android/tools/r8/graph/j1;Lcom/android/tools/r8/graph/y;)Z 641 <appendix> member <vmtarget> ; # com/android/tools/r8/kotlin/J$$Lambda+0x0000021b573c0000
instanceKlass  @bci com/android/tools/r8/kotlin/q0 b (Ljava/util/function/Consumer;Lcom/android/tools/r8/graph/y;)Z 112 <appendix> argL0 ; # com/android/tools/r8/kotlin/q0$$Lambda+0x0000021b573bfc18
instanceKlass  @bci com/android/tools/r8/kotlin/n a (Lcom/android/tools/r8/graph/y;Lcom/android/tools/r8/graph/E0;)Lcom/android/tools/r8/internal/d60; 1585 <appendix> argL0 ; # com/android/tools/r8/kotlin/n$$Lambda+0x0000021b573bf9f8
# instanceKlass com/android/tools/r8/kotlin/B$$Lambda+0x0000021b573bf7b8
instanceKlass  @bci com/android/tools/r8/kotlin/B a (Ljava/util/function/Consumer;Ljava/util/function/Consumer;Ljava/util/function/Consumer;Lcom/android/tools/r8/graph/E0;Lcom/android/tools/r8/graph/y;Lcom/android/tools/r8/kotlin/W;)Z 263 <appendix> argL0 ; # com/android/tools/r8/kotlin/B$$Lambda+0x0000021b573bf578
instanceKlass  @bci com/android/tools/r8/kotlin/n a (Lcom/android/tools/r8/graph/y;Lcom/android/tools/r8/graph/E0;)Lcom/android/tools/r8/internal/d60; 1316 <appendix> member <vmtarget> ; # com/android/tools/r8/kotlin/n$$Lambda+0x0000021b573bf340
instanceKlass com/android/tools/r8/internal/MQ
# instanceKlass com/android/tools/r8/kotlin/B$$Lambda+0x0000021b573beef0
instanceKlass  @bci com/android/tools/r8/kotlin/B a (Ljava/util/function/Consumer;Ljava/util/function/Consumer;Ljava/util/function/Consumer;Lcom/android/tools/r8/graph/E0;Lcom/android/tools/r8/graph/y;Lcom/android/tools/r8/kotlin/W;)Z 83 <appendix> argL0 ; # com/android/tools/r8/kotlin/B$$Lambda+0x0000021b573becb0
instanceKlass  @bci com/android/tools/r8/kotlin/t0 b (Ljava/util/function/Consumer;Lcom/android/tools/r8/graph/y;)Z 184 <appendix> argL0 ; # com/android/tools/r8/kotlin/t0$$Lambda+0x0000021b573bea90
instanceKlass  @bci com/android/tools/r8/kotlin/n a (Lcom/android/tools/r8/graph/y;Lcom/android/tools/r8/graph/E0;)Lcom/android/tools/r8/internal/d60; 1219 <appendix> argL0 ; # com/android/tools/r8/kotlin/n$$Lambda+0x0000021b573be870
instanceKlass com/android/tools/r8/kotlin/A
instanceKlass  @bci com/android/tools/r8/kotlin/t0 b (Ljava/util/function/Consumer;Lcom/android/tools/r8/graph/y;)Z 177 <appendix> member <vmtarget> ; # com/android/tools/r8/kotlin/t0$$Lambda+0x0000021b573be428
# instanceKlass com/android/tools/r8/kotlin/J$$Lambda+0x0000021b573be1f0
instanceKlass  @bci com/android/tools/r8/kotlin/B a (Ljava/util/function/Consumer;Ljava/util/function/Consumer;Ljava/util/function/Consumer;Lcom/android/tools/r8/graph/E0;Lcom/android/tools/r8/graph/y;Lcom/android/tools/r8/kotlin/W;)Z 521 <appendix> argL0 ; # com/android/tools/r8/kotlin/B$$Lambda+0x0000021b573bdfd0
# instanceKlass com/android/tools/r8/kotlin/J$$Lambda+0x0000021b573bdd98
instanceKlass  @bci com/android/tools/r8/kotlin/J a (Ljava/util/function/Consumer;Lcom/android/tools/r8/graph/j1;Lcom/android/tools/r8/graph/y;)Z 595 <appendix> member <vmtarget> ; # com/android/tools/r8/kotlin/J$$Lambda+0x0000021b573bdb60
# instanceKlass com/android/tools/r8/kotlin/J$$Lambda+0x0000021b573bd928
# instanceKlass com/android/tools/r8/kotlin/J$$Lambda+0x0000021b573bd708
instanceKlass  @bci com/android/tools/r8/kotlin/r0 b (Ljava/util/function/Consumer;Lcom/android/tools/r8/graph/y;)Z 31 <appendix> member <vmtarget> ; # com/android/tools/r8/kotlin/r0$$Lambda+0x0000021b573bd4d0
# instanceKlass com/android/tools/r8/kotlin/J$$Lambda+0x0000021b573bd2b0
instanceKlass  @bci com/android/tools/r8/kotlin/B a (Ljava/util/function/Consumer;Ljava/util/function/Consumer;Ljava/util/function/Consumer;Lcom/android/tools/r8/graph/E0;Lcom/android/tools/r8/graph/y;Lcom/android/tools/r8/kotlin/W;)Z 505 <appendix> argL0 ; # com/android/tools/r8/kotlin/B$$Lambda+0x0000021b573bd090
# instanceKlass com/android/tools/r8/kotlin/J$$Lambda+0x0000021b573bce70
# instanceKlass com/android/tools/r8/kotlin/J$$Lambda+0x0000021b573bca18
instanceKlass  @bci com/android/tools/r8/kotlin/J a (Ljava/util/function/Consumer;Lcom/android/tools/r8/graph/j1;Lcom/android/tools/r8/graph/y;)Z 555 <appendix> argL0 ; # com/android/tools/r8/kotlin/J$$Lambda+0x0000021b573bcc50
instanceKlass  @bci com/android/tools/r8/kotlin/J a (Ljava/util/function/Consumer;Lcom/android/tools/r8/graph/j1;Lcom/android/tools/r8/graph/y;)Z 550 <appendix> member <vmtarget> ; # com/android/tools/r8/kotlin/J$$Lambda+0x0000021b573bc7e0
# instanceKlass com/android/tools/r8/kotlin/B$$Lambda+0x0000021b573bc5c0
# instanceKlass com/android/tools/r8/kotlin/B$$Lambda+0x0000021b573bc3a0
instanceKlass  @bci com/android/tools/r8/kotlin/t0 b (Ljava/util/function/Consumer;Lcom/android/tools/r8/graph/y;)Z 161 <appendix> member <vmtarget> ; # com/android/tools/r8/kotlin/t0$$Lambda+0x0000021b573bc168
# instanceKlass com/android/tools/r8/kotlin/B$$Lambda+0x0000021b573bbf48
# instanceKlass com/android/tools/r8/kotlin/B$$Lambda+0x0000021b573bbb08
# instanceKlass com/android/tools/r8/kotlin/B$$Lambda+0x0000021b573bbd28
instanceKlass  @bci com/android/tools/r8/kotlin/B a (Ljava/util/function/Consumer;Ljava/util/function/Consumer;Ljava/util/function/Consumer;Lcom/android/tools/r8/graph/E0;Lcom/android/tools/r8/graph/y;Lcom/android/tools/r8/kotlin/W;)Z 9 <appendix> argL0 ; # com/android/tools/r8/kotlin/B$$Lambda+0x0000021b573bb8e8
instanceKlass  @bci com/android/tools/r8/kotlin/g0 a (Lcom/android/tools/r8/internal/YQ;Lcom/android/tools/r8/graph/E0;Lcom/android/tools/r8/graph/y;)Z 58 <appendix> member <vmtarget> ; # com/android/tools/r8/kotlin/g0$$Lambda+0x0000021b573bb6b0
instanceKlass  @bci com/android/tools/r8/kotlin/J a (Ljava/util/function/Consumer;Lcom/android/tools/r8/graph/j1;Lcom/android/tools/r8/graph/y;)Z 535 <appendix> argL0 ; # com/android/tools/r8/kotlin/J$$Lambda+0x0000021b573bb490
# instanceKlass com/android/tools/r8/kotlin/y$$Lambda+0x0000021b573bb270
instanceKlass  @bci com/android/tools/r8/kotlin/g0 a (Lcom/android/tools/r8/internal/YQ;Lcom/android/tools/r8/graph/E0;Lcom/android/tools/r8/graph/y;)Z 40 <appendix> member <vmtarget> ; # com/android/tools/r8/kotlin/g0$$Lambda+0x0000021b573bb038
# instanceKlass com/android/tools/r8/kotlin/y$$Lambda+0x0000021b573bae18
instanceKlass  @bci com/android/tools/r8/kotlin/y a (Lcom/android/tools/r8/internal/GQ;Lcom/android/tools/r8/graph/j1;Lcom/android/tools/r8/graph/y;)Z 203 <appendix> argL0 ; # com/android/tools/r8/kotlin/y$$Lambda+0x0000021b573babf8
# instanceKlass com/android/tools/r8/kotlin/y$$Lambda+0x0000021b573ba9d8
instanceKlass com/android/tools/r8/kotlin/o0
# instanceKlass com/android/tools/r8/kotlin/M$$Lambda+0x0000021b573ba578
instanceKlass  @bci com/android/tools/r8/kotlin/g0 a (Lcom/android/tools/r8/internal/YQ;Lcom/android/tools/r8/graph/E0;Lcom/android/tools/r8/graph/y;)Z 25 <appendix> member <vmtarget> ; # com/android/tools/r8/kotlin/g0$$Lambda+0x0000021b573ba340
instanceKlass  @bci com/android/tools/r8/kotlin/J a (Ljava/util/function/Consumer;Lcom/android/tools/r8/graph/j1;Lcom/android/tools/r8/graph/y;)Z 517 <appendix> argL0 ; # com/android/tools/r8/kotlin/J$$Lambda+0x0000021b573ba120
# instanceKlass com/android/tools/r8/kotlin/M$$Lambda+0x0000021b573b9ee8
instanceKlass  @bci com/android/tools/r8/kotlin/M a (Ljava/util/function/Consumer;Lcom/android/tools/r8/graph/j1;Lcom/android/tools/r8/graph/y;)Z 204 <appendix> member <vmtarget> ; # com/android/tools/r8/kotlin/M$$Lambda+0x0000021b573b9cb0
# instanceKlass com/android/tools/r8/kotlin/M$$Lambda+0x0000021b573b9a78
# instanceKlass com/android/tools/r8/kotlin/n$$Lambda+0x0000021b573b9840
instanceKlass  @bci com/android/tools/r8/kotlin/n a (Lcom/android/tools/r8/graph/y;Lcom/android/tools/r8/graph/E0;)Lcom/android/tools/r8/internal/d60; 1196 <appendix> member <vmtarget> ; # com/android/tools/r8/kotlin/n$$Lambda+0x0000021b573b9608
instanceKlass  @bci com/android/tools/r8/kotlin/M a (Ljava/util/function/Consumer;Lcom/android/tools/r8/graph/j1;Lcom/android/tools/r8/graph/y;)Z 173 <appendix> member <vmtarget> ; # com/android/tools/r8/kotlin/M$$Lambda+0x0000021b573b93d0
instanceKlass  @bci com/android/tools/r8/kotlin/J a (Ljava/util/function/Consumer;Lcom/android/tools/r8/graph/j1;Lcom/android/tools/r8/graph/y;)Z 499 <appendix> argL0 ; # com/android/tools/r8/kotlin/J$$Lambda+0x0000021b573b91b0
# instanceKlass com/android/tools/r8/kotlin/n$$Lambda+0x0000021b573b8f78
instanceKlass  @bci com/android/tools/r8/kotlin/n a (Lcom/android/tools/r8/graph/y;Lcom/android/tools/r8/graph/E0;)Lcom/android/tools/r8/internal/d60; 1181 <appendix> member <vmtarget> ; # com/android/tools/r8/kotlin/n$$Lambda+0x0000021b573b8d40
# instanceKlass com/android/tools/r8/kotlin/y$$Lambda+0x0000021b573b8b08
instanceKlass com/android/tools/r8/kotlin/K
# instanceKlass com/android/tools/r8/kotlin/y$$Lambda+0x0000021b573b86a8
instanceKlass  @bci com/android/tools/r8/kotlin/y a (Lcom/android/tools/r8/internal/GQ;Lcom/android/tools/r8/graph/j1;Lcom/android/tools/r8/graph/y;)Z 176 <appendix> member <vmtarget> ; # com/android/tools/r8/kotlin/y$$Lambda+0x0000021b573b8470
instanceKlass  @bci com/android/tools/r8/kotlin/n a (Lcom/android/tools/r8/graph/y;Lcom/android/tools/r8/graph/E0;)Lcom/android/tools/r8/internal/d60; 1166 <appendix> member <vmtarget> ; # com/android/tools/r8/kotlin/n$$Lambda+0x0000021b573b8238
# instanceKlass com/android/tools/r8/kotlin/n$$Lambda+0x0000021b573b8000
instanceKlass  @bci com/android/tools/r8/kotlin/p0 b (Ljava/util/function/Consumer;Lcom/android/tools/r8/graph/y;)Z 199 <appendix> member <vmtarget> ; # com/android/tools/r8/kotlin/p0$$Lambda+0x0000021b573b7cb0
instanceKlass com/android/tools/r8/internal/UQ
instanceKlass com/android/tools/r8/internal/iM
instanceKlass  @bci com/android/tools/r8/kotlin/b0 a (Lcom/android/tools/r8/graph/y;Ljava/util/List;Ljava/util/List;Lcom/android/tools/r8/internal/du0;)Z 34 <appendix> member <vmtarget> ; # com/android/tools/r8/kotlin/b0$$Lambda+0x0000021b573b7420
# instanceKlass com/android/tools/r8/kotlin/l$$Lambda+0x0000021b573b71e8
instanceKlass  @bci com/android/tools/r8/kotlin/l a (Ljava/util/Map;Lcom/android/tools/r8/graph/u1;)Ljava/util/Map; 25 <appendix> member <vmtarget> ; # com/android/tools/r8/kotlin/l$$Lambda+0x0000021b573b6fb0
instanceKlass  @bci com/android/tools/r8/kotlin/p0 b (Ljava/util/function/Consumer;Lcom/android/tools/r8/graph/y;)Z 185 <appendix> argL0 ; # com/android/tools/r8/kotlin/p0$$Lambda+0x0000021b573b6d90
instanceKlass  @bci com/android/tools/r8/kotlin/p0 b (Ljava/util/function/Consumer;Lcom/android/tools/r8/graph/y;)Z 164 <appendix> argL0 ; # com/android/tools/r8/kotlin/p0$$Lambda+0x0000021b573b6930
instanceKlass  @bci com/android/tools/r8/kotlin/p0 b (Ljava/util/function/Consumer;Lcom/android/tools/r8/graph/y;)Z 157 <appendix> member <vmtarget> ; # com/android/tools/r8/kotlin/p0$$Lambda+0x0000021b573b66f8
instanceKlass  @bci com/android/tools/r8/kotlin/p0 b (Ljava/util/function/Consumer;Lcom/android/tools/r8/graph/y;)Z 141 <appendix> argL0 ; # com/android/tools/r8/kotlin/p0$$Lambda+0x0000021b573b64d8
instanceKlass  @bci com/android/tools/r8/kotlin/p0 b (Ljava/util/function/Consumer;Lcom/android/tools/r8/graph/y;)Z 134 <appendix> member <vmtarget> ; # com/android/tools/r8/kotlin/p0$$Lambda+0x0000021b573b6068
instanceKlass com/android/tools/r8/kotlin/i0
instanceKlass  @bci com/android/tools/r8/kotlin/r a (Lcom/android/tools/r8/internal/eR;Lcom/android/tools/r8/graph/y;)Z 6 <appendix> member <vmtarget> ; # com/android/tools/r8/kotlin/r$$Lambda+0x0000021b573b5a98
instanceKlass  @bci com/android/tools/r8/kotlin/J a (Ljava/util/function/Consumer;Lcom/android/tools/r8/graph/j1;Lcom/android/tools/r8/graph/y;)Z 480 <appendix> member <vmtarget> ; # com/android/tools/r8/kotlin/J$$Lambda+0x0000021b573b5628
instanceKlass  @bci com/android/tools/r8/kotlin/N a (Lcom/android/tools/r8/graph/y;Lcom/android/tools/r8/graph/E0;Ljava/util/function/Consumer;)Z 92 <appendix> member <vmtarget> ; # com/android/tools/r8/kotlin/N$$Lambda+0x0000021b573b51b8
instanceKlass  @bci com/android/tools/r8/kotlin/a a (Lcom/android/tools/r8/internal/bR;Lcom/android/tools/r8/graph/u1;Lcom/android/tools/r8/internal/yg0;)Lcom/android/tools/r8/kotlin/a; 207 <appendix> member <vmtarget> ; # com/android/tools/r8/kotlin/a$$Lambda+0x0000021b573b4af8
instanceKlass com/android/tools/r8/internal/bM
instanceKlass  @bci com/android/tools/r8/kotlin/n0 a (Lcom/android/tools/r8/graph/y;Lcom/android/tools/r8/graph/E0;)Lcom/android/tools/r8/internal/d60; 66 <appendix> member <vmtarget> ; # com/android/tools/r8/kotlin/n0$$Lambda+0x0000021b573b4480
instanceKlass com/android/tools/r8/kotlin/l
# instanceKlass com/android/tools/r8/kotlin/n$$Lambda+0x0000021b573b4008
# instanceKlass com/android/tools/r8/kotlin/n$$Lambda+0x0000021b573b3dc0
# instanceKlass com/android/tools/r8/kotlin/n$$Lambda+0x0000021b573b3b78
instanceKlass com/android/tools/r8/kotlin/a
instanceKlass  @bci com/android/tools/r8/kotlin/n a (Lcom/android/tools/r8/internal/tR$a;Ljava/lang/String;Lcom/android/tools/r8/graph/E0;Lcom/android/tools/r8/graph/y;Ljava/util/function/Consumer;Ljava/util/function/BiConsumer;)Lcom/android/tools/r8/kotlin/n; 1002 <appendix> member <vmtarget> ; # com/android/tools/r8/kotlin/n$$Lambda+0x0000021b573b3588
# instanceKlass com/android/tools/r8/kotlin/J$$Lambda+0x0000021b573b3340
# instanceKlass com/android/tools/r8/kotlin/J$$Lambda+0x0000021b573b30f8
# instanceKlass com/android/tools/r8/kotlin/J$$Lambda+0x0000021b573b2eb0
instanceKlass com/android/tools/r8/kotlin/h0
# instanceKlass com/android/tools/r8/kotlin/J$$Lambda+0x0000021b573b2a20
instanceKlass  @bci com/android/tools/r8/kotlin/J a (Lcom/android/tools/r8/internal/VQ;Lcom/android/tools/r8/graph/u1;Lcom/android/tools/r8/internal/yg0;)Lcom/android/tools/r8/kotlin/J; 172 <appendix> member <vmtarget> ; # com/android/tools/r8/kotlin/J$$Lambda+0x0000021b573b2c68
instanceKlass com/android/tools/r8/internal/ZJ
instanceKlass com/android/tools/r8/kotlin/z
instanceKlass com/android/tools/r8/kotlin/O
instanceKlass com/android/tools/r8/kotlin/q0
# instanceKlass com/android/tools/r8/graph/h1$$Lambda+0x0000021b573b1cc0
instanceKlass  @bci com/android/tools/r8/graph/h1 a (Ljava/util/function/Consumer;Ljava/util/function/Consumer;)V 9 <appendix> member <vmtarget> ; # com/android/tools/r8/graph/h1$$Lambda+0x0000021b573b1a78
# instanceKlass com/android/tools/r8/graph/h1$$Lambda+0x0000021b573b1830
instanceKlass  @bci com/android/tools/r8/graph/h1 a (Ljava/util/function/Consumer;Ljava/util/function/Consumer;)V 3 <appendix> member <vmtarget> ; # com/android/tools/r8/graph/h1$$Lambda+0x0000021b573b15e8
instanceKlass com/android/tools/r8/kotlin/I
instanceKlass  @bci com/android/tools/r8/kotlin/q a (Lcom/android/tools/r8/graph/h1;Lcom/android/tools/r8/kotlin/P;)V 9 <appendix> member <vmtarget> ; # com/android/tools/r8/kotlin/q$$Lambda+0x0000021b573b1188
# instanceKlass com/android/tools/r8/kotlin/q$$Lambda+0x0000021b573b0f50
instanceKlass com/android/tools/r8/kotlin/r0
instanceKlass com/android/tools/r8/kotlin/m
# instanceKlass com/android/tools/r8/kotlin/q$$Lambda+0x0000021b573b08c8
instanceKlass  @bci com/android/tools/r8/kotlin/q a (Lcom/android/tools/r8/graph/h1;Lcom/android/tools/r8/kotlin/P;)V 3 <appendix> member <vmtarget> ; # com/android/tools/r8/kotlin/q$$Lambda+0x0000021b573b0690
instanceKlass com/android/tools/r8/kotlin/s0
instanceKlass com/android/tools/r8/kotlin/M
instanceKlass com/android/tools/r8/internal/gM
instanceKlass com/android/tools/r8/kotlin/w
instanceKlass com/android/tools/r8/kotlin/B
instanceKlass com/android/tools/r8/kotlin/y
instanceKlass com/android/tools/r8/kotlin/p0
instanceKlass com/android/tools/r8/kotlin/t0
instanceKlass com/android/tools/r8/kotlin/g0
instanceKlass com/android/tools/r8/kotlin/G
instanceKlass com/android/tools/r8/kotlin/J
instanceKlass com/android/tools/r8/kotlin/W
instanceKlass com/android/tools/r8/kotlin/n
instanceKlass com/android/tools/r8/internal/qs0
instanceKlass com/android/tools/r8/kotlin/N
instanceKlass  @bci com/android/tools/r8/internal/hz0 a (Lcom/android/tools/r8/internal/ez0;Lcom/android/tools/r8/internal/nR;)Ljava/lang/Integer; 322 <appendix> member <vmtarget> ; # com/android/tools/r8/internal/hz0$$Lambda+0x0000021b573ae470
instanceKlass com/android/tools/r8/internal/Yn0
instanceKlass  @bci com/android/tools/r8/internal/hz0 a (Lcom/android/tools/r8/internal/ez0;Lcom/android/tools/r8/internal/nR;)Ljava/lang/Integer; 315 <appendix> member <vmtarget> ; # com/android/tools/r8/internal/hz0$$Lambda+0x0000021b573ae000
instanceKlass  @cpi com/android/tools/r8/internal/hz0 651 form vmentry <vmtarget> ; # java/lang/invoke/LambdaForm$DMH+0x0000021b573ac000
instanceKlass com/android/tools/r8/internal/fz
instanceKlass com/android/tools/r8/internal/kw0
instanceKlass com/android/tools/r8/internal/ZM
instanceKlass com/android/tools/r8/internal/PQ
instanceKlass com/android/tools/r8/internal/Bu
instanceKlass com/android/tools/r8/internal/f0
instanceKlass com/android/tools/r8/internal/fR
instanceKlass com/android/tools/r8/internal/Ex
instanceKlass com/android/tools/r8/internal/c60
instanceKlass com/android/tools/r8/internal/CM
instanceKlass com/android/tools/r8/internal/dR
instanceKlass com/android/tools/r8/internal/cR
instanceKlass com/android/tools/r8/internal/mQ
instanceKlass com/android/tools/r8/internal/k5
instanceKlass com/android/tools/r8/internal/Z6
instanceKlass com/android/tools/r8/internal/Hx
instanceKlass com/android/tools/r8/internal/Cc0
instanceKlass com/android/tools/r8/internal/fS
instanceKlass com/android/tools/r8/internal/mR
instanceKlass com/android/tools/r8/internal/fz0
instanceKlass com/android/tools/r8/internal/hz0
instanceKlass com/android/tools/r8/internal/Ec0
instanceKlass com/android/tools/r8/internal/I8
instanceKlass com/android/tools/r8/internal/aK
instanceKlass com/android/tools/r8/internal/iK
instanceKlass com/android/tools/r8/internal/aN
instanceKlass com/android/tools/r8/internal/MZ
instanceKlass com/android/tools/r8/internal/ay0
instanceKlass com/android/tools/r8/internal/ez0
instanceKlass com/android/tools/r8/internal/bR
instanceKlass com/android/tools/r8/internal/Zx0
instanceKlass com/android/tools/r8/internal/Lx
instanceKlass com/android/tools/r8/internal/WM
instanceKlass com/android/tools/r8/internal/qe
instanceKlass com/android/tools/r8/internal/nR
instanceKlass com/android/tools/r8/internal/I70
instanceKlass com/android/tools/r8/internal/mM
instanceKlass com/android/tools/r8/internal/Eb0
instanceKlass com/android/tools/r8/internal/yf0
instanceKlass com/android/tools/r8/internal/kR
instanceKlass com/android/tools/r8/internal/eM
instanceKlass com/android/tools/r8/internal/LQ
instanceKlass com/android/tools/r8/internal/nM
instanceKlass com/android/tools/r8/internal/sd
instanceKlass com/android/tools/r8/internal/cf
instanceKlass com/android/tools/r8/internal/KQ
instanceKlass com/android/tools/r8/internal/Xa0
instanceKlass com/android/tools/r8/internal/jR
instanceKlass com/android/tools/r8/internal/dM
instanceKlass com/android/tools/r8/internal/Fv
instanceKlass com/android/tools/r8/internal/fM
instanceKlass com/android/tools/r8/internal/YM
instanceKlass com/android/tools/r8/internal/iR
instanceKlass com/android/tools/r8/internal/XM
instanceKlass com/android/tools/r8/internal/gR
instanceKlass com/android/tools/r8/internal/hR
instanceKlass com/android/tools/r8/internal/pQ
instanceKlass com/android/tools/r8/internal/eR
instanceKlass com/android/tools/r8/internal/Dc0
instanceKlass com/android/tools/r8/internal/rI
instanceKlass com/android/tools/r8/internal/vr0
instanceKlass com/android/tools/r8/internal/e60
instanceKlass com/android/tools/r8/internal/Ny
instanceKlass com/android/tools/r8/internal/My
instanceKlass com/android/tools/r8/internal/Ly
instanceKlass com/android/tools/r8/internal/Jy
instanceKlass com/android/tools/r8/internal/Iy
instanceKlass com/android/tools/r8/internal/Hy
instanceKlass com/android/tools/r8/internal/Gy
instanceKlass com/android/tools/r8/internal/Fy
instanceKlass com/android/tools/r8/internal/Ey
instanceKlass com/android/tools/r8/internal/Dy
instanceKlass com/android/tools/r8/internal/Cy
instanceKlass com/android/tools/r8/internal/By
instanceKlass com/android/tools/r8/internal/zy
instanceKlass com/android/tools/r8/internal/Vy
instanceKlass com/android/tools/r8/internal/Uy
instanceKlass com/android/tools/r8/internal/Ty
instanceKlass com/android/tools/r8/internal/Sy
instanceKlass com/android/tools/r8/internal/Ry
instanceKlass com/android/tools/r8/internal/Qy
instanceKlass com/android/tools/r8/internal/Py
instanceKlass com/android/tools/r8/internal/jM
instanceKlass com/android/tools/r8/internal/WQ
instanceKlass com/android/tools/r8/internal/Oy
instanceKlass com/android/tools/r8/internal/Ay
instanceKlass com/android/tools/r8/internal/VQ
instanceKlass com/android/tools/r8/internal/ee
instanceKlass com/android/tools/r8/internal/mf0
instanceKlass com/android/tools/r8/internal/lf0
instanceKlass com/android/tools/r8/internal/Kx
instanceKlass com/android/tools/r8/internal/bN
instanceKlass com/android/tools/r8/internal/Mc
instanceKlass com/android/tools/r8/internal/TQ
instanceKlass com/android/tools/r8/internal/BM
instanceKlass com/android/tools/r8/internal/cM
instanceKlass com/android/tools/r8/internal/IQ
instanceKlass com/android/tools/r8/internal/ZQ
instanceKlass com/android/tools/r8/internal/HQ
instanceKlass com/android/tools/r8/internal/SQ
instanceKlass com/android/tools/r8/internal/Fc0
instanceKlass com/android/tools/r8/internal/oM
instanceKlass java/io/Reader
instanceKlass com/android/tools/r8/internal/YQ
instanceKlass com/android/tools/r8/internal/Rv0
instanceKlass com/android/tools/r8/internal/fs0
instanceKlass  @bci com/android/tools/r8/internal/lX <clinit> ()V 10 <appendix> argL0 ; # com/android/tools/r8/internal/lX$$Lambda+0x0000021b5738ebd0
instanceKlass com/android/tools/r8/internal/by0
instanceKlass com/android/tools/r8/internal/lX
instanceKlass com/android/tools/r8/internal/Dv0
instanceKlass com/android/tools/r8/internal/mX
instanceKlass com/android/tools/r8/internal/Bc0
instanceKlass com/android/tools/r8/internal/GQ
instanceKlass com/android/tools/r8/internal/XQ
instanceKlass com/android/tools/r8/internal/Wn0
instanceKlass com/android/tools/r8/internal/iu
instanceKlass com/android/tools/r8/internal/Oe
instanceKlass com/android/tools/r8/internal/BD
instanceKlass com/android/tools/r8/internal/DD
instanceKlass com/android/tools/r8/internal/hW
instanceKlass  @bci com/android/tools/r8/internal/gf a (Ljava/util/List;)Lcom/android/tools/r8/internal/CD; 5 <appendix> member <vmtarget> ; # com/android/tools/r8/internal/gf$$Lambda+0x0000021b5738b358
instanceKlass com/android/tools/r8/internal/yy
instanceKlass com/android/tools/r8/internal/CD
instanceKlass com/android/tools/r8/internal/s
instanceKlass com/android/tools/r8/internal/d4
instanceKlass com/android/tools/r8/internal/hf
instanceKlass com/android/tools/r8/internal/AM
instanceKlass com/android/tools/r8/internal/OZ
instanceKlass com/android/tools/r8/internal/jz0
instanceKlass com/android/tools/r8/internal/O6
instanceKlass com/android/tools/r8/internal/Jv
instanceKlass com/android/tools/r8/internal/sJ
instanceKlass com/android/tools/r8/internal/jz
instanceKlass com/android/tools/r8/internal/Qn0
instanceKlass com/android/tools/r8/internal/Un0
instanceKlass com/android/tools/r8/internal/Ww
instanceKlass com/android/tools/r8/internal/dz
instanceKlass com/android/tools/r8/internal/m8
instanceKlass com/android/tools/r8/internal/Sn0
instanceKlass com/android/tools/r8/internal/He
instanceKlass com/android/tools/r8/internal/iz
instanceKlass com/android/tools/r8/internal/TM
instanceKlass com/android/tools/r8/kotlin/n0
instanceKlass com/android/tools/r8/internal/Kv
instanceKlass com/android/tools/r8/internal/pM
instanceKlass com/android/tools/r8/internal/qM
instanceKlass com/android/tools/r8/internal/uR
instanceKlass com/android/tools/r8/internal/VM
instanceKlass com/android/tools/r8/internal/UM
instanceKlass com/android/tools/r8/internal/NQ
instanceKlass com/android/tools/r8/internal/O0
instanceKlass com/android/tools/r8/internal/ZW
instanceKlass com/android/tools/r8/internal/j1
instanceKlass com/android/tools/r8/internal/m60
instanceKlass  @bci com/android/tools/r8/kotlin/q b (Lcom/android/tools/r8/graph/R2;Ljava/lang/String;)[Ljava/lang/String; 41 <appendix> form vmentry <vmtarget> ; # java/lang/invoke/LambdaForm$MH+0x0000021b5737f400
# instanceKlass java/lang/invoke/LambdaForm$MH+0x0000021b5737f000
# instanceKlass java/lang/invoke/LambdaForm$MH+0x0000021b5737ec00
# instanceKlass java/lang/invoke/LambdaForm$MH+0x0000021b5737e800
# instanceKlass java/lang/invoke/LambdaForm$MH+0x0000021b5737e400
# instanceKlass java/lang/invoke/LambdaForm$MH+0x0000021b5737e000
# instanceKlass java/lang/invoke/LambdaForm$MH+0x0000021b5737dc00
# instanceKlass java/lang/invoke/LambdaForm$MH+0x0000021b5737d800
# instanceKlass java/lang/invoke/LambdaForm$MH+0x0000021b5737d400
# instanceKlass java/lang/invoke/LambdaForm$MH+0x0000021b5737d000
# instanceKlass java/lang/invoke/LambdaForm$MH+0x0000021b5737cc00
# instanceKlass java/lang/invoke/LambdaForm$MH+0x0000021b5737c800
# instanceKlass java/lang/invoke/LambdaForm$MH+0x0000021b5737c400
# instanceKlass java/lang/invoke/LambdaForm$MH+0x0000021b5737c000
instanceKlass  @bci com/android/tools/r8/kotlin/q b (Lcom/android/tools/r8/graph/R2;Ljava/lang/String;)[Ljava/lang/String; 41 <appendix> argL3 form vmentry <vmtarget> ; # java/lang/invoke/LambdaForm$MH+0x0000021b57377400
# instanceKlass java/lang/invoke/LambdaForm$MH+0x0000021b57377000
# instanceKlass java/lang/invoke/LambdaForm$MH+0x0000021b57376c00
# instanceKlass java/lang/invoke/LambdaForm$MH+0x0000021b57376800
# instanceKlass java/lang/invoke/LambdaForm$MH+0x0000021b57376000
# instanceKlass java/lang/invoke/LambdaForm$MH+0x0000021b57376400
# instanceKlass java/lang/invoke/LambdaForm$MH+0x0000021b57375c00
instanceKlass com/android/tools/r8/internal/tR
# instanceKlass java/lang/invoke/LambdaForm$MH+0x0000021b57375800
# instanceKlass java/lang/invoke/LambdaForm$MH+0x0000021b57375400
# instanceKlass java/lang/invoke/LambdaForm$MH+0x0000021b57375000
# instanceKlass java/lang/invoke/LambdaForm$MH+0x0000021b57374c00
# instanceKlass java/lang/invoke/LambdaForm$MH+0x0000021b57374800
# instanceKlass java/lang/invoke/LambdaForm$MH+0x0000021b57374400
# instanceKlass java/lang/invoke/LambdaForm$MH+0x0000021b57374000
# instanceKlass java/lang/invoke/LambdaForm$MH+0x0000021b57373c00
# instanceKlass java/lang/invoke/LambdaForm$MH+0x0000021b57373800
# instanceKlass java/lang/invoke/LambdaForm$MH+0x0000021b57373400
# instanceKlass java/lang/invoke/LambdaForm$MH+0x0000021b57373000
# instanceKlass java/lang/invoke/LambdaForm$MH+0x0000021b57372c00
# instanceKlass java/lang/invoke/LambdaForm$MH+0x0000021b57372800
# instanceKlass java/lang/invoke/LambdaForm$MH+0x0000021b57372400
# instanceKlass java/lang/invoke/LambdaForm$MH+0x0000021b57372000
# instanceKlass java/lang/invoke/LambdaForm$MH+0x0000021b57371c00
# instanceKlass java/lang/invoke/LambdaForm$MH+0x0000021b57371800
# instanceKlass java/lang/invoke/LambdaForm$MH+0x0000021b57371400
# instanceKlass java/lang/invoke/LambdaForm$MH+0x0000021b57371000
# instanceKlass java/lang/invoke/LambdaForm$MH+0x0000021b57370c00
# instanceKlass java/lang/invoke/LambdaForm$MH+0x0000021b57370800
instanceKlass com/android/tools/r8/kotlin/Q
# instanceKlass java/lang/invoke/LambdaForm$MH+0x0000021b57370400
# instanceKlass java/lang/invoke/LambdaForm$MH+0x0000021b57370000
# instanceKlass java/lang/invoke/LambdaForm$MH+0x0000021b5736fc00
# instanceKlass java/lang/invoke/LambdaForm$MH+0x0000021b5736f400
# instanceKlass java/lang/invoke/LambdaForm$MH+0x0000021b5736f800
# instanceKlass java/lang/invoke/LambdaForm$MH+0x0000021b5736f000
# instanceKlass java/lang/invoke/LambdaForm$MH+0x0000021b5736ec00
instanceKlass  @bci com/android/tools/r8/kotlin/q b (Lcom/android/tools/r8/graph/R2;Ljava/lang/String;)[Ljava/lang/String; 41 <appendix> argL1 form vmentry <vmtarget> ; # java/lang/invoke/LambdaForm$MH+0x0000021b5736e800
# instanceKlass java/lang/invoke/LambdaForm$MH+0x0000021b5736e400
# instanceKlass java/lang/invoke/LambdaForm$MH+0x0000021b5736e000
# instanceKlass java/lang/invoke/LambdaForm$MH+0x0000021b5736dc00
# instanceKlass java/lang/invoke/LambdaForm$MH+0x0000021b5736d800
# instanceKlass java/lang/invoke/LambdaForm$MH+0x0000021b5736d400
# instanceKlass java/lang/invoke/LambdaForm$MH+0x0000021b5736d000
instanceKlass com/android/tools/r8/internal/hX
# instanceKlass java/lang/invoke/LambdaForm$MH+0x0000021b5736cc00
# instanceKlass java/lang/invoke/LambdaForm$MH+0x0000021b5736c800
# instanceKlass java/lang/invoke/LambdaForm$MH+0x0000021b5736c400
# instanceKlass java/lang/invoke/LambdaForm$MH+0x0000021b5736c000
# instanceKlass java/lang/invoke/LambdaForm$MH+0x0000021b5736bc00
# instanceKlass java/lang/invoke/LambdaForm$MH+0x0000021b5736b800
# instanceKlass java/lang/invoke/LambdaForm$MH+0x0000021b5736b400
# instanceKlass java/lang/invoke/LambdaForm$MH+0x0000021b5736a800
# instanceKlass java/lang/invoke/LambdaForm$MH+0x0000021b5736a400
# instanceKlass java/lang/invoke/LambdaForm$MH+0x0000021b5736a000
# instanceKlass java/lang/invoke/LambdaForm$MH+0x0000021b5736b000
# instanceKlass java/lang/invoke/LambdaForm$MH+0x0000021b5736ac00
# instanceKlass java/lang/invoke/LambdaForm$MH+0x0000021b57369800
# instanceKlass java/lang/invoke/LambdaForm$MH+0x0000021b57369c00
# instanceKlass java/lang/invoke/LambdaForm$MH+0x0000021b57369400
# instanceKlass java/lang/invoke/LambdaForm$MH+0x0000021b57369000
# instanceKlass java/lang/invoke/LambdaForm$MH+0x0000021b57368c00
# instanceKlass java/lang/invoke/LambdaForm$MH+0x0000021b57368800
# instanceKlass java/lang/invoke/LambdaForm$MH+0x0000021b57368400
# instanceKlass java/lang/invoke/LambdaForm$MH+0x0000021b57368000
# instanceKlass java/lang/invoke/LambdaForm$MH+0x0000021b57360c00
# instanceKlass com/android/tools/r8/kotlin/q$$Lambda+0x0000021b57361460
# instanceKlass com/android/tools/r8/kotlin/q$$Lambda+0x0000021b57361230
# instanceKlass com/android/tools/r8/kotlin/q$$Lambda+0x0000021b57361000
# instanceKlass com/android/tools/r8/kotlin/q$$Lambda+0x0000021b57363c40
# instanceKlass com/android/tools/r8/kotlin/q$$Lambda+0x0000021b57363a10
# instanceKlass com/android/tools/r8/kotlin/q$$Lambda+0x0000021b573637e0
# instanceKlass com/android/tools/r8/kotlin/q$$Lambda+0x0000021b57363380
instanceKlass  @bci com/android/tools/r8/kotlin/q a (Lcom/android/tools/r8/graph/y;Lcom/android/tools/r8/graph/H2;Lcom/android/tools/r8/graph/r0;Ljava/util/function/Consumer;Ljava/util/function/BooleanSupplier;)Lcom/android/tools/r8/kotlin/o; 2 <appendix> argL0 ; # com/android/tools/r8/kotlin/q$$Lambda+0x0000021b573635b0
instanceKlass com/android/tools/r8/kotlin/q
# instanceKlass com/android/tools/r8/kotlin/Y$$Lambda+0x0000021b57362cf0
# instanceKlass com/android/tools/r8/kotlin/Y$$Lambda+0x0000021b57362ac8
# instanceKlass com/android/tools/r8/kotlin/Y$$Lambda+0x0000021b573628a0
# instanceKlass com/android/tools/r8/kotlin/Y$$Lambda+0x0000021b57362678
# instanceKlass com/android/tools/r8/kotlin/Y$$Lambda+0x0000021b57362450
# instanceKlass com/android/tools/r8/kotlin/Y$$Lambda+0x0000021b57362228
# instanceKlass com/android/tools/r8/kotlin/Y$$Lambda+0x0000021b57362000
instanceKlass  @bci com/android/tools/r8/kotlin/Y b (Lcom/android/tools/r8/internal/V6;Lcom/android/tools/r8/kotlin/X;Lcom/android/tools/r8/graph/H2;)V 72 <appendix> member <vmtarget> ; # com/android/tools/r8/kotlin/Y$$Lambda+0x0000021b57367cc0
instanceKlass  @bci com/android/tools/r8/kotlin/Y a (Ljava/util/Collection;Ljava/util/concurrent/ExecutorService;)V 25 <appendix> member <vmtarget> ; # com/android/tools/r8/kotlin/Y$$Lambda+0x0000021b57367a88
instanceKlass com/android/tools/r8/kotlin/X
instanceKlass com/android/tools/r8/kotlin/Y
instanceKlass  @bci com/android/tools/r8/D8 a (Lcom/android/tools/r8/graph/y;Lcom/android/tools/r8/internal/at0;Ljava/util/concurrent/ExecutorService;)V 54 <appendix> member <vmtarget> ; # com/android/tools/r8/D8$$Lambda+0x0000021b573671e8
# instanceKlass com/android/tools/r8/graph/V3$$Lambda+0x0000021b57366f90
# instanceKlass com/android/tools/r8/graph/V3$$Lambda+0x0000021b57366d38
# instanceKlass com/android/tools/r8/graph/V3$$Lambda+0x0000021b57366ae0
# instanceKlass com/android/tools/r8/graph/V3$$Lambda+0x0000021b57366888
# instanceKlass com/android/tools/r8/graph/V3$$Lambda+0x0000021b57366630
# instanceKlass com/android/tools/r8/graph/V3$$Lambda+0x0000021b573663d8
# instanceKlass com/android/tools/r8/graph/V3$$Lambda+0x0000021b57366180
instanceKlass  @bci com/android/tools/r8/graph/V3 a (Ljava/util/List;Ljava/util/List;Lcom/android/tools/r8/graph/M2;)V 2 <appendix> member <vmtarget> ; # com/android/tools/r8/graph/V3$$Lambda+0x0000021b57365f28
# instanceKlass com/android/tools/r8/graph/V3$$Lambda+0x0000021b57365ce0
# instanceKlass com/android/tools/r8/graph/V3$$Lambda+0x0000021b57365aa8
instanceKlass  @bci com/android/tools/r8/graph/V3 e (Ljava/util/List;)Ljava/util/List; 50 <appendix> member <vmtarget> ; # com/android/tools/r8/graph/V3$$Lambda+0x0000021b57365870
# instanceKlass com/android/tools/r8/graph/V3$$Lambda+0x0000021b57365628
# instanceKlass com/android/tools/r8/graph/V3$$Lambda+0x0000021b573653e0
instanceKlass  @bci com/android/tools/r8/graph/V3 a (Lcom/android/tools/r8/graph/M2;Lcom/android/tools/r8/graph/M2;Ljava/util/List;)Ljava/util/List; 48 <appendix> member <vmtarget> ; # com/android/tools/r8/graph/V3$$Lambda+0x0000021b57365198
instanceKlass  @bci com/android/tools/r8/graph/V3 a (Ljava/util/List;)Ljava/util/List; 13 <appendix> member <vmtarget> ; # com/android/tools/r8/graph/V3$$Lambda+0x0000021b57364f50
# instanceKlass com/android/tools/r8/graph/V3$$Lambda+0x0000021b57364d08
instanceKlass  @bci com/android/tools/r8/graph/V3 d (Ljava/util/List;)Ljava/util/List; 13 <appendix> member <vmtarget> ; # com/android/tools/r8/graph/V3$$Lambda+0x0000021b57364ac0
instanceKlass com/android/tools/r8/graph/L3
# instanceKlass com/android/tools/r8/internal/oU$$Lambda+0x0000021b57364688
# instanceKlass com/android/tools/r8/internal/oU$$Lambda+0x0000021b57364460
instanceKlass  @bci com/android/tools/r8/internal/oU a (Ljava/util/List;Ljava/util/function/Function;Ljava/util/List;)Ljava/util/List; 2 <appendix> member <vmtarget> ; # com/android/tools/r8/internal/oU$$Lambda+0x0000021b57364238
# instanceKlass com/android/tools/r8/internal/Mz$$Lambda+0x0000021b57364000
instanceKlass  @bci com/android/tools/r8/internal/Mz a (Ljava/util/function/Predicate;Ljava/util/function/BiPredicate;Ljava/util/function/Predicate;Lcom/android/tools/r8/graph/H2;)V 148 <appendix> member <vmtarget> ; # com/android/tools/r8/internal/Mz$$Lambda+0x0000021b5735fc30
# instanceKlass com/android/tools/r8/internal/Mz$$Lambda+0x0000021b5735f9f8
# instanceKlass java/lang/invoke/LambdaForm$DMH+0x0000021b57360400
# instanceKlass java/lang/invoke/LambdaForm$DMH+0x0000021b57360000
instanceKlass  @cpi com/android/tools/r8/internal/oU 115 form vmentry <vmtarget> ; # java/lang/invoke/LambdaForm$DMH+0x0000021b57360800
instanceKlass  @bci com/android/tools/r8/internal/Uz d (Lcom/android/tools/r8/internal/Uz;Lcom/android/tools/r8/graph/M2;)Lcom/android/tools/r8/graph/M2; 7 <appendix> argL0 ; # com/android/tools/r8/internal/Uz$$Lambda+0x0000021b5735f7a8
instanceKlass com/android/tools/r8/internal/oI
# instanceKlass com/android/tools/r8/internal/Mz$$Lambda+0x0000021b5735f370
# instanceKlass com/android/tools/r8/internal/Mz$$Lambda+0x0000021b5735f138
# instanceKlass com/android/tools/r8/internal/Mz$$Lambda+0x0000021b5735ef00
# instanceKlass com/android/tools/r8/graph/V3$$Lambda+0x0000021b5735ecb8
instanceKlass  @bci com/android/tools/r8/graph/V3 c (Ljava/util/List;)Ljava/util/List; 13 <appendix> member <vmtarget> ; # com/android/tools/r8/graph/V3$$Lambda+0x0000021b5735ea70
instanceKlass  @bci com/android/tools/r8/graph/V3 e (Ljava/util/List;)Ljava/util/List; 13 <appendix> member <vmtarget> ; # com/android/tools/r8/graph/V3$$Lambda+0x0000021b5735e828
instanceKlass  @bci com/android/tools/r8/internal/Mz a (Ljava/util/function/Predicate;Ljava/util/function/BiPredicate;Ljava/util/function/Predicate;Lcom/android/tools/r8/graph/H2;)V 140 <appendix> member <vmtarget> ; # com/android/tools/r8/internal/Mz$$Lambda+0x0000021b5735e5f0
instanceKlass  @bci com/android/tools/r8/internal/Uz d (Lcom/android/tools/r8/internal/Uz;Lcom/android/tools/r8/graph/M2;)Lcom/android/tools/r8/graph/M2; 2 <appendix> argL0 ; # com/android/tools/r8/internal/Uz$$Lambda+0x0000021b5735e3c0
instanceKlass com/android/tools/r8/graph/T3
instanceKlass com/android/tools/r8/graph/V3
# instanceKlass com/android/tools/r8/graph/W3$$Lambda+0x0000021b5735dc70
# instanceKlass com/android/tools/r8/graph/W3$$Lambda+0x0000021b5735da28
# instanceKlass com/android/tools/r8/graph/W3$$Lambda+0x0000021b5735d7e0
# instanceKlass com/android/tools/r8/graph/W3$$Lambda+0x0000021b5735d598
# instanceKlass com/android/tools/r8/graph/W3$$Lambda+0x0000021b5735d350
# instanceKlass com/android/tools/r8/graph/W3$$Lambda+0x0000021b5735d108
# instanceKlass com/android/tools/r8/graph/W3$$Lambda+0x0000021b5735cec0
instanceKlass  @bci com/android/tools/r8/graph/W3 <init> (Lcom/android/tools/r8/graph/y;Lcom/android/tools/r8/graph/H2;Ljava/util/function/Predicate;)V 45 <appendix> member <vmtarget> ; # com/android/tools/r8/graph/W3$$Lambda+0x0000021b5735cc78
instanceKlass com/android/tools/r8/graph/W3
instanceKlass  @bci com/android/tools/r8/internal/Mz a (Ljava/util/Collection;Ljava/util/concurrent/ExecutorService;)V 119 <appendix> member <vmtarget> ; # com/android/tools/r8/internal/Mz$$Lambda+0x0000021b5735c820
instanceKlass  @bci com/android/tools/r8/internal/Mz a (Ljava/util/Collection;Ljava/util/concurrent/ExecutorService;)V 106 <appendix> member <vmtarget> ; # com/android/tools/r8/internal/Mz$$Lambda+0x0000021b5735c5c8
instanceKlass  @bci com/android/tools/r8/internal/Mz a (Ljava/util/Collection;Ljava/util/concurrent/ExecutorService;)V 99 <appendix> member <vmtarget> ; # com/android/tools/r8/internal/Mz$$Lambda+0x0000021b5735c370
instanceKlass  @bci com/android/tools/r8/internal/Mz a (Ljava/util/Collection;Ljava/util/concurrent/ExecutorService;)V 93 <appendix> member <vmtarget> ; # com/android/tools/r8/internal/Mz$$Lambda+0x0000021b5735c118
instanceKlass com/android/tools/r8/internal/Mz
instanceKlass  @bci com/android/tools/r8/D8 a (Lcom/android/tools/r8/graph/y;Lcom/android/tools/r8/internal/at0;Ljava/util/concurrent/ExecutorService;)V 41 <appendix> member <vmtarget> ; # com/android/tools/r8/D8$$Lambda+0x0000021b5735bce0
instanceKlass com/android/tools/r8/internal/i70
instanceKlass com/android/tools/r8/internal/IA
instanceKlass  @bci com/android/tools/r8/D8 a (Lcom/android/tools/r8/graph/y;Lcom/android/tools/r8/internal/at0;Ljava/util/concurrent/ExecutorService;)V 28 <appendix> member <vmtarget> ; # com/android/tools/r8/D8$$Lambda+0x0000021b5735a8f0
instanceKlass  @bci com/android/tools/r8/graph/R5 a (Lcom/android/tools/r8/graph/J2;)Z 16 <appendix> member <vmtarget> ; # com/android/tools/r8/graph/R5$$Lambda+0x0000021b5735a6a8
instanceKlass  @bci com/android/tools/r8/graph/R5 a (Lcom/android/tools/r8/graph/J2;)Z 10 <appendix> member <vmtarget> ; # com/android/tools/r8/graph/R5$$Lambda+0x0000021b5735a460
instanceKlass  @bci com/android/tools/r8/graph/R5 a (Lcom/android/tools/r8/graph/J2;)Z 4 <appendix> member <vmtarget> ; # com/android/tools/r8/graph/R5$$Lambda+0x0000021b5735a218
instanceKlass  @bci com/android/tools/r8/shaking/l a (Lcom/android/tools/r8/graph/R5;Lcom/android/tools/r8/internal/at0;)Lcom/android/tools/r8/shaking/l; 21 <appendix> member <vmtarget> ; # com/android/tools/r8/shaking/l$$Lambda+0x0000021b57359fe0
instanceKlass  @bci com/android/tools/r8/shaking/p2 a (Lcom/android/tools/r8/graph/R5;)Lcom/android/tools/r8/shaking/p2; 90 <appendix> member <vmtarget> ; # com/android/tools/r8/shaking/p2$$Lambda+0x0000021b57359da8
instanceKlass  @bci com/android/tools/r8/shaking/p2 a (Lcom/android/tools/r8/graph/R5;)Lcom/android/tools/r8/shaking/p2; 74 <appendix> member <vmtarget> ; # com/android/tools/r8/shaking/p2$$Lambda+0x0000021b57359b70
instanceKlass  @bci com/android/tools/r8/shaking/p2 a (Lcom/android/tools/r8/graph/R5;)Lcom/android/tools/r8/shaking/p2; 58 <appendix> member <vmtarget> ; # com/android/tools/r8/shaking/p2$$Lambda+0x0000021b57359938
instanceKlass  @bci com/android/tools/r8/shaking/p2 a (Lcom/android/tools/r8/graph/R5;)Lcom/android/tools/r8/shaking/p2; 25 <appendix> member <vmtarget> ; # com/android/tools/r8/shaking/p2$$Lambda+0x0000021b57359700
instanceKlass  @bci com/android/tools/r8/internal/he a (Lcom/android/tools/r8/graph/R5;)Lcom/android/tools/r8/internal/he; 14 <appendix> member <vmtarget> ; # com/android/tools/r8/internal/he$$Lambda+0x0000021b573594c8
instanceKlass  @bci com/android/tools/r8/shaking/p2 b (Lcom/android/tools/r8/synthesis/E;Lcom/android/tools/r8/internal/Uz;)Lcom/android/tools/r8/shaking/p2; 78 <appendix> member <vmtarget> ; # com/android/tools/r8/shaking/p2$$Lambda+0x0000021b57359290
instanceKlass  @bci com/android/tools/r8/shaking/p2 b (Lcom/android/tools/r8/synthesis/E;Lcom/android/tools/r8/internal/Uz;)Lcom/android/tools/r8/shaking/p2; 61 <appendix> member <vmtarget> ; # com/android/tools/r8/shaking/p2$$Lambda+0x0000021b57359058
instanceKlass  @bci com/android/tools/r8/shaking/p2 b (Lcom/android/tools/r8/synthesis/E;Lcom/android/tools/r8/internal/Uz;)Lcom/android/tools/r8/shaking/p2; 45 <appendix> member <vmtarget> ; # com/android/tools/r8/shaking/p2$$Lambda+0x0000021b57358e20
instanceKlass  @bci com/android/tools/r8/shaking/p2 b (Lcom/android/tools/r8/synthesis/E;Lcom/android/tools/r8/internal/Uz;)Lcom/android/tools/r8/shaking/p2; 10 <appendix> member <vmtarget> ; # com/android/tools/r8/shaking/p2$$Lambda+0x0000021b57358be8
instanceKlass  @bci com/android/tools/r8/shaking/p2 a (Lcom/android/tools/r8/synthesis/E;Lcom/android/tools/r8/internal/Uz;Lcom/android/tools/r8/internal/at0;)Lcom/android/tools/r8/shaking/p2; 4 <appendix> member <vmtarget> ; # com/android/tools/r8/shaking/p2$$Lambda+0x0000021b573589c0
instanceKlass com/android/tools/r8/synthesis/x
instanceKlass  @bci com/android/tools/r8/synthesis/z a (Lcom/android/tools/r8/graph/y;Lcom/android/tools/r8/internal/at0;)Lcom/android/tools/r8/synthesis/x; 377 <appendix> member <vmtarget> ; # com/android/tools/r8/synthesis/z$$Lambda+0x0000021b57358470
instanceKlass  @bci com/android/tools/r8/synthesis/z a (Lcom/android/tools/r8/synthesis/y;Ljava/util/function/Consumer;)V 6 <appendix> member <vmtarget> ; # com/android/tools/r8/synthesis/z$$Lambda+0x0000021b57358238
instanceKlass  @bci com/android/tools/r8/internal/tm0 b (Lcom/android/tools/r8/internal/my;)Lcom/android/tools/r8/internal/dD; 14 <appendix> member <vmtarget> ; # com/android/tools/r8/internal/tm0$$Lambda+0x0000021b57358000
instanceKlass  @bci com/android/tools/r8/synthesis/z a (Lcom/android/tools/r8/graph/y;Lcom/android/tools/r8/internal/at0;)Lcom/android/tools/r8/synthesis/x; 272 <appendix> member <vmtarget> ; # com/android/tools/r8/synthesis/z$$Lambda+0x0000021b57354c70
instanceKlass  @bci com/android/tools/r8/synthesis/d a (Ljava/util/function/Consumer;)V 24 <appendix> member <vmtarget> ; # com/android/tools/r8/synthesis/d$$Lambda+0x0000021b57354a38
instanceKlass  @bci com/android/tools/r8/synthesis/d a (Ljava/util/function/Consumer;)V 9 <appendix> member <vmtarget> ; # com/android/tools/r8/synthesis/d$$Lambda+0x0000021b57354800
instanceKlass  @bci com/android/tools/r8/synthesis/z a (Lcom/android/tools/r8/graph/y;Lcom/android/tools/r8/internal/at0;)Lcom/android/tools/r8/synthesis/x; 174 <appendix> member <vmtarget> ; # com/android/tools/r8/synthesis/z$$Lambda+0x0000021b57355bb8
instanceKlass  @bci com/android/tools/r8/graph/p3 a (Ljava/util/function/Predicate;)Ljava/lang/Iterable; 49 <appendix> member <vmtarget> ; # com/android/tools/r8/graph/p3$$Lambda+0x0000021b57355930
instanceKlass  @bci com/android/tools/r8/graph/p3 a (Ljava/util/function/Predicate;)Ljava/lang/Iterable; 16 <appendix> member <vmtarget> ; # com/android/tools/r8/graph/p3$$Lambda+0x0000021b573556a8
instanceKlass  @bci com/android/tools/r8/graph/H2 f (Ljava/util/function/Consumer;Ljava/util/function/Predicate;)V 3 <appendix> member <vmtarget> ; # com/android/tools/r8/graph/H2$$Lambda+0x0000021b57355470
instanceKlass  @bci com/android/tools/r8/synthesis/z a (Lcom/android/tools/r8/internal/Yt0;Lcom/android/tools/r8/synthesis/v;Lcom/android/tools/r8/synthesis/w;)V 14 <appendix> member <vmtarget> ; # com/android/tools/r8/synthesis/z$$Lambda+0x0000021b57355238
instanceKlass  @bci com/android/tools/r8/synthesis/z a (Lcom/android/tools/r8/internal/at0;Lcom/android/tools/r8/graph/y;Ljava/util/Map;Ljava/util/Map;Lcom/android/tools/r8/synthesis/v;Ljava/util/function/BiConsumer;Ljava/util/function/BiConsumer;Ljava/util/Set;)Lcom/android/tools/r8/graph/x0; 538 <appendix> member <vmtarget> ; # com/android/tools/r8/synthesis/z$$Lambda+0x0000021b57355000
instanceKlass com/android/tools/r8/internal/M70
instanceKlass  @bci com/android/tools/r8/synthesis/z a (Lcom/android/tools/r8/internal/at0;Lcom/android/tools/r8/graph/y;Ljava/util/Map;Ljava/util/Map;Lcom/android/tools/r8/synthesis/v;Ljava/util/function/BiConsumer;Ljava/util/function/BiConsumer;Ljava/util/Set;)Lcom/android/tools/r8/graph/x0; 486 <appendix> member <vmtarget> ; # com/android/tools/r8/synthesis/z$$Lambda+0x0000021b573579a0
instanceKlass  @bci com/android/tools/r8/synthesis/z a (Lcom/android/tools/r8/internal/at0;Lcom/android/tools/r8/graph/y;Ljava/util/Map;Ljava/util/Map;Lcom/android/tools/r8/synthesis/v;Ljava/util/function/BiConsumer;Ljava/util/function/BiConsumer;Ljava/util/Set;)Lcom/android/tools/r8/graph/x0; 474 <appendix> member <vmtarget> ; # com/android/tools/r8/synthesis/z$$Lambda+0x0000021b57357768
instanceKlass com/android/tools/r8/internal/D30
instanceKlass  @bci com/android/tools/r8/graph/s3 c ()Ljava/util/List; 1 <appendix> argL0 ; # com/android/tools/r8/graph/s3$$Lambda+0x0000021b57356698
instanceKlass  @bci com/android/tools/r8/graph/S4 c (Ljava/util/function/Function;)Lcom/android/tools/r8/graph/S4; 68 <appendix> member <vmtarget> ; # com/android/tools/r8/graph/S4$$Lambda+0x0000021b57356460
instanceKlass  @bci com/android/tools/r8/graph/S0 a (Lcom/android/tools/r8/internal/Jr0;)V 1 <appendix> argL0 ; # com/android/tools/r8/graph/S0$$Lambda+0x0000021b57356220
instanceKlass  @bci com/android/tools/r8/graph/S0 b (Lcom/android/tools/r8/graph/O0;Lcom/android/tools/r8/internal/xf;)I 6 <appendix> argL0 ; # com/android/tools/r8/graph/S0$$Lambda+0x0000021b57356000
instanceKlass  @bci com/android/tools/r8/graph/j1 a (Lcom/android/tools/r8/graph/B2;Lcom/android/tools/r8/graph/u1;Ljava/util/function/Consumer;)Lcom/android/tools/r8/graph/j1; 7 <appendix> member <vmtarget> ; # com/android/tools/r8/graph/j1$$Lambda+0x0000021b57353cb0
instanceKlass  @cpi com/android/tools/r8/graph/j1 861 form vmentry <vmtarget> ; # java/lang/invoke/LambdaForm$DMH+0x0000021b57354400
instanceKlass  @bci com/android/tools/r8/internal/Yt0 a (Lcom/android/tools/r8/graph/H2;Lcom/android/tools/r8/graph/E0;)Lcom/android/tools/r8/graph/Q4; 6 <appendix> member <vmtarget> ; # com/android/tools/r8/internal/Yt0$$Lambda+0x0000021b57353a48
instanceKlass  @bci com/android/tools/r8/internal/Yt0 a (Lcom/android/tools/r8/graph/H2;)Lcom/android/tools/r8/graph/H2; 522 <appendix> member <vmtarget> ; # com/android/tools/r8/internal/Yt0$$Lambda+0x0000021b57353820
instanceKlass  @bci com/android/tools/r8/internal/Yt0 a (Ljava/util/Collection;)Ljava/util/ArrayList; 46 <appendix> member <vmtarget> ; # com/android/tools/r8/internal/Yt0$$Lambda+0x0000021b573535d8
instanceKlass  @bci com/android/tools/r8/graph/w0 a (Ljava/util/AbstractCollection;)Lcom/android/tools/r8/graph/w0; 73 <appendix> member <vmtarget> ; # com/android/tools/r8/graph/w0$$Lambda+0x0000021b573533a0
instanceKlass  @bci com/android/tools/r8/synthesis/z b (Lcom/android/tools/r8/graph/y;Lcom/android/tools/r8/shaking/p2;Ljava/util/Set;Ljava/util/Set;Ljava/util/List;Lcom/android/tools/r8/graph/M2;Lcom/android/tools/r8/synthesis/w;)V 57 <appendix> member <vmtarget> ; # com/android/tools/r8/synthesis/z$$Lambda+0x0000021b57353168
instanceKlass  @bci com/android/tools/r8/synthesis/z a (Lcom/android/tools/r8/internal/at0;Lcom/android/tools/r8/graph/y;Ljava/util/Map;Ljava/util/Map;Lcom/android/tools/r8/synthesis/v;Ljava/util/function/BiConsumer;Ljava/util/function/BiConsumer;Ljava/util/Set;)Lcom/android/tools/r8/graph/x0; 75 <appendix> member <vmtarget> ; # com/android/tools/r8/synthesis/z$$Lambda+0x0000021b57352f30
instanceKlass  @bci com/android/tools/r8/synthesis/z a (Lcom/android/tools/r8/graph/y;Lcom/android/tools/r8/shaking/p2;Ljava/util/Set;Ljava/util/Set;Ljava/util/List;Lcom/android/tools/r8/graph/M2;Lcom/android/tools/r8/synthesis/w;)V 57 <appendix> member <vmtarget> ; # com/android/tools/r8/synthesis/z$$Lambda+0x0000021b57352cf8
instanceKlass  @bci com/android/tools/r8/synthesis/w a (Lcom/android/tools/r8/shaking/p2;)Z 29 <appendix> member <vmtarget> ; # com/android/tools/r8/synthesis/w$$Lambda+0x0000021b57352a70
instanceKlass  @bci com/android/tools/r8/synthesis/z a (Lcom/android/tools/r8/internal/at0;Lcom/android/tools/r8/graph/y;Ljava/util/Map;Ljava/util/Map;Lcom/android/tools/r8/synthesis/v;Ljava/util/function/BiConsumer;Ljava/util/function/BiConsumer;Ljava/util/Set;)Lcom/android/tools/r8/graph/x0; 57 <appendix> member <vmtarget> ; # com/android/tools/r8/synthesis/z$$Lambda+0x0000021b57352838
instanceKlass  @cpi com/android/tools/r8/synthesis/z 721 form vmentry <vmtarget> ; # java/lang/invoke/LambdaForm$DMH+0x0000021b57354000
instanceKlass  @bci com/android/tools/r8/synthesis/z a (Lcom/android/tools/r8/graph/y;Lcom/android/tools/r8/internal/at0;)Lcom/android/tools/r8/synthesis/x; 129 <appendix> member <vmtarget> ; # com/android/tools/r8/synthesis/z$$Lambda+0x0000021b57352600
instanceKlass  @bci com/android/tools/r8/synthesis/z a (Lcom/android/tools/r8/graph/y;Lcom/android/tools/r8/internal/at0;)Lcom/android/tools/r8/synthesis/x; 122 <appendix> member <vmtarget> ; # com/android/tools/r8/synthesis/z$$Lambda+0x0000021b573523c8
instanceKlass  @bci com/android/tools/r8/internal/lp b (Lcom/android/tools/r8/internal/EA;)V 0 <appendix> argL0 ; # com/android/tools/r8/internal/lp$$Lambda+0x0000021b573521a8
instanceKlass java/lang/foreign/MemorySegment
instanceKlass  @bci com/android/tools/r8/internal/tp b (Lcom/android/tools/r8/internal/EA;)V 0 <appendix> argL0 ; # com/android/tools/r8/internal/tp$$Lambda+0x0000021b57351f88
instanceKlass  @bci com/android/tools/r8/graph/g1 a (Lcom/android/tools/r8/internal/Jr0;)V 33 <appendix> argL0 ; # com/android/tools/r8/graph/g1$$Lambda+0x0000021b57351d38
instanceKlass  @bci com/android/tools/r8/graph/g1 a (Lcom/android/tools/r8/internal/Jr0;)V 25 <appendix> argL0 ; # com/android/tools/r8/graph/g1$$Lambda+0x0000021b57351ae8
instanceKlass  @bci com/android/tools/r8/graph/g1 a (Lcom/android/tools/r8/internal/Jr0;)V 17 <appendix> argL0 ; # com/android/tools/r8/graph/g1$$Lambda+0x0000021b573518a8
instanceKlass  @bci com/android/tools/r8/graph/g1 a (Lcom/android/tools/r8/internal/Jr0;)V 9 <appendix> argL0 ; # com/android/tools/r8/graph/g1$$Lambda+0x0000021b57351668
instanceKlass  @bci com/android/tools/r8/graph/g1 a (Lcom/android/tools/r8/internal/Jr0;)V 1 <appendix> argL0 ; # com/android/tools/r8/graph/g1$$Lambda+0x0000021b57351428
instanceKlass  @bci com/android/tools/r8/graph/g1 m ()Lcom/android/tools/r8/internal/Hr0; 0 <appendix> argL0 ; # com/android/tools/r8/graph/g1$$Lambda+0x0000021b57351208
instanceKlass  @bci com/android/tools/r8/graph/Q4 a ()Ljava/util/ArrayList; 29 <appendix> argL0 ; # com/android/tools/r8/graph/Q4$$Lambda+0x0000021b57350fc8
instanceKlass  @bci com/android/tools/r8/graph/Q4 a ()Ljava/util/ArrayList; 18 <appendix> member <vmtarget> ; # com/android/tools/r8/graph/Q4$$Lambda+0x0000021b57350d90
instanceKlass  @bci com/android/tools/r8/graph/H2 a (Lcom/android/tools/r8/internal/Jr0;)V 97 <appendix> argL0 ; # com/android/tools/r8/graph/H2$$Lambda+0x0000021b57350b50
instanceKlass  @bci com/android/tools/r8/graph/q3 a ()Ljava/util/ArrayList; 26 <appendix> argL0 ; # com/android/tools/r8/graph/q3$$Lambda+0x0000021b57350910
instanceKlass  @bci com/android/tools/r8/graph/q3 a (Ljava/util/function/Consumer;)V 2 <appendix> member <vmtarget> ; # com/android/tools/r8/graph/q3$$Lambda+0x0000021b573506c8
instanceKlass  @bci com/android/tools/r8/graph/q3 a ()Ljava/util/ArrayList; 18 <appendix> member <vmtarget> ; # com/android/tools/r8/graph/q3$$Lambda+0x0000021b57350490
instanceKlass  @bci com/android/tools/r8/graph/H2 a (Lcom/android/tools/r8/internal/Jr0;)V 89 <appendix> argL0 ; # com/android/tools/r8/graph/H2$$Lambda+0x0000021b57350250
instanceKlass  @bci com/android/tools/r8/graph/H2 a (Lcom/android/tools/r8/internal/Jr0;)V 81 <appendix> argL0 ; # com/android/tools/r8/graph/H2$$Lambda+0x0000021b57350000
instanceKlass  @bci com/android/tools/r8/graph/H2 a (Lcom/android/tools/r8/internal/Jr0;)V 73 <appendix> argL0 ; # com/android/tools/r8/graph/H2$$Lambda+0x0000021b5734dc80
instanceKlass  @bci com/android/tools/r8/internal/Jr0 h (Ljava/util/function/Function;)Lcom/android/tools/r8/internal/Jr0; 2 <appendix> argL0 ; # com/android/tools/r8/internal/Jr0$$Lambda+0x0000021b5734da40
instanceKlass  @bci com/android/tools/r8/graph/H2 a (Lcom/android/tools/r8/internal/Jr0;)V 65 <appendix> argL0 ; # com/android/tools/r8/graph/H2$$Lambda+0x0000021b5734d800
instanceKlass  @bci com/android/tools/r8/graph/H2 a (Lcom/android/tools/r8/internal/Jr0;)V 57 <appendix> argL0 ; # com/android/tools/r8/graph/H2$$Lambda+0x0000021b5734fd20
instanceKlass  @bci com/android/tools/r8/graph/H2 a (Lcom/android/tools/r8/internal/Jr0;)V 49 <appendix> argL0 ; # com/android/tools/r8/graph/H2$$Lambda+0x0000021b5734fad0
instanceKlass  @bci com/android/tools/r8/graph/H2 a (Lcom/android/tools/r8/internal/Jr0;)V 41 <appendix> argL0 ; # com/android/tools/r8/graph/H2$$Lambda+0x0000021b5734f890
instanceKlass  @bci com/android/tools/r8/graph/H2 a (Lcom/android/tools/r8/internal/Jr0;)V 33 <appendix> argL0 ; # com/android/tools/r8/graph/H2$$Lambda+0x0000021b5734f650
instanceKlass  @bci com/android/tools/r8/graph/H2 a (Lcom/android/tools/r8/internal/Jr0;)V 25 <appendix> argL0 ; # com/android/tools/r8/graph/H2$$Lambda+0x0000021b5734f410
instanceKlass  @bci com/android/tools/r8/graph/H2 a (Lcom/android/tools/r8/internal/Jr0;)V 17 <appendix> argL0 ; # com/android/tools/r8/graph/H2$$Lambda+0x0000021b5734f1d0
instanceKlass  @bci com/android/tools/r8/graph/H2 a (Lcom/android/tools/r8/internal/Jr0;)V 9 <appendix> argL0 ; # com/android/tools/r8/graph/H2$$Lambda+0x0000021b5734ef90
instanceKlass  @bci com/android/tools/r8/graph/H2 a (Lcom/android/tools/r8/internal/Jr0;)V 1 <appendix> argL0 ; # com/android/tools/r8/graph/H2$$Lambda+0x0000021b5734ed50
instanceKlass  @bci com/android/tools/r8/graph/H2 m ()Lcom/android/tools/r8/internal/Hr0; 0 <appendix> argL0 ; # com/android/tools/r8/graph/H2$$Lambda+0x0000021b5734eb30
instanceKlass  @bci com/android/tools/r8/synthesis/z a (Lcom/android/tools/r8/graph/y;Lcom/android/tools/r8/internal/at0;)Lcom/android/tools/r8/synthesis/x; 106 <appendix> member <vmtarget> ; # com/android/tools/r8/synthesis/z$$Lambda+0x0000021b5734e908
instanceKlass  @bci com/android/tools/r8/synthesis/z a (Lcom/android/tools/r8/synthesis/v;Lcom/android/tools/r8/graph/M2;Lcom/android/tools/r8/synthesis/w;)V 3 <appendix> member <vmtarget> ; # com/android/tools/r8/synthesis/z$$Lambda+0x0000021b5734e6d0
instanceKlass  @bci com/android/tools/r8/synthesis/z a (Ljava/util/Collection;Ljava/util/Map;Lcom/android/tools/r8/graph/y;Lcom/android/tools/r8/synthesis/v;Lcom/android/tools/r8/internal/at0;)Ljava/util/IdentityHashMap; 282 <appendix> member <vmtarget> ; # com/android/tools/r8/synthesis/z$$Lambda+0x0000021b5734e498
instanceKlass  @bci com/android/tools/r8/synthesis/z a (Lcom/android/tools/r8/synthesis/Q$b;Ljava/lang/String;Ljava/util/Map;Lcom/android/tools/r8/graph/y;Ljava/util/function/Predicate;)Lcom/android/tools/r8/graph/M2; 71 <appendix> argL0 ; # com/android/tools/r8/synthesis/z$$Lambda+0x0000021b5734e258
instanceKlass  @bci com/android/tools/r8/synthesis/z a (Lcom/android/tools/r8/graph/y;ZLjava/util/Map;Ljava/util/Map;Ljava/lang/String;Ljava/util/List;)V 319 <appendix> member <vmtarget> ; # com/android/tools/r8/synthesis/z$$Lambda+0x0000021b5734e000
instanceKlass  @bci com/android/tools/r8/synthesis/z a (Lcom/android/tools/r8/graph/y;ZLjava/util/Map;Ljava/util/Map;Ljava/lang/String;Ljava/util/List;)V 3 <appendix> member <vmtarget> ; # com/android/tools/r8/synthesis/z$$Lambda+0x0000021b5734bba8
instanceKlass  @bci com/android/tools/r8/synthesis/z a (Ljava/util/Collection;Ljava/util/Map;Lcom/android/tools/r8/graph/y;Lcom/android/tools/r8/synthesis/v;Lcom/android/tools/r8/internal/at0;)Ljava/util/IdentityHashMap; 270 <appendix> member <vmtarget> ; # com/android/tools/r8/synthesis/z$$Lambda+0x0000021b5734b970
instanceKlass  @cpi com/android/tools/r8/synthesis/z 612 form vmentry <vmtarget> ; # java/lang/invoke/LambdaForm$DMH+0x0000021b5734d400
instanceKlass  @bci com/android/tools/r8/synthesis/z a (Ljava/util/Collection;Ljava/util/Map;Lcom/android/tools/r8/graph/y;Lcom/android/tools/r8/synthesis/v;Lcom/android/tools/r8/internal/at0;)Ljava/util/IdentityHashMap; 246 <appendix> member <vmtarget> ; # com/android/tools/r8/synthesis/z$$Lambda+0x0000021b5734b738
instanceKlass  @cpi com/android/tools/r8/kotlin/m 177 form vmentry <vmtarget> ; # java/lang/invoke/LambdaForm$DMH+0x0000021b5734d000
instanceKlass  @bci com/android/tools/r8/internal/kp a (Lcom/android/tools/r8/internal/Up;Lcom/android/tools/r8/internal/xf;)I 6 <appendix> argL0 ; # com/android/tools/r8/internal/kp$$Lambda+0x0000021b5734b518
instanceKlass  @bci com/android/tools/r8/internal/up a (Lcom/android/tools/r8/internal/Up;Lcom/android/tools/r8/internal/xf;)I 6 <appendix> argL0 ; # com/android/tools/r8/internal/up$$Lambda+0x0000021b5734b2f8
instanceKlass  @bci com/android/tools/r8/synthesis/z a (Lcom/android/tools/r8/graph/y;Ljava/util/Map;Ljava/util/Map;Ljava/util/Map;Ljava/util/List;)V 209 <appendix> argL0 ; # com/android/tools/r8/synthesis/z$$Lambda+0x0000021b5734b0b8
instanceKlass com/android/tools/r8/synthesis/w
instanceKlass  @bci com/android/tools/r8/synthesis/z a (Lcom/android/tools/r8/graph/y;Ljava/util/List;Ljava/util/Map;)Ljava/util/List; 556 <appendix> member <vmtarget> ; # com/android/tools/r8/synthesis/z$$Lambda+0x0000021b5734ac70
instanceKlass  @bci com/android/tools/r8/internal/gp a (Lcom/android/tools/r8/internal/Up;Lcom/android/tools/r8/internal/xf;)I 6 <appendix> argL0 ; # com/android/tools/r8/internal/gp$$Lambda+0x0000021b5734aa50
instanceKlass  @bci com/android/tools/r8/internal/Gr0 a (Lcom/android/tools/r8/internal/Gr0;Lcom/android/tools/r8/internal/zg0;Lcom/android/tools/r8/internal/zg0;)I 8 <appendix> argL0 ; # com/android/tools/r8/internal/Gr0$$Lambda+0x0000021b5734a830
instanceKlass  @bci com/android/tools/r8/synthesis/t a (Lcom/android/tools/r8/synthesis/t;ZLcom/android/tools/r8/internal/Uz;Ljava/util/Map;Lcom/android/tools/r8/internal/he;)I 317 <appendix> member <vmtarget> ; # com/android/tools/r8/synthesis/t$$Lambda+0x0000021b5734a608
instanceKlass  @bci com/android/tools/r8/synthesis/t a (Lcom/android/tools/r8/synthesis/t;ZLcom/android/tools/r8/internal/Uz;Ljava/util/Map;Lcom/android/tools/r8/internal/he;)I 307 <appendix> member <vmtarget> ; # com/android/tools/r8/synthesis/t$$Lambda+0x0000021b5734a3e0
instanceKlass  @bci com/android/tools/r8/synthesis/z a (Lcom/android/tools/r8/graph/y;Ljava/util/List;Ljava/util/Map;)Ljava/util/List; 149 <adapter> ; # java/lang/invoke/LambdaForm$MH+0x0000021b5734cc00
# instanceKlass java/lang/invoke/LambdaForm$DMH+0x0000021b5734c800
instanceKlass  @bci com/android/tools/r8/synthesis/z a (Lcom/android/tools/r8/graph/y;Ljava/util/List;Ljava/util/Map;)Ljava/util/List; 149 <appendix> form vmentry <vmtarget> ; # java/lang/invoke/LambdaForm$DMH+0x0000021b5734c400
instanceKlass  @bci com/android/tools/r8/synthesis/z a (Lcom/android/tools/r8/graph/y;Ljava/util/List;Ljava/util/Map;)Ljava/util/List; 149 <appendix> member <vmtarget> ; # com/android/tools/r8/synthesis/z$$Lambda+0x0000021b5734a140
instanceKlass  @cpi com/android/tools/r8/synthesis/z 1036 form vmentry <vmtarget> ; # java/lang/invoke/LambdaForm$DMH+0x0000021b5734c000
instanceKlass  @bci com/android/tools/r8/synthesis/z a (Ljava/util/Collection;Ljava/util/Map;Lcom/android/tools/r8/graph/y;Lcom/android/tools/r8/synthesis/v;Lcom/android/tools/r8/internal/at0;)Ljava/util/IdentityHashMap; 76 <appendix> member <vmtarget> ; # com/android/tools/r8/synthesis/z$$Lambda+0x0000021b57349f08
instanceKlass  @bci com/android/tools/r8/synthesis/a h (Lcom/android/tools/r8/graph/B2;)Z 17 <appendix> argL0 ; # com/android/tools/r8/synthesis/a$$Lambda+0x0000021b57349c88
instanceKlass  @bci com/android/tools/r8/internal/VK b (Ljava/lang/Iterable;Ljava/util/function/Function;)Lcom/android/tools/r8/internal/XK; 6 <appendix> member <vmtarget> ; # com/android/tools/r8/internal/VK$$Lambda+0x0000021b57349a20
instanceKlass  @bci com/android/tools/r8/synthesis/E e (Lcom/android/tools/r8/graph/M2;)Lcom/android/tools/r8/internal/jy; 9 <appendix> argL0 ; # com/android/tools/r8/synthesis/E$$Lambda+0x0000021b573497e0
instanceKlass  @bci com/android/tools/r8/synthesis/z a (Ljava/util/Collection;Ljava/util/Map;Lcom/android/tools/r8/graph/y;Lcom/android/tools/r8/synthesis/v;Lcom/android/tools/r8/internal/at0;)Ljava/util/IdentityHashMap; 64 <appendix> member <vmtarget> ; # com/android/tools/r8/synthesis/z$$Lambda+0x0000021b573495a8
instanceKlass jdk/internal/foreign/MemorySessionImpl
instanceKlass java/lang/foreign/MemorySegment$Scope
instanceKlass  @bci com/android/tools/r8/internal/up a (Lcom/android/tools/r8/internal/Jr0;)V 9 <appendix> argL0 ; # com/android/tools/r8/internal/up$$Lambda+0x0000021b57349388
instanceKlass java/util/function/ToLongFunction
instanceKlass  @bci com/android/tools/r8/internal/up a (Lcom/android/tools/r8/internal/Jr0;)V 1 <appendix> argL0 ; # com/android/tools/r8/internal/up$$Lambda+0x0000021b57349168
instanceKlass  @bci com/android/tools/r8/internal/up b (Lcom/android/tools/r8/internal/EA;)V 0 <appendix> argL0 ; # com/android/tools/r8/internal/up$$Lambda+0x0000021b57348f48
instanceKlass  @bci com/android/tools/r8/internal/EA a (Lcom/android/tools/r8/graph/J2;)V 16 <appendix> member <vmtarget> ; # com/android/tools/r8/internal/EA$$Lambda+0x0000021b57348d10
instanceKlass  @bci com/android/tools/r8/internal/EA a (Lcom/android/tools/r8/graph/J2;)V 10 <appendix> member <vmtarget> ; # com/android/tools/r8/internal/EA$$Lambda+0x0000021b57348ad8
instanceKlass  @bci com/android/tools/r8/internal/EA a (Lcom/android/tools/r8/graph/J2;)V 4 <appendix> member <vmtarget> ; # com/android/tools/r8/internal/EA$$Lambda+0x0000021b573488a0
instanceKlass  @bci com/android/tools/r8/internal/ip b (Lcom/android/tools/r8/internal/EA;)V 0 <appendix> argL0 ; # com/android/tools/r8/internal/ip$$Lambda+0x0000021b57348680
instanceKlass  @bci com/android/tools/r8/internal/ep b (Lcom/android/tools/r8/internal/EA;)V 0 <appendix> argL0 ; # com/android/tools/r8/internal/ep$$Lambda+0x0000021b57348460
instanceKlass  @bci com/android/tools/r8/graph/J0$b$a a (Lcom/android/tools/r8/internal/Jr0;)V 9 <appendix> argL0 ; # com/android/tools/r8/graph/J0$b$a$$Lambda+0x0000021b57348240
instanceKlass  @bci com/android/tools/r8/graph/J0$b$a a (Lcom/android/tools/r8/internal/Jr0;)V 1 <appendix> argL0 ; # com/android/tools/r8/graph/J0$b$a$$Lambda+0x0000021b57348000
instanceKlass  @bci com/android/tools/r8/graph/J0$b$a m ()Lcom/android/tools/r8/internal/Hr0; 0 <appendix> argL0 ; # com/android/tools/r8/graph/J0$b$a$$Lambda+0x0000021b57340400
instanceKlass  @bci com/android/tools/r8/graph/J0$a a (Lcom/android/tools/r8/internal/Jr0;)V 17 <appendix> argL0 ; # com/android/tools/r8/graph/J0$a$$Lambda+0x0000021b57340c40
instanceKlass  @bci com/android/tools/r8/graph/J0$a a (Lcom/android/tools/r8/internal/Jr0;)V 9 <appendix> argL0 ; # com/android/tools/r8/graph/J0$a$$Lambda+0x0000021b57340a20
instanceKlass  @bci com/android/tools/r8/graph/J0$a a (Lcom/android/tools/r8/internal/Jr0;)V 1 <appendix> argL0 ; # com/android/tools/r8/graph/J0$a$$Lambda+0x0000021b57340800
instanceKlass  @bci com/android/tools/r8/graph/J0$a m ()Lcom/android/tools/r8/internal/Hr0; 0 <appendix> argL0 ; # com/android/tools/r8/graph/J0$a$$Lambda+0x0000021b57341cc8
instanceKlass  @bci com/android/tools/r8/internal/hp b (Lcom/android/tools/r8/internal/EA;)V 0 <appendix> argL0 ; # com/android/tools/r8/internal/hp$$Lambda+0x0000021b57341aa8
instanceKlass  @bci com/android/tools/r8/internal/dp b (Lcom/android/tools/r8/internal/EA;)V 21 <appendix> member <vmtarget> ; # com/android/tools/r8/internal/dp$$Lambda+0x0000021b57341880
instanceKlass  @bci com/android/tools/r8/internal/kp a (Lcom/android/tools/r8/internal/Jr0;)V 17 <appendix> argL0 ; # com/android/tools/r8/internal/kp$$Lambda+0x0000021b57341660
instanceKlass  @bci com/android/tools/r8/internal/kp a (Lcom/android/tools/r8/internal/Jr0;)V 9 <appendix> argL0 ; # com/android/tools/r8/internal/kp$$Lambda+0x0000021b57341440
instanceKlass  @bci com/android/tools/r8/internal/kp a (Lcom/android/tools/r8/internal/Jr0;)V 1 <appendix> argL0 ; # com/android/tools/r8/internal/kp$$Lambda+0x0000021b57341220
instanceKlass  @bci com/android/tools/r8/internal/kp b (Lcom/android/tools/r8/internal/EA;)V 0 <appendix> argL0 ; # com/android/tools/r8/internal/kp$$Lambda+0x0000021b57341000
instanceKlass  @bci com/android/tools/r8/internal/Zo b (Lcom/android/tools/r8/internal/EA;)V 0 <appendix> argL0 ; # com/android/tools/r8/internal/Zo$$Lambda+0x0000021b57343c40
instanceKlass  @bci com/android/tools/r8/internal/gp a (Lcom/android/tools/r8/internal/Jr0;)V 9 <appendix> argL0 ; # com/android/tools/r8/internal/gp$$Lambda+0x0000021b57343a20
instanceKlass  @bci com/android/tools/r8/internal/gp a (Lcom/android/tools/r8/internal/Jr0;)V 1 <appendix> argL0 ; # com/android/tools/r8/internal/gp$$Lambda+0x0000021b57343800
instanceKlass  @bci com/android/tools/r8/internal/gp b (Lcom/android/tools/r8/internal/EA;)V 0 <appendix> argL0 ; # com/android/tools/r8/internal/gp$$Lambda+0x0000021b573435e0
instanceKlass  @bci com/android/tools/r8/internal/sp b (Lcom/android/tools/r8/internal/EA;)V 0 <appendix> argL0 ; # com/android/tools/r8/internal/sp$$Lambda+0x0000021b573433c0
instanceKlass  @bci com/android/tools/r8/synthesis/z a (Lcom/android/tools/r8/graph/y;Ljava/util/IdentityHashMap;)Ljava/util/Collection; 412 <appendix> argL0 ; # com/android/tools/r8/synthesis/z$$Lambda+0x0000021b57343180
instanceKlass  @bci com/android/tools/r8/internal/bp b (Lcom/android/tools/r8/internal/EA;)V 0 <appendix> argL0 ; # com/android/tools/r8/internal/bp$$Lambda+0x0000021b57342f60
instanceKlass  @bci com/android/tools/r8/internal/mp b (Lcom/android/tools/r8/internal/EA;)V 0 <appendix> argL0 ; # com/android/tools/r8/internal/mp$$Lambda+0x0000021b57342d40
instanceKlass  @bci com/android/tools/r8/internal/fp b (Lcom/android/tools/r8/internal/EA;)V 0 <appendix> argL0 ; # com/android/tools/r8/internal/fp$$Lambda+0x0000021b57342b20
instanceKlass  @bci com/android/tools/r8/graph/J0 a (Lcom/android/tools/r8/internal/Jr0;)V 49 <appendix> argL0 ; # com/android/tools/r8/graph/J0$$Lambda+0x0000021b573428e0
instanceKlass  @bci com/android/tools/r8/graph/J0 a (Lcom/android/tools/r8/internal/Jr0;)V 41 <appendix> argL0 ; # com/android/tools/r8/graph/J0$$Lambda+0x0000021b573426a0
instanceKlass  @bci com/android/tools/r8/graph/J0 a (Lcom/android/tools/r8/internal/Jr0;)V 33 <appendix> argL0 ; # com/android/tools/r8/graph/J0$$Lambda+0x0000021b57342460
instanceKlass  @bci com/android/tools/r8/graph/J0 a (Lcom/android/tools/r8/internal/Jr0;)V 25 <appendix> argL0 ; # com/android/tools/r8/graph/J0$$Lambda+0x0000021b57342220
instanceKlass  @bci com/android/tools/r8/graph/J0 a (Lcom/android/tools/r8/internal/Jr0;)V 17 <appendix> argL0 ; # com/android/tools/r8/graph/J0$$Lambda+0x0000021b57342000
instanceKlass  @bci com/android/tools/r8/graph/J0 a (Lcom/android/tools/r8/internal/Jr0;)V 9 <appendix> argL0 ; # com/android/tools/r8/graph/J0$$Lambda+0x0000021b57347d58
instanceKlass  @bci com/android/tools/r8/graph/J0 a (Lcom/android/tools/r8/internal/Jr0;)V 1 <appendix> argL0 ; # com/android/tools/r8/graph/J0$$Lambda+0x0000021b57347b38
instanceKlass  @bci com/android/tools/r8/graph/J0 m ()Lcom/android/tools/r8/internal/Hr0; 0 <appendix> argL0 ; # com/android/tools/r8/graph/J0$$Lambda+0x0000021b57347918
instanceKlass  @bci com/android/tools/r8/internal/Jr0 a (Ljava/util/function/Function;Lcom/android/tools/r8/internal/Er0;Lcom/android/tools/r8/internal/Fr0;)Lcom/android/tools/r8/internal/Jr0; 1 <appendix> argL0 ; # com/android/tools/r8/internal/Jr0$$Lambda+0x0000021b573476c8
instanceKlass  @bci com/android/tools/r8/graph/j1 a (Lcom/android/tools/r8/internal/Jr0;)V 75 <appendix> argL0 ; # com/android/tools/r8/graph/j1$$Lambda+0x0000021b573474a8
instanceKlass  @bci com/android/tools/r8/graph/j1 a (Lcom/android/tools/r8/internal/Jr0;)V 70 <appendix> argL0 ; # com/android/tools/r8/graph/j1$$Lambda+0x0000021b57347288
instanceKlass  @bci com/android/tools/r8/graph/j1 a (Lcom/android/tools/r8/internal/Jr0;)V 65 <appendix> argL0 ; # com/android/tools/r8/graph/j1$$Lambda+0x0000021b57347048
instanceKlass  @bci com/android/tools/r8/graph/j1 a (Lcom/android/tools/r8/internal/Jr0;)V 57 <appendix> argL0 ; # com/android/tools/r8/graph/j1$$Lambda+0x0000021b57346df8
instanceKlass  @bci com/android/tools/r8/graph/j1 a (Lcom/android/tools/r8/internal/Jr0;)V 49 <appendix> argL0 ; # com/android/tools/r8/graph/j1$$Lambda+0x0000021b57346bb8
instanceKlass  @bci com/android/tools/r8/graph/j1 a (Lcom/android/tools/r8/internal/Jr0;)V 41 <appendix> argL0 ; # com/android/tools/r8/graph/j1$$Lambda+0x0000021b57346968
instanceKlass  @bci com/android/tools/r8/graph/j1 a (Lcom/android/tools/r8/internal/Jr0;)V 33 <appendix> argL0 ; # com/android/tools/r8/graph/j1$$Lambda+0x0000021b57346728
instanceKlass  @bci com/android/tools/r8/graph/C5 a (Lcom/android/tools/r8/internal/Jr0;)V 9 <appendix> argL0 ; # com/android/tools/r8/graph/C5$$Lambda+0x0000021b57346508
instanceKlass  @bci com/android/tools/r8/graph/C5 a (Lcom/android/tools/r8/internal/Jr0;)V 1 <appendix> argL0 ; # com/android/tools/r8/graph/C5$$Lambda+0x0000021b573462c8
instanceKlass  @bci com/android/tools/r8/graph/C5 m ()Lcom/android/tools/r8/internal/Hr0; 0 <appendix> argL0 ; # com/android/tools/r8/graph/C5$$Lambda+0x0000021b573460a8
instanceKlass  @bci com/android/tools/r8/graph/j1 a (Lcom/android/tools/r8/internal/Jr0;)V 25 <appendix> argL0 ; # com/android/tools/r8/graph/j1$$Lambda+0x0000021b57345e68
instanceKlass  @bci com/android/tools/r8/graph/u0 a (Lcom/android/tools/r8/internal/Jr0;)V 1 <appendix> argL0 ; # com/android/tools/r8/graph/u0$$Lambda+0x0000021b57345c28
instanceKlass  @bci com/android/tools/r8/graph/u0 m ()Lcom/android/tools/r8/internal/Hr0; 0 <appendix> argL0 ; # com/android/tools/r8/graph/u0$$Lambda+0x0000021b57345a08
instanceKlass  @bci com/android/tools/r8/graph/j1 a (Lcom/android/tools/r8/internal/Jr0;)V 17 <appendix> argL0 ; # com/android/tools/r8/graph/j1$$Lambda+0x0000021b573457c8
instanceKlass  @bci com/android/tools/r8/graph/g a (Lcom/android/tools/r8/internal/Jr0;)V 9 <appendix> argL0 ; # com/android/tools/r8/graph/g$$Lambda+0x0000021b573455a8
instanceKlass  @bci com/android/tools/r8/graph/g a (Lcom/android/tools/r8/internal/Jr0;)V 1 <appendix> argL0 ; # com/android/tools/r8/graph/g$$Lambda+0x0000021b57345388
instanceKlass  @bci com/android/tools/r8/graph/g m ()Lcom/android/tools/r8/internal/Hr0; 0 <appendix> argL0 ; # com/android/tools/r8/graph/g$$Lambda+0x0000021b57345168
instanceKlass  @bci com/android/tools/r8/graph/j1 a (Lcom/android/tools/r8/internal/Jr0;)V 9 <appendix> argL0 ; # com/android/tools/r8/graph/j1$$Lambda+0x0000021b57344f28
instanceKlass  @bci com/android/tools/r8/graph/j1 a (Lcom/android/tools/r8/internal/Jr0;)V 1 <appendix> argL0 ; # com/android/tools/r8/graph/j1$$Lambda+0x0000021b57344ce8
instanceKlass  @bci com/android/tools/r8/graph/j1 m ()Lcom/android/tools/r8/internal/Hr0; 0 <appendix> argL0 ; # com/android/tools/r8/graph/j1$$Lambda+0x0000021b57344ac8
instanceKlass  @bci com/android/tools/r8/internal/Gr0 a (Lcom/android/tools/r8/internal/zA;Lcom/android/tools/r8/internal/zg0;)V 6 <appendix> argL0 ; # com/android/tools/r8/internal/Gr0$$Lambda+0x0000021b573448a8
instanceKlass com/android/tools/r8/shaking/h1
instanceKlass com/android/tools/r8/shaking/g1
instanceKlass com/android/tools/r8/shaking/j1
instanceKlass com/android/tools/r8/shaking/e1
instanceKlass com/android/tools/r8/shaking/s1
instanceKlass com/android/tools/r8/shaking/t1
instanceKlass  @bci com/android/tools/r8/synthesis/z a (Lcom/android/tools/r8/graph/y;Ljava/util/IdentityHashMap;)Ljava/util/Collection; 148 <appendix> member <vmtarget> ; # com/android/tools/r8/synthesis/z$$Lambda+0x0000021b5733dbf0
instanceKlass  @bci com/android/tools/r8/synthesis/z a (Lcom/android/tools/r8/graph/y;Lcom/android/tools/r8/internal/AC;)Ljava/util/IdentityHashMap; 53 <appendix> member <vmtarget> ; # com/android/tools/r8/synthesis/z$$Lambda+0x0000021b5733d9a8
instanceKlass  @bci com/android/tools/r8/internal/gy iterator ()Ljava/util/Iterator; 8 <appendix> argL0 ; # com/android/tools/r8/internal/gy$$Lambda+0x0000021b5733d748
instanceKlass  @cpi com/android/tools/r8/internal/gy 28 form vmentry <vmtarget> ; # java/lang/invoke/LambdaForm$DMH+0x0000021b57340000
instanceKlass  @bci com/android/tools/r8/internal/VK a (Ljava/lang/Iterable;Ljava/util/function/Function;)Ljava/lang/Iterable; 6 <appendix> member <vmtarget> ; # com/android/tools/r8/internal/VK$$Lambda+0x0000021b5733d290
instanceKlass  @bci com/android/tools/r8/synthesis/z a (Lcom/android/tools/r8/graph/y;Lcom/android/tools/r8/internal/at0;)Lcom/android/tools/r8/synthesis/x; 85 <appendix> member <vmtarget> ; # com/android/tools/r8/synthesis/z$$Lambda+0x0000021b5733d068
instanceKlass com/android/tools/r8/synthesis/v
instanceKlass com/android/tools/r8/internal/Yt0
instanceKlass com/android/tools/r8/synthesis/z
instanceKlass  @bci com/android/tools/r8/D8 a (Lcom/android/tools/r8/graph/y;Lcom/android/tools/r8/internal/at0;Ljava/util/concurrent/ExecutorService;)V 14 <appendix> member <vmtarget> ; # com/android/tools/r8/D8$$Lambda+0x0000021b5733b6a8
instanceKlass  @bci com/android/tools/r8/D8 d (Lcom/android/tools/r8/utils/i;Lcom/android/tools/r8/internal/QJ;Ljava/util/concurrent/ExecutorService;)V 575 <appendix> member <vmtarget> ; # com/android/tools/r8/D8$$Lambda+0x0000021b5733b220
instanceKlass  @bci com/android/tools/r8/D8 d (Lcom/android/tools/r8/utils/i;Lcom/android/tools/r8/internal/QJ;Ljava/util/concurrent/ExecutorService;)V 556 <appendix> member <vmtarget> ; # com/android/tools/r8/D8$$Lambda+0x0000021b5733ad98
instanceKlass  @bci com/android/tools/r8/D8 d (Lcom/android/tools/r8/utils/i;Lcom/android/tools/r8/internal/QJ;Ljava/util/concurrent/ExecutorService;)V 537 <appendix> member <vmtarget> ; # com/android/tools/r8/D8$$Lambda+0x0000021b5733ab70
instanceKlass com/android/tools/r8/internal/mT
instanceKlass com/android/tools/r8/internal/gT
instanceKlass com/android/tools/r8/internal/ti
instanceKlass  @bci com/android/tools/r8/synthesis/d a (Ljava/util/Map;Lcom/android/tools/r8/graph/M2;Ljava/util/List;)V 2 <appendix> argL0 ; # com/android/tools/r8/synthesis/d$$Lambda+0x0000021b57339a18
instanceKlass  @bci com/android/tools/r8/internal/Pi a (Ljava/lang/Iterable;)V 2 <appendix> member <vmtarget> ; # com/android/tools/r8/internal/Pi$$Lambda+0x0000021b573397e0
instanceKlass  @bci com/android/tools/r8/internal/p5 a (Lcom/android/tools/r8/graph/B2;Lcom/android/tools/r8/graph/H2;Lcom/android/tools/r8/internal/m5;Lcom/android/tools/r8/internal/Kf;)Lcom/android/tools/r8/graph/j1; 141 <appendix> member <vmtarget> ; # com/android/tools/r8/internal/p5$$Lambda+0x0000021b573395b8
instanceKlass  @bci com/android/tools/r8/internal/Uz b (Lcom/android/tools/r8/internal/Uz;Lcom/android/tools/r8/graph/B2;)Lcom/android/tools/r8/graph/B2; 2 <appendix> argL0 ; # com/android/tools/r8/internal/Uz$$Lambda+0x0000021b57339388
instanceKlass  @bci com/android/tools/r8/internal/a00 <init> (Lcom/android/tools/r8/graph/y;Lcom/android/tools/r8/internal/q6;Ljava/util/Map;Lcom/android/tools/r8/internal/m6;Lcom/android/tools/r8/internal/m6;)V 17 <appendix> member <vmtarget> ; # com/android/tools/r8/internal/a00$$Lambda+0x0000021b57339140
instanceKlass  @bci com/android/tools/r8/graph/H2 J1 ()Lcom/android/tools/r8/internal/XK; 6 <appendix> member <vmtarget> ; # com/android/tools/r8/graph/H2$$Lambda+0x0000021b57338ed8
instanceKlass  @bci com/android/tools/r8/internal/n6 put (Ljava/lang/Object;Ljava/lang/Object;)Ljava/lang/Object; 22 <appendix> argL0 ; # com/android/tools/r8/internal/n6$$Lambda+0x0000021b57338c98
instanceKlass  @bci com/android/tools/r8/internal/mJ a (Lcom/android/tools/r8/internal/jJ;Lcom/android/tools/r8/graph/H2;Lcom/android/tools/r8/internal/lJ;)V 113 <appendix> member <vmtarget> ; # com/android/tools/r8/internal/mJ$$Lambda+0x0000021b57338a60
instanceKlass  @bci com/android/tools/r8/internal/mJ a (Lcom/android/tools/r8/internal/jJ;Lcom/android/tools/r8/graph/H2;Lcom/android/tools/r8/internal/lJ;)V 87 <appendix> member <vmtarget> ; # com/android/tools/r8/internal/mJ$$Lambda+0x0000021b57338828
instanceKlass  @bci com/android/tools/r8/internal/mJ a ()Lcom/android/tools/r8/internal/kJ; 19 <appendix> member <vmtarget> ; # com/android/tools/r8/internal/mJ$$Lambda+0x0000021b573385f0
instanceKlass com/android/tools/r8/internal/t6
instanceKlass com/android/tools/r8/internal/IZ
instanceKlass  @bci com/android/tools/r8/internal/Xd a (Lcom/android/tools/r8/internal/iJ;Ljava/util/concurrent/ExecutorService;)V 30 <appendix> member <vmtarget> ; # com/android/tools/r8/internal/Xd$$Lambda+0x0000021b57337c90
# instanceKlass com/android/tools/r8/internal/Xd$$Lambda+0x0000021b573377b0
# instanceKlass com/android/tools/r8/internal/Xd$$Lambda+0x0000021b57337570
# instanceKlass com/android/tools/r8/internal/Xd$$Lambda+0x0000021b57337330
# instanceKlass com/android/tools/r8/internal/Xd$$Lambda+0x0000021b573370f0
# instanceKlass com/android/tools/r8/internal/Xd$$Lambda+0x0000021b57336eb0
# instanceKlass com/android/tools/r8/internal/Xd$$Lambda+0x0000021b57336c70
# instanceKlass com/android/tools/r8/internal/Xd$$Lambda+0x0000021b57336a30
instanceKlass  @bci com/android/tools/r8/internal/Xd a (Lcom/android/tools/r8/internal/iJ;Lcom/android/tools/r8/graph/H2;Ljava/util/Map;)V 67 <appendix> argL0 ; # com/android/tools/r8/internal/Xd$$Lambda+0x0000021b573367f0
instanceKlass  @bci com/android/tools/r8/internal/Xd a (Lcom/android/tools/r8/internal/iJ;Ljava/util/concurrent/ExecutorService;)V 6 <appendix> member <vmtarget> ; # com/android/tools/r8/internal/Xd$$Lambda+0x0000021b573365c8
instanceKlass com/android/tools/r8/internal/wg0
instanceKlass com/android/tools/r8/errors/InterfaceDesugarMissingTypeDiagnostic
instanceKlass com/android/tools/r8/errors/DesugarDiagnostic
# instanceKlass com/android/tools/r8/internal/pV$$Lambda+0x0000021b57335cc8
instanceKlass  @bci com/android/tools/r8/internal/pV a (Lcom/android/tools/r8/graph/M2;)Z 10 <appendix> member <vmtarget> ; # com/android/tools/r8/internal/pV$$Lambda+0x0000021b57335a40
# instanceKlass com/android/tools/r8/internal/pV$$Lambda+0x0000021b573357b8
instanceKlass com/android/tools/r8/internal/Ai
# instanceKlass com/android/tools/r8/internal/pV$$Lambda+0x0000021b57334df8
# instanceKlass com/android/tools/r8/internal/pV$$Lambda+0x0000021b57335308
instanceKlass  @bci com/android/tools/r8/internal/pV b (Lcom/android/tools/r8/graph/M2;)Z 10 <appendix> member <vmtarget> ; # com/android/tools/r8/internal/pV$$Lambda+0x0000021b57335080
instanceKlass com/android/tools/r8/internal/ou
instanceKlass com/android/tools/r8/internal/Vd
# instanceKlass com/android/tools/r8/internal/Xd$$Lambda+0x0000021b57334310
# instanceKlass com/android/tools/r8/internal/Xd$$Lambda+0x0000021b57334550
# instanceKlass com/android/tools/r8/internal/Xd$$Lambda+0x0000021b573340d0
# instanceKlass com/android/tools/r8/internal/Xd$$Lambda+0x0000021b57333e90
instanceKlass  @bci com/android/tools/r8/internal/Xd a (Lcom/android/tools/r8/graph/K5;Lcom/android/tools/r8/graph/H0;)V 8 <appendix> argL0 ; # com/android/tools/r8/internal/Xd$$Lambda+0x0000021b57333c50
instanceKlass com/android/tools/r8/internal/OI
# instanceKlass com/android/tools/r8/graph/j$$Lambda+0x0000021b573337a0
# instanceKlass com/android/tools/r8/graph/j$$Lambda+0x0000021b573330c8
# instanceKlass com/android/tools/r8/graph/j$$Lambda+0x0000021b57333310
instanceKlass  @bci com/android/tools/r8/graph/j c (Lcom/android/tools/r8/graph/E0;Lcom/android/tools/r8/graph/B2;)Lcom/android/tools/r8/graph/c5; 2 <appendix> member <vmtarget> ; # com/android/tools/r8/graph/j$$Lambda+0x0000021b57332e80
# instanceKlass com/android/tools/r8/graph/j$$Lambda+0x0000021b57333558
instanceKlass  @bci com/android/tools/r8/graph/S4 l ()Ljava/util/Iterator; 16 <appendix> member <vmtarget> ; # com/android/tools/r8/graph/S4$$Lambda+0x0000021b57332c28
instanceKlass  @bci com/android/tools/r8/graph/S4 j ()Ljava/lang/Iterable; 1 <appendix> member <vmtarget> ; # com/android/tools/r8/graph/S4$$Lambda+0x0000021b573329e0
instanceKlass  @bci com/android/tools/r8/graph/S4 g ()I 2 <appendix> member <vmtarget> ; # com/android/tools/r8/graph/S4$$Lambda+0x0000021b57332788
# instanceKlass com/android/tools/r8/internal/Nd$$Lambda+0x0000021b57332530
# instanceKlass com/android/tools/r8/internal/Nd$$Lambda+0x0000021b573322d8
# instanceKlass com/android/tools/r8/internal/Nd$$Lambda+0x0000021b57332080
instanceKlass  @bci com/android/tools/r8/internal/Nd a (Lcom/android/tools/r8/graph/H0;)Z 11 <appendix> member <vmtarget> ; # com/android/tools/r8/internal/Nd$$Lambda+0x0000021b57331e28
# instanceKlass com/android/tools/r8/internal/Nd$$Lambda+0x0000021b57331be8
instanceKlass  @bci com/android/tools/r8/internal/Nd a (Lcom/android/tools/r8/graph/H0;)Z 5 <appendix> argL0 ; # com/android/tools/r8/internal/Nd$$Lambda+0x0000021b573319a8
# instanceKlass com/android/tools/r8/graph/E0$$Lambda+0x0000021b57331720
instanceKlass  @bci com/android/tools/r8/graph/j b (Lcom/android/tools/r8/graph/E0;Lcom/android/tools/r8/graph/I2;Lcom/android/tools/r8/graph/L2;)Lcom/android/tools/r8/graph/c5; 12 <appendix> member <vmtarget> ; # com/android/tools/r8/graph/j$$Lambda+0x0000021b573314d8
instanceKlass  @bci com/android/tools/r8/graph/E0 i (Ljava/util/function/Predicate;)Ljava/lang/Iterable; 11 <appendix> member <vmtarget> ; # com/android/tools/r8/graph/E0$$Lambda+0x0000021b57331250
# instanceKlass com/android/tools/r8/internal/Xd$$Lambda+0x0000021b57331000
instanceKlass  @bci com/android/tools/r8/internal/Xd a (Ljava/util/function/Predicate;Lcom/android/tools/r8/graph/E0;)Lcom/android/tools/r8/internal/Rd; 40 <appendix> argL0 ; # com/android/tools/r8/internal/Xd$$Lambda+0x0000021b57330db0
# instanceKlass com/android/tools/r8/internal/Xd$$Lambda+0x0000021b57330b68
# instanceKlass com/android/tools/r8/internal/Xd$$Lambda+0x0000021b57330920
# instanceKlass com/android/tools/r8/internal/Xd$$Lambda+0x0000021b573306d8
# instanceKlass com/android/tools/r8/internal/Xd$$Lambda+0x0000021b57330248
# instanceKlass com/android/tools/r8/internal/Xd$$Lambda+0x0000021b57330490
# instanceKlass com/android/tools/r8/internal/Xd$$Lambda+0x0000021b57330000
instanceKlass  @bci com/android/tools/r8/internal/Xd b (Lcom/android/tools/r8/internal/Sd;Lcom/android/tools/r8/graph/E0;)Lcom/android/tools/r8/internal/Td; 25 <appendix> member <vmtarget> ; # com/android/tools/r8/internal/Xd$$Lambda+0x0000021b5732fcf0
instanceKlass com/android/tools/r8/internal/Td
instanceKlass com/android/tools/r8/internal/Pd
instanceKlass com/android/tools/r8/internal/Rd
instanceKlass com/android/tools/r8/internal/Od
# instanceKlass com/android/tools/r8/internal/Xd$$Lambda+0x0000021b5732f268
# instanceKlass com/android/tools/r8/internal/Xd$$Lambda+0x0000021b5732f020
# instanceKlass com/android/tools/r8/internal/Xd$$Lambda+0x0000021b5732edd8
# instanceKlass com/android/tools/r8/internal/Xd$$Lambda+0x0000021b5732eb90
# instanceKlass com/android/tools/r8/internal/Xd$$Lambda+0x0000021b5732e948
# instanceKlass com/android/tools/r8/internal/Xd$$Lambda+0x0000021b5732e700
# instanceKlass com/android/tools/r8/internal/Xd$$Lambda+0x0000021b5732e4b8
instanceKlass  @bci com/android/tools/r8/internal/Xd b (Lcom/android/tools/r8/internal/Sd;Lcom/android/tools/r8/internal/iJ;Lcom/android/tools/r8/graph/E0;)Lcom/android/tools/r8/internal/Nd; 43 <appendix> member <vmtarget> ; # com/android/tools/r8/internal/Xd$$Lambda+0x0000021b5732e270
instanceKlass com/android/tools/r8/internal/Nd
# instanceKlass com/android/tools/r8/internal/Xd$$Lambda+0x0000021b5732de28
# instanceKlass com/android/tools/r8/internal/Xd$$Lambda+0x0000021b5732dbf0
# instanceKlass com/android/tools/r8/internal/Xd$$Lambda+0x0000021b5732d9b8
# instanceKlass com/android/tools/r8/internal/Xd$$Lambda+0x0000021b5732d780
# instanceKlass com/android/tools/r8/internal/Xd$$Lambda+0x0000021b5732d548
instanceKlass  @bci com/android/tools/r8/internal/Xd a (Lcom/android/tools/r8/internal/iJ;Lcom/android/tools/r8/graph/H2;)V 15 <appendix> member <vmtarget> ; # com/android/tools/r8/internal/Xd$$Lambda+0x0000021b5732d310
# instanceKlass com/android/tools/r8/internal/Xd$$Lambda+0x0000021b5732cea0
# instanceKlass com/android/tools/r8/internal/Xd$$Lambda+0x0000021b5732d0d8
instanceKlass  @bci com/android/tools/r8/internal/RI a (Ljava/util/Collection;Lcom/android/tools/r8/internal/Wa;Ljava/util/concurrent/ExecutorService;)V 14 <appendix> member <vmtarget> ; # com/android/tools/r8/internal/RI$$Lambda+0x0000021b5732cc68
instanceKlass  @bci com/android/tools/r8/internal/RI a (Ljava/util/Collection;Lcom/android/tools/r8/internal/Wa;Ljava/util/concurrent/ExecutorService;)V 4 <appendix> member <vmtarget> ; # com/android/tools/r8/internal/RI$$Lambda+0x0000021b5732ca10
instanceKlass com/android/tools/r8/internal/ff
instanceKlass  @bci com/android/tools/r8/internal/Ra a (Ljava/util/Collection;Lcom/android/tools/r8/internal/Wa;Ljava/util/concurrent/ExecutorService;Lcom/android/tools/r8/internal/at0;)V 2 <appendix> argL0 ; # com/android/tools/r8/internal/Ra$$Lambda+0x0000021b5732c5c8
instanceKlass com/android/tools/r8/internal/p5
instanceKlass com/android/tools/r8/internal/Sd
instanceKlass com/android/tools/r8/internal/Xd
instanceKlass  @bci com/android/tools/r8/internal/aa a (Lcom/android/tools/r8/internal/mJ;)Lcom/android/tools/r8/internal/RI; 5 <appendix> member <vmtarget> ; # com/android/tools/r8/internal/aa$$Lambda+0x0000021b5732b140
instanceKlass com/android/tools/r8/internal/RI
instanceKlass com/android/tools/r8/internal/Pa
instanceKlass java/util/AbstractMap$SimpleEntry
instanceKlass  @bci com/android/tools/r8/synthesis/d a (Ljava/util/IdentityHashMap;Lcom/android/tools/r8/internal/AC;)Lcom/android/tools/r8/internal/AC; 9 <appendix> member <vmtarget> ; # com/android/tools/r8/synthesis/d$$Lambda+0x0000021b5732ace0
instanceKlass  @bci com/android/tools/r8/synthesis/c a (Lcom/android/tools/r8/synthesis/O;)Lcom/android/tools/r8/synthesis/c; 32 <appendix> argL0 ; # com/android/tools/r8/synthesis/c$$Lambda+0x0000021b5732aaa0
instanceKlass  @bci com/android/tools/r8/synthesis/c a (Lcom/android/tools/r8/synthesis/X;)Lcom/android/tools/r8/synthesis/c; 29 <appendix> argL0 ; # com/android/tools/r8/synthesis/c$$Lambda+0x0000021b5732a860
instanceKlass  @bci com/android/tools/r8/synthesis/c a (Lcom/android/tools/r8/synthesis/t;)V 19 <appendix> member <vmtarget> ; # com/android/tools/r8/synthesis/c$$Lambda+0x0000021b5732a628
instanceKlass  @bci com/android/tools/r8/synthesis/c a (Lcom/android/tools/r8/synthesis/t;)V 13 <appendix> member <vmtarget> ; # com/android/tools/r8/synthesis/c$$Lambda+0x0000021b5732a3f0
instanceKlass  @bci com/android/tools/r8/internal/Si a (Lcom/android/tools/r8/internal/VZ;)V 16 <appendix> argL0 ; # com/android/tools/r8/internal/Si$$Lambda+0x0000021b5732a1c0
instanceKlass  @bci com/android/tools/r8/internal/Si b ()V 6 <appendix> argL0 ; # com/android/tools/r8/internal/Si$$Lambda+0x0000021b57329f90
instanceKlass  @bci com/android/tools/r8/internal/Si b ()V 1 <appendix> argL0 ; # com/android/tools/r8/internal/Si$$Lambda+0x0000021b57329d60
instanceKlass  @bci com/android/tools/r8/internal/VZ b ()Z 14 <appendix> argL0 ; # com/android/tools/r8/internal/VZ$$Lambda+0x0000021b57329ae0
instanceKlass  @bci com/android/tools/r8/internal/Si c ()V 9 <appendix> member <vmtarget> ; # com/android/tools/r8/internal/Si$$Lambda+0x0000021b573298a8
instanceKlass  @bci com/android/tools/r8/internal/Si c ()V 3 <appendix> member <vmtarget> ; # com/android/tools/r8/internal/Si$$Lambda+0x0000021b57329670
instanceKlass  @bci com/android/tools/r8/internal/aa a ()V 4 <appendix> argL0 ; # com/android/tools/r8/internal/aa$$Lambda+0x0000021b57329440
instanceKlass  @bci com/android/tools/r8/internal/aa a (Lcom/android/tools/r8/internal/at0;)V 12 <appendix> argL0 ; # com/android/tools/r8/internal/aa$$Lambda+0x0000021b57329210
instanceKlass com/android/tools/r8/internal/im
instanceKlass  @bci com/android/tools/r8/internal/Si a (Lcom/android/tools/r8/internal/Pi;Ljava/util/concurrent/ExecutorService;)V 74 <appendix> member <vmtarget> ; # com/android/tools/r8/internal/Si$$Lambda+0x0000021b57328dc8
instanceKlass com/android/tools/r8/internal/Qi
instanceKlass  @bci com/android/tools/r8/internal/VZ a ()Lcom/android/tools/r8/internal/XK; 26 <appendix> argL0 ; # com/android/tools/r8/internal/VZ$$Lambda+0x0000021b57328928
instanceKlass  @bci com/android/tools/r8/internal/VZ a ()Lcom/android/tools/r8/internal/XK; 5 <appendix> argL0 ; # com/android/tools/r8/internal/VZ$$Lambda+0x0000021b573286a8
instanceKlass  @bci com/android/tools/r8/graph/E0 h (Ljava/util/function/Consumer;)V 29 <appendix> member <vmtarget> ; # com/android/tools/r8/graph/E0$$Lambda+0x0000021b57328470
instanceKlass  @bci com/android/tools/r8/internal/VZ a (Lcom/android/tools/r8/graph/y;Lcom/android/tools/r8/graph/E0;Ljava/util/function/Consumer;)Lcom/android/tools/r8/internal/VZ; 91 <appendix> member <vmtarget> ; # com/android/tools/r8/internal/VZ$$Lambda+0x0000021b57328238
instanceKlass  @bci com/android/tools/r8/internal/Si a (Lcom/android/tools/r8/internal/Pi;Ljava/util/concurrent/ExecutorService;)V 11 <appendix> member <vmtarget> ; # com/android/tools/r8/internal/Si$$Lambda+0x0000021b57328000
instanceKlass com/android/tools/r8/internal/VZ
instanceKlass  @bci com/android/tools/r8/internal/aa a (Lcom/android/tools/r8/internal/Pi;Ljava/util/concurrent/ExecutorService;Lcom/android/tools/r8/internal/at0;)V 14 <appendix> member <vmtarget> ; # com/android/tools/r8/internal/aa$$Lambda+0x0000021b57210c00
instanceKlass  @bci com/android/tools/r8/internal/XZ a (Lcom/android/tools/r8/internal/ia;Lcom/android/tools/r8/internal/q70;Lcom/android/tools/r8/internal/xy;Lcom/android/tools/r8/internal/EU;Lcom/android/tools/r8/internal/E9;Lcom/android/tools/r8/internal/ga;Lcom/android/tools/r8/graph/K5;Lcom/android/tools/r8/internal/Lf;Lcom/android/tools/r8/internal/Z9;Lcom/android/tools/r8/graph/u1;)Ljava/util/Collection; 7 <appendix> member <vmtarget> ; # com/android/tools/r8/internal/XZ$$Lambda+0x0000021b57211400
instanceKlass  @bci com/android/tools/r8/internal/XZ a (Lcom/android/tools/r8/internal/ia;)Lcom/android/tools/r8/internal/cm; 2 <appendix> member <vmtarget> ; # com/android/tools/r8/internal/XZ$$Lambda+0x0000021b57212800
instanceKlass  @bci com/android/tools/r8/internal/Pc a (Lcom/android/tools/r8/internal/Qc;Ljava/util/concurrent/ExecutorService;Lcom/android/tools/r8/internal/at0;)V 737 <appendix> member <vmtarget> ; # com/android/tools/r8/internal/Pc$$Lambda+0x0000021b57254400
instanceKlass  @bci com/android/tools/r8/internal/i80 a (Lcom/android/tools/r8/internal/ga;Ljava/util/concurrent/ExecutorService;Ljava/util/List;)V 2 <appendix> member <vmtarget> ; # com/android/tools/r8/internal/i80$$Lambda+0x0000021b57254800
instanceKlass  @bci com/android/tools/r8/internal/da a ()Ljava/util/List; 37 <appendix> member <vmtarget> ; # com/android/tools/r8/internal/da$$Lambda+0x0000021b57274800
instanceKlass com/android/tools/r8/internal/zd
instanceKlass  @bci com/android/tools/r8/graph/P4 b (Lcom/android/tools/r8/graph/B2;Lcom/android/tools/r8/internal/Wy;)Lcom/android/tools/r8/graph/j1; 76 <appendix> member <vmtarget> ; # com/android/tools/r8/graph/P4$$Lambda+0x0000021b5729c400
instanceKlass  @bci com/android/tools/r8/internal/IR a (Lcom/android/tools/r8/internal/ny;Lcom/android/tools/r8/internal/ms0;Ljava/util/function/Consumer;)Lcom/android/tools/r8/graph/K5; 31 <appendix> member <vmtarget> ; # com/android/tools/r8/internal/IR$$Lambda+0x0000021b572a4000
instanceKlass  @bci com/android/tools/r8/internal/ms0 a ()Lcom/android/tools/r8/internal/ms0; 0 <appendix> argL0 ; # com/android/tools/r8/internal/ms0$$Lambda+0x0000021b572a8400
instanceKlass com/android/tools/r8/internal/ms0
instanceKlass  @bci com/android/tools/r8/internal/da a (Lcom/android/tools/r8/internal/Qc;Ljava/util/function/Consumer;)V 5 <appendix> argL0 ; # com/android/tools/r8/internal/da$$Lambda+0x0000021b57211c70
instanceKlass  @bci com/android/tools/r8/internal/da a ()Ljava/util/List; 27 <appendix> member <vmtarget> ; # com/android/tools/r8/internal/da$$Lambda+0x0000021b57211a38
instanceKlass  @bci com/android/tools/r8/internal/da a (Ljava/util/function/Consumer;)V 28 <appendix> member <vmtarget> ; # com/android/tools/r8/internal/da$$Lambda+0x0000021b57211800
instanceKlass  @bci com/android/tools/r8/internal/da a (Ljava/util/function/Consumer;)V 10 <appendix> member <vmtarget> ; # com/android/tools/r8/internal/da$$Lambda+0x0000021b57212460
instanceKlass com/android/tools/r8/internal/FK
instanceKlass  @bci com/android/tools/r8/internal/da a ()Ljava/util/List; 15 <appendix> member <vmtarget> ; # com/android/tools/r8/internal/da$$Lambda+0x0000021b57212000
instanceKlass  @bci com/android/tools/r8/internal/tp a (Lcom/android/tools/r8/internal/Jr0;)V 17 <appendix> argL0 ; # com/android/tools/r8/internal/tp$$Lambda+0x0000021b572a8a20
instanceKlass  @bci com/android/tools/r8/internal/tp a (Lcom/android/tools/r8/internal/Jr0;)V 9 <appendix> argL0 ; # com/android/tools/r8/internal/tp$$Lambda+0x0000021b572a8800
instanceKlass  @bci com/android/tools/r8/internal/tp a (Lcom/android/tools/r8/internal/Jr0;)V 1 <appendix> argL0 ; # com/android/tools/r8/internal/tp$$Lambda+0x0000021b57327d08
instanceKlass  @bci com/android/tools/r8/internal/tp a (Lcom/android/tools/r8/internal/Up;Lcom/android/tools/r8/internal/xf;)I 6 <appendix> argL0 ; # com/android/tools/r8/internal/tp$$Lambda+0x0000021b57327ae8
instanceKlass  @bci com/android/tools/r8/internal/lp a (Lcom/android/tools/r8/internal/Jr0;)V 9 <appendix> argL0 ; # com/android/tools/r8/internal/lp$$Lambda+0x0000021b573278c8
instanceKlass  @bci com/android/tools/r8/internal/lp a (Lcom/android/tools/r8/internal/Jr0;)V 1 <appendix> argL0 ; # com/android/tools/r8/internal/lp$$Lambda+0x0000021b573276a8
instanceKlass  @bci com/android/tools/r8/internal/lp a (Lcom/android/tools/r8/internal/Up;Lcom/android/tools/r8/internal/xf;)I 6 <appendix> argL0 ; # com/android/tools/r8/internal/lp$$Lambda+0x0000021b57327488
instanceKlass  @bci com/android/tools/r8/internal/lo0 a (Ljava/util/List;Lcom/android/tools/r8/ir/optimize/a;Lcom/android/tools/r8/internal/V6;Ljava/util/Map$Entry;)V 121 <appendix> argL0 ; # com/android/tools/r8/internal/lo0$$Lambda+0x0000021b57327238
instanceKlass  @bci com/android/tools/r8/internal/mp a (Lcom/android/tools/r8/internal/Jr0;)V 17 <appendix> argL0 ; # com/android/tools/r8/internal/mp$$Lambda+0x0000021b57327018
instanceKlass  @bci com/android/tools/r8/internal/mp a (Lcom/android/tools/r8/internal/Jr0;)V 9 <appendix> argL0 ; # com/android/tools/r8/internal/mp$$Lambda+0x0000021b57326df8
instanceKlass  @bci com/android/tools/r8/internal/mp a (Lcom/android/tools/r8/internal/Jr0;)V 1 <appendix> argL0 ; # com/android/tools/r8/internal/mp$$Lambda+0x0000021b57326bd8
instanceKlass  @bci com/android/tools/r8/internal/mp a (Lcom/android/tools/r8/internal/Up;Lcom/android/tools/r8/internal/xf;)I 6 <appendix> argL0 ; # com/android/tools/r8/internal/mp$$Lambda+0x0000021b573269b8
instanceKlass  @bci com/android/tools/r8/internal/nb c (Lcom/android/tools/r8/internal/P8;Lcom/android/tools/r8/internal/I9;Lcom/android/tools/r8/internal/H70;)Lcom/android/tools/r8/internal/I9; 11 <appendix> member <vmtarget> ; # com/android/tools/r8/internal/nb$$Lambda+0x0000021b57326780
instanceKlass  @bci com/android/tools/r8/internal/nb c (Lcom/android/tools/r8/internal/P8;Lcom/android/tools/r8/internal/I9;Lcom/android/tools/r8/internal/H70;)Lcom/android/tools/r8/internal/I9; 5 <appendix> member <vmtarget> ; # com/android/tools/r8/internal/nb$$Lambda+0x0000021b57326558
instanceKlass  @bci com/android/tools/r8/internal/nb a (Lcom/android/tools/r8/internal/I9;Lcom/android/tools/r8/graph/y;Lcom/android/tools/r8/internal/P8;)Lcom/android/tools/r8/internal/I9; 90 <appendix> member <vmtarget> ; # com/android/tools/r8/internal/nb$$Lambda+0x0000021b57326320
instanceKlass  @bci com/android/tools/r8/internal/nb a (Lcom/android/tools/r8/internal/I9;Lcom/android/tools/r8/graph/y;Lcom/android/tools/r8/internal/P8;)Lcom/android/tools/r8/internal/I9; 84 <appendix> member <vmtarget> ; # com/android/tools/r8/internal/nb$$Lambda+0x0000021b573260f8
instanceKlass com/android/tools/r8/internal/Nq0
instanceKlass  @bci com/android/tools/r8/internal/no a (Lcom/android/tools/r8/internal/Jr0;)V 1 <appendix> argL0 ; # com/android/tools/r8/internal/no$$Lambda+0x0000021b57325a88
instanceKlass  @bci com/android/tools/r8/internal/iv0 c ()V 77 <appendix> member <vmtarget> ; # com/android/tools/r8/internal/iv0$$Lambda+0x0000021b57325850
instanceKlass  @bci com/android/tools/r8/internal/lx a (Lcom/android/tools/r8/internal/sB;)Lcom/android/tools/r8/internal/Ce; 743 <appendix> member <vmtarget> ; # com/android/tools/r8/internal/lx$$Lambda+0x0000021b57325618
instanceKlass  @bci com/android/tools/r8/internal/QJ a (Lcom/android/tools/r8/graph/K5;Lcom/android/tools/r8/internal/lK;)V 26 <appendix> argL0 ; # com/android/tools/r8/internal/QJ$$Lambda+0x0000021b573253d8
instanceKlass com/android/tools/r8/internal/gb
instanceKlass  @bci com/android/tools/r8/internal/nb b (Lcom/android/tools/r8/internal/P8;Lcom/android/tools/r8/internal/I9;Lcom/android/tools/r8/internal/H70;)Lcom/android/tools/r8/internal/I9; 3 <appendix> member <vmtarget> ; # com/android/tools/r8/internal/nb$$Lambda+0x0000021b57324f98
instanceKlass  @bci com/android/tools/r8/internal/nb a (Lcom/android/tools/r8/internal/I9;Lcom/android/tools/r8/graph/y;Lcom/android/tools/r8/internal/P8;)Lcom/android/tools/r8/internal/I9; 110 <appendix> member <vmtarget> ; # com/android/tools/r8/internal/nb$$Lambda+0x0000021b57324d60
instanceKlass  @bci com/android/tools/r8/internal/nb a (Lcom/android/tools/r8/internal/I9;Lcom/android/tools/r8/graph/y;Lcom/android/tools/r8/internal/P8;)Lcom/android/tools/r8/internal/I9; 104 <appendix> member <vmtarget> ; # com/android/tools/r8/internal/nb$$Lambda+0x0000021b57324b38
instanceKlass  @bci com/android/tools/r8/internal/qR b (Lcom/android/tools/r8/internal/sB;)Lcom/android/tools/r8/internal/De; 324 <appendix> argL0 ; # com/android/tools/r8/internal/qR$$Lambda+0x0000021b57324908
instanceKlass  @bci com/android/tools/r8/internal/LI a (Lcom/android/tools/r8/graph/j1;Lcom/android/tools/r8/synthesis/M;)V 98 <appendix> argL0 ; # com/android/tools/r8/internal/LI$$Lambda+0x0000021b573244b8
instanceKlass  @bci com/android/tools/r8/internal/LI c (Lcom/android/tools/r8/graph/K5;Lcom/android/tools/r8/internal/NI;)Lcom/android/tools/r8/graph/K5; 57 <appendix> member <vmtarget> ; # com/android/tools/r8/internal/LI$$Lambda+0x0000021b57324280
instanceKlass  @bci com/android/tools/r8/internal/LI c (Lcom/android/tools/r8/graph/K5;Lcom/android/tools/r8/internal/NI;)Lcom/android/tools/r8/graph/K5; 51 <appendix> member <vmtarget> ; # com/android/tools/r8/internal/LI$$Lambda+0x0000021b57324048
instanceKlass  @bci com/android/tools/r8/internal/nb a (Lcom/android/tools/r8/internal/I9;Lcom/android/tools/r8/graph/y;Lcom/android/tools/r8/internal/P8;)Lcom/android/tools/r8/internal/I9; 180 <appendix> argL0 ; # com/android/tools/r8/internal/nb$$Lambda+0x0000021b57323e18
instanceKlass  @bci com/android/tools/r8/internal/nb a (Lcom/android/tools/r8/internal/I9;Lcom/android/tools/r8/graph/y;Lcom/android/tools/r8/internal/P8;)Lcom/android/tools/r8/internal/I9; 175 <appendix> argL0 ; # com/android/tools/r8/internal/nb$$Lambda+0x0000021b57323bf8
instanceKlass  @bci com/android/tools/r8/ir/optimize/u0 b (Lcom/android/tools/r8/internal/sB;Lcom/android/tools/r8/internal/QJ;)V 127 <appendix> member <vmtarget> ; # com/android/tools/r8/ir/optimize/u0$$Lambda+0x0000021b573239a0
instanceKlass  @bci com/android/tools/r8/internal/Y5 a (Lcom/android/tools/r8/internal/Y5;Lcom/android/tools/r8/internal/nt;Lcom/android/tools/r8/ir/optimize/a;)Ljava/util/Set; 156 <appendix> member <vmtarget> ; # com/android/tools/r8/internal/Y5$$Lambda+0x0000021b57323748
instanceKlass com/android/tools/r8/internal/uL
instanceKlass com/android/tools/r8/internal/Lj
instanceKlass com/android/tools/r8/internal/Db
instanceKlass  @bci com/android/tools/r8/internal/nb d (Lcom/android/tools/r8/internal/P8;Lcom/android/tools/r8/internal/I9;Lcom/android/tools/r8/internal/H70;)Lcom/android/tools/r8/internal/I9; 11 <appendix> member <vmtarget> ; # com/android/tools/r8/internal/nb$$Lambda+0x0000021b57322ef0
instanceKlass  @bci com/android/tools/r8/internal/LI a (Lcom/android/tools/r8/graph/K5;Lcom/android/tools/r8/graph/j1;Lcom/android/tools/r8/synthesis/M;)V 590 <appendix> argL0 ; # com/android/tools/r8/internal/LI$$Lambda+0x0000021b57322cd0
instanceKlass  @bci com/android/tools/r8/internal/nb d (Lcom/android/tools/r8/internal/P8;Lcom/android/tools/r8/internal/I9;Lcom/android/tools/r8/internal/H70;)Lcom/android/tools/r8/internal/I9; 5 <appendix> member <vmtarget> ; # com/android/tools/r8/internal/nb$$Lambda+0x0000021b57322aa8
instanceKlass  @bci com/android/tools/r8/internal/nb a (Lcom/android/tools/r8/internal/I9;Lcom/android/tools/r8/graph/y;Lcom/android/tools/r8/internal/P8;)Lcom/android/tools/r8/internal/I9; 143 <appendix> member <vmtarget> ; # com/android/tools/r8/internal/nb$$Lambda+0x0000021b57322400
instanceKlass  @bci com/android/tools/r8/internal/LI a (Lcom/android/tools/r8/graph/K5;Lcom/android/tools/r8/internal/NI;)Lcom/android/tools/r8/graph/K5; 59 <appendix> member <vmtarget> ; # com/android/tools/r8/internal/LI$$Lambda+0x0000021b57322870
instanceKlass  @bci com/android/tools/r8/internal/LI a (Lcom/android/tools/r8/graph/K5;Lcom/android/tools/r8/internal/NI;)Lcom/android/tools/r8/graph/K5; 53 <appendix> member <vmtarget> ; # com/android/tools/r8/internal/LI$$Lambda+0x0000021b57322638
instanceKlass  @bci com/android/tools/r8/internal/lo0 a (Lcom/android/tools/r8/internal/XL;)V 449 <appendix> argL0 ; # com/android/tools/r8/internal/lo0$$Lambda+0x0000021b573221c0
instanceKlass  @bci com/android/tools/r8/ir/optimize/F a (Ljava/util/Queue;Lcom/android/tools/r8/internal/sB;Lcom/android/tools/r8/internal/Y5;Lcom/android/tools/r8/ir/optimize/a;Lcom/android/tools/r8/internal/Hx0;)V 356 <appendix> argL0 ; # com/android/tools/r8/ir/optimize/F$$Lambda+0x0000021b57321ba0
instanceKlass  @bci com/android/tools/r8/internal/hp a (Lcom/android/tools/r8/internal/Jr0;)V 17 <appendix> argL0 ; # com/android/tools/r8/internal/hp$$Lambda+0x0000021b57321980
instanceKlass  @bci com/android/tools/r8/internal/hp a (Lcom/android/tools/r8/internal/Jr0;)V 9 <appendix> argL0 ; # com/android/tools/r8/internal/hp$$Lambda+0x0000021b57321760
instanceKlass  @bci com/android/tools/r8/internal/hp a (Lcom/android/tools/r8/internal/Jr0;)V 1 <appendix> argL0 ; # com/android/tools/r8/internal/hp$$Lambda+0x0000021b57321540
instanceKlass  @bci com/android/tools/r8/internal/hp a (Lcom/android/tools/r8/internal/Up;Lcom/android/tools/r8/internal/xf;)I 6 <appendix> argL0 ; # com/android/tools/r8/internal/hp$$Lambda+0x0000021b57321320
instanceKlass  @bci com/android/tools/r8/internal/bp a (Lcom/android/tools/r8/internal/Jr0;)V 9 <appendix> argL0 ; # com/android/tools/r8/internal/bp$$Lambda+0x0000021b57321100
instanceKlass  @bci com/android/tools/r8/internal/bp a (Lcom/android/tools/r8/internal/Jr0;)V 1 <appendix> argL0 ; # com/android/tools/r8/internal/bp$$Lambda+0x0000021b57320ee0
instanceKlass  @bci com/android/tools/r8/internal/bp a (Lcom/android/tools/r8/internal/Up;Lcom/android/tools/r8/internal/xf;)I 6 <appendix> argL0 ; # com/android/tools/r8/internal/bp$$Lambda+0x0000021b57320cc0
instanceKlass  @bci com/android/tools/r8/internal/ep a (Lcom/android/tools/r8/internal/Jr0;)V 9 <appendix> argL0 ; # com/android/tools/r8/internal/ep$$Lambda+0x0000021b57320aa0
instanceKlass  @bci com/android/tools/r8/internal/ep a (Lcom/android/tools/r8/internal/Jr0;)V 1 <appendix> argL0 ; # com/android/tools/r8/internal/ep$$Lambda+0x0000021b57320880
instanceKlass  @bci com/android/tools/r8/internal/ep a (Lcom/android/tools/r8/internal/Up;Lcom/android/tools/r8/internal/xf;)I 6 <appendix> argL0 ; # com/android/tools/r8/internal/ep$$Lambda+0x0000021b57320660
instanceKlass  @bci com/android/tools/r8/internal/fp a (Lcom/android/tools/r8/internal/Jr0;)V 9 <appendix> argL0 ; # com/android/tools/r8/internal/fp$$Lambda+0x0000021b57320440
instanceKlass  @bci com/android/tools/r8/internal/fp a (Lcom/android/tools/r8/internal/Jr0;)V 1 <appendix> argL0 ; # com/android/tools/r8/internal/fp$$Lambda+0x0000021b57320220
instanceKlass  @bci com/android/tools/r8/internal/fp a (Lcom/android/tools/r8/internal/Up;Lcom/android/tools/r8/internal/xf;)I 6 <appendix> argL0 ; # com/android/tools/r8/internal/fp$$Lambda+0x0000021b57320000
instanceKlass  @bci com/android/tools/r8/internal/lo0 a (Ljava/util/List;Lcom/android/tools/r8/ir/optimize/a;Lcom/android/tools/r8/internal/V6;Ljava/util/Map$Entry;)V 252 <appendix> member <vmtarget> ; # com/android/tools/r8/internal/lo0$$Lambda+0x0000021b571f4c40
instanceKlass  @bci com/android/tools/r8/internal/US a (Lcom/android/tools/r8/internal/tU;ILcom/android/tools/r8/internal/Kf0;Lcom/android/tools/r8/internal/Kf0;)V 92 <adapter> ; # java/lang/invoke/LambdaForm$MH+0x0000021b571ecc00
# instanceKlass java/lang/invoke/LambdaForm$DMH+0x0000021b571f4000
instanceKlass  @bci com/android/tools/r8/internal/US a (Lcom/android/tools/r8/internal/tU;ILcom/android/tools/r8/internal/Kf0;Lcom/android/tools/r8/internal/Kf0;)V 92 <appendix> form vmentry <vmtarget> ; # java/lang/invoke/LambdaForm$DMH+0x0000021b571f5800
instanceKlass  @bci com/android/tools/r8/internal/US a (Lcom/android/tools/r8/internal/tU;ILcom/android/tools/r8/internal/Kf0;Lcom/android/tools/r8/internal/Kf0;)V 92 <appendix> member <vmtarget> ; # com/android/tools/r8/internal/US$$Lambda+0x0000021b571f4a08
instanceKlass  @cpi com/android/tools/r8/internal/US 1596 form vmentry <vmtarget> ; # java/lang/invoke/LambdaForm$DMH+0x0000021b571f8400
instanceKlass com/android/tools/r8/internal/hb
instanceKlass  @bci com/android/tools/r8/internal/kb h ()Ljava/lang/Iterable; 22 <appendix> argL0 ; # com/android/tools/r8/internal/kb$$Lambda+0x0000021b571f5478
instanceKlass  @bci com/android/tools/r8/internal/kb h ()Ljava/lang/Iterable; 12 <appendix> argL0 ; # com/android/tools/r8/internal/kb$$Lambda+0x0000021b571f5228
instanceKlass  @bci com/android/tools/r8/internal/kb a (I)Lcom/android/tools/r8/internal/q70; 31 <appendix> member <vmtarget> ; # com/android/tools/r8/internal/kb$$Lambda+0x0000021b571f5000
instanceKlass  @bci com/android/tools/r8/internal/TY a (Ljava/util/HashSet;Ljava/util/HashMap;Ljava/util/HashSet;)Lcom/android/tools/r8/internal/rv; 39 <appendix> member <vmtarget> ; # com/android/tools/r8/internal/TY$$Lambda+0x0000021b571f8c70
instanceKlass  @bci com/android/tools/r8/internal/TY a (Lcom/android/tools/r8/internal/Y5;Ljava/util/HashSet;Ljava/util/HashMap;)V 285 <appendix> argL0 ; # com/android/tools/r8/internal/TY$$Lambda+0x0000021b571f8a50
instanceKlass  @bci com/android/tools/r8/internal/LI b (Lcom/android/tools/r8/graph/H2;)Lcom/android/tools/r8/graph/g1; 1 <appendix> argL0 ; # com/android/tools/r8/internal/LI$$Lambda+0x0000021b571f8800
instanceKlass  @bci com/android/tools/r8/internal/LI a (Lcom/android/tools/r8/graph/H2;Lcom/android/tools/r8/synthesis/M;)V 109 <appendix> member <vmtarget> ; # com/android/tools/r8/internal/LI$$Lambda+0x0000021b571f9470
instanceKlass  @bci com/android/tools/r8/internal/LI a (Lcom/android/tools/r8/graph/H2;Lcom/android/tools/r8/internal/NI;)V 64 <appendix> member <vmtarget> ; # com/android/tools/r8/internal/LI$$Lambda+0x0000021b571f9238
instanceKlass  @bci com/android/tools/r8/internal/LI a (Lcom/android/tools/r8/graph/H2;Lcom/android/tools/r8/internal/NI;)V 56 <appendix> member <vmtarget> ; # com/android/tools/r8/internal/LI$$Lambda+0x0000021b571f9000
instanceKlass  @bci com/android/tools/r8/internal/I9 a (Lcom/android/tools/r8/internal/du0;Lcom/android/tools/r8/internal/I9;Lcom/android/tools/r8/internal/H70;)Lcom/android/tools/r8/internal/I9; 3 <appendix> member <vmtarget> ; # com/android/tools/r8/internal/I9$$Lambda+0x0000021b5731fbc8
instanceKlass  @bci com/android/tools/r8/internal/I9 a (Ljava/util/function/BiFunction;Ljava/util/function/BiFunction;)Lcom/android/tools/r8/internal/I9; 3 <appendix> member <vmtarget> ; # com/android/tools/r8/internal/I9$$Lambda+0x0000021b5731f990
instanceKlass  @bci com/android/tools/r8/internal/I9 a (Lcom/android/tools/r8/internal/du0;Ljava/util/function/BiFunction;)Lcom/android/tools/r8/internal/I9; 2 <appendix> member <vmtarget> ; # com/android/tools/r8/internal/I9$$Lambda+0x0000021b5731f758
instanceKlass  @bci com/android/tools/r8/internal/nb a (Lcom/android/tools/r8/internal/I9;Lcom/android/tools/r8/graph/y;Lcom/android/tools/r8/internal/P8;)Lcom/android/tools/r8/internal/I9; 130 <appendix> member <vmtarget> ; # com/android/tools/r8/internal/nb$$Lambda+0x0000021b5731f520
instanceKlass  @bci com/android/tools/r8/internal/nb a (Lcom/android/tools/r8/internal/I9;Lcom/android/tools/r8/graph/y;Lcom/android/tools/r8/internal/P8;)Lcom/android/tools/r8/internal/I9; 124 <appendix> member <vmtarget> ; # com/android/tools/r8/internal/nb$$Lambda+0x0000021b5731f2f8
instanceKlass  @bci com/android/tools/r8/internal/tf b (Lcom/android/tools/r8/internal/sB;)Lcom/android/tools/r8/internal/De; 514 <appendix> argL0 ; # com/android/tools/r8/internal/tf$$Lambda+0x0000021b5731f0c8
instanceKlass  @bci com/android/tools/r8/internal/xB b (Lcom/android/tools/r8/graph/K5;Lcom/android/tools/r8/internal/Z40;Lcom/android/tools/r8/internal/RX;Lcom/android/tools/r8/internal/Lf;Lcom/android/tools/r8/internal/sX$a;Lcom/android/tools/r8/internal/at0;)Lcom/android/tools/r8/internal/at0; 35 <appendix> member <vmtarget> ; # com/android/tools/r8/internal/xB$$Lambda+0x0000021b5731eea0
instanceKlass  @bci com/android/tools/r8/internal/lu b ()Lcom/android/tools/r8/graph/G; 78 <appendix> member <vmtarget> ; # com/android/tools/r8/internal/lu$$Lambda+0x0000021b5731ec68
instanceKlass  @bci com/android/tools/r8/internal/o5 a (Lcom/android/tools/r8/graph/y;Lcom/android/tools/r8/synthesis/M;)V 46 <appendix> member <vmtarget> ; # com/android/tools/r8/internal/o5$$Lambda+0x0000021b5731e628
instanceKlass  @bci com/android/tools/r8/internal/o5 a (Lcom/android/tools/r8/graph/y;Lcom/android/tools/r8/graph/K5;Lcom/android/tools/r8/internal/n5;Ljava/util/function/Supplier;)Lcom/android/tools/r8/graph/K5; 27 <appendix> member <vmtarget> ; # com/android/tools/r8/internal/o5$$Lambda+0x0000021b5731e3f0
instanceKlass  @bci com/android/tools/r8/internal/o5 a (Lcom/android/tools/r8/graph/y;Lcom/android/tools/r8/graph/K5;Lcom/android/tools/r8/internal/n5;Ljava/util/function/Supplier;)Lcom/android/tools/r8/graph/K5; 11 <appendix> argL0 ; # com/android/tools/r8/internal/o5$$Lambda+0x0000021b5731e1d0
instanceKlass  @bci com/android/tools/r8/internal/o5 a (Lcom/android/tools/r8/graph/y;Lcom/android/tools/r8/graph/K5;Lcom/android/tools/r8/internal/n5;Lcom/android/tools/r8/internal/Lf;Lcom/android/tools/r8/graph/u1;Ljava/util/LinkedHashMap;Lcom/android/tools/r8/graph/B2;)Lcom/android/tools/r8/graph/i0; 24 <appendix> member <vmtarget> ; # com/android/tools/r8/internal/o5$$Lambda+0x0000021b5731dfa8
instanceKlass  @bci com/android/tools/r8/internal/o5 a (Lcom/android/tools/r8/graph/u1;Lcom/android/tools/r8/graph/y;Lcom/android/tools/r8/graph/K5;Lcom/android/tools/r8/internal/n5;Lcom/android/tools/r8/internal/Lf;Ljava/util/LinkedHashMap;Lcom/android/tools/r8/synthesis/M;)V 54 <appendix> member <vmtarget> ; # com/android/tools/r8/internal/o5$$Lambda+0x0000021b5731db58
instanceKlass  @bci com/android/tools/r8/internal/o5 a (Lcom/android/tools/r8/graph/y;Lcom/android/tools/r8/graph/K5;Lcom/android/tools/r8/internal/ga;Lcom/android/tools/r8/internal/Lf;)Lcom/android/tools/r8/graph/B2; 49 <appendix> member <vmtarget> ; # com/android/tools/r8/internal/o5$$Lambda+0x0000021b5731d920
instanceKlass  @cpi com/android/tools/r8/internal/o5 240 form vmentry <vmtarget> ; # java/lang/invoke/LambdaForm$DMH+0x0000021b571f9800
instanceKlass  @bci com/android/tools/r8/internal/o5 a (Lcom/android/tools/r8/graph/y;Lcom/android/tools/r8/graph/K5;Lcom/android/tools/r8/internal/ga;Lcom/android/tools/r8/internal/Lf;)Lcom/android/tools/r8/graph/B2; 31 <appendix> argL0 ; # com/android/tools/r8/internal/o5$$Lambda+0x0000021b5731d700
instanceKlass  @bci com/android/tools/r8/internal/Pi b (Lcom/android/tools/r8/graph/K5;)V 76 <appendix> member <vmtarget> ; # com/android/tools/r8/internal/Pi$$Lambda+0x0000021b5731d4d8
instanceKlass  @bci com/android/tools/r8/internal/o5 a (Lcom/android/tools/r8/synthesis/M;)V 45 <appendix> member <vmtarget> ; # com/android/tools/r8/internal/o5$$Lambda+0x0000021b5731c6e0
instanceKlass  @bci com/android/tools/r8/internal/o5 a (Lcom/android/tools/r8/graph/y;Lcom/android/tools/r8/graph/G5;Lcom/android/tools/r8/internal/n5;Ljava/util/function/Supplier;)Lcom/android/tools/r8/graph/B2; 27 <appendix> member <vmtarget> ; # com/android/tools/r8/internal/o5$$Lambda+0x0000021b5731c4a8
instanceKlass  @bci com/android/tools/r8/internal/o5 a (Lcom/android/tools/r8/graph/y;Lcom/android/tools/r8/graph/G5;Lcom/android/tools/r8/internal/n5;Ljava/util/function/Supplier;)Lcom/android/tools/r8/graph/B2; 12 <appendix> argL0 ; # com/android/tools/r8/internal/o5$$Lambda+0x0000021b5731c288
instanceKlass  @bci com/android/tools/r8/internal/o5 a (Ljava/util/LinkedHashMap;Lcom/android/tools/r8/graph/y;Lcom/android/tools/r8/graph/K5;Lcom/android/tools/r8/internal/n5;Lcom/android/tools/r8/internal/Lf;Lcom/android/tools/r8/graph/M2;)V 24 <appendix> member <vmtarget> ; # com/android/tools/r8/internal/o5$$Lambda+0x0000021b5731c060
instanceKlass  @bci com/android/tools/r8/internal/o5 a (Lcom/android/tools/r8/graph/y;Lcom/android/tools/r8/graph/K5;Lcom/android/tools/r8/internal/n5;Lcom/android/tools/r8/internal/Lf;)Ljava/util/LinkedHashMap; 15 <appendix> member <vmtarget> ; # com/android/tools/r8/internal/o5$$Lambda+0x0000021b5731be28
instanceKlass com/android/tools/r8/internal/gm
instanceKlass  @bci com/android/tools/r8/internal/sB y ()V 373 <appendix> member <vmtarget> ; # com/android/tools/r8/internal/sB$$Lambda+0x0000021b5731b9e8
instanceKlass com/android/tools/r8/internal/cL
instanceKlass  @bci com/android/tools/r8/internal/b6 a (Lcom/android/tools/r8/internal/Y5;)V 4 <appendix> member <vmtarget> ; # com/android/tools/r8/internal/b6$$Lambda+0x0000021b5731b588
instanceKlass com/android/tools/r8/internal/jt
instanceKlass  @bci com/android/tools/r8/ir/optimize/u0 a (Lcom/android/tools/r8/internal/sB;Lcom/android/tools/r8/internal/QJ;)V 125 <appendix> argL0 ; # com/android/tools/r8/ir/optimize/u0$$Lambda+0x0000021b5731b110
instanceKlass com/android/tools/r8/internal/i40
instanceKlass  @bci com/android/tools/r8/internal/es a (Lcom/android/tools/r8/internal/Jr0;)V 1 <appendix> argL0 ; # com/android/tools/r8/internal/es$$Lambda+0x0000021b57316eb0
instanceKlass com/android/tools/r8/internal/qF
instanceKlass com/android/tools/r8/internal/kF
instanceKlass com/android/tools/r8/internal/sF
instanceKlass  @bci com/android/tools/r8/internal/US b (IILcom/android/tools/r8/internal/tU;)Z 165 <appendix> member <vmtarget> ; # com/android/tools/r8/internal/US$$Lambda+0x0000021b57315850
instanceKlass com/android/tools/r8/internal/ex0
instanceKlass  @bci com/android/tools/r8/internal/US e (Lcom/android/tools/r8/internal/tU;)V 107 <appendix> member <vmtarget> ; # com/android/tools/r8/internal/US$$Lambda+0x0000021b57315408
instanceKlass com/android/tools/r8/internal/af
instanceKlass  @bci com/android/tools/r8/internal/US a (Lcom/android/tools/r8/internal/tU;IZ)V 90 <appendix> member <vmtarget> ; # com/android/tools/r8/internal/US$$Lambda+0x0000021b57313640
instanceKlass com/android/tools/r8/internal/In
instanceKlass  @bci com/android/tools/r8/internal/Sn a (Lcom/android/tools/r8/internal/Jr0;)V 1 <appendix> argL0 ; # com/android/tools/r8/internal/Sn$$Lambda+0x0000021b573131f0
instanceKlass  @bci com/android/tools/r8/graph/u1 a (Lcom/android/tools/r8/internal/q70;)Lcom/android/tools/r8/graph/S0; 19 <appendix> argL0 ; # com/android/tools/r8/graph/u1$$Lambda+0x0000021b57312fb0
instanceKlass com/android/tools/r8/internal/zo
instanceKlass com/android/tools/r8/graph/a1
instanceKlass com/android/tools/r8/graph/V0
instanceKlass com/android/tools/r8/internal/Ao
instanceKlass  @bci com/android/tools/r8/internal/mJ a (Lcom/android/tools/r8/graph/H2;)Lcom/android/tools/r8/internal/lJ; 5 <appendix> argL0 ; # com/android/tools/r8/internal/mJ$$Lambda+0x0000021b57311e00
instanceKlass com/android/tools/r8/internal/lJ
instanceKlass  @bci com/android/tools/r8/graph/G2 a (Lcom/android/tools/r8/internal/Jr0;)V 9 <appendix> argL0 ; # com/android/tools/r8/graph/G2$$Lambda+0x0000021b573119b0
instanceKlass  @bci com/android/tools/r8/graph/G2 a (Lcom/android/tools/r8/internal/Jr0;)V 1 <appendix> argL0 ; # com/android/tools/r8/graph/G2$$Lambda+0x0000021b57311770
instanceKlass  @bci com/android/tools/r8/graph/G2 m ()Lcom/android/tools/r8/internal/Hr0; 0 <appendix> argL0 ; # com/android/tools/r8/graph/G2$$Lambda+0x0000021b57311550
instanceKlass  @bci com/android/tools/r8/internal/LI b (Lcom/android/tools/r8/graph/j1;Lcom/android/tools/r8/synthesis/M;)V 62 <appendix> argL0 ; # com/android/tools/r8/internal/LI$$Lambda+0x0000021b57311330
instanceKlass com/android/tools/r8/internal/G30
instanceKlass com/android/tools/r8/internal/S30
instanceKlass  @bci com/android/tools/r8/synthesis/E a (Lcom/android/tools/r8/synthesis/Q$b;Ljava/util/function/Consumer;Ljava/util/function/Consumer;Ljava/util/function/Consumer;Lcom/android/tools/r8/synthesis/l;Lcom/android/tools/r8/graph/y;)Lcom/android/tools/r8/graph/H2; 195 <appendix> member <vmtarget> ; # com/android/tools/r8/synthesis/E$$Lambda+0x0000021b5730f8f0
instanceKlass  @bci com/android/tools/r8/synthesis/E a (Lcom/android/tools/r8/synthesis/Q$b;Ljava/util/function/Consumer;Ljava/util/function/Consumer;Ljava/util/function/Consumer;Lcom/android/tools/r8/synthesis/l;Lcom/android/tools/r8/graph/y;)Lcom/android/tools/r8/graph/H2; 5 <appendix> member <vmtarget> ; # com/android/tools/r8/synthesis/E$$Lambda+0x0000021b5730f6a8
instanceKlass  @bci com/android/tools/r8/internal/mJ a (Lcom/android/tools/r8/graph/H2;Lcom/android/tools/r8/graph/L2;Lcom/android/tools/r8/graph/I2;Lcom/android/tools/r8/graph/y;Ljava/util/function/Consumer;Ljava/util/function/Consumer;)Lcom/android/tools/r8/graph/K5; 15 <appendix> member <vmtarget> ; # com/android/tools/r8/internal/mJ$$Lambda+0x0000021b5730f470
instanceKlass  @bci com/android/tools/r8/internal/mJ a (Lcom/android/tools/r8/graph/H2;Lcom/android/tools/r8/graph/L2;Lcom/android/tools/r8/graph/I2;Lcom/android/tools/r8/graph/y;Ljava/util/function/Consumer;Ljava/util/function/Consumer;)Lcom/android/tools/r8/graph/K5; 9 <appendix> argL0 ; # com/android/tools/r8/internal/mJ$$Lambda+0x0000021b5730f250
instanceKlass  @bci com/android/tools/r8/internal/LI d (Lcom/android/tools/r8/graph/K5;Lcom/android/tools/r8/internal/NI;)Lcom/android/tools/r8/graph/K5; 116 <appendix> member <vmtarget> ; # com/android/tools/r8/internal/LI$$Lambda+0x0000021b5730f018
instanceKlass  @bci com/android/tools/r8/internal/LI d (Lcom/android/tools/r8/graph/K5;Lcom/android/tools/r8/internal/NI;)Lcom/android/tools/r8/graph/K5; 110 <appendix> member <vmtarget> ; # com/android/tools/r8/internal/LI$$Lambda+0x0000021b5730ede0
instanceKlass  @bci com/android/tools/r8/internal/XR a (Lcom/android/tools/r8/internal/PR;Lcom/android/tools/r8/graph/B2;Lcom/android/tools/r8/internal/UR;)Lcom/android/tools/r8/graph/G; 1233 <appendix> member <vmtarget> ; # com/android/tools/r8/internal/XR$$Lambda+0x0000021b5730ebb8
instanceKlass  @bci com/android/tools/r8/internal/XR a (Lcom/android/tools/r8/internal/PR;Lcom/android/tools/r8/graph/B2;Lcom/android/tools/r8/internal/UR;)Lcom/android/tools/r8/graph/G; 1227 <appendix> member <vmtarget> ; # com/android/tools/r8/internal/XR$$Lambda+0x0000021b5730e990
instanceKlass com/android/tools/r8/internal/QR
instanceKlass com/android/tools/r8/internal/QB
instanceKlass  @bci com/android/tools/r8/internal/US a (Ljava/util/List;Lcom/android/tools/r8/internal/qK;)V 36 <appendix> member <vmtarget> ; # com/android/tools/r8/internal/US$$Lambda+0x0000021b5730e2f8
instanceKlass  @bci com/android/tools/r8/internal/US c (Lcom/android/tools/r8/internal/ME;)Z 32 <appendix> member <vmtarget> ; # com/android/tools/r8/internal/US$$Lambda+0x0000021b5730e070
instanceKlass  @bci com/android/tools/r8/ir/optimize/M a (Lcom/android/tools/r8/internal/sB;)V 583 <appendix> member <vmtarget> ; # com/android/tools/r8/ir/optimize/M$$Lambda+0x0000021b5730de38
instanceKlass  @bci com/android/tools/r8/ir/optimize/M a (Lcom/android/tools/r8/internal/sB;)V 563 <appendix> argL0 ; # com/android/tools/r8/ir/optimize/M$$Lambda+0x0000021b5730dba0
instanceKlass  @bci com/android/tools/r8/ir/optimize/M a (Lcom/android/tools/r8/internal/sB;)V 553 <appendix> argL0 ; # com/android/tools/r8/ir/optimize/M$$Lambda+0x0000021b5730d950
instanceKlass  @bci com/android/tools/r8/ir/optimize/M a (Lcom/android/tools/r8/internal/sB;)V 448 <appendix> argL0 ; # com/android/tools/r8/ir/optimize/M$$Lambda+0x0000021b5730d710
instanceKlass  @bci com/android/tools/r8/internal/lx b (Lcom/android/tools/r8/internal/sB;Lcom/android/tools/r8/internal/f00;)Z 73 <appendix> argL0 ; # com/android/tools/r8/internal/lx$$Lambda+0x0000021b5730c478
instanceKlass  @bci com/android/tools/r8/internal/sB a (Lcom/android/tools/r8/internal/nB;Lcom/android/tools/r8/ir/optimize/a;)Z 169 <appendix> argL0 ; # com/android/tools/r8/internal/sB$$Lambda+0x0000021b5730c248
instanceKlass  @bci com/android/tools/r8/internal/zx0 a ()Lcom/android/tools/r8/ir/optimize/a; 10 <appendix> member <vmtarget> ; # com/android/tools/r8/internal/zx0$$Lambda+0x0000021b5730b448
instanceKlass  @bci com/android/tools/r8/internal/sB a (Lcom/android/tools/r8/ir/optimize/a;Ljava/util/function/Consumer;)V 57 <appendix> member <vmtarget> ; # com/android/tools/r8/internal/sB$$Lambda+0x0000021b5730b1f8
instanceKlass com/android/tools/r8/internal/N70
instanceKlass  @bci com/android/tools/r8/internal/Hf0 a (Ljava/util/TreeSet;)Lcom/android/tools/r8/internal/Ef0; 31 <appendix> argL0 ; # com/android/tools/r8/internal/Hf0$$Lambda+0x0000021b5730a6f0
instanceKlass  @bci com/android/tools/r8/internal/Hf0 a (Ljava/util/TreeSet;)Lcom/android/tools/r8/internal/Ef0; 4 <appendix> member <vmtarget> ; # com/android/tools/r8/internal/Hf0$$Lambda+0x0000021b5730a218
instanceKlass com/android/tools/r8/internal/Ff0
instanceKlass  @bci com/android/tools/r8/internal/po0 b (ILcom/android/tools/r8/internal/tU;Lcom/android/tools/r8/internal/tU;)V 32 <appendix> argL0 ; # com/android/tools/r8/internal/po0$$Lambda+0x0000021b57309dc8
instanceKlass com/android/tools/r8/internal/tI
instanceKlass  @bci com/android/tools/r8/internal/US a (IZ)I 22 <appendix> member <vmtarget> ; # com/android/tools/r8/internal/US$$Lambda+0x0000021b57309888
instanceKlass  @bci com/android/tools/r8/internal/tU a (Lcom/android/tools/r8/internal/SS;)Lcom/android/tools/r8/internal/uU; 5 <appendix> member <vmtarget> ; # com/android/tools/r8/internal/tU$$Lambda+0x0000021b57301ce8
instanceKlass  @bci com/android/tools/r8/internal/tU a ()Lcom/android/tools/r8/internal/uU; 4 <appendix> argL0 ; # com/android/tools/r8/internal/tU$$Lambda+0x0000021b57303bf8
instanceKlass java/util/ComparableTimSort
instanceKlass  @bci com/android/tools/r8/internal/sp a (Lcom/android/tools/r8/internal/Jr0;)V 49 <appendix> argL0 ; # com/android/tools/r8/internal/sp$$Lambda+0x0000021b573039b8
instanceKlass  @bci com/android/tools/r8/internal/sp a (Lcom/android/tools/r8/internal/Jr0;)V 41 <appendix> argL0 ; # com/android/tools/r8/internal/sp$$Lambda+0x0000021b57303798
instanceKlass  @bci com/android/tools/r8/internal/sp a (Lcom/android/tools/r8/internal/Jr0;)V 33 <appendix> argL0 ; # com/android/tools/r8/internal/sp$$Lambda+0x0000021b57303578
instanceKlass  @bci com/android/tools/r8/internal/sp a (Lcom/android/tools/r8/internal/Jr0;)V 25 <appendix> argL0 ; # com/android/tools/r8/internal/sp$$Lambda+0x0000021b57303358
instanceKlass  @bci com/android/tools/r8/internal/sp a (Lcom/android/tools/r8/internal/Jr0;)V 17 <appendix> argL0 ; # com/android/tools/r8/internal/sp$$Lambda+0x0000021b57303138
instanceKlass  @bci com/android/tools/r8/internal/sp a (Lcom/android/tools/r8/internal/Jr0;)V 9 <appendix> argL0 ; # com/android/tools/r8/internal/sp$$Lambda+0x0000021b57302f18
instanceKlass  @bci com/android/tools/r8/internal/sp a (Lcom/android/tools/r8/internal/Jr0;)V 1 <appendix> argL0 ; # com/android/tools/r8/internal/sp$$Lambda+0x0000021b57302cf8
instanceKlass  @bci com/android/tools/r8/internal/sp a (Lcom/android/tools/r8/internal/Up;Lcom/android/tools/r8/internal/xf;)I 6 <appendix> argL0 ; # com/android/tools/r8/internal/sp$$Lambda+0x0000021b57302ad8
instanceKlass  @bci com/android/tools/r8/internal/pr a (Lcom/android/tools/r8/internal/Jr0;)V 1 <appendix> argL0 ; # com/android/tools/r8/internal/pr$$Lambda+0x0000021b57302898
instanceKlass  @bci com/android/tools/r8/internal/dp b (Lcom/android/tools/r8/internal/Jr0;)V 11 <appendix> member <vmtarget> ; # com/android/tools/r8/internal/dp$$Lambda+0x0000021b57302670
instanceKlass  @bci com/android/tools/r8/internal/dp b (Lcom/android/tools/r8/internal/Jr0;)V 2 <appendix> argL0 ; # com/android/tools/r8/internal/dp$$Lambda+0x0000021b57302450
instanceKlass  @bci com/android/tools/r8/internal/dp a (Lcom/android/tools/r8/internal/Up;Lcom/android/tools/r8/internal/xf;)I 8 <appendix> member <vmtarget> ; # com/android/tools/r8/internal/dp$$Lambda+0x0000021b57302228
instanceKlass  @bci com/android/tools/r8/internal/nb a (Lcom/android/tools/r8/internal/I9;Lcom/android/tools/r8/graph/y;Lcom/android/tools/r8/internal/P8;)Lcom/android/tools/r8/internal/I9; 72 <appendix> member <vmtarget> ; # com/android/tools/r8/internal/nb$$Lambda+0x0000021b57302000
instanceKlass  @bci com/android/tools/r8/internal/I9 b (Lcom/android/tools/r8/internal/du0;Lcom/android/tools/r8/internal/I9;Lcom/android/tools/r8/internal/H70;)Lcom/android/tools/r8/internal/I9; 3 <appendix> member <vmtarget> ; # com/android/tools/r8/internal/I9$$Lambda+0x0000021b57307cb8
instanceKlass  @bci com/android/tools/r8/internal/I9 a (Lcom/android/tools/r8/internal/du0;)Lcom/android/tools/r8/internal/I9; 2 <appendix> member <vmtarget> ; # com/android/tools/r8/internal/I9$$Lambda+0x0000021b57307a80
instanceKlass  @bci com/android/tools/r8/internal/nb a (Lcom/android/tools/r8/internal/I9;Lcom/android/tools/r8/graph/y;Lcom/android/tools/r8/internal/P8;)Lcom/android/tools/r8/internal/I9; 154 <appendix> member <vmtarget> ; # com/android/tools/r8/internal/nb$$Lambda+0x0000021b57307858
instanceKlass  @bci com/android/tools/r8/internal/qo0 a (Ljava/util/ArrayList;)Ljava/util/LinkedHashMap; 276 <appendix> member <vmtarget> ; # com/android/tools/r8/internal/qo0$$Lambda+0x0000021b57307620
instanceKlass  @cpi com/android/tools/r8/internal/qo0 255 form vmentry <vmtarget> ; # java/lang/invoke/LambdaForm$DMH+0x0000021b57301400
instanceKlass com/android/tools/r8/internal/S10
instanceKlass  @bci java/util/stream/MatchOps makeRef (Ljava/util/function/Predicate;Ljava/util/stream/MatchOps$MatchKind;)Ljava/util/stream/TerminalOp; 20 <appendix> member <vmtarget> ; # java/util/stream/MatchOps$$Lambda+0x0000021b570d6238
instanceKlass java/util/stream/MatchOps$BooleanTerminalSink
instanceKlass java/util/stream/MatchOps$MatchOp
instanceKlass java/util/stream/MatchOps
instanceKlass  @bci com/android/tools/r8/ir/optimize/f0 a (Lcom/android/tools/r8/internal/Y5;Lcom/android/tools/r8/internal/US;Ljava/util/Set;Lcom/android/tools/r8/ir/optimize/X;)V 283 <adapter> ; # java/lang/invoke/LambdaForm$MH+0x0000021b57301000
# instanceKlass java/lang/invoke/LambdaForm$DMH+0x0000021b57300c00
instanceKlass  @bci com/android/tools/r8/ir/optimize/f0 a (Lcom/android/tools/r8/internal/Y5;Lcom/android/tools/r8/internal/US;Ljava/util/Set;Lcom/android/tools/r8/ir/optimize/X;)V 283 <appendix> form vmentry <vmtarget> ; # java/lang/invoke/LambdaForm$DMH+0x0000021b57300800
instanceKlass  @bci com/android/tools/r8/ir/optimize/f0 a (Lcom/android/tools/r8/internal/Y5;Lcom/android/tools/r8/internal/US;Ljava/util/Set;Lcom/android/tools/r8/ir/optimize/X;)V 283 <appendix> member <vmtarget> ; # com/android/tools/r8/ir/optimize/f0$$Lambda+0x0000021b57304e50
instanceKlass  @cpi com/android/tools/r8/ir/optimize/f0 247 form vmentry <vmtarget> ; # java/lang/invoke/LambdaForm$DMH+0x0000021b57300400
instanceKlass  @bci com/android/tools/r8/graph/l1 a (Lcom/android/tools/r8/internal/Jr0;)V 17 <appendix> argL0 ; # com/android/tools/r8/graph/l1$$Lambda+0x0000021b57304c10
instanceKlass  @bci com/android/tools/r8/graph/l1 a (Lcom/android/tools/r8/internal/Jr0;)V 9 <appendix> argL0 ; # com/android/tools/r8/graph/l1$$Lambda+0x0000021b573049d0
instanceKlass  @bci com/android/tools/r8/graph/l1 a (Lcom/android/tools/r8/internal/Jr0;)V 1 <appendix> argL0 ; # com/android/tools/r8/graph/l1$$Lambda+0x0000021b572ffc60
instanceKlass  @bci com/android/tools/r8/graph/l1 m ()Lcom/android/tools/r8/internal/Hr0; 0 <appendix> argL0 ; # com/android/tools/r8/graph/l1$$Lambda+0x0000021b572ffa40
instanceKlass  @bci com/android/tools/r8/internal/ip b (Lcom/android/tools/r8/internal/Jr0;)V 17 <appendix> argL0 ; # com/android/tools/r8/internal/ip$$Lambda+0x0000021b572fee30
instanceKlass  @bci com/android/tools/r8/internal/ip b (Lcom/android/tools/r8/internal/Jr0;)V 9 <appendix> argL0 ; # com/android/tools/r8/internal/ip$$Lambda+0x0000021b572fec10
instanceKlass  @bci com/android/tools/r8/internal/ip b (Lcom/android/tools/r8/internal/Jr0;)V 1 <appendix> argL0 ; # com/android/tools/r8/internal/ip$$Lambda+0x0000021b572fe9f0
instanceKlass  @bci com/android/tools/r8/internal/ip a (Lcom/android/tools/r8/internal/Up;Lcom/android/tools/r8/internal/xf;)I 6 <appendix> argL0 ; # com/android/tools/r8/internal/ip$$Lambda+0x0000021b572fe7d0
instanceKlass  @bci com/android/tools/r8/internal/Zo a (Lcom/android/tools/r8/internal/Jr0;)V 9 <appendix> argL0 ; # com/android/tools/r8/internal/Zo$$Lambda+0x0000021b572fe5b0
instanceKlass  @bci com/android/tools/r8/internal/Zo a (Lcom/android/tools/r8/internal/Jr0;)V 1 <appendix> argL0 ; # com/android/tools/r8/internal/Zo$$Lambda+0x0000021b572fe390
instanceKlass  @bci com/android/tools/r8/internal/Zo a (Lcom/android/tools/r8/internal/Up;Lcom/android/tools/r8/internal/xf;)I 6 <appendix> argL0 ; # com/android/tools/r8/internal/Zo$$Lambda+0x0000021b572fe170
instanceKlass com/android/tools/r8/internal/TZ
instanceKlass  @bci com/android/tools/r8/graph/u1 e (I)Lcom/android/tools/r8/graph/Q0; 15 <appendix> argL0 ; # com/android/tools/r8/graph/u1$$Lambda+0x0000021b572fdd28
instanceKlass  @bci com/android/tools/r8/internal/Pi b (Lcom/android/tools/r8/graph/K5;Lcom/android/tools/r8/internal/ga;)V 58 <appendix> member <vmtarget> ; # com/android/tools/r8/internal/Pi$$Lambda+0x0000021b572fd730
instanceKlass  @bci com/android/tools/r8/synthesis/M a (Lcom/android/tools/r8/graph/V;)Lcom/android/tools/r8/graph/j1; 251 <appendix> member <vmtarget> ; # com/android/tools/r8/synthesis/M$$Lambda+0x0000021b572fd4f8
instanceKlass  @bci com/android/tools/r8/synthesis/M a (Lcom/android/tools/r8/graph/V;)Lcom/android/tools/r8/graph/j1; 207 <appendix> argL0 ; # com/android/tools/r8/synthesis/M$$Lambda+0x0000021b572fd2c8
instanceKlass  @bci com/android/tools/r8/synthesis/M a (Lcom/android/tools/r8/graph/V;)Lcom/android/tools/r8/graph/j1; 162 <appendix> member <vmtarget> ; # com/android/tools/r8/synthesis/M$$Lambda+0x0000021b572fd090
instanceKlass  @bci com/android/tools/r8/internal/x5 a (Lcom/android/tools/r8/graph/y;Lcom/android/tools/r8/synthesis/M;)V 31 <appendix> member <vmtarget> ; # com/android/tools/r8/internal/x5$$Lambda+0x0000021b572fcc70
instanceKlass com/android/tools/r8/synthesis/L
instanceKlass  @bci java/util/function/Consumer andThen (Ljava/util/function/Consumer;)Ljava/util/function/Consumer; 7 <appendix> member <vmtarget> ; # java/util/function/Consumer$$Lambda+0x0000021b570d54c0
instanceKlass  @cpi java/util/function/Consumer 43 form vmentry <vmtarget> ; # java/lang/invoke/LambdaForm$DMH+0x0000021b57300000
instanceKlass  @bci com/android/tools/r8/synthesis/E a (Lcom/android/tools/r8/synthesis/I;Lcom/android/tools/r8/graph/G5;Lcom/android/tools/r8/graph/y;Ljava/util/function/Consumer;Ljava/util/function/Supplier;)Lcom/android/tools/r8/graph/K5; 155 <appendix> argL0 ; # com/android/tools/r8/synthesis/E$$Lambda+0x0000021b572fc840
instanceKlass  @bci com/android/tools/r8/synthesis/E b (Lcom/android/tools/r8/synthesis/I;Lcom/android/tools/r8/internal/Of;Lcom/android/tools/r8/graph/y;Ljava/util/function/Consumer;)Lcom/android/tools/r8/graph/K5; 8 <appendix> member <vmtarget> ; # com/android/tools/r8/synthesis/E$$Lambda+0x0000021b572fc618
instanceKlass  @bci com/android/tools/r8/internal/x5 a (Lcom/android/tools/r8/graph/y;Lcom/android/tools/r8/internal/Lf;)Lcom/android/tools/r8/graph/K5; 21 <appendix> member <vmtarget> ; # com/android/tools/r8/internal/x5$$Lambda+0x0000021b572fc3e0
instanceKlass com/android/tools/r8/synthesis/M
instanceKlass  @bci com/android/tools/r8/internal/x5 a (Lcom/android/tools/r8/graph/y;Lcom/android/tools/r8/internal/Lf;)Lcom/android/tools/r8/graph/K5; 11 <appendix> member <vmtarget> ; # com/android/tools/r8/internal/x5$$Lambda+0x0000021b572fbfa8
instanceKlass com/android/tools/r8/internal/z9
instanceKlass com/android/tools/r8/internal/wa
instanceKlass sun/reflect/generics/reflectiveObjects/LazyReflectiveObjectGenerator
instanceKlass sun/reflect/generics/reflectiveObjects/ParameterizedTypeImpl
instanceKlass java/lang/reflect/ParameterizedType
instanceKlass sun/reflect/generics/visitor/Reifier
instanceKlass sun/reflect/generics/visitor/TypeTreeVisitor
instanceKlass sun/reflect/generics/tree/ClassSignature
instanceKlass sun/reflect/generics/tree/Signature
instanceKlass sun/reflect/generics/tree/ClassTypeSignature
instanceKlass sun/reflect/generics/tree/SimpleClassTypeSignature
instanceKlass sun/reflect/generics/tree/FieldTypeSignature
instanceKlass sun/reflect/generics/tree/BaseType
instanceKlass sun/reflect/generics/tree/TypeSignature
instanceKlass sun/reflect/generics/tree/ReturnType
instanceKlass sun/reflect/generics/tree/TypeArgument
instanceKlass sun/reflect/generics/tree/FormalTypeParameter
instanceKlass sun/reflect/generics/tree/TypeTree
instanceKlass sun/reflect/generics/tree/Tree
instanceKlass sun/reflect/generics/parser/SignatureParser
instanceKlass java/lang/reflect/TypeVariable
instanceKlass sun/reflect/generics/repository/AbstractRepository
instanceKlass sun/reflect/generics/factory/CoreReflectionFactory
instanceKlass sun/reflect/generics/factory/GenericsFactory
instanceKlass sun/reflect/generics/scope/AbstractScope
instanceKlass sun/reflect/generics/scope/Scope
instanceKlass  @bci com/android/tools/r8/internal/lx a (Lcom/android/tools/r8/internal/zx0;)Z 1 <appendix> argL0 ; # com/android/tools/r8/internal/lx$$Lambda+0x0000021b572f3188
instanceKlass com/android/tools/r8/internal/J3
instanceKlass  @bci com/android/tools/r8/internal/US e (Lcom/android/tools/r8/internal/tU;)V 38 <appendix> member <vmtarget> ; # com/android/tools/r8/internal/US$$Lambda+0x0000021b572efd68
instanceKlass com/android/tools/r8/internal/IU
instanceKlass com/android/tools/r8/internal/k20
instanceKlass  @bci com/android/tools/r8/internal/Fx0 a (Lcom/android/tools/r8/internal/zx0;Lcom/android/tools/r8/internal/zx0;)V 33 <appendix> argL0 ; # com/android/tools/r8/internal/Fx0$$Lambda+0x0000021b572ec628
instanceKlass  @bci com/android/tools/r8/internal/Fx0 a (Lcom/android/tools/r8/internal/zx0;Lcom/android/tools/r8/internal/zx0;)V 6 <appendix> argL0 ; # com/android/tools/r8/internal/Fx0$$Lambda+0x0000021b572ec408
instanceKlass com/android/tools/r8/internal/ye
instanceKlass  @bci com/android/tools/r8/internal/bz0 b (Ljava/lang/Iterable;)V 2 <appendix> member <vmtarget> ; # com/android/tools/r8/internal/bz0$$Lambda+0x0000021b572eac28
instanceKlass  @bci com/android/tools/r8/graph/J0$b a (Lcom/android/tools/r8/internal/Jr0;)V 9 <appendix> argL0 ; # com/android/tools/r8/graph/J0$b$$Lambda+0x0000021b572e77d8
instanceKlass  @bci com/android/tools/r8/graph/J0$b a (Lcom/android/tools/r8/internal/Jr0;)V 1 <appendix> argL0 ; # com/android/tools/r8/graph/J0$b$$Lambda+0x0000021b572e75b8
instanceKlass  @bci com/android/tools/r8/graph/J0$b m ()Lcom/android/tools/r8/internal/Hr0; 0 <appendix> argL0 ; # com/android/tools/r8/graph/J0$b$$Lambda+0x0000021b572e7398
instanceKlass  @bci com/android/tools/r8/internal/Rn a (Lcom/android/tools/r8/internal/rA;)Ljava/util/ArrayList; 301 <appendix> argL0 ; # com/android/tools/r8/internal/Rn$$Lambda+0x0000021b572e4630
instanceKlass com/android/tools/r8/internal/Qn
instanceKlass com/android/tools/r8/internal/Ca
instanceKlass  @bci com/android/tools/r8/internal/Y5 o ()Ljava/util/List; 27 <appendix> member <vmtarget> ; # com/android/tools/r8/internal/Y5$$Lambda+0x0000021b572e04e8
instanceKlass  @bci com/android/tools/r8/internal/Y5 i ()Lcom/android/tools/r8/internal/O8; 27 <appendix> member <vmtarget> ; # com/android/tools/r8/internal/Y5$$Lambda+0x0000021b572ddf70
instanceKlass  @cpi com/android/tools/r8/internal/Y5 889 form vmentry <vmtarget> ; # java/lang/invoke/LambdaForm$DMH+0x0000021b572d0c00
instanceKlass com/android/tools/r8/internal/Pn
instanceKlass  @bci com/android/tools/r8/internal/S9 a (Lcom/android/tools/r8/internal/I9;Lcom/android/tools/r8/graph/y;Lcom/android/tools/r8/internal/P8;)Lcom/android/tools/r8/internal/I9; 10 <appendix> argL0 ; # com/android/tools/r8/internal/S9$$Lambda+0x0000021b572dd530
instanceKlass  @bci com/android/tools/r8/internal/nB a (Lcom/android/tools/r8/internal/q70;Lcom/android/tools/r8/internal/ME;)V 294 <appendix> member <vmtarget> ; # com/android/tools/r8/internal/nB$$Lambda+0x0000021b572dce10
instanceKlass  @bci com/android/tools/r8/internal/Y8 a (Lcom/android/tools/r8/internal/I9;Lcom/android/tools/r8/graph/y;Lcom/android/tools/r8/internal/P8;)Lcom/android/tools/r8/internal/I9; 27 <appendix> member <vmtarget> ; # com/android/tools/r8/internal/Y8$$Lambda+0x0000021b572dcbd8
instanceKlass  @bci com/android/tools/r8/internal/K9 a (Lcom/android/tools/r8/internal/ma;)V 70 <appendix> member <vmtarget> ; # com/android/tools/r8/internal/K9$$Lambda+0x0000021b572dc980
instanceKlass  @bci com/android/tools/r8/internal/x10 a (ZLcom/android/tools/r8/internal/D7;Lcom/android/tools/r8/internal/VH;Lcom/android/tools/r8/internal/VH;Lcom/android/tools/r8/internal/w10;Lcom/android/tools/r8/internal/ga;Lcom/android/tools/r8/graph/K5;Lcom/android/tools/r8/internal/Lf;Lcom/android/tools/r8/internal/VH;Lcom/android/tools/r8/graph/G;Lcom/android/tools/r8/internal/VH;Lcom/android/tools/r8/internal/X9;)Ljava/util/Collection; 171 <appendix> member <vmtarget> ; # com/android/tools/r8/internal/x10$$Lambda+0x0000021b572dc748
instanceKlass  @bci com/android/tools/r8/graph/u1 d (I)Lcom/android/tools/r8/graph/P0; 15 <appendix> argL0 ; # com/android/tools/r8/graph/u1$$Lambda+0x0000021b572dc508
instanceKlass  @bci com/android/tools/r8/internal/VR a (Lcom/android/tools/r8/internal/ja;Lcom/android/tools/r8/internal/xy;Lcom/android/tools/r8/internal/EU;Lcom/android/tools/r8/internal/E9;Lcom/android/tools/r8/internal/ga;Lcom/android/tools/r8/graph/K5;Lcom/android/tools/r8/internal/Lf;Lcom/android/tools/r8/internal/UR;)Ljava/util/AbstractCollection; 178 <appendix> member <vmtarget> ; # com/android/tools/r8/internal/VR$$Lambda+0x0000021b572dc2d0
instanceKlass com/android/tools/r8/internal/q9
instanceKlass  @bci com/android/tools/r8/synthesis/m b (Ljava/util/AbstractCollection;)V 17 <appendix> member <vmtarget> ; # com/android/tools/r8/synthesis/m$$Lambda+0x0000021b572dbac0
instanceKlass com/android/tools/r8/internal/qU
instanceKlass com/android/tools/r8/internal/V8
instanceKlass com/android/tools/r8/internal/XR
instanceKlass com/android/tools/r8/internal/ri
instanceKlass  @bci com/android/tools/r8/synthesis/m a (Ljava/util/AbstractCollection;)Lcom/android/tools/r8/synthesis/m; 18 <appendix> member <vmtarget> ; # com/android/tools/r8/synthesis/m$$Lambda+0x0000021b572d97e0
instanceKlass  @bci com/android/tools/r8/ir/optimize/f0 a (Lcom/android/tools/r8/internal/sB;Lcom/android/tools/r8/internal/Df0;I)V 591 <appendix> argL0 ; # com/android/tools/r8/ir/optimize/f0$$Lambda+0x0000021b572d3900
# instanceKlass com/android/tools/r8/internal/Hf0$$Lambda+0x0000021b572d2b98
instanceKlass  @bci com/android/tools/r8/internal/Hf0 a (Ljava/util/ArrayDeque;Ljava/util/TreeSet;)V 4 <appendix> member <vmtarget> ; # com/android/tools/r8/internal/Hf0$$Lambda+0x0000021b572d2940
instanceKlass com/android/tools/r8/internal/OR
instanceKlass  @bci com/android/tools/r8/internal/Gf0 a (Ljava/util/TreeSet;)Lcom/android/tools/r8/internal/dG; 36 <appendix> member <vmtarget> ; # com/android/tools/r8/internal/Gf0$$Lambda+0x0000021b572d24e8
instanceKlass  @bci com/android/tools/r8/internal/ZH a ()Ljava/util/function/IntConsumer; 0 <appendix> argL0 ; # com/android/tools/r8/internal/ZH$$Lambda+0x0000021b572d7d68
instanceKlass  @cpi com/android/tools/r8/internal/ZH 14 form vmentry <vmtarget> ; # java/lang/invoke/LambdaForm$DMH+0x0000021b572d0800
instanceKlass  @bci com/android/tools/r8/internal/tU a (Ljava/util/List;)Z 32 <appendix> argL0 ; # com/android/tools/r8/internal/tU$$Lambda+0x0000021b572d7688
instanceKlass com/android/tools/r8/internal/ZH
instanceKlass  @bci com/android/tools/r8/internal/Eb a (Ljava/util/function/BiFunction;Lcom/android/tools/r8/internal/X9;Lcom/android/tools/r8/internal/I9;)Lcom/android/tools/r8/internal/Wt0; 11 <appendix> member <vmtarget> ; # com/android/tools/r8/internal/Eb$$Lambda+0x0000021b572d7238
instanceKlass com/android/tools/r8/internal/PR
instanceKlass com/android/tools/r8/internal/F7
instanceKlass  @bci com/android/tools/r8/internal/I9 h ()Lcom/android/tools/r8/internal/I9; 1 <appendix> argL0 ; # com/android/tools/r8/internal/I9$$Lambda+0x0000021b572d6bf0
instanceKlass com/android/tools/r8/internal/Xt0
instanceKlass  @bci com/android/tools/r8/internal/po0 c (ILcom/android/tools/r8/internal/tU;Lcom/android/tools/r8/internal/tU;)V 182 <appendix> argL0 ; # com/android/tools/r8/internal/po0$$Lambda+0x0000021b572d5d90
instanceKlass  @bci com/android/tools/r8/internal/US a (Lcom/android/tools/r8/internal/qK;)Z 54 <appendix> argL0 ; # com/android/tools/r8/internal/US$$Lambda+0x0000021b572d5b40
instanceKlass com/android/tools/r8/internal/Gf0
instanceKlass  @bci com/android/tools/r8/internal/qK a (Lcom/android/tools/r8/internal/K70;)Z 54 <appendix> argL0 ; # com/android/tools/r8/internal/qK$$Lambda+0x0000021b572d56e8
instanceKlass  @bci com/android/tools/r8/ir/optimize/u0 a (Lcom/android/tools/r8/graph/y;Lcom/android/tools/r8/internal/sB;)Z 78 <appendix> argL0 ; # com/android/tools/r8/ir/optimize/u0$$Lambda+0x0000021b572d5498
instanceKlass  @bci com/android/tools/r8/internal/zE a (Lcom/android/tools/r8/graph/y;Lcom/android/tools/r8/graph/K5;Lcom/android/tools/r8/internal/L1;Lcom/android/tools/r8/internal/LE;)Z 24 <appendix> argL0 ; # com/android/tools/r8/internal/zE$$Lambda+0x0000021b572d4cf8
instanceKlass  @bci com/android/tools/r8/internal/Jr0 i (Ljava/util/function/Function;)Lcom/android/tools/r8/internal/Jr0; 7 <appendix> argL0 ; # com/android/tools/r8/internal/Jr0$$Lambda+0x0000021b572d4ad8
instanceKlass com/android/tools/r8/internal/m
instanceKlass  @bci com/android/tools/r8/internal/Jr0 i (Ljava/util/function/Function;)Lcom/android/tools/r8/internal/Jr0; 2 <appendix> argL0 ; # com/android/tools/r8/internal/Jr0$$Lambda+0x0000021b572d46b0
instanceKlass  @bci java/util/function/Function andThen (Ljava/util/function/Function;)Ljava/util/function/Function; 7 <appendix> member <vmtarget> ; # java/util/function/Function$$Lambda+0x0000021b570cffc0
instanceKlass  @cpi java/util/function/Function 58 form vmentry <vmtarget> ; # java/lang/invoke/LambdaForm$DMH+0x0000021b572d0400
instanceKlass  @bci com/android/tools/r8/internal/Hf0 b ()V 135 <appendix> member <vmtarget> ; # com/android/tools/r8/internal/Hf0$$Lambda+0x0000021b572d4478
instanceKlass  @bci com/android/tools/r8/internal/Hf0 b ()V 89 <appendix> member <vmtarget> ; # com/android/tools/r8/internal/Hf0$$Lambda+0x0000021b572d4240
instanceKlass  @bci com/android/tools/r8/internal/Jr0 f (Ljava/util/function/Function;)Lcom/android/tools/r8/internal/Jr0; 2 <appendix> argL0 ; # com/android/tools/r8/internal/Jr0$$Lambda+0x0000021b572d4000
instanceKlass  @cpi com/android/tools/r8/internal/Hf0 225 form vmentry <vmtarget> ; # java/lang/invoke/LambdaForm$DMH+0x0000021b572d0000
instanceKlass  @bci com/android/tools/r8/graph/O2 a (Lcom/android/tools/r8/internal/Jr0;)V 1 <appendix> argL0 ; # com/android/tools/r8/graph/O2$$Lambda+0x0000021b572c2400
instanceKlass  @bci com/android/tools/r8/internal/G1 c (Lcom/android/tools/r8/graph/M2;)Lcom/android/tools/r8/internal/un0; 5 <appendix> argL0 ; # com/android/tools/r8/internal/G1$$Lambda+0x0000021b572cfd80
instanceKlass  @bci com/android/tools/r8/graph/O2 m ()Lcom/android/tools/r8/internal/Hr0; 0 <appendix> argL0 ; # com/android/tools/r8/graph/O2$$Lambda+0x0000021b572cfb60
instanceKlass  @bci com/android/tools/r8/graph/I2 a (Lcom/android/tools/r8/internal/Jr0;)V 9 <appendix> argL0 ; # com/android/tools/r8/graph/I2$$Lambda+0x0000021b572cf6f8
instanceKlass  @bci com/android/tools/r8/graph/I2 a (Lcom/android/tools/r8/internal/Jr0;)V 1 <appendix> argL0 ; # com/android/tools/r8/graph/I2$$Lambda+0x0000021b572cf4b8
instanceKlass  @bci com/android/tools/r8/graph/I2 m ()Lcom/android/tools/r8/internal/Hr0; 0 <appendix> argL0 ; # com/android/tools/r8/graph/I2$$Lambda+0x0000021b572cf298
instanceKlass  @bci com/android/tools/r8/graph/B2 a (Lcom/android/tools/r8/internal/Jr0;)V 17 <appendix> argL0 ; # com/android/tools/r8/graph/B2$$Lambda+0x0000021b572cee28
instanceKlass com/android/tools/r8/internal/YU
instanceKlass  @bci com/android/tools/r8/graph/B2 a (Lcom/android/tools/r8/internal/Jr0;)V 9 <appendix> argL0 ; # com/android/tools/r8/graph/B2$$Lambda+0x0000021b572ce9d0
instanceKlass  @bci com/android/tools/r8/internal/Jr0 e (Ljava/util/function/Function;)Lcom/android/tools/r8/internal/Jr0; 2 <appendix> argL0 ; # com/android/tools/r8/internal/Jr0$$Lambda+0x0000021b572ce780
instanceKlass  @bci com/android/tools/r8/graph/B2 a (Lcom/android/tools/r8/internal/Jr0;)V 1 <appendix> argL0 ; # com/android/tools/r8/graph/B2$$Lambda+0x0000021b572ce040
instanceKlass  @bci com/android/tools/r8/graph/B2 m ()Lcom/android/tools/r8/internal/Hr0; 0 <appendix> argL0 ; # com/android/tools/r8/graph/B2$$Lambda+0x0000021b572cd8f0
instanceKlass  @bci com/android/tools/r8/internal/Gj a (Lcom/android/tools/r8/internal/Gr0;Lcom/android/tools/r8/internal/AA;Lcom/android/tools/r8/internal/Fr0;)V 1 <appendix> argL0 ; # com/android/tools/r8/internal/Gj$$Lambda+0x0000021b572cd6d0
instanceKlass com/android/tools/r8/internal/Gj
instanceKlass  @bci com/android/tools/r8/internal/Y5 a (Lcom/android/tools/r8/internal/ME;)Ljava/lang/Iterable; 2 <appendix> member <vmtarget> ; # com/android/tools/r8/internal/Y5$$Lambda+0x0000021b572ccd50
instanceKlass com/android/tools/r8/internal/F2
instanceKlass  @bci com/android/tools/r8/internal/Gr0 a (Lcom/android/tools/r8/internal/AA;)V 7 <appendix> argL0 ; # com/android/tools/r8/internal/Gr0$$Lambda+0x0000021b572cc430
instanceKlass com/android/tools/r8/internal/lB
instanceKlass  @bci com/android/tools/r8/ir/optimize/z a (Lcom/android/tools/r8/internal/ME;)Z 429 <appendix> argL0 ; # com/android/tools/r8/ir/optimize/z$$Lambda+0x0000021b572cbfd0
instanceKlass com/android/tools/r8/internal/F
instanceKlass com/android/tools/r8/internal/gW
instanceKlass java/util/logging/Logger$SystemLoggerHelper$1
instanceKlass java/util/logging/Logger$SystemLoggerHelper
instanceKlass com/android/tools/r8/internal/E
instanceKlass com/android/tools/r8/internal/Gn
instanceKlass java/util/logging/LogManager$4
instanceKlass com/android/tools/r8/internal/BA
instanceKlass com/android/tools/r8/internal/CA
instanceKlass jdk/internal/logger/BootstrapLogger$BootstrapExecutors
instanceKlass com/android/tools/r8/internal/zG
instanceKlass com/android/tools/r8/internal/zA
instanceKlass java/io/FilePermission$1
instanceKlass jdk/internal/access/JavaIOFilePermissionAccess
instanceKlass  @bci com/android/tools/r8/synthesis/E a (Lcom/android/tools/r8/synthesis/I;Lcom/android/tools/r8/internal/Of;Lcom/android/tools/r8/graph/y;Ljava/util/function/Consumer;)Lcom/android/tools/r8/graph/H2; 31 <appendix> member <vmtarget> ; # com/android/tools/r8/synthesis/E$$Lambda+0x0000021b572c7288
instanceKlass  @bci com/android/tools/r8/internal/VR a (Lcom/android/tools/r8/internal/ja;Lcom/android/tools/r8/graph/K5;Lcom/android/tools/r8/internal/Lf;Lcom/android/tools/r8/internal/UR;Z)Lcom/android/tools/r8/internal/PR; 70 <adapter> ; # java/lang/invoke/LambdaForm$MH+0x0000021b572c2000
# instanceKlass java/lang/invoke/LambdaForm$DMH+0x0000021b572c1c00
instanceKlass jdk/internal/logger/LoggerFinderLoader
instanceKlass  @bci com/android/tools/r8/internal/VR a (Lcom/android/tools/r8/internal/ja;Lcom/android/tools/r8/graph/K5;Lcom/android/tools/r8/internal/Lf;Lcom/android/tools/r8/internal/UR;Z)Lcom/android/tools/r8/internal/PR; 70 <appendix> form vmentry <vmtarget> ; # java/lang/invoke/LambdaForm$DMH+0x0000021b572c1800
instanceKlass  @bci com/android/tools/r8/internal/VR a (Lcom/android/tools/r8/internal/ja;Lcom/android/tools/r8/graph/K5;Lcom/android/tools/r8/internal/Lf;Lcom/android/tools/r8/internal/UR;Z)Lcom/android/tools/r8/internal/PR; 70 <appendix> member <vmtarget> ; # com/android/tools/r8/internal/VR$$Lambda+0x0000021b572c7050
instanceKlass  @cpi com/android/tools/r8/internal/VR 351 form vmentry <vmtarget> ; # java/lang/invoke/LambdaForm$DMH+0x0000021b572c1400
instanceKlass  @bci java/lang/System$LoggerFinder accessProvider ()Ljava/lang/System$LoggerFinder; 8 <appendix> argL0 ; # java/lang/System$LoggerFinder$$Lambda+0x0000021b570cf210
instanceKlass  @bci com/android/tools/r8/internal/VR a (Lcom/android/tools/r8/internal/ja;Lcom/android/tools/r8/graph/K5;Lcom/android/tools/r8/internal/Lf;Lcom/android/tools/r8/internal/UR;Z)Lcom/android/tools/r8/internal/PR; 49 <appendix> argL0 ; # com/android/tools/r8/internal/VR$$Lambda+0x0000021b572c6938
instanceKlass  @bci com/android/tools/r8/internal/VR a (Lcom/android/tools/r8/internal/X9;Lcom/android/tools/r8/internal/q70;Lcom/android/tools/r8/internal/xy;Lcom/android/tools/r8/internal/EU;Lcom/android/tools/r8/internal/E9;Lcom/android/tools/r8/internal/ga;Lcom/android/tools/r8/graph/K5;Lcom/android/tools/r8/internal/Lf;Lcom/android/tools/r8/internal/Z9;Lcom/android/tools/r8/graph/u1;)Ljava/util/Collection; 16 <appendix> member <vmtarget> ; # com/android/tools/r8/internal/VR$$Lambda+0x0000021b572c6710
instanceKlass java/util/stream/Streams
instanceKlass java/util/stream/Stream$Builder
instanceKlass java/util/stream/Streams$AbstractStreamBuilderImpl
instanceKlass  @bci java/util/stream/FindOps$FindSink$OfRef <clinit> ()V 43 <appendix> argL0 ; # java/util/stream/FindOps$FindSink$OfRef$$Lambda+0x800000047
instanceKlass  @bci java/util/stream/FindOps$FindSink$OfRef <clinit> ()V 38 <appendix> argL0 ; # java/util/stream/FindOps$FindSink$OfRef$$Lambda+0x800000049
instanceKlass  @bci java/util/stream/FindOps$FindSink$OfRef <clinit> ()V 16 <appendix> argL0 ; # java/util/stream/FindOps$FindSink$OfRef$$Lambda+0x800000048
instanceKlass com/android/tools/r8/internal/UR
instanceKlass  @bci java/util/stream/FindOps$FindSink$OfRef <clinit> ()V 11 <appendix> argL0 ; # java/util/stream/FindOps$FindSink$OfRef$$Lambda+0x80000004a
instanceKlass java/util/stream/FindOps$FindOp
instanceKlass java/util/stream/FindOps$FindSink
instanceKlass java/util/stream/FindOps
instanceKlass  @bci java/util/logging/Level$KnownLevel findByName (Ljava/lang/String;Ljava/util/function/Function;)Ljava/util/Optional; 29 <appendix> argL0 ; # java/util/logging/Level$KnownLevel$$Lambda+0x800000022
instanceKlass  @bci java/util/logging/Level findLevel (Ljava/lang/String;)Ljava/util/logging/Level; 13 <appendix> argL0 ; # java/util/logging/Level$$Lambda+0x800000010
instanceKlass java/util/Hashtable$Enumerator
instanceKlass  @bci com/android/tools/r8/internal/x10 a (ZLcom/android/tools/r8/internal/D7;Lcom/android/tools/r8/internal/VH;Lcom/android/tools/r8/internal/VH;Lcom/android/tools/r8/internal/w10;Lcom/android/tools/r8/internal/ga;Lcom/android/tools/r8/graph/K5;Lcom/android/tools/r8/internal/Lf;Lcom/android/tools/r8/internal/VH;Lcom/android/tools/r8/graph/G;Lcom/android/tools/r8/internal/VH;Lcom/android/tools/r8/internal/X9;)Ljava/util/Collection; 61 <appendix> member <vmtarget> ; # com/android/tools/r8/internal/x10$$Lambda+0x0000021b572c49a0
instanceKlass  @bci com/android/tools/r8/internal/x10 a (ZLcom/android/tools/r8/internal/D7;Lcom/android/tools/r8/internal/VH;Lcom/android/tools/r8/internal/VH;Lcom/android/tools/r8/internal/w10;Lcom/android/tools/r8/internal/ga;Lcom/android/tools/r8/graph/K5;Lcom/android/tools/r8/internal/Lf;Lcom/android/tools/r8/internal/VH;Lcom/android/tools/r8/graph/G;Lcom/android/tools/r8/internal/VH;Lcom/android/tools/r8/internal/X9;)Ljava/util/Collection; 51 <appendix> member <vmtarget> ; # com/android/tools/r8/internal/x10$$Lambda+0x0000021b572c4778
instanceKlass  @cpi com/android/tools/r8/internal/XR 402 form vmentry <vmtarget> ; # java/lang/invoke/LambdaForm$DMH+0x0000021b572c1000
instanceKlass  @bci com/android/tools/r8/internal/x10 a (Lcom/android/tools/r8/graph/K5;Lcom/android/tools/r8/internal/ga;Lcom/android/tools/r8/internal/Lf;)V 335 <adapter> ; # java/lang/invoke/LambdaForm$MH+0x0000021b572c0c00
# instanceKlass java/lang/invoke/LambdaForm$DMH+0x0000021b572c0800
instanceKlass  @bci com/android/tools/r8/internal/x10 a (Lcom/android/tools/r8/graph/K5;Lcom/android/tools/r8/internal/ga;Lcom/android/tools/r8/internal/Lf;)V 335 <appendix> form vmentry <vmtarget> ; # java/lang/invoke/LambdaForm$DMH+0x0000021b572c0400
instanceKlass  @bci com/android/tools/r8/internal/x10 a (Lcom/android/tools/r8/graph/K5;Lcom/android/tools/r8/internal/ga;Lcom/android/tools/r8/internal/Lf;)V 335 <appendix> member <vmtarget> ; # com/android/tools/r8/internal/x10$$Lambda+0x0000021b572c4000
instanceKlass  @cpi com/android/tools/r8/internal/x10 817 form vmentry <vmtarget> ; # java/lang/invoke/LambdaForm$DMH+0x0000021b572c0000
instanceKlass com/android/tools/r8/internal/r80
instanceKlass java/util/Collections$3
instanceKlass java/util/logging/LogManager$LoggerContext$1
instanceKlass java/util/logging/LogManager$VisitedLoggers
instanceKlass com/android/tools/r8/internal/w10
instanceKlass  @bci com/android/tools/r8/internal/Z3 c (Lcom/android/tools/r8/internal/e20;)Lcom/android/tools/r8/internal/Z3; 19 <appendix> member <vmtarget> ; # com/android/tools/r8/internal/Z3$$Lambda+0x0000021b572bf510
instanceKlass com/android/tools/r8/internal/xv0
instanceKlass java/util/logging/LogManager$2
instanceKlass sun/security/util/FilePermCompat
instanceKlass java/util/logging/LogManager$LoggingProviderAccess
instanceKlass java/lang/Shutdown$Lock
instanceKlass java/lang/Shutdown
instanceKlass java/lang/ApplicationShutdownHooks$1
instanceKlass java/lang/ApplicationShutdownHooks
instanceKlass java/util/logging/LogManager$LogNode
instanceKlass java/util/logging/LogManager$LoggerContext
instanceKlass java/util/logging/LogManager$1
instanceKlass  @bci com/android/tools/r8/internal/I9 b (Ljava/util/function/BiFunction;)Lcom/android/tools/r8/internal/I9; 2 <appendix> member <vmtarget> ; # com/android/tools/r8/internal/I9$$Lambda+0x0000021b572bdf78
instanceKlass java/util/logging/LogManager
instanceKlass java/util/logging/Logger$ConfigurationData
instanceKlass java/util/logging/Logger$LoggerBundle
instanceKlass  @bci java/util/logging/Level$KnownLevel add (Ljava/util/logging/Level;)V 49 <appendix> argL0 ; # java/util/logging/Level$KnownLevel$$Lambda+0x800000021
instanceKlass  @bci com/android/tools/r8/internal/Bb a (Lcom/android/tools/r8/internal/I9;Lcom/android/tools/r8/graph/y;Lcom/android/tools/r8/internal/P8;)Lcom/android/tools/r8/internal/I9; 13 <appendix> member <vmtarget> ; # com/android/tools/r8/internal/Bb$$Lambda+0x0000021b572bdd40
instanceKlass  @bci java/util/logging/Level$KnownLevel add (Ljava/util/logging/Level;)V 19 <appendix> argL0 ; # java/util/logging/Level$KnownLevel$$Lambda+0x800000020
instanceKlass java/util/logging/Level
instanceKlass java/util/logging/Handler
instanceKlass java/util/logging/Logger
instanceKlass com/android/tools/r8/internal/b70
instanceKlass com/android/tools/r8/internal/H20
instanceKlass  @bci com/android/tools/r8/internal/sg g ()Lcom/android/tools/r8/internal/I9; 1 <appendix> argL0 ; # com/android/tools/r8/internal/sg$$Lambda+0x0000021b572bb8f8
instanceKlass  @bci com/android/tools/r8/internal/ME d1 ()Z 1 <appendix> argL0 ; # com/android/tools/r8/internal/ME$$Lambda+0x0000021b572bd1b0
instanceKlass  @bci com/android/tools/r8/internal/Bb a (Lcom/android/tools/r8/internal/I9;Lcom/android/tools/r8/graph/y;Lcom/android/tools/r8/internal/P8;)Lcom/android/tools/r8/internal/I9; 60 <appendix> member <vmtarget> ; # com/android/tools/r8/internal/Bb$$Lambda+0x0000021b572bc058
instanceKlass com/android/tools/r8/internal/Ab
instanceKlass com/android/tools/r8/references/ArrayReference
instanceKlass com/android/tools/r8/internal/cb
instanceKlass com/android/tools/r8/graph/i1
instanceKlass com/android/tools/r8/ir/optimize/N
instanceKlass com/android/tools/r8/ir/optimize/N$b
instanceKlass com/android/tools/r8/graph/Z0
instanceKlass com/android/tools/r8/graph/c3
instanceKlass  @bci com/android/tools/r8/graph/u1 b (I)Lcom/android/tools/r8/graph/O0$a; 15 <appendix> argL0 ; # com/android/tools/r8/graph/u1$$Lambda+0x0000021b572b5d58
instanceKlass com/android/tools/r8/internal/T5
instanceKlass  @bci com/android/tools/r8/graph/u1 a (I)Lcom/android/tools/r8/graph/N0; 15 <appendix> argL0 ; # com/android/tools/r8/graph/u1$$Lambda+0x0000021b572b51f8
instanceKlass  @bci com/android/tools/r8/ir/optimize/f0 a (Lcom/android/tools/r8/internal/sB;Lcom/android/tools/r8/internal/Df0;I)V 513 <appendix> argL0 ; # com/android/tools/r8/ir/optimize/f0$$Lambda+0x0000021b572b7590
instanceKlass  @bci com/android/tools/r8/internal/Hf0 a (Ljava/util/ArrayDeque;)V 6 <appendix> member <vmtarget> ; # com/android/tools/r8/internal/Hf0$$Lambda+0x0000021b572b2f50
instanceKlass com/android/tools/r8/internal/hH
instanceKlass com/android/tools/r8/internal/Ef0
instanceKlass com/android/tools/r8/internal/E20
instanceKlass com/android/tools/r8/graph/U0
instanceKlass com/android/tools/r8/internal/jo
instanceKlass com/android/tools/r8/internal/x8
instanceKlass com/android/tools/r8/internal/Hf0
instanceKlass  @bci com/android/tools/r8/internal/qK a (Lcom/android/tools/r8/internal/US;)Z 7 <appendix> member <vmtarget> ; # com/android/tools/r8/internal/qK$$Lambda+0x0000021b572b0c98
instanceKlass com/android/tools/r8/internal/Fn
instanceKlass  @bci com/android/tools/r8/internal/po0 a (Ljava/util/Set;Ljava/util/Set;Ljava/util/Set;)V 5 <appendix> member <vmtarget> ; # com/android/tools/r8/internal/po0$$Lambda+0x0000021b572b0818
instanceKlass  @cpi com/android/tools/r8/internal/po0 271 form vmentry <vmtarget> ; # java/lang/invoke/LambdaForm$DMH+0x0000021b572b4000
instanceKlass com/android/tools/r8/internal/u8
instanceKlass com/android/tools/r8/internal/oo0
instanceKlass com/android/tools/r8/internal/pB
instanceKlass  @bci com/android/tools/r8/internal/po0 a (ILcom/android/tools/r8/internal/tU;Lcom/android/tools/r8/internal/tU;)V 32 <appendix> argL0 ; # com/android/tools/r8/internal/po0$$Lambda+0x0000021b572a9400
instanceKlass  @bci com/android/tools/r8/internal/TY a (Lcom/android/tools/r8/internal/Y5;)Z 17 <appendix> argL0 ; # com/android/tools/r8/internal/TY$$Lambda+0x0000021b572aaea8
instanceKlass  @bci com/android/tools/r8/internal/US a (Lcom/android/tools/r8/internal/tU;)V 150 <appendix> member <vmtarget> ; # com/android/tools/r8/internal/US$$Lambda+0x0000021b572aa720
# instanceKlass com/android/tools/r8/internal/US$$Lambda+0x0000021b572aa000
# instanceKlass com/android/tools/r8/internal/US$$Lambda+0x0000021b572afd00
# instanceKlass com/android/tools/r8/internal/US$$Lambda+0x0000021b572afad8
instanceKlass  @bci com/android/tools/r8/internal/US a (Lcom/android/tools/r8/internal/tU;IZLcom/android/tools/r8/internal/Kf0;Lcom/android/tools/r8/internal/If0;)I 100 <appendix> member <vmtarget> ; # com/android/tools/r8/internal/US$$Lambda+0x0000021b572af8b0
# instanceKlass com/android/tools/r8/internal/US$$Lambda+0x0000021b572af658
# instanceKlass com/android/tools/r8/internal/US$$Lambda+0x0000021b572af400
instanceKlass  @bci com/android/tools/r8/internal/US a (Lcom/android/tools/r8/internal/tU;IZLcom/android/tools/r8/internal/Kf0;Lcom/android/tools/r8/internal/If0;)I 93 <appendix> member <vmtarget> ; # com/android/tools/r8/internal/US$$Lambda+0x0000021b572aef50
# instanceKlass com/android/tools/r8/internal/US$$Lambda+0x0000021b572af1a8
# instanceKlass com/android/tools/r8/internal/US$$Lambda+0x0000021b572aecf8
# instanceKlass com/android/tools/r8/internal/US$$Lambda+0x0000021b572ae5e8
# instanceKlass com/android/tools/r8/internal/US$$Lambda+0x0000021b572aded8
# instanceKlass com/android/tools/r8/internal/US$$Lambda+0x0000021b572adcb0
instanceKlass  @bci com/android/tools/r8/internal/US a (Lcom/android/tools/r8/internal/tU;IZLcom/android/tools/r8/internal/Kf0;Lcom/android/tools/r8/internal/If0;)I 72 <appendix> member <vmtarget> ; # com/android/tools/r8/internal/US$$Lambda+0x0000021b572ada88
# instanceKlass com/android/tools/r8/internal/US$$Lambda+0x0000021b572ad860
# instanceKlass com/android/tools/r8/internal/US$$Lambda+0x0000021b572ad608
# instanceKlass com/android/tools/r8/internal/US$$Lambda+0x0000021b572ad3b0
# instanceKlass com/android/tools/r8/internal/US$$Lambda+0x0000021b572ad158
# instanceKlass com/android/tools/r8/internal/US$$Lambda+0x0000021b572acf00
instanceKlass  @bci com/android/tools/r8/internal/US a (Lcom/android/tools/r8/internal/tU;IZLcom/android/tools/r8/internal/Kf0;Lcom/android/tools/r8/internal/If0;)I 65 <appendix> member <vmtarget> ; # com/android/tools/r8/internal/US$$Lambda+0x0000021b572acca8
# instanceKlass com/android/tools/r8/internal/US$$Lambda+0x0000021b572ac450
# instanceKlass com/android/tools/r8/internal/US$$Lambda+0x0000021b572ac228
# instanceKlass com/android/tools/r8/internal/US$$Lambda+0x0000021b572ac000
instanceKlass  @bci com/android/tools/r8/internal/US a (Lcom/android/tools/r8/internal/tU;IZLcom/android/tools/r8/internal/Kf0;Lcom/android/tools/r8/internal/If0;)I 44 <appendix> member <vmtarget> ; # com/android/tools/r8/internal/US$$Lambda+0x0000021b572a4c28
# instanceKlass com/android/tools/r8/internal/US$$Lambda+0x0000021b572a4a00
instanceKlass  @cpi com/android/tools/r8/internal/US 1564 form vmentry <vmtarget> ; # java/lang/invoke/LambdaForm$DMH+0x0000021b572a8000
instanceKlass com/android/tools/r8/internal/nI
instanceKlass com/android/tools/r8/internal/Rn
# instanceKlass com/android/tools/r8/internal/US$$Lambda+0x0000021b572a5ae0
# instanceKlass com/android/tools/r8/internal/US$$Lambda+0x0000021b572a5888
# instanceKlass com/android/tools/r8/internal/US$$Lambda+0x0000021b572a5630
# instanceKlass com/android/tools/r8/internal/US$$Lambda+0x0000021b572a7d58
instanceKlass  @bci com/android/tools/r8/internal/US a (Lcom/android/tools/r8/internal/tU;IZLcom/android/tools/r8/internal/Kf0;Lcom/android/tools/r8/internal/If0;)I 37 <appendix> member <vmtarget> ; # com/android/tools/r8/internal/US$$Lambda+0x0000021b572a7b00
# instanceKlass com/android/tools/r8/internal/US$$Lambda+0x0000021b572a78b0
# instanceKlass com/android/tools/r8/internal/US$$Lambda+0x0000021b572a7660
# instanceKlass com/android/tools/r8/internal/US$$Lambda+0x0000021b572a7410
# instanceKlass com/android/tools/r8/internal/US$$Lambda+0x0000021b572a71c0
instanceKlass  @bci com/android/tools/r8/internal/US a (Lcom/android/tools/r8/internal/tU;ILcom/android/tools/r8/internal/Kf0;)Z 526 <appendix> argL0 ; # com/android/tools/r8/internal/US$$Lambda+0x0000021b572a6f70
# instanceKlass com/android/tools/r8/internal/tU$$Lambda+0x0000021b572a6d50
# instanceKlass com/android/tools/r8/internal/tU$$Lambda+0x0000021b572a6b30
# instanceKlass com/android/tools/r8/internal/tU$$Lambda+0x0000021b572a6910
# instanceKlass com/android/tools/r8/internal/tU$$Lambda+0x0000021b572a66f0
instanceKlass  @bci com/android/tools/r8/internal/tU l ()V 37 <appendix> argL0 ; # com/android/tools/r8/internal/tU$$Lambda+0x0000021b572a64d0
# instanceKlass com/android/tools/r8/ir/optimize/b0$$Lambda+0x0000021b572a3850
instanceKlass  @bci com/android/tools/r8/ir/optimize/b0 a (Lcom/android/tools/r8/internal/ME;)Z 246 <appendix> member <vmtarget> ; # com/android/tools/r8/ir/optimize/b0$$Lambda+0x0000021b572a35f8
instanceKlass  @cpi com/android/tools/r8/ir/optimize/b0 89 form vmentry <vmtarget> ; # java/lang/invoke/LambdaForm$DMH+0x0000021b572a4400
instanceKlass com/android/tools/r8/ir/optimize/b0
instanceKlass com/android/tools/r8/ir/optimize/f0
# instanceKlass com/android/tools/r8/internal/ME$$Lambda+0x0000021b572a0d78
instanceKlass  @bci com/android/tools/r8/internal/ME a (Lcom/android/tools/r8/internal/ME;)V 36 <appendix> argL0 ; # com/android/tools/r8/internal/ME$$Lambda+0x0000021b572a0fa8
# instanceKlass com/android/tools/r8/internal/ME$$Lambda+0x0000021b572a0b48
instanceKlass  @bci com/android/tools/r8/internal/ME a (Lcom/android/tools/r8/internal/ME;)V 18 <appendix> argL0 ; # com/android/tools/r8/internal/ME$$Lambda+0x0000021b572a0918
instanceKlass com/android/tools/r8/internal/BZ
instanceKlass  @bci com/android/tools/r8/internal/Y5 b ()V 9 <appendix> argL0 ; # com/android/tools/r8/internal/Y5$$Lambda+0x0000021b572a0230
# instanceKlass com/android/tools/r8/internal/Y5$$Lambda+0x0000021b572a0000
instanceKlass  @bci com/android/tools/r8/internal/US f ()V 7 <appendix> argL0 ; # com/android/tools/r8/internal/US$$Lambda+0x0000021b5729cc00
# instanceKlass com/android/tools/r8/internal/US$$Lambda+0x0000021b5729dca8
# instanceKlass com/android/tools/r8/internal/US$$Lambda+0x0000021b5729da50
instanceKlass  @bci com/android/tools/r8/internal/US a (Lcom/android/tools/r8/internal/uC;Ljava/util/ArrayList;Lcom/android/tools/r8/internal/Df0;Ljava/util/IdentityHashMap;)V 574 <appendix> member <vmtarget> ; # com/android/tools/r8/internal/US$$Lambda+0x0000021b5729d7f8
instanceKlass  @bci com/android/tools/r8/internal/US a (Lcom/android/tools/r8/internal/uC;Ljava/util/ArrayList;Lcom/android/tools/r8/internal/Df0;Ljava/util/IdentityHashMap;)V 546 <appendix> argL0 ; # com/android/tools/r8/internal/US$$Lambda+0x0000021b5729d248
instanceKlass com/android/tools/r8/internal/D0
instanceKlass  @bci com/android/tools/r8/internal/tm0 a (Ljava/lang/Iterable;)Ljava/util/Set; 18 <appendix> member <vmtarget> ; # com/android/tools/r8/internal/tm0$$Lambda+0x0000021b5729fc78
instanceKlass  @bci com/android/tools/r8/internal/US a (Lcom/android/tools/r8/internal/uC;Ljava/util/ArrayList;Lcom/android/tools/r8/internal/Df0;Ljava/util/IdentityHashMap;)V 271 <appendix> argL0 ; # com/android/tools/r8/internal/US$$Lambda+0x0000021b5729f9e0
instanceKlass com/android/tools/r8/internal/TS
instanceKlass com/android/tools/r8/internal/AZ
# instanceKlass com/android/tools/r8/internal/US$$Lambda+0x0000021b5729f188
instanceKlass  @bci com/android/tools/r8/internal/US a (Lcom/android/tools/r8/internal/uC;Ljava/util/ArrayList;Lcom/android/tools/r8/internal/Df0;Ljava/util/IdentityHashMap;)V 180 <appendix> argL0 ; # com/android/tools/r8/internal/US$$Lambda+0x0000021b5729ef68
instanceKlass com/android/tools/r8/internal/qi
# instanceKlass com/android/tools/r8/internal/TY$$Lambda+0x0000021b5729e8b0
instanceKlass  @bci com/android/tools/r8/internal/TY a ()V 5 <appendix> member <vmtarget> ; # com/android/tools/r8/internal/TY$$Lambda+0x0000021b5729eb08
# instanceKlass com/android/tools/r8/internal/US$$Lambda+0x0000021b5729e000
# instanceKlass com/android/tools/r8/internal/US$$Lambda+0x0000021b5729bd20
instanceKlass  @bci com/android/tools/r8/internal/US c (ILcom/android/tools/r8/internal/tU;)Lcom/android/tools/r8/internal/Kf0; 161 <appendix> member <vmtarget> ; # com/android/tools/r8/internal/US$$Lambda+0x0000021b5729bae8
# instanceKlass com/android/tools/r8/internal/US$$Lambda+0x0000021b5729b898
instanceKlass  @bci com/android/tools/r8/internal/US a (Ljava/util/List;Lcom/android/tools/r8/internal/qK;)V 20 <appendix> argL0 ; # com/android/tools/r8/internal/US$$Lambda+0x0000021b5729b648
instanceKlass  @bci com/android/tools/r8/internal/US a (Lcom/android/tools/r8/internal/tU;ILcom/android/tools/r8/internal/Kf0;)Z 94 <appendix> argL0 ; # com/android/tools/r8/internal/US$$Lambda+0x0000021b5729b3f8
instanceKlass  @cpi com/android/tools/r8/internal/US 1894 form vmentry <vmtarget> ; # java/lang/invoke/LambdaForm$DMH+0x0000021b5729c000
instanceKlass com/android/tools/r8/internal/TY
instanceKlass  @bci com/android/tools/r8/internal/US a (Lcom/android/tools/r8/internal/tU;)V 207 <appendix> argL0 ; # com/android/tools/r8/internal/US$$Lambda+0x0000021b5729afb8
instanceKlass  @bci com/android/tools/r8/internal/US a (Lcom/android/tools/r8/internal/tU;)V 21 <appendix> member <vmtarget> ; # com/android/tools/r8/internal/US$$Lambda+0x0000021b5729a968
instanceKlass com/android/tools/r8/internal/ZD
# instanceKlass com/android/tools/r8/internal/US$$Lambda+0x0000021b5729a2c0
# instanceKlass com/android/tools/r8/internal/US$$Lambda+0x0000021b5729a070
# instanceKlass com/android/tools/r8/internal/US$$Lambda+0x0000021b57299e20
# instanceKlass com/android/tools/r8/internal/po0$$Lambda+0x0000021b57299bc8
instanceKlass  @bci com/android/tools/r8/internal/po0 a (I)I 131 <appendix> member <vmtarget> ; # com/android/tools/r8/internal/po0$$Lambda+0x0000021b57299970
# instanceKlass com/android/tools/r8/internal/US$$Lambda+0x0000021b57299720
# instanceKlass com/android/tools/r8/internal/US$$Lambda+0x0000021b572994d0
instanceKlass  @bci com/android/tools/r8/internal/US b (Lcom/android/tools/r8/internal/tU;)V 31 <appendix> argL0 ; # com/android/tools/r8/internal/US$$Lambda+0x0000021b57299280
# instanceKlass com/android/tools/r8/internal/US$$Lambda+0x0000021b57299030
# instanceKlass com/android/tools/r8/internal/US$$Lambda+0x0000021b57298de0
# instanceKlass com/android/tools/r8/internal/US$$Lambda+0x0000021b57298b90
# instanceKlass com/android/tools/r8/internal/US$$Lambda+0x0000021b57298940
# instanceKlass com/android/tools/r8/internal/US$$Lambda+0x0000021b572986f0
instanceKlass  @bci com/android/tools/r8/internal/US o (Lcom/android/tools/r8/internal/tU;)V 16 <appendix> argL0 ; # com/android/tools/r8/internal/US$$Lambda+0x0000021b572984a0
# instanceKlass com/android/tools/r8/internal/US$$Lambda+0x0000021b57298250
# instanceKlass com/android/tools/r8/internal/US$$Lambda+0x0000021b57298000
instanceKlass com/android/tools/r8/internal/po0
# instanceKlass com/android/tools/r8/internal/US$$Lambda+0x0000021b57297b38
# instanceKlass com/android/tools/r8/internal/US$$Lambda+0x0000021b572978e8
instanceKlass  @bci com/android/tools/r8/internal/US a (Z)V 21 <appendix> argL0 ; # com/android/tools/r8/internal/US$$Lambda+0x0000021b57297698
instanceKlass  @bci com/android/tools/r8/internal/US n (Lcom/android/tools/r8/internal/tU;)V 16 <appendix> argL0 ; # com/android/tools/r8/internal/US$$Lambda+0x0000021b57297448
# instanceKlass com/android/tools/r8/internal/VK$$Lambda+0x0000021b57297200
# instanceKlass com/android/tools/r8/internal/VK$$Lambda+0x0000021b57296fb8
# instanceKlass com/android/tools/r8/internal/VK$$Lambda+0x0000021b57296d70
# instanceKlass com/android/tools/r8/internal/VK$$Lambda+0x0000021b57296b28
# instanceKlass com/android/tools/r8/internal/VK$$Lambda+0x0000021b572968e0
# instanceKlass com/android/tools/r8/internal/VK$$Lambda+0x0000021b57296698
# instanceKlass com/android/tools/r8/internal/VK$$Lambda+0x0000021b57296450
instanceKlass  @bci com/android/tools/r8/internal/VK a (Ljava/lang/Iterable;Ljava/util/function/Predicate;)Ljava/lang/Iterable; 2 <appendix> member <vmtarget> ; # com/android/tools/r8/internal/VK$$Lambda+0x0000021b57296208
# instanceKlass com/android/tools/r8/internal/US$$Lambda+0x0000021b57295fb0
# instanceKlass com/android/tools/r8/internal/US$$Lambda+0x0000021b57295d58
# instanceKlass com/android/tools/r8/internal/US$$Lambda+0x0000021b57295b00
# instanceKlass com/android/tools/r8/internal/US$$Lambda+0x0000021b572958a8
# instanceKlass com/android/tools/r8/internal/US$$Lambda+0x0000021b57295650
# instanceKlass com/android/tools/r8/internal/US$$Lambda+0x0000021b572953f8
instanceKlass  @bci com/android/tools/r8/internal/US n ()Z 36 <appendix> member <vmtarget> ; # com/android/tools/r8/internal/US$$Lambda+0x0000021b572951a0
# instanceKlass com/android/tools/r8/internal/US$$Lambda+0x0000021b57294f48
instanceKlass com/android/tools/r8/internal/oB
# instanceKlass com/android/tools/r8/internal/US$$Lambda+0x0000021b57294a98
# instanceKlass com/android/tools/r8/internal/US$$Lambda+0x0000021b57294838
# instanceKlass com/android/tools/r8/internal/US$$Lambda+0x0000021b572945d8
# instanceKlass com/android/tools/r8/internal/US$$Lambda+0x0000021b57294378
# instanceKlass com/android/tools/r8/internal/US$$Lambda+0x0000021b57293eb8
# instanceKlass com/android/tools/r8/internal/US$$Lambda+0x0000021b57294118
# instanceKlass com/android/tools/r8/internal/US$$Lambda+0x0000021b57293c58
instanceKlass  @bci com/android/tools/r8/internal/US i ()Lcom/android/tools/r8/internal/XK; 8 <appendix> argL0 ; # com/android/tools/r8/internal/US$$Lambda+0x0000021b572939f8
# instanceKlass com/android/tools/r8/internal/sB$$Lambda+0x0000021b572937b0
instanceKlass  @bci com/android/tools/r8/internal/sB c ()Ljava/lang/Iterable; 1 <appendix> member <vmtarget> ; # com/android/tools/r8/internal/sB$$Lambda+0x0000021b57293568
# instanceKlass com/android/tools/r8/internal/sB$$Lambda+0x0000021b57293320
# instanceKlass com/android/tools/r8/internal/sB$$Lambda+0x0000021b572930d8
# instanceKlass com/android/tools/r8/internal/sB$$Lambda+0x0000021b57292e90
# instanceKlass com/android/tools/r8/internal/sB$$Lambda+0x0000021b57292c48
# instanceKlass com/android/tools/r8/internal/sB$$Lambda+0x0000021b57292a00
# instanceKlass com/android/tools/r8/internal/sB$$Lambda+0x0000021b572927b8
# instanceKlass com/android/tools/r8/internal/sB$$Lambda+0x0000021b57292570
instanceKlass  @bci com/android/tools/r8/internal/sB a (Ljava/util/function/Predicate;)Ljava/lang/Iterable; 2 <appendix> member <vmtarget> ; # com/android/tools/r8/internal/sB$$Lambda+0x0000021b57292328
# instanceKlass com/android/tools/r8/internal/US$$Lambda+0x0000021b572920d8
# instanceKlass com/android/tools/r8/internal/US$$Lambda+0x0000021b57291e88
# instanceKlass com/android/tools/r8/internal/qK$$Lambda+0x0000021b57291c38
instanceKlass  @bci com/android/tools/r8/internal/qK a (Lcom/android/tools/r8/internal/K70;)Z 17 <appendix> argL0 ; # com/android/tools/r8/internal/qK$$Lambda+0x0000021b572919e8
# instanceKlass com/android/tools/r8/internal/US$$Lambda+0x0000021b57291798
instanceKlass  @bci com/android/tools/r8/internal/US g ()V 31 <appendix> argL0 ; # com/android/tools/r8/internal/US$$Lambda+0x0000021b57291548
# instanceKlass com/android/tools/r8/internal/US$$Lambda+0x0000021b572912f8
# instanceKlass com/android/tools/r8/internal/zx0$$Lambda+0x0000021b572910a8
# instanceKlass com/android/tools/r8/internal/zx0$$Lambda+0x0000021b57290e58
instanceKlass  @bci com/android/tools/r8/internal/zx0 H ()Z 1 <appendix> argL0 ; # com/android/tools/r8/internal/zx0$$Lambda+0x0000021b57290c08
instanceKlass com/android/tools/r8/internal/uU
instanceKlass  @bci com/android/tools/r8/internal/sB e ()Ljava/util/IdentityHashMap; 738 <appendix> argL0 ; # com/android/tools/r8/internal/sB$$Lambda+0x0000021b57290750
instanceKlass com/android/tools/r8/internal/wU
# instanceKlass com/android/tools/r8/internal/US$$Lambda+0x0000021b57290298
instanceKlass  @bci com/android/tools/r8/internal/US a (Lcom/android/tools/r8/graph/y;Lcom/android/tools/r8/internal/sB;Ljava/util/IdentityHashMap;Ljava/util/ArrayList;)V 871 <appendix> argL0 ; # com/android/tools/r8/internal/US$$Lambda+0x0000021b57290000
instanceKlass com/android/tools/r8/internal/rB
instanceKlass  @bci com/android/tools/r8/internal/US a (Lcom/android/tools/r8/internal/qK;)Z 17 <appendix> argL0 ; # com/android/tools/r8/internal/US$$Lambda+0x0000021b5728fb88
instanceKlass com/android/tools/r8/internal/tU
instanceKlass com/android/tools/r8/internal/uI
instanceKlass com/android/tools/r8/internal/zZ
instanceKlass com/android/tools/r8/internal/Jf0
instanceKlass com/android/tools/r8/internal/US
instanceKlass  @bci com/android/tools/r8/internal/Hx0 a (Lcom/android/tools/r8/internal/bz0;Lcom/android/tools/r8/internal/V6;)Lcom/android/tools/r8/internal/zx0; 228 <appendix> member <vmtarget> ; # com/android/tools/r8/internal/Hx0$$Lambda+0x0000021b5728c1a0
instanceKlass  @bci com/android/tools/r8/internal/VK b (Ljava/lang/Object;)Ljava/lang/Iterable; 1 <appendix> member <vmtarget> ; # com/android/tools/r8/internal/VK$$Lambda+0x0000021b5728bf58
instanceKlass com/android/tools/r8/internal/VK
instanceKlass  @bci com/android/tools/r8/internal/W3 a (Lcom/android/tools/r8/graph/y;Lcom/android/tools/r8/internal/sB;)Lcom/android/tools/r8/ir/optimize/E; 32 <appendix> argL0 ; # com/android/tools/r8/internal/W3$$Lambda+0x0000021b5728bb00
instanceKlass  @bci com/android/tools/r8/internal/W3 a (Lcom/android/tools/r8/graph/y;Lcom/android/tools/r8/graph/K5;Lcom/android/tools/r8/internal/L1;Lcom/android/tools/r8/internal/LE;)Z 9 <appendix> argL0 ; # com/android/tools/r8/internal/W3$$Lambda+0x0000021b5728b8b0
# instanceKlass com/android/tools/r8/ir/optimize/u0$$Lambda+0x0000021b5728ad90
# instanceKlass com/android/tools/r8/ir/optimize/u0$$Lambda+0x0000021b5728ab40
# instanceKlass com/android/tools/r8/ir/optimize/u0$$Lambda+0x0000021b5728a8f0
# instanceKlass com/android/tools/r8/ir/optimize/u0$$Lambda+0x0000021b5728a6c8
instanceKlass  @bci com/android/tools/r8/ir/optimize/u0 a (Lcom/android/tools/r8/internal/sB;Lcom/android/tools/r8/internal/QJ;)V 71 <appendix> argL0 ; # com/android/tools/r8/ir/optimize/u0$$Lambda+0x0000021b5728a478
# instanceKlass com/android/tools/r8/ir/optimize/u0$$Lambda+0x0000021b5728a228
# instanceKlass com/android/tools/r8/ir/optimize/u0$$Lambda+0x0000021b5728a000
instanceKlass  @bci com/android/tools/r8/ir/optimize/u0 a (Lcom/android/tools/r8/internal/sB;Lcom/android/tools/r8/internal/QJ;)V 30 <appendix> member <vmtarget> ; # com/android/tools/r8/ir/optimize/u0$$Lambda+0x0000021b57289dd8
instanceKlass  @bci com/android/tools/r8/internal/xo a (Lcom/android/tools/r8/internal/sB;Lcom/android/tools/r8/internal/Y5;Lcom/android/tools/r8/internal/ZR;Ljava/util/IdentityHashMap;Ljava/util/function/Predicate;)V 1058 <appendix> argL0 ; # com/android/tools/r8/internal/xo$$Lambda+0x0000021b57289b98
instanceKlass  @bci com/android/tools/r8/ir/optimize/z a ()V 1533 <appendix> argL0 ; # com/android/tools/r8/ir/optimize/z$$Lambda+0x0000021b57289078
instanceKlass com/android/tools/r8/internal/x30
instanceKlass com/android/tools/r8/ir/optimize/u0
instanceKlass com/android/tools/r8/internal/z30
instanceKlass com/android/tools/r8/graph/e3
# instanceKlass com/android/tools/r8/internal/j6$$Lambda+0x0000021b572879b8
# instanceKlass java/util/stream/StreamSpliterators$WrappingSpliterator$$Lambda+0x0000021b570cdf68
instanceKlass  @bci java/util/stream/StreamSpliterators$WrappingSpliterator initPartialTraversalState ()V 37 <appendix> member <vmtarget> ; # java/util/stream/StreamSpliterators$WrappingSpliterator$$Lambda+0x0000021b570cdd40
instanceKlass  @bci com/android/tools/r8/internal/j6 a ()Ljava/util/function/BiPredicate; 0 <appendix> argL0 ; # com/android/tools/r8/internal/j6$$Lambda+0x0000021b57287768
# instanceKlass java/util/stream/StreamSpliterators$WrappingSpliterator$$Lambda+0x0000021b570cd7d0
# instanceKlass java/util/stream/StreamSpliterators$WrappingSpliterator$$Lambda+0x0000021b570cd520
# instanceKlass java/util/stream/StreamSpliterators$WrappingSpliterator$$Lambda+0x0000021b570cd270
instanceKlass  @bci java/util/stream/StreamSpliterators$WrappingSpliterator initPartialTraversalState ()V 24 <appendix> member <vmtarget> ; # java/util/stream/StreamSpliterators$WrappingSpliterator$$Lambda+0x0000021b570ccfc0
instanceKlass java/util/stream/StreamSpliterators
instanceKlass com/android/tools/r8/internal/j6
instanceKlass java/util/stream/AbstractSpinedBuffer
# instanceKlass com/android/tools/r8/ir/optimize/z$$Lambda+0x0000021b57287310
instanceKlass java/util/stream/StreamSpliterators$AbstractWrappingSpliterator
instanceKlass com/android/tools/r8/internal/w8$a
instanceKlass  @bci java/util/stream/AbstractPipeline spliterator ()Ljava/util/Spliterator; 103 <appendix> member <vmtarget> ; # java/util/stream/AbstractPipeline$$Lambda+0x0000021b570cc168
instanceKlass com/android/tools/r8/internal/w8
instanceKlass com/android/tools/r8/ir/optimize/L
instanceKlass java/util/stream/SliceOps
# instanceKlass com/android/tools/r8/ir/optimize/z$$Lambda+0x0000021b57285f20
# instanceKlass com/android/tools/r8/ir/optimize/z$$Lambda+0x0000021b57285c88
instanceKlass  @bci com/android/tools/r8/ir/optimize/z a ()V 416 <appendix> argL0 ; # com/android/tools/r8/ir/optimize/z$$Lambda+0x0000021b572859f0
# instanceKlass com/android/tools/r8/ir/optimize/z$$Lambda+0x0000021b572857a0
# instanceKlass com/android/tools/r8/ir/optimize/z$$Lambda+0x0000021b57285550
# instanceKlass com/android/tools/r8/internal/xo$$Lambda+0x0000021b572850a0
# instanceKlass com/android/tools/r8/internal/xo$$Lambda+0x0000021b57284e78
# instanceKlass com/android/tools/r8/internal/xo$$Lambda+0x0000021b572852f8
instanceKlass  @bci com/android/tools/r8/internal/xo a (Lcom/android/tools/r8/internal/sB;Lcom/android/tools/r8/ir/optimize/z;)V 76 <appendix> member <vmtarget> ; # com/android/tools/r8/internal/xo$$Lambda+0x0000021b57284c20
instanceKlass  @bci com/android/tools/r8/ir/optimize/z a ()V 406 <appendix> argL0 ; # com/android/tools/r8/ir/optimize/z$$Lambda+0x0000021b572849d0
instanceKlass com/android/tools/r8/internal/C30
# instanceKlass com/android/tools/r8/internal/xo$$Lambda+0x0000021b572845a8
# instanceKlass com/android/tools/r8/internal/xo$$Lambda+0x0000021b57284380
instanceKlass  @bci com/android/tools/r8/internal/xo a (Lcom/android/tools/r8/internal/sB;Lcom/android/tools/r8/ir/optimize/z;)V 21 <appendix> member <vmtarget> ; # com/android/tools/r8/internal/xo$$Lambda+0x0000021b57284158
instanceKlass com/android/tools/r8/internal/nt
instanceKlass com/android/tools/r8/internal/V5
# instanceKlass com/android/tools/r8/ir/optimize/z$$Lambda+0x0000021b572832a8
# instanceKlass com/android/tools/r8/ir/optimize/z$$Lambda+0x0000021b57283088
instanceKlass  @bci com/android/tools/r8/ir/optimize/z a ()V 298 <appendix> argL0 ; # com/android/tools/r8/ir/optimize/z$$Lambda+0x0000021b57282e68
# instanceKlass com/android/tools/r8/internal/Un$$Lambda+0x0000021b57282a00
# instanceKlass com/android/tools/r8/internal/Un$$Lambda+0x0000021b572827e0
# instanceKlass com/android/tools/r8/internal/Un$$Lambda+0x0000021b572825c0
# instanceKlass com/android/tools/r8/internal/Un$$Lambda+0x0000021b572823a0
# instanceKlass com/android/tools/r8/internal/Un$$Lambda+0x0000021b57282180
# instanceKlass com/android/tools/r8/internal/Un$$Lambda+0x0000021b57281f60
# instanceKlass com/android/tools/r8/internal/Un$$Lambda+0x0000021b57281d40
instanceKlass  @bci com/android/tools/r8/internal/Un k ()Lcom/android/tools/r8/internal/Un; 4 <appendix> argL0 ; # com/android/tools/r8/internal/Un$$Lambda+0x0000021b57281b20
instanceKlass  @bci com/android/tools/r8/internal/Un <clinit> ()V 3 <appendix> argL0 ; # com/android/tools/r8/internal/Un$$Lambda+0x0000021b57281900
instanceKlass com/android/tools/r8/ir/optimize/y
instanceKlass com/android/tools/r8/internal/a1
instanceKlass  @bci com/android/tools/r8/internal/kx b (Lcom/android/tools/r8/graph/g4;)V 5 <appendix> argL0 ; # com/android/tools/r8/internal/kx$$Lambda+0x0000021b572808d0
instanceKlass  @bci com/android/tools/r8/internal/lx a (Lcom/android/tools/r8/internal/sB;Lcom/android/tools/r8/internal/a6;Lcom/android/tools/r8/internal/d00;Lcom/android/tools/r8/internal/zx0;Lcom/android/tools/r8/internal/kx;)Lcom/android/tools/r8/internal/zx0; 278 <appendix> argL0 ; # com/android/tools/r8/internal/lx$$Lambda+0x0000021b5727dd70
instanceKlass  @bci com/android/tools/r8/internal/kx a (Lcom/android/tools/r8/internal/zx0;)Lcom/android/tools/r8/internal/zx0; 83 <appendix> argL0 ; # com/android/tools/r8/internal/kx$$Lambda+0x0000021b5727db20
instanceKlass  @bci com/android/tools/r8/internal/lx a (Lcom/android/tools/r8/internal/sB;Lcom/android/tools/r8/internal/a6;Lcom/android/tools/r8/internal/d00;Lcom/android/tools/r8/internal/zx0;Lcom/android/tools/r8/internal/kx;)Lcom/android/tools/r8/internal/zx0; 34 <appendix> argL0 ; # com/android/tools/r8/internal/lx$$Lambda+0x0000021b5727d8d0
instanceKlass  @bci com/android/tools/r8/internal/kx a (Lcom/android/tools/r8/graph/g4;)V 5 <appendix> argL0 ; # com/android/tools/r8/internal/kx$$Lambda+0x0000021b5727fc90
instanceKlass  @bci com/android/tools/r8/internal/kx <init> (Lcom/android/tools/r8/internal/QJ$o;Lcom/android/tools/r8/internal/f00;)V 117 <appendix> argL0 ; # com/android/tools/r8/internal/kx$$Lambda+0x0000021b5727fa40
instanceKlass com/android/tools/r8/internal/kx
instanceKlass com/android/tools/r8/internal/lx
instanceKlass com/android/tools/r8/ir/optimize/z
instanceKlass  @bci com/android/tools/r8/internal/oU a (Ljava/util/Collection;Ljava/util/function/Predicate;)Ljava/util/List; 18 <appendix> member <vmtarget> ; # com/android/tools/r8/internal/oU$$Lambda+0x0000021b5727e000
instanceKlass  @bci com/android/tools/r8/internal/qo0 c (Lcom/android/tools/r8/internal/sB;)Ljava/util/ArrayList; 12 <appendix> argL0 ; # com/android/tools/r8/internal/qo0$$Lambda+0x0000021b5727bd80
instanceKlass  @bci com/android/tools/r8/internal/Z5 a (Lcom/android/tools/r8/internal/zx0;Lcom/android/tools/r8/internal/q70;Lcom/android/tools/r8/internal/NE;Lcom/android/tools/r8/internal/NE;Ljava/util/Set;)Z 547 <appendix> member <vmtarget> ; # com/android/tools/r8/internal/Z5$$Lambda+0x0000021b5727b610
instanceKlass com/android/tools/r8/internal/qr0
instanceKlass  @bci com/android/tools/r8/internal/L7 a (Lcom/android/tools/r8/internal/sB;Lcom/android/tools/r8/internal/Y5;Lcom/android/tools/r8/internal/RB;)Z 74 <appendix> argL0 ; # com/android/tools/r8/internal/L7$$Lambda+0x0000021b5727a148
instanceKlass  @bci com/android/tools/r8/internal/Z5 a (Lcom/android/tools/r8/internal/zx0;Lcom/android/tools/r8/internal/q70;Lcom/android/tools/r8/internal/NE;Lcom/android/tools/r8/internal/NE;Ljava/util/Set;)Z 95 <appendix> member <vmtarget> ; # com/android/tools/r8/internal/Z5$$Lambda+0x0000021b57279ef0
instanceKlass  @bci java/util/function/Predicate or (Ljava/util/function/Predicate;)Ljava/util/function/Predicate; 7 <appendix> member <vmtarget> ; # java/util/function/Predicate$$Lambda+0x0000021b570cb548
instanceKlass com/android/tools/r8/internal/Fx0
instanceKlass  @cpi java/util/function/Predicate 78 form vmentry <vmtarget> ; # java/lang/invoke/LambdaForm$DMH+0x0000021b5727c400
instanceKlass  @bci com/android/tools/r8/internal/Z5 a (Lcom/android/tools/r8/internal/NE;Lcom/android/tools/r8/internal/zx0;Lcom/android/tools/r8/internal/q70;Ljava/util/function/Predicate;)Lcom/android/tools/r8/internal/ME; 6 <appendix> member <vmtarget> ; # com/android/tools/r8/internal/Z5$$Lambda+0x0000021b57279a88
instanceKlass  @bci com/android/tools/r8/internal/Z5 a (Lcom/android/tools/r8/internal/zx0;Lcom/android/tools/r8/internal/q70;Lcom/android/tools/r8/internal/NE;Lcom/android/tools/r8/internal/NE;Ljava/util/Set;)Z 3 <appendix> member <vmtarget> ; # com/android/tools/r8/internal/Z5$$Lambda+0x0000021b57279830
instanceKlass  @bci com/android/tools/r8/internal/L1 <clinit> ()V 8 <appendix> argL0 ; # com/android/tools/r8/internal/L1$$Lambda+0x0000021b57279610
instanceKlass  @bci com/android/tools/r8/internal/L1 <clinit> ()V 0 <appendix> argL0 ; # com/android/tools/r8/internal/L1$$Lambda+0x0000021b572793f0
instanceKlass  @cpi com/android/tools/r8/internal/L1 35 form vmentry <vmtarget> ; # java/lang/invoke/LambdaForm$DMH+0x0000021b5727c000
# instanceKlass com/android/tools/r8/internal/EE$$Lambda+0x0000021b572791a0
instanceKlass  @bci com/android/tools/r8/internal/zx0 O ()Z 28 <appendix> argL0 ; # com/android/tools/r8/internal/zx0$$Lambda+0x0000021b57278f50
instanceKlass  @bci com/android/tools/r8/internal/EE a (Lcom/android/tools/r8/graph/y;Lcom/android/tools/r8/internal/sB;)Lcom/android/tools/r8/ir/optimize/E; 4 <appendix> argL0 ; # com/android/tools/r8/internal/EE$$Lambda+0x0000021b57278d00
instanceKlass com/android/tools/r8/internal/vj
instanceKlass com/android/tools/r8/internal/Hx0
instanceKlass  @bci com/android/tools/r8/internal/L7 b (Lcom/android/tools/r8/internal/Y5;)Z 52 <appendix> argL0 ; # com/android/tools/r8/internal/L7$$Lambda+0x0000021b57278678
# instanceKlass com/android/tools/r8/internal/Ae$$Lambda+0x0000021b57278450
# instanceKlass com/android/tools/r8/internal/Ae$$Lambda+0x0000021b57278228
# instanceKlass com/android/tools/r8/internal/Ae$$Lambda+0x0000021b57278000
# instanceKlass com/android/tools/r8/internal/Ae$$Lambda+0x0000021b57274c00
# instanceKlass com/android/tools/r8/internal/Ae$$Lambda+0x0000021b57275cb8
# instanceKlass com/android/tools/r8/internal/Ae$$Lambda+0x0000021b57275a90
instanceKlass  @bci com/android/tools/r8/internal/Ae a (Lcom/android/tools/r8/internal/sB;Lcom/android/tools/r8/internal/at0;)Lcom/android/tools/r8/internal/De; 8 <appendix> member <vmtarget> ; # com/android/tools/r8/internal/Ae$$Lambda+0x0000021b57275868
instanceKlass com/android/tools/r8/internal/ZB
instanceKlass com/android/tools/r8/ir/optimize/u
instanceKlass com/android/tools/r8/internal/Z5
instanceKlass com/android/tools/r8/internal/G7
instanceKlass  @bci com/android/tools/r8/internal/G1 a (I)Lcom/android/tools/r8/internal/sR; 8 <appendix> argL0 ; # com/android/tools/r8/internal/G1$$Lambda+0x0000021b57275000
instanceKlass com/android/tools/r8/internal/Lt
# instanceKlass com/android/tools/r8/internal/lo0$$Lambda+0x0000021b57277748
instanceKlass  @bci com/android/tools/r8/internal/lo0 a (Ljava/util/List;Lcom/android/tools/r8/ir/optimize/a;Lcom/android/tools/r8/internal/V6;Ljava/util/Map$Entry;)V 42 <appendix> argL0 ; # com/android/tools/r8/internal/lo0$$Lambda+0x0000021b57277008
# instanceKlass java/util/stream/SortedOps$RefSortingSink$$Lambda+0x0000021b570cb310
# instanceKlass java/util/stream/SortedOps$RefSortingSink$$Lambda+0x0000021b570cb0d8
# instanceKlass java/util/stream/SortedOps$RefSortingSink$$Lambda+0x0000021b570caea0
# instanceKlass java/util/stream/SortedOps$RefSortingSink$$Lambda+0x0000021b570cac68
# instanceKlass java/util/stream/SortedOps$RefSortingSink$$Lambda+0x0000021b570caa30
# instanceKlass java/util/stream/SortedOps$RefSortingSink$$Lambda+0x0000021b570ca7f8
instanceKlass  @bci java/util/stream/SortedOps$RefSortingSink end ()V 48 <appendix> member <vmtarget> ; # java/util/stream/SortedOps$RefSortingSink$$Lambda+0x0000021b570ca5c0
instanceKlass java/util/AbstractMap$SimpleImmutableEntry
instanceKlass java/util/stream/ForEachOps$ForEachOp
instanceKlass java/util/stream/ForEachOps
# instanceKlass com/android/tools/r8/internal/lo0$$Lambda+0x0000021b572768e0
# instanceKlass com/android/tools/r8/internal/lo0$$Lambda+0x0000021b572766a8
# instanceKlass com/android/tools/r8/internal/lo0$$Lambda+0x0000021b57276470
# instanceKlass com/android/tools/r8/internal/lo0$$Lambda+0x0000021b57276238
# instanceKlass com/android/tools/r8/internal/lo0$$Lambda+0x0000021b57276000
instanceKlass  @bci com/android/tools/r8/internal/lo0 a ()Z 66 <appendix> member <vmtarget> ; # com/android/tools/r8/internal/lo0$$Lambda+0x0000021b57273d88
# instanceKlass com/android/tools/r8/internal/lo0$$Lambda+0x0000021b57273b50
instanceKlass com/android/tools/r8/graph/P2
instanceKlass java/util/stream/SortedOps
# instanceKlass java/util/Comparator$$Lambda+0x0000021b570c91a8
# instanceKlass com/android/tools/r8/internal/G1$$Lambda+0x0000021b57273708
instanceKlass  @bci com/android/tools/r8/internal/G1 a (J)Lcom/android/tools/r8/internal/Cn0; 8 <appendix> argL0 ; # com/android/tools/r8/internal/G1$$Lambda+0x0000021b572734c8
# instanceKlass java/util/Comparator$$Lambda+0x0000021b570c8f08
# instanceKlass java/util/Comparator$$Lambda+0x0000021b570c8c68
# instanceKlass java/util/Comparator$$Lambda+0x0000021b570c89c8
instanceKlass  @bci java/util/Comparator comparingInt (Ljava/util/function/ToIntFunction;)Ljava/util/Comparator; 6 <appendix> member <vmtarget> ; # java/util/Comparator$$Lambda+0x0000021b570c8728
instanceKlass com/android/tools/r8/internal/Px0
# instanceKlass com/android/tools/r8/internal/lo0$$Lambda+0x0000021b57273098
# instanceKlass com/android/tools/r8/internal/lo0$$Lambda+0x0000021b57272e78
instanceKlass  @bci com/android/tools/r8/internal/lo0 a ()Z 49 <appendix> argL0 ; # com/android/tools/r8/internal/lo0$$Lambda+0x0000021b57272c58
# instanceKlass com/android/tools/r8/internal/lo0$$Lambda+0x0000021b57272a38
# instanceKlass com/android/tools/r8/internal/lo0$$Lambda+0x0000021b57272818
instanceKlass  @cpi com/android/tools/r8/internal/G1 152 form vmentry <vmtarget> ; # java/lang/invoke/LambdaForm$DMH+0x0000021b57274400
# instanceKlass com/android/tools/r8/internal/lo0$$Lambda+0x0000021b572725c0
# instanceKlass com/android/tools/r8/internal/lo0$$Lambda+0x0000021b57272368
# instanceKlass com/android/tools/r8/internal/lo0$$Lambda+0x0000021b57272110
instanceKlass  @bci com/android/tools/r8/internal/lo0 a ()Z 39 <appendix> member <vmtarget> ; # com/android/tools/r8/internal/lo0$$Lambda+0x0000021b57271eb8
instanceKlass  @bci com/android/tools/r8/internal/G1 a (Lcom/android/tools/r8/graph/L2;)Lcom/android/tools/r8/internal/In0; 5 <appendix> argL0 ; # com/android/tools/r8/internal/G1$$Lambda+0x0000021b57271c78
instanceKlass com/android/tools/r8/internal/ht
instanceKlass java/util/IdentityHashMap$IdentityHashMapSpliterator
instanceKlass java/util/BitSet
instanceKlass  @bci com/android/tools/r8/internal/kt <clinit> ()V 0 <appendix> argL0 ; # com/android/tools/r8/internal/kt$$Lambda+0x0000021b57271830
instanceKlass com/android/tools/r8/internal/lo0
instanceKlass com/android/tools/r8/internal/L1
instanceKlass  @cpi com/android/tools/r8/internal/kt 22 form vmentry <vmtarget> ; # java/lang/invoke/LambdaForm$DMH+0x0000021b57274000
instanceKlass com/android/tools/r8/internal/kt
instanceKlass com/android/tools/r8/internal/Qx0
# instanceKlass com/android/tools/r8/internal/iv0$$Lambda+0x0000021b57270000
# instanceKlass com/android/tools/r8/internal/iv0$$Lambda+0x0000021b5726fc38
# instanceKlass com/android/tools/r8/internal/iv0$$Lambda+0x0000021b5726fa00
# instanceKlass com/android/tools/r8/internal/iv0$$Lambda+0x0000021b5726f7c8
# instanceKlass com/android/tools/r8/internal/iv0$$Lambda+0x0000021b5726f590
instanceKlass  @bci com/android/tools/r8/internal/sB r ()Ljava/lang/Iterable; 1 <appendix> member <vmtarget> ; # com/android/tools/r8/internal/sB$$Lambda+0x0000021b5726f348
instanceKlass  @bci com/android/tools/r8/internal/iv0 a (Ljava/lang/Iterable;I)V 35 <appendix> member <vmtarget> ; # com/android/tools/r8/internal/iv0$$Lambda+0x0000021b5726f110
# instanceKlass com/android/tools/r8/graph/u0$$Lambda+0x0000021b5726eeb8
# instanceKlass com/android/tools/r8/graph/u0$$Lambda+0x0000021b5726e558
# instanceKlass com/android/tools/r8/graph/u0$$Lambda+0x0000021b5726ec60
# instanceKlass com/android/tools/r8/graph/u0$$Lambda+0x0000021b5726ea08
# instanceKlass com/android/tools/r8/graph/u0$$Lambda+0x0000021b5726e7b0
# instanceKlass com/android/tools/r8/graph/u0$$Lambda+0x0000021b5726e300
# instanceKlass com/android/tools/r8/graph/u0$$Lambda+0x0000021b5726e0a8
instanceKlass  @bci com/android/tools/r8/graph/u0 a (Lcom/android/tools/r8/graph/M2;)Lcom/android/tools/r8/graph/r0; 2 <appendix> member <vmtarget> ; # com/android/tools/r8/graph/u0$$Lambda+0x0000021b5726de50
instanceKlass com/android/tools/r8/ir/optimize/b
# instanceKlass com/android/tools/r8/internal/xB$$Lambda+0x0000021b5726da08
# instanceKlass com/android/tools/r8/internal/xB$$Lambda+0x0000021b5726d7d0
# instanceKlass com/android/tools/r8/internal/xB$$Lambda+0x0000021b5726d598
# instanceKlass com/android/tools/r8/internal/xB$$Lambda+0x0000021b5726d360
# instanceKlass com/android/tools/r8/internal/xB$$Lambda+0x0000021b5726ce00
# instanceKlass com/android/tools/r8/internal/xB$$Lambda+0x0000021b5726cbc8
# instanceKlass com/android/tools/r8/internal/xB$$Lambda+0x0000021b5726c990
instanceKlass  @bci com/android/tools/r8/internal/xB a (Lcom/android/tools/r8/internal/sB;Lcom/android/tools/r8/internal/Z40;Lcom/android/tools/r8/internal/sX$a;Lcom/android/tools/r8/internal/RX;Lcom/android/tools/r8/internal/Lf;Lcom/android/tools/r8/internal/at0;)Lcom/android/tools/r8/internal/at0; 1944 <appendix> member <vmtarget> ; # com/android/tools/r8/internal/xB$$Lambda+0x0000021b5726c758
instanceKlass com/android/tools/r8/internal/pz
# instanceKlass com/android/tools/r8/internal/xB$$Lambda+0x0000021b5726c310
# instanceKlass com/android/tools/r8/internal/xB$$Lambda+0x0000021b5726c0d8
# instanceKlass com/android/tools/r8/internal/xB$$Lambda+0x0000021b5726bea0
# instanceKlass com/android/tools/r8/internal/xB$$Lambda+0x0000021b5726bc68
# instanceKlass com/android/tools/r8/internal/xB$$Lambda+0x0000021b5726ba30
# instanceKlass com/android/tools/r8/internal/xB$$Lambda+0x0000021b5726b7f8
# instanceKlass com/android/tools/r8/internal/xB$$Lambda+0x0000021b5726b5c0
instanceKlass  @bci com/android/tools/r8/internal/xB a (Lcom/android/tools/r8/internal/sB;Lcom/android/tools/r8/internal/Z40;Lcom/android/tools/r8/internal/sX$a;Lcom/android/tools/r8/internal/RX;Lcom/android/tools/r8/internal/Lf;Lcom/android/tools/r8/internal/at0;)Lcom/android/tools/r8/internal/at0; 1884 <appendix> member <vmtarget> ; # com/android/tools/r8/internal/xB$$Lambda+0x0000021b5726b388
instanceKlass com/android/tools/r8/internal/bz
instanceKlass com/android/tools/r8/internal/uB
instanceKlass com/android/tools/r8/internal/tB
# instanceKlass com/android/tools/r8/internal/sB$$Lambda+0x0000021b5726a6a0
# instanceKlass com/android/tools/r8/internal/sB$$Lambda+0x0000021b5726a458
# instanceKlass com/android/tools/r8/internal/sB$$Lambda+0x0000021b5726a210
# instanceKlass com/android/tools/r8/internal/sB$$Lambda+0x0000021b57269fc8
# instanceKlass com/android/tools/r8/internal/sB$$Lambda+0x0000021b57269d80
# instanceKlass com/android/tools/r8/internal/sB$$Lambda+0x0000021b572698f0
# instanceKlass com/android/tools/r8/internal/sB$$Lambda+0x0000021b57269b38
instanceKlass  @bci com/android/tools/r8/internal/sB b (Ljava/util/function/Predicate;)Ljava/lang/Iterable; 2 <appendix> member <vmtarget> ; # com/android/tools/r8/internal/sB$$Lambda+0x0000021b572696a8
# instanceKlass com/android/tools/r8/internal/ju0$$Lambda+0x0000021b57269458
# instanceKlass com/android/tools/r8/internal/ju0$$Lambda+0x0000021b57269208
# instanceKlass com/android/tools/r8/internal/ju0$$Lambda+0x0000021b57268fb8
# instanceKlass com/android/tools/r8/internal/ju0$$Lambda+0x0000021b57268d68
# instanceKlass com/android/tools/r8/internal/ju0$$Lambda+0x0000021b57268b18
# instanceKlass com/android/tools/r8/internal/ju0$$Lambda+0x0000021b572688c8
# instanceKlass com/android/tools/r8/internal/ju0$$Lambda+0x0000021b57268428
instanceKlass  @bci com/android/tools/r8/internal/ju0 a (Lcom/android/tools/r8/graph/y;Lcom/android/tools/r8/internal/sB;)V 8 <appendix> argL0 ; # com/android/tools/r8/internal/ju0$$Lambda+0x0000021b57268678
instanceKlass com/android/tools/r8/internal/ju0
instanceKlass  @bci com/android/tools/r8/internal/De <clinit> ()V 22 <appendix> argL0 ; # com/android/tools/r8/internal/De$$Lambda+0x0000021b57268000
instanceKlass com/android/tools/r8/internal/Ce
# instanceKlass com/android/tools/r8/internal/Ae$$Lambda+0x0000021b57267a28
# instanceKlass com/android/tools/r8/internal/Ae$$Lambda+0x0000021b57267800
# instanceKlass com/android/tools/r8/internal/Ae$$Lambda+0x0000021b572675d8
# instanceKlass com/android/tools/r8/internal/Ae$$Lambda+0x0000021b572673b0
# instanceKlass com/android/tools/r8/internal/Ae$$Lambda+0x0000021b57267188
# instanceKlass com/android/tools/r8/internal/Ae$$Lambda+0x0000021b57266b10
# instanceKlass com/android/tools/r8/internal/Ae$$Lambda+0x0000021b57266f60
instanceKlass  @bci com/android/tools/r8/internal/Ae a (Lcom/android/tools/r8/internal/sB;Lcom/android/tools/r8/internal/RX;Lcom/android/tools/r8/internal/Lf;Lcom/android/tools/r8/internal/at0;)Lcom/android/tools/r8/internal/De; 11 <appendix> member <vmtarget> ; # com/android/tools/r8/internal/Ae$$Lambda+0x0000021b57266d38
instanceKlass com/android/tools/r8/internal/Wd0
# instanceKlass com/android/tools/r8/internal/iv0$$Lambda+0x0000021b57265658
# instanceKlass com/android/tools/r8/internal/iv0$$Lambda+0x0000021b57265408
# instanceKlass com/android/tools/r8/internal/iv0$$Lambda+0x0000021b572651b8
# instanceKlass com/android/tools/r8/internal/iv0$$Lambda+0x0000021b57264f68
# instanceKlass com/android/tools/r8/internal/iv0$$Lambda+0x0000021b57264d18
instanceKlass  @bci com/android/tools/r8/internal/iv0 a (Lcom/android/tools/r8/internal/zx0;Lcom/android/tools/r8/internal/mv0;)V 28 <appendix> argL0 ; # com/android/tools/r8/internal/iv0$$Lambda+0x0000021b57264ac8
# instanceKlass com/android/tools/r8/internal/iv0$$Lambda+0x0000021b57264890
# instanceKlass com/android/tools/r8/internal/iv0$$Lambda+0x0000021b57264658
# instanceKlass com/android/tools/r8/internal/iv0$$Lambda+0x0000021b57264420
# instanceKlass com/android/tools/r8/internal/iv0$$Lambda+0x0000021b572641e8
# instanceKlass com/android/tools/r8/internal/iv0$$Lambda+0x0000021b57263fb0
# instanceKlass com/android/tools/r8/internal/iv0$$Lambda+0x0000021b57263d78
instanceKlass  @bci com/android/tools/r8/internal/iv0 b ()V 77 <appendix> member <vmtarget> ; # com/android/tools/r8/internal/iv0$$Lambda+0x0000021b57263b40
# instanceKlass com/android/tools/r8/internal/iv0$$Lambda+0x0000021b57263908
instanceKlass com/android/tools/r8/internal/qB
instanceKlass com/android/tools/r8/ir/optimize/r
instanceKlass com/android/tools/r8/internal/bz0
instanceKlass com/android/tools/r8/internal/iv0
instanceKlass com/android/tools/r8/internal/b6
instanceKlass com/android/tools/r8/internal/ck
instanceKlass com/android/tools/r8/ir/optimize/a
instanceKlass com/android/tools/r8/internal/sB
instanceKlass com/android/tools/r8/internal/wB
instanceKlass com/android/tools/r8/internal/ni
instanceKlass com/android/tools/r8/internal/d60
instanceKlass com/android/tools/r8/internal/c1
instanceKlass com/android/tools/r8/internal/t40
instanceKlass com/android/tools/r8/internal/lv0
instanceKlass com/android/tools/r8/internal/QE
instanceKlass com/android/tools/r8/internal/D40
instanceKlass com/android/tools/r8/internal/a6
instanceKlass java/util/Collections$1
instanceKlass com/android/tools/r8/internal/Df0
instanceKlass  @bci com/android/tools/r8/internal/kb a (Lcom/android/tools/r8/internal/H9;)V 49 <appendix> member <vmtarget> ; # com/android/tools/r8/internal/kb$$Lambda+0x0000021b57253d18
instanceKlass  @cpi com/android/tools/r8/internal/kb 846 form vmentry <vmtarget> ; # java/lang/invoke/LambdaForm$DMH+0x0000021b57254c00
instanceKlass java/util/LinkedList$ListItr
instanceKlass com/android/tools/r8/graph/m3
# instanceKlass com/android/tools/r8/internal/kb$$Lambda+0x0000021b572531b8
instanceKlass  @bci com/android/tools/r8/internal/kb a (Lcom/android/tools/r8/internal/nB;IZ)V 930 <appendix> member <vmtarget> ; # com/android/tools/r8/internal/kb$$Lambda+0x0000021b57252f80
instanceKlass  @bci com/android/tools/r8/internal/Z3 a (Lcom/android/tools/r8/internal/mv0;Lcom/android/tools/r8/internal/e20;)Lcom/android/tools/r8/internal/Z3; 3 <appendix> member <vmtarget> ; # com/android/tools/r8/internal/Z3$$Lambda+0x0000021b57252d38
# instanceKlass com/android/tools/r8/internal/kb$$Lambda+0x0000021b57252b00
instanceKlass  @cpi com/android/tools/r8/internal/kb 806 form vmentry <vmtarget> ; # java/lang/invoke/LambdaForm$DMH+0x0000021b57254000
instanceKlass com/android/tools/r8/internal/kq
instanceKlass com/android/tools/r8/internal/wn0
instanceKlass com/android/tools/r8/internal/og
instanceKlass com/android/tools/r8/internal/Hy0
instanceKlass com/android/tools/r8/internal/Qp
instanceKlass  @bci com/android/tools/r8/internal/le c (Lcom/android/tools/r8/internal/e20;)Lcom/android/tools/r8/internal/le; 19 <appendix> member <vmtarget> ; # com/android/tools/r8/internal/le$$Lambda+0x0000021b57244bc0
instanceKlass com/android/tools/r8/internal/J40
instanceKlass com/android/tools/r8/internal/Nx0
instanceKlass com/android/tools/r8/internal/mB
instanceKlass com/android/tools/r8/graph/proto/b
instanceKlass com/android/tools/r8/internal/Up
instanceKlass com/android/tools/r8/internal/Mn
instanceKlass com/android/tools/r8/ir/optimize/E
instanceKlass com/android/tools/r8/internal/F40
instanceKlass com/android/tools/r8/internal/xx0
# instanceKlass com/android/tools/r8/internal/q70$b$$Lambda+0x0000021b5723d870
# instanceKlass com/android/tools/r8/internal/q70$b$$Lambda+0x0000021b5723d630
instanceKlass  @bci com/android/tools/r8/internal/q70$b c (Lcom/android/tools/r8/internal/Jr0;)V 20 <appendix> argL0 ; # com/android/tools/r8/internal/q70$b$$Lambda+0x0000021b5723cfb0
# instanceKlass com/android/tools/r8/internal/q70$b$$Lambda+0x0000021b5723cb70
instanceKlass  @bci com/android/tools/r8/internal/q70$b c (Lcom/android/tools/r8/internal/Jr0;)V 1 <appendix> argL0 ; # com/android/tools/r8/internal/q70$b$$Lambda+0x0000021b5723cd90
instanceKlass com/android/tools/r8/internal/Dd0
# instanceKlass com/android/tools/r8/internal/q70$b$$Lambda+0x0000021b5723c748
instanceKlass  @bci com/android/tools/r8/internal/q70$b m ()Lcom/android/tools/r8/internal/Hr0; 0 <appendix> argL0 ; # com/android/tools/r8/internal/q70$b$$Lambda+0x0000021b5723c528
# instanceKlass com/android/tools/r8/internal/q70$b$$Lambda+0x0000021b5723c308
instanceKlass com/android/tools/r8/internal/JI
instanceKlass com/android/tools/r8/internal/eG
# instanceKlass com/android/tools/r8/internal/le$$Lambda+0x0000021b5723b880
# instanceKlass com/android/tools/r8/internal/le$$Lambda+0x0000021b5723b638
# instanceKlass com/android/tools/r8/internal/le$$Lambda+0x0000021b5723b3f0
# instanceKlass com/android/tools/r8/internal/le$$Lambda+0x0000021b5723b1a8
instanceKlass  @bci com/android/tools/r8/internal/le a (Lcom/android/tools/r8/graph/M2;Lcom/android/tools/r8/internal/e20;)Lcom/android/tools/r8/internal/le; 3 <appendix> member <vmtarget> ; # com/android/tools/r8/internal/le$$Lambda+0x0000021b5723af60
instanceKlass com/android/tools/r8/internal/f20
# instanceKlass com/android/tools/r8/graph/u1$$Lambda+0x0000021b5723a288
# instanceKlass com/android/tools/r8/graph/u1$$Lambda+0x0000021b5723a040
# instanceKlass com/android/tools/r8/graph/u1$$Lambda+0x0000021b57239df8
# instanceKlass com/android/tools/r8/graph/u1$$Lambda+0x0000021b57239bb0
instanceKlass  @bci com/android/tools/r8/graph/u1 a (Lcom/android/tools/r8/graph/M2;Lcom/android/tools/r8/internal/e20;Lcom/android/tools/r8/graph/y;)Lcom/android/tools/r8/internal/Se0; 173 <appendix> member <vmtarget> ; # com/android/tools/r8/graph/u1$$Lambda+0x0000021b57239968
instanceKlass com/android/tools/r8/internal/LH
instanceKlass  @bci com/android/tools/r8/internal/kb b (Lcom/android/tools/r8/internal/nB;)V 168 <appendix> member <vmtarget> ; # com/android/tools/r8/internal/kb$$Lambda+0x0000021b57239528
# instanceKlass com/android/tools/r8/internal/kb$$Lambda+0x0000021b572390b8
# instanceKlass com/android/tools/r8/internal/kb$$Lambda+0x0000021b572392f0
# instanceKlass com/android/tools/r8/internal/kb$$Lambda+0x0000021b57238e80
# instanceKlass com/android/tools/r8/internal/kb$$Lambda+0x0000021b57238c48
instanceKlass com/android/tools/r8/internal/rb
instanceKlass com/android/tools/r8/internal/ib
instanceKlass com/android/tools/r8/internal/jb
instanceKlass com/android/tools/r8/internal/Me0
instanceKlass com/android/tools/r8/internal/TH
instanceKlass com/android/tools/r8/internal/PE
instanceKlass com/android/tools/r8/internal/O8
instanceKlass com/android/tools/r8/internal/Y5
instanceKlass com/android/tools/r8/internal/iB
instanceKlass com/android/tools/r8/internal/zB
instanceKlass com/android/tools/r8/internal/o20
instanceKlass com/android/tools/r8/internal/S
instanceKlass com/android/tools/r8/internal/OG
instanceKlass com/android/tools/r8/internal/nB
# instanceKlass com/android/tools/r8/internal/q70$$Lambda+0x0000021b5722ad00
# instanceKlass com/android/tools/r8/internal/q70$$Lambda+0x0000021b5722bd30
# instanceKlass com/android/tools/r8/internal/q70$$Lambda+0x0000021b5722bae0
# instanceKlass com/android/tools/r8/internal/q70$$Lambda+0x0000021b5722b890
# instanceKlass com/android/tools/r8/internal/q70$$Lambda+0x0000021b5722b640
# instanceKlass com/android/tools/r8/internal/q70$$Lambda+0x0000021b5722b3f0
# instanceKlass com/android/tools/r8/internal/q70$$Lambda+0x0000021b5722b1a0
instanceKlass  @bci com/android/tools/r8/internal/q70 a (Lcom/android/tools/r8/internal/Jr0;)V 41 <appendix> argL0 ; # com/android/tools/r8/internal/q70$$Lambda+0x0000021b5722af50
# instanceKlass com/android/tools/r8/internal/q70$$Lambda+0x0000021b5722aab0
# instanceKlass com/android/tools/r8/internal/q70$$Lambda+0x0000021b5722a860
# instanceKlass com/android/tools/r8/internal/q70$$Lambda+0x0000021b5722a610
# instanceKlass com/android/tools/r8/internal/q70$$Lambda+0x0000021b5722a3c0
# instanceKlass com/android/tools/r8/internal/q70$$Lambda+0x0000021b57229f20
# instanceKlass com/android/tools/r8/internal/q70$$Lambda+0x0000021b5722a170
# instanceKlass com/android/tools/r8/internal/q70$$Lambda+0x0000021b57229cd0
instanceKlass  @bci com/android/tools/r8/internal/q70 a (Lcom/android/tools/r8/internal/Jr0;)V 33 <appendix> argL0 ; # com/android/tools/r8/internal/q70$$Lambda+0x0000021b57229a80
# instanceKlass com/android/tools/r8/internal/q70$$Lambda+0x0000021b57229840
# instanceKlass com/android/tools/r8/internal/q70$$Lambda+0x0000021b57229600
# instanceKlass com/android/tools/r8/internal/q70$$Lambda+0x0000021b572293c0
# instanceKlass com/android/tools/r8/internal/q70$$Lambda+0x0000021b57229180
# instanceKlass com/android/tools/r8/internal/q70$$Lambda+0x0000021b57228f40
# instanceKlass com/android/tools/r8/internal/q70$$Lambda+0x0000021b57228d00
instanceKlass  @bci com/android/tools/r8/internal/q70 a (Lcom/android/tools/r8/internal/Jr0;)V 25 <appendix> argL0 ; # com/android/tools/r8/internal/q70$$Lambda+0x0000021b57228ac0
# instanceKlass com/android/tools/r8/internal/q70$$Lambda+0x0000021b57228880
# instanceKlass com/android/tools/r8/internal/Jr0$$Lambda+0x0000021b57228660
# instanceKlass com/android/tools/r8/internal/Jr0$$Lambda+0x0000021b57228440
# instanceKlass com/android/tools/r8/internal/Jr0$$Lambda+0x0000021b57228220
# instanceKlass com/android/tools/r8/internal/Jr0$$Lambda+0x0000021b57228000
# instanceKlass com/android/tools/r8/internal/Jr0$$Lambda+0x0000021b57227c00
# instanceKlass com/android/tools/r8/internal/Jr0$$Lambda+0x0000021b572279e0
instanceKlass  @bci com/android/tools/r8/internal/Jr0 a (Ljava/util/function/Function;Ljava/util/function/Predicate;)Lcom/android/tools/r8/internal/Jr0; 7 <appendix> argL0 ; # com/android/tools/r8/internal/Jr0$$Lambda+0x0000021b572277c0
# instanceKlass com/android/tools/r8/internal/Jr0$$Lambda+0x0000021b572275a0
# instanceKlass com/android/tools/r8/internal/Jr0$$Lambda+0x0000021b57227380
# instanceKlass com/android/tools/r8/internal/Jr0$$Lambda+0x0000021b57227160
# instanceKlass com/android/tools/r8/internal/Jr0$$Lambda+0x0000021b57226f40
# instanceKlass com/android/tools/r8/internal/Jr0$$Lambda+0x0000021b57226d20
# instanceKlass com/android/tools/r8/internal/Jr0$$Lambda+0x0000021b57226b00
# instanceKlass com/android/tools/r8/internal/Jr0$$Lambda+0x0000021b572268e0
instanceKlass  @bci com/android/tools/r8/internal/Jr0 a (Ljava/util/function/Function;Ljava/util/function/Predicate;)Lcom/android/tools/r8/internal/Jr0; 2 <appendix> argL0 ; # com/android/tools/r8/internal/Jr0$$Lambda+0x0000021b572266c0
# instanceKlass com/android/tools/r8/internal/Jr0$$Lambda+0x0000021b572264a0
# instanceKlass com/android/tools/r8/internal/Jr0$$Lambda+0x0000021b57226248
# instanceKlass com/android/tools/r8/internal/Jr0$$Lambda+0x0000021b57225ff0
# instanceKlass com/android/tools/r8/internal/Jr0$$Lambda+0x0000021b57225d98
# instanceKlass com/android/tools/r8/internal/Jr0$$Lambda+0x0000021b57225b40
# instanceKlass com/android/tools/r8/internal/Jr0$$Lambda+0x0000021b572258e8
# instanceKlass com/android/tools/r8/internal/Jr0$$Lambda+0x0000021b57225690
# instanceKlass com/android/tools/r8/internal/Jr0$$Lambda+0x0000021b57225438
instanceKlass  @bci com/android/tools/r8/internal/Jr0 j (Ljava/util/function/Function;)Lcom/android/tools/r8/internal/Jr0; 3 <appendix> member <vmtarget> ; # com/android/tools/r8/internal/Jr0$$Lambda+0x0000021b572251e0
# instanceKlass com/android/tools/r8/internal/q70$$Lambda+0x0000021b57224fa0
# instanceKlass com/android/tools/r8/internal/q70$$Lambda+0x0000021b57224d60
# instanceKlass com/android/tools/r8/internal/q70$$Lambda+0x0000021b57224b20
# instanceKlass com/android/tools/r8/internal/q70$$Lambda+0x0000021b572248e0
# instanceKlass com/android/tools/r8/internal/q70$$Lambda+0x0000021b572246a0
# instanceKlass com/android/tools/r8/internal/q70$$Lambda+0x0000021b57224460
# instanceKlass com/android/tools/r8/internal/q70$$Lambda+0x0000021b57223fe0
instanceKlass  @bci com/android/tools/r8/internal/q70 a (Lcom/android/tools/r8/internal/Jr0;)V 17 <appendix> argL0 ; # com/android/tools/r8/internal/q70$$Lambda+0x0000021b57224220
# instanceKlass com/android/tools/r8/internal/q70$$Lambda+0x0000021b57223dc0
# instanceKlass com/android/tools/r8/internal/q70$$Lambda+0x0000021b57223ba0
# instanceKlass com/android/tools/r8/internal/q70$$Lambda+0x0000021b57223980
# instanceKlass com/android/tools/r8/internal/q70$$Lambda+0x0000021b57223760
# instanceKlass com/android/tools/r8/internal/q70$$Lambda+0x0000021b57223540
# instanceKlass com/android/tools/r8/internal/q70$$Lambda+0x0000021b57223320
# instanceKlass com/android/tools/r8/internal/q70$$Lambda+0x0000021b57223100
instanceKlass  @bci com/android/tools/r8/internal/q70 a (Lcom/android/tools/r8/internal/Jr0;)V 9 <appendix> argL0 ; # com/android/tools/r8/internal/q70$$Lambda+0x0000021b57222ee0
# instanceKlass com/android/tools/r8/internal/q70$$Lambda+0x0000021b57222cc0
# instanceKlass com/android/tools/r8/internal/q70$$Lambda+0x0000021b57222aa0
# instanceKlass com/android/tools/r8/internal/q70$$Lambda+0x0000021b57222880
# instanceKlass com/android/tools/r8/internal/q70$$Lambda+0x0000021b57222660
# instanceKlass com/android/tools/r8/internal/q70$$Lambda+0x0000021b57222440
# instanceKlass com/android/tools/r8/internal/q70$$Lambda+0x0000021b57222220
instanceKlass  @bci com/android/tools/r8/internal/q70 a (Lcom/android/tools/r8/internal/Jr0;)V 1 <appendix> argL0 ; # com/android/tools/r8/internal/q70$$Lambda+0x0000021b57222000
# instanceKlass com/android/tools/r8/internal/q70$$Lambda+0x0000021b57221de0
# instanceKlass com/android/tools/r8/internal/q70$c$$Lambda+0x0000021b57221bc0
# instanceKlass com/android/tools/r8/internal/q70$c$$Lambda+0x0000021b572219a0
# instanceKlass com/android/tools/r8/internal/q70$c$$Lambda+0x0000021b57221780
# instanceKlass com/android/tools/r8/internal/q70$c$$Lambda+0x0000021b57221560
# instanceKlass com/android/tools/r8/internal/q70$c$$Lambda+0x0000021b57221340
# instanceKlass com/android/tools/r8/internal/q70$c$$Lambda+0x0000021b57221120
instanceKlass  @bci com/android/tools/r8/internal/q70$c m ()Lcom/android/tools/r8/internal/Hr0; 0 <appendix> argL0 ; # com/android/tools/r8/internal/q70$c$$Lambda+0x0000021b57220ce0
# instanceKlass com/android/tools/r8/internal/q70$c$$Lambda+0x0000021b57220f00
instanceKlass com/android/tools/r8/internal/K8
instanceKlass com/android/tools/r8/internal/xb
instanceKlass com/android/tools/r8/internal/JH
instanceKlass  @bci com/android/tools/r8/internal/R9 a (Ljava/util/function/BiFunction;Lcom/android/tools/r8/internal/X9;Lcom/android/tools/r8/internal/I9;)Lcom/android/tools/r8/internal/Wt0; 16 <appendix> member <vmtarget> ; # com/android/tools/r8/internal/R9$$Lambda+0x0000021b5721eb40
instanceKlass  @bci com/android/tools/r8/internal/P9 a (Ljava/util/function/BiFunction;Lcom/android/tools/r8/internal/X9;Lcom/android/tools/r8/internal/I9;)Lcom/android/tools/r8/internal/Wt0; 16 <appendix> member <vmtarget> ; # com/android/tools/r8/internal/P9$$Lambda+0x0000021b5721e8f8
instanceKlass  @bci com/android/tools/r8/internal/K9 a ()I 1283 <appendix> member <vmtarget> ; # com/android/tools/r8/internal/K9$$Lambda+0x0000021b5721e6c0
instanceKlass com/android/tools/r8/internal/kb
instanceKlass  @bci com/android/tools/r8/internal/I9 a (Lcom/android/tools/r8/graph/y;Lcom/android/tools/r8/internal/P8;Lcom/android/tools/r8/internal/Mx0;)Lcom/android/tools/r8/internal/I9; 4 <appendix> argL0 ; # com/android/tools/r8/internal/I9$$Lambda+0x0000021b5721e1b0
instanceKlass com/android/tools/r8/internal/vF
instanceKlass  @bci com/android/tools/r8/internal/I9 b (Lcom/android/tools/r8/graph/y;Lcom/android/tools/r8/graph/M2;Lcom/android/tools/r8/internal/P8;Ljava/util/function/BiFunction;)Lcom/android/tools/r8/internal/I9; 15 <appendix> member <vmtarget> ; # com/android/tools/r8/internal/I9$$Lambda+0x0000021b5721d458
instanceKlass  @bci com/android/tools/r8/internal/V9 a (Lcom/android/tools/r8/internal/I9;Lcom/android/tools/r8/graph/y;Lcom/android/tools/r8/internal/P8;)Lcom/android/tools/r8/internal/I9; 24 <appendix> member <vmtarget> ; # com/android/tools/r8/internal/V9$$Lambda+0x0000021b5721d220
# instanceKlass com/android/tools/r8/internal/I9$$Lambda+0x0000021b5721cfe8
instanceKlass  @bci com/android/tools/r8/internal/I9 c (Ljava/util/function/BiFunction;)Lcom/android/tools/r8/internal/I9; 2 <appendix> member <vmtarget> ; # com/android/tools/r8/internal/I9$$Lambda+0x0000021b5721cdb0
instanceKlass com/android/tools/r8/internal/Lx0
instanceKlass  @bci com/android/tools/r8/internal/sg a (Lcom/android/tools/r8/graph/y;Lcom/android/tools/r8/graph/M2;Lcom/android/tools/r8/internal/P8;Ljava/util/function/BiFunction;)Lcom/android/tools/r8/internal/I9; 11 <appendix> member <vmtarget> ; # com/android/tools/r8/internal/sg$$Lambda+0x0000021b5721c970
# instanceKlass com/android/tools/r8/internal/nb$$Lambda+0x0000021b5721c738
instanceKlass  @bci com/android/tools/r8/internal/nb a (Lcom/android/tools/r8/internal/I9;Lcom/android/tools/r8/graph/y;Lcom/android/tools/r8/internal/P8;)Lcom/android/tools/r8/internal/I9; 165 <appendix> member <vmtarget> ; # com/android/tools/r8/internal/nb$$Lambda+0x0000021b5721c500
# instanceKlass com/android/tools/r8/internal/sg$$Lambda+0x0000021b5721c2c8
# instanceKlass com/android/tools/r8/internal/sg$$Lambda+0x0000021b5721be58
# instanceKlass com/android/tools/r8/internal/sg$$Lambda+0x0000021b5721c090
instanceKlass  @bci com/android/tools/r8/internal/sg a (Lcom/android/tools/r8/graph/B2;Lcom/android/tools/r8/internal/P8;)Lcom/android/tools/r8/internal/I9; 4 <appendix> member <vmtarget> ; # com/android/tools/r8/internal/sg$$Lambda+0x0000021b5721bc20
instanceKlass  @bci com/android/tools/r8/internal/I9 a (Lcom/android/tools/r8/graph/y;Lcom/android/tools/r8/internal/P8;Lcom/android/tools/r8/graph/M2;)Lcom/android/tools/r8/internal/I9; 2 <appendix> argL0 ; # com/android/tools/r8/internal/I9$$Lambda+0x0000021b5721b9f0
instanceKlass com/android/tools/r8/internal/mb
# instanceKlass com/android/tools/r8/internal/ra$$Lambda+0x0000021b5721b5b0
# instanceKlass com/android/tools/r8/internal/ra$$Lambda+0x0000021b5721b378
# instanceKlass com/android/tools/r8/internal/ra$$Lambda+0x0000021b5721b140
instanceKlass  @bci com/android/tools/r8/internal/ra a (Lcom/android/tools/r8/internal/I9;Lcom/android/tools/r8/graph/y;Lcom/android/tools/r8/internal/P8;)Lcom/android/tools/r8/internal/I9; 14 <appendix> member <vmtarget> ; # com/android/tools/r8/internal/ra$$Lambda+0x0000021b5721af08
# instanceKlass com/android/tools/r8/internal/ra$$Lambda+0x0000021b5721acd0
instanceKlass com/android/tools/r8/internal/Xy
instanceKlass com/android/tools/r8/internal/b9
instanceKlass com/android/tools/r8/internal/e9
instanceKlass com/android/tools/r8/internal/L9
instanceKlass com/android/tools/r8/internal/K9
instanceKlass com/android/tools/r8/internal/Q9
instanceKlass com/android/tools/r8/graph/F
instanceKlass com/android/tools/r8/internal/O9
instanceKlass com/android/tools/r8/internal/qa
instanceKlass  @bci com/android/tools/r8/internal/o5 a (Lcom/android/tools/r8/graph/u1;Lcom/android/tools/r8/graph/y;Lcom/android/tools/r8/graph/K5;Lcom/android/tools/r8/internal/n5;Lcom/android/tools/r8/internal/Lf;Ljava/util/LinkedHashMap;Lcom/android/tools/r8/synthesis/M;)V 54 <appendix> form vmentry <vmtarget> ; # java/lang/invoke/LambdaForm$DMH+0x0000021b57212c00
instanceKlass  @bci com/android/tools/r8/internal/i80 a (Lcom/android/tools/r8/graph/K5;Lcom/android/tools/r8/internal/ga;Lcom/android/tools/r8/internal/Z40;Lcom/android/tools/r8/internal/Pi;Lcom/android/tools/r8/internal/Lf;Lcom/android/tools/r8/internal/at0;)V 35 <appendix> member <vmtarget> ; # com/android/tools/r8/internal/i80$$Lambda+0x0000021b57213a48
instanceKlass com/android/tools/r8/references/ClassReference
instanceKlass com/android/tools/r8/references/PrimitiveReference
instanceKlass com/android/tools/r8/references/Reference
instanceKlass com/android/tools/r8/position/MethodPosition
# instanceKlass com/android/tools/r8/internal/oU$$Lambda+0x0000021b572165a8
# instanceKlass com/android/tools/r8/internal/oU$$Lambda+0x0000021b57216370
# instanceKlass com/android/tools/r8/internal/oU$$Lambda+0x0000021b57216138
# instanceKlass com/android/tools/r8/internal/oU$$Lambda+0x0000021b57215f00
# instanceKlass com/android/tools/r8/internal/oU$$Lambda+0x0000021b57215cc8
# instanceKlass com/android/tools/r8/internal/oU$$Lambda+0x0000021b57215a90
# instanceKlass com/android/tools/r8/internal/oU$$Lambda+0x0000021b57215858
instanceKlass  @bci com/android/tools/r8/internal/oU a (Lcom/android/tools/r8/internal/my;)Ljava/util/ArrayList; 10 <appendix> member <vmtarget> ; # com/android/tools/r8/internal/oU$$Lambda+0x0000021b57215620
instanceKlass  @cpi com/android/tools/r8/graph/z5 234 form vmentry <vmtarget> ; # java/lang/invoke/LambdaForm$DMH+0x0000021b57211000
# instanceKlass com/android/tools/r8/internal/i80$$Lambda+0x0000021b572153e8
# instanceKlass com/android/tools/r8/internal/i80$$Lambda+0x0000021b572151b0
# instanceKlass com/android/tools/r8/internal/i80$$Lambda+0x0000021b57214f78
# instanceKlass com/android/tools/r8/internal/i80$$Lambda+0x0000021b57214d40
# instanceKlass com/android/tools/r8/internal/i80$$Lambda+0x0000021b57214b08
instanceKlass  @bci com/android/tools/r8/internal/i80 a (Lcom/android/tools/r8/graph/H2;Lcom/android/tools/r8/internal/ga;Lcom/android/tools/r8/internal/Pi;Lcom/android/tools/r8/internal/mJ;Lcom/android/tools/r8/internal/at0;)V 12 <appendix> member <vmtarget> ; # com/android/tools/r8/internal/i80$$Lambda+0x0000021b572148d0
# instanceKlass com/android/tools/r8/internal/i80$$Lambda+0x0000021b57214698
# instanceKlass com/android/tools/r8/internal/i80$$Lambda+0x0000021b57214460
instanceKlass  @bci com/android/tools/r8/internal/Pc a (Lcom/android/tools/r8/internal/Qc;Ljava/util/concurrent/ExecutorService;Lcom/android/tools/r8/internal/at0;)V 561 <appendix> member <vmtarget> ; # com/android/tools/r8/internal/Pc$$Lambda+0x0000021b57214238
instanceKlass com/android/tools/r8/internal/bt0
instanceKlass  @bci com/android/tools/r8/internal/Pc a (Ljava/util/Collection;)V 11 <appendix> member <vmtarget> ; # com/android/tools/r8/internal/Pc$$Lambda+0x0000021b5720bc58
instanceKlass com/android/tools/r8/internal/Um
instanceKlass  @bci com/android/tools/r8/internal/PR a (I)Lcom/android/tools/r8/graph/l1; 32 <appendix> form vmentry <vmtarget> ; # java/lang/invoke/LambdaForm$MH+0x0000021b57210800
instanceKlass  @bci com/android/tools/r8/internal/PR a (I)Lcom/android/tools/r8/graph/l1; 32 <appendix> argL3 form vmentry <vmtarget> ; # java/lang/invoke/LambdaForm$MH+0x0000021b57210400
# instanceKlass java/lang/invoke/LambdaForm$MH+0x0000021b57210000
# instanceKlass java/lang/invoke/LambdaForm$MH+0x0000021b5720fc00
instanceKlass  @bci com/android/tools/r8/kotlin/q b (Lcom/android/tools/r8/graph/R2;Ljava/lang/String;)[Ljava/lang/String; 41 <appendix> argL1 argL1 form vmentry <vmtarget> ; # java/lang/invoke/LambdaForm$MH+0x0000021b5720f800
# instanceKlass java/lang/invoke/LambdaForm$MH+0x0000021b5720f400
instanceKlass java/util/IdentityHashMap$EntryIterator$Entry
instanceKlass  @bci com/android/tools/r8/internal/Pc b (Ljava/util/Collection;)Ljava/util/ArrayDeque; 190 <appendix> member <vmtarget> ; # com/android/tools/r8/internal/Pc$$Lambda+0x0000021b5720b820
instanceKlass  @cpi com/android/tools/r8/internal/Pc 164 form vmentry <vmtarget> ; # java/lang/invoke/LambdaForm$DMH+0x0000021b5720f000
instanceKlass com/android/tools/r8/internal/Qs0
instanceKlass  @bci com/android/tools/r8/internal/Pc b (Ljava/util/Collection;)Ljava/util/ArrayDeque; 140 <appendix> argL0 ; # com/android/tools/r8/internal/Pc$$Lambda+0x0000021b5720b3e0
instanceKlass  @bci com/android/tools/r8/internal/Pc b (Ljava/util/Collection;)Ljava/util/ArrayDeque; 46 <appendix> argL0 ; # com/android/tools/r8/internal/Pc$$Lambda+0x0000021b5720b1a0
instanceKlass java/util/TimSort
instanceKlass java/util/Arrays$LegacyMergeSort
instanceKlass  @bci java/util/Comparator comparing (Ljava/util/function/Function;)Ljava/util/Comparator; 6 <appendix> member <vmtarget> ; # java/util/Comparator$$Lambda+0x0000021b570c6cf0
instanceKlass  @bci java/lang/invoke/BootstrapMethodInvoker invoke (Ljava/lang/Class;Ljava/lang/invoke/MethodHandle;Ljava/lang/String;Ljava/lang/Object;Ljava/lang/Object;Ljava/lang/Class;)Ljava/lang/Object; 462 <adapter> ; # java/lang/invoke/LambdaForm$MH+0x0000021b5720ec00
instanceKlass  @bci com/android/tools/r8/internal/N80 a (Lcom/android/tools/r8/graph/M2;Ljava/util/Map;)V 48 <appendix> argL0 ; # com/android/tools/r8/internal/N80$$Lambda+0x0000021b5720af60
instanceKlass  @bci com/android/tools/r8/internal/N80 a (Lcom/android/tools/r8/graph/M2;Ljava/util/Map;)V 38 <appendix> member <vmtarget> ; # com/android/tools/r8/internal/N80$$Lambda+0x0000021b5720ad28
instanceKlass  @bci com/android/tools/r8/internal/Fs0 a (Ljava/lang/Iterable;Lcom/android/tools/r8/internal/Xs0;Lcom/android/tools/r8/threading/ThreadingModule;Ljava/util/concurrent/ExecutorService;)Ljava/util/ArrayList; 6 <appendix> member <vmtarget> ; # com/android/tools/r8/internal/Fs0$$Lambda+0x0000021b5720aaf0
instanceKlass  @bci com/android/tools/r8/internal/Fs0 a (Ljava/lang/Iterable;Lcom/android/tools/r8/internal/Ss0;Lcom/android/tools/r8/threading/ThreadingModule;Ljava/util/concurrent/ExecutorService;)Ljava/util/ArrayList; 2 <appendix> member <vmtarget> ; # com/android/tools/r8/internal/Fs0$$Lambda+0x0000021b5720a8c8
instanceKlass  @bci com/android/tools/r8/internal/Fs0 a (Ljava/util/Map;Lcom/android/tools/r8/internal/Ps0;Lcom/android/tools/r8/threading/ThreadingModule;Ljava/util/concurrent/ExecutorService;)V 7 <appendix> member <vmtarget> ; # com/android/tools/r8/internal/Fs0$$Lambda+0x0000021b5720a6a0
instanceKlass com/android/tools/r8/internal/Ss0
instanceKlass  @bci com/android/tools/r8/internal/Fs0 a (Ljava/util/Map;Lcom/android/tools/r8/internal/Os0;Lcom/android/tools/r8/threading/ThreadingModule;Ljava/util/concurrent/ExecutorService;)V 2 <appendix> member <vmtarget> ; # com/android/tools/r8/internal/Fs0$$Lambda+0x0000021b5720a278
instanceKlass com/android/tools/r8/internal/Ps0
instanceKlass  @bci com/android/tools/r8/internal/N80 a (Lcom/android/tools/r8/threading/ThreadingModule;Ljava/util/concurrent/ExecutorService;)V 4 <appendix> argL0 ; # com/android/tools/r8/internal/N80$$Lambda+0x0000021b57209e58
instanceKlass com/android/tools/r8/internal/Os0
instanceKlass com/android/tools/r8/internal/py
instanceKlass com/android/tools/r8/internal/N1
instanceKlass  @bci com/android/tools/r8/internal/N80 a (Ljava/util/function/Supplier;Lcom/android/tools/r8/graph/B2;)Lcom/android/tools/r8/graph/K5; 21 <appendix> member <vmtarget> ; # com/android/tools/r8/internal/N80$$Lambda+0x0000021b572093b0
instanceKlass  @bci com/android/tools/r8/internal/N80 a (Ljava/util/function/Supplier;Lcom/android/tools/r8/graph/B2;)Lcom/android/tools/r8/graph/K5; 8 <appendix> argL0 ; # com/android/tools/r8/internal/N80$$Lambda+0x0000021b57209170
instanceKlass  @bci com/android/tools/r8/internal/XZ a (Lcom/android/tools/r8/graph/B2;Lcom/android/tools/r8/graph/K5;Lcom/android/tools/r8/internal/ga;Lcom/android/tools/r8/internal/N80;)V 87 <appendix> member <vmtarget> ; # com/android/tools/r8/internal/XZ$$Lambda+0x0000021b57208f48
instanceKlass com/android/tools/r8/internal/WZ
instanceKlass  @bci com/android/tools/r8/synthesis/m a ()Lcom/android/tools/r8/graph/E0; 272 <appendix> member <vmtarget> ; # com/android/tools/r8/synthesis/m$$Lambda+0x0000021b57208b10
instanceKlass  @bci com/android/tools/r8/synthesis/Q a (Ljava/lang/String;Lcom/android/tools/r8/synthesis/Q$b;Ljava/lang/String;Ljava/lang/String;)Ljava/lang/String; 7 <appendix> form vmentry <vmtarget> ; # java/lang/invoke/LambdaForm$MH+0x0000021b5720e800
# instanceKlass java/lang/invoke/LambdaForm$MH+0x0000021b5720e400
instanceKlass  @bci com/android/tools/r8/synthesis/Q a (Ljava/lang/String;Lcom/android/tools/r8/synthesis/Q$b;Ljava/lang/String;Ljava/lang/String;)Ljava/lang/String; 7 <appendix> argL3 form vmentry <vmtarget> ; # java/lang/invoke/LambdaForm$MH+0x0000021b5720e000
# instanceKlass java/lang/invoke/LambdaForm$MH+0x0000021b5720dc00
# instanceKlass java/lang/invoke/LambdaForm$MH+0x0000021b5720d800
# instanceKlass java/lang/invoke/LambdaForm$MH+0x0000021b5720d400
# instanceKlass java/lang/invoke/LambdaForm$MH+0x0000021b5720d000
instanceKlass  @bci com/android/tools/r8/synthesis/Q a (Ljava/lang/String;Lcom/android/tools/r8/synthesis/Q$b;Ljava/lang/String;Ljava/lang/String;)Ljava/lang/String; 7 <appendix> argL1 form vmentry <vmtarget> ; # java/lang/invoke/LambdaForm$MH+0x0000021b5720cc00
# instanceKlass java/lang/invoke/LambdaForm$MH+0x0000021b5720c800
# instanceKlass java/lang/invoke/LambdaForm$MH+0x0000021b5720c400
# instanceKlass java/lang/invoke/LambdaForm$MH+0x0000021b5720c000
instanceKlass  @bci com/android/tools/r8/synthesis/E a (Lcom/android/tools/r8/synthesis/I;Lcom/android/tools/r8/graph/H2;Lcom/android/tools/r8/graph/y;Ljava/util/function/Consumer;)Lcom/android/tools/r8/graph/H2; 35 <appendix> member <vmtarget> ; # com/android/tools/r8/synthesis/E$$Lambda+0x0000021b572088c8
instanceKlass com/android/tools/r8/synthesis/l
instanceKlass com/android/tools/r8/FeatureSplit
instanceKlass  @bci com/android/tools/r8/internal/XZ a (Lcom/android/tools/r8/graph/E0;Lcom/android/tools/r8/graph/M2;)Lcom/android/tools/r8/graph/E0; 34 <appendix> argL0 ; # com/android/tools/r8/internal/XZ$$Lambda+0x0000021b57208000
instanceKlass  @bci com/android/tools/r8/internal/XZ a (Lcom/android/tools/r8/graph/E0;Lcom/android/tools/r8/graph/M2;)Lcom/android/tools/r8/graph/E0; 19 <appendix> argL0 ; # com/android/tools/r8/internal/XZ$$Lambda+0x0000021b57205400
instanceKlass  @bci com/android/tools/r8/internal/XZ a (Lcom/android/tools/r8/graph/H0;)Lcom/android/tools/r8/graph/E0; 170 <appendix> member <vmtarget> ; # com/android/tools/r8/internal/XZ$$Lambda+0x0000021b57205d10
instanceKlass  @bci com/android/tools/r8/internal/XZ a (Lcom/android/tools/r8/graph/B2;Lcom/android/tools/r8/graph/K5;Lcom/android/tools/r8/internal/ga;Lcom/android/tools/r8/internal/N80;)V 2 <appendix> member <vmtarget> ; # com/android/tools/r8/internal/XZ$$Lambda+0x0000021b57207ca0
instanceKlass  @bci com/android/tools/r8/internal/Pq0 b (Lcom/android/tools/r8/internal/ja;)Lcom/android/tools/r8/internal/cm; 2 <appendix> member <vmtarget> ; # com/android/tools/r8/internal/Pq0$$Lambda+0x0000021b572075b0
instanceKlass com/android/tools/r8/internal/mu
instanceKlass com/android/tools/r8/internal/no0
instanceKlass  @bci com/android/tools/r8/internal/hJ b (Lcom/android/tools/r8/graph/E0;Lcom/android/tools/r8/graph/B2;Lcom/android/tools/r8/internal/PK;ZLcom/android/tools/r8/graph/K5;)Lcom/android/tools/r8/internal/dJ; 163 <appendix> member <vmtarget> ; # com/android/tools/r8/internal/hJ$$Lambda+0x0000021b57206f30
instanceKlass com/android/tools/r8/internal/gJ
# instanceKlass java/lang/invoke/LambdaForm$DMH+0x0000021b57205000
# instanceKlass com/android/tools/r8/internal/eJ$$Lambda+0x0000021b572068b0
# instanceKlass com/android/tools/r8/internal/cm$$Lambda+0x0000021b57206680
# instanceKlass com/android/tools/r8/internal/eJ$$Lambda+0x0000021b57206458
instanceKlass  @bci com/android/tools/r8/internal/cm b ()V 7 <appendix> argL0 ; # com/android/tools/r8/internal/cm$$Lambda+0x0000021b57206228
instanceKlass  @cpi com/android/tools/r8/internal/cm 29 form vmentry <vmtarget> ; # java/lang/invoke/LambdaForm$DMH+0x0000021b57204800
# instanceKlass com/android/tools/r8/internal/eJ$$Lambda+0x0000021b57206000
instanceKlass com/android/tools/r8/internal/em
instanceKlass  @bci com/android/tools/r8/internal/eJ a (Lcom/android/tools/r8/graph/K5;)Lcom/android/tools/r8/internal/cm; 1 <appendix> member <vmtarget> ; # com/android/tools/r8/internal/eJ$$Lambda+0x0000021b572039c0
# instanceKlass com/android/tools/r8/graph/j$$Lambda+0x0000021b57203548
# instanceKlass com/android/tools/r8/graph/j$$Lambda+0x0000021b57203300
# instanceKlass com/android/tools/r8/graph/j$$Lambda+0x0000021b572030b8
instanceKlass  @bci com/android/tools/r8/graph/j d (Lcom/android/tools/r8/graph/E0;Lcom/android/tools/r8/graph/I2;Lcom/android/tools/r8/graph/L2;)Lcom/android/tools/r8/graph/c5; 12 <appendix> member <vmtarget> ; # com/android/tools/r8/graph/j$$Lambda+0x0000021b57202e70
instanceKlass  @bci com/android/tools/r8/internal/l5 a (Ljava/util/function/BiFunction;Lcom/android/tools/r8/graph/B2;)Lcom/android/tools/r8/internal/cm; 3 <appendix> member <vmtarget> ; # com/android/tools/r8/internal/l5$$Lambda+0x0000021b57202c48
instanceKlass  @bci com/android/tools/r8/internal/l5 a (Lcom/android/tools/r8/graph/B2;Lcom/android/tools/r8/graph/K5;Z)Lcom/android/tools/r8/internal/fm; 120 <appendix> member <vmtarget> ; # com/android/tools/r8/internal/l5$$Lambda+0x0000021b57202a10
instanceKlass  @bci com/android/tools/r8/synthesis/z a (Lcom/android/tools/r8/internal/at0;Lcom/android/tools/r8/graph/y;Ljava/util/Map;Ljava/util/Map;Lcom/android/tools/r8/synthesis/v;Ljava/util/function/BiConsumer;Ljava/util/function/BiConsumer;Ljava/util/Set;)Lcom/android/tools/r8/graph/x0; 57 <appendix> form vmentry <vmtarget> ; # java/lang/invoke/LambdaForm$DMH+0x0000021b57204400
instanceKlass  @bci com/android/tools/r8/graph/X4 b (Lcom/android/tools/r8/graph/E0;Lcom/android/tools/r8/graph/I2;Lcom/android/tools/r8/graph/L2;)Lcom/android/tools/r8/graph/c5; 94 <appendix> member <vmtarget> ; # com/android/tools/r8/graph/X4$$Lambda+0x0000021b572027d8
instanceKlass  @cpi com/android/tools/r8/graph/X4 386 form vmentry <vmtarget> ; # java/lang/invoke/LambdaForm$DMH+0x0000021b57204000
instanceKlass  @bci com/android/tools/r8/internal/VR a (Lcom/android/tools/r8/internal/X9;)Lcom/android/tools/r8/internal/cm; 2 <appendix> member <vmtarget> ; # com/android/tools/r8/internal/VR$$Lambda+0x0000021b572025b0
instanceKlass com/android/tools/r8/internal/L5
instanceKlass  @bci com/android/tools/r8/graph/j b (Lcom/android/tools/r8/graph/M2;Lcom/android/tools/r8/graph/M2;)Z 151 <appendix> member <vmtarget> ; # com/android/tools/r8/graph/j$$Lambda+0x0000021b57201f58
# instanceKlass com/android/tools/r8/graph/c5$c$$Lambda+0x0000021b57201d08
# instanceKlass com/android/tools/r8/graph/h$$Lambda+0x0000021b57201ac0
# instanceKlass com/android/tools/r8/graph/h$$Lambda+0x0000021b57201878
instanceKlass  @bci com/android/tools/r8/graph/h f (Lcom/android/tools/r8/graph/M2;)Lcom/android/tools/r8/graph/b0; 23 <appendix> member <vmtarget> ; # com/android/tools/r8/graph/h$$Lambda+0x0000021b57201630
# instanceKlass com/android/tools/r8/graph/c5$c$$Lambda+0x0000021b572013e0
instanceKlass  @bci com/android/tools/r8/graph/c5$c c (Lcom/android/tools/r8/graph/H2;Lcom/android/tools/r8/graph/y;Lcom/android/tools/r8/graph/j;)Lcom/android/tools/r8/graph/H0; 67 <appendix> argL0 ; # com/android/tools/r8/graph/c5$c$$Lambda+0x0000021b57201190
instanceKlass com/android/tools/r8/graph/e
# instanceKlass com/android/tools/r8/graph/X4$$Lambda+0x0000021b57200d50
# instanceKlass com/android/tools/r8/graph/X4$$Lambda+0x0000021b572006a8
# instanceKlass com/android/tools/r8/graph/X4$$Lambda+0x0000021b57200470
# instanceKlass com/android/tools/r8/graph/X4$$Lambda+0x0000021b57200b18
# instanceKlass com/android/tools/r8/graph/X4$$Lambda+0x0000021b572008e0
instanceKlass  @bci com/android/tools/r8/graph/X4 a (Lcom/android/tools/r8/graph/B2;)Lcom/android/tools/r8/graph/c5; 136 <appendix> member <vmtarget> ; # com/android/tools/r8/graph/X4$$Lambda+0x0000021b57200238
# instanceKlass com/android/tools/r8/graph/X4$$Lambda+0x0000021b57200000
# instanceKlass com/android/tools/r8/graph/j$$Lambda+0x0000021b571fbcc0
# instanceKlass com/android/tools/r8/graph/j$$Lambda+0x0000021b571fba78
# instanceKlass com/android/tools/r8/graph/j$$Lambda+0x0000021b571fb5e8
# instanceKlass com/android/tools/r8/graph/j$$Lambda+0x0000021b571fb830
# instanceKlass com/android/tools/r8/graph/j$$Lambda+0x0000021b571fb3a0
instanceKlass  @bci com/android/tools/r8/graph/j f (Lcom/android/tools/r8/graph/B2;)Lcom/android/tools/r8/graph/c5; 12 <appendix> member <vmtarget> ; # com/android/tools/r8/graph/j$$Lambda+0x0000021b571fb158
# instanceKlass com/android/tools/r8/graph/j$$Lambda+0x0000021b571faf10
instanceKlass com/android/tools/r8/internal/tG
instanceKlass jdk/internal/util/ByteArray
instanceKlass java/io/ObjectOutputStream$ReplaceTable
instanceKlass java/io/ObjectOutputStream$HandleTable
instanceKlass com/android/tools/r8/internal/K
instanceKlass com/android/tools/r8/internal/lF
instanceKlass com/android/tools/r8/internal/aF
instanceKlass java/io/ObjectStreamConstants
instanceKlass com/android/tools/r8/graph/proto/d
instanceKlass java/io/ObjectOutput
instanceKlass com/android/tools/r8/graph/proto/c
# instanceKlass com/android/tools/r8/graph/X4$$Lambda+0x0000021b571fd5a0
# instanceKlass com/android/tools/r8/graph/X4$$Lambda+0x0000021b571fd368
instanceKlass  @bci com/android/tools/r8/graph/X4 a (Lcom/android/tools/r8/graph/E0;Lcom/android/tools/r8/graph/I2;Lcom/android/tools/r8/graph/L2;Lcom/android/tools/r8/graph/E0;)Lcom/android/tools/r8/graph/c5; 272 <appendix> member <vmtarget> ; # com/android/tools/r8/graph/X4$$Lambda+0x0000021b571fd130
instanceKlass com/android/tools/r8/graph/proto/j
instanceKlass com/android/tools/r8/graph/C0
instanceKlass  @bci com/android/tools/r8/graph/s3 b (Ljava/util/function/Predicate;)Ljava/util/List; 22 <appendix> member <vmtarget> ; # com/android/tools/r8/graph/s3$$Lambda+0x0000021b571fc8b8
instanceKlass  @bci com/android/tools/r8/graph/s3 g ()Ljava/util/List; 1 <appendix> argL0 ; # com/android/tools/r8/graph/s3$$Lambda+0x0000021b571fc668
instanceKlass com/android/tools/r8/internal/P5
instanceKlass  @bci com/android/tools/r8/graph/U4 a (Lcom/android/tools/r8/graph/M2;)V 19 <appendix> member <vmtarget> ; # com/android/tools/r8/graph/U4$$Lambda+0x0000021b571fc000
# instanceKlass com/android/tools/r8/graph/U4$$Lambda+0x0000021b571f7cd0
instanceKlass com/android/tools/r8/internal/RR
instanceKlass  @bci com/android/tools/r8/internal/Lb a (Lcom/android/tools/r8/internal/ja;Lcom/android/tools/r8/graph/K5;)Z 6 <appendix> member <vmtarget> ; # com/android/tools/r8/internal/Lb$$Lambda+0x0000021b571f7838
instanceKlass com/android/tools/r8/internal/pd0
# instanceKlass com/android/tools/r8/graph/X4$$Lambda+0x0000021b571f73f8
# instanceKlass com/android/tools/r8/graph/X4$$Lambda+0x0000021b571f71c0
# instanceKlass com/android/tools/r8/graph/X4$$Lambda+0x0000021b571f6f88
# instanceKlass com/android/tools/r8/graph/X4$$Lambda+0x0000021b571f6d50
# instanceKlass com/android/tools/r8/graph/X4$$Lambda+0x0000021b571f6b18
# instanceKlass com/android/tools/r8/graph/X4$$Lambda+0x0000021b571f68e0
# instanceKlass com/android/tools/r8/graph/X4$$Lambda+0x0000021b571f66a8
instanceKlass  @bci com/android/tools/r8/graph/X4 a (Lcom/android/tools/r8/graph/I2;Lcom/android/tools/r8/graph/L2;Lcom/android/tools/r8/graph/E0;Lcom/android/tools/r8/graph/U4;Lcom/android/tools/r8/graph/M2;Ljava/util/List;Lcom/android/tools/r8/graph/W4;)V 100 <appendix> form vmentry <vmtarget> ; # java/lang/invoke/LambdaForm$DMH+0x0000021b571f9c00
instanceKlass  @bci com/android/tools/r8/graph/X4 a (Lcom/android/tools/r8/graph/I2;Lcom/android/tools/r8/graph/L2;Lcom/android/tools/r8/graph/E0;Lcom/android/tools/r8/graph/U4;Lcom/android/tools/r8/graph/M2;Ljava/util/List;Lcom/android/tools/r8/graph/W4;)V 60 <appendix> form vmentry <vmtarget> ; # java/lang/invoke/LambdaForm$DMH+0x0000021b571f8000
instanceKlass  @bci com/android/tools/r8/graph/X4 a (Lcom/android/tools/r8/graph/I2;Lcom/android/tools/r8/graph/L2;Lcom/android/tools/r8/graph/E0;Lcom/android/tools/r8/graph/U4;Lcom/android/tools/r8/graph/M2;Ljava/util/List;Lcom/android/tools/r8/graph/W4;)V 100 <appendix> member <vmtarget> ; # com/android/tools/r8/graph/X4$$Lambda+0x0000021b571f6470
# instanceKlass com/android/tools/r8/graph/X4$$Lambda+0x0000021b571f6238
# instanceKlass com/android/tools/r8/graph/X4$$Lambda+0x0000021b571f6000
# instanceKlass com/android/tools/r8/graph/X4$$Lambda+0x0000021b571f3c30
# instanceKlass com/android/tools/r8/graph/X4$$Lambda+0x0000021b571f39f8
# instanceKlass com/android/tools/r8/graph/X4$$Lambda+0x0000021b571f37c0
# instanceKlass com/android/tools/r8/graph/X4$$Lambda+0x0000021b571f3588
instanceKlass  @bci com/android/tools/r8/graph/X4 a (Lcom/android/tools/r8/graph/I2;Lcom/android/tools/r8/graph/L2;Lcom/android/tools/r8/graph/E0;Lcom/android/tools/r8/graph/U4;Lcom/android/tools/r8/graph/M2;Ljava/util/List;Lcom/android/tools/r8/graph/W4;)V 60 <appendix> member <vmtarget> ; # com/android/tools/r8/graph/X4$$Lambda+0x0000021b571f3350
instanceKlass  @cpi com/android/tools/r8/graph/X4 150 form vmentry <vmtarget> ; # java/lang/invoke/LambdaForm$DMH+0x0000021b571f5c00
instanceKlass  @cpi com/android/tools/r8/graph/X4 216 form vmentry <vmtarget> ; # java/lang/invoke/LambdaForm$DMH+0x0000021b571f4400
instanceKlass com/android/tools/r8/graph/U4
instanceKlass  @bci com/android/tools/r8/graph/j b (Lcom/android/tools/r8/graph/E0;Lcom/android/tools/r8/graph/B2;)Lcom/android/tools/r8/graph/H0; 2 <appendix> member <vmtarget> ; # com/android/tools/r8/graph/j$$Lambda+0x0000021b571f2ef8
# instanceKlass com/android/tools/r8/graph/X4$$Lambda+0x0000021b571f23a0
# instanceKlass com/android/tools/r8/graph/X4$$Lambda+0x0000021b571f2168
# instanceKlass com/android/tools/r8/graph/X4$$Lambda+0x0000021b571f1f30
# instanceKlass com/android/tools/r8/graph/X4$$Lambda+0x0000021b571f1ac0
# instanceKlass com/android/tools/r8/graph/X4$$Lambda+0x0000021b571f1cf8
# instanceKlass com/android/tools/r8/graph/X4$$Lambda+0x0000021b571f1888
instanceKlass  @bci com/android/tools/r8/graph/X4 a (Lcom/android/tools/r8/graph/M2;Lcom/android/tools/r8/graph/I2;Lcom/android/tools/r8/graph/L2;)Lcom/android/tools/r8/graph/c5; 125 <appendix> member <vmtarget> ; # com/android/tools/r8/graph/X4$$Lambda+0x0000021b571f1650
instanceKlass com/android/tools/r8/graph/K4
instanceKlass  @bci com/android/tools/r8/graph/X4 b (Lcom/android/tools/r8/graph/M2;Lcom/android/tools/r8/graph/I2;Lcom/android/tools/r8/graph/L2;)Lcom/android/tools/r8/graph/c5; 45 <appendix> member <vmtarget> ; # com/android/tools/r8/graph/X4$$Lambda+0x0000021b571efd40
instanceKlass com/android/tools/r8/graph/Z4
instanceKlass  @bci com/android/tools/r8/graph/j c (Lcom/android/tools/r8/graph/M2;Lcom/android/tools/r8/graph/B2;)Lcom/android/tools/r8/graph/c5; 12 <appendix> member <vmtarget> ; # com/android/tools/r8/graph/j$$Lambda+0x0000021b571ef238
instanceKlass  @bci com/android/tools/r8/graph/X4 a (Lcom/android/tools/r8/graph/u1;Ljava/util/function/Function;)Lcom/android/tools/r8/graph/X4; 5 <appendix> member <vmtarget> ; # com/android/tools/r8/graph/X4$$Lambda+0x0000021b571eec98
instanceKlass com/android/tools/r8/graph/W4
instanceKlass com/android/tools/r8/internal/dm
instanceKlass com/android/tools/r8/internal/u5
instanceKlass  @bci com/android/tools/r8/internal/J5 a (Lcom/android/tools/r8/internal/ia;Lcom/android/tools/r8/internal/z5;)Lcom/android/tools/r8/internal/cm; 3 <appendix> member <vmtarget> ; # com/android/tools/r8/internal/J5$$Lambda+0x0000021b571ebb40
instanceKlass  @cpi com/android/tools/r8/internal/l5 254 form vmentry <vmtarget> ; # java/lang/invoke/LambdaForm$DMH+0x0000021b571ed400
instanceKlass com/android/tools/r8/internal/EU
instanceKlass com/android/tools/r8/internal/xy
instanceKlass com/android/tools/r8/internal/bm
instanceKlass com/android/tools/r8/ProgramResource$ByteResource
instanceKlass  @bci com/android/tools/r8/internal/J5 a (Lcom/android/tools/r8/graph/K5;)Z 39 <appendix> argL0 ; # com/android/tools/r8/internal/J5$$Lambda+0x0000021b571ea2c0
instanceKlass  @bci com/android/tools/r8/internal/J5 a (Lcom/android/tools/r8/graph/K5;)Z 14 <appendix> argL0 ; # com/android/tools/r8/internal/J5$$Lambda+0x0000021b571ea0a0
instanceKlass com/android/tools/r8/graph/X4
# instanceKlass com/android/tools/r8/internal/x10$$Lambda+0x0000021b571e9c58
# instanceKlass com/android/tools/r8/internal/x10$$Lambda+0x0000021b571e9a20
instanceKlass  @bci com/android/tools/r8/internal/x10 a (Lcom/android/tools/r8/internal/ga;Lcom/android/tools/r8/internal/N80;Lcom/android/tools/r8/graph/K5;)V 80 <appendix> member <vmtarget> ; # com/android/tools/r8/internal/x10$$Lambda+0x0000021b571e97e8
instanceKlass  @bci com/android/tools/r8/kotlin/m b (Ljava/util/function/Consumer;Lcom/android/tools/r8/graph/y;)Z 19 <appendix> form vmentry <vmtarget> ; # java/lang/invoke/LambdaForm$DMH+0x0000021b571ec800
# instanceKlass com/android/tools/r8/internal/XZ$$Lambda+0x0000021b571e95b0
# instanceKlass com/android/tools/r8/internal/XZ$$Lambda+0x0000021b571e9378
instanceKlass  @bci com/android/tools/r8/internal/XZ a (Lcom/android/tools/r8/internal/ga;Lcom/android/tools/r8/internal/N80;Lcom/android/tools/r8/graph/K5;)V 20 <appendix> member <vmtarget> ; # com/android/tools/r8/internal/XZ$$Lambda+0x0000021b571e9140
instanceKlass  @bci com/android/tools/r8/dex/q0 a (ILjava/lang/String;Z)Ljava/lang/String; 70 <appendix> form vmentry <vmtarget> ; # java/lang/invoke/LambdaForm$MH+0x0000021b571ec000
instanceKlass  @bci com/android/tools/r8/graph/j b (Lcom/android/tools/r8/graph/M2;Lcom/android/tools/r8/graph/I2;Lcom/android/tools/r8/graph/L2;)Lcom/android/tools/r8/graph/c5; 12 <appendix> member <vmtarget> ; # com/android/tools/r8/graph/j$$Lambda+0x0000021b571e8ef8
instanceKlass com/android/tools/r8/shaking/v2
# instanceKlass com/android/tools/r8/internal/l5$$Lambda+0x0000021b571e8880
# instanceKlass com/android/tools/r8/internal/l5$$Lambda+0x0000021b571e8660
# instanceKlass com/android/tools/r8/internal/l5$$Lambda+0x0000021b571e8440
instanceKlass  @bci com/android/tools/r8/internal/l5 b (Lcom/android/tools/r8/graph/K5;Lcom/android/tools/r8/internal/X9;)Lcom/android/tools/r8/internal/fm; 14 <appendix> argL0 ; # com/android/tools/r8/internal/l5$$Lambda+0x0000021b571e8220
# instanceKlass com/android/tools/r8/internal/l5$$Lambda+0x0000021b571e8000
instanceKlass com/android/tools/r8/synthesis/I
# instanceKlass com/android/tools/r8/internal/Uz$$Lambda+0x0000021b571e7dd0
# instanceKlass com/android/tools/r8/internal/Uz$$Lambda+0x0000021b571e7ba0
# instanceKlass com/android/tools/r8/internal/Uz$$Lambda+0x0000021b571e7970
# instanceKlass com/android/tools/r8/internal/Uz$$Lambda+0x0000021b571e7510
# instanceKlass com/android/tools/r8/internal/Uz$$Lambda+0x0000021b571e7740
# instanceKlass com/android/tools/r8/internal/Uz$$Lambda+0x0000021b571e72e0
# instanceKlass com/android/tools/r8/internal/Uz$$Lambda+0x0000021b571e70b0
instanceKlass  @bci com/android/tools/r8/internal/Uz a (Lcom/android/tools/r8/internal/Uz;Lcom/android/tools/r8/graph/B2;)Lcom/android/tools/r8/graph/B2; 2 <appendix> argL0 ; # com/android/tools/r8/internal/Uz$$Lambda+0x0000021b571e6e80
instanceKlass com/android/tools/r8/internal/aL
# instanceKlass com/android/tools/r8/internal/Lb$$Lambda+0x0000021b571e69f0
# instanceKlass com/android/tools/r8/internal/Lb$$Lambda+0x0000021b571e6768
# instanceKlass com/android/tools/r8/internal/Lb$$Lambda+0x0000021b571e64e0
# instanceKlass com/android/tools/r8/internal/Lb$$Lambda+0x0000021b571e6258
# instanceKlass com/android/tools/r8/internal/Lb$$Lambda+0x0000021b571e5fd0
# instanceKlass com/android/tools/r8/internal/Lb$$Lambda+0x0000021b571e5d48
# instanceKlass com/android/tools/r8/internal/Lb$$Lambda+0x0000021b571e5ac0
instanceKlass  @bci com/android/tools/r8/internal/Lb a (Lcom/android/tools/r8/internal/ia;Lcom/android/tools/r8/graph/K5;)Z 6 <appendix> member <vmtarget> ; # com/android/tools/r8/internal/Lb$$Lambda+0x0000021b571e5838
# instanceKlass com/android/tools/r8/internal/x10$$Lambda+0x0000021b571e5600
# instanceKlass com/android/tools/r8/internal/x10$$Lambda+0x0000021b571e53c8
# instanceKlass com/android/tools/r8/internal/x10$$Lambda+0x0000021b571e5190
# instanceKlass com/android/tools/r8/internal/x10$$Lambda+0x0000021b571e4f58
# instanceKlass com/android/tools/r8/internal/x10$$Lambda+0x0000021b571e4d20
# instanceKlass com/android/tools/r8/internal/x10$$Lambda+0x0000021b571e4ae8
instanceKlass java/util/Collections$UnmodifiableCollection$1
instanceKlass  @bci com/android/tools/r8/internal/x10 a (Lcom/android/tools/r8/internal/ga;Lcom/android/tools/r8/internal/N80;Lcom/android/tools/r8/graph/K5;)V 66 <appendix> member <vmtarget> ; # com/android/tools/r8/internal/x10$$Lambda+0x0000021b571e48b0
# instanceKlass com/android/tools/r8/internal/x10$$Lambda+0x0000021b571e4678
instanceKlass  @bci com/android/tools/r8/internal/i80 a (Ljava/util/function/Consumer;Lcom/android/tools/r8/graph/H2;)V 1 <appendix> argL0 ; # com/android/tools/r8/internal/i80$$Lambda+0x0000021b571e4428
instanceKlass  @bci com/android/tools/r8/internal/i80 a (Ljava/util/Collection;Ljava/util/function/Consumer;)V 2 <appendix> member <vmtarget> ; # com/android/tools/r8/internal/i80$$Lambda+0x0000021b571e41f0
instanceKlass  @bci com/android/tools/r8/internal/Fs0 a (Lcom/android/tools/r8/internal/my;Lcom/android/tools/r8/internal/Rs0;Lcom/android/tools/r8/threading/ThreadingModule;Ljava/util/concurrent/ExecutorService;)V 2 <appendix> member <vmtarget> ; # com/android/tools/r8/internal/Fs0$$Lambda+0x0000021b571e3fc8
instanceKlass  @bci com/android/tools/r8/internal/i80 a (Lcom/android/tools/r8/internal/ga;Ljava/util/concurrent/ExecutorService;Lcom/android/tools/r8/internal/my;)V 40 <appendix> member <vmtarget> ; # com/android/tools/r8/internal/i80$$Lambda+0x0000021b571e3d90
instanceKlass com/android/tools/r8/internal/Rs0
instanceKlass com/android/tools/r8/internal/N80
instanceKlass  @bci com/android/tools/r8/internal/i80 a (Lcom/android/tools/r8/internal/ga;Ljava/util/concurrent/ExecutorService;Ljava/util/Collection;)V 2 <appendix> member <vmtarget> ; # com/android/tools/r8/internal/i80$$Lambda+0x0000021b571e3748
# instanceKlass com/android/tools/r8/graph/Q4$$Lambda+0x0000021b571e3510
# instanceKlass com/android/tools/r8/graph/Q4$$Lambda+0x0000021b571e32d8
# instanceKlass com/android/tools/r8/graph/Q4$$Lambda+0x0000021b571e30a0
# instanceKlass com/android/tools/r8/graph/Q4$$Lambda+0x0000021b571e2e68
# instanceKlass com/android/tools/r8/graph/Q4$$Lambda+0x0000021b571e2c30
# instanceKlass com/android/tools/r8/graph/Q4$$Lambda+0x0000021b571e29f8
instanceKlass  @bci com/android/tools/r8/graph/Q4 b (Ljava/util/function/Consumer;Ljava/util/function/Predicate;)V 7 <appendix> member <vmtarget> ; # com/android/tools/r8/graph/Q4$$Lambda+0x0000021b571e27c0
# instanceKlass com/android/tools/r8/graph/Q4$$Lambda+0x0000021b571e2588
# instanceKlass com/android/tools/r8/graph/H2$$Lambda+0x0000021b571e2350
# instanceKlass com/android/tools/r8/graph/H2$$Lambda+0x0000021b571e2118
# instanceKlass com/android/tools/r8/graph/H2$$Lambda+0x0000021b571e1ee0
# instanceKlass com/android/tools/r8/graph/H2$$Lambda+0x0000021b571e1ca8
# instanceKlass com/android/tools/r8/graph/H2$$Lambda+0x0000021b571e1a70
# instanceKlass com/android/tools/r8/graph/H2$$Lambda+0x0000021b571e1838
# instanceKlass com/android/tools/r8/graph/H2$$Lambda+0x0000021b571e1600
instanceKlass  @bci com/android/tools/r8/graph/H2 h (Ljava/util/function/Consumer;Ljava/util/function/Predicate;)V 6 <appendix> member <vmtarget> ; # com/android/tools/r8/graph/H2$$Lambda+0x0000021b571e13c8
# instanceKlass com/android/tools/r8/internal/Pc$$Lambda+0x0000021b571e1190
# instanceKlass com/android/tools/r8/internal/Pc$$Lambda+0x0000021b571e0f58
# instanceKlass com/android/tools/r8/internal/Pc$$Lambda+0x0000021b571e0d20
# instanceKlass com/android/tools/r8/internal/Pc$$Lambda+0x0000021b571e0ae8
# instanceKlass com/android/tools/r8/internal/Pc$$Lambda+0x0000021b571e0678
# instanceKlass com/android/tools/r8/internal/Pc$$Lambda+0x0000021b571e08b0
instanceKlass  @bci com/android/tools/r8/internal/Pc a (Lcom/android/tools/r8/graph/H2;)V 2 <appendix> member <vmtarget> ; # com/android/tools/r8/internal/Pc$$Lambda+0x0000021b571e0440
# instanceKlass com/android/tools/r8/internal/Pc$$Lambda+0x0000021b571e0208
instanceKlass com/android/tools/r8/I
instanceKlass  @bci com/android/tools/r8/internal/Pc a (Ljava/util/concurrent/ExecutorService;)V 13 <appendix> member <vmtarget> ; # com/android/tools/r8/internal/Pc$$Lambda+0x0000021b571d0c00
instanceKlass  @bci com/android/tools/r8/internal/m9 a (Ljava/util/concurrent/ExecutorService;Lcom/android/tools/r8/internal/p9;Lcom/android/tools/r8/internal/at0;)V 90 <appendix> member <vmtarget> ; # com/android/tools/r8/internal/m9$$Lambda+0x0000021b571dfcc0
instanceKlass com/android/tools/r8/internal/Wc0
instanceKlass com/android/tools/r8/internal/k9
instanceKlass com/android/tools/r8/internal/n9
instanceKlass com/android/tools/r8/internal/Qc
instanceKlass com/android/tools/r8/internal/ny
instanceKlass com/android/tools/r8/internal/ga
instanceKlass com/android/tools/r8/internal/hm
instanceKlass com/android/tools/r8/internal/W2
instanceKlass com/android/tools/r8/internal/Lm
instanceKlass com/android/tools/r8/internal/PI
instanceKlass com/android/tools/r8/internal/ou0
instanceKlass com/android/tools/r8/internal/p9
instanceKlass com/android/tools/r8/internal/Tx0
instanceKlass com/android/tools/r8/internal/cd0
instanceKlass com/android/tools/r8/internal/zm
instanceKlass com/android/tools/r8/internal/Nm
instanceKlass com/android/tools/r8/internal/qu
instanceKlass com/android/tools/r8/internal/n6
instanceKlass com/android/tools/r8/internal/HZ
instanceKlass com/android/tools/r8/internal/Rz
instanceKlass com/android/tools/r8/internal/mJ
instanceKlass com/android/tools/r8/internal/TX
instanceKlass com/android/tools/r8/internal/yE
instanceKlass com/android/tools/r8/internal/Ou
instanceKlass com/android/tools/r8/ir/optimize/c
instanceKlass com/android/tools/r8/internal/A80
instanceKlass com/android/tools/r8/internal/SR
instanceKlass com/android/tools/r8/internal/mH
instanceKlass com/android/tools/r8/internal/eH
instanceKlass com/android/tools/r8/internal/Ea
instanceKlass  @bci com/android/tools/r8/internal/x10 a ()[[Lcom/android/tools/r8/internal/Y9; 78 <appendix> member <vmtarget> ; # com/android/tools/r8/internal/x10$$Lambda+0x0000021b571d14f0
instanceKlass  @bci com/android/tools/r8/internal/x10 a ()[[Lcom/android/tools/r8/internal/Y9; 67 <appendix> member <vmtarget> ; # com/android/tools/r8/internal/x10$$Lambda+0x0000021b571d12b8
instanceKlass  @cpi com/android/tools/r8/internal/x10 80 form vmentry <vmtarget> ; # java/lang/invoke/LambdaForm$DMH+0x0000021b571d0800
instanceKlass com/android/tools/r8/internal/lL
instanceKlass com/android/tools/r8/errors/UnsupportedFeatureDiagnostic
instanceKlass com/android/tools/r8/internal/Pw0
instanceKlass com/android/tools/r8/internal/Sw0
instanceKlass com/android/tools/r8/internal/U7
instanceKlass com/android/tools/r8/internal/IK
instanceKlass com/android/tools/r8/internal/HK
instanceKlass com/android/tools/r8/internal/Eh
instanceKlass com/android/tools/r8/ir/optimize/L0
instanceKlass com/android/tools/r8/internal/Fh
instanceKlass  @bci com/android/tools/r8/internal/LI a (Lcom/android/tools/r8/graph/y;)Ljava/util/function/Predicate; 11 <appendix> member <vmtarget> ; # com/android/tools/r8/internal/LI$$Lambda+0x0000021b571d6ec8
instanceKlass  @cpi com/android/tools/r8/internal/Mz 162 form vmentry <vmtarget> ; # java/lang/invoke/LambdaForm$DMH+0x0000021b571d0400
instanceKlass com/android/tools/r8/internal/pu
instanceKlass com/android/tools/r8/internal/NI
instanceKlass com/android/tools/r8/graph/f
instanceKlass com/android/tools/r8/internal/LI
instanceKlass com/android/tools/r8/internal/eJ
instanceKlass com/android/tools/r8/internal/dJ
instanceKlass com/android/tools/r8/internal/hJ
instanceKlass com/android/tools/r8/internal/QI
instanceKlass com/android/tools/r8/internal/TR
instanceKlass com/android/tools/r8/internal/VR
instanceKlass com/android/tools/r8/internal/Mq0
instanceKlass com/android/tools/r8/internal/Pq0
instanceKlass com/android/tools/r8/c
instanceKlass com/android/tools/r8/internal/wv0
instanceKlass com/android/tools/r8/internal/vv0
instanceKlass com/android/tools/r8/internal/PJ
instanceKlass com/android/tools/r8/graph/Z
instanceKlass  @bci com/android/tools/r8/graph/z4 f (Lcom/android/tools/r8/graph/M2;)Lcom/android/tools/r8/graph/b0; 101 <appendix> member <vmtarget> ; # com/android/tools/r8/graph/z4$$Lambda+0x0000021b571ced48
instanceKlass  @bci com/android/tools/r8/graph/z4 f (Lcom/android/tools/r8/graph/M2;)Lcom/android/tools/r8/graph/b0; 60 <appendix> member <vmtarget> ; # com/android/tools/r8/graph/z4$$Lambda+0x0000021b571ceb10
instanceKlass  @bci com/android/tools/r8/graph/z4 f (Lcom/android/tools/r8/graph/M2;)Lcom/android/tools/r8/graph/b0; 28 <appendix> member <vmtarget> ; # com/android/tools/r8/graph/z4$$Lambda+0x0000021b571ce8d8
instanceKlass com/android/tools/r8/internal/DJ
instanceKlass  @bci com/android/tools/r8/internal/qd a ()Lcom/android/tools/r8/graph/E0; 71 <appendix> member <vmtarget> ; # com/android/tools/r8/internal/qd$$Lambda+0x0000021b571ce450
instanceKlass com/android/tools/r8/internal/qd
instanceKlass  @bci com/android/tools/r8/internal/rd a (Lcom/android/tools/r8/graph/M2;)Lcom/android/tools/r8/graph/E0; 77 <appendix> member <vmtarget> ; # com/android/tools/r8/internal/rd$$Lambda+0x0000021b571cdfe0
instanceKlass com/android/tools/r8/graph/W
instanceKlass  @bci com/android/tools/r8/graph/h c (Lcom/android/tools/r8/graph/M2;)Lcom/android/tools/r8/graph/E0; 23 <appendix> member <vmtarget> ; # com/android/tools/r8/graph/h$$Lambda+0x0000021b571cdb88
instanceKlass  @cpi com/android/tools/r8/internal/VK 84 form vmentry <vmtarget> ; # java/lang/invoke/LambdaForm$DMH+0x0000021b571d0000
instanceKlass  @bci com/android/tools/r8/internal/o5 b ()Lcom/android/tools/r8/internal/dD; 14 <appendix> member <vmtarget> ; # com/android/tools/r8/internal/o5$$Lambda+0x0000021b571cd950
instanceKlass  @bci com/android/tools/r8/internal/o5 a ()Lcom/android/tools/r8/internal/dD; 17 <appendix> member <vmtarget> ; # com/android/tools/r8/internal/o5$$Lambda+0x0000021b571cd718
instanceKlass com/android/tools/r8/internal/o5
instanceKlass com/android/tools/r8/internal/l5
instanceKlass  @bci com/android/tools/r8/internal/H2 a (I)Lcom/android/tools/r8/internal/D5; 1 <appendix> member <vmtarget> ; # com/android/tools/r8/internal/H2$$Lambda+0x0000021b571cd078
instanceKlass com/android/tools/r8/internal/D5
instanceKlass com/android/tools/r8/internal/H2
instanceKlass  @bci com/android/tools/r8/internal/B5 a (Lcom/android/tools/r8/graph/u1;)V 159 <appendix> argL0 ; # com/android/tools/r8/internal/B5$$Lambda+0x0000021b571cc838
instanceKlass  @bci com/android/tools/r8/internal/B5 a (Lcom/android/tools/r8/graph/u1;)V 117 <appendix> argL0 ; # com/android/tools/r8/internal/B5$$Lambda+0x0000021b571cc400
instanceKlass  @bci com/android/tools/r8/internal/B5 a (Lcom/android/tools/r8/graph/u1;)V 57 <appendix> argL0 ; # com/android/tools/r8/internal/B5$$Lambda+0x0000021b571cc1e0
instanceKlass  @bci com/android/tools/r8/internal/B5 t (Lcom/android/tools/r8/graph/u1;)V 1338 <appendix> argL0 ; # com/android/tools/r8/internal/B5$$Lambda+0x0000021b571cbfc0
instanceKlass  @bci com/android/tools/r8/internal/B5 t (Lcom/android/tools/r8/graph/u1;)V 1262 <appendix> argL0 ; # com/android/tools/r8/internal/B5$$Lambda+0x0000021b571cbda0
instanceKlass  @bci com/android/tools/r8/internal/B5 t (Lcom/android/tools/r8/graph/u1;)V 1195 <appendix> argL0 ; # com/android/tools/r8/internal/B5$$Lambda+0x0000021b571cbb80
instanceKlass  @bci com/android/tools/r8/internal/B5 t (Lcom/android/tools/r8/graph/u1;)V 1119 <appendix> argL0 ; # com/android/tools/r8/internal/B5$$Lambda+0x0000021b571cb960
instanceKlass  @bci com/android/tools/r8/internal/B5 t (Lcom/android/tools/r8/graph/u1;)V 1052 <appendix> argL0 ; # com/android/tools/r8/internal/B5$$Lambda+0x0000021b571cb740
instanceKlass  @bci com/android/tools/r8/internal/B5 t (Lcom/android/tools/r8/graph/u1;)V 976 <appendix> argL0 ; # com/android/tools/r8/internal/B5$$Lambda+0x0000021b571cb520
instanceKlass  @bci com/android/tools/r8/internal/B5 t (Lcom/android/tools/r8/graph/u1;)V 903 <appendix> argL0 ; # com/android/tools/r8/internal/B5$$Lambda+0x0000021b571cb300
instanceKlass  @bci com/android/tools/r8/internal/B5 t (Lcom/android/tools/r8/graph/u1;)V 836 <appendix> argL0 ; # com/android/tools/r8/internal/B5$$Lambda+0x0000021b571cb0e0
instanceKlass  @bci com/android/tools/r8/internal/B5 t (Lcom/android/tools/r8/graph/u1;)V 760 <appendix> argL0 ; # com/android/tools/r8/internal/B5$$Lambda+0x0000021b571caec0
instanceKlass  @bci com/android/tools/r8/internal/B5 t (Lcom/android/tools/r8/graph/u1;)V 693 <appendix> argL0 ; # com/android/tools/r8/internal/B5$$Lambda+0x0000021b571caca0
instanceKlass  @bci com/android/tools/r8/internal/B5 t (Lcom/android/tools/r8/graph/u1;)V 617 <appendix> argL0 ; # com/android/tools/r8/internal/B5$$Lambda+0x0000021b571caa80
instanceKlass  @bci com/android/tools/r8/internal/B5 t (Lcom/android/tools/r8/graph/u1;)V 544 <appendix> argL0 ; # com/android/tools/r8/internal/B5$$Lambda+0x0000021b571ca860
instanceKlass  @bci com/android/tools/r8/internal/B5 t (Lcom/android/tools/r8/graph/u1;)V 477 <appendix> argL0 ; # com/android/tools/r8/internal/B5$$Lambda+0x0000021b571ca640
instanceKlass  @bci com/android/tools/r8/internal/B5 t (Lcom/android/tools/r8/graph/u1;)V 401 <appendix> argL0 ; # com/android/tools/r8/internal/B5$$Lambda+0x0000021b571ca420
instanceKlass  @bci com/android/tools/r8/internal/B5 t (Lcom/android/tools/r8/graph/u1;)V 330 <appendix> argL0 ; # com/android/tools/r8/internal/B5$$Lambda+0x0000021b571ca200
instanceKlass  @bci com/android/tools/r8/internal/B5 t (Lcom/android/tools/r8/graph/u1;)V 259 <appendix> argL0 ; # com/android/tools/r8/internal/B5$$Lambda+0x0000021b571c9fe0
instanceKlass  @bci com/android/tools/r8/internal/B5 t (Lcom/android/tools/r8/graph/u1;)V 188 <appendix> argL0 ; # com/android/tools/r8/internal/B5$$Lambda+0x0000021b571c9dc0
instanceKlass  @bci com/android/tools/r8/internal/B5 t (Lcom/android/tools/r8/graph/u1;)V 53 <appendix> argL0 ; # com/android/tools/r8/internal/B5$$Lambda+0x0000021b571c9ba0
instanceKlass  @bci com/android/tools/r8/internal/B5 r (Lcom/android/tools/r8/graph/u1;)V 452 <appendix> argL0 ; # com/android/tools/r8/internal/B5$$Lambda+0x0000021b571c9980
instanceKlass  @bci com/android/tools/r8/internal/B5 r (Lcom/android/tools/r8/graph/u1;)V 391 <appendix> argL0 ; # com/android/tools/r8/internal/B5$$Lambda+0x0000021b571c9760
instanceKlass  @bci com/android/tools/r8/internal/B5 r (Lcom/android/tools/r8/graph/u1;)V 279 <appendix> argL0 ; # com/android/tools/r8/internal/B5$$Lambda+0x0000021b571c9540
instanceKlass  @bci com/android/tools/r8/internal/B5 r (Lcom/android/tools/r8/graph/u1;)V 210 <appendix> argL0 ; # com/android/tools/r8/internal/B5$$Lambda+0x0000021b571c9320
instanceKlass  @bci com/android/tools/r8/internal/B5 r (Lcom/android/tools/r8/graph/u1;)V 137 <appendix> argL0 ; # com/android/tools/r8/internal/B5$$Lambda+0x0000021b571c9100
instanceKlass  @bci com/android/tools/r8/internal/B5 r (Lcom/android/tools/r8/graph/u1;)V 63 <appendix> argL0 ; # com/android/tools/r8/internal/B5$$Lambda+0x0000021b571c8ee0
instanceKlass  @bci com/android/tools/r8/internal/B5 p (Lcom/android/tools/r8/graph/u1;)V 712 <appendix> argL0 ; # com/android/tools/r8/internal/B5$$Lambda+0x0000021b571c8cc0
instanceKlass  @bci com/android/tools/r8/internal/B5 p (Lcom/android/tools/r8/graph/u1;)V 655 <appendix> argL0 ; # com/android/tools/r8/internal/B5$$Lambda+0x0000021b571c8aa0
instanceKlass  @bci com/android/tools/r8/internal/B5 p (Lcom/android/tools/r8/graph/u1;)V 598 <appendix> argL0 ; # com/android/tools/r8/internal/B5$$Lambda+0x0000021b571c8880
instanceKlass  @bci com/android/tools/r8/internal/B5 p (Lcom/android/tools/r8/graph/u1;)V 541 <appendix> argL0 ; # com/android/tools/r8/internal/B5$$Lambda+0x0000021b571c8660
instanceKlass  @bci com/android/tools/r8/internal/B5 p (Lcom/android/tools/r8/graph/u1;)V 484 <appendix> argL0 ; # com/android/tools/r8/internal/B5$$Lambda+0x0000021b571c8440
instanceKlass  @bci com/android/tools/r8/internal/B5 p (Lcom/android/tools/r8/graph/u1;)V 416 <appendix> argL0 ; # com/android/tools/r8/internal/B5$$Lambda+0x0000021b571c8220
instanceKlass  @bci com/android/tools/r8/internal/B5 p (Lcom/android/tools/r8/graph/u1;)V 309 <appendix> argL0 ; # com/android/tools/r8/internal/B5$$Lambda+0x0000021b571c8000
instanceKlass  @bci com/android/tools/r8/internal/B5 p (Lcom/android/tools/r8/graph/u1;)V 202 <appendix> argL0 ; # com/android/tools/r8/internal/B5$$Lambda+0x0000021b571c4c00
instanceKlass  @bci com/android/tools/r8/internal/B5 p (Lcom/android/tools/r8/graph/u1;)V 90 <appendix> argL0 ; # com/android/tools/r8/internal/B5$$Lambda+0x0000021b571c5cc0
instanceKlass  @bci com/android/tools/r8/internal/B5 o (Lcom/android/tools/r8/graph/u1;)V 313 <appendix> argL0 ; # com/android/tools/r8/internal/B5$$Lambda+0x0000021b571c5aa0
instanceKlass  @bci com/android/tools/r8/internal/B5 o (Lcom/android/tools/r8/graph/u1;)V 235 <appendix> argL0 ; # com/android/tools/r8/internal/B5$$Lambda+0x0000021b571c5880
instanceKlass  @bci com/android/tools/r8/internal/B5 o (Lcom/android/tools/r8/graph/u1;)V 149 <appendix> argL0 ; # com/android/tools/r8/internal/B5$$Lambda+0x0000021b571c5660
instanceKlass  @bci com/android/tools/r8/internal/B5 o (Lcom/android/tools/r8/graph/u1;)V 74 <appendix> argL0 ; # com/android/tools/r8/internal/B5$$Lambda+0x0000021b571c5440
instanceKlass  @bci com/android/tools/r8/internal/B5 n (Lcom/android/tools/r8/graph/u1;)V 180 <appendix> argL0 ; # com/android/tools/r8/internal/B5$$Lambda+0x0000021b571c5220
instanceKlass  @bci com/android/tools/r8/internal/B5 n (Lcom/android/tools/r8/graph/u1;)V 124 <appendix> argL0 ; # com/android/tools/r8/internal/B5$$Lambda+0x0000021b571c5000
instanceKlass  @bci com/android/tools/r8/internal/B5 n (Lcom/android/tools/r8/graph/u1;)V 62 <appendix> argL0 ; # com/android/tools/r8/internal/B5$$Lambda+0x0000021b571c7db8
instanceKlass  @bci com/android/tools/r8/internal/ko0 a ()Lcom/android/tools/r8/internal/y5; 0 <appendix> argL0 ; # com/android/tools/r8/internal/ko0$$Lambda+0x0000021b571c7b88
instanceKlass com/android/tools/r8/internal/ko0
instanceKlass  @bci com/android/tools/r8/internal/B5 m (Lcom/android/tools/r8/graph/u1;)V 569 <appendix> argL0 ; # com/android/tools/r8/internal/B5$$Lambda+0x0000021b571c7760
instanceKlass  @bci com/android/tools/r8/internal/B5 m (Lcom/android/tools/r8/graph/u1;)V 487 <appendix> argL0 ; # com/android/tools/r8/internal/B5$$Lambda+0x0000021b571c7540
instanceKlass  @bci com/android/tools/r8/internal/B5 m (Lcom/android/tools/r8/graph/u1;)V 406 <appendix> argL0 ; # com/android/tools/r8/internal/B5$$Lambda+0x0000021b571c7320
instanceKlass  @bci com/android/tools/r8/internal/B5 m (Lcom/android/tools/r8/graph/u1;)V 331 <appendix> argL0 ; # com/android/tools/r8/internal/B5$$Lambda+0x0000021b571c7100
instanceKlass  @bci com/android/tools/r8/internal/B5 m (Lcom/android/tools/r8/graph/u1;)V 252 <appendix> argL0 ; # com/android/tools/r8/internal/B5$$Lambda+0x0000021b571c6ee0
instanceKlass  @bci com/android/tools/r8/internal/B5 m (Lcom/android/tools/r8/graph/u1;)V 128 <appendix> argL0 ; # com/android/tools/r8/internal/B5$$Lambda+0x0000021b571c6cc0
instanceKlass  @bci com/android/tools/r8/internal/B5 m (Lcom/android/tools/r8/graph/u1;)V 58 <appendix> argL0 ; # com/android/tools/r8/internal/B5$$Lambda+0x0000021b571c6aa0
instanceKlass  @bci com/android/tools/r8/internal/B5 k (Lcom/android/tools/r8/graph/u1;)V 233 <appendix> argL0 ; # com/android/tools/r8/internal/B5$$Lambda+0x0000021b571c6880
instanceKlass  @bci com/android/tools/r8/internal/B5 k (Lcom/android/tools/r8/graph/u1;)V 175 <appendix> argL0 ; # com/android/tools/r8/internal/B5$$Lambda+0x0000021b571c6660
instanceKlass  @bci com/android/tools/r8/internal/B5 k (Lcom/android/tools/r8/graph/u1;)V 117 <appendix> argL0 ; # com/android/tools/r8/internal/B5$$Lambda+0x0000021b571c6440
instanceKlass  @bci com/android/tools/r8/internal/B5 k (Lcom/android/tools/r8/graph/u1;)V 62 <appendix> argL0 ; # com/android/tools/r8/internal/B5$$Lambda+0x0000021b571c6220
instanceKlass  @bci com/android/tools/r8/internal/B5 l (Lcom/android/tools/r8/graph/u1;)V 523 <appendix> argL0 ; # com/android/tools/r8/internal/B5$$Lambda+0x0000021b571c6000
instanceKlass  @bci com/android/tools/r8/internal/B5 l (Lcom/android/tools/r8/graph/u1;)V 460 <appendix> argL0 ; # com/android/tools/r8/internal/B5$$Lambda+0x0000021b571c3db8
instanceKlass  @bci com/android/tools/r8/internal/B5 l (Lcom/android/tools/r8/graph/u1;)V 398 <appendix> form vmentry <vmtarget> ; # java/lang/invoke/LambdaForm$DMH+0x0000021b571c4800
instanceKlass  @bci com/android/tools/r8/internal/B5 l (Lcom/android/tools/r8/graph/u1;)V 398 <appendix> member <vmtarget> ; # com/android/tools/r8/internal/B5$$Lambda+0x0000021b571c3b90
instanceKlass  @cpi com/android/tools/r8/internal/B5 903 form vmentry <vmtarget> ; # java/lang/invoke/LambdaForm$DMH+0x0000021b571c4400
instanceKlass  @bci com/android/tools/r8/internal/B5 l (Lcom/android/tools/r8/graph/u1;)V 318 <appendix> argL0 ; # com/android/tools/r8/internal/B5$$Lambda+0x0000021b571c3970
instanceKlass  @bci com/android/tools/r8/internal/B5 l (Lcom/android/tools/r8/graph/u1;)V 260 <appendix> member <vmtarget> ; # com/android/tools/r8/internal/B5$$Lambda+0x0000021b571c3750
instanceKlass  @bci com/android/tools/r8/internal/B5 l (Lcom/android/tools/r8/graph/u1;)V 183 <appendix> argL0 ; # com/android/tools/r8/internal/B5$$Lambda+0x0000021b571c3530
instanceKlass  @bci com/android/tools/r8/internal/B5 l (Lcom/android/tools/r8/graph/u1;)V 125 <appendix> member <vmtarget> ; # com/android/tools/r8/internal/B5$$Lambda+0x0000021b571c3310
instanceKlass  @cpi com/android/tools/r8/internal/H2 15 form vmentry <vmtarget> ; # java/lang/invoke/LambdaForm$DMH+0x0000021b571c4000
instanceKlass  @bci com/android/tools/r8/internal/bf <clinit> ()V 16 <appendix> argL0 ; # com/android/tools/r8/internal/bf$$Lambda+0x0000021b571c30e0
instanceKlass  @bci com/android/tools/r8/internal/bf <clinit> ()V 8 <appendix> argL0 ; # com/android/tools/r8/internal/bf$$Lambda+0x0000021b571c2eb0
instanceKlass  @bci com/android/tools/r8/internal/bf <clinit> ()V 0 <appendix> argL0 ; # com/android/tools/r8/internal/bf$$Lambda+0x0000021b571c2c80
instanceKlass com/android/tools/r8/internal/bf
instanceKlass  @bci com/android/tools/r8/internal/B5 i (Lcom/android/tools/r8/graph/u1;)V 31 <appendix> argL0 ; # com/android/tools/r8/internal/B5$$Lambda+0x0000021b571c2858
instanceKlass  @bci com/android/tools/r8/internal/sW a ()Lcom/android/tools/r8/internal/y5; 0 <appendix> argL0 ; # com/android/tools/r8/internal/sW$$Lambda+0x0000021b571c2628
instanceKlass com/android/tools/r8/internal/sW
instanceKlass  @bci com/android/tools/r8/internal/B5 g (Lcom/android/tools/r8/graph/u1;)V 1590 <appendix> argL0 ; # com/android/tools/r8/internal/B5$$Lambda+0x0000021b571c2200
instanceKlass  @bci com/android/tools/r8/internal/B5 g (Lcom/android/tools/r8/graph/u1;)V 1510 <appendix> argL0 ; # com/android/tools/r8/internal/B5$$Lambda+0x0000021b571c1fe0
instanceKlass  @bci com/android/tools/r8/internal/B5 g (Lcom/android/tools/r8/graph/u1;)V 1424 <appendix> argL0 ; # com/android/tools/r8/internal/B5$$Lambda+0x0000021b571c1dc0
instanceKlass  @bci com/android/tools/r8/internal/B5 g (Lcom/android/tools/r8/graph/u1;)V 1361 <appendix> argL0 ; # com/android/tools/r8/internal/B5$$Lambda+0x0000021b571c1ba0
instanceKlass  @bci com/android/tools/r8/internal/B5 g (Lcom/android/tools/r8/graph/u1;)V 1282 <appendix> argL0 ; # com/android/tools/r8/internal/B5$$Lambda+0x0000021b571c1980
instanceKlass  @bci com/android/tools/r8/internal/B5 g (Lcom/android/tools/r8/graph/u1;)V 1212 <appendix> argL0 ; # com/android/tools/r8/internal/B5$$Lambda+0x0000021b571c1760
instanceKlass  @bci com/android/tools/r8/internal/B5 g (Lcom/android/tools/r8/graph/u1;)V 1132 <appendix> argL0 ; # com/android/tools/r8/internal/B5$$Lambda+0x0000021b571c1540
instanceKlass  @bci com/android/tools/r8/internal/B5 g (Lcom/android/tools/r8/graph/u1;)V 1063 <appendix> argL0 ; # com/android/tools/r8/internal/B5$$Lambda+0x0000021b571c1320
instanceKlass  @bci com/android/tools/r8/internal/B5 g (Lcom/android/tools/r8/graph/u1;)V 989 <appendix> argL0 ; # com/android/tools/r8/internal/B5$$Lambda+0x0000021b571c1100
instanceKlass  @bci com/android/tools/r8/internal/B5 g (Lcom/android/tools/r8/graph/u1;)V 918 <appendix> argL0 ; # com/android/tools/r8/internal/B5$$Lambda+0x0000021b571c0ee0
instanceKlass  @bci com/android/tools/r8/internal/B5 g (Lcom/android/tools/r8/graph/u1;)V 842 <appendix> argL0 ; # com/android/tools/r8/internal/B5$$Lambda+0x0000021b571c0cc0
instanceKlass  @bci com/android/tools/r8/internal/B5 g (Lcom/android/tools/r8/graph/u1;)V 769 <appendix> argL0 ; # com/android/tools/r8/internal/B5$$Lambda+0x0000021b571c0aa0
instanceKlass  @bci com/android/tools/r8/internal/B5 g (Lcom/android/tools/r8/graph/u1;)V 699 <appendix> argL0 ; # com/android/tools/r8/internal/B5$$Lambda+0x0000021b571c0880
instanceKlass  @bci com/android/tools/r8/internal/B5 g (Lcom/android/tools/r8/graph/u1;)V 622 <appendix> argL0 ; # com/android/tools/r8/internal/B5$$Lambda+0x0000021b571c0660
instanceKlass  @bci com/android/tools/r8/internal/B5 g (Lcom/android/tools/r8/graph/u1;)V 553 <appendix> argL0 ; # com/android/tools/r8/internal/B5$$Lambda+0x0000021b571c0440
instanceKlass  @bci com/android/tools/r8/internal/B5 g (Lcom/android/tools/r8/graph/u1;)V 484 <appendix> argL0 ; # com/android/tools/r8/internal/B5$$Lambda+0x0000021b571c0220
instanceKlass  @bci com/android/tools/r8/internal/B5 g (Lcom/android/tools/r8/graph/u1;)V 413 <appendix> argL0 ; # com/android/tools/r8/internal/B5$$Lambda+0x0000021b571c0000
instanceKlass  @bci com/android/tools/r8/internal/B5 g (Lcom/android/tools/r8/graph/u1;)V 342 <appendix> argL0 ; # com/android/tools/r8/internal/B5$$Lambda+0x0000021b571bc400
instanceKlass  @bci com/android/tools/r8/internal/B5 g (Lcom/android/tools/r8/graph/u1;)V 267 <appendix> argL0 ; # com/android/tools/r8/internal/B5$$Lambda+0x0000021b571bcc40
instanceKlass  @bci com/android/tools/r8/internal/B5 g (Lcom/android/tools/r8/graph/u1;)V 199 <appendix> argL0 ; # com/android/tools/r8/internal/B5$$Lambda+0x0000021b571bca20
instanceKlass  @bci com/android/tools/r8/internal/B5 g (Lcom/android/tools/r8/graph/u1;)V 126 <appendix> argL0 ; # com/android/tools/r8/internal/B5$$Lambda+0x0000021b571bc800
instanceKlass  @bci com/android/tools/r8/internal/B5 g (Lcom/android/tools/r8/graph/u1;)V 58 <appendix> argL0 ; # com/android/tools/r8/internal/B5$$Lambda+0x0000021b571bdcc0
instanceKlass  @bci com/android/tools/r8/internal/B5 f (Lcom/android/tools/r8/graph/u1;)V 114 <appendix> argL0 ; # com/android/tools/r8/internal/B5$$Lambda+0x0000021b571bdaa0
instanceKlass  @bci com/android/tools/r8/internal/B5 f (Lcom/android/tools/r8/graph/u1;)V 57 <appendix> argL0 ; # com/android/tools/r8/internal/B5$$Lambda+0x0000021b571bd880
instanceKlass  @bci com/android/tools/r8/internal/B5 a (Lcom/android/tools/r8/graph/u1;Lcom/android/tools/r8/graph/M2;)V 343 <appendix> argL0 ; # com/android/tools/r8/internal/B5$$Lambda+0x0000021b571bd660
instanceKlass  @bci com/android/tools/r8/internal/B5 a (Lcom/android/tools/r8/graph/u1;Lcom/android/tools/r8/graph/M2;)V 284 <appendix> argL0 ; # com/android/tools/r8/internal/B5$$Lambda+0x0000021b571bd440
instanceKlass  @bci com/android/tools/r8/internal/B5 a (Lcom/android/tools/r8/graph/u1;Lcom/android/tools/r8/graph/M2;)V 225 <appendix> argL0 ; # com/android/tools/r8/internal/B5$$Lambda+0x0000021b571bd220
instanceKlass  @bci com/android/tools/r8/internal/B5 a (Lcom/android/tools/r8/graph/u1;Lcom/android/tools/r8/graph/M2;)V 166 <appendix> argL0 ; # com/android/tools/r8/internal/B5$$Lambda+0x0000021b571bd000
instanceKlass  @bci com/android/tools/r8/internal/B5 a (Lcom/android/tools/r8/graph/u1;Lcom/android/tools/r8/graph/M2;)V 107 <appendix> argL0 ; # com/android/tools/r8/internal/B5$$Lambda+0x0000021b571bfdc0
instanceKlass  @bci com/android/tools/r8/internal/B5 a (Lcom/android/tools/r8/graph/u1;Lcom/android/tools/r8/graph/M2;)V 48 <appendix> argL0 ; # com/android/tools/r8/internal/B5$$Lambda+0x0000021b571bfba0
instanceKlass  @bci com/android/tools/r8/internal/B5 d (Lcom/android/tools/r8/graph/u1;)V 2725 <appendix> argL0 ; # com/android/tools/r8/internal/B5$$Lambda+0x0000021b571bf980
instanceKlass  @bci com/android/tools/r8/internal/B5 d (Lcom/android/tools/r8/graph/u1;)V 2650 <appendix> argL0 ; # com/android/tools/r8/internal/B5$$Lambda+0x0000021b571bf760
instanceKlass  @bci com/android/tools/r8/internal/B5 d (Lcom/android/tools/r8/graph/u1;)V 2573 <appendix> argL0 ; # com/android/tools/r8/internal/B5$$Lambda+0x0000021b571bf540
instanceKlass  @bci com/android/tools/r8/internal/B5 d (Lcom/android/tools/r8/graph/u1;)V 2496 <appendix> argL0 ; # com/android/tools/r8/internal/B5$$Lambda+0x0000021b571bf320
instanceKlass  @bci com/android/tools/r8/internal/B5 d (Lcom/android/tools/r8/graph/u1;)V 2424 <appendix> argL0 ; # com/android/tools/r8/internal/B5$$Lambda+0x0000021b571bf100
instanceKlass  @bci com/android/tools/r8/internal/B5 d (Lcom/android/tools/r8/graph/u1;)V 2352 <appendix> argL0 ; # com/android/tools/r8/internal/B5$$Lambda+0x0000021b571beee0
instanceKlass  @bci com/android/tools/r8/internal/B5 d (Lcom/android/tools/r8/graph/u1;)V 2275 <appendix> argL0 ; # com/android/tools/r8/internal/B5$$Lambda+0x0000021b571becc0
instanceKlass  @bci com/android/tools/r8/internal/B5 d (Lcom/android/tools/r8/graph/u1;)V 2198 <appendix> argL0 ; # com/android/tools/r8/internal/B5$$Lambda+0x0000021b571beaa0
instanceKlass  @bci com/android/tools/r8/internal/B5 d (Lcom/android/tools/r8/graph/u1;)V 2121 <appendix> argL0 ; # com/android/tools/r8/internal/B5$$Lambda+0x0000021b571be880
instanceKlass  @bci com/android/tools/r8/internal/B5 d (Lcom/android/tools/r8/graph/u1;)V 2044 <appendix> argL0 ; # com/android/tools/r8/internal/B5$$Lambda+0x0000021b571be660
instanceKlass  @bci com/android/tools/r8/internal/B5 d (Lcom/android/tools/r8/graph/u1;)V 1967 <appendix> argL0 ; # com/android/tools/r8/internal/B5$$Lambda+0x0000021b571be440
instanceKlass  @bci com/android/tools/r8/internal/B5 d (Lcom/android/tools/r8/graph/u1;)V 1890 <appendix> argL0 ; # com/android/tools/r8/internal/B5$$Lambda+0x0000021b571be220
instanceKlass  @bci com/android/tools/r8/internal/B5 d (Lcom/android/tools/r8/graph/u1;)V 1813 <appendix> argL0 ; # com/android/tools/r8/internal/B5$$Lambda+0x0000021b571be000
instanceKlass  @bci com/android/tools/r8/internal/B5 d (Lcom/android/tools/r8/graph/u1;)V 1430 <appendix> argL0 ; # com/android/tools/r8/internal/B5$$Lambda+0x0000021b571bbd90
instanceKlass  @bci com/android/tools/r8/internal/i7 a (Lcom/android/tools/r8/internal/sa;)Lcom/android/tools/r8/internal/y5; 1 <appendix> member <vmtarget> ; # com/android/tools/r8/internal/i7$$Lambda+0x0000021b571bbb58
instanceKlass com/android/tools/r8/internal/i7
instanceKlass  @bci com/android/tools/r8/internal/B5 d (Lcom/android/tools/r8/graph/u1;)V 1147 <appendix> argL0 ; # com/android/tools/r8/internal/B5$$Lambda+0x0000021b571bb730
instanceKlass  @bci com/android/tools/r8/internal/B5 d (Lcom/android/tools/r8/graph/u1;)V 1076 <appendix> argL0 ; # com/android/tools/r8/internal/B5$$Lambda+0x0000021b571bb510
instanceKlass  @bci com/android/tools/r8/internal/Rx a ()Lcom/android/tools/r8/internal/y5; 0 <appendix> argL0 ; # com/android/tools/r8/internal/Rx$$Lambda+0x0000021b571bb2e0
instanceKlass com/android/tools/r8/internal/Rx
instanceKlass  @bci com/android/tools/r8/internal/B5 d (Lcom/android/tools/r8/graph/u1;)V 736 <appendix> argL0 ; # com/android/tools/r8/internal/B5$$Lambda+0x0000021b571baeb8
instanceKlass  @bci com/android/tools/r8/internal/B5 d (Lcom/android/tools/r8/graph/u1;)V 465 <appendix> argL0 ; # com/android/tools/r8/internal/B5$$Lambda+0x0000021b571bac98
instanceKlass  @cpi com/android/tools/r8/internal/bf 39 form vmentry <vmtarget> ; # java/lang/invoke/LambdaForm$DMH+0x0000021b571bc000
instanceKlass com/android/tools/r8/internal/K5
instanceKlass com/android/tools/r8/internal/H5
instanceKlass com/android/tools/r8/internal/s5
instanceKlass  @bci com/android/tools/r8/internal/G20 a ()Lcom/android/tools/r8/internal/y5; 0 <appendix> argL0 ; # com/android/tools/r8/internal/G20$$Lambda+0x0000021b571ba460
instanceKlass  @bci com/android/tools/r8/internal/G20 b ()Lcom/android/tools/r8/internal/y5; 0 <appendix> argL0 ; # com/android/tools/r8/internal/G20$$Lambda+0x0000021b571ba230
instanceKlass com/android/tools/r8/internal/G20
instanceKlass com/android/tools/r8/internal/v5
instanceKlass com/android/tools/r8/internal/y5
instanceKlass com/android/tools/r8/internal/z5
instanceKlass com/android/tools/r8/internal/B5
instanceKlass com/android/tools/r8/internal/J5
instanceKlass com/android/tools/r8/internal/ZZ
instanceKlass com/android/tools/r8/internal/E9
instanceKlass com/android/tools/r8/internal/XZ
instanceKlass com/android/tools/r8/internal/Z9
instanceKlass com/android/tools/r8/internal/aa
instanceKlass java/util/Collections$2
instanceKlass  @bci com/android/tools/r8/internal/xB <init> (Lcom/android/tools/r8/graph/y;)V 628 <appendix> member <vmtarget> ; # com/android/tools/r8/internal/xB$$Lambda+0x0000021b571b6c78
instanceKlass com/android/tools/r8/internal/fA
instanceKlass com/android/tools/r8/ir/optimize/M
instanceKlass  @bci com/android/tools/r8/ir/optimize/f <init> (Lcom/android/tools/r8/graph/y;)V 93 <appendix> member <vmtarget> ; # com/android/tools/r8/ir/optimize/f$$Lambda+0x0000021b571b5fb0
instanceKlass java/util/ArrayList$ArrayListSpliterator
instanceKlass com/android/tools/r8/ir/optimize/d
instanceKlass com/android/tools/r8/ir/optimize/e
instanceKlass com/android/tools/r8/ir/optimize/F
instanceKlass com/android/tools/r8/ir/optimize/w
instanceKlass com/android/tools/r8/internal/Be
instanceKlass com/android/tools/r8/ir/optimize/y0
instanceKlass com/android/tools/r8/internal/I7
instanceKlass com/android/tools/r8/internal/LE
instanceKlass com/android/tools/r8/internal/Jq0
instanceKlass com/android/tools/r8/internal/Kq0
instanceKlass com/android/tools/r8/internal/Zj
instanceKlass com/android/tools/r8/internal/fK
instanceKlass com/android/tools/r8/internal/zx0
instanceKlass com/android/tools/r8/internal/De
instanceKlass com/android/tools/r8/internal/oH
instanceKlass com/android/tools/r8/ir/optimize/x
instanceKlass com/android/tools/r8/graph/R5
instanceKlass com/android/tools/r8/graph/P5
instanceKlass com/android/tools/r8/graph/d
instanceKlass com/android/tools/r8/shaking/j
instanceKlass com/android/tools/r8/graph/h3
instanceKlass com/android/tools/r8/graph/w5
instanceKlass com/android/tools/r8/graph/t5
instanceKlass com/android/tools/r8/shaking/z1
instanceKlass com/android/tools/r8/internal/ui
instanceKlass com/android/tools/r8/internal/Sa
instanceKlass com/android/tools/r8/internal/Wa
instanceKlass com/android/tools/r8/internal/m5
instanceKlass com/android/tools/r8/internal/n5
instanceKlass com/android/tools/r8/internal/Km
instanceKlass com/android/tools/r8/internal/Mm
instanceKlass com/android/tools/r8/internal/Om
instanceKlass com/android/tools/r8/internal/iJ
instanceKlass com/android/tools/r8/internal/Am
instanceKlass com/android/tools/r8/internal/ym
instanceKlass com/android/tools/r8/internal/Pc
instanceKlass com/android/tools/r8/internal/sX
instanceKlass com/android/tools/r8/internal/bU
instanceKlass com/android/tools/r8/internal/yB
instanceKlass com/android/tools/r8/internal/jE
instanceKlass com/android/tools/r8/internal/ex
instanceKlass com/android/tools/r8/internal/Ep0
instanceKlass com/android/tools/r8/internal/vv
instanceKlass com/android/tools/r8/internal/Wn
instanceKlass com/android/tools/r8/internal/d2
instanceKlass com/android/tools/r8/internal/h60
instanceKlass com/android/tools/r8/internal/mY
instanceKlass com/android/tools/r8/internal/kY
instanceKlass com/android/tools/r8/internal/lD
instanceKlass com/android/tools/r8/internal/RX
instanceKlass com/android/tools/r8/internal/Ae
instanceKlass com/android/tools/r8/internal/NW
instanceKlass com/android/tools/r8/internal/t20
instanceKlass com/android/tools/r8/internal/Ju
instanceKlass com/android/tools/r8/internal/H50
instanceKlass com/android/tools/r8/internal/ca
instanceKlass com/android/tools/r8/internal/xB
instanceKlass com/android/tools/r8/internal/Zy
instanceKlass com/android/tools/r8/internal/i60
instanceKlass com/android/tools/r8/internal/f2
instanceKlass com/android/tools/r8/internal/p7
instanceKlass com/android/tools/r8/internal/Iy0
instanceKlass com/android/tools/r8/internal/J9
instanceKlass com/android/tools/r8/internal/KF
instanceKlass com/android/tools/r8/internal/M
instanceKlass com/android/tools/r8/internal/RF
instanceKlass com/android/tools/r8/internal/G70
instanceKlass com/android/tools/r8/internal/Q5
instanceKlass com/android/tools/r8/internal/RD
instanceKlass com/android/tools/r8/internal/An0
instanceKlass com/android/tools/r8/internal/vy
instanceKlass com/android/tools/r8/internal/o80
instanceKlass com/android/tools/r8/internal/ND
instanceKlass com/android/tools/r8/internal/DI
instanceKlass com/android/tools/r8/internal/yG
instanceKlass com/android/tools/r8/internal/H9$a
instanceKlass  @bci java/util/ArrayDeque copyElements (Ljava/util/Collection;)V 2 <appendix> member <vmtarget> ; # java/util/ArrayDeque$$Lambda+0x0000021b5705a9e0
instanceKlass com/android/tools/r8/internal/dA
instanceKlass com/android/tools/r8/internal/L
instanceKlass com/android/tools/r8/internal/vb
instanceKlass com/android/tools/r8/internal/Mb
instanceKlass com/android/tools/r8/internal/wG
instanceKlass com/android/tools/r8/internal/SF
instanceKlass com/android/tools/r8/internal/v8
instanceKlass com/android/tools/r8/position/TextRange
instanceKlass com/android/tools/r8/position/TextPosition
instanceKlass com/android/tools/r8/internal/io0
instanceKlass com/android/tools/r8/internal/Dr0
instanceKlass com/android/tools/r8/internal/P8
instanceKlass com/android/tools/r8/internal/M9
instanceKlass com/android/tools/r8/graph/g6
instanceKlass com/android/tools/r8/graph/G$a
instanceKlass com/android/tools/r8/internal/X
# instanceKlass com/android/tools/r8/graph/w4$$Lambda+0x0000021b57175160
# instanceKlass com/android/tools/r8/graph/w4$$Lambda+0x0000021b57174f18
# instanceKlass com/android/tools/r8/graph/w4$$Lambda+0x0000021b57174cd0
instanceKlass  @bci com/android/tools/r8/graph/w4 a (Lcom/android/tools/r8/graph/j0;)Lcom/android/tools/r8/graph/j0; 6 <appendix> member <vmtarget> ; # com/android/tools/r8/graph/w4$$Lambda+0x0000021b57174a88
instanceKlass com/android/tools/r8/graph/j0
instanceKlass com/android/tools/r8/internal/D1
instanceKlass com/android/tools/r8/internal/Lt0
instanceKlass com/android/tools/r8/internal/ub
instanceKlass com/android/tools/r8/internal/Na
instanceKlass com/android/tools/r8/internal/La
# instanceKlass com/android/tools/r8/graph/w4$$Lambda+0x0000021b57171838
# instanceKlass com/android/tools/r8/graph/w4$$Lambda+0x0000021b571715f8
# instanceKlass com/android/tools/r8/graph/w4$$Lambda+0x0000021b571713b8
# instanceKlass com/android/tools/r8/graph/w4$$Lambda+0x0000021b57171178
# instanceKlass com/android/tools/r8/graph/w4$$Lambda+0x0000021b57170f38
# instanceKlass com/android/tools/r8/graph/w4$$Lambda+0x0000021b57170cf8
instanceKlass  @bci com/android/tools/r8/graph/w4 b (Lcom/android/tools/r8/internal/DR;)Lcom/android/tools/r8/internal/ma; 5 <appendix> argL0 ; # com/android/tools/r8/graph/w4$$Lambda+0x0000021b57170ab8
# instanceKlass com/android/tools/r8/graph/w4$$Lambda+0x0000021b57170878
instanceKlass com/android/tools/r8/internal/hI
instanceKlass com/android/tools/r8/internal/UH
# instanceKlass com/android/tools/r8/graph/s4$$Lambda+0x0000021b57170450
# instanceKlass com/android/tools/r8/graph/s4$$Lambda+0x0000021b57170000
# instanceKlass com/android/tools/r8/graph/s4$$Lambda+0x0000021b57170228
# instanceKlass com/android/tools/r8/graph/s4$$Lambda+0x0000021b57164400
# instanceKlass com/android/tools/r8/graph/s4$$Lambda+0x0000021b57164c50
# instanceKlass com/android/tools/r8/graph/s4$$Lambda+0x0000021b57164a28
# instanceKlass com/android/tools/r8/graph/s4$$Lambda+0x0000021b57164800
instanceKlass  @bci com/android/tools/r8/graph/s4 a (ILjava/lang/String;Ljava/lang/String;Ljava/lang/String;[Ljava/lang/String;)Lcom/android/tools/r8/internal/rY; 82 <appendix> member <vmtarget> ; # com/android/tools/r8/graph/s4$$Lambda+0x0000021b57165c50
instanceKlass com/android/tools/r8/internal/H70
instanceKlass com/android/tools/r8/internal/wy
instanceKlass com/android/tools/r8/internal/gI
instanceKlass  @bci com/android/tools/r8/internal/ss0 a ()Ljava/util/ArrayList; 19 <appendix> member <vmtarget> ; # com/android/tools/r8/internal/ss0$$Lambda+0x0000021b57166948
instanceKlass com/android/tools/r8/internal/Nb
instanceKlass com/android/tools/r8/graph/u4
instanceKlass com/android/tools/r8/graph/t4
# instanceKlass com/android/tools/r8/graph/x4$$Lambda+0x0000021b57162fc0
# instanceKlass com/android/tools/r8/graph/x4$$Lambda+0x0000021b57162d98
# instanceKlass com/android/tools/r8/graph/x4$$Lambda+0x0000021b57162b70
# instanceKlass com/android/tools/r8/graph/x4$$Lambda+0x0000021b57162948
# instanceKlass com/android/tools/r8/graph/x4$$Lambda+0x0000021b57162720
# instanceKlass com/android/tools/r8/graph/x4$$Lambda+0x0000021b571622d0
# instanceKlass com/android/tools/r8/graph/x4$$Lambda+0x0000021b571624f8
instanceKlass  @bci com/android/tools/r8/graph/x4 V ()Lcom/android/tools/r8/graph/G; 12 <appendix> member <vmtarget> ; # com/android/tools/r8/graph/x4$$Lambda+0x0000021b571620a8
instanceKlass com/android/tools/r8/internal/bL
instanceKlass com/android/tools/r8/graph/f3
# instanceKlass com/android/tools/r8/graph/S4$$Lambda+0x0000021b571615e8
instanceKlass  @bci com/android/tools/r8/graph/S4 k ()Ljava/util/Iterator; 16 <appendix> member <vmtarget> ; # com/android/tools/r8/graph/S4$$Lambda+0x0000021b57161390
instanceKlass  @cpi com/android/tools/r8/graph/z5 372 form vmentry <vmtarget> ; # java/lang/invoke/LambdaForm$DMH+0x0000021b5715dc00
# instanceKlass com/android/tools/r8/graph/S4$$Lambda+0x0000021b5715fbe8
instanceKlass  @bci com/android/tools/r8/graph/S4 c ()Ljava/lang/Iterable; 1 <appendix> member <vmtarget> ; # com/android/tools/r8/graph/S4$$Lambda+0x0000021b5715f9a0
instanceKlass  @bci com/android/tools/r8/ir/optimize/b0 a (Lcom/android/tools/r8/internal/ME;)Z 246 <adapter> ; # java/lang/invoke/LambdaForm$MH+0x0000021b5715d800
# instanceKlass java/lang/invoke/LambdaForm$DMH+0x0000021b5715d400
instanceKlass  @bci com/android/tools/r8/ir/optimize/b0 a (Lcom/android/tools/r8/internal/ME;)Z 246 <appendix> form vmentry <vmtarget> ; # java/lang/invoke/LambdaForm$DMH+0x0000021b5715d000
instanceKlass  @bci com/android/tools/r8/internal/Fs0 a (Lcom/android/tools/r8/internal/ss0;Lcom/android/tools/r8/internal/Xs0;ILjava/lang/Object;)V 5 <appendix> member <vmtarget> ; # com/android/tools/r8/internal/Fs0$$Lambda+0x0000021b5715f778
instanceKlass  @bci com/android/tools/r8/internal/my a (Lcom/android/tools/r8/internal/mI;)V 9 <appendix> member <vmtarget> ; # com/android/tools/r8/internal/my$$Lambda+0x0000021b5715f540
instanceKlass com/android/tools/r8/internal/VH
instanceKlass  @bci com/android/tools/r8/internal/Fs0 a (Lcom/android/tools/r8/internal/my;Lcom/android/tools/r8/internal/Xs0;Ljava/util/function/Predicate;Lcom/android/tools/r8/threading/ThreadingModule;Ljava/util/concurrent/ExecutorService;)Ljava/util/ArrayList; 20 <appendix> member <vmtarget> ; # com/android/tools/r8/internal/Fs0$$Lambda+0x0000021b5715f0d0
instanceKlass  @cpi com/android/tools/r8/internal/Fs0 71 form vmentry <vmtarget> ; # java/lang/invoke/LambdaForm$DMH+0x0000021b5715cc00
instanceKlass com/android/tools/r8/internal/mI
instanceKlass  @bci com/android/tools/r8/internal/Fs0 a (Lcom/android/tools/r8/internal/my;Lcom/android/tools/r8/internal/Ws0;Lcom/android/tools/r8/threading/ThreadingModule;Ljava/util/concurrent/ExecutorService;)V 2 <appendix> member <vmtarget> ; # com/android/tools/r8/internal/Fs0$$Lambda+0x0000021b5715eca8
instanceKlass com/android/tools/r8/internal/Xs0
instanceKlass  @bci com/android/tools/r8/internal/Fs0 a (Ljava/util/Collection;Lcom/android/tools/r8/internal/nU;Lcom/android/tools/r8/threading/ThreadingModule;Ljava/util/concurrent/ExecutorService;Lcom/android/tools/r8/internal/Fs0$a;)V 26 <appendix> member <vmtarget> ; # com/android/tools/r8/internal/Fs0$$Lambda+0x0000021b5715e880
instanceKlass  @cpi com/android/tools/r8/internal/Fs0 121 form vmentry <vmtarget> ; # java/lang/invoke/LambdaForm$DMH+0x0000021b5715c800
instanceKlass com/android/tools/r8/internal/Ws0
instanceKlass  @bci com/android/tools/r8/internal/Fs0 a (Ljava/util/Collection;Lcom/android/tools/r8/internal/nU;Lcom/android/tools/r8/threading/ThreadingModule;Ljava/util/concurrent/ExecutorService;Lcom/android/tools/r8/internal/Fs0$a;)V 15 <appendix> member <vmtarget> ; # com/android/tools/r8/internal/Fs0$$Lambda+0x0000021b5715e448
instanceKlass  @cpi com/android/tools/r8/internal/i80 694 form vmentry <vmtarget> ; # java/lang/invoke/LambdaForm$DMH+0x0000021b5715c400
instanceKlass com/android/tools/r8/internal/my
instanceKlass  @bci com/android/tools/r8/internal/Fs0 a (Ljava/util/Collection;Ljava/util/function/Consumer;Lcom/android/tools/r8/threading/ThreadingModule;Ljava/util/concurrent/ExecutorService;)V 2 <appendix> member <vmtarget> ; # com/android/tools/r8/internal/Fs0$$Lambda+0x0000021b5715bd20
instanceKlass  @cpi com/android/tools/r8/internal/Gf0 132 form vmentry <vmtarget> ; # java/lang/invoke/LambdaForm$DMH+0x0000021b5715c000
instanceKlass com/android/tools/r8/internal/nU
instanceKlass  @bci com/android/tools/r8/D8 d (Lcom/android/tools/r8/utils/i;Lcom/android/tools/r8/internal/QJ;Ljava/util/concurrent/ExecutorService;)V 337 <appendix> member <vmtarget> ; # com/android/tools/r8/D8$$Lambda+0x0000021b5715b8e8
instanceKlass  @bci java/util/stream/Collectors toList ()Ljava/util/stream/Collector; 14 <appendix> argL0 ; # java/util/stream/Collectors$$Lambda+0x0000021b570c4a48
instanceKlass  @bci java/util/stream/Collectors toList ()Ljava/util/stream/Collector; 9 <appendix> argL0 ; # java/util/stream/Collectors$$Lambda+0x0000021b5704f9d0
instanceKlass  @bci java/util/stream/Collectors toList ()Ljava/util/stream/Collector; 4 <appendix> argL0 ; # java/util/stream/Collectors$$Lambda+0x0000021b5704f560
instanceKlass  @bci com/android/tools/r8/internal/Yc <init> (Lcom/android/tools/r8/graph/y;)V 50 <appendix> member <vmtarget> ; # com/android/tools/r8/internal/Yc$$Lambda+0x0000021b5715b6a0
instanceKlass com/android/tools/r8/references/MethodReference
instanceKlass com/android/tools/r8/internal/Z40
instanceKlass com/android/tools/r8/internal/GX
instanceKlass com/android/tools/r8/internal/Gw
instanceKlass com/android/tools/r8/internal/X9
instanceKlass com/android/tools/r8/internal/Ma
instanceKlass com/android/tools/r8/internal/Yc
instanceKlass com/android/tools/r8/internal/o00
instanceKlass com/android/tools/r8/internal/zt0
instanceKlass com/android/tools/r8/internal/Ad0
instanceKlass com/android/tools/r8/internal/u1
instanceKlass com/android/tools/r8/internal/yd0
instanceKlass com/android/tools/r8/internal/Jw
instanceKlass com/android/tools/r8/ir/optimize/f
instanceKlass  @bci com/android/tools/r8/synthesis/E a (Lcom/android/tools/r8/graph/y;Lcom/android/tools/r8/synthesis/c;)V 18 <appendix> member <vmtarget> ; # com/android/tools/r8/synthesis/E$$Lambda+0x0000021b57153128
instanceKlass com/android/tools/r8/synthesis/c
instanceKlass  @bci com/android/tools/r8/internal/GV a (Ljava/util/function/Supplier;)Ljava/util/function/Function; 1 <appendix> member <vmtarget> ; # com/android/tools/r8/internal/GV$$Lambda+0x0000021b57151cf0
instanceKlass  @bci com/android/tools/r8/shaking/k a (Lcom/android/tools/r8/graph/w2;)Lcom/android/tools/r8/internal/H4; 5 <appendix> argL0 ; # com/android/tools/r8/shaking/k$$Lambda+0x0000021b57151ad0
instanceKlass com/android/tools/r8/internal/I4
instanceKlass com/android/tools/r8/internal/cg
instanceKlass com/android/tools/r8/internal/Kx0
instanceKlass  @bci com/android/tools/r8/graph/y <init> (Lcom/android/tools/r8/graph/h;Lcom/android/tools/r8/internal/o4;Lcom/android/tools/r8/internal/kp0;ILcom/android/tools/r8/internal/at0;)V 623 <appendix> member <vmtarget> ; # com/android/tools/r8/graph/y$$Lambda+0x0000021b571504d0
instanceKlass com/android/tools/r8/androidapi/f$a
instanceKlass  @bci com/android/tools/r8/graph/y <init> (Lcom/android/tools/r8/graph/h;Lcom/android/tools/r8/internal/o4;Lcom/android/tools/r8/internal/kp0;ILcom/android/tools/r8/internal/at0;)V 602 <appendix> member <vmtarget> ; # com/android/tools/r8/graph/y$$Lambda+0x0000021b5714f680
instanceKlass com/android/tools/r8/androidapi/a
instanceKlass  @bci com/android/tools/r8/graph/y <init> (Lcom/android/tools/r8/graph/h;Lcom/android/tools/r8/internal/o4;Lcom/android/tools/r8/internal/kp0;ILcom/android/tools/r8/internal/at0;)V 581 <appendix> member <vmtarget> ; # com/android/tools/r8/graph/y$$Lambda+0x0000021b5714f210
instanceKlass com/android/tools/r8/internal/Cb0
instanceKlass  @bci com/android/tools/r8/internal/FS a ()V 43 <appendix> member <vmtarget> ; # com/android/tools/r8/internal/FS$$Lambda+0x0000021b5714edc8
instanceKlass  @bci com/android/tools/r8/internal/FS <init> (Lcom/android/tools/r8/graph/y;Lcom/android/tools/r8/internal/at0;)V 315 <appendix> member <vmtarget> ; # com/android/tools/r8/internal/FS$$Lambda+0x0000021b5714eba0
instanceKlass com/android/tools/r8/internal/GS
instanceKlass com/android/tools/r8/internal/nq0
instanceKlass com/android/tools/r8/internal/qw
instanceKlass com/android/tools/r8/internal/FE
instanceKlass com/android/tools/r8/internal/Bx0
instanceKlass  @bci com/android/tools/r8/internal/FS <init> (Lcom/android/tools/r8/graph/y;Lcom/android/tools/r8/internal/at0;)V 46 <appendix> member <vmtarget> ; # com/android/tools/r8/internal/FS$$Lambda+0x0000021b57146aa8
instanceKlass com/android/tools/r8/internal/xp0
instanceKlass com/android/tools/r8/internal/RE
instanceKlass com/android/tools/r8/internal/h80
instanceKlass com/android/tools/r8/internal/NE
instanceKlass com/android/tools/r8/internal/v00
instanceKlass com/android/tools/r8/internal/tE
instanceKlass com/android/tools/r8/internal/hE
instanceKlass com/android/tools/r8/internal/rR
instanceKlass com/android/tools/r8/internal/p
instanceKlass com/android/tools/r8/internal/HS
instanceKlass  @bci com/android/tools/r8/graph/y <init> (Lcom/android/tools/r8/graph/h;Lcom/android/tools/r8/internal/o4;Lcom/android/tools/r8/internal/kp0;ILcom/android/tools/r8/internal/at0;)V 560 <appendix> member <vmtarget> ; # com/android/tools/r8/graph/y$$Lambda+0x0000021b57141880
instanceKlass com/android/tools/r8/internal/FS
instanceKlass  @bci com/android/tools/r8/internal/JS a (Lcom/android/tools/r8/graph/y;Lcom/android/tools/r8/graph/u1;)Lcom/android/tools/r8/internal/AC; 134 <appendix> member <vmtarget> ; # com/android/tools/r8/internal/JS$$Lambda+0x0000021b57141418
instanceKlass  @bci com/android/tools/r8/internal/JS a (Lcom/android/tools/r8/graph/y;Lcom/android/tools/r8/graph/u1;)Lcom/android/tools/r8/internal/AC; 88 <appendix> member <vmtarget> ; # com/android/tools/r8/internal/JS$$Lambda+0x0000021b571411c0
instanceKlass  @cpi com/android/tools/r8/kotlin/C 202 form vmentry <vmtarget> ; # java/lang/invoke/LambdaForm$DMH+0x0000021b57144400
instanceKlass  @bci com/android/tools/r8/internal/JS a (Lcom/android/tools/r8/graph/y;Lcom/android/tools/r8/graph/u1;)Lcom/android/tools/r8/internal/AC; 68 <appendix> member <vmtarget> ; # com/android/tools/r8/internal/JS$$Lambda+0x0000021b57140f68
instanceKlass  @bci com/android/tools/r8/internal/JS a (Lcom/android/tools/r8/graph/y;Lcom/android/tools/r8/graph/u1;)Lcom/android/tools/r8/internal/AC; 51 <appendix> argL0 ; # com/android/tools/r8/internal/JS$$Lambda+0x0000021b57140d18
instanceKlass  @bci com/android/tools/r8/internal/JS a (Lcom/android/tools/r8/graph/y;Lcom/android/tools/r8/graph/u1;)Lcom/android/tools/r8/internal/AC; 34 <appendix> member <vmtarget> ; # com/android/tools/r8/internal/JS$$Lambda+0x0000021b57140ac0
instanceKlass  @cpi com/android/tools/r8/graph/z5 116 form vmentry <vmtarget> ; # java/lang/invoke/LambdaForm$DMH+0x0000021b57144000
instanceKlass  @bci com/android/tools/r8/internal/JS a (Lcom/android/tools/r8/graph/y;Lcom/android/tools/r8/graph/u1;)Lcom/android/tools/r8/internal/AC; 17 <appendix> argL0 ; # com/android/tools/r8/internal/JS$$Lambda+0x0000021b57140870
instanceKlass  @bci com/android/tools/r8/graph/y <init> (Lcom/android/tools/r8/graph/h;Lcom/android/tools/r8/internal/o4;Lcom/android/tools/r8/internal/kp0;ILcom/android/tools/r8/internal/at0;)V 537 <appendix> member <vmtarget> ; # com/android/tools/r8/graph/y$$Lambda+0x0000021b57140648
instanceKlass com/android/tools/r8/internal/JS
instanceKlass  @bci com/android/tools/r8/graph/y <init> (Lcom/android/tools/r8/graph/h;Lcom/android/tools/r8/internal/o4;Lcom/android/tools/r8/internal/kp0;ILcom/android/tools/r8/internal/at0;)V 400 <appendix> argL0 ; # com/android/tools/r8/graph/y$$Lambda+0x0000021b57140218
instanceKlass com/android/tools/r8/internal/HD
instanceKlass  @bci com/android/tools/r8/graph/y <init> (Lcom/android/tools/r8/graph/h;Lcom/android/tools/r8/internal/o4;Lcom/android/tools/r8/internal/kp0;ILcom/android/tools/r8/internal/at0;)V 380 <appendix> member <vmtarget> ; # com/android/tools/r8/graph/y$$Lambda+0x0000021b5713f5c0
instanceKlass com/android/tools/r8/internal/ot
instanceKlass com/android/tools/r8/internal/K1
instanceKlass com/android/tools/r8/internal/G1
instanceKlass  @bci com/android/tools/r8/graph/y <init> (Lcom/android/tools/r8/graph/h;Lcom/android/tools/r8/internal/o4;Lcom/android/tools/r8/internal/kp0;ILcom/android/tools/r8/internal/at0;)V 258 <appendix> member <vmtarget> ; # com/android/tools/r8/graph/y$$Lambda+0x0000021b5713e588
instanceKlass com/android/tools/r8/internal/Pf
instanceKlass com/android/tools/r8/internal/St
instanceKlass com/android/tools/r8/internal/u6
instanceKlass com/android/tools/r8/internal/PA
instanceKlass com/android/tools/r8/internal/QW
instanceKlass  @bci com/android/tools/r8/internal/Vm0 <init> ()V 91 <appendix> member <vmtarget> ; # com/android/tools/r8/internal/Vm0$$Lambda+0x0000021b5713d810
instanceKlass com/android/tools/r8/internal/e20
instanceKlass  @bci com/android/tools/r8/internal/Vm0 <init> ()V 72 <appendix> member <vmtarget> ; # com/android/tools/r8/internal/Vm0$$Lambda+0x0000021b5713cca8
instanceKlass  @bci com/android/tools/r8/internal/Vm0 <init> ()V 53 <appendix> member <vmtarget> ; # com/android/tools/r8/internal/Vm0$$Lambda+0x0000021b5713c888
instanceKlass  @bci com/android/tools/r8/internal/Vm0 <init> ()V 34 <appendix> member <vmtarget> ; # com/android/tools/r8/internal/Vm0$$Lambda+0x0000021b5713c660
instanceKlass com/android/tools/r8/internal/ME
instanceKlass com/android/tools/r8/internal/rW
instanceKlass com/android/tools/r8/internal/SE
instanceKlass com/android/tools/r8/internal/TE
instanceKlass com/android/tools/r8/internal/I
instanceKlass com/android/tools/r8/internal/QF
instanceKlass  @bci com/android/tools/r8/internal/Vm0 <init> ()V 15 <appendix> member <vmtarget> ; # com/android/tools/r8/internal/Vm0$$Lambda+0x0000021b571398c0
instanceKlass com/android/tools/r8/internal/Vm0
instanceKlass com/android/tools/r8/internal/iE
instanceKlass com/android/tools/r8/internal/fY
instanceKlass com/android/tools/r8/internal/wW
instanceKlass com/android/tools/r8/internal/co
instanceKlass  @bci com/android/tools/r8/shaking/k a (Ljava/util/function/BiConsumer;)V 5 <appendix> member <vmtarget> ; # com/android/tools/r8/shaking/k$$Lambda+0x0000021b570b1448
instanceKlass com/android/tools/r8/internal/H4
instanceKlass  @bci com/android/tools/r8/internal/GV a (Lcom/android/tools/r8/internal/g6;I)Ljava/util/IdentityHashMap; 11 <appendix> member <vmtarget> ; # com/android/tools/r8/internal/GV$$Lambda+0x0000021b570b1000
instanceKlass  @cpi com/android/tools/r8/internal/GV 94 form vmentry <vmtarget> ; # java/lang/invoke/LambdaForm$DMH+0x0000021b5712d000
instanceKlass com/android/tools/r8/internal/GV
instanceKlass  @bci com/android/tools/r8/shaking/k a ()Lcom/android/tools/r8/shaking/l; 5 <appendix> member <vmtarget> ; # com/android/tools/r8/shaking/k$$Lambda+0x0000021b57115c20
instanceKlass com/android/tools/r8/internal/g6
instanceKlass com/android/tools/r8/shaking/l
instanceKlass com/android/tools/r8/shaking/k
instanceKlass com/android/tools/r8/internal/l1
instanceKlass  @bci com/android/tools/r8/internal/kp0 a (Lcom/android/tools/r8/graph/x0;)Lcom/android/tools/r8/internal/kp0; 5 <appendix> member <vmtarget> ; # com/android/tools/r8/internal/kp0$$Lambda+0x0000021b5712ca10
instanceKlass com/android/tools/r8/startup/diagnostic/MissingStartupProfileItemsDiagnostic$a
instanceKlass com/android/tools/r8/startup/StartupProfileBuilder
instanceKlass com/android/tools/r8/internal/kp0
instanceKlass com/android/tools/r8/internal/m1
instanceKlass  @bci com/android/tools/r8/internal/v4 a ()Ljava/util/List; 88 <appendix> argL0 ; # com/android/tools/r8/internal/v4$$Lambda+0x0000021b570b0290
instanceKlass com/android/tools/r8/profile/art/ArtProfileBuilder
instanceKlass com/android/tools/r8/internal/o4
instanceKlass com/android/tools/r8/internal/Jf
instanceKlass com/android/tools/r8/naming/q0
instanceKlass com/android/tools/r8/internal/X40
instanceKlass com/android/tools/r8/internal/q6
instanceKlass com/android/tools/r8/internal/m6
instanceKlass com/android/tools/r8/internal/o6
instanceKlass com/android/tools/r8/internal/l6
instanceKlass  @bci com/android/tools/r8/D8 a (Lcom/android/tools/r8/utils/i;Lcom/android/tools/r8/internal/QJ;Ljava/util/concurrent/ExecutorService;Lcom/android/tools/r8/internal/at0;)Lcom/android/tools/r8/graph/y; 74 <appendix> member <vmtarget> ; # com/android/tools/r8/D8$$Lambda+0x0000021b57136e48
instanceKlass com/android/tools/r8/internal/V6
instanceKlass com/android/tools/r8/synthesis/F
instanceKlass com/android/tools/r8/synthesis/d
instanceKlass com/android/tools/r8/synthesis/b
instanceKlass com/android/tools/r8/SyntheticInfoConsumerData
instanceKlass com/android/tools/r8/synthesis/Y
instanceKlass com/android/tools/r8/synthesis/s
instanceKlass com/android/tools/r8/synthesis/t
instanceKlass com/android/tools/r8/synthesis/m
instanceKlass com/android/tools/r8/synthesis/k
instanceKlass com/android/tools/r8/synthesis/Z
instanceKlass com/android/tools/r8/internal/jy
instanceKlass com/android/tools/r8/graph/a6
instanceKlass com/android/tools/r8/graph/M4
instanceKlass com/android/tools/r8/shaking/n2
instanceKlass com/android/tools/r8/shaking/p2
instanceKlass com/android/tools/r8/internal/Uz
instanceKlass com/android/tools/r8/internal/he
instanceKlass  @bci com/android/tools/r8/synthesis/E$a e ()Lcom/android/tools/r8/synthesis/E$a; 7 <appendix> member <vmtarget> ; # com/android/tools/r8/synthesis/E$a$$Lambda+0x0000021b57131db8
instanceKlass com/android/tools/r8/synthesis/E
instanceKlass com/android/tools/r8/synthesis/C
instanceKlass com/android/tools/r8/synthesis/A
instanceKlass com/android/tools/r8/synthesis/E$a
instanceKlass  @bci com/android/tools/r8/D8 a (Lcom/android/tools/r8/utils/i;Lcom/android/tools/r8/internal/QJ;Ljava/util/concurrent/ExecutorService;Lcom/android/tools/r8/internal/at0;)Lcom/android/tools/r8/graph/y; 58 <appendix> member <vmtarget> ; # com/android/tools/r8/D8$$Lambda+0x0000021b57131110
instanceKlass com/android/tools/r8/internal/Zs0
instanceKlass  @bci com/android/tools/r8/internal/O80 a (Ljava/util/ArrayList;Lcom/android/tools/r8/dex/b;)Lcom/android/tools/r8/internal/O80; 40 <appendix> member <vmtarget> ; # com/android/tools/r8/internal/O80$$Lambda+0x0000021b57130cd8
instanceKlass java/util/concurrent/ConcurrentLinkedQueue$Itr
instanceKlass com/android/tools/r8/graph/z0
instanceKlass com/android/tools/r8/dex/W
instanceKlass com/android/tools/r8/internal/qv0
instanceKlass  @bci com/android/tools/r8/graph/o4 a (ILjava/lang/String;Z)Lcom/android/tools/r8/internal/Q2; 116 <appendix> argL0 ; # com/android/tools/r8/graph/o4$$Lambda+0x0000021b5712f828
# instanceKlass com/android/tools/r8/graph/l4$$Lambda+0x0000021b5712f5f0
instanceKlass  @bci com/android/tools/r8/graph/l4 a (Ljava/lang/String;Ljava/lang/String;)Lcom/android/tools/r8/internal/Q2; 12 <appendix> member <vmtarget> ; # com/android/tools/r8/graph/l4$$Lambda+0x0000021b5712f3b8
instanceKlass  @cpi com/android/tools/r8/graph/z5 128 form vmentry <vmtarget> ; # java/lang/invoke/LambdaForm$DMH+0x0000021b5712d400
instanceKlass  @bci com/android/tools/r8/graph/J3 a ()Lcom/android/tools/r8/graph/G3$b; 16 <appendix> member <vmtarget> ; # com/android/tools/r8/graph/J3$$Lambda+0x0000021b5712ec10
instanceKlass com/android/tools/r8/graph/I3
instanceKlass  @bci com/android/tools/r8/graph/n4 a (Ljava/lang/String;Z)Lcom/android/tools/r8/internal/Q2; 219 <appendix> argL0 ; # com/android/tools/r8/graph/n4$$Lambda+0x0000021b5712e470
# instanceKlass com/android/tools/r8/graph/o4$$Lambda+0x0000021b5712e238
instanceKlass  @bci com/android/tools/r8/graph/o4 a ()Lcom/android/tools/r8/internal/Q2; 13 <appendix> member <vmtarget> ; # com/android/tools/r8/graph/o4$$Lambda+0x0000021b5712e000
# instanceKlass com/android/tools/r8/graph/l4$$Lambda+0x0000021b5712b5a8
# instanceKlass com/android/tools/r8/graph/l4$$Lambda+0x0000021b5712b370
# instanceKlass com/android/tools/r8/graph/J3$$Lambda+0x0000021b5712b138
# instanceKlass com/android/tools/r8/graph/J3$$Lambda+0x0000021b5712af00
# instanceKlass com/android/tools/r8/graph/J3$$Lambda+0x0000021b5712acc8
instanceKlass  @bci com/android/tools/r8/graph/J3 d ()Lcom/android/tools/r8/graph/G3$g; 14 <appendix> member <vmtarget> ; # com/android/tools/r8/graph/J3$$Lambda+0x0000021b5712aa90
# instanceKlass com/android/tools/r8/graph/l4$$Lambda+0x0000021b5712a858
instanceKlass  @bci com/android/tools/r8/graph/l4 a (Ljava/lang/String;)Lcom/android/tools/r8/internal/Q2; 11 <appendix> member <vmtarget> ; # com/android/tools/r8/graph/l4$$Lambda+0x0000021b5712a620
instanceKlass com/android/tools/r8/graph/G3$f
instanceKlass  @cpi com/android/tools/r8/graph/z5 83 form vmentry <vmtarget> ; # java/lang/invoke/LambdaForm$DMH+0x0000021b5712c000
# instanceKlass com/android/tools/r8/graph/m4$$Lambda+0x0000021b57129f30
instanceKlass  @bci com/android/tools/r8/graph/m4 a (Ljava/lang/String;Z)Lcom/android/tools/r8/internal/Q2; 136 <appendix> argL0 ; # com/android/tools/r8/graph/m4$$Lambda+0x0000021b57129d00
instanceKlass com/android/tools/r8/graph/s5
instanceKlass com/android/tools/r8/dex/t
instanceKlass com/android/tools/r8/graph/J3
# instanceKlass com/android/tools/r8/graph/s3$$Lambda+0x0000021b57128b90
# instanceKlass com/android/tools/r8/graph/s3$$Lambda+0x0000021b57128940
# instanceKlass com/android/tools/r8/graph/s3$$Lambda+0x0000021b571286f0
# instanceKlass com/android/tools/r8/graph/s3$$Lambda+0x0000021b571284a0
# instanceKlass com/android/tools/r8/graph/s3$$Lambda+0x0000021b57128250
instanceKlass  @bci com/android/tools/r8/graph/s3 a ([Lcom/android/tools/r8/graph/g1;)V 1 <appendix> argL0 ; # com/android/tools/r8/graph/s3$$Lambda+0x0000021b57128000
instanceKlass com/android/tools/r8/internal/pv
instanceKlass com/android/tools/r8/internal/Z30
# instanceKlass com/android/tools/r8/graph/s3$$Lambda+0x0000021b57121a38
# instanceKlass com/android/tools/r8/graph/s3$$Lambda+0x0000021b57123c70
# instanceKlass com/android/tools/r8/graph/s3$$Lambda+0x0000021b57121800
# instanceKlass com/android/tools/r8/graph/s3$$Lambda+0x0000021b57123a38
instanceKlass  @bci com/android/tools/r8/graph/s3 a ([Lcom/android/tools/r8/graph/g1;Ljava/util/function/Predicate;)V 45 <appendix> member <vmtarget> ; # com/android/tools/r8/graph/s3$$Lambda+0x0000021b57123800
# instanceKlass com/android/tools/r8/graph/S4$$Lambda+0x0000021b571235c8
instanceKlass  @bci com/android/tools/r8/graph/S4 b ([Lcom/android/tools/r8/graph/j1;)V 76 <appendix> member <vmtarget> ; # com/android/tools/r8/graph/S4$$Lambda+0x0000021b57123390
# instanceKlass com/android/tools/r8/graph/S4$$Lambda+0x0000021b57123158
instanceKlass com/android/tools/r8/graph/m1
instanceKlass com/android/tools/r8/graph/G2
# instanceKlass com/android/tools/r8/graph/s3$$Lambda+0x0000021b57122000
# instanceKlass com/android/tools/r8/graph/s3$$Lambda+0x0000021b571224a0
instanceKlass  @bci com/android/tools/r8/graph/s3 b ([Lcom/android/tools/r8/graph/g1;)V 1 <appendix> argL0 ; # com/android/tools/r8/graph/s3$$Lambda+0x0000021b57122250
# instanceKlass com/android/tools/r8/graph/s3$$Lambda+0x0000021b57127d50
instanceKlass com/android/tools/r8/internal/b40
instanceKlass com/android/tools/r8/internal/v40
instanceKlass com/android/tools/r8/internal/a4
instanceKlass com/android/tools/r8/internal/k40
instanceKlass  @bci com/android/tools/r8/synthesis/z a (Ljava/util/Collection;Ljava/util/Map;Lcom/android/tools/r8/graph/y;Lcom/android/tools/r8/synthesis/v;Lcom/android/tools/r8/internal/at0;)Ljava/util/IdentityHashMap; 270 <adapter> ; # java/lang/invoke/LambdaForm$MH+0x0000021b57121000
instanceKlass com/android/tools/r8/internal/fE
instanceKlass com/android/tools/r8/internal/p40
# instanceKlass java/lang/invoke/LambdaForm$DMH+0x0000021b57120c00
instanceKlass  @bci com/android/tools/r8/synthesis/z a (Ljava/util/Collection;Ljava/util/Map;Lcom/android/tools/r8/graph/y;Lcom/android/tools/r8/synthesis/v;Lcom/android/tools/r8/internal/at0;)Ljava/util/IdentityHashMap; 270 <appendix> form vmentry <vmtarget> ; # java/lang/invoke/LambdaForm$DMH+0x0000021b57120800
# instanceKlass com/android/tools/r8/graph/R4$$Lambda+0x0000021b571250a8
instanceKlass  @bci com/android/tools/r8/graph/r4 a (Ljava/lang/String;ZLjava/util/List;Lcom/android/tools/r8/graph/k4;Ljava/util/function/BiFunction;)Lcom/android/tools/r8/graph/l4; 60 <appendix> member <vmtarget> ; # com/android/tools/r8/graph/r4$$Lambda+0x0000021b57124e70
# instanceKlass com/android/tools/r8/graph/R4$$Lambda+0x0000021b57124c28
instanceKlass  @bci com/android/tools/r8/graph/R4 a (Ljava/util/function/Consumer;Ljava/util/function/Predicate;)V 3 <appendix> member <vmtarget> ; # com/android/tools/r8/graph/R4$$Lambda+0x0000021b571249e0
instanceKlass  @cpi com/android/tools/r8/graph/r4 95 form vmentry <vmtarget> ; # java/lang/invoke/LambdaForm$DMH+0x0000021b57120400
# instanceKlass com/android/tools/r8/graph/S4$$Lambda+0x0000021b571247a8
# instanceKlass com/android/tools/r8/graph/S4$$Lambda+0x0000021b57124000
instanceKlass  @bci com/android/tools/r8/graph/S4 a ([Lcom/android/tools/r8/graph/j1;)V 76 <appendix> member <vmtarget> ; # com/android/tools/r8/graph/S4$$Lambda+0x0000021b5711fcd0
instanceKlass  @bci com/android/tools/r8/graph/o4 a (Ljava/lang/String;Z)Lcom/android/tools/r8/internal/Q2; 220 <appendix> argL0 ; # com/android/tools/r8/graph/o4$$Lambda+0x0000021b5711d5c8
instanceKlass  @cpi com/android/tools/r8/graph/n4 211 form vmentry <vmtarget> ; # java/lang/invoke/LambdaForm$DMH+0x0000021b57120000
instanceKlass com/android/tools/r8/internal/B40
instanceKlass com/android/tools/r8/internal/d40
instanceKlass com/android/tools/r8/internal/Mt0
# instanceKlass com/android/tools/r8/graph/Q4$a$$Lambda+0x0000021b5711afd8
# instanceKlass com/android/tools/r8/graph/Q4$a$$Lambda+0x0000021b5711adb0
# instanceKlass com/android/tools/r8/graph/Q4$a$$Lambda+0x0000021b5711ab88
# instanceKlass com/android/tools/r8/graph/Q4$a$$Lambda+0x0000021b5711a960
# instanceKlass com/android/tools/r8/graph/Q4$a$$Lambda+0x0000021b5711a738
# instanceKlass com/android/tools/r8/graph/Q4$a$$Lambda+0x0000021b5711a510
# instanceKlass com/android/tools/r8/graph/Q4$a$$Lambda+0x0000021b5711a2e8
instanceKlass  @bci com/android/tools/r8/graph/Q4$a a ([Lcom/android/tools/r8/graph/j1;[Lcom/android/tools/r8/graph/j1;)Lcom/android/tools/r8/graph/Q4$a; 2 <appendix> member <vmtarget> ; # com/android/tools/r8/graph/Q4$a$$Lambda+0x0000021b5711a0c0
instanceKlass com/android/tools/r8/graph/Q4
instanceKlass com/android/tools/r8/graph/R4
instanceKlass com/android/tools/r8/graph/Q4$a
# instanceKlass com/android/tools/r8/graph/q3$a$$Lambda+0x0000021b57119128
# instanceKlass com/android/tools/r8/graph/q3$a$$Lambda+0x0000021b57118f00
# instanceKlass com/android/tools/r8/graph/q3$a$$Lambda+0x0000021b57118cd8
# instanceKlass com/android/tools/r8/graph/q3$a$$Lambda+0x0000021b57118ab0
# instanceKlass com/android/tools/r8/graph/q3$a$$Lambda+0x0000021b57118888
# instanceKlass com/android/tools/r8/graph/q3$a$$Lambda+0x0000021b57118660
# instanceKlass com/android/tools/r8/graph/q3$a$$Lambda+0x0000021b57118438
instanceKlass  @bci com/android/tools/r8/graph/q3$a a ([Lcom/android/tools/r8/graph/g1;[Lcom/android/tools/r8/graph/g1;)Lcom/android/tools/r8/graph/q3$a; 2 <appendix> member <vmtarget> ; # com/android/tools/r8/graph/q3$a$$Lambda+0x0000021b57118210
instanceKlass com/android/tools/r8/graph/q3
instanceKlass com/android/tools/r8/graph/r3
instanceKlass com/android/tools/r8/graph/q3$a
# instanceKlass com/android/tools/r8/graph/m4$$Lambda+0x0000021b571136b0
# instanceKlass com/android/tools/r8/graph/m4$$Lambda+0x0000021b57112ea8
# instanceKlass com/android/tools/r8/graph/m4$$Lambda+0x0000021b571126a0
# instanceKlass com/android/tools/r8/graph/m4$$Lambda+0x0000021b57112480
# instanceKlass com/android/tools/r8/graph/m4$$Lambda+0x0000021b57112260
# instanceKlass com/android/tools/r8/graph/m4$$Lambda+0x0000021b57111e20
# instanceKlass com/android/tools/r8/graph/m4$$Lambda+0x0000021b57112040
instanceKlass  @bci com/android/tools/r8/graph/m4 a (Lcom/android/tools/r8/graph/V;)Lcom/android/tools/r8/graph/H2$a; 52 <appendix> argL0 ; # com/android/tools/r8/graph/m4$$Lambda+0x0000021b57111c00
instanceKlass  @cpi com/android/tools/r8/graph/m4 759 form vmentry <vmtarget> ; # java/lang/invoke/LambdaForm$DMH+0x0000021b57115400
instanceKlass  @cpi com/android/tools/r8/internal/up 45 form vmentry <vmtarget> ; # java/lang/invoke/LambdaForm$DMH+0x0000021b57114000
instanceKlass com/android/tools/r8/internal/Wt0
instanceKlass com/android/tools/r8/graph/j1$a
instanceKlass com/android/tools/r8/internal/Qm0
instanceKlass com/android/tools/r8/internal/G8
instanceKlass com/android/tools/r8/internal/Mu
instanceKlass com/android/tools/r8/internal/sE
instanceKlass com/android/tools/r8/internal/hd
instanceKlass com/android/tools/r8/internal/JT
instanceKlass com/android/tools/r8/naming/V$c
instanceKlass com/android/tools/r8/internal/HX
instanceKlass com/android/tools/r8/internal/q70
instanceKlass com/android/tools/r8/internal/q70$a
instanceKlass com/android/tools/r8/graph/G3$h
instanceKlass com/android/tools/r8/graph/G3$g
instanceKlass com/android/tools/r8/androidapi/g
instanceKlass com/android/tools/r8/androidapi/e
instanceKlass com/android/tools/r8/kotlin/a0
instanceKlass com/android/tools/r8/kotlin/d0
instanceKlass com/android/tools/r8/kotlin/o
instanceKlass com/android/tools/r8/internal/eu
instanceKlass com/android/tools/r8/internal/jK
instanceKlass com/android/tools/r8/internal/i0
instanceKlass com/android/tools/r8/internal/v6
instanceKlass com/android/tools/r8/internal/rM
instanceKlass com/android/tools/r8/shaking/g3
instanceKlass com/android/tools/r8/kotlin/b0
instanceKlass com/android/tools/r8/internal/Gt
instanceKlass com/android/tools/r8/graph/g1$a
instanceKlass com/android/tools/r8/kotlin/F
instanceKlass com/android/tools/r8/kotlin/P
instanceKlass com/android/tools/r8/shaking/g0
instanceKlass com/android/tools/r8/internal/Hw
instanceKlass com/android/tools/r8/internal/yW
instanceKlass com/android/tools/r8/androidapi/f
instanceKlass com/android/tools/r8/internal/rv
instanceKlass com/android/tools/r8/graph/P
instanceKlass com/android/tools/r8/internal/fm
instanceKlass com/android/tools/r8/internal/NZ
instanceKlass com/android/tools/r8/internal/dd0
instanceKlass com/android/tools/r8/internal/ed0
instanceKlass com/android/tools/r8/internal/hs0
instanceKlass com/android/tools/r8/internal/md0
instanceKlass com/android/tools/r8/internal/Y9
instanceKlass com/android/tools/r8/internal/sv
instanceKlass com/android/tools/r8/graph/h4
# instanceKlass com/android/tools/r8/graph/k4$$Lambda+0x0000021b570bae90
# instanceKlass com/android/tools/r8/graph/k4$$Lambda+0x0000021b570bac48
# instanceKlass com/android/tools/r8/graph/k4$$Lambda+0x0000021b570baa00
# instanceKlass com/android/tools/r8/graph/k4$$Lambda+0x0000021b570ba7b8
# instanceKlass com/android/tools/r8/graph/k4$$Lambda+0x0000021b570ba570
# instanceKlass com/android/tools/r8/graph/k4$$Lambda+0x0000021b570ba328
instanceKlass  @bci com/android/tools/r8/graph/k4 d (Ljava/lang/String;)Lcom/android/tools/r8/graph/L2; 17 <appendix> member <vmtarget> ; # com/android/tools/r8/graph/k4$$Lambda+0x0000021b570ba0e0
# instanceKlass com/android/tools/r8/graph/k4$$Lambda+0x0000021b570b9e98
instanceKlass  @bci com/android/tools/r8/dex/U a (Lcom/android/tools/r8/internal/Up;Lcom/android/tools/r8/internal/Up;)V 33 <bsm> form vmentry <vmtarget> ; # java/lang/invoke/LambdaForm$DMH+0x0000021b570be000
instanceKlass  @cpi com/android/tools/r8/internal/x5 97 form vmentry <vmtarget> ; # java/lang/invoke/LambdaForm$DMH+0x0000021b570bc000
instanceKlass com/android/tools/r8/internal/vf0
# instanceKlass com/android/tools/r8/graph/k4$$Lambda+0x0000021b570b9a50
# instanceKlass com/android/tools/r8/graph/k4$$Lambda+0x0000021b570b9810
# instanceKlass com/android/tools/r8/graph/k4$$Lambda+0x0000021b570b95d0
# instanceKlass com/android/tools/r8/graph/k4$$Lambda+0x0000021b570b8f10
# instanceKlass com/android/tools/r8/graph/k4$$Lambda+0x0000021b570b9390
# instanceKlass com/android/tools/r8/graph/k4$$Lambda+0x0000021b570b8a90
# instanceKlass com/android/tools/r8/graph/k4$$Lambda+0x0000021b570b8cd0
instanceKlass  @bci com/android/tools/r8/graph/k4 a (Ljava/lang/String;)Lcom/android/tools/r8/internal/qu0; 5 <appendix> argL0 ; # com/android/tools/r8/graph/k4$$Lambda+0x0000021b570b9150
instanceKlass com/android/tools/r8/internal/qu0
# instanceKlass com/android/tools/r8/internal/Rb$$Lambda+0x0000021b570b8660
# instanceKlass com/android/tools/r8/internal/Rb$$Lambda+0x0000021b570b8440
# instanceKlass com/android/tools/r8/internal/Rb$$Lambda+0x0000021b570b8220
# instanceKlass com/android/tools/r8/internal/Rb$$Lambda+0x0000021b570b8000
# instanceKlass com/android/tools/r8/internal/Rb$$Lambda+0x0000021b570b1c00
# instanceKlass com/android/tools/r8/internal/Rb$$Lambda+0x0000021b570b3da0
# instanceKlass com/android/tools/r8/internal/Rb$$Lambda+0x0000021b570b3b80
instanceKlass  @bci com/android/tools/r8/internal/Rb a (Lcom/android/tools/r8/internal/Jr0;)V 9 <appendix> argL0 ; # com/android/tools/r8/internal/Rb$$Lambda+0x0000021b570b3960
# instanceKlass com/android/tools/r8/internal/Rb$$Lambda+0x0000021b570b3740
# instanceKlass com/android/tools/r8/internal/Rb$$Lambda+0x0000021b570b3520
# instanceKlass com/android/tools/r8/internal/Rb$$Lambda+0x0000021b570b3300
# instanceKlass com/android/tools/r8/internal/Rb$$Lambda+0x0000021b570b30e0
# instanceKlass com/android/tools/r8/internal/Rb$$Lambda+0x0000021b570b2ec0
# instanceKlass com/android/tools/r8/internal/Rb$$Lambda+0x0000021b570b2ca0
instanceKlass  @bci com/android/tools/r8/internal/Rb a (Lcom/android/tools/r8/internal/Jr0;)V 1 <appendix> argL0 ; # com/android/tools/r8/internal/Rb$$Lambda+0x0000021b570b2860
# instanceKlass com/android/tools/r8/internal/Rb$$Lambda+0x0000021b570b2a80
instanceKlass java/util/function/ToIntFunction
instanceKlass com/android/tools/r8/internal/Fr0
# instanceKlass com/android/tools/r8/internal/Rb$$Lambda+0x0000021b570b2440
# instanceKlass com/android/tools/r8/internal/Rb$$Lambda+0x0000021b570b2220
# instanceKlass com/android/tools/r8/internal/Rb$$Lambda+0x0000021b570b2000
# instanceKlass com/android/tools/r8/internal/Rb$$Lambda+0x0000021b570b7d90
# instanceKlass com/android/tools/r8/internal/Rb$$Lambda+0x0000021b570b7b70
# instanceKlass com/android/tools/r8/internal/Rb$$Lambda+0x0000021b570b7950
instanceKlass  @bci com/android/tools/r8/internal/Rb m ()Lcom/android/tools/r8/internal/Hr0; 0 <appendix> argL0 ; # com/android/tools/r8/internal/Rb$$Lambda+0x0000021b570b7730
# instanceKlass com/android/tools/r8/internal/Rb$$Lambda+0x0000021b570b7510
instanceKlass com/android/tools/r8/internal/Hr0
# instanceKlass com/android/tools/r8/internal/xj$$Lambda+0x0000021b570b6e88
# instanceKlass com/android/tools/r8/internal/xj$$Lambda+0x0000021b570b6c68
# instanceKlass com/android/tools/r8/internal/xj$$Lambda+0x0000021b570b6a48
# instanceKlass com/android/tools/r8/internal/xj$$Lambda+0x0000021b570b6828
# instanceKlass com/android/tools/r8/internal/xj$$Lambda+0x0000021b570b6608
# instanceKlass com/android/tools/r8/internal/xj$$Lambda+0x0000021b570b61c8
# instanceKlass com/android/tools/r8/internal/xj$$Lambda+0x0000021b570b63e8
instanceKlass  @bci com/android/tools/r8/internal/xj a (Lcom/android/tools/r8/internal/Gr0;Lcom/android/tools/r8/internal/Gr0;Lcom/android/tools/r8/internal/Er0;)I 7 <appendix> argL0 ; # com/android/tools/r8/internal/xj$$Lambda+0x0000021b570b5fa8
# instanceKlass com/android/tools/r8/internal/xj$$Lambda+0x0000021b570b5d88
# instanceKlass com/android/tools/r8/internal/xj$$Lambda+0x0000021b570b5b68
# instanceKlass com/android/tools/r8/internal/xj$$Lambda+0x0000021b570b5948
# instanceKlass com/android/tools/r8/internal/xj$$Lambda+0x0000021b570b5728
# instanceKlass com/android/tools/r8/internal/xj$$Lambda+0x0000021b570b5508
# instanceKlass com/android/tools/r8/internal/xj$$Lambda+0x0000021b570b52e8
# instanceKlass com/android/tools/r8/internal/xj$$Lambda+0x0000021b570b50c8
instanceKlass  @bci com/android/tools/r8/internal/xj a (Lcom/android/tools/r8/internal/Gr0;Lcom/android/tools/r8/internal/Gr0;Lcom/android/tools/r8/internal/Er0;)I 1 <appendix> argL0 ; # com/android/tools/r8/internal/xj$$Lambda+0x0000021b570b4ea8
instanceKlass com/android/tools/r8/internal/zg0
instanceKlass com/android/tools/r8/internal/xj
# instanceKlass com/android/tools/r8/internal/Gr0$$Lambda+0x0000021b570b4880
# instanceKlass com/android/tools/r8/internal/Gr0$$Lambda+0x0000021b570b4660
# instanceKlass com/android/tools/r8/internal/Gr0$$Lambda+0x0000021b570b4440
# instanceKlass com/android/tools/r8/internal/Gr0$$Lambda+0x0000021b570b4220
# instanceKlass com/android/tools/r8/internal/Gr0$$Lambda+0x0000021b570b4000
# instanceKlass com/android/tools/r8/internal/Gr0$$Lambda+0x0000021b570a9c68
# instanceKlass com/android/tools/r8/internal/Gr0$$Lambda+0x0000021b570a9a48
instanceKlass  @bci com/android/tools/r8/internal/Gr0 a (Lcom/android/tools/r8/internal/Gr0;)I 7 <appendix> argL0 ; # com/android/tools/r8/internal/Gr0$$Lambda+0x0000021b570a9828
instanceKlass  @cpi com/android/tools/r8/kotlin/O 153 form vmentry <vmtarget> ; # java/lang/invoke/LambdaForm$DMH+0x0000021b570a8c00
instanceKlass com/android/tools/r8/internal/Er0
instanceKlass com/android/tools/r8/internal/ji
instanceKlass com/android/tools/r8/graph/c4
instanceKlass com/android/tools/r8/graph/G3$i
instanceKlass com/android/tools/r8/graph/G3
instanceKlass com/android/tools/r8/graph/q4
instanceKlass com/android/tools/r8/internal/hx
instanceKlass com/android/tools/r8/internal/rY
instanceKlass com/android/tools/r8/internal/Q2
instanceKlass com/android/tools/r8/internal/x60
instanceKlass  @bci com/android/tools/r8/internal/Gs0 awaitFutures (Ljava/util/List;)V 1 <appendix> argL0 ; # com/android/tools/r8/internal/Gs0$$Lambda+0x0000021b570ae2b8
instanceKlass com/android/tools/r8/internal/Zc0
instanceKlass com/android/tools/r8/internal/DR
instanceKlass com/android/tools/r8/internal/M4
instanceKlass com/android/tools/r8/internal/de
# instanceKlass com/android/tools/r8/internal/xv$$Lambda+0x0000021b570ad368
# instanceKlass com/android/tools/r8/internal/xv$$Lambda+0x0000021b570ad140
# instanceKlass com/android/tools/r8/internal/xv$$Lambda+0x0000021b570acf18
# instanceKlass com/android/tools/r8/internal/xv$$Lambda+0x0000021b570accf0
# instanceKlass com/android/tools/r8/internal/xv$$Lambda+0x0000021b570acac8
# instanceKlass com/android/tools/r8/internal/xv$$Lambda+0x0000021b570ac8a0
instanceKlass  @bci com/android/tools/r8/internal/xv a (Lcom/android/tools/r8/origin/Origin;Lcom/android/tools/r8/position/Position;Ljava/lang/Runnable;)V 2 <appendix> member <vmtarget> ; # com/android/tools/r8/internal/xv$$Lambda+0x0000021b570ac678
# instanceKlass com/android/tools/r8/graph/r4$$Lambda+0x0000021b570ac450
# instanceKlass com/android/tools/r8/graph/r4$$Lambda+0x0000021b570ac228
instanceKlass  @bci com/android/tools/r8/graph/r4 b (Lcom/android/tools/r8/origin/Origin;[B)V 4 <appendix> member <vmtarget> ; # com/android/tools/r8/graph/r4$$Lambda+0x0000021b570ac000
instanceKlass java/util/concurrent/ForkJoinPool$DefaultForkJoinWorkerThreadFactory$1
instanceKlass jdk/internal/util/random/RandomSupport
instanceKlass java/util/Random
instanceKlass java/util/random/RandomGenerator
instanceKlass java/util/concurrent/ForkJoinTask$Aux
instanceKlass java/util/concurrent/ForkJoinTask
instanceKlass java/util/concurrent/RunnableFuture
instanceKlass java/util/concurrent/Future
instanceKlass  @bci com/android/tools/r8/internal/ss0 b (Lcom/android/tools/r8/internal/Ns0;)V 2 <appendix> member <vmtarget> ; # com/android/tools/r8/internal/ss0$$Lambda+0x0000021b570a7c20
instanceKlass java/util/concurrent/Callable
instanceKlass  @bci com/android/tools/r8/dex/a a (Ljava/util/ArrayList;Ljava/util/concurrent/ConcurrentLinkedQueue;)V 72 <appendix> member <vmtarget> ; # com/android/tools/r8/dex/a$$Lambda+0x0000021b570a79f8
instanceKlass com/android/tools/r8/internal/Ns0
instanceKlass  @bci com/android/tools/r8/graph/V <clinit> ()V 53 <appendix> argL0 ; # com/android/tools/r8/graph/V$$Lambda+0x0000021b570a75a8
instanceKlass  @bci com/android/tools/r8/graph/V <clinit> ()V 48 <appendix> argL0 ; # com/android/tools/r8/graph/V$$Lambda+0x0000021b570a7388
instanceKlass  @bci com/android/tools/r8/graph/V <clinit> ()V 31 <appendix> argL0 ; # com/android/tools/r8/graph/V$$Lambda+0x0000021b570a7138
instanceKlass  @bci com/android/tools/r8/graph/V <clinit> ()V 26 <appendix> argL0 ; # com/android/tools/r8/graph/V$$Lambda+0x0000021b570a6ac8
instanceKlass  @bci com/android/tools/r8/graph/V <clinit> ()V 9 <appendix> argL0 ; # com/android/tools/r8/graph/V$$Lambda+0x0000021b570a6878
instanceKlass  @cpi com/android/tools/r8/internal/VZ 113 form vmentry <vmtarget> ; # java/lang/invoke/LambdaForm$DMH+0x0000021b570a8800
instanceKlass  @bci com/android/tools/r8/graph/V <clinit> ()V 4 <appendix> argL0 ; # com/android/tools/r8/graph/V$$Lambda+0x0000021b570a6658
instanceKlass  @cpi com/android/tools/r8/graph/V 75 form vmentry <vmtarget> ; # java/lang/invoke/LambdaForm$DMH+0x0000021b570a8400
# instanceKlass java/lang/invoke/LambdaForm$DMH+0x0000021b570a8000
instanceKlass com/android/tools/r8/synthesis/K
instanceKlass com/android/tools/r8/graph/H2$a
instanceKlass com/android/tools/r8/graph/G3$b
instanceKlass com/android/tools/r8/graph/G3$d
instanceKlass com/android/tools/r8/graph/i3
instanceKlass com/android/tools/r8/graph/r5
instanceKlass com/android/tools/r8/graph/U
instanceKlass com/android/tools/r8/graph/V
instanceKlass  @bci com/android/tools/r8/dex/a a (Ljava/util/ArrayList;Ljava/util/concurrent/ConcurrentLinkedQueue;)V 28 <appendix> member <vmtarget> ; # com/android/tools/r8/dex/a$$Lambda+0x0000021b570a4438
instanceKlass com/android/tools/r8/graph/r4
instanceKlass java/io/RandomAccessFile$1
instanceKlass com/android/tools/r8/internal/P40
instanceKlass com/android/tools/r8/ProgramResource
instanceKlass com/android/tools/r8/internal/kK
instanceKlass com/android/tools/r8/internal/d8
instanceKlass  @bci com/android/tools/r8/dex/a b ()V 8 <appendix> member <vmtarget> ; # com/android/tools/r8/dex/a$$Lambda+0x0000021b570a26b8
instanceKlass com/android/tools/r8/internal/YJ
instanceKlass com/android/tools/r8/internal/RJ
instanceKlass com/android/tools/r8/graph/k4
instanceKlass com/android/tools/r8/graph/y0
instanceKlass java/util/concurrent/ConcurrentLinkedQueue$Node
instanceKlass com/android/tools/r8/internal/ce
instanceKlass com/android/tools/r8/internal/S0
instanceKlass com/android/tools/r8/internal/lU
instanceKlass com/android/tools/r8/internal/tZ
instanceKlass com/android/tools/r8/graph/B
instanceKlass com/android/tools/r8/dex/m
instanceKlass com/android/tools/r8/dex/a
instanceKlass com/android/tools/r8/internal/ss0
instanceKlass java/util/concurrent/atomic/AtomicReference
instanceKlass com/android/tools/r8/graph/c0
instanceKlass com/android/tools/r8/graph/c1
instanceKlass com/android/tools/r8/dex/c
instanceKlass com/android/tools/r8/internal/jt0
instanceKlass com/android/tools/r8/internal/at0
instanceKlass  @bci com/android/tools/r8/D8 a (Lcom/android/tools/r8/utils/i;Lcom/android/tools/r8/internal/QJ;)V 12 <appendix> member <vmtarget> ; # com/android/tools/r8/D8$$Lambda+0x0000021b5709a668
instanceKlass  @cpi com/android/tools/r8/kotlin/m 100 form vmentry <vmtarget> ; # java/lang/invoke/LambdaForm$DMH+0x0000021b57098400
instanceKlass java/util/concurrent/ForkJoinPool$2
instanceKlass jdk/internal/access/JavaUtilConcurrentFJPAccess
instanceKlass jdk/internal/vm/ThreadContainers
instanceKlass java/util/concurrent/ForkJoinPool$DefaultForkJoinWorkerThreadFactory
instanceKlass jdk/internal/vm/StackableScope
instanceKlass java/util/concurrent/ForkJoinPool$WorkQueue
instanceKlass java/util/concurrent/ForkJoinPool$ForkJoinWorkerThreadFactory
instanceKlass java/util/concurrent/AbstractExecutorService
instanceKlass java/util/concurrent/Executors
instanceKlass com/android/tools/r8/internal/Gs0
instanceKlass com/android/tools/r8/threading/ThreadingModule
instanceKlass com/android/tools/r8/threading/providers/blocking/ThreadingModuleBlockingProvider
instanceKlass com/android/tools/r8/threading/ThreadingModuleProvider
instanceKlass com/android/tools/r8/threading/a
instanceKlass com/android/tools/r8/internal/Fs0
instanceKlass com/android/tools/r8/internal/cI
instanceKlass com/android/tools/r8/internal/oU
instanceKlass  @bci com/android/tools/r8/BaseCompilerCommand a (Lcom/android/tools/r8/internal/At$a;)V 108 <appendix> argL0 ; # com/android/tools/r8/BaseCompilerCommand$$Lambda+0x0000021b5709f100
instanceKlass com/android/tools/r8/internal/s4
instanceKlass com/android/tools/r8/internal/Q80
instanceKlass  @bci com/android/tools/r8/internal/At$a c ()Lcom/android/tools/r8/internal/At$a; 5 <appendix> member <vmtarget> ; # com/android/tools/r8/internal/At$a$$Lambda+0x0000021b5709eaa0
instanceKlass  @bci com/android/tools/r8/internal/At$a b ()Ljava/util/Map; 16 <appendix> member <vmtarget> ; # com/android/tools/r8/internal/At$a$$Lambda+0x0000021b5709e868
instanceKlass java/util/Collections$SynchronizedCollection
instanceKlass java/util/Properties$EntrySet
instanceKlass com/android/tools/r8/internal/At$a
instanceKlass com/android/tools/r8/internal/At
instanceKlass  @bci com/android/tools/r8/internal/O80 a (Lcom/android/tools/r8/ClassConflictResolver;Lcom/android/tools/r8/internal/yg0;)Lcom/android/tools/r8/dex/b; 2 <appendix> member <vmtarget> ; # com/android/tools/r8/internal/O80$$Lambda+0x0000021b5709dbb0
instanceKlass com/android/tools/r8/dex/b
instanceKlass com/android/tools/r8/ClassConflictResolver
instanceKlass com/android/tools/r8/internal/rd
instanceKlass com/android/tools/r8/internal/dE
instanceKlass com/android/tools/r8/inspector/Inspector
instanceKlass com/android/tools/r8/AssertionsConfiguration$Builder
instanceKlass com/android/tools/r8/AssertionsConfiguration
instanceKlass com/android/tools/r8/internal/D4
instanceKlass  @bci com/android/tools/r8/D8Command b ()Lcom/android/tools/r8/internal/QJ; 295 <appendix> member <vmtarget> ; # com/android/tools/r8/D8Command$$Lambda+0x0000021b5709c208
instanceKlass com/android/tools/r8/internal/yV
instanceKlass  @bci com/android/tools/r8/D8Command b ()Lcom/android/tools/r8/internal/QJ; 282 <appendix> argL0 ; # com/android/tools/r8/D8Command$$Lambda+0x0000021b57097cc0
instanceKlass com/android/tools/r8/retrace/ProguardMapProducer
instanceKlass com/android/tools/r8/V
instanceKlass com/android/tools/r8/internal/UE
instanceKlass com/android/tools/r8/internal/tm0
instanceKlass com/android/tools/r8/internal/QJ$p$b
instanceKlass com/android/tools/r8/internal/QJ$p$a
instanceKlass  @bci com/android/tools/r8/internal/QJ$p <init> ()V 316 <appendix> argL0 ; # com/android/tools/r8/internal/QJ$p$$Lambda+0x0000021b57096bc8
instanceKlass  @bci com/android/tools/r8/internal/QJ$p <init> ()V 274 <appendix> argL0 ; # com/android/tools/r8/internal/QJ$p$$Lambda+0x0000021b570969a8
instanceKlass com/android/tools/r8/internal/du0
instanceKlass  @bci com/android/tools/r8/internal/hi a ()Ljava/util/function/BiConsumer; 0 <appendix> argL0 ; # com/android/tools/r8/internal/hi$$Lambda+0x0000021b57096578
instanceKlass  @cpi com/android/tools/r8/dex/n0 127 form vmentry <vmtarget> ; # java/lang/invoke/LambdaForm$DMH+0x0000021b57098000
instanceKlass  @bci com/android/tools/r8/internal/QJ$p <init> ()V 248 <appendix> argL0 ; # com/android/tools/r8/internal/QJ$p$$Lambda+0x0000021b57096338
instanceKlass com/android/tools/r8/graph/y
instanceKlass com/android/tools/r8/shaking/j2
instanceKlass com/android/tools/r8/shaking/u1
instanceKlass com/android/tools/r8/internal/fg0
instanceKlass com/android/tools/r8/internal/gg0
instanceKlass  @bci com/android/tools/r8/internal/QJ$p <init> ()V 228 <appendix> argL0 ; # com/android/tools/r8/internal/QJ$p$$Lambda+0x0000021b57094c60
instanceKlass com/android/tools/r8/dex/t0
instanceKlass com/android/tools/r8/dex/Y
instanceKlass com/android/tools/r8/internal/AB
instanceKlass com/android/tools/r8/internal/s3
instanceKlass com/android/tools/r8/internal/CB
instanceKlass com/android/tools/r8/internal/u3
instanceKlass com/android/tools/r8/internal/QJ$p
instanceKlass  @bci com/android/tools/r8/internal/hi b ()Ljava/util/function/Consumer; 0 <appendix> argL0 ; # com/android/tools/r8/internal/hi$$Lambda+0x0000021b57093b50
instanceKlass com/android/tools/r8/internal/hi
instanceKlass com/android/tools/r8/internal/xo0
instanceKlass com/android/tools/r8/internal/fc
instanceKlass com/android/tools/r8/internal/Yb0
instanceKlass com/android/tools/r8/tracereferences/i
instanceKlass com/android/tools/r8/internal/K70
instanceKlass  @bci com/android/tools/r8/internal/jp0 <init> (Lcom/android/tools/r8/internal/QJ;)V 77 <appendix> argL0 ; # com/android/tools/r8/internal/jp0$$Lambda+0x0000021b57091388
instanceKlass  @bci com/android/tools/r8/internal/jp0 <init> (Lcom/android/tools/r8/internal/QJ;)V 72 <appendix> argL0 ; # com/android/tools/r8/internal/jp0$$Lambda+0x0000021b57091148
instanceKlass com/android/tools/r8/internal/jp0
instanceKlass com/android/tools/r8/internal/v4
instanceKlass com/android/tools/r8/internal/QJ$j
instanceKlass com/android/tools/r8/internal/Gm
instanceKlass com/android/tools/r8/internal/ES
instanceKlass com/android/tools/r8/internal/QJ$e
instanceKlass com/android/tools/r8/internal/G2
instanceKlass com/android/tools/r8/internal/TJ
instanceKlass com/android/tools/r8/internal/td0
instanceKlass com/android/tools/r8/internal/QJ$n
instanceKlass com/android/tools/r8/internal/QJ$k
instanceKlass com/android/tools/r8/internal/fy0
instanceKlass com/android/tools/r8/internal/QJ$g
instanceKlass com/android/tools/r8/internal/rn0
instanceKlass com/android/tools/r8/internal/QJ$h
instanceKlass com/android/tools/r8/internal/QJ$d
instanceKlass com/android/tools/r8/internal/QJ$c
instanceKlass  @bci com/android/tools/r8/internal/ps0 a (Ljava/lang/String;)Z 21 <appendix> member <vmtarget> ; # com/android/tools/r8/internal/ps0$$Lambda+0x0000021b5708e2f8
instanceKlass sun/util/logging/PlatformLogger
instanceKlass sun/util/logging/PlatformLogger$ConfigurableBridge$LoggerConfiguration
instanceKlass jdk/internal/logger/BootstrapLogger$RedirectedLoggers
instanceKlass jdk/internal/logger/LazyLoggers$LazyLoggerAccessor
instanceKlass jdk/internal/logger/LazyLoggers$LoggerAccessor
instanceKlass jdk/internal/logger/AbstractLoggerWrapper
instanceKlass java/util/ServiceLoader$ProviderImpl
instanceKlass java/util/ServiceLoader$Provider
instanceKlass java/util/ServiceLoader$1
instanceKlass sun/util/logging/internal/LoggingProviderImpl$LogManagerAccess
instanceKlass java/util/concurrent/CopyOnWriteArrayList$COWIterator
instanceKlass jdk/internal/loader/URLClassPath$1
instanceKlass java/lang/CompoundEnumeration
instanceKlass jdk/internal/loader/BuiltinClassLoader$1
instanceKlass java/util/Collections$EmptyEnumeration
instanceKlass java/util/ServiceLoader$3
instanceKlass java/util/ServiceLoader$2
instanceKlass java/util/ServiceLoader$LazyClassPathLookupIterator
instanceKlass java/util/Spliterators$1Adapter
instanceKlass java/util/Spliterators$ArraySpliterator
instanceKlass java/util/ServiceLoader$ModuleServicesLookupIterator
instanceKlass java/util/ServiceLoader
instanceKlass jdk/internal/logger/BootstrapLogger$DetectBackend$1
instanceKlass jdk/internal/logger/BootstrapLogger$DetectBackend
instanceKlass jdk/internal/logger/BootstrapLogger
instanceKlass sun/util/logging/PlatformLogger$ConfigurableBridge
instanceKlass sun/util/logging/PlatformLogger$Bridge
instanceKlass jdk/internal/logger/DefaultLoggerFinder$1
instanceKlass java/lang/System$LoggerFinder
instanceKlass jdk/internal/logger/LazyLoggers$LazyLoggerFactories
instanceKlass jdk/internal/logger/LazyLoggers$1
instanceKlass jdk/internal/logger/LazyLoggers
instanceKlass jdk/internal/event/EventHelper$ThreadTrackHolder
instanceKlass sun/security/util/MemoryCache$QueueCacheEntry
instanceKlass sun/net/www/MessageHeader
instanceKlass sun/net/www/protocol/jar/JarFileFactory
instanceKlass sun/net/www/protocol/jar/URLJarFile$URLJarFileCloseController
instanceKlass java/net/URLConnection
instanceKlass jdk/internal/loader/BuiltinClassLoader$2
instanceKlass com/android/tools/r8/internal/Yx0
instanceKlass com/android/tools/r8/Version
instanceKlass com/android/tools/r8/internal/QJ$b
instanceKlass com/android/tools/r8/internal/QJ$o
instanceKlass  @bci com/android/tools/r8/internal/ps0 a (Ljava/lang/String;Z)Z 7 <appendix> member <vmtarget> ; # com/android/tools/r8/internal/ps0$$Lambda+0x0000021b5708d878
instanceKlass java/util/function/BooleanSupplier
instanceKlass com/android/tools/r8/internal/ps0
instanceKlass com/android/tools/r8/internal/T1
instanceKlass com/android/tools/r8/internal/QJ$l
instanceKlass  @bci com/android/tools/r8/internal/QJ <init> (Lcom/android/tools/r8/graph/u1;Lcom/android/tools/r8/internal/yg0;)V 355 <appendix> argL0 ; # com/android/tools/r8/internal/QJ$$Lambda+0x0000021b5708cbc0
instanceKlass com/android/tools/r8/internal/UJ
instanceKlass java/lang/ProcessEnvironment$CheckedEntry
instanceKlass java/lang/ProcessEnvironment$CheckedEntrySet$1
instanceKlass java/lang/ProcessEnvironment$EntryComparator
instanceKlass java/lang/ProcessEnvironment$NameComparator
instanceKlass com/android/tools/r8/ResourceShrinkerConfiguration
instanceKlass java/util/concurrent/atomic/AtomicBoolean
instanceKlass com/android/tools/r8/internal/Ts
instanceKlass com/android/tools/r8/internal/Rb
instanceKlass com/android/tools/r8/internal/IL
instanceKlass com/android/tools/r8/graph/J5
instanceKlass com/android/tools/r8/graph/A4
instanceKlass com/android/tools/r8/graph/f0
instanceKlass com/android/tools/r8/graph/B4
instanceKlass com/android/tools/r8/graph/h0
instanceKlass com/android/tools/r8/graph/i4
instanceKlass com/android/tools/r8/graph/h
instanceKlass com/android/tools/r8/internal/QJ
instanceKlass com/android/tools/r8/shaking/R0
instanceKlass com/android/tools/r8/GlobalSyntheticsConsumer
instanceKlass com/android/tools/r8/synthesis/j
instanceKlass com/android/tools/r8/InputDependencyGraphConsumer
instanceKlass com/android/tools/r8/shaking/r3
instanceKlass java/util/IdentityHashMap$IdentityHashMapIterator
instanceKlass com/android/tools/r8/internal/oV
instanceKlass com/android/tools/r8/internal/pV
instanceKlass com/android/tools/r8/internal/rV
instanceKlass com/android/tools/r8/internal/kV
instanceKlass com/android/tools/r8/kotlin/f
instanceKlass com/android/tools/r8/kotlin/e
instanceKlass com/android/tools/r8/kotlin/d
instanceKlass java/util/stream/Sink$ChainedInt
instanceKlass java/util/stream/Sink$OfInt
instanceKlass java/util/function/IntConsumer
instanceKlass  @bci java/util/stream/Collectors uniqKeysMapMerger ()Ljava/util/function/BinaryOperator; 0 <appendix> argL0 ; # java/util/stream/Collectors$$Lambda+0x0000021b5707a260
instanceKlass  @bci java/util/stream/Collectors uniqKeysMapAccumulator (Ljava/util/function/Function;Ljava/util/function/Function;)Ljava/util/function/BiConsumer; 2 <appendix> member <vmtarget> ; # java/util/stream/Collectors$$Lambda+0x0000021b5707a028
instanceKlass  @bci java/util/stream/Collectors toMap (Ljava/util/function/Function;Ljava/util/function/Function;)Ljava/util/stream/Collector; 4 <appendix> argL0 ; # java/util/stream/Collectors$$Lambda+0x0000021b57079e08
instanceKlass  @bci java/util/function/Function identity ()Ljava/util/function/Function; 0 <appendix> argL0 ; # java/util/function/Function$$Lambda+0x0000021b57079bc8
instanceKlass  @bci com/android/tools/r8/kotlin/c <init> (Lcom/android/tools/r8/kotlin/b;)V 27 <appendix> member <vmtarget> ; # com/android/tools/r8/kotlin/c$$Lambda+0x0000021b57087a58
instanceKlass  @bci java/util/stream/IntPipeline boxed ()Ljava/util/stream/Stream; 1 <appendix> argL0 ; # java/util/stream/IntPipeline$$Lambda+0x0000021b570794b0
instanceKlass java/util/function/IntFunction
instanceKlass java/util/stream/Streams$RangeIntSpliterator
instanceKlass java/util/stream/IntStream
instanceKlass com/android/tools/r8/internal/Y0
instanceKlass com/android/tools/r8/kotlin/c
instanceKlass com/android/tools/r8/kotlin/b
instanceKlass java/util/stream/Sink$ChainedReference
instanceKlass java/util/stream/ReduceOps$AccumulatingSink
instanceKlass java/util/stream/TerminalSink
instanceKlass java/util/stream/Sink
instanceKlass java/util/stream/ReduceOps$Box
instanceKlass java/util/stream/ReduceOps$ReduceOp
instanceKlass java/util/stream/TerminalOp
instanceKlass java/util/stream/ReduceOps
instanceKlass  @bci java/util/stream/Collectors castingIdentity ()Ljava/util/function/Function; 0 <appendix> argL0 ; # java/util/stream/Collectors$$Lambda+0x800000041
instanceKlass  @bci java/util/stream/Collectors toSet ()Ljava/util/stream/Collector; 14 <appendix> argL0 ; # java/util/stream/Collectors$$Lambda+0x80000003f
instanceKlass java/util/function/BinaryOperator
instanceKlass  @bci java/util/stream/Collectors toSet ()Ljava/util/stream/Collector; 9 <appendix> argL0 ; # java/util/stream/Collectors$$Lambda+0x800000038
instanceKlass java/util/function/BiConsumer
instanceKlass  @bci java/util/stream/Collectors toSet ()Ljava/util/stream/Collector; 4 <appendix> argL0 ; # java/util/stream/Collectors$$Lambda+0x800000044
instanceKlass java/util/stream/Collector
instanceKlass java/util/stream/Collectors
instanceKlass  @bci com/android/tools/r8/graph/u1 a ()Ljava/util/Set; 24 <appendix> member <vmtarget> ; # com/android/tools/r8/graph/u1$$Lambda+0x0000021b57083a08
# instanceKlass java/lang/invoke/LambdaForm$MH+0x0000021b57084000
instanceKlass sun/reflect/annotation/AnnotationParser
instanceKlass java/lang/Class$3
instanceKlass java/util/EnumMap$1
instanceKlass java/util/stream/StreamOpFlag$MaskBuilder
instanceKlass java/util/stream/Stream
instanceKlass java/util/stream/BaseStream
instanceKlass java/util/stream/PipelineHelper
instanceKlass java/util/stream/StreamSupport
instanceKlass java/util/Spliterators$IteratorSpliterator
instanceKlass java/util/Spliterator$OfDouble
instanceKlass java/util/Spliterator$OfLong
instanceKlass java/util/Spliterator$OfInt
instanceKlass java/util/Spliterator$OfPrimitive
instanceKlass java/util/Spliterators$EmptySpliterator
instanceKlass java/util/Spliterators
instanceKlass com/android/tools/r8/internal/oA
instanceKlass com/android/tools/r8/internal/K40
instanceKlass com/android/tools/r8/internal/yA
instanceKlass com/android/tools/r8/synthesis/P
instanceKlass com/android/tools/r8/internal/tA
instanceKlass com/android/tools/r8/references/TypeReference
instanceKlass com/android/tools/r8/synthesis/Q$b
instanceKlass com/android/tools/r8/synthesis/Q
instanceKlass com/android/tools/r8/graph/s2
instanceKlass com/android/tools/r8/graph/P1
instanceKlass com/android/tools/r8/graph/p2
instanceKlass com/android/tools/r8/graph/j2
instanceKlass com/android/tools/r8/graph/H1
instanceKlass com/android/tools/r8/graph/e2
instanceKlass com/android/tools/r8/graph/d2
instanceKlass com/android/tools/r8/graph/a2
instanceKlass com/android/tools/r8/graph/X1
instanceKlass com/android/tools/r8/graph/n2
instanceKlass com/android/tools/r8/graph/l2
instanceKlass com/android/tools/r8/graph/A1
instanceKlass com/android/tools/r8/graph/m2
instanceKlass com/android/tools/r8/graph/N1
instanceKlass com/android/tools/r8/graph/i2
instanceKlass com/android/tools/r8/graph/U1
instanceKlass com/android/tools/r8/graph/S1
instanceKlass com/android/tools/r8/graph/R1
instanceKlass com/android/tools/r8/graph/T1
instanceKlass com/android/tools/r8/graph/g
instanceKlass com/android/tools/r8/graph/h2
instanceKlass com/android/tools/r8/graph/I1
instanceKlass com/android/tools/r8/graph/G1
instanceKlass com/android/tools/r8/graph/z1
instanceKlass com/android/tools/r8/graph/u1$e
instanceKlass com/android/tools/r8/graph/o2
instanceKlass com/android/tools/r8/graph/D1
instanceKlass com/android/tools/r8/graph/u1$c
instanceKlass com/android/tools/r8/graph/k2
instanceKlass com/android/tools/r8/graph/r2
instanceKlass com/android/tools/r8/internal/MB
instanceKlass com/android/tools/r8/graph/G4
instanceKlass com/android/tools/r8/graph/L4
instanceKlass com/android/tools/r8/graph/G0
instanceKlass  @bci com/android/tools/r8/kotlin/n a (Lcom/android/tools/r8/graph/E0;Ljava/util/List;Lcom/android/tools/r8/graph/u1;)Lcom/android/tools/r8/internal/uC; 51 <appendix> form vmentry <vmtarget> ; # java/lang/invoke/LambdaForm$MH+0x0000021b57036c00
instanceKlass java/lang/invoke/LambdaFormEditor$1
# instanceKlass java/lang/invoke/LambdaForm$MH+0x0000021b57036800
instanceKlass  @bci com/android/tools/r8/kotlin/n a (Lcom/android/tools/r8/graph/E0;Ljava/util/List;Lcom/android/tools/r8/graph/u1;)Lcom/android/tools/r8/internal/uC; 51 <appendix> argL3 form vmentry <vmtarget> ; # java/lang/invoke/LambdaForm$MH+0x0000021b57036400
instanceKlass  @bci com/android/tools/r8/synthesis/Q a (Ljava/lang/String;Lcom/android/tools/r8/synthesis/Q$b;Ljava/lang/String;Ljava/lang/String;)Ljava/lang/String; 7 <appendix> argL3 argL2 form vmentry <vmtarget> ; # java/lang/invoke/LambdaForm$MH+0x0000021b57036000
# instanceKlass java/lang/invoke/LambdaForm$MH+0x0000021b57035c00
# instanceKlass java/lang/invoke/LambdaForm$MH+0x0000021b57035800
# instanceKlass java/lang/invoke/LambdaForm$MH+0x0000021b57035400
instanceKlass  @bci com/android/tools/r8/kotlin/n a (Lcom/android/tools/r8/graph/E0;Ljava/util/List;Lcom/android/tools/r8/graph/u1;)Lcom/android/tools/r8/internal/uC; 51 <appendix> argL1 form vmentry <vmtarget> ; # java/lang/invoke/LambdaForm$MH+0x0000021b57035000
# instanceKlass java/lang/invoke/LambdaForm$MH+0x0000021b57034c00
# instanceKlass java/lang/invoke/LambdaForm$MH+0x0000021b57034800
# instanceKlass java/lang/invoke/LambdaForm$MH+0x0000021b57034400
# instanceKlass java/lang/invoke/LambdaForm$MH+0x0000021b57034000
instanceKlass  @bci com/android/tools/r8/graph/u1 c (I)Lcom/android/tools/r8/graph/O0$b; 15 <appendix> argL0 ; # com/android/tools/r8/graph/u1$$Lambda+0x0000021b57033628
instanceKlass com/android/tools/r8/internal/wA
instanceKlass com/android/tools/r8/internal/AI
instanceKlass com/android/tools/r8/internal/WH
instanceKlass com/android/tools/r8/internal/x40
instanceKlass com/android/tools/r8/internal/l40
instanceKlass com/android/tools/r8/internal/Ge0
instanceKlass com/android/tools/r8/internal/Gl0
instanceKlass com/android/tools/r8/internal/Em0
instanceKlass com/android/tools/r8/internal/oL
instanceKlass com/android/tools/r8/internal/j40
instanceKlass com/android/tools/r8/internal/x1
instanceKlass com/android/tools/r8/internal/xf
instanceKlass com/android/tools/r8/internal/Jr0
instanceKlass com/android/tools/r8/internal/EA
instanceKlass com/android/tools/r8/internal/AA
instanceKlass com/android/tools/r8/internal/g7
instanceKlass com/android/tools/r8/internal/fH
instanceKlass com/android/tools/r8/internal/Q
instanceKlass com/android/tools/r8/internal/UG
instanceKlass com/android/tools/r8/internal/Ky
instanceKlass com/android/tools/r8/internal/mv0
instanceKlass com/android/tools/r8/graph/f2
instanceKlass com/android/tools/r8/graph/u1
instanceKlass com/android/tools/r8/DexFilePerClassFileConsumer
instanceKlass com/android/tools/r8/ClassFileConsumer
instanceKlass com/android/tools/r8/internal/q50
instanceKlass  @bci com/android/tools/r8/BaseCommand$Builder build ()Lcom/android/tools/r8/BaseCommand; 16 <appendix> member <vmtarget> ; # com/android/tools/r8/BaseCommand$Builder$$Lambda+0x0000021b57026c20
instanceKlass com/android/tools/r8/internal/xv$a
instanceKlass com/android/tools/r8/internal/E7
instanceKlass com/android/tools/r8/internal/dt
instanceKlass com/android/tools/r8/internal/V50
instanceKlass com/android/tools/r8/DexIndexedConsumer$ForwardingConsumer
instanceKlass com/android/tools/r8/internal/xg0
instanceKlass  @bci com/android/tools/r8/m b (Lcom/android/tools/r8/BaseCompilerCommand$Builder;Ljava/lang/String;[Ljava/lang/String;ILcom/android/tools/r8/origin/Origin;)I 6 <appendix> member <vmtarget> ; # com/android/tools/r8/m$$Lambda+0x0000021b570234c8
instanceKlass com/android/tools/r8/internal/l70
instanceKlass com/android/tools/r8/position/Position
instanceKlass com/android/tools/r8/shaking/Q0
instanceKlass com/android/tools/r8/utils/ArchiveResourceProvider
instanceKlass  @bci com/android/tools/r8/BaseCommand$Builder addProgramFiles (Ljava/util/Collection;)Lcom/android/tools/r8/BaseCommand$Builder; 4 <appendix> member <vmtarget> ; # com/android/tools/r8/BaseCommand$Builder$$Lambda+0x0000021b570229e8
instanceKlass  @bci com/android/tools/r8/dex/W <clinit> ()V 13 <appendix> form vmentry <vmtarget> ; # java/lang/invoke/LambdaForm$MH+0x0000021b57025c00
# instanceKlass java/lang/invoke/LambdaForm$MH+0x0000021b57025800
instanceKlass  @bci com/android/tools/r8/dex/W <clinit> ()V 13 <appendix> argL3 form vmentry <vmtarget> ; # java/lang/invoke/LambdaForm$MH+0x0000021b57025400
instanceKlass java/lang/invoke/MethodHandles$1
instanceKlass java/lang/Long$LongCache
# instanceKlass java/lang/invoke/LambdaForm$MH+0x0000021b57025000
instanceKlass  @bci com/android/tools/r8/kotlin/q b (Lcom/android/tools/r8/graph/R2;Ljava/lang/String;)[Ljava/lang/String; 41 <appendix> argL2 form vmentry <vmtarget> ; # java/lang/invoke/LambdaForm$MH+0x0000021b57024c00
# instanceKlass java/lang/invoke/LambdaForm$MH+0x0000021b57024800
instanceKlass  @bci com/android/tools/r8/kotlin/n a (Lcom/android/tools/r8/graph/E0;Ljava/util/List;Lcom/android/tools/r8/graph/u1;)Lcom/android/tools/r8/internal/uC; 51 <appendix> argL1 argL0 form vmentry <vmtarget> ; # java/lang/invoke/LambdaForm$MH+0x0000021b57024400
# instanceKlass java/lang/invoke/LambdaForm$MH+0x0000021b57024000
instanceKlass com/android/tools/r8/a
instanceKlass com/android/tools/r8/internal/J70
instanceKlass com/android/tools/r8/internal/Se
instanceKlass com/android/tools/r8/internal/G0
instanceKlass com/android/tools/r8/internal/h6
instanceKlass com/android/tools/r8/internal/Wy
instanceKlass com/android/tools/r8/internal/s50
instanceKlass com/android/tools/r8/internal/xC
instanceKlass com/android/tools/r8/internal/Gl
instanceKlass com/android/tools/r8/utils/u
instanceKlass java/util/zip/ZipFile$ZipEntryIterator
instanceKlass  @bci com/android/tools/r8/internal/CJ <init> (Ljava/nio/file/Path;)V 1 <appendix> argL0 ; # com/android/tools/r8/internal/CJ$$Lambda+0x0000021b5701bc60
instanceKlass com/android/tools/r8/internal/CJ
instanceKlass com/android/tools/r8/DataResourceProvider
instanceKlass com/android/tools/r8/internal/jx
instanceKlass  @bci com/android/tools/r8/BaseCommand$Builder addLibraryFiles (Ljava/util/Collection;)Lcom/android/tools/r8/BaseCommand$Builder; 4 <appendix> member <vmtarget> ; # com/android/tools/r8/BaseCommand$Builder$$Lambda+0x0000021b5701b3c0
instanceKlass  @cpi com/android/tools/r8/graph/z5 354 form vmentry <vmtarget> ; # java/lang/invoke/LambdaForm$DMH+0x0000021b5701c800
instanceKlass sun/nio/fs/WindowsPath$1
instanceKlass  @bci com/android/tools/r8/p a ([Ljava/lang/String;Lcom/android/tools/r8/origin/Origin;Lcom/android/tools/r8/D8Command$Builder;)Lcom/android/tools/r8/D8Command$Builder; 1072 <appendix> member <vmtarget> ; # com/android/tools/r8/p$$Lambda+0x0000021b5701b188
instanceKlass  @cpi com/android/tools/r8/p 497 form vmentry <vmtarget> ; # java/lang/invoke/LambdaForm$DMH+0x0000021b5701c400
instanceKlass  @bci com/android/tools/r8/p a ([Ljava/lang/String;Lcom/android/tools/r8/origin/Origin;Lcom/android/tools/r8/D8Command$Builder;)Lcom/android/tools/r8/D8Command$Builder; 1066 <appendix> member <vmtarget> ; # com/android/tools/r8/p$$Lambda+0x0000021b5701af50
instanceKlass com/android/tools/r8/internal/tr0
instanceKlass com/android/tools/r8/internal/Gx
instanceKlass  @bci com/android/tools/r8/p a ([Ljava/lang/String;Lcom/android/tools/r8/origin/Origin;Lcom/android/tools/r8/D8Command$Builder;)Lcom/android/tools/r8/D8Command$Builder; 29 <appendix> member <vmtarget> ; # com/android/tools/r8/p$$Lambda+0x0000021b5701a6b0
instanceKlass java/util/function/Consumer
instanceKlass com/android/tools/r8/internal/jC
instanceKlass java/util/Spliterator
instanceKlass com/android/tools/r8/p$a$a
instanceKlass com/android/tools/r8/p$a
# instanceKlass java/lang/invoke/LambdaForm$DMH+0x0000021b5701c000
instanceKlass java/lang/invoke/MethodHandle$1
instanceKlass  @bci com/android/tools/r8/BaseCompilerCommand$Builder <init> (Lcom/android/tools/r8/DiagnosticsHandler;)V 69 <appendix> argL0 ; # com/android/tools/r8/BaseCompilerCommand$Builder$$Lambda+0x0000021b570181f8
instanceKlass java/util/function/BiPredicate
instanceKlass com/android/tools/r8/utils/i$a
instanceKlass com/android/tools/r8/DataResource
instanceKlass com/android/tools/r8/internal/oe
instanceKlass com/android/tools/r8/DataResourceProvider$Visitor
instanceKlass com/android/tools/r8/utils/i
instanceKlass com/android/tools/r8/internal/yg0
instanceKlass com/android/tools/r8/o
instanceKlass com/android/tools/r8/PartitionMapConsumer
instanceKlass com/android/tools/r8/internal/Cm
instanceKlass com/android/tools/r8/Q
instanceKlass com/android/tools/r8/DataResourceConsumer
instanceKlass com/android/tools/r8/internal/Cw0
instanceKlass com/android/tools/r8/internal/DA
instanceKlass com/android/tools/r8/internal/kI
instanceKlass com/android/tools/r8/internal/lI
instanceKlass com/android/tools/r8/internal/cD
instanceKlass com/android/tools/r8/profile/art/ArtProfileProvider
instanceKlass com/android/tools/r8/profile/art/ArtProfileConsumer
instanceKlass com/android/tools/r8/StringConsumer
instanceKlass com/android/tools/r8/w0
instanceKlass com/android/tools/r8/Resource
instanceKlass com/android/tools/r8/ClassFileResourceProvider
instanceKlass com/android/tools/r8/m
instanceKlass com/android/tools/r8/naming/Q
instanceKlass com/android/tools/r8/G
instanceKlass com/android/tools/r8/internal/zt
instanceKlass com/android/tools/r8/DiagnosticsHandler
instanceKlass com/android/tools/r8/internal/xv
instanceKlass  @bci com/android/tools/r8/D8 main ([Ljava/lang/String;)V 6 <appendix> member <vmtarget> ; # com/android/tools/r8/D8$$Lambda+0x0000021b5700d680
instanceKlass  @cpi com/android/tools/r8/internal/up 110 form vmentry <vmtarget> ; # java/lang/invoke/LambdaForm$DMH+0x0000021b57010000
instanceKlass com/android/tools/r8/internal/yv
instanceKlass java/lang/PublicMethods$Key
instanceKlass java/lang/PublicMethods$MethodList
instanceKlass java/util/concurrent/ExecutorService
instanceKlass java/util/concurrent/Executor
instanceKlass com/android/tools/r8/internal/Hh
instanceKlass com/android/tools/r8/internal/F1
instanceKlass com/android/tools/r8/internal/dg
instanceKlass com/android/tools/r8/internal/r
instanceKlass com/android/tools/r8/internal/mD
instanceKlass com/android/tools/r8/internal/GT
instanceKlass com/android/tools/r8/graph/q5
instanceKlass com/android/tools/r8/internal/Gr0
instanceKlass com/android/tools/r8/internal/r50
instanceKlass com/android/tools/r8/internal/qv
instanceKlass com/android/tools/r8/graph/L5
instanceKlass com/android/tools/r8/graph/G5
instanceKlass com/android/tools/r8/graph/M5
instanceKlass com/android/tools/r8/graph/H5
instanceKlass com/android/tools/r8/graph/n1
instanceKlass com/android/tools/r8/graph/b0
instanceKlass com/android/tools/r8/graph/S
instanceKlass com/android/tools/r8/graph/o0
instanceKlass com/android/tools/r8/graph/w0
instanceKlass com/android/tools/r8/ProgramResourceProvider
instanceKlass com/android/tools/r8/dex/k
instanceKlass com/android/tools/r8/DexIndexedConsumer
instanceKlass com/android/tools/r8/ByteBufferProvider
instanceKlass com/android/tools/r8/ProgramConsumer
instanceKlass com/android/tools/r8/Diagnostic
instanceKlass com/android/tools/r8/internal/AC
instanceKlass com/android/tools/r8/graph/x0
instanceKlass com/android/tools/r8/graph/d1
instanceKlass com/android/tools/r8/BaseCommand$Builder
instanceKlass com/android/tools/r8/origin/Origin
instanceKlass com/android/tools/r8/BaseCommand
instanceKlass jdk/internal/misc/PreviewFeatures
instanceKlass jdk/internal/misc/MainMethodFinder
instanceKlass com/android/tools/r8/D8
instanceKlass java/security/SecureClassLoader$DebugHolder
instanceKlass java/security/PermissionCollection
instanceKlass java/security/SecureClassLoader$1
instanceKlass java/util/zip/Checksum$1
instanceKlass java/util/zip/CRC32
instanceKlass java/util/zip/Checksum
instanceKlass sun/nio/ByteBuffered
instanceKlass sun/security/util/ManifestEntryVerifier$SunProviderHolder
instanceKlass java/lang/Package$VersionInfo
instanceKlass java/lang/NamedPackage
instanceKlass java/util/LinkedList$Node
instanceKlass java/util/Base64$Encoder
instanceKlass java/util/Base64$Decoder
instanceKlass java/util/Base64
instanceKlass javax/crypto/SecretKey
instanceKlass sun/security/util/Length
instanceKlass sun/security/util/KeyUtil
instanceKlass java/security/interfaces/XECKey
instanceKlass java/security/interfaces/ECKey
instanceKlass sun/security/util/JarConstraintsParameters
instanceKlass sun/security/util/ConstraintsParameters
instanceKlass java/security/CodeSigner
instanceKlass java/security/Timestamp
instanceKlass sun/security/timestamp/TimestampToken
instanceKlass java/security/cert/CertPath
# instanceKlass java/lang/invoke/LambdaForm$MH+0x0000021b57001800
instanceKlass java/math/MutableBigInteger
instanceKlass sun/security/rsa/RSAPadding
instanceKlass sun/security/rsa/RSACore
instanceKlass java/security/interfaces/RSAPrivateCrtKey
instanceKlass sun/security/pkcs/PKCS8Key
instanceKlass sun/security/util/InternalPrivateKey
instanceKlass java/security/interfaces/RSAPrivateKey
instanceKlass java/security/PrivateKey
instanceKlass javax/security/auth/Destroyable
instanceKlass jdk/internal/icu/util/CodePointTrie$Data
instanceKlass jdk/internal/icu/util/CodePointMap
instanceKlass jdk/internal/icu/util/VersionInfo
instanceKlass  @bci jdk/internal/module/SystemModuleFinders$SystemModuleReader open (Ljava/lang/String;)Ljava/util/Optional; 6 <appendix> member <vmtarget> ; # jdk/internal/module/SystemModuleFinders$SystemModuleReader$$Lambda+0x0000021b5706ce00
instanceKlass jdk/internal/jimage/ImageLocation
instanceKlass jdk/internal/jimage/decompressor/Decompressor
instanceKlass jdk/internal/jimage/ImageStringsReader
instanceKlass jdk/internal/jimage/ImageStrings
instanceKlass jdk/internal/jimage/ImageHeader
instanceKlass jdk/internal/jimage/NativeImageBuffer$1
instanceKlass jdk/internal/jimage/NativeImageBuffer
instanceKlass jdk/internal/jimage/BasicImageReader$1
instanceKlass jdk/internal/jimage/BasicImageReader
instanceKlass jdk/internal/jimage/ImageReader
instanceKlass jdk/internal/jimage/ImageReaderFactory$1
instanceKlass java/nio/file/FileSystems$DefaultFileSystemHolder$1
instanceKlass java/nio/file/FileSystems$DefaultFileSystemHolder
instanceKlass java/nio/file/FileSystems
instanceKlass java/nio/file/Paths
instanceKlass jdk/internal/jimage/ImageReaderFactory
instanceKlass jdk/internal/module/SystemModuleFinders$SystemImage
instanceKlass jdk/internal/module/SystemModuleFinders$SystemModuleReader
instanceKlass java/lang/module/ModuleReader
instanceKlass jdk/internal/loader/BuiltinClassLoader$5
instanceKlass jdk/internal/module/Checks
instanceKlass jdk/internal/module/Resources
instanceKlass jdk/internal/icu/impl/ICUBinary$1
instanceKlass jdk/internal/icu/impl/ICUBinary
instanceKlass jdk/internal/icu/impl/NormalizerImpl$IsAcceptable
instanceKlass jdk/internal/icu/impl/ICUBinary$Authenticate
instanceKlass jdk/internal/icu/impl/NormalizerImpl
instanceKlass jdk/internal/icu/impl/Norm2AllModes$Norm2AllModesSingleton
instanceKlass jdk/internal/icu/impl/Norm2AllModes$NFKCSingleton
instanceKlass jdk/internal/icu/impl/Norm2AllModes
instanceKlass jdk/internal/icu/text/Normalizer2
instanceKlass jdk/internal/icu/text/NormalizerBase$ModeImpl
instanceKlass jdk/internal/icu/text/NormalizerBase$NFKDModeImpl
instanceKlass jdk/internal/icu/text/NormalizerBase$1
instanceKlass jdk/internal/icu/text/NormalizerBase$Mode
instanceKlass jdk/internal/icu/text/NormalizerBase
instanceKlass java/text/Normalizer
instanceKlass sun/security/x509/AVAKeyword
instanceKlass java/util/StringJoiner
instanceKlass java/security/Signature$1
instanceKlass jdk/internal/access/JavaSecuritySignatureAccess
instanceKlass java/security/SignatureSpi
instanceKlass sun/security/util/SignatureUtil
instanceKlass java/lang/invoke/VarHandle$AccessDescriptor
instanceKlass sun/security/provider/ByteArrayAccess$BE
instanceKlass sun/security/provider/ByteArrayAccess
instanceKlass sun/security/util/MessageDigestSpi2
instanceKlass sun/security/util/SecurityProperties
instanceKlass sun/security/util/CryptoAlgorithmConstraints$CryptoHolder
instanceKlass java/security/MessageDigestSpi
instanceKlass sun/security/pkcs/SigningCertificateInfo$ESSCertId
instanceKlass sun/security/pkcs/SigningCertificateInfo
instanceKlass sun/security/pkcs/PKCS9Attribute
instanceKlass sun/security/pkcs/PKCS9Attributes
instanceKlass java/time/Instant
instanceKlass java/time/zone/ZoneOffsetTransition
instanceKlass java/time/LocalTime
instanceKlass java/time/temporal/ValueRange
instanceKlass java/time/Duration
instanceKlass java/time/temporal/TemporalAmount
instanceKlass java/time/temporal/TemporalUnit
instanceKlass java/time/temporal/TemporalField
instanceKlass java/time/LocalDate
instanceKlass java/time/chrono/ChronoLocalDate
instanceKlass java/time/ZonedDateTime
instanceKlass java/time/chrono/ChronoZonedDateTime
instanceKlass java/time/LocalDateTime
instanceKlass java/time/chrono/ChronoLocalDateTime
instanceKlass java/time/temporal/Temporal
instanceKlass java/time/zone/ZoneOffsetTransitionRule
instanceKlass java/time/zone/ZoneRules
instanceKlass java/time/temporal/TemporalAdjuster
instanceKlass java/time/temporal/TemporalAccessor
instanceKlass java/time/ZoneId
instanceKlass  @bci java/util/regex/Pattern Single (I)Ljava/util/regex/Pattern$BmpCharPredicate; 1 <appendix> member <vmtarget> ; # java/util/regex/Pattern$$Lambda+0x800000028
instanceKlass  @bci java/util/regex/CharPredicates ASCII_DIGIT ()Ljava/util/regex/Pattern$BmpCharPredicate; 0 <appendix> argL0 ; # java/util/regex/CharPredicates$$Lambda+0x800000024
instanceKlass  @bci java/util/regex/CharPredicates ASCII_SPACE ()Ljava/util/regex/Pattern$BmpCharPredicate; 0 <appendix> argL0 ; # java/util/regex/CharPredicates$$Lambda+0x800000025
instanceKlass java/util/regex/Pattern$BmpCharPredicate
instanceKlass java/util/regex/CharPredicates
instanceKlass sun/security/util/DisabledAlgorithmConstraints$Constraints$Holder
instanceKlass sun/security/util/DisabledAlgorithmConstraints$Constraint
instanceKlass java/util/StringTokenizer
instanceKlass java/util/Collections$UnmodifiableCollection
instanceKlass java/security/spec/ECFieldF2m
instanceKlass java/security/spec/ECParameterSpec
instanceKlass java/security/spec/ECPoint
instanceKlass java/security/spec/EllipticCurve
instanceKlass java/security/spec/ECFieldFp
instanceKlass java/security/spec/ECField
instanceKlass sun/security/util/CurveDB
instanceKlass sun/security/util/DisabledAlgorithmConstraints$Constraints
instanceKlass java/util/regex/IntHashSet
instanceKlass java/util/regex/Matcher
instanceKlass java/util/regex/MatchResult
instanceKlass java/util/TreeMap$PrivateEntryIterator
instanceKlass java/util/Arrays$ArrayItr
instanceKlass java/util/NavigableSet
instanceKlass java/util/SortedSet
instanceKlass sun/security/util/AbstractAlgorithmConstraints$1
instanceKlass sun/security/util/AlgorithmDecomposer
instanceKlass sun/security/util/DisabledAlgorithmConstraints$JarHolder
instanceKlass java/util/regex/Pattern$TreeInfo
instanceKlass  @bci java/util/regex/Pattern DOT ()Ljava/util/regex/Pattern$CharPredicate; 0 <appendix> argL0 ; # java/util/regex/Pattern$$Lambda+0x0000021b5705f7b8
instanceKlass java/util/regex/Pattern$CharPredicate
instanceKlass java/util/regex/ASCII
instanceKlass java/util/regex/Pattern$Node
instanceKlass java/util/regex/Pattern
instanceKlass sun/security/util/AbstractAlgorithmConstraints
instanceKlass java/security/AlgorithmConstraints
instanceKlass sun/security/pkcs/SignerInfo
instanceKlass java/security/cert/PolicyQualifierInfo
instanceKlass sun/security/x509/CertificatePolicyId
instanceKlass sun/security/x509/PolicyInformation
instanceKlass sun/security/x509/DistributionPoint
instanceKlass sun/security/util/HostnameChecker
instanceKlass sun/security/x509/DNSName
instanceKlass java/net/URI$Parser
instanceKlass sun/security/x509/URIName
instanceKlass sun/security/x509/GeneralName
instanceKlass sun/security/x509/AccessDescription
instanceKlass sun/security/x509/GeneralNames
instanceKlass java/lang/invoke/VarForm
instanceKlass java/lang/invoke/VarHandleGuards
instanceKlass java/lang/invoke/VarHandles
instanceKlass java/lang/System$Logger
instanceKlass jdk/internal/event/EventHelper
instanceKlass sun/security/jca/JCAUtil
instanceKlass sun/security/util/MemoryCache$CacheEntry
instanceKlass sun/security/x509/KeyIdentifier
instanceKlass java/util/TreeMap$Entry
# instanceKlass java/lang/invoke/LambdaForm$MH+0x0000021b57001400
instanceKlass  @bci com/android/tools/r8/kotlin/n a (Lcom/android/tools/r8/graph/y;Lcom/android/tools/r8/graph/E0;)Lcom/android/tools/r8/internal/d60; 588 <appendix> form vmentry <vmtarget> ; # java/lang/invoke/LambdaForm$MH+0x0000021b57001000
instanceKlass sun/security/x509/OIDMap$OIDInfo
instanceKlass sun/security/x509/PKIXExtensions
instanceKlass sun/security/x509/OIDMap
instanceKlass sun/security/x509/Extension
instanceKlass java/security/cert/Extension
instanceKlass java/util/Collections$SynchronizedMap
instanceKlass java/util/NavigableMap
instanceKlass java/util/SortedMap
instanceKlass sun/security/x509/CertificateExtensions
instanceKlass sun/security/rsa/RSAUtil
instanceKlass java/security/interfaces/RSAPublicKey
instanceKlass java/security/interfaces/RSAKey
instanceKlass java/security/spec/PSSParameterSpec
instanceKlass java/security/spec/AlgorithmParameterSpec
instanceKlass java/security/spec/RSAPrivateKeySpec
instanceKlass java/security/spec/RSAPublicKeySpec
instanceKlass java/security/KeyFactorySpi
instanceKlass sun/security/rsa/SunRsaSignEntries
instanceKlass sun/security/jca/ProviderList$ServiceList$1
instanceKlass java/security/KeyFactory
instanceKlass  @bci java/security/spec/EncodedKeySpec <clinit> ()V 0 <appendix> argL0 ; # java/security/spec/EncodedKeySpec$$Lambda+0x0000021b57055540
instanceKlass  @cpi java/security/spec/EncodedKeySpec 79 form vmentry <vmtarget> ; # java/lang/invoke/LambdaForm$DMH+0x0000021b57000c00
instanceKlass jdk/internal/access/JavaSecuritySpecAccess
instanceKlass java/security/spec/EncodedKeySpec
instanceKlass java/security/spec/KeySpec
instanceKlass sun/security/util/BitArray
instanceKlass sun/security/x509/X509Key
instanceKlass java/security/PublicKey
instanceKlass java/security/Key
instanceKlass sun/security/x509/CertificateX509Key
instanceKlass java/util/Date
instanceKlass sun/util/calendar/CalendarUtils
instanceKlass sun/util/calendar/CalendarDate
instanceKlass sun/util/calendar/CalendarSystem$GregorianHolder
instanceKlass sun/util/calendar/CalendarSystem
instanceKlass sun/security/x509/CertificateValidity
instanceKlass sun/security/x509/AVA
instanceKlass sun/security/x509/RDN
instanceKlass javax/security/auth/x500/X500Principal
instanceKlass  @bci sun/security/x509/X500Name <clinit> ()V 153 <appendix> argL0 ; # sun/security/x509/X500Name$$Lambda+0x0000021b57052e40
instanceKlass sun/security/x509/X500Name
instanceKlass sun/security/x509/GeneralNameInterface
instanceKlass sun/security/x509/CertificateAlgorithmId
instanceKlass sun/security/x509/SerialNumber
instanceKlass sun/security/x509/CertificateSerialNumber
instanceKlass sun/security/x509/CertificateVersion
instanceKlass sun/security/x509/X509CertInfo
instanceKlass sun/security/util/Cache$EqualByteArray
instanceKlass java/security/cert/X509Extension
instanceKlass java/lang/Byte$ByteCache
instanceKlass  @bci sun/security/util/DerInputStream seeOptionalContextSpecific (I)Z 2 <appendix> member <vmtarget> ; # sun/security/util/DerInputStream$$Lambda+0x0000021b57050770
instanceKlass  @cpi com/android/tools/r8/internal/sB 851 form vmentry <vmtarget> ; # java/lang/invoke/LambdaForm$DMH+0x0000021b57000800
instanceKlass java/util/function/Predicate
instanceKlass sun/security/jca/GetInstance$Instance
instanceKlass jdk/internal/reflect/MethodHandleAccessorFactory$LazyStaticHolder
instanceKlass sun/security/util/Cache
instanceKlass jdk/internal/event/Event
instanceKlass sun/security/jca/GetInstance
instanceKlass java/security/cert/CertificateFactorySpi
instanceKlass java/security/cert/CertificateFactory
instanceKlass sun/security/x509/AlgorithmId
instanceKlass sun/security/util/ByteArrayTagOrder
instanceKlass sun/security/util/ByteArrayLexOrder
instanceKlass sun/security/util/DerValue
instanceKlass sun/security/util/ObjectIdentifier
instanceKlass sun/security/pkcs/ContentInfo
instanceKlass sun/security/util/DerEncoder
instanceKlass sun/security/util/DerInputStream
instanceKlass sun/security/pkcs/PKCS7
instanceKlass java/util/Collections$EmptyIterator
instanceKlass java/util/LinkedHashMap$LinkedHashIterator
instanceKlass sun/security/util/SecurityProviderConstants
instanceKlass java/security/Provider$UString
instanceKlass java/security/Provider$Service
instanceKlass sun/security/provider/NativePRNG$NonBlocking
instanceKlass sun/security/provider/NativePRNG$Blocking
instanceKlass sun/security/provider/NativePRNG
instanceKlass sun/security/provider/SunEntries$1
instanceKlass sun/security/provider/SunEntries
instanceKlass java/security/Permission
instanceKlass java/security/Guard
instanceKlass sun/security/util/SecurityConstants
instanceKlass java/security/Security$1
instanceKlass jdk/internal/access/JavaSecurityPropertiesAccess
instanceKlass java/util/concurrent/ConcurrentHashMap$MapEntry
instanceKlass java/io/FileInputStream$1
instanceKlass java/util/Properties$LineReader
instanceKlass  @bci java/security/Security <clinit> ()V 9 <appendix> argL0 ; # java/security/Security$$Lambda+0x80000000b
instanceKlass java/security/Security
instanceKlass sun/security/jca/ProviderList$2
instanceKlass java/util/SequencedSet
instanceKlass jdk/internal/math/FloatingDecimal$ASCIIToBinaryBuffer
instanceKlass jdk/internal/math/FloatingDecimal$PreparedASCIIToBinaryBuffer
instanceKlass jdk/internal/math/FloatingDecimal$ASCIIToBinaryConverter
instanceKlass jdk/internal/math/FloatingDecimal$BinaryToASCIIBuffer
instanceKlass jdk/internal/math/FloatingDecimal$ExceptionalBinaryToASCIIBuffer
instanceKlass jdk/internal/math/FloatingDecimal$BinaryToASCIIConverter
instanceKlass jdk/internal/math/FloatingDecimal
instanceKlass javax/security/auth/login/Configuration$Parameters
instanceKlass java/security/Policy$Parameters
instanceKlass java/security/cert/CertStoreParameters
instanceKlass java/security/SecureRandomParameters
instanceKlass java/security/Provider$EngineDescription
instanceKlass java/security/Provider$ServiceKey
instanceKlass sun/security/jca/ProviderConfig
instanceKlass sun/security/jca/ProviderList
instanceKlass sun/security/jca/Providers
instanceKlass  @bci com/android/tools/r8/graph/z5 <init> (Lcom/android/tools/r8/graph/y;Lcom/android/tools/r8/graph/z5;Lcom/android/tools/r8/internal/yS;Ljava/util/Set;Ljava/util/Map;Ljava/util/Collection;Ljava/util/Collection;Ljava/util/Collection;Ljava/util/Collection;Ljava/util/Collection;Ljava/util/Collection;ILcom/android/tools/r8/internal/kp0;Lcom/android/tools/r8/dex/t0;Lcom/android/tools/r8/internal/at0;)V 248 <appendix> form vmentry <vmtarget> ; # java/lang/invoke/LambdaForm$MH+0x0000021b57000400
instanceKlass jdk/internal/org/objectweb/asm/FieldVisitor
instanceKlass java/lang/invoke/InvokerBytecodeGenerator$ClassData
instanceKlass jdk/internal/org/objectweb/asm/Frame
instanceKlass java/lang/invoke/LambdaFormBuffer
instanceKlass java/lang/invoke/LambdaFormEditor$TransformKey
instanceKlass java/lang/invoke/LambdaFormEditor
instanceKlass java/lang/invoke/DelegatingMethodHandle$Holder
instanceKlass java/lang/invoke/DirectMethodHandle$2
instanceKlass java/lang/invoke/ClassSpecializer$Factory
instanceKlass java/lang/invoke/ClassSpecializer$SpeciesData
instanceKlass java/lang/invoke/ClassSpecializer$1
instanceKlass java/lang/invoke/ClassSpecializer
instanceKlass sun/invoke/empty/Empty
instanceKlass sun/invoke/util/VerifyType
instanceKlass  @bci sun/security/util/ManifestDigester <init> ([B)V 350 <appendix> argL0 ; # sun/security/util/ManifestDigester$$Lambda+0x0000021b57044178
instanceKlass java/lang/invoke/MethodHandles$Lookup$ClassDefiner
instanceKlass java/lang/invoke/MethodHandles$Lookup$ClassFile
instanceKlass jdk/internal/org/objectweb/asm/AnnotationVisitor
instanceKlass jdk/internal/org/objectweb/asm/Attribute
instanceKlass jdk/internal/org/objectweb/asm/Handler
instanceKlass jdk/internal/org/objectweb/asm/Label
instanceKlass jdk/internal/org/objectweb/asm/MethodVisitor
instanceKlass java/lang/invoke/LambdaProxyClassArchive
instanceKlass jdk/internal/org/objectweb/asm/ByteVector
instanceKlass jdk/internal/org/objectweb/asm/Symbol
instanceKlass jdk/internal/org/objectweb/asm/SymbolTable
instanceKlass jdk/internal/org/objectweb/asm/ClassVisitor
instanceKlass java/lang/invoke/InfoFromMemberName
instanceKlass java/lang/invoke/MethodHandleInfo
instanceKlass jdk/internal/org/objectweb/asm/ConstantDynamic
instanceKlass sun/invoke/util/BytecodeDescriptor
instanceKlass jdk/internal/org/objectweb/asm/Handle
instanceKlass sun/security/action/GetBooleanAction
instanceKlass jdk/internal/org/objectweb/asm/Type
instanceKlass java/lang/invoke/AbstractValidatingLambdaMetafactory
instanceKlass java/lang/invoke/MethodHandleImpl$1
instanceKlass jdk/internal/access/JavaLangInvokeAccess
instanceKlass java/lang/invoke/Invokers$Holder
instanceKlass java/lang/invoke/BootstrapMethodInvoker
instanceKlass java/lang/invoke/InvokerBytecodeGenerator$1
instanceKlass java/lang/invoke/InvokerBytecodeGenerator
instanceKlass java/lang/invoke/LambdaForm$Holder
instanceKlass java/lang/invoke/LambdaForm$Name
instanceKlass java/lang/invoke/Invokers
instanceKlass java/lang/invoke/MethodHandleImpl
instanceKlass sun/invoke/util/ValueConversions
instanceKlass java/lang/invoke/DirectMethodHandle$Holder
instanceKlass java/lang/invoke/LambdaForm$NamedFunction
instanceKlass sun/invoke/util/Wrapper$Format
instanceKlass java/lang/invoke/MethodTypeForm
instanceKlass java/lang/Void
instanceKlass jdk/internal/util/StrongReferenceKey
instanceKlass jdk/internal/util/ReferenceKey
instanceKlass jdk/internal/util/ReferencedKeyMap
instanceKlass java/lang/invoke/MethodType$1
instanceKlass java/lang/invoke/LambdaMetafactory
instanceKlass sun/security/util/ManifestDigester$Section
instanceKlass sun/security/util/ManifestDigester$Entry
instanceKlass sun/security/util/ManifestDigester$Position
instanceKlass sun/security/util/ManifestDigester
instanceKlass sun/security/util/ManifestEntryVerifier
instanceKlass jdk/internal/misc/ThreadTracker
instanceKlass java/util/jar/JarFile$ThreadTrackHolder
instanceKlass java/lang/reflect/Array
instanceKlass java/util/jar/Attributes$Name
instanceKlass java/util/SequencedMap
instanceKlass java/util/jar/Attributes
instanceKlass java/util/jar/JarVerifier
instanceKlass jdk/internal/loader/Resource
instanceKlass java/util/ArrayList$Itr
instanceKlass sun/security/action/GetIntegerAction
instanceKlass sun/security/util/Debug
instanceKlass sun/security/util/SignatureFileVerifier
instanceKlass java/util/zip/ZipFile$InflaterCleanupAction
instanceKlass java/util/zip/Inflater$InflaterZStreamRef
instanceKlass java/util/zip/Inflater
instanceKlass java/util/zip/ZipEntry
instanceKlass java/util/zip/ZipFile$2
instanceKlass java/nio/Bits$1
instanceKlass jdk/internal/misc/VM$BufferPool
instanceKlass java/nio/Bits
instanceKlass sun/nio/ch/DirectBuffer
instanceKlass jdk/internal/perf/PerfCounter$CoreCounters
instanceKlass jdk/internal/perf/Perf
instanceKlass jdk/internal/perf/Perf$GetPerfAction
instanceKlass jdk/internal/perf/PerfCounter
instanceKlass sun/util/locale/LocaleUtils
instanceKlass sun/util/locale/BaseLocale
instanceKlass java/util/Locale
instanceKlass java/nio/file/attribute/FileTime
instanceKlass java/util/zip/ZipUtils
instanceKlass java/util/zip/ZipFile$Source$End
instanceKlass java/io/RandomAccessFile$2
instanceKlass jdk/internal/access/JavaIORandomAccessFileAccess
instanceKlass java/io/RandomAccessFile
instanceKlass java/io/DataInput
instanceKlass java/io/DataOutput
instanceKlass sun/nio/fs/WindowsNativeDispatcher$CompletionStatus
instanceKlass sun/nio/fs/WindowsNativeDispatcher$AclInformation
instanceKlass sun/nio/fs/WindowsNativeDispatcher$Account
instanceKlass sun/nio/fs/WindowsNativeDispatcher$DiskFreeSpace
instanceKlass sun/nio/fs/WindowsNativeDispatcher$VolumeInformation
instanceKlass sun/nio/fs/WindowsNativeDispatcher$FirstStream
instanceKlass sun/nio/fs/WindowsNativeDispatcher$FirstFile
instanceKlass java/util/Enumeration
instanceKlass java/util/concurrent/ConcurrentHashMap$Traverser
instanceKlass jdk/internal/loader/NativeLibraries$3
instanceKlass jdk/internal/loader/NativeLibrary
instanceKlass java/util/ArrayDeque$DeqIterator
instanceKlass jdk/internal/loader/NativeLibraries$NativeLibraryContext$1
instanceKlass jdk/internal/loader/NativeLibraries$NativeLibraryContext
instanceKlass jdk/internal/loader/NativeLibraries$2
instanceKlass jdk/internal/loader/NativeLibraries$1
instanceKlass jdk/internal/loader/NativeLibraries$LibraryPaths
instanceKlass sun/nio/fs/WindowsNativeDispatcher
instanceKlass sun/nio/fs/NativeBuffer$Deallocator
instanceKlass sun/nio/fs/NativeBuffer
instanceKlass java/lang/ThreadLocal$ThreadLocalMap
instanceKlass java/lang/ThreadLocal
instanceKlass sun/nio/fs/NativeBuffers
instanceKlass sun/nio/fs/WindowsFileAttributes
instanceKlass java/nio/file/attribute/DosFileAttributes
instanceKlass sun/nio/fs/AbstractBasicFileAttributeView
instanceKlass sun/nio/fs/DynamicFileAttributeView
instanceKlass sun/nio/fs/WindowsFileAttributeViews
instanceKlass sun/nio/fs/Util
instanceKlass java/nio/file/attribute/BasicFileAttributeView
instanceKlass java/nio/file/attribute/FileAttributeView
instanceKlass java/nio/file/attribute/AttributeView
instanceKlass java/nio/file/Files
instanceKlass java/nio/file/CopyOption
instanceKlass java/nio/file/attribute/BasicFileAttributes
instanceKlass sun/nio/fs/WindowsPath
instanceKlass java/nio/file/Path
instanceKlass java/nio/file/Watchable
instanceKlass java/util/zip/ZipFile$Source$Key
instanceKlass sun/nio/fs/WindowsPathParser$Result
instanceKlass java/util/concurrent/ForkJoinPool$ManagedBlocker
instanceKlass sun/nio/fs/WindowsPathParser
instanceKlass java/util/concurrent/locks/AbstractQueuedSynchronizer$Node
instanceKlass java/nio/file/FileSystem
instanceKlass java/nio/file/OpenOption
instanceKlass java/nio/file/spi/FileSystemProvider
instanceKlass sun/nio/fs/DefaultFileSystemProvider
instanceKlass java/util/zip/ZipFile$Source
instanceKlass java/lang/ref/Cleaner$Cleanable
instanceKlass jdk/internal/ref/CleanerImpl
instanceKlass java/lang/ref/Cleaner$1
instanceKlass java/lang/ref/Cleaner
instanceKlass jdk/internal/ref/CleanerFactory$1
instanceKlass java/util/concurrent/ThreadFactory
instanceKlass jdk/internal/ref/CleanerFactory
instanceKlass java/util/zip/ZipCoder
instanceKlass java/util/zip/ZipFile$CleanableResource
instanceKlass java/lang/Runtime$Version
instanceKlass java/util/jar/JavaUtilJarAccessImpl
instanceKlass jdk/internal/access/JavaUtilJarAccess
instanceKlass java/nio/charset/CoderResult
instanceKlass java/lang/Readable
instanceKlass jdk/internal/loader/FileURLMapper
instanceKlass jdk/internal/loader/URLClassPath$JarLoader$1
instanceKlass java/util/zip/ZipFile$1
instanceKlass jdk/internal/access/JavaUtilZipFileAccess
instanceKlass java/util/zip/ZipFile
instanceKlass java/util/zip/ZipConstants
instanceKlass jdk/internal/loader/URLClassPath$Loader
instanceKlass jdk/internal/loader/URLClassPath$3
instanceKlass java/security/PrivilegedExceptionAction
instanceKlass sun/net/util/URLUtil
instanceKlass java/lang/StringCoding
instanceKlass sun/nio/cs/ArrayDecoder
instanceKlass java/nio/charset/CharsetDecoder
instanceKlass sun/launcher/LauncherHelper
instanceKlass java/lang/invoke/StringConcatFactory
instanceKlass java/lang/ModuleLayer$Controller
instanceKlass java/util/concurrent/CopyOnWriteArrayList
instanceKlass jdk/internal/module/ServicesCatalog$ServiceProvider
instanceKlass jdk/internal/loader/AbstractClassLoaderValue$Memoizer
instanceKlass java/util/ImmutableCollections$ListItr
instanceKlass java/util/ListIterator
instanceKlass java/lang/ModuleLayer
instanceKlass jdk/internal/module/ModuleLoaderMap$Modules
instanceKlass jdk/internal/module/ModuleLoaderMap$Mapper
instanceKlass jdk/internal/module/ModuleLoaderMap
instanceKlass java/util/AbstractMap$1$1
instanceKlass java/lang/module/ResolvedModule
instanceKlass java/lang/module/Configuration
instanceKlass jdk/internal/loader/BuiltinClassLoader$LoadedModule
instanceKlass jdk/internal/loader/AbstractClassLoaderValue
instanceKlass jdk/internal/module/ServicesCatalog
instanceKlass java/util/Deque
instanceKlass java/util/Queue
instanceKlass sun/net/util/IPAddressUtil$MASKS
instanceKlass sun/net/util/IPAddressUtil
instanceKlass java/net/URLStreamHandler
instanceKlass sun/net/www/ParseUtil
instanceKlass java/net/URL$3
instanceKlass jdk/internal/access/JavaNetURLAccess
instanceKlass java/net/URL$DefaultFactory
instanceKlass java/net/URLStreamHandlerFactory
instanceKlass jdk/internal/loader/URLClassPath
instanceKlass java/security/Principal
instanceKlass java/security/ProtectionDomain$Key
instanceKlass java/security/ProtectionDomain$JavaSecurityAccessImpl
instanceKlass jdk/internal/access/JavaSecurityAccess
instanceKlass java/lang/ClassLoader$ParallelLoaders
instanceKlass java/security/cert/Certificate
instanceKlass jdk/internal/loader/ArchivedClassLoaders
instanceKlass java/util/concurrent/ConcurrentHashMap$CollectionView
instanceKlass jdk/internal/loader/ClassLoaderHelper
instanceKlass jdk/internal/loader/NativeLibraries
instanceKlass java/lang/Module$EnableNativeAccess
instanceKlass jdk/internal/loader/BootLoader
instanceKlass java/util/Optional
instanceKlass jdk/internal/module/SystemModuleFinders$SystemModuleFinder
instanceKlass java/lang/module/ModuleFinder
instanceKlass jdk/internal/module/SystemModuleFinders$3
instanceKlass jdk/internal/module/ModuleHashes$HashSupplier
instanceKlass jdk/internal/module/SystemModuleFinders$2
instanceKlass java/util/function/Supplier
instanceKlass java/lang/module/ModuleReference
instanceKlass jdk/internal/module/ModuleResolution
instanceKlass java/util/Collections$UnmodifiableMap
instanceKlass jdk/internal/module/ModuleHashes$Builder
instanceKlass jdk/internal/module/ModuleHashes
instanceKlass jdk/internal/module/ModuleTarget
instanceKlass java/util/ImmutableCollections$Set12$1
instanceKlass java/lang/reflect/AccessFlag$18
instanceKlass java/lang/reflect/AccessFlag$17
instanceKlass java/lang/reflect/AccessFlag$16
instanceKlass java/lang/reflect/AccessFlag$15
instanceKlass java/lang/reflect/AccessFlag$14
instanceKlass java/lang/reflect/AccessFlag$13
instanceKlass java/lang/reflect/AccessFlag$12
instanceKlass java/lang/reflect/AccessFlag$11
instanceKlass java/lang/reflect/AccessFlag$10
instanceKlass java/lang/reflect/AccessFlag$9
instanceKlass java/lang/reflect/AccessFlag$8
instanceKlass java/lang/reflect/AccessFlag$7
instanceKlass java/lang/reflect/AccessFlag$6
instanceKlass java/lang/reflect/AccessFlag$5
instanceKlass java/lang/reflect/AccessFlag$4
instanceKlass java/lang/reflect/AccessFlag$3
instanceKlass java/lang/reflect/AccessFlag$2
instanceKlass java/lang/reflect/AccessFlag$1
instanceKlass java/lang/module/ModuleDescriptor$Version
instanceKlass java/lang/module/ModuleDescriptor$Provides
instanceKlass java/lang/module/ModuleDescriptor$Opens
instanceKlass java/util/ImmutableCollections$SetN$SetNIterator
instanceKlass java/lang/module/ModuleDescriptor$Exports
instanceKlass java/lang/module/ModuleDescriptor$Requires
instanceKlass jdk/internal/module/Builder
instanceKlass jdk/internal/module/SystemModules$default
instanceKlass jdk/internal/module/SystemModules
instanceKlass jdk/internal/module/SystemModulesMap
instanceKlass java/net/URI$1
instanceKlass jdk/internal/access/JavaNetUriAccess
instanceKlass java/net/URI
instanceKlass jdk/internal/module/SystemModuleFinders
instanceKlass jdk/internal/module/ArchivedModuleGraph
instanceKlass jdk/internal/module/ArchivedBootLayer
instanceKlass jdk/internal/module/ModuleBootstrap$Counters
instanceKlass jdk/internal/module/ModulePatcher
instanceKlass java/io/FileSystem
instanceKlass java/io/DefaultFileSystem
instanceKlass java/io/File
instanceKlass java/lang/module/ModuleDescriptor$1
instanceKlass jdk/internal/access/JavaLangModuleAccess
instanceKlass sun/invoke/util/VerifyAccess
instanceKlass java/util/KeyValueHolder
instanceKlass java/util/ImmutableCollections$MapN$MapNIterator
instanceKlass java/lang/StrictMath
instanceKlass java/lang/invoke/MethodHandles$Lookup
instanceKlass java/lang/invoke/MemberName$Factory
instanceKlass java/lang/invoke/MethodHandles
instanceKlass java/lang/module/ModuleDescriptor
instanceKlass jdk/internal/module/ModuleBootstrap
instanceKlass java/lang/Character$CharacterCache
instanceKlass java/util/HexFormat
instanceKlass jdk/internal/util/ClassFileDumper
instanceKlass sun/security/action/GetPropertyAction
instanceKlass java/lang/invoke/MethodHandleStatics
instanceKlass jdk/internal/misc/Blocker
instanceKlass java/util/concurrent/locks/AbstractQueuedSynchronizer$ConditionObject
instanceKlass java/util/concurrent/locks/Condition
instanceKlass java/util/Collections
instanceKlass java/lang/Thread$ThreadIdentifiers
instanceKlass sun/io/Win32ErrorMode
instanceKlass jdk/internal/misc/OSEnvironment
instanceKlass java/lang/Integer$IntegerCache
instanceKlass jdk/internal/misc/Signal$NativeHandler
instanceKlass java/util/Hashtable$Entry
instanceKlass jdk/internal/misc/Signal
instanceKlass java/lang/Terminator$1
instanceKlass jdk/internal/misc/Signal$Handler
instanceKlass java/lang/Terminator
instanceKlass java/nio/ByteOrder
instanceKlass java/nio/Buffer$2
instanceKlass jdk/internal/access/JavaNioAccess
instanceKlass java/nio/Buffer$1
instanceKlass jdk/internal/misc/ScopedMemoryAccess
instanceKlass java/nio/charset/CodingErrorAction
instanceKlass sun/nio/cs/SingleByte
instanceKlass java/lang/StringUTF16
instanceKlass sun/nio/cs/MS1252$Holder
instanceKlass sun/nio/cs/ArrayEncoder
instanceKlass java/nio/charset/CharsetEncoder
instanceKlass java/io/Writer
instanceKlass java/io/PrintStream$1
instanceKlass jdk/internal/access/JavaIOPrintStreamAccess
instanceKlass jdk/internal/misc/InternalLock
instanceKlass java/io/OutputStream
instanceKlass java/io/Flushable
instanceKlass java/io/FileDescriptor$1
instanceKlass jdk/internal/access/JavaIOFileDescriptorAccess
instanceKlass java/io/FileDescriptor
instanceKlass jdk/internal/util/StaticProperty
instanceKlass jdk/internal/reflect/MethodHandleAccessorFactory
instanceKlass java/lang/reflect/Modifier
instanceKlass java/lang/Class$1
instanceKlass java/lang/Class$Atomic
instanceKlass java/lang/Class$ReflectionData
instanceKlass java/nio/charset/StandardCharsets
instanceKlass sun/nio/cs/HistoricallyNamedCharset
instanceKlass java/nio/charset/spi/CharsetProvider
instanceKlass java/nio/charset/Charset
instanceKlass java/util/HashMap$HashIterator
instanceKlass java/util/concurrent/locks/LockSupport
instanceKlass java/util/concurrent/ConcurrentHashMap$Node
instanceKlass java/util/concurrent/ConcurrentHashMap$CounterCell
instanceKlass java/util/concurrent/locks/ReentrantLock
instanceKlass java/util/concurrent/locks/Lock
instanceKlass java/lang/CharacterData
instanceKlass java/util/Arrays
instanceKlass jdk/internal/util/Preconditions$3
instanceKlass jdk/internal/util/Preconditions$2
instanceKlass jdk/internal/util/Preconditions$4
instanceKlass java/util/function/BiFunction
instanceKlass jdk/internal/util/Preconditions$1
instanceKlass java/util/function/Function
instanceKlass jdk/internal/util/Preconditions
instanceKlass java/lang/Runtime
instanceKlass java/lang/VersionProps
instanceKlass java/lang/StringConcatHelper
instanceKlass java/util/HashMap$Node
instanceKlass java/util/Map$Entry
instanceKlass jdk/internal/util/ArraysSupport
instanceKlass jdk/internal/util/SystemProps$Raw
instanceKlass jdk/internal/util/SystemProps
instanceKlass java/lang/System$2
instanceKlass jdk/internal/access/JavaLangAccess
instanceKlass java/lang/ref/NativeReferenceQueue$Lock
instanceKlass java/lang/ref/ReferenceQueue
instanceKlass java/lang/ref/Reference$1
instanceKlass jdk/internal/access/JavaLangRefAccess
instanceKlass jdk/internal/reflect/ReflectionFactory
instanceKlass java/lang/Math
instanceKlass java/lang/StringLatin1
instanceKlass jdk/internal/reflect/Reflection
instanceKlass jdk/internal/reflect/ReflectionFactory$GetReflectionFactoryAction
instanceKlass java/security/PrivilegedAction
instanceKlass jdk/internal/access/SharedSecrets
instanceKlass java/lang/reflect/ReflectAccess
instanceKlass jdk/internal/access/JavaLangReflectAccess
instanceKlass java/util/ImmutableCollections
instanceKlass java/util/Objects
instanceKlass java/util/Set
instanceKlass jdk/internal/misc/CDS
instanceKlass java/lang/Module$ArchivedData
instanceKlass jdk/internal/misc/VM
instanceKlass java/lang/String$CaseInsensitiveComparator
instanceKlass java/util/Comparator
instanceKlass java/io/ObjectStreamField
instanceKlass jdk/internal/vm/FillerObject
instanceKlass jdk/internal/vm/vector/VectorSupport$VectorPayload
instanceKlass jdk/internal/vm/vector/VectorSupport
instanceKlass java/lang/reflect/RecordComponent
instanceKlass java/util/Iterator
instanceKlass java/lang/Number
instanceKlass java/lang/Character
instanceKlass java/lang/Boolean
instanceKlass java/util/concurrent/locks/AbstractOwnableSynchronizer
instanceKlass java/lang/LiveStackFrame
instanceKlass java/lang/StackFrameInfo
instanceKlass java/lang/StackWalker$StackFrame
instanceKlass java/lang/StackStreamFactory$AbstractStackWalker
instanceKlass java/lang/StackWalker
instanceKlass java/nio/Buffer
instanceKlass java/lang/StackTraceElement
instanceKlass java/util/RandomAccess
instanceKlass java/util/List
instanceKlass java/util/SequencedCollection
instanceKlass java/util/AbstractCollection
instanceKlass java/util/Collection
instanceKlass java/lang/Iterable
instanceKlass java/util/concurrent/ConcurrentMap
instanceKlass java/util/AbstractMap
instanceKlass java/security/CodeSource
instanceKlass jdk/internal/loader/ClassLoaders
instanceKlass java/util/jar/Manifest
instanceKlass java/lang/Enum
instanceKlass java/net/URL
instanceKlass java/io/InputStream
instanceKlass java/io/Closeable
instanceKlass java/lang/AutoCloseable
instanceKlass jdk/internal/module/Modules
instanceKlass jdk/internal/misc/Unsafe
instanceKlass jdk/internal/misc/UnsafeConstants
instanceKlass java/lang/AbstractStringBuilder
instanceKlass java/lang/Appendable
instanceKlass java/lang/AssertionStatusDirectives
instanceKlass jdk/internal/foreign/abi/ABIDescriptor
instanceKlass jdk/internal/foreign/abi/NativeEntryPoint
instanceKlass java/lang/invoke/CallSite
instanceKlass java/lang/invoke/MethodType
instanceKlass java/lang/invoke/TypeDescriptor$OfMethod
instanceKlass java/lang/invoke/LambdaForm
instanceKlass java/lang/invoke/MethodHandleNatives
instanceKlass java/lang/invoke/ResolvedMethodName
instanceKlass java/lang/invoke/MemberName
instanceKlass java/lang/invoke/VarHandle
instanceKlass java/lang/invoke/MethodHandle
instanceKlass jdk/internal/reflect/CallerSensitive
instanceKlass java/lang/annotation/Annotation
instanceKlass jdk/internal/reflect/FieldAccessor
instanceKlass jdk/internal/reflect/ConstantPool
instanceKlass jdk/internal/reflect/ConstructorAccessor
instanceKlass jdk/internal/reflect/MethodAccessor
instanceKlass jdk/internal/reflect/MagicAccessorImpl
instanceKlass jdk/internal/vm/StackChunk
instanceKlass jdk/internal/vm/Continuation
instanceKlass jdk/internal/vm/ContinuationScope
instanceKlass java/lang/reflect/Parameter
instanceKlass java/lang/reflect/Member
instanceKlass java/lang/reflect/AccessibleObject
instanceKlass java/lang/Module
instanceKlass java/util/Map
instanceKlass java/util/Dictionary
instanceKlass java/lang/ThreadGroup
instanceKlass java/lang/Thread$UncaughtExceptionHandler
instanceKlass java/lang/Thread$Constants
instanceKlass java/lang/Thread$FieldHolder
instanceKlass java/lang/Thread
instanceKlass java/lang/Runnable
instanceKlass java/lang/ref/Reference
instanceKlass java/lang/Record
instanceKlass java/security/AccessController
instanceKlass java/security/AccessControlContext
instanceKlass java/security/ProtectionDomain
instanceKlass java/lang/SecurityManager
instanceKlass java/lang/Throwable
instanceKlass java/lang/System
instanceKlass java/lang/ClassLoader
instanceKlass java/lang/Cloneable
instanceKlass java/lang/Class
instanceKlass java/lang/invoke/TypeDescriptor$OfField
instanceKlass java/lang/invoke/TypeDescriptor
instanceKlass java/lang/reflect/Type
instanceKlass java/lang/reflect/GenericDeclaration
instanceKlass java/lang/reflect/AnnotatedElement
instanceKlass java/lang/String
instanceKlass java/lang/constant/ConstantDesc
instanceKlass java/lang/constant/Constable
instanceKlass java/lang/CharSequence
instanceKlass java/lang/Comparable
instanceKlass java/io/Serializable
ciInstanceKlass java/lang/Object 1 1 124 7 1 10 12 1 1 10 7 12 1 1 1 10 7 12 1 1 1 10 12 1 1 8 1 10 12 1 1 10 7 12 1 1 1 10 12 1 10 12 1 1 10 7 12 1 1 1 10 12 1 10 12 1 100 1 10 7 12 1 1 1 10 12 1 1 10 12 1 100 1 8 1 10 12 1 3 8 1 7 1 5 0 1 1 1 1 1 1 1 1 1 1 1 1 1 1 1 1 100 1 1 1 1 1 1 1 1 1 1 7 1 1 1 1 1 1 1 1 1 1 3 1 1
ciInstanceKlass java/io/Serializable 1 0 7 100 1 100 1 1 1
ciInstanceKlass java/lang/System 1 1 834 10 7 12 1 1 1 9 7 12 1 1 1 10 12 1 10 12 1 1 10 12 1 1 10 12 1 9 12 1 1 10 7 12 1 1 1 11 100 12 1 1 1 10 100 12 1 1 1 10 12 1 1 10 12 1 1 100 1 8 1 10 12 1 10 7 12 1 1 1 10 7 12 1 1 1 18 12 1 1 10 7 12 1 1 1 7 1 10 12 1 1 10 7 12 1 1 1 10 12 1 10 7 12 1 1 1 9 100 12 1 1 1 10 7 12 1 1 1 11 7 12 1 1 1 10 12 1 1 10 7 12 1 1 1 7 1 10 10 12 1 1 8 1 10 12 1 8 1 10 12 1 9 12 1 1 8 1 10 7 12 1 1 1 10 12 1 1 100 1 8 1 10 9 12 1 1 8 1 10 12 1 1 10 100 12 1 1 1 8 1 10 12 1 7 1 10 12 1 8 1 10 12 1 10 12 1 1 100 1 10 12 10 12 1 9 12 1 1 9 12 1 1 10 7 12 1 1 1 10 7 12 1 1 1 10 12 1 1 10 12 1 10 12 1 10 7 12 1 1 1 10 12 1 100 1 100 1 8 1 10 12 1 10 12 1 1 7 1 10 12 1 100 1 8 1 10 10 12 1 100 1 8 1 10 8 1 10 7 12 1 1 8 1 10 12 100 1 8 1 10 10 12 1 1 10 7 12 1 1 1 100 1 18 12 1 100 1 9 100 12 1 1 1 10 12 1 100 1 10 12 1 1 10 12 1 1 10 7 12 1 1 1 10 12 1 1 10 12 1 10 12 1 10 12 1 1 10 12 1 7 1 10 12 1 9 7 12 1 1 1 10 7 12 1 1 1 10 12 1 10 12 1 10 7 12 1 1 1 7 1 8 1 10 9 12 1 9 12 1 10 12 1 10 7 12 1 1 10 12 1 10 12 1 1 8 1 10 12 1 1 8 1 11 12 1 10 12 11 12 1 1 11 7 12 1 1 1 11 7 12 1 1 11 12 1 1 7 1 11 12 1 10 12 1 8 1 10 12 1 1 8 1 8 1 8 1 8 1 11 12 1 10 12 1 10 12 1 10 12 1 8 1 10 12 1 1 8 1 9 12 1 8 1 10 7 12 1 1 8 1 7 1 9 7 12 1 1 1 10 12 1 7 1 9 12 10 9 12 7 1 10 12 9 12 1 1 8 1 10 12 1 1 8 1 10 7 12 1 1 10 12 1 10 12 1 1 11 7 12 1 1 10 12 10 7 12 1 1 1 9 12 1 1 7 1 8 1 10 12 1 1 10 7 12 1 1 1 7 1 10 12 1 1 10 12 1 8 1 8 1 10 8 1 8 1 8 1 8 1 10 10 7 12 1 1 10 12 1 10 12 1 1 10 12 1 1 10 12 1 10 100 12 1 1 1 10 7 1 8 1 10 10 10 12 1 1 10 12 1 1 8 1 10 12 1 8 1 8 1 10 12 1 10 7 12 1 1 1 10 12 1 1 7 1 10 10 12 1 10 12 1 9 12 1 1 3 1 3 1 1 1 1 1 1 1 1 1 1 1 1 100 1 1 100 1 1 1 1 1 1 1 1 1 1 1 100 1 7 1 1 1 1 1 1 1 1 1 1 1 1 1 1 1 1 1 1 1 1 1 1 1 1 1 1 1 1 1 1 1 1 1 1 1 1 1 1 1 1 1 1 1 1 1 1 1 1 1 1 1 1 1 1 1 1 1 1 100 1 1 1 1 1 1 1 1 1 1 1 1 1 1 1 1 1 1 1 1 1 1 1 1 1 1 1 1 1 1 1 1 1 100 1 1 16 15 10 12 1 1 16 15 10 12 16 1 15 10 100 12 1 1 1 1 1 1 1 1 1 100 1 100 1 1
staticfield java/lang/System in Ljava/io/InputStream; java/io/BufferedInputStream
staticfield java/lang/System out Ljava/io/PrintStream; java/io/PrintStream
staticfield java/lang/System err Ljava/io/PrintStream; java/io/PrintStream
ciInstanceKlass java/lang/SecurityManager 0 0 576 10 7 12 1 1 1 9 7 12 1 1 1 10 7 12 1 1 1 100 1 8 1 10 12 1 10 12 1 1 10 7 12 1 1 1 10 7 1 10 100 1 10 9 100 12 1 1 1 10 7 12 1 1 1 10 12 1 1 10 7 12 1 1 100 1 8 1 10 9 12 1 1 9 12 1 8 1 9 12 1 7 1 10 8 1 10 12 1 1 10 12 1 10 12 1 1 100 1 10 10 12 1 1 100 1 8 1 10 12 1 8 1 8 1 8 1 8 1 8 1 8 1 10 12 1 8 1 8 1 8 1 8 1 8 1 10 7 12 1 1 1 10 12 1 1 8 1 100 1 8 1 10 8 1 8 1 8 1 8 1 8 1 10 100 12 1 1 8 1 100 1 8 1 8 1 10 8 1 10 12 1 100 1 8 1 10 10 12 1 1 10 12 1 10 12 1 10 12 1 10 100 12 1 1 1 10 12 1 10 100 12 1 1 11 100 12 1 1 1 18 12 1 1 11 100 12 1 1 1 18 12 1 1 11 12 1 1 18 18 11 12 1 18 12 1 11 12 1 1 9 12 1 1 9 12 1 9 12 1 9 12 1 100 1 10 100 12 1 1 10 12 1 10 12 1 18 12 1 18 10 100 12 1 1 1 18 12 1 10 12 1 18 18 8 1 10 12 1 9 12 1 1 11 7 12 1 1 1 8 1 100 1 10 12 1 10 12 1 1 10 12 1 1 9 12 1 1 10 12 1 10 12 1 1 8 1 100 1 10 9 12 1 8 1 10 12 1 8 1 100 1 10 10 100 12 1 1 10 100 1 9 7 12 1 1 1 11 12 1 1 10 12 1 11 12 1 10 12 1 7 1 10 10 12 1 1 10 12 1 1 1 1 1 1 1 1 1 1 1 7 1 1 1 1 1 1 1 1 1 1 1 1 1 1 1 1 1 1 1 1 1 1 1 1 1 1 1 1 1 1 1 1 1 1 1 1 1 1 1 1 1 1 1 1 1 1 1 1 1 1 1 1 1 1 1 1 3 1 1 1 1 1 1 1 1 1 1 100 1 1 1 1 1 1 1 1 1 1 1 1 1 1 1 1 1 1 1 1 1 1 1 1 1 1 1 1 1 1 1 1 1 1 1 1 1 1 16 15 10 7 12 1 1 1 16 1 16 15 10 12 16 1 15 10 12 16 15 11 7 1 16 1 16 1 15 10 12 16 15 10 12 16 15 10 12 1 16 1 15 11 12 1 15 10 12 16 15 10 16 1 15 10 100 12 1 1 1 1 1 1 100 1 100 1 1
ciInstanceKlass java/security/AccessController 1 1 295 10 7 12 1 1 1 10 7 12 1 1 1 10 7 12 1 1 1 10 12 1 1 10 12 1 1 10 7 12 1 1 1 10 12 1 1 10 12 1 10 12 1 1 10 12 1 100 1 8 1 10 12 1 10 12 1 10 12 1 1 10 12 1 7 1 7 1 10 12 1 1 10 12 1 10 12 1 10 12 1 1 10 7 12 1 1 1 10 12 1 1 9 100 12 1 1 1 10 7 12 1 1 1 10 12 1 10 12 1 9 100 12 1 1 1 10 12 1 10 12 1 1 9 12 1 1 10 100 1 10 11 7 12 1 1 1 10 7 12 1 1 11 7 1 100 1 10 12 1 10 12 1 10 12 1 8 1 10 12 1 1 8 1 10 100 12 1 1 1 8 1 7 1 10 10 12 1 1 10 12 1 10 7 12 1 1 1 10 12 1 8 1 10 7 12 1 1 8 1 8 1 10 12 1 8 1 10 12 1 10 12 1 1 10 12 1 1 1 1 1 1 1 1 1 1 1 1 1 1 1 1 1 1 1 1 1 1 1 1 1 1 1 1 100 1 1 1 1 1 1 1 1 1 1 1 1 1 1 1 1 1 1 1 1 1 1 1 1 1 1 1 1 1 1 1 1 1 1 100 1 100 1 1 1 1 1 1 1 1 1 3 1 1 1
staticfield java/security/AccessController $assertionsDisabled Z 1
ciInstanceKlass java/security/ProtectionDomain 1 1 348 10 7 12 1 1 1 9 7 12 1 1 1 7 1 10 9 12 1 1 9 12 1 1 9 12 1 1 10 7 12 1 1 7 1 9 12 1 9 12 1 1 7 1 9 12 1 1 9 12 1 10 100 12 1 1 10 100 12 1 1 1 10 12 1 1 10 12 1 9 12 1 9 100 12 1 1 10 12 1 1 10 100 1 10 12 1 1 8 1 7 1 8 1 10 12 1 10 11 10 7 12 1 1 1 10 12 1 1 8 1 11 8 1 10 12 1 8 1 8 1 10 12 1 1 10 12 1 10 12 1 1 10 12 1 8 1 10 12 1 8 1 8 1 10 7 12 1 1 1 9 100 12 1 1 1 10 12 1 1 9 100 12 1 1 1 10 7 12 1 1 1 100 1 18 12 1 1 10 7 12 1 1 1 10 7 1 10 12 1 10 12 1 1 11 100 12 1 1 11 12 1 100 1 11 7 12 1 1 1 10 12 1 10 11 12 1 1 11 12 1 1 10 12 1 10 7 12 1 1 10 100 12 1 1 11 12 1 10 12 10 12 1 8 1 8 1 10 7 12 1 1 1 7 1 10 10 7 12 1 1 1 1 1 1 1 1 1 1 7 1 1 7 1 1 1 1 1 1 1 1 1 1 1 1 1 1 1 1 1 1 1 1 1 1 1 1 1 1 1 1 1 1 1 1 1 1 1 1 1 1 1 1 1 1 1 1 7 1 1 1 1 1 1 100 1 1 16 15 10 12 16 15 10 100 12 1 1 1 1 1 1 1 100 1 100 1 1
staticfield java/security/ProtectionDomain filePermCompatInPD Z 0
ciInstanceKlass java/security/CodeSource 1 1 398 10 7 12 1 1 1 9 7 12 1 1 1 9 12 1 1 9 12 1 1 9 12 1 1 10 7 12 1 1 1 9 12 1 1 10 7 12 1 1 10 7 10 7 12 1 1 1 10 100 12 1 1 1 10 12 1 1 7 1 10 10 7 12 1 1 1 10 7 12 1 1 1 10 12 1 1 7 1 10 12 1 1 10 12 1 1 10 12 1 1 10 12 1 10 10 10 12 1 1 10 7 12 1 1 1 10 12 1 10 12 1 10 12 1 8 1 10 12 1 10 12 1 10 12 1 1 10 12 1 8 1 10 12 1 1 10 7 1 10 10 12 1 1 8 1 10 12 1 10 12 1 10 12 1 8 1 8 1 9 12 1 1 100 1 8 1 10 12 1 10 12 1 1 8 1 10 12 1 8 1 8 1 8 1 10 100 12 1 1 10 12 1 1 10 12 1 10 12 1 1 10 12 1 1 10 12 1 1 100 1 100 1 10 12 1 10 12 10 12 1 1 10 100 12 1 1 10 12 1 7 1 10 12 10 100 12 1 1 1 10 8 1 10 12 1 10 12 1 10 12 1 1 100 1 10 12 1 1 100 1 7 1 8 1 8 1 10 10 12 1 1 10 100 12 1 1 1 7 1 10 12 10 12 1 1 11 7 12 1 1 10 10 12 1 11 10 12 1 8 1 100 1 10 12 1 10 12 1 1 10 12 1 11 12 1 1 7 1 1 1 1 5 0 1 1 1 1 1 1 1 1 1 1 1 1 1 1 1 1 1 1 1 1 1 1 1 1 1 1 1 1 1 1 1 1 1 1 1 1 1 1 1 1 1 1 1 1 1 1 1 1 1 1 1 1 1 1 1 1 1 1 1 1 1 1 1 1 1 1 100 1 1 1 1 1 1 1
ciInstanceKlass java/lang/Boolean 1 1 152 10 7 12 1 1 1 9 7 12 1 1 1 10 12 1 1 10 12 1 8 1 10 7 12 1 1 9 12 1 1 9 12 1 10 12 1 1 10 12 1 1 10 12 1 1 10 7 12 1 1 1 100 1 100 1 10 12 1 1 9 100 12 1 1 9 12 10 100 12 1 1 1 10 12 1 1 8 1 10 7 12 1 1 1 9 12 1 1 7 1 7 1 7 1 1 1 1 1 1 5 0 1 1 1 1 1 1 1 1 1 1 3 1 1 1 1 1 1 1 1 1 1 1 1 1 1 1 1 1 1 7 1 1 1 1 1 1 1 1 1 1 100 1 1 1 1 1 1 1 1 1
staticfield java/lang/Boolean TRUE Ljava/lang/Boolean; java/lang/Boolean
staticfield java/lang/Boolean FALSE Ljava/lang/Boolean; java/lang/Boolean
staticfield java/lang/Boolean TYPE Ljava/lang/Class; java/lang/Class
ciInstanceKlass java/lang/Comparable 1 0 12 100 1 100 1 1 1 1 1 1 1 1
ciInstanceKlass java/lang/constant/Constable 1 0 11 100 1 100 1 1 1 1 1 1 1
ciInstanceKlass java/util/Map 1 1 263 11 7 12 1 1 1 11 12 1 1 10 7 12 1 1 11 12 1 1 11 7 12 1 1 1 11 7 12 1 1 1 11 12 1 1 7 1 11 12 1 11 12 1 100 1 100 1 10 12 1 1 11 7 12 1 1 1 11 7 12 1 1 1 11 12 1 11 12 1 10 12 1 1 11 12 1 11 7 12 1 9 7 12 1 1 1 100 1 10 12 7 1 7 1 10 12 1 7 1 10 7 1 11 12 1 11 12 1 1 11 12 1 1 7 1 11 12 1 1 1 1 1 1 1 1 1 1 1 1 1 1 1 1 1 1 1 1 1 1 1 1 1 1 1 1 1 1 1 1 1 1 1 1 1 1 1 1 1 1 1 1 1 1 1 1 1 1 1 1 1 1 1 1 1 1 1 1 1 1 1 1 1 1 1 1 1 1 1 1 1 1 1 1 1 1 1 1 1 1 1 1 1 1 1 1 1 1 1 1 1 1 1 1 1 1 1 1 1 1 1 1 1 1 1 1 1 1 1 1 1 1 1 1 1 1 1 1 1 1 1 1 1 1 100 1 1 1 1 1 1 1 1 1 1 1 1 1 1 1 1 1 1
ciInstanceKlass java/lang/Class 1 1 1687 10 7 12 1 1 1 9 7 12 1 1 1 9 12 1 1 10 12 1 1 8 1 10 12 1 8 1 8 1 10 12 1 1 10 7 12 1 1 1 10 12 1 7 1 10 10 12 1 10 12 1 1 10 12 1 1 10 12 1 1 10 100 12 1 1 10 12 1 10 12 1 10 12 1 8 1 10 12 1 8 1 10 12 1 8 1 8 1 10 12 1 1 10 100 12 1 1 1 18 12 1 1 11 100 12 1 1 1 8 1 8 1 8 1 10 100 12 1 1 1 11 12 1 1 8 1 10 12 1 10 11 100 12 1 1 1 11 7 12 1 1 1 11 8 1 18 8 1 10 12 1 10 7 12 1 1 10 12 1 1 10 7 12 1 1 1 10 12 1 1 10 12 1 1 10 7 12 1 1 1 10 12 9 100 12 1 1 1 10 7 12 1 1 1 10 12 1 10 7 12 1 1 1 10 12 1 1 18 12 1 1 10 7 12 1 1 1 10 7 12 1 10 12 1 1 10 7 1 7 1 10 12 1 1 9 12 1 1 100 1 8 1 10 12 1 10 12 1 1 10 12 1 1 10 7 12 1 1 1 7 1 10 12 1 100 1 100 1 10 10 12 1 1 10 12 1 1 100 1 10 7 12 1 1 1 10 12 1 1 10 12 1 1 9 12 1 1 10 12 1 10 12 1 1 9 12 1 1 9 12 1 1 10 12 1 1 10 7 1 10 12 1 10 12 1 10 12 1 1 10 9 12 1 10 12 1 8 1 10 12 1 1 10 12 1 1 10 12 1 10 12 1 1 10 12 1 1 10 12 1 1 9 7 12 1 1 1 10 100 12 1 1 10 12 10 12 1 10 12 1 10 12 1 10 12 1 9 100 12 1 1 1 9 12 1 10 12 1 10 100 12 1 1 1 10 12 1 1 10 100 12 1 1 10 12 1 10 12 1 1 10 100 12 1 1 1 10 12 1 10 12 1 1 10 12 1 10 12 1 10 12 1 1 10 7 1 10 10 10 12 1 1 10 12 1 1 10 12 10 10 12 1 1 7 1 8 1 10 10 12 1 1 10 12 1 100 1 11 12 1 10 100 12 1 1 10 12 1 10 12 1 10 100 12 1 1 10 10 12 1 1 8 1 10 12 1 10 12 1 1 8 1 10 12 1 9 12 1 10 12 1 10 12 1 10 12 1 10 12 7 1 9 12 1 10 12 1 9 12 1 10 12 1 10 12 1 10 12 1 10 10 12 1 10 12 1 10 100 12 1 1 10 12 1 10 12 1 10 12 1 1 10 12 1 10 12 1 10 12 1 100 1 10 12 1 10 12 1 1 10 12 1 1 10 12 1 1 10 12 1 1 10 12 1 1 10 12 1 1 100 1 10 10 12 1 1 10 12 1 1 10 12 1 1 10 10 12 1 10 12 1 1 10 12 1 1 10 12 1 1 10 12 1 1 7 1 10 10 12 11 7 12 1 1 10 12 1 10 12 1 10 7 12 1 1 1 10 12 1 1 10 10 12 1 1 7 1 10 10 12 1 1 10 7 12 1 1 1 100 1 100 1 10 12 1 1 10 12 1 10 10 12 1 1 10 12 1 10 12 1 10 12 1 10 100 12 1 1 1 11 100 12 1 1 10 12 1 10 12 1 9 12 1 10 12 1 1 10 12 1 9 100 12 1 1 1 9 12 1 10 100 12 1 1 1 10 12 1 10 12 1 10 100 12 1 1 1 10 12 1 10 12 10 12 1 1 100 1 10 8 1 10 12 1 11 11 12 1 1 11 7 12 1 1 11 12 1 8 1 10 12 1 10 12 1 1 9 12 1 9 12 1 1 10 7 12 1 1 9 12 1 10 12 1 1 10 10 12 1 10 7 12 1 1 1 10 7 12 1 1 10 7 12 1 1 9 12 1 1 10 12 1 9 12 1 10 12 1 10 12 1 1 9 12 1 1 9 12 1 10 12 1 10 12 1 1 9 12 1 100 1 10 10 12 1 1 7 1 10 12 1 1 100 11 7 1 9 12 1 1 9 12 1 7 1 10 12 1 9 12 1 1 9 12 1 10 12 1 10 12 1 1 9 12 1 100 1 10 10 12 1 1 10 10 12 1 10 12 10 10 12 1 9 12 1 10 12 1 1 10 7 12 1 1 1 10 12 1 1 10 12 1 8 10 100 8 1 18 8 1 8 1 10 12 1 9 12 1 9 12 1 1 10 12 1 7 1 7 1 10 12 1 9 12 1 1 7 1 10 10 12 1 10 7 1 9 12 1 8 1 10 12 1 7 1 10 12 1 10 12 1 1 100 1 7 1 9 12 1 100 1 8 1 10 10 7 12 1 1 1 10 12 11 7 12 1 1 1 10 12 1 10 12 1 1 10 8 1 8 1 10 12 1 1 9 100 12 1 1 11 12 7 1 11 7 12 1 1 9 12 1 10 100 12 1 1 1 10 100 12 1 1 10 12 1 1 9 12 1 9 10 12 1 1 10 12 1 1 10 12 1 1 10 12 1 1 10 12 1 1 11 12 1 100 1 11 12 1 10 100 12 1 1 1 10 12 1 11 12 1 10 100 12 1 1 1 10 12 1 10 100 12 1 1 1 11 12 1 11 12 1 1 10 12 1 10 12 1 1 9 12 1 1 9 100 12 1 1 10 12 1 10 100 12 1 1 1 10 12 1 1 10 12 1 10 12 1 10 12 1 10 7 12 1 1 1 10 12 1 8 1 10 12 1 10 12 1 10 12 1 100 1 10 12 10 100 12 1 1 1 11 100 12 1 1 1 10 12 1 1 10 12 1 18 12 1 1 11 12 1 1 18 11 12 1 18 12 1 11 12 1 10 12 1 1 10 12 1 10 12 1 10 12 1 10 12 1 10 12 10 12 1 8 1 10 12 1 7 1 9 12 1 1 7 1 7 1 7 1 7 1 1 1 3 1 3 1 3 1 1 1 1 1 1 1 5 0 1 1 1 1 1 1 1 1 1 1 1 1 1 1 1 1 1 1 1 1 1 1 1 1 100 1 1 1 1 1 1 1 100 1 1 1 1 1 7 1 1 1 1 1 1 1 1 1 1 1 1 1 1 1 1 1 1 1 1 1 1 1 1 1 1 1 1 1 1 1 1 1 1 1 1 1 1 1 1 1 1 100 1 1 1 1 1 1 1 1 1 1 1 1 1 1 1 1 1 1 1 1 1 1 1 1 1 1 1 1 1 1 1 100 1 1 1 1 1 1 1 1 1 1 1 1 1 1 1 1 1 1 1 1 3 1 1 1 1 1 1 1 1 1 1 1 1 1 1 1 1 1 1 1 1 1 1 1 1 1 1 1 1 1 1 1 1 1 1 1 7 1 7 1 1 1 1 1 1 1 7 1 1 1 1 1 1 1 1 1 1 1 1 1 1 1 1 1 1 1 1 1 1 1 1 1 1 1 1 1 1 1 1 1 1 1 1 1 1 1 1 1 1 1 1 1 1 1 1 1 1 1 1 1 1 1 1 1 1 1 1 1 1 1 1 1 1 1 1 1 1 1 1 1 1 1 1 1 1 1 1 1 1 1 1 1 1 1 1 1 1 1 1 1 1 1 1 1 1 1 1 1 1 1 1 1 1 1 1 1 1 1 1 1 1 1 1 1 1 1 1 1 1 1 1 16 15 10 12 16 15 11 12 16 1 16 15 16 15 10 12 16 16 15 10 12 16 15 16 1 15 10 12 16 15 10 100 12 1 1 1 1 1 1 1 1 1 1 1 1 1 7 1 1 100 1 100 1 1 100 1 100 1 1 100 1 100 1 1
staticfield java/lang/Class EMPTY_CLASS_ARRAY [Ljava/lang/Class; 0 [Ljava/lang/Class;
staticfield java/lang/Class serialPersistentFields [Ljava/io/ObjectStreamField; 0 [Ljava/io/ObjectStreamField;
ciInstanceKlass java/lang/reflect/AnnotatedElement 1 1 164 11 7 12 1 1 1 11 12 1 1 7 1 10 100 12 1 1 1 10 12 1 1 10 12 1 1 10 12 1 10 100 12 1 1 1 11 12 1 1 11 7 12 1 1 10 7 12 1 1 1 10 12 1 10 100 12 1 1 1 18 12 1 1 11 100 12 1 1 18 12 1 18 12 1 1 10 100 12 1 1 1 11 100 12 1 1 1 7 1 10 100 12 1 1 1 1 1 1 1 1 1 1 1 1 1 1 1 1 1 1 1 1 1 1 1 1 1 100 1 1 1 1 1 1 1 1 1 1 1 16 15 16 1 16 1 15 11 12 16 16 1 15 10 100 12 1 1 1 16 1 15 10 100 12 1 1 1 1 100 1 100 1 1
ciInstanceKlass java/lang/invoke/TypeDescriptor 1 0 17 100 1 100 1 1 1 1 1 1 100 1 100 1 1 1 1
ciInstanceKlass java/lang/reflect/GenericDeclaration 1 0 30 7 1 7 1 7 1 1 1 1 1 1 1 1 100 1 8 1 1 12 10 1 1 1 8 1 1 1 8 1
ciInstanceKlass java/lang/reflect/Type 1 1 17 11 100 12 1 1 1 100 1 1 1 1 1 1 1 1 1
ciInstanceKlass java/lang/invoke/TypeDescriptor$OfField 1 0 21 100 1 100 1 100 1 1 1 1 1 1 1 1 1 1 1 1 1 1 1
ciMethod java/lang/Class isArray ()Z 256 0 128 0 -1
ciInstanceKlass java/lang/StringBuilder 1 1 422 10 7 12 1 1 1 10 12 1 10 12 1 10 12 1 1 10 7 12 1 1 1 10 7 12 1 1 1 10 12 1 10 12 1 10 12 1 10 12 1 10 12 1 10 12 1 10 12 1 10 12 1 10 12 1 10 12 1 10 12 1 10 12 1 10 12 1 10 12 1 1 10 12 1 10 12 1 1 10 12 1 1 10 12 1 10 12 1 10 12 1 10 12 1 10 12 1 10 12 1 10 12 1 10 12 10 12 1 10 12 1 10 12 1 10 12 1 1 10 12 1 10 12 1 10 12 10 12 1 1 10 12 1 10 12 1 10 12 1 10 100 12 1 1 1 9 12 1 1 10 12 1 10 12 1 1 10 12 1 1 9 12 1 1 10 100 12 1 1 1 10 100 1 10 12 1 1 10 100 12 1 1 10 12 1 10 12 1 1 100 1 100 1 8 1 10 10 12 1 1 10 12 1 10 12 1 10 12 1 1 10 12 1 10 12 1 10 12 1 10 12 1 10 12 1 10 12 10 12 1 10 12 1 10 12 1 10 12 1 10 12 1 10 12 1 10 12 1 10 12 1 10 12 1 1 10 12 1 1 10 12 1 10 12 1 10 12 1 10 12 10 12 10 12 1 10 12 1 10 12 1 10 12 10 12 1 10 12 1 10 12 1 10 12 1 10 12 1 10 12 1 10 12 1 10 12 1 10 12 1 1 10 12 1 10 12 1 1 10 12 1 10 12 1 1 10 12 1 10 12 1 1 10 12 1 10 12 1 10 12 1 10 10 12 1 10 12 1 7 1 7 1 7 1 7 1 1 1 1 5 0 1 1 1 1 1 1 1 1 1 1 1 1 1 1 1 1 1 1 1 1 1 1 1 1 1 1 1 1 1 1 1 1 1 1 1 1 1 1 1 1 1 1 1 1 100 1 1 1 7 1 1 1 1 1 1 1 1 1 1 1
instanceKlass java/lang/StringBuilder
instanceKlass java/lang/StringBuffer
ciInstanceKlass java/lang/AbstractStringBuilder 1 1 609 7 1 10 7 12 1 1 1 9 7 12 1 1 1 9 12 1 9 12 1 1 9 12 1 1 10 100 12 1 1 1 10 12 1 1 7 1 3 3 10 12 1 10 12 1 1 11 7 1 100 1 7 1 10 8 1 10 12 1 10 12 1 10 12 1 1 10 12 1 10 12 1 9 12 1 10 12 1 9 12 1 1 10 12 1 1 10 7 12 1 1 1 10 10 12 1 10 12 1 10 12 1 1 10 12 1 1 10 7 12 1 1 1 10 7 12 1 1 1 7 1 8 1 10 10 12 1 1 100 1 10 12 10 12 1 1 10 10 7 12 1 1 1 10 12 1 1 10 12 1 1 10 12 1 1 10 12 1 1 10 10 7 12 1 1 1 10 12 1 100 1 10 10 7 12 1 1 1 9 12 1 1 9 12 1 10 12 1 1 10 10 12 1 1 10 12 10 12 1 10 12 1 1 10 12 1 1 10 12 1 1 10 12 1 10 12 1 1 10 12 1 1 10 12 1 10 12 1 1 8 1 10 12 1 1 10 12 1 10 12 1 10 12 1 10 12 1 10 12 1 10 12 1 10 7 12 1 1 10 12 1 10 12 1 10 100 12 1 1 1 100 1 100 1 10 12 1 10 100 12 1 1 10 12 1 10 12 1 1 10 12 1 10 12 1 1 10 12 1 10 12 1 1 10 12 1 1 10 10 7 12 1 1 1 10 12 1 10 12 1 10 12 1 1 10 12 1 10 12 1 10 12 1 10 12 1 10 12 1 10 12 1 10 12 1 10 12 1 1 10 12 1 10 12 1 10 12 10 12 1 1 18 12 1 1 100 1 10 100 12 1 1 1 18 10 12 1 1 10 12 1 1 10 12 1 10 12 1 1 11 12 1 1 10 12 1 10 12 10 10 10 12 1 10 5 0 10 10 12 1 1 100 1 8 1 10 10 12 1 1 10 100 12 1 1 1 10 12 1 10 12 1 1 100 1 10 12 100 1 10 100 1 10 7 1 1 1 1 1 1 1 1 1 1 1 100 1 1 1 1 1 1 1 1 1 1 1 1 1 1 1 1 1 1 1 1 1 1 1 1 1 1 1 1 1 1 1 1 1 1 1 1 1 1 1 1 1 1 1 1 1 1 1 1 1 1 1 1 1 1 1 1 1 1 1 1 1 1 1 1 1 1 1 1 1 1 1 1 1 1 1 1 1 1 1 1 1 1 1 1 1 1 1 1 1 1 1 1 1 1 1 1 1 1 1 100 1 1 1 1 1 1 1 1 1 1 1 1 1 1 1 1 1 100 1 1 1 1 1 1 7 1 1 16 1 15 10 12 16 15 10 12 15 10 100 12 1 1 1 1 1 1 1 100 1 100 1 1
staticfield java/lang/AbstractStringBuilder EMPTYVALUE [B 0
ciInstanceKlass java/lang/Appendable 1 0 14 100 1 100 1 1 1 1 100 1 1 1 1 1
ciInstanceKlass java/lang/CharSequence 1 1 131 11 7 12 1 1 1 18 12 1 1 100 1 10 100 12 1 1 1 18 10 100 12 1 1 1 11 12 1 1 11 7 1 11 12 1 1 10 100 12 1 1 1 11 12 1 1 100 1 10 12 1 1 10 100 12 1 1 1 100 1 10 10 12 1 1 7 1 1 1 1 1 1 1 1 1 1 1 1 1 1 1 1 1 1 1 1 1 1 1 1 1 1 1 1 1 1 1 1 1 16 1 15 11 12 16 15 11 12 15 10 100 12 1 1 1 1 1 100 1 100 1 1 100 1 1 100 1 100 1 1
ciInstanceKlass java/lang/AutoCloseable 1 0 12 100 1 100 1 1 1 1 100 1 1 1
ciInstanceKlass java/io/Closeable 1 0 14 100 1 100 1 100 1 1 1 1 100 1 1 1
instanceKlass java/net/URISyntaxException
instanceKlass com/android/tools/r8/kotlin/V
instanceKlass java/security/GeneralSecurityException
instanceKlass java/lang/InterruptedException
instanceKlass com/android/tools/r8/shaking/g4
instanceKlass java/lang/CloneNotSupportedException
instanceKlass com/android/tools/r8/internal/Sf0
instanceKlass sun/nio/fs/WindowsException
instanceKlass com/android/tools/r8/ResourceException
instanceKlass com/android/tools/r8/CompilationFailedException
instanceKlass java/util/concurrent/ExecutionException
instanceKlass java/io/IOException
instanceKlass java/lang/ReflectiveOperationException
instanceKlass java/lang/RuntimeException
ciInstanceKlass java/lang/Exception 1 1 40 10 7 12 1 1 1 10 12 1 10 12 1 10 12 1 10 12 1 100 1 1 1 1 5 0 1 1 1 1 1 1 1 1 1 1 1 1 1 1
instanceKlass java/lang/Exception
instanceKlass java/lang/Error
ciInstanceKlass java/lang/Throwable 1 1 404 10 7 12 1 1 1 9 7 12 1 1 1 9 12 1 1 9 12 1 9 12 1 1 9 12 1 10 12 1 1 9 12 1 1 10 12 1 1 10 12 1 100 1 7 1 10 8 1 10 12 1 1 8 1 10 100 12 1 1 10 10 12 1 100 1 8 1 10 10 12 1 1 10 7 12 1 1 10 12 1 8 1 9 7 12 1 1 1 10 12 1 1 100 1 10 12 10 12 1 10 100 12 1 1 1 100 1 10 12 10 12 1 10 12 1 100 1 10 10 7 12 1 1 1 11 100 12 1 1 1 10 12 1 1 10 12 1 1 8 1 10 12 1 10 12 1 1 8 1 8 1 10 12 1 1 10 12 1 8 1 8 1 9 12 1 1 10 12 1 1 100 1 10 11 12 1 8 1 8 1 10 7 12 1 1 8 1 10 12 1 8 1 100 1 10 12 1 9 12 1 1 10 12 1 10 100 12 1 9 12 1 1 10 12 1 1 100 1 8 1 10 12 1 10 100 12 1 1 10 12 1 1 7 1 10 100 12 1 1 1 10 12 1 11 7 12 1 1 1 11 7 12 1 1 11 12 1 8 1 10 12 1 1 8 1 10 10 9 100 12 1 1 1 8 1 10 12 1 1 11 10 100 1 8 1 10 11 12 1 1 8 1 9 12 1 10 100 12 1 1 11 9 12 1 1 11 12 1 1 100 10 12 1 10 12 1 1 7 1 1 1 1 5 0 1 1 1 1 1 1 1 1 1 1 1 1 1 7 1 1 1 1 1 1 1 1 1 1 1 1 1 1 1 1 1 1 1 1 1 1 1 1 1 1 1 1 1 1 1 1 1 1 1 1 1 1 1 1 1 1 1 1 100 1 7 1 1 1 1 1 1 1 1 1 1 1 1 1 1 1 1 1 1
staticfield java/lang/Throwable UNASSIGNED_STACK [Ljava/lang/StackTraceElement; 0 [Ljava/lang/StackTraceElement;
staticfield java/lang/Throwable SUPPRESSED_SENTINEL Ljava/util/List; java/util/Collections$EmptyList
staticfield java/lang/Throwable EMPTY_THROWABLE_ARRAY [Ljava/lang/Throwable; 0 [Ljava/lang/Throwable;
staticfield java/lang/Throwable $assertionsDisabled Z 1
instanceKlass java/security/Provider
ciInstanceKlass java/util/Properties 1 1 690 10 7 12 1 1 1 100 1 10 7 12 1 1 7 1 10 12 1 9 12 1 1 9 12 1 1 9 12 1 1 10 7 12 1 1 1 10 12 1 1 8 1 10 7 12 1 1 1 7 1 10 12 1 10 12 1 1 8 1 10 12 1 7 1 10 12 10 12 1 1 9 12 1 1 10 12 1 1 7 1 10 12 1 10 12 1 10 12 1 1 100 1 8 1 10 12 1 10 12 1 10 12 1 1 10 12 1 7 1 3 10 10 100 12 1 1 1 10 12 1 10 12 1 1 8 1 10 12 1 10 12 1 1 8 1 10 100 12 1 1 10 12 1 1 10 12 1 10 12 1 1 100 1 10 12 1 10 12 1 1 100 1 9 100 12 1 1 1 10 12 1 10 12 1 1 10 12 1 1 10 12 1 1 100 1 9 12 1 1 7 1 7 1 10 12 1 7 1 11 7 12 1 1 1 11 12 1 1 11 7 12 1 1 1 11 7 12 1 1 1 11 12 1 1 11 12 1 11 12 1 10 12 1 1 8 1 10 12 1 10 100 12 1 1 10 12 1 100 1 10 10 12 1 10 12 1 100 1 10 10 12 1 1 10 7 12 1 1 9 100 12 1 1 10 12 1 1 10 100 12 1 1 1 100 1 100 1 100 1 10 8 1 8 1 10 12 1 10 12 1 10 12 1 1 10 10 12 1 1 10 12 1 1 7 1 10 10 12 1 11 7 12 1 1 10 7 12 1 1 1 8 1 10 100 12 1 1 11 11 7 1 8 1 10 100 1 11 10 12 1 10 10 12 1 10 12 1 1 10 12 1 1 10 12 1 1 10 12 1 10 12 1 10 10 12 1 10 12 1 10 12 1 10 10 12 1 1 10 12 1 1 10 10 12 1 10 12 1 10 12 1 10 12 1 10 12 1 1 10 12 1 1 10 12 1 10 12 1 10 12 1 1 10 12 10 12 1 1 10 12 1 1 10 12 1 10 12 1 1 10 12 1 1 10 12 10 11 12 1 4 11 10 12 1 1 10 100 12 1 1 11 12 1 10 12 1 1 10 100 12 1 1 10 12 1 100 1 8 1 10 12 1 10 10 100 12 1 1 1 100 1 6 0 10 12 1 1 11 100 12 1 1 1 10 12 1 10 12 1 1 1 1 1 5 0 1 1 1 1 1 1 1 1 1 1 1 1 1 1 1 1 1 1 1 1 1 1 1 1 1 1 1 1 1 1 1 1 1 1 1 1 1 1 1 100 1 1 1 1 1 1 1 1 1 1 1 1 1 1 1 1 1 1 1 1 100 1 1 1 1 1 1 1 1 1 1 1 1 7 1 7 1 1 1 1 1 100 1 1 1 1 1 1 1 1 1 1 1 1 1 1 1 1 1 1 1 1 1 1 1 1 1 1 1 1 1 1 1 1 1 1 1 1 1 1 1 1 1 1 1 1 1 1 1 1 1 1 1 1 1 1 1 1 1 1 1 1 1 1 1 1 1 1 1 1 1 1 1 1 1 1 1 1 1 7 1 1 1 1 1 1 1 1 1 1 1 100 1 1
staticfield java/util/Properties UNSAFE Ljdk/internal/misc/Unsafe; jdk/internal/misc/Unsafe
instanceKlass java/util/Hashtable
ciInstanceKlass java/util/Dictionary 1 1 36 10 7 12 1 1 1 100 1 1 1 1 1 1 1 1 1 1 1 1 1 1 1 1 1 1 1 1 1 1 1 1 1 1 1 1
instanceKlass java/util/Properties
ciInstanceKlass java/util/Hashtable 1 1 516 7 1 10 7 12 1 1 1 9 7 12 1 1 1 100 1 7 1 10 8 1 10 12 1 1 10 12 1 10 12 1 1 10 12 1 10 7 12 1 1 1 8 1 10 12 1 9 12 1 1 7 1 9 12 1 1 4 10 7 12 1 1 1 9 12 1 4 10 12 1 11 7 12 1 1 1 10 12 1 1 10 12 1 1 9 12 1 10 12 1 1 100 1 10 9 12 1 1 10 7 12 1 1 1 9 12 1 1 10 12 1 10 12 1 3 9 12 1 9 12 1 3 10 12 1 10 12 1 10 12 1 1 11 12 1 1 11 100 12 1 1 1 11 7 12 1 1 1 11 12 1 100 1 11 12 1 11 12 1 10 12 1 1 10 12 1 1 10 12 1 9 12 1 1 9 12 9 12 1 1 10 100 1 7 1 10 12 1 10 8 1 10 10 12 1 8 1 10 8 1 10 100 12 1 1 1 7 1 10 12 1 10 12 1 100 1 10 12 1 10 12 1 1 100 1 10 100 1 10 10 12 1 1 11 12 1 1 11 12 1 7 1 10 10 10 100 12 1 1 11 100 12 1 1 1 100 1 10 11 100 12 1 1 11 100 12 1 10 12 1 10 12 1 1 10 100 12 1 1 10 12 1 1 10 12 1 1 10 12 1 1 10 100 12 1 1 1 8 10 100 12 1 1 100 1 8 1 10 4 4 10 12 1 1 10 12 1 8 1 4 10 12 10 100 12 1 1 1 100 1 11 100 12 1 1 1 10 100 12 1 1 1 10 12 1 10 12 1 1 10 7 1 7 1 1 1 1 1 1 5 0 1 1 1 1 1 3 1 3 1 3 1 1 1 1 1 1 1 1 1 1 1 1 1 1 1 1 1 1 1 1 1 1 1 1 1 100 1 1 1 1 1 1 1 1 1 1 1 1 1 1 1 1 1 1 1 1 1 1 1 1 1 1 1 1 1 7 1 1 1 1 1 1 1 1 1 1 1 1 1 1 7 1 1 1 1 1 1 1 1 1 1 1 1 1 1 1 1 1 1 1 1 1 1 1 1 1 1 1 1 1 1 1 1 1 1 1 1 1 1 1 1 1 1 1 1 100 1 1 1 7 1 1 1 1 1 7 1 1 1 1 1 1 1 1 1 1 1 1 1 1 1 1 1 1
ciInstanceKlass java/lang/String 1 1 1451 10 7 12 1 1 1 8 1 9 7 12 1 1 1 9 12 1 1 9 12 1 1 9 12 1 1 10 12 1 10 12 1 1 10 12 1 1 9 12 1 10 7 12 1 1 1 10 12 1 1 10 12 1 10 7 12 1 1 1 10 12 1 1 10 12 1 1 10 12 1 10 12 1 1 10 12 1 10 7 12 1 1 1 7 1 9 7 12 1 1 1 10 7 12 1 1 1 10 12 1 1 10 12 1 1 10 7 12 1 1 1 10 12 1 1 9 7 12 1 1 10 12 9 7 12 1 1 10 12 1 1 3 10 12 1 1 7 1 11 12 1 1 11 12 1 11 12 1 1 10 100 12 1 1 1 10 12 1 1 9 100 12 1 1 1 10 12 1 1 10 12 1 11 12 1 1 10 12 1 10 12 10 12 1 1 10 7 12 1 1 1 10 7 12 1 1 1 10 12 1 1 100 1 7 1 10 12 1 10 12 1 10 12 1 1 10 12 1 1 100 1 10 12 1 1 100 1 10 12 1 1 10 12 1 1 10 12 1 10 10 12 1 100 1 100 1 100 1 10 12 1 10 12 1 1 10 12 1 1 10 12 1 10 12 1 1 10 12 1 1 10 100 12 1 1 100 1 11 10 7 12 1 1 11 12 1 11 12 1 10 12 1 1 10 12 1 10 12 10 12 1 1 10 10 100 12 1 1 1 10 100 12 1 1 10 12 1 1 10 100 12 1 1 10 12 1 10 12 1 1 10 12 1 1 10 12 1 10 12 1 10 12 1 1 100 1 10 12 1 1 10 12 10 12 1 10 12 1 1 10 12 1 1 10 7 12 1 1 1 10 12 1 10 12 1 1 10 12 1 10 12 1 3 3 10 12 1 1 10 12 1 10 12 1 1 10 12 1 1 10 12 1 1 10 12 1 10 12 1 1 10 12 1 1 10 12 1 10 12 1 10 12 1 10 12 1 1 10 12 1 10 12 1 10 12 1 10 12 1 10 12 1 10 12 1 10 7 1 10 8 1 10 12 1 1 10 12 1 8 1 10 12 1 1 10 12 10 12 1 8 1 10 10 12 1 1 10 12 1 1 10 12 1 1 10 7 1 10 10 12 1 10 12 1 10 12 1 10 10 12 1 10 12 1 10 12 1 10 12 1 10 12 1 10 12 1 10 12 1 1 10 12 1 1 10 12 1 1 10 10 12 1 1 10 10 12 1 100 1 10 10 12 1 1 10 12 1 1 10 7 1 10 12 1 10 12 1 10 7 12 1 1 1 10 12 1 10 12 1 1 10 12 1 11 7 1 11 12 10 12 1 10 12 1 1 10 12 1 1 10 10 12 1 10 12 1 9 12 1 1 11 7 12 1 1 1 10 12 10 10 12 1 10 12 1 1 10 10 12 1 10 12 1 10 12 1 1 10 12 1 1 10 10 12 1 1 10 12 1 10 10 12 1 10 12 10 10 12 10 10 12 1 10 12 1 10 10 12 10 7 12 1 1 1 10 12 10 10 12 10 12 1 10 12 10 12 10 10 12 1 10 12 1 1 10 12 1 1 10 10 12 1 10 7 12 1 1 1 10 12 1 1 10 10 100 12 1 1 1 11 10 12 1 10 12 1 1 10 12 1 1 10 100 12 1 1 1 10 12 1 10 12 1 10 12 1 10 12 1 10 12 1 10 12 1 100 1 7 1 8 1 10 10 10 12 1 10 12 1 1 8 1 10 12 1 3 3 10 12 1 10 12 1 1 10 12 7 1 10 10 12 1 1 10 12 1 10 12 1 10 12 1 1 10 12 1 1 11 7 12 1 1 1 7 1 10 12 1 10 12 1 1 8 1 10 12 1 1 10 12 1 11 7 12 1 1 1 11 7 12 1 1 11 12 1 10 12 1 10 12 1 1 10 10 100 12 1 1 1 10 12 1 10 12 1 10 10 12 10 12 1 1 10 10 12 1 10 10 12 1 10 10 12 1 10 10 12 1 10 12 1 1 10 10 12 1 8 1 10 12 1 1 18 12 1 1 11 100 12 1 1 1 7 1 3 18 12 1 18 12 1 8 1 10 100 12 1 1 1 11 12 1 1 10 12 10 10 12 1 10 11 12 1 1 10 12 1 1 11 12 1 18 3 11 10 12 1 11 11 10 12 1 10 12 1 1 8 1 10 12 1 10 12 1 10 12 1 1 10 10 12 1 11 100 12 1 100 1 100 1 10 12 100 1 10 10 100 12 1 1 1 100 1 10 7 1 10 10 12 1 10 10 12 1 8 1 10 10 12 1 8 1 8 1 10 12 1 10 12 1 10 10 12 10 7 12 1 1 10 7 12 1 1 10 7 12 1 1 8 1 10 12 1 10 12 1 10 9 12 1 10 12 9 7 12 1 1 1 10 12 1 10 12 1 10 12 1 10 12 10 12 1 10 12 1 8 1 10 100 12 1 1 1 10 12 10 12 1 1 10 12 10 10 12 10 12 7 1 9 12 1 1 7 1 10 7 1 7 1 7 1 7 1 1 1 1 1 1 5 0 1 1 1 1 1 3 1 3 1 1 1 1 1 1 1 1 1 1 1 1 1 1 1 100 1 1 1 1 1 1 1 1 1 1 1 1 1 1 1 1 1 1 1 1 1 1 1 1 1 1 1 1 1 1 1 100 1 1 1 1 1 1 1 1 1 1 1 1 7 1 1 1 1 1 1 1 1 1 1 1 1 1 1 1 1 1 1 1 1 1 1 1 1 1 1 1 1 1 1 1 1 1 1 1 1 1 1 1 1 1 1 1 1 1 1 1 1 1 1 1 1 1 1 1 1 1 1 1 1 1 1 1 1 1 1 1 1 1 1 1 1 1 1 1 1 1 1 1 1 1 1 1 1 1 1 1 1 1 1 1 1 1 1 1 1 1 1 1 1 1 1 1 1 1 1 1 1 1 1 1 1 1 1 1 1 1 1 1 1 1 1 1 1 1 1 1 1 1 1 1 1 1 1 1 1 1 1 1 1 1 1 1 1 1 1 1 1 1 1 1 1 1 1 1 1 1 1 1 1 1 1 1 1 1 1 1 1 1 1 1 1 1 1 100 1 1 1 1 1 1 1 1 1 1 1 1 1 1 1 1 1 1 1 1 1 1 1 100 1 1 1 1 1 1 1 1 1 1 1 1 1 1 1 7 1 1 1 1 1 1 1 1 1 1 1 1 1 1 1 16 15 10 12 16 15 10 12 15 10 12 15 10 12 15 10 100 12 1 1 1 1 1 1 1 100 1 100 1 1 1
staticfield java/lang/String COMPACT_STRINGS Z 1
staticfield java/lang/String serialPersistentFields [Ljava/io/ObjectStreamField; 0 [Ljava/io/ObjectStreamField;
staticfield java/lang/String CASE_INSENSITIVE_ORDER Ljava/util/Comparator; java/lang/String$CaseInsensitiveComparator
ciInstanceKlass java/lang/constant/ConstantDesc 1 0 37 100 1 100 1 1 1 1 100 1 1 1 1 100 1 100 1 100 1 100 1 100 1 100 1 100 1 100 1 100 1 1 100 1 100 1 1
ciInstanceKlass java/lang/InternalError 0 0 34 10 100 12 1 1 1 10 12 1 10 12 1 10 12 1 100 1 1 1 1 5 0 1 1 1 1 1 1 1 1 1 1 1
instanceKlass com/android/tools/r8/internal/yR
instanceKlass java/lang/AssertionError
instanceKlass java/lang/VirtualMachineError
instanceKlass java/lang/LinkageError
ciInstanceKlass java/lang/Error 1 1 40 10 7 12 1 1 1 10 12 1 10 12 1 10 12 1 10 12 1 100 1 1 1 1 5 0 1 1 1 1 1 1 1 1 1 1 1 1 1 1
instanceKlass java/lang/StackOverflowError
instanceKlass java/lang/OutOfMemoryError
instanceKlass java/lang/InternalError
ciInstanceKlass java/lang/VirtualMachineError 1 1 34 10 100 12 1 1 1 10 12 1 10 12 1 10 12 1 100 1 1 1 1 5 0 1 1 1 1 1 1 1 1 1 1 1
ciInstanceKlass java/util/Iterator 1 1 53 100 1 8 1 10 12 1 1 10 7 12 1 1 1 11 7 12 1 1 1 11 12 1 1 11 7 12 1 1 1 7 1 1 1 1 1 1 1 1 1 1 1 1 1 1 1 1 1 1 1 1 1
instanceKlass java/util/jar/JarVerifier$VerifierStream
instanceKlass java/util/zip/ZipFile$ZipFileInputStream
instanceKlass java/io/FilterInputStream
instanceKlass java/io/FileInputStream
instanceKlass java/io/ByteArrayInputStream
ciInstanceKlass java/io/InputStream 1 1 195 7 1 10 7 12 1 1 1 100 1 10 10 7 12 1 1 1 10 7 12 1 1 1 10 12 1 100 1 3 10 12 1 1 100 1 8 1 10 12 1 10 7 12 1 1 1 3 7 1 8 1 10 10 7 12 1 1 1 7 1 10 11 7 12 1 1 1 10 12 1 1 11 12 1 1 11 7 12 1 1 1 11 12 1 1 7 1 10 7 12 1 1 1 5 0 10 12 1 10 12 1 1 100 1 10 8 1 10 8 1 8 1 10 12 1 1 10 100 12 1 1 1 7 1 5 0 10 12 1 100 1 7 1 1 1 1 3 1 3 1 1 1 1 1 1 1 1 1 1 1 1 1 1 1 1 1 1 1 1 1 1 1 1 1 1 1 1 1 1 1 1 1 1 1 1 1 1 1 1 1 1 1 1 1 1 1 1 1 1 1 1 1 1 1
ciInstanceKlass jdk/internal/misc/Unsafe 1 1 1287 10 7 12 1 1 1 9 7 12 1 1 1 9 12 1 1 10 12 1 1 10 7 12 1 1 1 10 12 1 1 10 12 1 1 10 12 1 1 10 12 1 1 10 12 1 1 10 12 1 1 10 12 1 1 10 12 1 1 10 12 1 1 10 12 1 1 10 12 1 1 10 12 1 1 10 12 1 1 10 12 1 10 12 1 100 1 10 10 12 1 1 10 12 1 1 5 0 10 12 1 1 10 12 1 1 10 7 12 1 1 1 10 12 1 1 10 12 1 10 12 1 10 12 1 1 10 12 1 1 10 12 1 10 12 1 7 1 7 1 10 8 1 10 12 1 1 10 12 1 8 1 10 12 1 1 10 12 1 10 12 1 10 12 1 1 10 12 1 10 12 1 1 10 12 1 1 10 12 1 10 12 1 10 12 1 10 12 1 1 10 12 1 10 12 1 10 12 1 1 10 12 1 5 0 5 0 5 0 10 12 1 10 12 1 10 12 1 10 12 1 10 12 1 10 12 1 10 12 1 10 12 1 10 12 1 1 10 12 1 10 12 1 7 1 8 1 10 100 1 10 10 12 1 1 10 12 1 1 10 12 1 10 12 1 1 10 12 1 1 10 12 1 10 12 1 1 10 12 1 9 7 12 1 1 9 12 1 100 1 10 10 12 1 1 8 1 10 8 1 8 1 10 12 1 1 9 7 12 1 1 1 9 7 1 9 7 1 9 7 1 9 9 7 1 9 7 1 9 7 1 10 12 1 1 10 12 1 1 10 12 1 1 10 12 1 1 5 0 5 0 9 12 1 1 10 12 1 10 12 1 10 12 1 1 10 12 1 1 10 12 1 8 1 3 10 12 1 1 10 12 1 1 10 12 1 10 12 1 1 10 12 1 1 10 12 1 10 12 1 10 12 1 10 12 1 10 12 1 10 12 1 1 10 12 1 1 10 12 1 10 12 1 10 12 1 10 12 1 10 12 1 10 12 1 1 10 12 1 1 10 12 1 10 12 1 10 12 1 10 12 1 10 12 1 10 12 1 1 10 12 1 1 10 12 1 1 10 12 1 1 10 12 1 10 12 1 10 12 1 10 12 1 10 12 1 10 12 1 10 12 1 1 10 12 1 1 10 12 1 10 12 1 10 12 1 10 12 1 10 12 1 10 12 1 10 12 1 1 10 12 1 1 10 12 1 10 12 1 10 12 1 10 12 1 10 12 1 10 12 1 10 12 1 10 12 1 1 10 12 1 10 12 1 10 12 1 10 12 1 10 12 1 1 10 12 1 10 12 1 10 12 1 10 12 1 10 12 1 10 12 1 10 12 1 10 12 1 1 10 12 1 10 12 1 10 12 1 10 12 1 10 12 1 10 12 1 1 10 12 1 10 12 1 10 12 1 1 10 12 1 10 12 1 10 12 1 10 12 1 10 12 1 10 12 1 10 12 1 10 12 1 10 12 1 10 12 1 10 12 1 10 12 1 10 12 1 10 12 1 10 12 1 10 12 1 10 12 1 10 12 1 10 12 1 10 12 1 10 12 1 10 12 1 10 12 1 100 1 10 100 1 10 9 12 1 5 0 10 12 1 1 5 0 10 12 1 5 0 10 12 1 10 12 1 10 12 1 1 10 12 1 1 10 12 1 10 12 1 10 12 1 10 12 1 1 10 12 1 10 12 1 10 12 1 10 12 1 10 12 1 1 10 12 1 10 12 1 10 12 1 10 12 1 1 10 12 1 10 12 1 10 12 1 1 10 12 1 10 12 1 10 12 1 10 12 1 1 10 12 1 10 10 12 1 1 10 12 1 10 12 1 1 10 12 1 10 12 5 0 5 0 5 0 10 12 1 1 10 12 1 10 12 1 10 12 10 100 12 1 1 8 1 100 1 11 12 1 1 8 1 11 12 1 1 10 100 12 1 1 10 12 1 10 12 1 10 12 1 10 12 1 10 12 1 1 10 12 1 10 12 1 10 12 1 10 12 1 10 12 1 10 12 1 10 7 1 10 12 1 9 12 1 7 1 9 12 1 7 1 9 12 1 7 1 9 12 1 7 1 9 12 1 7 1 9 12 1 7 1 9 12 1 7 1 9 12 1 7 1 9 12 1 10 12 1 9 12 1 9 12 1 9 12 1 9 12 1 9 12 1 9 12 1 9 12 1 9 12 1 9 12 1 9 12 1 1 1 3 1 1 1 1 1 1 1 1 1 1 1 1 1 1 1 1 1 1 1 1 1 1 1 1 1 1 1 1 1 1 1 1 1 1 1 1 1 1 1 1 1 1 1 1 1 1 1 1 1 1 1 1 1 1 1 1 1 1 1 1 1 1 1 1 1 1 1 1 1 1 1 1 1 1 1 1 1 1 1 1 1 1 1 1 1 1 1 1 1 100 1 1 1 1 1 1 1 1 1 1 1 1 1 1 1 1 1 1 1 1 1 1 1 1 1 1 1 1 1 1 1 1 1 1 1 1 1 1 1 1 1 1 1 1 1 1 1 1 1 1 1 1 1 1 1 1 1 1 1 1 1 1 1 1 1 1 1 1 1 1 1 1 1 1 1 1 1 1 1 1 1 1 1 1 1 1 1 1 1 1 1 1 1 1 1 1 1 1 1 1 1 1 1 1 1 1 1 1 1 1 1 1 1 1 1 1 1 1 1 1 1 1 1 1 1 1 1 1 1 1 1 1 1 1 1 1 1 1 1 1 1 1 1 1 1 1 1 1 1 1 1 1 1 1 1 1 1 1 1 1 1 1 1 1 1 1 1 1 1 1 1 1 1 1 1 1 1 1 1 1 1 1 1 1 1 1 1 1 1 1 1 1 1 1 1 1 1 1 1 1 1 1 1 1 1 1 3 1 1 1 1 1 1 1 1 1 1 1 1 1 1 1 1 1 1 1 1 1
staticfield jdk/internal/misc/Unsafe theUnsafe Ljdk/internal/misc/Unsafe; jdk/internal/misc/Unsafe
staticfield jdk/internal/misc/Unsafe ARRAY_BOOLEAN_BASE_OFFSET I 16
staticfield jdk/internal/misc/Unsafe ARRAY_BYTE_BASE_OFFSET I 16
staticfield jdk/internal/misc/Unsafe ARRAY_SHORT_BASE_OFFSET I 16
staticfield jdk/internal/misc/Unsafe ARRAY_CHAR_BASE_OFFSET I 16
staticfield jdk/internal/misc/Unsafe ARRAY_INT_BASE_OFFSET I 16
staticfield jdk/internal/misc/Unsafe ARRAY_LONG_BASE_OFFSET I 16
staticfield jdk/internal/misc/Unsafe ARRAY_FLOAT_BASE_OFFSET I 16
staticfield jdk/internal/misc/Unsafe ARRAY_DOUBLE_BASE_OFFSET I 16
staticfield jdk/internal/misc/Unsafe ARRAY_OBJECT_BASE_OFFSET I 16
staticfield jdk/internal/misc/Unsafe ARRAY_BOOLEAN_INDEX_SCALE I 1
staticfield jdk/internal/misc/Unsafe ARRAY_BYTE_INDEX_SCALE I 1
staticfield jdk/internal/misc/Unsafe ARRAY_SHORT_INDEX_SCALE I 2
staticfield jdk/internal/misc/Unsafe ARRAY_CHAR_INDEX_SCALE I 2
staticfield jdk/internal/misc/Unsafe ARRAY_INT_INDEX_SCALE I 4
staticfield jdk/internal/misc/Unsafe ARRAY_LONG_INDEX_SCALE I 8
staticfield jdk/internal/misc/Unsafe ARRAY_FLOAT_INDEX_SCALE I 4
staticfield jdk/internal/misc/Unsafe ARRAY_DOUBLE_INDEX_SCALE I 8
staticfield jdk/internal/misc/Unsafe ARRAY_OBJECT_INDEX_SCALE I 4
staticfield jdk/internal/misc/Unsafe ADDRESS_SIZE I 8
instanceKlass jdk/internal/reflect/DelegatingClassLoader
instanceKlass java/security/SecureClassLoader
ciInstanceKlass java/lang/ClassLoader 1 1 1108 9 7 12 1 1 1 10 7 12 1 1 1 9 12 1 1 10 7 12 1 1 1 7 1 10 12 1 1 10 12 1 1 9 12 1 1 10 12 1 1 100 1 10 12 1 10 12 1 1 10 7 12 1 1 1 100 1 8 1 10 12 1 10 7 12 1 1 1 10 7 12 1 10 7 1 10 7 1 7 1 7 1 10 12 1 10 12 1 9 12 1 1 10 10 7 12 1 1 1 9 12 1 1 9 12 1 9 12 1 1 9 12 1 9 12 1 1 9 12 1 1 7 1 10 12 1 9 12 1 1 10 12 1 1 10 7 12 1 1 1 9 12 1 9 12 1 1 9 12 1 10 12 1 1 9 12 10 12 1 1 7 1 10 8 1 10 12 1 1 10 12 1 10 7 1 7 1 10 12 1 1 10 7 12 1 1 1 8 1 10 12 1 10 12 1 10 12 1 1 10 12 1 1 10 12 1 1 10 12 1 1 10 12 1 1 10 12 1 7 1 10 12 1 10 100 12 1 1 1 10 12 1 1 10 12 1 10 12 1 10 12 1 10 12 1 10 12 1 1 10 10 12 1 10 12 1 10 100 12 1 1 10 12 1 1 10 12 1 1 10 12 1 100 1 10 12 1 7 1 10 12 1 10 7 12 1 1 1 10 10 12 1 1 10 12 1 1 7 1 8 1 10 8 1 10 12 1 10 12 1 100 1 8 1 10 12 1 1 10 12 1 1 10 10 12 1 1 10 12 1 1 10 12 1 1 10 7 1 10 12 1 1 10 12 1 1 10 12 1 1 10 12 1 1 10 12 1 1 10 12 1 1 10 12 1 10 100 12 1 1 1 10 12 1 10 12 1 10 12 1 1 10 12 1 10 12 1 10 12 1 10 12 1 1 10 12 1 10 12 1 1 8 1 9 12 1 10 12 1 1 8 1 8 1 10 7 12 1 1 100 1 10 10 12 10 12 1 10 12 1 10 12 1 10 12 1 1 10 7 12 1 1 10 12 1 10 7 1 7 1 10 12 1 1 10 12 1 10 7 1 10 12 1 100 1 18 12 1 10 100 12 1 1 1 10 100 12 1 1 1 10 7 12 1 1 10 12 1 10 12 1 100 1 10 12 1 8 1 10 10 12 1 1 10 12 1 10 12 1 1 100 1 10 12 1 10 12 1 1 10 7 12 1 1 10 12 1 8 1 100 1 10 10 12 1 9 12 1 10 7 12 1 1 10 12 1 7 1 8 1 10 12 1 10 8 1 8 1 10 12 1 1 10 12 1 1 10 12 1 1 10 7 12 1 1 7 1 100 1 10 12 1 1 7 1 7 1 10 7 12 1 1 10 12 1 10 12 1 1 10 12 1 10 12 1 1 10 12 1 1 9 100 12 1 1 1 10 12 1 1 10 12 1 10 12 1 10 12 1 1 10 12 1 8 1 7 1 18 12 1 1 10 12 1 1 10 12 1 10 12 1 10 12 1 8 1 10 12 1 10 12 1 18 12 1 11 100 12 1 1 1 100 1 10 12 1 1 10 12 1 10 11 12 1 1 10 18 10 12 1 1 11 7 12 1 18 12 1 11 12 1 1 10 12 10 12 1 1 10 12 1 1 100 1 8 1 10 10 12 1 8 1 8 1 10 100 12 1 1 10 12 1 100 1 10 10 12 1 8 1 8 1 8 1 10 12 1 10 12 1 1 10 12 1 10 7 12 1 1 1 11 7 12 1 1 100 1 10 11 10 12 1 10 12 1 10 12 1 1 9 7 12 1 1 9 12 1 1 9 12 9 12 1 9 12 1 9 12 1 8 10 12 1 1 10 7 12 1 1 1 10 12 1 1 10 12 1 1 10 12 1 10 10 12 1 11 12 1 1 10 100 12 1 1 1 100 1 10 12 1 10 12 1 10 12 1 1 1 1 1 1 1 1 1 1 1 1 1 1 1 1 1 1 1 1 1 1 1 1 1 1 1 1 100 1 1 1 1 1 1 1 1 1 1 1 1 1 1 1 1 1 1 1 1 1 100 1 1 1 1 1 1 1 1 1 1 100 1 1 1 1 1 1 1 1 1 1 1 1 1 1 1 1 1 1 1 1 1 1 1 1 1 1 1 1 1 1 1 1 1 1 1 1 1 1 1 1 1 100 1 1 1 1 1 1 1 1 1 1 1 1 1 1 1 1 1 1 1 7 1 1 1 1 1 1 1 1 1 1 1 1 1 1 1 1 1 1 1 1 1 1 1 1 1 1 1 1 1 1 1 1 1 1 1 1 1 1 1 1 1 1 1 1 1 1 1 1 1 1 100 1 1 1 1 1 1 1 1 1 1 1 1 1 1 1 1 1 1 1 1 1 1 1 1 1 1 1 1 1 1 1 1 1 1 1 1 1 1 1 1 1 1 1 1 1 1 16 1 15 10 12 16 1 16 15 10 12 16 1 16 1 15 10 12 16 15 10 12 16 15 10 12 16 15 10 100 12 1 1 1 1 1 100 1 100 1 1
staticfield java/lang/ClassLoader nocerts [Ljava/security/cert/Certificate; 0 [Ljava/security/cert/Certificate;
staticfield java/lang/ClassLoader $assertionsDisabled Z 1
ciInstanceKlass java/lang/reflect/Constructor 1 1 439 10 100 12 1 1 1 10 100 12 1 1 9 7 12 1 1 1 10 12 1 1 10 12 1 1 10 100 12 1 1 9 12 1 1 10 7 12 1 1 1 9 12 1 1 9 12 1 1 9 12 1 9 12 1 1 9 12 1 9 12 1 1 9 12 1 1 9 12 1 100 1 8 1 10 12 1 10 12 1 9 12 1 1 10 7 12 1 1 10 7 12 1 1 1 10 12 1 1 10 12 1 1 10 12 1 7 1 100 1 8 1 10 10 12 1 10 12 1 10 12 1 1 10 12 1 1 9 100 12 1 1 1 10 7 12 1 1 10 12 1 1 10 12 1 10 12 1 1 10 7 12 1 1 1 10 100 12 1 1 10 12 1 1 10 12 1 10 7 12 1 1 1 8 1 10 10 12 1 100 1 8 1 10 12 1 10 12 1 1 10 12 1 1 10 12 1 10 12 1 10 12 1 1 10 12 1 1 9 12 1 1 10 12 1 1 10 12 1 1 10 12 1 1 11 7 12 1 1 1 10 12 1 1 10 12 1 10 12 1 10 12 1 8 1 9 12 1 1 10 7 12 1 1 1 10 7 12 1 1 10 12 1 1 10 12 1 1 10 12 1 1 10 12 1 1 10 12 1 9 7 12 1 1 10 12 1 10 12 1 10 12 1 100 1 8 1 10 10 12 1 1 10 12 1 10 10 12 1 1 10 12 1 1 10 100 12 1 1 1 11 100 12 1 1 1 10 12 1 1 9 100 12 1 1 1 10 100 12 1 1 1 10 12 1 1 1 1 1 1 1 1 1 1 1 1 1 1 1 1 1 1 1 1 1 1 1 1 1 1 1 1 1 1 1 1 1 1 1 1 1 1 1 1 1 1 1 1 1 1 1 1 1 1 1 1 100 1 100 1 100 1 100 1 1 1 1 1 1 1 1 1 1 1 1 1 1 1 1 1 1 1 1 1 1 1 1 1 1 1 1 1 1 1 1 1 100 1 1
instanceKlass java/lang/reflect/Executable
instanceKlass java/lang/reflect/Field
ciInstanceKlass java/lang/reflect/AccessibleObject 1 1 400 10 7 12 1 1 1 9 100 12 1 1 1 10 7 12 1 1 1 10 7 12 1 1 10 7 12 1 1 1 10 100 12 1 1 1 10 12 1 1 10 12 1 1 9 12 1 1 7 1 10 7 12 1 1 1 11 12 1 7 1 10 12 1 7 1 100 1 10 12 1 10 12 1 1 10 12 1 1 10 12 1 1 10 12 1 1 7 1 10 7 12 1 1 1 10 12 1 1 11 10 7 12 1 1 1 10 12 1 1 10 12 1 10 12 1 10 12 1 1 10 12 1 8 1 7 1 7 1 10 10 12 1 1 8 1 10 12 1 10 12 1 8 1 8 1 8 1 8 1 8 1 8 1 8 1 8 1 8 1 100 1 10 12 1 10 12 1 9 12 1 1 10 12 1 1 10 12 1 10 7 1 100 1 8 1 10 8 1 10 12 1 8 1 10 12 1 10 12 1 1 10 100 1 8 1 10 11 7 12 1 1 1 10 12 1 1 10 12 1 1 10 12 1 1 9 12 1 1 100 1 10 12 1 7 1 10 12 1 10 12 1 1 10 100 1 10 12 1 10 12 10 12 1 10 12 1 10 12 1 1 10 12 1 9 12 1 10 100 12 1 1 8 1 10 100 12 1 1 1 8 1 10 7 12 1 1 1 9 12 1 7 1 10 7 1 10 10 7 12 1 1 1 7 1 10 10 7 12 1 1 1 7 1 9 12 1 1 1 1 1 1 1 1 1 1 1 1 1 1 1 1 1 1 1 1 1 1 1 1 1 1 1 1 1 1 1 1 1 1 1 1 1 1 1 1 1 1 1 1 1 1 1 1 1 1 1 1 1 1 1 1 1 1 1 1 1 1 1 1 1 1 1 1 1 1 1 1 1 1 1 1 1 1 1 1 1 1 1 1
staticfield java/lang/reflect/AccessibleObject reflectionFactory Ljdk/internal/reflect/ReflectionFactory; jdk/internal/reflect/ReflectionFactory
instanceKlass java/lang/reflect/Constructor
instanceKlass java/lang/reflect/Method
ciInstanceKlass java/lang/reflect/Executable 1 1 581 10 7 12 1 1 1 10 7 12 1 1 1 10 7 12 1 1 1 11 7 12 1 1 1 10 7 12 1 1 1 10 12 1 1 10 100 12 1 1 1 10 7 12 1 1 1 10 12 1 8 1 10 10 12 1 1 10 12 1 1 10 100 12 1 1 1 18 12 1 1 11 100 12 1 1 1 8 1 8 1 8 1 10 100 12 1 1 1 11 12 1 1 7 1 8 1 8 1 10 12 1 7 1 8 1 10 12 1 8 1 11 100 12 1 1 1 7 1 11 7 12 1 1 1 11 12 1 8 1 18 8 1 10 12 1 10 12 1 1 18 8 1 10 12 1 100 1 10 12 1 10 12 1 11 12 1 10 12 1 1 8 1 8 1 10 12 1 1 10 12 1 1 10 10 12 1 9 100 12 1 1 1 10 100 12 1 1 1 10 12 1 10 12 1 1 10 100 12 1 1 10 12 1 10 12 1 10 12 1 10 7 12 1 1 7 1 10 100 12 1 1 1 10 12 1 1 10 7 12 1 1 10 12 1 10 12 1 1 9 100 12 1 1 1 10 100 10 12 1 8 1 10 12 1 10 12 1 3 100 1 8 1 10 12 1 10 12 1 10 10 12 1 10 12 1 1 8 1 8 1 8 1 9 12 1 1 9 12 1 10 12 1 100 1 8 1 10 12 1 10 12 1 10 12 1 1 10 12 1 1 10 12 1 10 12 10 12 1 100 1 10 12 1 10 12 1 1 100 1 10 7 12 1 1 1 7 1 10 7 12 1 1 1 10 12 1 1 11 7 12 1 1 10 12 1 10 100 12 1 1 1 10 12 1 1 9 12 1 10 12 1 1 10 12 1 10 12 1 1 9 100 12 1 1 1 10 100 12 1 1 1 10 12 1 10 12 1 1 9 12 1 10 10 10 10 100 12 1 1 1 10 12 1 9 12 1 10 12 1 1 9 12 1 7 1 7 1 1 1 1 1 1 1 1 1 1 1 1 1 1 1 1 1 1 1 1 1 1 1 1 1 1 1 1 1 1 1 1 1 1 1 1 100 1 1 1 1 1 1 1 1 1 1 1 1 1 1 1 1 1 1 1 100 1 1 1 1 1 1 1 1 1 1 1 1 1 1 1 1 1 1 1 1 1 1 1 1 1 1 1 1 1 1 1 1 1 1 1 1 1 1 1 1 1 1 1 7 1 1 1 1 1 1 1 1 1 1 1 1 1 1 1 1 1 1 1 1 1 1 7 1 1 16 15 16 1 16 1 15 10 12 16 15 10 100 12 1 1 1 1 1 1 100 1 1 100 1 100 1 1
ciInstanceKlass java/lang/reflect/Member 1 1 37 100 1 10 12 1 1 100 1 100 1 1 1 1 3 1 3 1 1 1 1 1 1 1 1 1 1 1 1 1 1 1 1 1 1 1 1
instanceKlass java/util/logging/LogManager$Cleaner
instanceKlass jdk/internal/misc/InnocuousThread
instanceKlass java/util/concurrent/ForkJoinWorkerThread
instanceKlass java/lang/ref/Finalizer$FinalizerThread
instanceKlass java/lang/ref/Reference$ReferenceHandler
instanceKlass java/lang/BaseVirtualThread
ciInstanceKlass java/lang/Thread 1 1 870 10 7 12 1 1 1 9 12 1 1 10 7 12 1 1 10 12 1 10 100 12 1 1 100 1 8 1 10 12 1 1 9 12 1 9 12 1 1 9 12 1 1 7 1 10 12 1 1 10 12 1 10 100 12 1 1 1 10 12 9 12 1 1 10 12 1 7 1 10 12 1 100 1 8 1 10 9 100 12 1 1 1 10 12 1 1 10 12 1 1 10 12 1 1 10 12 1 10 12 1 1 3 8 1 7 1 5 0 10 7 12 1 1 1 9 12 1 10 12 1 1 10 7 12 1 1 1 10 7 12 1 1 1 10 12 1 1 10 12 1 1 9 12 1 1 10 7 1 8 1 10 7 1 10 12 1 9 12 1 1 10 7 12 1 1 1 10 10 12 1 1 9 100 12 1 1 1 10 12 1 1 10 12 1 1 10 7 12 1 1 10 12 1 10 12 1 10 7 12 1 1 9 12 1 10 7 12 1 1 1 10 12 1 1 9 12 1 1 9 12 1 1 10 7 12 1 1 1 9 12 1 1 10 100 12 1 1 10 100 12 1 1 1 10 12 1 10 12 1 10 7 12 1 1 9 12 1 8 1 9 7 12 1 1 9 12 1 1 5 0 100 1 10 100 1 10 100 1 10 7 1 10 8 1 10 12 1 1 10 100 12 1 10 12 1 10 12 1 100 1 8 1 10 10 12 1 10 12 1 1 10 100 12 1 1 1 10 100 12 1 1 1 10 12 1 7 1 9 12 1 1 100 1 10 10 12 1 9 12 1 1 10 12 1 1 10 12 1 1 10 12 1 10 12 1 9 12 1 1 10 10 12 1 1 10 12 1 1 11 7 12 1 1 10 7 12 1 1 9 12 1 9 12 1 1 9 12 1 1 10 100 12 1 1 10 12 1 1 9 100 12 1 1 1 10 100 12 1 1 10 12 1 10 12 1 100 1 10 10 12 9 12 1 1 10 12 1 11 100 12 1 1 10 12 1 10 12 1 10 12 1 9 12 1 10 10 12 1 10 12 1 1 9 12 1 9 12 10 12 1 8 1 10 12 1 10 12 1 10 12 1 10 12 1 10 12 1 1 10 12 1 10 12 1 1 10 12 1 10 12 1 10 12 1 10 12 1 10 12 1 1 9 7 12 1 1 1 8 1 10 9 12 1 10 12 1 7 1 8 1 10 10 12 1 8 1 10 12 1 1 9 12 10 12 8 1 10 10 12 1 10 12 1 8 1 10 12 1 10 8 1 10 100 12 1 1 10 12 1 1 100 1 8 1 10 9 12 1 9 12 1 1 10 12 1 1 10 10 12 1 10 12 1 100 10 7 12 1 1 1 9 12 1 10 12 1 1 10 12 1 1 10 100 12 1 1 1 11 7 12 1 1 1 9 100 12 1 1 1 10 100 12 1 1 1 7 1 10 12 1 100 1 10 12 1 10 12 1 1 10 12 1 1 8 1 9 12 1 10 12 1 10 12 1 1 11 7 12 1 1 1 10 12 1 1 1 1 3 1 3 1 3 1 3 1 1 1 1 1 1 1 1 1 1 1 1 1 1 1 1 1 1 1 1 1 7 1 1 1 1 1 1 1 1 1 1 1 1 1 1 1 1 1 1 1 1 1 1 100 1 1 1 1 1 1 1 1 1 1 1 1 1 1 1 1 7 1 7 1 1 1 1 1 1 1 1 1 1 1 1 1 1 1 1 1 1 1 1 1 1 1 1 1 1 1 1 1 1 1 1 1 1 1 1 1 1 1 1 1 1 1 1 1 1 1 1 1 1 1 1 1 1 1 1 1 1 1 1 1 1 1 1 1 1 1 1 1 1 1 1 1 1 1 1 100 100 1 1 1 1 1 1 1 1 1 1 1 1 1 1 1 1 1 1 1 1 1 1 1 1 1 1 100 1 100 1 100 1 100 1 100 1 1 100 1 1 1 1 1 1 1 1 1 1 1 1 1 1 1
staticfield java/lang/Thread NEW_THREAD_BINDINGS Ljava/lang/Object; java/lang/Class
staticfield java/lang/Thread EMPTY_STACK_TRACE [Ljava/lang/StackTraceElement; 0 [Ljava/lang/StackTraceElement;
ciInstanceKlass java/lang/Runnable 1 0 11 100 1 100 1 1 1 1 1 1 1
ciInstanceKlass java/net/URL 1 1 771 10 7 12 1 1 1 10 12 1 10 7 12 1 1 9 12 1 1 9 12 1 10 7 12 1 1 1 10 12 1 1 10 12 1 1 9 12 1 1 10 7 12 1 1 1 8 1 10 12 1 1 7 1 10 10 12 1 1 8 1 10 12 1 1 9 12 1 100 1 8 1 10 12 1 10 12 1 8 1 9 12 1 10 12 1 1 9 12 1 10 12 1 10 12 1 9 12 1 9 12 1 8 1 9 12 1 10 12 1 1 8 1 9 12 1 1 10 12 1 1 10 7 12 1 1 1 8 1 10 12 1 7 1 10 12 1 10 12 1 10 12 1 10 12 1 1 10 12 1 1 8 1 10 12 1 1 10 12 1 8 1 9 12 1 8 1 10 12 1 10 7 12 1 1 1 7 1 10 12 1 10 12 1 1 10 100 12 1 1 1 100 1 8 1 10 10 12 1 8 1 10 12 1 1 10 12 1 10 12 1 10 12 1 10 12 1 10 12 1 10 12 1 8 1 10 12 1 8 1 10 10 100 1 10 10 12 1 8 1 10 7 12 1 1 1 10 12 1 9 100 12 1 1 1 10 7 12 1 1 1 9 12 1 1 10 12 1 10 100 12 1 1 1 100 1 100 1 10 12 1 10 12 1 10 12 1 10 12 1 10 12 1 10 12 10 10 12 1 10 12 1 10 12 1 1 8 1 9 100 12 1 1 1 10 100 12 1 1 1 10 12 1 1 9 100 12 1 1 1 10 12 1 1 100 1 10 12 1 10 12 1 10 10 12 1 1 10 12 1 1 10 12 1 10 12 1 10 12 1 10 7 12 1 1 1 10 12 1 1 10 12 1 9 12 1 1 9 12 1 1 7 1 8 1 10 10 12 1 9 12 1 1 10 7 12 1 1 8 1 10 100 12 1 1 8 1 10 12 1 1 10 12 1 8 1 8 1 10 7 12 1 1 1 7 1 10 7 12 1 1 1 10 12 1 10 12 1 100 1 10 9 100 12 1 1 1 10 100 12 1 1 10 12 1 1 10 12 1 8 1 100 1 10 10 7 12 1 1 1 10 12 1 8 9 100 12 1 1 1 10 12 1 1 10 12 1 10 12 1 1 10 100 12 1 1 11 7 12 1 1 10 12 1 10 12 1 9 12 1 10 12 1 1 10 100 12 1 1 10 100 12 1 1 1 8 10 100 12 1 1 100 1 10 8 8 10 12 1 8 8 8 100 1 10 12 1 9 12 1 1 10 12 1 10 12 1 1 10 12 1 10 12 10 12 1 1 10 12 1 1 10 10 10 12 1 10 12 1 10 12 1 10 12 1 10 12 1 10 10 12 1 100 1 8 1 10 10 10 12 1 1 10 12 1 10 12 1 1 8 1 7 1 10 10 7 1 10 12 1 9 7 12 1 1 1 9 12 1 1 7 1 10 10 7 12 1 1 1 7 1 1 1 1 1 5 0 1 1 1 1 1 1 1 1 1 1 1 1 1 1 1 1 1 1 1 1 1 1 1 1 1 1 1 1 1 1 1 1 1 1 1 1 1 1 1 1 1 1 1 1 1 1 1 1 7 1 1 1 1 1 1 1 1 1 1 1 1 1 1 1 1 1 1 1 1 1 1 1 1 1 1 1 1 1 1 1 1 1 1 1 1 1 100 1 1 1 1 1 1 1 1 1 1 1 1 1 1 1 1 1 100 1 1 1 1 1 1 1 1 1 1 1 1 1 1 1 1 1 1 1
staticfield java/net/URL defaultFactory Ljava/net/URLStreamHandlerFactory; java/net/URL$DefaultFactory
staticfield java/net/URL streamHandlerLock Ljava/lang/Object; java/lang/Object
staticfield java/net/URL serialPersistentFields [Ljava/io/ObjectStreamField; 7 [Ljava/io/ObjectStreamField;
ciMethod java/lang/System identityHashCode (Ljava/lang/Object;)I 256 0 128 0 -1
ciMethod java/lang/System arraycopy (Ljava/lang/Object;ILjava/lang/Object;II)V 256 0 128 0 -1
ciInstanceKlass java/lang/Module 1 1 1070 10 7 12 1 1 1 9 7 12 1 1 1 10 7 12 1 1 1 9 12 1 9 12 1 1 9 12 1 1 10 12 1 1 10 12 1 10 12 1 1 10 7 12 1 1 1 7 1 10 7 12 1 1 1 10 12 1 1 11 7 12 1 1 1 10 12 1 1 10 7 12 1 1 1 10 12 1 1 10 7 12 1 1 1 9 100 12 1 1 1 10 7 12 1 1 1 10 12 1 8 1 10 7 12 1 1 1 10 7 12 1 1 1 10 7 12 1 1 1 10 12 1 10 12 1 9 12 1 1 10 100 12 1 1 100 1 7 1 10 8 1 10 12 1 1 10 12 1 10 12 10 12 1 10 7 12 1 1 8 1 8 1 10 8 1 8 1 9 12 1 1 8 1 10 100 12 1 1 1 10 12 1 9 12 1 1 11 12 1 9 100 12 1 1 10 100 12 1 1 1 10 100 12 1 1 1 10 12 1 1 8 1 10 12 1 1 10 12 1 10 12 1 1 9 7 12 1 1 1 10 12 1 1 10 12 1 1 9 12 1 10 12 1 10 12 1 9 12 1 1 11 7 12 1 1 10 12 1 1 9 12 1 9 12 1 10 12 1 10 12 1 100 1 8 1 10 10 12 1 1 10 12 1 8 1 10 12 1 1 8 1 8 1 10 12 1 1 10 12 1 10 12 1 1 18 12 1 1 10 12 1 1 11 12 1 9 12 1 11 12 10 100 12 1 1 100 1 8 1 10 11 12 1 1 10 7 12 1 1 1 10 12 1 10 12 1 1 11 12 1 1 11 7 12 1 1 11 12 1 1 9 12 1 11 12 1 10 12 1 1 10 12 1 1 9 12 1 10 12 10 7 12 1 1 10 7 1 18 12 1 1 11 100 12 1 1 1 18 12 1 11 12 1 1 10 100 12 1 1 1 11 12 1 1 10 7 12 1 1 7 1 11 12 1 7 1 7 1 10 12 1 10 7 12 1 1 1 10 11 7 12 1 8 1 10 10 12 1 1 10 7 12 1 1 10 12 1 10 12 1 7 1 10 12 1 10 11 12 1 1 10 12 10 12 1 1 9 12 1 1 100 1 10 10 12 1 1 11 7 1 10 12 1 1 11 12 1 10 10 12 1 11 10 12 1 1 10 12 1 1 10 12 1 1 10 7 12 1 1 10 12 1 10 12 1 1 10 10 12 1 1 10 12 1 18 12 1 11 12 1 18 12 1 10 12 1 10 12 1 10 12 7 1 10 12 1 10 12 1 10 12 1 9 12 1 7 1 10 10 10 10 12 1 10 12 1 10 12 1 10 12 1 1 10 12 1 1 10 12 1 9 12 1 18 12 1 1 10 7 12 1 1 1 100 1 8 1 10 12 1 1 10 12 1 1 10 7 12 1 1 7 1 10 12 1 1 7 1 8 1 10 12 1 1 100 1 11 12 1 1 10 100 12 1 1 1 18 12 1 1 11 100 12 1 1 1 100 1 10 12 1 10 12 1 1 7 1 7 1 10 12 8 1 10 12 1 1 10 12 1 1 10 100 12 1 1 10 12 1 1 10 12 1 10 12 10 12 1 1 7 1 10 10 12 1 1 10 7 12 1 1 1 100 1 10 12 1 1 10 7 12 1 1 8 1 18 12 1 1 100 1 100 1 9 12 1 1 9 12 1 9 12 1 11 100 12 1 1 1 100 1 11 12 1 1 100 1 10 12 1 8 1 10 12 1 10 12 10 12 1 8 1 10 10 100 12 1 1 7 1 10 10 12 1 10 7 12 1 1 9 12 1 9 12 1 9 12 1 9 12 1 10 12 11 12 1 10 12 1 7 1 1 1 1 1 1 1 1 1 1 1 1 1 1 1 1 1 1 1 100 1 1 1 1 1 1 1 1 1 1 1 1 1 1 1 1 1 1 1 1 1 1 1 1 1 1 1 1 1 1 1 1 1 1 1 1 1 1 1 1 1 1 1 1 1 1 1 1 1 1 1 1 1 1 1 1 1 1 1 1 1 1 1 1 1 1 1 1 1 1 1 1 1 1 1 1 1 1 1 1 1 1 1 1 1 1 1 1 1 1 1 1 1 1 1 100 100 1 1 1 1 1 1 1 1 1 1 1 1 1 1 1 1 1 1 1 1 1 1 1 1 1 1 1 100 1 100 1 1 1 1 1 1 1 1 1 1 1 1 1 1 1 1 1 1 1 1 100 1 1 1 1 1 1 1 1 1 1 1 1 1 1 1 1 1 1 1 1 1 1 1 16 15 10 12 16 16 15 10 12 16 16 15 10 16 1 15 10 12 16 1 15 10 12 16 1 16 15 10 12 16 16 1 15 10 12 16 15 10 100 12 1 1 1 15 10 100 12 1 1 1 1 1 1 1 1 1 1 1 100 1 100 1 1 100 1 100 1 1
staticfield java/lang/Module ALL_UNNAMED_MODULE Ljava/lang/Module; java/lang/Module
staticfield java/lang/Module ALL_UNNAMED_MODULE_SET Ljava/util/Set; java/util/ImmutableCollections$Set12
staticfield java/lang/Module EVERYONE_MODULE Ljava/lang/Module; java/lang/Module
staticfield java/lang/Module EVERYONE_SET Ljava/util/Set; java/util/ImmutableCollections$Set12
staticfield java/lang/Module $assertionsDisabled Z 1
ciInstanceKlass java/lang/Math 1 1 460 7 1 10 7 12 1 1 1 10 7 12 1 1 1 10 12 1 10 12 1 10 12 1 10 12 1 10 12 1 6 0 6 0 10 12 1 10 12 1 10 12 1 10 12 1 10 12 1 10 12 1 1 10 12 1 10 12 1 10 12 1 10 12 1 10 12 1 10 7 12 1 1 1 100 1 3 3 3 10 7 12 1 1 1 100 1 5 0 5 0 5 0 5 0 5 0 9 100 12 1 1 1 10 100 12 1 1 1 100 1 8 1 10 12 1 8 1 10 12 1 1 10 12 1 1 7 1 5 0 5 0 7 1 3 5 0 3 5 0 10 12 1 10 12 1 10 12 1 10 12 1 10 12 1 8 1 10 12 1 8 1 10 12 1 1 10 12 1 1 9 12 1 1 9 12 1 100 1 7 1 10 10 12 1 1 8 1 10 12 1 10 12 1 1 10 10 12 1 10 12 1 10 12 1 10 12 1 1 8 1 8 1 10 12 1 1 10 12 1 10 12 10 12 10 12 1 10 12 1 10 12 1 10 12 1 10 12 6 0 10 12 1 9 12 1 1 100 1 10 10 12 1 100 1 10 12 1 10 12 1 1 10 12 1 10 12 1 10 12 10 12 1 1 10 12 1 1 10 12 1 1 10 12 6 0 10 12 1 1 10 12 10 12 1 4 10 12 1 10 12 1 10 12 10 12 1 10 12 1 10 12 1 10 12 1 10 12 1 10 12 1 5 0 6 0 4 6 0 4 6 0 4 10 12 1 9 12 1 1 10 12 9 12 1 10 7 12 1 1 1 4 6 0 1 1 6 0 1 6 0 1 6 0 1 1 1 1 1 1 1 1 1 1 1 1 1 1 1 1 1 1 1 1 1 1 1 1 1 1 1 1 1 1 1 1 1 1 1 1 1 1 1 1 1 1 1 1 1 1 1 1 1 1 1 1 1 1 1 1 1 1 1 1 1 1 1 1 1 1 1 1 1 1 1 1 1 1 1 1 1 1 1 1 1 1 1 1 1 1 1 1 1 1 1 1 1 1 1 1
staticfield java/lang/Math negativeZeroFloatBits J -2147483648
staticfield java/lang/Math negativeZeroDoubleBits J -9223372036854775808
staticfield java/lang/Math $assertionsDisabled Z 1
ciInstanceKlass jdk/internal/util/ArraysSupport 1 1 378 7 1 7 1 8 1 10 12 1 1 10 12 1 1 10 7 12 1 1 9 7 12 1 1 1 9 12 1 1 10 7 12 1 1 1 9 12 1 1 10 7 12 1 1 1 9 12 1 10 12 9 12 1 10 12 1 1 10 12 7 1 10 12 1 1 10 12 1 100 1 10 12 1 1 10 12 100 1 10 12 1 100 1 10 12 1 100 1 7 1 10 8 1 10 12 1 1 10 12 1 10 12 1 1 10 9 12 1 1 11 100 12 1 1 1 9 12 1 9 12 1 10 12 1 1 9 12 1 9 12 1 9 12 1 9 12 1 9 12 1 9 12 1 9 12 1 10 12 1 1 10 7 12 1 1 1 9 12 1 9 12 1 10 12 1 1 10 12 1 9 12 1 10 12 1 10 7 12 1 1 1 9 12 1 9 12 1 10 12 1 10 12 1 10 7 12 1 1 1 3 10 12 1 7 1 8 1 8 1 8 1 10 10 100 12 1 1 1 11 7 12 1 1 1 10 12 1 10 7 12 1 1 1 10 12 1 1 10 12 1 1 9 12 1 10 12 1 9 12 1 9 12 1 9 12 1 9 12 1 9 12 1 9 12 1 9 12 1 7 1 10 7 12 1 1 1 1 1 3 1 3 1 3 1 3 1 3 1 3 1 3 1 3 1 1 1 1 1 1 1 1 1 1 1 1 1 1 1 1 1 1 1 1 1 1 1 1 1 1 1 1 1 1 1 1 1 1 1 1 1 1 1 1 1 1 1 1 1 1 1 1 1 1 1 1 1 1 1 1 1 1 1 1 1 1 1 1 1 1 1 1 1 1 1 1 1 1 1 1 1 1 1 100 1 1 1 1
staticfield jdk/internal/util/ArraysSupport U Ljdk/internal/misc/Unsafe; jdk/internal/misc/Unsafe
staticfield jdk/internal/util/ArraysSupport BIG_ENDIAN Z 0
staticfield jdk/internal/util/ArraysSupport LOG2_ARRAY_BOOLEAN_INDEX_SCALE I 0
staticfield jdk/internal/util/ArraysSupport LOG2_ARRAY_BYTE_INDEX_SCALE I 0
staticfield jdk/internal/util/ArraysSupport LOG2_ARRAY_CHAR_INDEX_SCALE I 1
staticfield jdk/internal/util/ArraysSupport LOG2_ARRAY_SHORT_INDEX_SCALE I 1
staticfield jdk/internal/util/ArraysSupport LOG2_ARRAY_INT_INDEX_SCALE I 2
staticfield jdk/internal/util/ArraysSupport LOG2_ARRAY_LONG_INDEX_SCALE I 3
staticfield jdk/internal/util/ArraysSupport LOG2_ARRAY_FLOAT_INDEX_SCALE I 2
staticfield jdk/internal/util/ArraysSupport LOG2_ARRAY_DOUBLE_INDEX_SCALE I 3
staticfield jdk/internal/util/ArraysSupport LOG2_BYTE_BIT_SIZE I 3
staticfield jdk/internal/util/ArraysSupport JLA Ljdk/internal/access/JavaLangAccess; java/lang/System$2
ciInstanceKlass java/lang/Character 1 1 604 7 1 7 1 100 1 9 12 1 1 8 1 9 12 1 1 7 1 9 12 1 1 10 7 12 1 1 1 10 100 12 1 1 1 10 100 12 1 1 1 10 7 12 1 1 1 9 7 12 1 1 1 10 12 1 10 12 1 1 10 12 1 1 10 7 12 1 1 10 12 1 1 3 3 3 3 3 10 12 1 1 10 12 1 3 11 7 12 1 1 1 11 12 1 1 10 12 1 1 10 12 1 1 100 1 10 10 12 1 3 10 12 1 1 10 12 1 10 12 1 1 100 1 8 1 10 12 1 1 10 12 1 10 12 1 10 12 1 10 100 12 1 1 1 10 12 1 10 12 1 10 12 1 1 10 12 1 10 7 12 1 1 10 10 12 1 10 10 12 1 10 12 1 1 10 12 1 10 10 12 1 10 12 1 10 12 1 10 12 1 10 12 1 10 12 1 10 12 1 10 12 10 10 12 10 10 12 1 10 10 12 1 10 10 12 1 10 10 12 1 10 12 1 10 12 1 10 12 1 10 12 1 10 12 1 10 12 1 10 10 12 1 10 10 12 1 10 10 12 1 1 10 10 12 1 10 5 0 10 12 1 10 12 1 10 10 12 1 10 10 12 1 1 10 10 12 1 10 10 12 1 9 12 1 1 100 1 10 10 12 1 10 12 1 1 3 10 100 12 1 1 1 10 12 1 10 100 12 1 1 7 1 10 10 12 1 1 10 12 1 1 10 12 1 1 8 1 10 12 1 9 100 12 1 1 1 10 12 1 10 10 12 1 10 12 1 1 10 12 1 10 10 12 1 1 10 10 12 1 1 7 1 8 1 10 12 1 1 10 7 12 1 1 1 8 1 10 12 1 1 9 12 1 1 7 1 7 1 7 1 1 1 1 3 1 3 1 3 1 3 1 1 1 1 1 3 1 1 3 1 3 1 3 1 3 1 3 1 3 1 3 1 3 1 3 1 3 1 3 1 3 1 3 1 3 1 3 1 3 1 3 1 3 1 3 1 3 1 3 1 3 1 3 1 3 1 3 1 3 1 3 1 3 1 1 1 1 1 1 1 1 1 1 1 1 1 1 1 1 1 1 1 3 1 1 1 1 1 1 1 3 1 1 3 1 1 1 1 1 3 1 1 5 0 1 1 1 1 1 1 1 1 1 1 1 1 1 1 1 1 1 1 1 1 1 1 1 1 1 1 1 1 1 1 1 1 1 1 1 1 1 1 1 1 1 1 1 1 1 1 1 1 1 1 1 1 1 1 1 1 1 1 1 1 1 1 1 1 1 1 1 1 1 1 1 1 1 1 1 1 1 1 1 1 1 1 1 1 1 1 1 1 1 1 100 1 100 1 1 1 1 1 1
staticfield java/lang/Character TYPE Ljava/lang/Class; java/lang/Class
staticfield java/lang/Character $assertionsDisabled Z 1
ciInstanceKlass java/util/Arrays 1 1 1029 10 7 12 1 1 1 10 100 12 1 1 1 10 7 12 1 1 1 10 12 1 10 12 1 10 12 1 10 12 1 10 12 1 10 12 1 10 100 12 1 1 1 100 1 7 1 10 8 1 10 12 1 1 10 12 1 8 1 8 1 10 12 1 1 10 12 1 100 1 10 12 1 9 100 12 1 1 1 10 7 12 1 1 100 1 10 12 1 1 10 7 12 1 1 10 7 12 1 1 1 100 1 10 12 1 10 12 1 1 7 1 9 7 12 1 1 1 10 12 1 1 10 7 12 1 1 10 12 1 10 12 1 1 10 12 1 10 12 1 1 7 1 11 12 1 1 10 12 1 10 7 12 1 1 1 10 12 10 12 1 10 12 1 10 12 10 12 1 11 100 12 1 1 1 10 7 12 1 1 1 100 1 10 12 1 10 100 1 10 12 1 10 100 1 10 12 1 10 100 1 10 12 1 10 10 12 1 1 10 12 1 10 12 1 10 12 1 10 12 1 10 12 1 10 7 12 1 1 1 10 12 1 10 7 12 1 1 1 10 12 1 10 12 1 10 7 12 1 1 1 10 12 1 10 12 1 10 12 1 10 12 1 10 12 1 10 12 1 10 12 1 10 12 1 10 12 1 10 12 1 10 12 1 10 12 1 10 12 1 10 12 1 10 12 1 10 12 1 1 10 12 1 1 10 7 12 1 1 1 10 7 1 10 100 1 10 7 1 10 100 1 10 100 1 10 100 1 10 100 1 10 100 1 10 12 1 8 1 10 12 1 1 10 12 1 1 10 12 1 1 10 12 1 1 10 12 1 1 10 12 1 1 10 12 1 1 10 12 1 1 10 12 1 1 7 1 10 12 10 12 1 1 10 12 1 10 12 1 1 10 12 1 1 9 7 12 1 1 1 10 12 1 9 7 1 10 12 1 9 7 1 10 12 1 9 7 1 10 12 1 9 7 1 10 12 1 9 7 1 10 12 1 9 10 12 1 10 12 1 10 12 1 9 12 1 100 1 10 10 12 1 1 10 12 1 10 12 1 10 12 1 10 12 1 10 12 1 10 12 1 10 12 1 10 12 1 10 12 1 8 1 8 1 10 12 1 10 12 1 8 1 10 12 1 10 12 1 10 12 1 10 7 12 1 1 1 3 10 7 1 10 10 12 1 1 11 100 12 1 1 10 12 1 1 10 12 1 10 12 1 10 12 1 10 12 1 10 12 1 10 12 1 10 12 1 10 12 1 11 12 1 8 1 10 11 12 1 11 100 12 1 1 1 11 100 12 1 1 1 11 12 1 1 18 12 1 1 11 12 1 1 11 100 12 1 1 1 18 12 1 11 100 12 1 1 1 18 12 1 11 100 12 1 1 1 18 12 1 100 1 10 100 12 1 1 1 10 12 1 10 12 1 10 12 1 10 12 1 10 12 1 10 12 1 10 12 1 10 12 1 1 10 12 1 10 100 12 1 1 10 12 1 10 12 1 10 12 1 1 10 12 1 10 12 1 10 12 1 1 10 12 1 10 12 1 10 12 1 1 10 12 1 10 12 1 10 12 1 10 12 1 10 12 10 12 1 10 12 10 12 10 12 1 10 12 10 12 1 10 12 1 10 12 1 1 1 1 3 1 3 1 1 1 1 1 1 1 1 1 1 1 1 1 1 1 1 1 1 1 1 1 1 1 1 1 1 1 1 1 1 1 1 1 1 1 1 1 1 1 1 1 1 1 1 1 1 1 1 1 1 1 1 1 1 1 1 1 1 1 1 1 1 1 1 1 1 1 1 1 1 1 1 1 1 1 1 1 1 1 1 1 1 1 1 1 1 1 1 1 1 1 1 1 1 1 1 1 1 1 1 1 1 1 1 1 1 1 1 1 1 1 1 1 1 1 1 1 1 1 1 1 1 1 1 1 1 1 1 1 1 1 1 1 1 1 1 1 1 1 1 1 1 1 1 1 1 1 1 1 1 1 1 1 1 1 1 1 1 1 1 1 1 1 1 1 1 1 1 1 1 1 1 1 1 1 1 1 1 1 1 1 1 1 1 1 1 1 1 1 1 1 1 1 1 1 1 1 1 1 1 1 1 1 1 1 1 1 1 1 1 1 1 1 1 1 1 1 1 1 1 1 1 1 1 1 1 1 1 1 1 1 1 1 1 1 1 1 1 1 1 1 1 1 1 1 1 1 1 1 1 1 1 1 1 100 1 1 16 15 10 12 15 10 12 15 10 12 15 10 12 15 10 100 12 1 1 1 1 1 100 1 100 1 1 1 1 100 1 1 1 1 1 1 100 1 1 100 1 1 100 1 1 1 100 1 100 1 1
staticfield java/util/Arrays $assertionsDisabled Z 1
ciInstanceKlass java/lang/OutOfMemoryError 1 1 26 10 100 12 1 1 1 10 12 1 100 1 1 1 1 5 0 1 1 1 1 1 1 1 1 1
ciInstanceKlass java/lang/Integer 1 1 453 7 1 7 1 7 1 7 1 10 12 1 1 9 12 1 1 9 12 1 1 10 100 12 1 1 1 10 12 1 1 10 100 12 1 1 1 10 10 12 1 1 10 7 12 1 1 1 10 12 1 10 12 1 1 10 7 12 1 1 1 10 12 1 1 10 12 1 1 10 12 1 10 12 1 10 12 1 1 10 10 12 1 9 12 1 1 9 12 1 100 1 8 1 10 12 1 7 1 10 12 1 8 1 10 12 1 1 10 12 1 8 1 10 12 1 8 1 10 12 1 1 3 10 12 1 1 3 10 12 1 1 10 12 1 1 10 7 12 1 1 1 11 7 1 10 12 1 1 11 10 12 1 1 8 1 10 12 1 1 8 1 7 1 10 12 1 1 10 12 1 1 5 0 8 1 10 12 1 10 12 1 10 12 1 10 12 1 1 7 1 9 12 1 1 9 12 1 1 10 12 1 10 7 1 9 12 1 10 12 1 10 12 1 10 12 1 1 10 7 12 1 1 1 100 1 100 1 10 12 1 1 10 12 1 1 8 1 8 1 10 12 1 1 8 1 8 1 8 1 8 1 8 1 8 1 10 12 1 10 12 1 5 0 3 3 3 3 10 12 1 10 12 1 3 10 12 1 10 100 12 1 1 1 10 12 1 1 10 12 1 1 8 1 10 7 12 1 1 1 9 12 1 1 7 1 7 1 7 1 1 1 1 3 1 1 1 3 1 3 1 1 5 0 1 1 1 1 1 1 1 1 1 100 1 1 1 1 1 1 1 1 1 1 1 1 1 1 1 1 1 1 1 1 1 1 1 1 1 1 1 1 1 1 1 1 1 1 1 1 1 1 1 1 3 1 1 1 1 1 1 1 1 1 1 1 1 1 1 1 1 7 1 1 1 1 1 1 1 1 1 1 1 1 1 1 1 1 1 1 1 1 1 1 1 1 1 1 1 1 1 1 1 1 1 1 1 1 1 1 1 1 1 1 1 1 1 1 7 1 1 1 1 1 1 1 1 1 100 1 100 1 1
staticfield java/lang/Integer TYPE Ljava/lang/Class; java/lang/Class
staticfield java/lang/Integer digits [C 36
staticfield java/lang/Integer DigitTens [B 100
staticfield java/lang/Integer DigitOnes [B 100
instanceKlass java/math/BigDecimal
instanceKlass com/android/tools/r8/internal/YR
instanceKlass java/math/BigInteger
instanceKlass java/util/concurrent/atomic/AtomicLong
instanceKlass java/util/concurrent/atomic/AtomicInteger
instanceKlass java/lang/Long
instanceKlass java/lang/Integer
instanceKlass java/lang/Short
instanceKlass java/lang/Byte
instanceKlass java/lang/Double
instanceKlass java/lang/Float
ciInstanceKlass java/lang/Number 1 1 37 10 7 12 1 1 1 10 100 12 1 1 1 100 1 1 1 1 5 0 1 1 1 1 1 1 1 1 1 1 1 1 1 1 1 1 1
ciInstanceKlass java/lang/Thread$FieldHolder 1 1 48 10 7 12 1 1 1 9 7 12 1 1 1 9 12 1 1 9 12 1 1 9 12 1 1 9 12 1 1 1 1 1 1 1 1 1 1 100 1 100 1 1 1 1 100 1 1 1
ciInstanceKlass java/lang/Thread$Constants 0 0 59 7 1 10 7 12 1 1 1 100 1 10 10 7 12 1 1 1 7 1 8 1 10 12 1 9 7 12 1 1 1 7 1 7 1 10 12 1 10 12 1 9 12 1 1 1 1 1 1 1 1 1 1 1 1 1 1 1 1
ciInstanceKlass java/lang/ThreadGroup 1 1 411 10 7 12 1 1 1 9 7 12 1 1 1 8 1 9 12 1 1 7 1 9 12 1 1 9 12 1 1 10 7 12 1 1 1 10 12 1 1 10 12 1 10 12 1 10 12 1 10 12 1 1 10 12 1 1 10 12 1 10 12 1 1 10 12 1 10 12 1 10 100 12 1 1 1 10 12 1 1 18 12 1 1 11 7 12 1 1 1 10 7 12 1 1 1 10 7 12 1 10 12 1 1 10 12 1 1 10 12 1 1 10 100 12 1 1 1 10 12 1 11 12 1 1 11 7 12 1 1 11 12 1 1 10 12 1 1 10 12 1 10 12 1 11 12 1 11 12 1 1 100 1 10 10 12 1 100 1 10 18 12 1 1 11 7 12 1 1 1 11 12 1 1 9 12 1 1 10 12 1 1 8 1 10 7 12 1 1 1 10 100 12 1 1 1 10 12 1 1 11 12 10 12 1 1 10 12 1 1 11 7 1 9 12 1 7 1 10 8 1 10 12 1 1 10 12 1 1 8 1 10 12 1 10 7 12 1 1 1 10 12 1 1 10 7 1 8 1 10 8 1 10 12 1 10 12 1 8 1 9 12 1 1 9 12 1 10 100 12 1 1 1 100 9 12 1 1 7 1 9 12 1 10 12 10 12 1 1 100 10 12 9 12 1 10 12 1 100 1 10 11 12 1 1 7 1 10 10 12 1 10 12 1 1 1 1 1 1 1 1 1 1 1 1 1 1 1 1 1 1 3 1 1 1 1 1 1 1 1 1 1 1 1 100 1 1 1 1 1 1 1 1 1 1 1 1 1 1 1 1 1 1 1 1 1 1 1 1 1 1 1 1 1 1 1 1 1 1 1 1 1 1 1 1 1 1 1 16 15 10 12 16 16 15 10 12 16 15 10 100 12 1 1 1 1 1 100 1 100 1 1
staticfield java/lang/ThreadGroup $assertionsDisabled Z 1
ciInstanceKlass java/lang/Thread$UncaughtExceptionHandler 1 0 16 100 1 100 1 1 1 1 1 1 1 1 100 1 1 1
ciInstanceKlass java/security/AccessControlContext 1 1 374 9 7 12 1 1 1 9 12 1 1 10 100 12 1 1 1 8 1 10 100 12 1 1 1 10 7 12 1 1 1 9 12 1 9 12 1 1 9 12 1 1 10 7 12 1 1 7 1 10 12 1 11 7 12 1 1 1 11 12 1 11 12 1 11 12 1 1 7 1 11 12 1 1 10 12 1 10 7 12 1 1 1 9 100 12 1 1 1 10 7 12 1 1 1 11 100 12 1 1 1 10 7 1 100 1 8 1 10 12 1 10 12 1 1 7 1 10 7 12 1 1 1 9 12 1 9 12 1 9 12 1 9 12 1 1 9 12 1 1 9 12 1 9 12 1 10 7 12 1 1 1 9 12 1 10 12 1 1 10 12 1 1 8 1 10 12 1 1 10 12 1 1 10 7 12 1 1 1 7 1 10 10 12 1 1 10 7 12 1 1 1 10 8 1 10 7 12 1 1 8 1 10 7 12 1 1 8 1 8 1 10 12 1 8 1 10 12 1 8 1 10 12 1 10 12 1 10 12 1 1 8 1 8 1 100 1 10 12 1 10 12 1 1 100 1 10 12 1 8 1 10 12 1 10 12 1 10 8 1 10 12 1 1 10 12 1 1 10 12 1 1 10 12 1 1 10 12 1 10 12 1 11 10 12 1 10 12 1 1 10 10 10 12 1 1 1 1 1 1 1 1 1 1 1 1 1 1 1 1 1 1 1 1 1 1 1 1 100 1 1 1 1 1 1 1 1 1 1 1 1 1 1 1 1 1 1 1 1 1 1 1 1 1 1 1 1 1 1 1 1 1 1 1 1 1 1 1 1 1 1 1 1 1 1 1 1 1 1 1 1 3 1 1
instanceKlass java/lang/ThreadBuilders$BoundVirtualThread
instanceKlass java/lang/VirtualThread
ciInstanceKlass java/lang/BaseVirtualThread 0 0 36 10 100 12 1 1 1 100 1 1 1 1 1 1 1 1 1 1 1 1 1 1 1 1 1 1 1 1 100 1 100 1 1 100 1 1
ciInstanceKlass java/lang/VirtualThread 0 0 907 9 7 12 1 1 1 10 7 12 1 1 1 10 100 12 1 1 1 10 7 12 1 1 1 9 12 1 1 9 12 1 1 100 1 10 12 1 9 12 1 1 18 12 1 1 9 12 1 1 10 12 1 1 100 1 10 12 1 10 12 1 1 10 12 1 1 10 12 1 1 10 12 1 10 7 12 1 10 12 1 10 12 1 10 12 1 10 12 1 11 100 12 1 1 1 100 1 10 12 1 1 10 100 12 1 1 1 10 100 12 1 1 1 10 12 1 100 1 10 10 12 1 10 12 1 1 9 12 1 1 10 12 1 1 9 12 1 1 10 12 1 9 12 1 1 9 12 1 100 1 10 10 12 1 10 100 12 1 1 10 9 10 10 12 1 1 10 12 1 1 10 100 12 1 1 10 100 1 10 9 10 10 12 1 7 1 10 12 1 1 10 12 1 10 12 1 10 12 1 1 9 12 1 10 12 1 10 12 1 9 12 1 1 10 12 1 10 12 1 9 12 1 1 10 12 1 10 12 1 10 12 1 11 100 12 1 1 10 12 1 1 10 12 1 1 10 12 1 1 9 12 1 10 100 1 10 12 1 1 10 12 1 1 10 12 1 10 12 1 10 12 1 10 12 9 12 1 1 10 100 12 1 1 10 12 1 10 12 1 1 10 100 12 1 1 10 12 1 100 1 8 1 10 12 1 10 12 1 1 10 12 1 10 12 1 10 100 12 1 1 10 12 1 10 12 1 1 10 12 1 10 12 1 1 10 7 12 1 1 10 12 1 1 10 12 1 1 100 1 10 10 12 1 7 1 9 12 1 1 10 7 12 1 1 10 9 12 1 1 18 9 100 12 1 1 1 11 100 12 1 1 1 11 100 1 11 12 10 12 1 10 12 1 1 10 12 1 100 1 10 10 12 1 10 12 1 1 10 12 1 1 10 12 1 10 12 1 10 12 1 9 12 1 1 11 100 12 1 1 10 12 9 100 12 1 1 1 9 12 1 10 12 1 1 9 12 1 9 12 1 9 12 1 7 1 10 10 12 1 1 10 12 1 10 12 7 1 7 1 10 8 1 10 12 1 1 10 12 1 10 12 1 10 10 12 1 8 1 10 10 12 1 10 12 1 10 7 12 1 1 8 1 8 1 10 9 100 12 1 1 1 10 12 1 1 10 12 1 10 10 10 12 9 12 1 10 12 1 1 9 12 1 10 12 1 1 9 12 1 10 12 1 1 18 12 1 1 18 12 1 10 7 12 1 1 1 8 1 10 100 12 1 1 1 10 7 12 1 1 1 18 12 1 10 100 12 1 1 1 100 1 10 12 1 8 1 10 12 1 8 1 10 12 1 1 8 1 8 1 10 100 12 1 1 8 1 10 12 1 8 1 8 1 10 100 12 1 1 1 10 12 1 10 12 1 1 10 12 1 18 12 1 1 18 12 1 1 5 0 9 12 1 10 12 1 18 12 1 100 1 10 12 10 7 12 1 1 10 12 1 1 7 1 8 1 10 10 12 1 10 12 1 1 10 12 1 9 12 1 8 10 12 1 1 8 8 9 12 1 8 10 12 1 1 3 1 3 1 3 1 3 1 3 1 3 1 3 1 3 1 3 1 3 1 3 1 3 3 1 3 1 1 1 1 1 1 1 1 1 1 1 1 1 1 7 1 1 1 1 1 1 1 1 1 1 1 1 1 1 7 1 1 1 1 1 1 1 1 1 1 1 7 1 1 1 1 1 1 1 1 1 1 1 1 1 1 1 1 1 1 1 1 1 1 1 1 1 1 1 1 1 1 1 1 1 1 1 1 1 1 1 100 1 1 1 1 1 1 1 1 1 1 1 1 1 1 1 1 1 1 1 1 1 1 1 1 1 1 1 1 1 1 1 1 1 1 1 100 1 1 1 1 1 1 1 1 1 1 1 1 1 1 100 1 1 16 15 10 12 15 16 15 10 12 16 15 10 12 16 16 15 10 12 16 15 10 12 16 15 10 12 16 15 10 12 16 1 15 10 100 12 1 1 1 1 1 1 1 7 1 1 100 1 100 1 1
ciInstanceKlass java/lang/ThreadBuilders$BoundVirtualThread 0 0 132 10 7 12 1 1 1 9 7 12 1 1 1 10 7 12 1 1 1 9 12 1 1 10 12 1 1 10 12 1 1 9 12 1 1 10 7 12 1 1 1 10 12 1 1 7 1 8 1 10 12 1 10 12 1 1 10 12 1 1 10 12 1 1 10 7 12 1 1 1 8 1 10 12 1 8 1 10 12 1 1 10 100 12 1 1 9 100 12 1 1 1 10 12 1 1 10 10 12 1 1 1 1 1 1 1 1 1 1 1 1 1 1 1 1 1 1 1 1 1 1 1 1 1 1 1 1 100 1 1 1 1
ciInstanceKlass jdk/internal/vm/ContinuationScope 0 0 50 10 100 12 1 1 1 10 100 12 1 1 1 100 1 9 100 12 1 1 1 10 12 1 1 10 100 12 1 1 1 10 12 1 1 10 12 1 1 1 1 1 1 1 1 1 1 1 1 1
ciInstanceKlass jdk/internal/vm/StackChunk 0 0 32 10 100 12 1 1 1 9 100 12 1 1 1 9 12 1 1 9 12 1 1 1 1 1 1 1 1 1 1 1 1 1
ciInstanceKlass java/lang/Float 1 1 279 7 1 7 1 10 100 12 1 1 1 10 100 12 1 1 1 4 7 1 10 12 1 1 10 12 1 1 8 1 8 1 10 7 12 1 1 1 10 12 1 1 10 12 1 1 10 100 1 4 10 7 12 1 1 9 12 1 1 10 12 1 1 10 12 1 10 10 12 1 1 10 12 1 10 12 1 3 3 100 1 4 4 4 3 10 12 1 1 9 12 1 1 100 1 10 3 3 4 4 10 12 1 3 3 3 10 12 1 1 10 12 1 1 10 12 1 10 100 12 1 1 1 10 12 1 1 10 12 1 1 10 7 12 1 1 1 8 1 10 12 1 1 9 12 1 1 7 1 7 1 7 1 1 1 1 4 1 4 1 1 1 4 1 1 3 1 3 1 3 1 3 1 3 1 1 1 1 5 0 1 1 1 1 1 1 1 1 1 1 100 1 1 1 1 1 1 1 1 1 1 1 1 1 3 1 1 1 1 1 1 1 1 1 1 1 1 1 1 1 1 1 1 1 1 1 1 1 1 1 1 1 1 1 1 1 1 1 1 1 1 1 1 1 1 1 1 1 1 1 1 1 1 1 1 1 1 1 1 1 1 1 1 1 1 1 7 1 1 1 1 1 1 1 100 1 100 1 1
staticfield java/lang/Float TYPE Ljava/lang/Class; java/lang/Class
staticfield java/lang/Float $assertionsDisabled Z 1
ciInstanceKlass java/lang/Double 1 1 290 7 1 7 1 10 100 12 1 1 1 10 12 1 1 10 7 1 10 12 1 1 10 100 12 1 1 1 6 0 8 1 10 12 1 1 8 1 10 12 1 1 8 1 6 0 10 12 1 1 100 1 5 0 5 0 8 1 8 1 10 7 12 1 1 1 10 7 12 1 1 1 8 1 10 12 1 1 8 1 8 1 8 1 10 12 1 1 10 12 1 10 12 1 1 10 12 1 10 12 1 10 12 1 1 10 12 1 10 7 1 6 0 10 7 12 1 1 9 12 1 1 10 12 1 10 12 1 10 12 1 10 12 1 10 12 1 5 0 10 12 1 1 10 12 1 10 12 1 10 100 12 1 1 1 10 12 1 1 10 12 1 1 8 1 10 7 12 1 1 1 9 12 1 1 7 1 7 1 7 1 1 1 6 0 1 6 0 1 6 0 1 1 1 6 0 1 1 3 1 3 1 3 1 3 1 3 1 1 1 1 5 0 1 1 1 1 1 1 1 1 1 1 1 1 1 1 1 1 100 1 1 1 1 1 1 1 1 1 1 1 1 3 1 1 1 1 1 1 1 1 1 1 1 1 1 1 1 1 1 1 1 1 1 1 1 1 1 1 1 1 1 1 1 1 1 1 7 1 1 1 1 1 1 1 100 1 100 1 1
staticfield java/lang/Double TYPE Ljava/lang/Class; java/lang/Class
ciInstanceKlass java/lang/Byte 1 1 213 7 1 100 1 10 7 12 1 1 1 9 12 1 1 8 1 9 12 1 1 7 1 10 12 1 1 10 12 1 1 10 100 12 1 1 1 10 100 12 1 1 1 9 7 12 1 1 1 10 12 1 1 100 1 7 1 10 12 1 1 8 1 10 12 1 1 8 1 10 12 1 10 12 1 10 12 1 10 12 1 1 10 12 1 10 12 1 10 12 1 1 10 8 1 8 1 10 7 1 9 12 1 1 10 12 1 1 10 12 1 1 10 12 1 1 10 12 1 5 0 10 12 1 1 8 1 10 7 12 1 1 1 9 12 1 1 7 1 7 1 1 1 3 1 3 1 1 1 1 3 1 3 1 1 5 0 1 1 1 1 1 1 1 1 1 1 1 1 1 1 1 1 1 1 1 1 1 1 1 1 1 1 1 1 1 1 1 1 1 1 1 1 1 1 1 1 1 1 1 1 1 1 1 1 1 1 1 1 1 1 1 1
staticfield java/lang/Byte TYPE Ljava/lang/Class; java/lang/Class
ciInstanceKlass java/lang/Short 1 1 222 7 1 7 1 100 1 10 7 12 1 1 1 10 12 1 1 100 1 7 1 10 12 1 1 8 1 10 12 1 1 8 1 10 12 1 10 12 1 10 12 1 10 12 1 1 10 12 1 1 10 12 1 9 12 1 1 8 1 9 12 1 1 7 1 10 12 1 1 10 12 1 10 100 12 1 1 1 10 100 12 1 1 1 9 100 12 1 1 1 10 12 1 10 12 1 1 10 8 1 8 1 10 7 1 9 12 1 1 10 12 1 1 10 12 1 1 10 12 1 1 10 12 1 3 3 5 0 10 12 1 1 8 1 10 7 12 1 1 1 9 12 1 1 7 1 7 1 1 1 3 1 3 1 1 1 1 3 1 3 1 1 5 0 1 1 1 1 1 1 1 1 1 1 1 1 1 1 1 1 1 1 1 1 1 1 1 1 1 1 1 3 1 1 1 1 1 1 1 1 1 1 1 1 1 1 1 1 1 1 1 1 1 1 1 1 1 1 1 1 1 1
staticfield java/lang/Short TYPE Ljava/lang/Class; java/lang/Class
ciInstanceKlass java/lang/Long 1 1 524 7 1 7 1 7 1 7 1 10 12 1 1 9 12 1 1 9 7 12 1 1 1 10 100 12 1 1 1 10 12 1 1 10 100 12 1 1 1 10 10 12 10 12 1 10 12 1 10 12 1 5 0 5 0 7 1 10 12 1 1 10 12 1 1 10 12 1 10 12 1 10 12 1 10 12 1 1 10 100 12 1 1 10 12 1 10 12 1 1 10 12 1 1 10 12 1 1 10 12 1 1 10 7 12 1 1 1 10 12 1 1 10 12 1 10 12 1 10 12 1 10 12 1 1 10 10 12 1 5 0 5 0 9 12 1 1 9 12 1 5 0 100 1 8 1 10 12 1 8 1 10 12 1 8 1 8 1 10 12 1 1 5 0 10 12 1 1 5 0 10 12 1 1 10 12 1 1 10 100 12 1 1 1 11 7 1 10 12 1 1 11 10 12 1 1 8 1 10 12 1 1 8 1 7 1 10 12 1 1 10 12 1 8 1 8 1 11 12 1 1 10 12 1 10 12 1 10 12 1 5 0 5 0 9 7 12 1 1 1 10 12 1 10 12 1 1 8 1 8 1 10 12 1 1 8 1 8 1 8 1 8 1 8 1 8 1 10 12 1 10 7 1 9 12 1 1 10 12 1 10 12 1 1 10 12 1 1 10 7 12 1 1 1 100 1 100 1 10 12 1 1 10 12 1 1 5 0 10 12 1 10 12 1 5 0 5 0 5 0 10 12 1 1 10 12 1 5 0 5 0 10 12 1 10 12 1 10 100 12 1 1 1 10 12 1 1 10 12 1 1 8 1 10 7 12 1 1 1 9 12 1 1 7 1 7 1 7 1 1 1 1 5 0 1 1 1 1 3 1 3 1 5 0 1 1 1 1 1 1 1 1 1 100 1 1 1 1 1 1 1 1 1 1 1 1 1 1 1 1 1 1 1 1 1 1 1 1 1 1 1 1 1 1 1 1 1 1 1 1 1 1 1 1 1 1 1 1 1 1 1 1 1 1 1 1 1 1 1 3 1 1 1 1 1 1 1 1 1 1 1 1 1 1 1 7 1 1 1 1 1 1 1 1 1 1 1 1 1 1 1 1 1 1 1 1 1 1 1 1 1 1 1 1 1 1 1 1 1 1 1 1 1 1 1 1 1 1 1 7 1 1 1 1 1 1 1 1 1 100 1 100 1 1
staticfield java/lang/Long TYPE Ljava/lang/Class; java/lang/Class
ciInstanceKlass jdk/internal/vm/vector/VectorSupport 0 0 573 100 1 10 100 12 1 1 1 9 12 1 1 10 12 1 1 100 1 10 12 1 11 100 12 1 1 1 11 100 12 1 1 1 11 100 12 1 1 11 100 12 1 1 11 100 12 1 1 1 11 100 12 1 1 11 100 12 1 1 11 100 12 1 1 11 100 12 1 1 11 100 12 1 1 11 100 12 1 1 11 100 12 1 1 1 11 100 12 1 1 11 100 12 1 1 1 11 100 12 1 1 1 11 100 12 1 1 11 100 12 1 1 1 11 100 12 1 1 100 1 10 12 1 1 11 100 12 1 1 11 100 12 1 1 11 100 12 1 1 11 100 12 1 1 11 100 12 1 1 11 100 12 1 1 9 12 1 1 10 100 12 1 1 11 100 12 1 1 10 12 1 1 10 100 12 1 1 1 10 12 1 10 12 1 1 10 12 1 1 1 1 1 3 1 3 1 3 1 3 1 3 1 3 1 3 1 3 1 3 1 3 1 3 1 3 1 3 1 3 1 3 1 3 1 3 1 3 1 3 1 3 1 3 1 3 1 3 1 3 1 3 1 3 1 3 1 3 1 3 1 3 1 3 1 3 1 3 1 3 1 3 1 3 1 3 1 3 1 3 1 3 1 3 1 3 1 3 1 3 1 3 1 3 1 3 1 3 1 3 1 3 1 3 1 3 1 3 1 1 1 1 1 1 1 1 1 1 1 1 1 1 1 1 1 1 1 1 1 1 1 1 1 1 1 1 1 1 1 1 1 1 1 1 1 1 1 1 1 1 1 1 1 1 1 1 1 1 1 1 1 1 1 1 1 1 1 1 1 1 1 1 1 1 1 1 1 1 1 1 1 1 1 1 1 1 1 1 1 1 1 1 1 1 1 1 1 1 1 1 1 1 1 1 1 1 1 1 1 1 1 1 1 1 1 1 1 1 1 1 1 1 1 1 1 1 1 1 1 1 1 1 1 1 1 1 1 1 1 1 1 1 1 1 1 1 1 1 1 1 1 1 1 1 1 1 1 1 1 1 1 1 1 1 1 1 1 1 1 1 1 1 1 1 1 1 1 1 1 1 1 1 1 1 1 1 1 1 1 1 1 1 1 1 1 1 1 1 1 1 1 1 1 1 1 1 1 1 1 1 1 1 1 1 1 1 1 1 1 1 1 1 1 1 1 1 1 1 1 1 1 1 1 1 1 1 1 1 1 1 1 1 1 100 1 100 1 100 1 100 1 100 1 1 1 1 1 1 1 1 1 1 1 1 1 1 1 1 1 1 1 1 1 1 1 1 1 1 1 1 1 1 1
instanceKlass jdk/internal/vm/vector/VectorSupport$VectorShuffle
instanceKlass jdk/internal/vm/vector/VectorSupport$VectorMask
instanceKlass jdk/internal/vm/vector/VectorSupport$Vector
ciInstanceKlass jdk/internal/vm/vector/VectorSupport$VectorPayload 0 0 32 10 100 12 1 1 1 9 100 12 1 1 1 10 100 12 1 1 1 1 1 1 1 1 1 1 1 1 1 1 1 1
ciInstanceKlass jdk/internal/vm/vector/VectorSupport$Vector 0 0 28 10 100 12 1 1 1 100 1 1 1 1 1 1 1 1 1 1 1 1 1 1 1 100 1 1 1 1
ciInstanceKlass jdk/internal/vm/vector/VectorSupport$VectorMask 0 0 28 10 100 12 1 1 1 100 1 1 1 1 1 1 1 1 1 1 1 1 1 1 1 100 1 1 1 1
ciInstanceKlass jdk/internal/vm/vector/VectorSupport$VectorShuffle 0 0 28 10 100 12 1 1 1 100 1 1 1 1 1 1 1 1 1 1 1 1 1 1 1 100 1 1 1 1
ciInstanceKlass jdk/internal/vm/FillerObject 0 0 16 10 100 12 1 1 1 100 1 1 1 1 1 1 1 1
instanceKlass java/lang/ref/PhantomReference
instanceKlass java/lang/ref/FinalReference
instanceKlass java/lang/ref/WeakReference
instanceKlass java/lang/ref/SoftReference
ciInstanceKlass java/lang/ref/Reference 1 1 190 9 7 12 1 1 1 9 7 12 1 1 10 12 1 1 10 12 1 1 9 12 1 1 10 12 1 1 9 12 1 1 9 12 1 1 7 1 10 12 1 10 7 12 1 1 10 12 1 10 12 1 1 10 12 1 7 1 8 1 10 12 1 1 7 1 10 12 1 1 10 12 1 1 10 12 1 9 12 1 10 12 1 1 10 12 1 10 12 1 9 12 1 7 1 100 1 10 12 9 12 1 9 12 1 100 1 10 10 12 1 10 10 7 12 1 1 7 1 10 10 7 12 1 1 1 1 1 1 1 1 1 1 1 1 1 1 1 1 1 1 1 7 1 1 1 100 1 1 1 1 1 1 1 1 1 1 1 1 1 1 1 1 1 1 1 1 1 1 1 1 1 1 1 1 1 1 1 1 1 1 1 7 1 7 1 7 1 1 1
staticfield java/lang/ref/Reference processPendingLock Ljava/lang/Object; java/lang/Object
staticfield java/lang/ref/Reference $assertionsDisabled Z 1
instanceKlass sun/security/util/MemoryCache$SoftCacheEntry
instanceKlass java/lang/invoke/LambdaFormEditor$Transform
ciInstanceKlass java/lang/ref/SoftReference 1 1 47 10 7 12 1 1 1 9 7 12 1 1 1 9 12 1 10 12 1 10 12 1 1 1 1 1 1 1 1 1 1 1 1 1 1 1 1 1 1 1 1 100 1 1 1 1 1
instanceKlass java/util/logging/LogManager$LoggerWeakRef
instanceKlass java/util/logging/Level$KnownLevel
instanceKlass jdk/internal/util/WeakReferenceKey
instanceKlass java/lang/ThreadLocal$ThreadLocalMap$Entry
instanceKlass java/util/WeakHashMap$Entry
ciInstanceKlass java/lang/ref/WeakReference 1 1 31 10 7 12 1 1 1 10 12 1 100 1 1 1 1 1 1 1 1 1 1 1 1 1 1 1 1 1 1 1 1
instanceKlass java/lang/ref/Finalizer
ciInstanceKlass java/lang/ref/FinalReference 1 1 50 10 7 12 1 1 1 10 7 12 1 1 1 10 12 1 1 7 1 8 1 10 12 1 1 1 1 1 1 1 1 1 1 1 1 1 1 1 1 1 1 1 1 1 1 1 1 1 7 1
instanceKlass jdk/internal/ref/PhantomCleanable
instanceKlass jdk/internal/ref/Cleaner
ciInstanceKlass java/lang/ref/PhantomReference 1 1 39 10 100 12 1 1 1 10 7 12 1 1 1 1 1 1 1 1 1 1 1 1 1 1 1 1 1 1 1 1 1 1 1 1 1 1 1 1 1
ciInstanceKlass java/lang/ref/Finalizer 1 1 155 9 7 12 1 1 1 10 7 12 1 1 1 9 12 1 1 9 12 1 1 9 12 1 9 12 1 9 12 1 1 10 12 1 7 1 8 1 10 12 1 10 12 1 1 9 12 1 100 1 10 12 1 7 1 11 100 12 1 1 10 12 1 7 1 10 12 1 100 1 10 12 1 10 7 12 1 1 1 10 100 12 1 1 1 100 1 10 10 12 1 7 1 10 12 1 7 1 10 12 1 1 10 12 1 1 10 12 1 10 7 12 1 1 1 7 1 10 7 1 10 10 12 1 1 1 1 1 1 1 1 1 1 1 1 1 1 1 1 1 1 1 1 1 1 1 1 1 1 1 1 1 1 1 1
staticfield java/lang/ref/Finalizer lock Ljava/lang/Object; java/lang/Object
staticfield java/lang/ref/Finalizer ENABLED Z 1
staticfield java/lang/ref/Finalizer $assertionsDisabled Z 1
instanceKlass com/android/tools/r8/internal/mL
instanceKlass java/util/Locale$Category
instanceKlass com/android/tools/r8/internal/vW
instanceKlass com/android/tools/r8/internal/pd
instanceKlass com/android/tools/r8/internal/Cy0
instanceKlass com/android/tools/r8/internal/vY
instanceKlass com/android/tools/r8/internal/ca0
instanceKlass com/android/tools/r8/internal/F90
instanceKlass com/android/tools/r8/internal/da0
instanceKlass com/android/tools/r8/internal/Wa0
instanceKlass com/android/tools/r8/internal/lR
instanceKlass com/android/tools/r8/internal/Q90
instanceKlass com/android/tools/r8/internal/P90
instanceKlass com/android/tools/r8/internal/X90
instanceKlass com/android/tools/r8/internal/Ra0
instanceKlass com/android/tools/r8/internal/Qa0
instanceKlass com/android/tools/r8/internal/y90
instanceKlass com/android/tools/r8/internal/xa0
instanceKlass com/android/tools/r8/internal/QM
instanceKlass com/android/tools/r8/internal/Ga0
instanceKlass com/android/tools/r8/internal/Xy0
instanceKlass com/android/tools/r8/internal/Vy0
instanceKlass com/android/tools/r8/internal/Yy
instanceKlass java/util/stream/MatchOps$MatchKind
instanceKlass com/android/tools/r8/internal/If0
instanceKlass com/android/tools/r8/internal/SS
instanceKlass com/android/tools/r8/internal/Gx0
instanceKlass com/android/tools/r8/internal/vw
instanceKlass com/android/tools/r8/internal/U60$a
instanceKlass com/android/tools/r8/internal/W5
instanceKlass com/android/tools/r8/internal/XJ
instanceKlass com/android/tools/r8/internal/tX
instanceKlass com/android/tools/r8/internal/oy
instanceKlass com/android/tools/r8/internal/PK
instanceKlass com/android/tools/r8/internal/H6
instanceKlass com/android/tools/r8/internal/ze$a
instanceKlass com/android/tools/r8/internal/LY
instanceKlass com/android/tools/r8/internal/W8$a
instanceKlass com/android/tools/r8/internal/Ox0
instanceKlass com/android/tools/r8/graph/V2
instanceKlass com/android/tools/r8/internal/Eb$a
instanceKlass com/android/tools/r8/internal/nb$a
instanceKlass com/android/tools/r8/internal/sa
instanceKlass com/android/tools/r8/internal/aC
instanceKlass com/android/tools/r8/internal/MW
instanceKlass com/android/tools/r8/internal/I20
instanceKlass com/android/tools/r8/internal/Mx0
instanceKlass com/android/tools/r8/internal/Fs0$a
instanceKlass com/android/tools/r8/ir/optimize/N$a
instanceKlass com/android/tools/r8/graph/k1
instanceKlass com/android/tools/r8/graph/G3$k
instanceKlass com/android/tools/r8/internal/Ac0
instanceKlass com/android/tools/r8/ProgramResource$Kind
instanceKlass com/android/tools/r8/graph/C2
instanceKlass com/android/tools/r8/dex/W$b
instanceKlass com/android/tools/r8/AssertionsConfiguration$a
instanceKlass com/android/tools/r8/internal/QJ$i
instanceKlass com/android/tools/r8/internal/S70
instanceKlass sun/util/logging/PlatformLogger$Level
instanceKlass jdk/internal/logger/BootstrapLogger$LoggingBackend
instanceKlass com/android/tools/r8/internal/O40
instanceKlass com/android/tools/r8/internal/Vs
instanceKlass com/android/tools/r8/dex/W$a
instanceKlass java/util/stream/Collector$Characteristics
instanceKlass java/util/stream/StreamShape
instanceKlass java/util/stream/StreamOpFlag$Type
instanceKlass java/util/stream/StreamOpFlag
instanceKlass com/android/tools/r8/internal/B2
instanceKlass com/android/tools/r8/internal/ZV
instanceKlass java/nio/file/AccessMode
instanceKlass com/android/tools/r8/CompilationMode
instanceKlass com/android/tools/r8/internal/QJ$f
instanceKlass com/android/tools/r8/OutputMode
instanceKlass com/android/tools/r8/DiagnosticsLevel
instanceKlass java/math/RoundingMode
instanceKlass com/android/tools/r8/l
instanceKlass jdk/internal/icu/util/CodePointTrie$ValueWidth
instanceKlass jdk/internal/icu/util/CodePointTrie$Type
instanceKlass java/text/Normalizer$Form
instanceKlass java/time/temporal/ChronoUnit
instanceKlass java/time/temporal/ChronoField
instanceKlass java/util/regex/Pattern$Qtype
instanceKlass sun/security/util/DisabledAlgorithmConstraints$Constraint$Operator
instanceKlass java/lang/System$Logger$Level
instanceKlass sun/security/rsa/RSAUtil$KeyType
instanceKlass sun/security/util/KnownOIDs
instanceKlass java/lang/invoke/MethodHandles$Lookup$ClassOption
instanceKlass java/lang/invoke/VarHandle$AccessType
instanceKlass java/lang/invoke/VarHandle$AccessMode
instanceKlass java/lang/invoke/MethodHandleImpl$Intrinsic
instanceKlass java/lang/invoke/LambdaForm$BasicType
instanceKlass java/lang/invoke/LambdaForm$Kind
instanceKlass sun/invoke/util/Wrapper
instanceKlass java/util/zip/ZipCoder$Comparison
instanceKlass java/nio/file/LinkOption
instanceKlass sun/nio/fs/WindowsPathType
instanceKlass java/util/concurrent/TimeUnit
instanceKlass java/nio/file/StandardOpenOption
instanceKlass java/io/File$PathStatus
instanceKlass java/lang/module/ModuleDescriptor$Requires$Modifier
instanceKlass java/lang/reflect/AccessFlag$Location
instanceKlass java/lang/reflect/AccessFlag
instanceKlass java/lang/module/ModuleDescriptor$Modifier
instanceKlass java/lang/reflect/ClassFileFormatVersion
instanceKlass java/lang/Thread$State
ciInstanceKlass java/lang/Enum 1 1 204 9 7 12 1 1 1 9 12 1 1 10 7 12 1 1 1 9 12 1 10 7 12 1 1 1 100 1 10 10 12 1 1 10 12 1 7 1 10 10 7 12 1 1 10 12 1 1 18 12 1 1 10 100 12 1 1 1 10 12 1 1 11 7 12 1 1 1 100 1 8 1 10 12 1 100 1 7 1 10 8 1 10 12 1 1 10 12 1 1 8 1 10 12 1 10 100 1 8 1 10 10 12 1 1 10 100 12 1 1 1 7 1 7 1 7 1 1 1 1 1 1 1 1 1 1 1 1 1 1 1 1 1 1 1 1 1 1 1 1 1 1 1 1 1 1 1 1 1 1 1 1 1 1 1 1 1 1 1 1 1 1 1 3 1 1 1 1 100 1 7 1 1 100 1 1 1 1 1 1 1 1 1 1 1 16 15 10 12 16 15 10 100 12 1 1 1 1 1 100 1 100 1 1
ciInstanceKlass java/lang/reflect/Method 1 1 472 9 7 12 1 1 1 10 100 12 1 1 1 10 100 12 1 1 9 12 1 1 10 12 1 1 10 12 1 1 10 100 12 1 1 10 7 12 1 1 1 9 12 1 1 9 12 1 9 12 1 1 9 12 1 9 12 1 9 12 1 1 9 12 1 9 12 1 1 9 12 1 9 12 1 9 12 1 1 100 1 8 1 10 12 1 10 12 1 9 12 1 1 8 1 10 7 12 1 1 10 7 12 1 1 1 10 12 1 1 10 12 1 1 10 12 1 10 12 1 1 10 12 1 1 9 100 12 1 1 1 10 12 1 1 10 12 10 100 12 1 1 10 12 1 1 10 12 1 10 12 1 10 12 1 10 7 12 1 1 1 10 12 1 1 10 7 1 10 7 12 1 1 1 10 100 12 1 1 10 12 1 1 10 12 1 1 10 12 1 10 7 12 1 1 1 10 12 1 10 8 1 10 12 1 10 12 1 100 1 8 1 8 1 8 1 10 12 1 10 12 1 1 10 12 1 1 10 10 12 1 1 10 12 1 11 7 1 10 12 1 9 12 1 1 10 12 1 1 10 12 1 10 12 1 1 10 12 1 1 11 7 12 1 1 1 11 12 1 9 12 1 1 10 12 1 10 12 1 10 12 1 10 12 1 10 12 1 10 12 1 9 12 1 1 10 7 12 1 1 1 10 7 12 1 1 10 12 1 1 10 100 12 1 1 1 10 100 12 1 1 1 10 100 12 1 1 1 11 100 12 1 1 1 10 100 12 1 1 1 100 1 100 1 100 1 10 12 1 10 12 1 1 10 12 1 100 1 8 1 10 12 1 10 10 12 1 1 10 12 1 1 10 12 1 1 10 12 1 1 8 1 10 12 1 1 1 1 1 1 1 1 1 1 1 1 1 1 1 1 1 1 1 1 1 1 1 1 1 1 1 1 1 1 1 1 1 1 1 1 1 1 1 1 1 1 1 1 1 1 1 1 1 1 1 1 1 100 1 100 1 100 1 1 1 1 1 1 1 1 1 1 1 1 1 1 1 1 1 1 1 1 1 1 1 1 1 1 1 1 1 1
ciInstanceKlass java/lang/reflect/Field 1 1 457 9 7 12 1 1 1 10 12 1 1 10 100 12 1 1 1 10 100 12 1 1 9 12 1 1 10 12 1 1 10 12 1 1 10 100 12 1 1 10 7 12 1 1 1 9 12 1 1 9 12 1 9 12 1 9 12 1 1 9 12 1 1 9 12 1 9 12 1 1 9 12 1 1 100 1 8 1 10 12 1 10 12 1 9 12 1 1 9 12 1 10 12 1 10 7 12 1 1 10 12 1 1 10 12 1 1 10 12 1 10 12 1 1 9 100 12 1 1 1 10 100 12 1 1 1 100 1 10 12 1 1 10 12 1 1 10 12 1 1 10 12 1 10 12 1 10 7 1 10 7 12 1 1 7 1 10 8 1 10 12 1 1 10 12 1 1 8 1 10 12 10 12 1 8 1 8 1 10 11 7 1 9 12 1 10 12 1 1 10 12 1 1 11 7 12 1 1 1 10 12 1 11 12 1 1 11 12 1 1 11 12 1 1 11 12 1 1 11 12 1 1 11 12 1 1 11 12 1 1 11 12 1 1 11 12 1 1 11 12 1 1 11 12 1 1 11 12 1 1 11 12 1 1 11 12 1 1 11 12 1 1 11 12 1 1 11 12 1 1 10 12 1 10 7 12 1 1 10 12 1 10 12 1 10 12 1 9 12 1 1 10 100 12 1 1 1 10 12 1 1 10 12 1 10 100 12 1 1 10 12 1 1 11 7 1 10 12 1 7 1 10 100 12 1 1 1 10 100 12 1 1 1 9 12 1 10 100 12 1 1 1 11 100 12 1 1 1 10 12 1 1 10 12 1 1 9 100 12 1 1 10 100 12 1 1 1 10 12 1 1 7 1 1 1 1 1 1 1 1 1 1 1 1 1 1 1 1 1 1 1 1 1 1 1 1 1 1 1 1 1 1 1 1 1 1 1 1 1 1 1 100 1 1 1 1 1 1 1 1 1 1 1 1 1 1 1 1 1 1 1 1 1 1 1 1 1 1 1 1 1 1 1 1 7 1 1 1 1 1 1 1 1 1 100 1 1
ciInstanceKlass java/lang/reflect/Parameter 0 0 243 10 7 12 1 1 1 9 7 12 1 1 1 9 12 1 1 9 12 1 1 9 12 1 10 12 1 1 10 12 1 1 10 7 12 1 1 1 7 1 10 10 12 1 1 11 7 12 1 1 1 10 12 1 10 100 12 1 1 1 10 12 1 1 10 12 1 10 12 1 8 1 8 1 10 7 12 1 1 1 10 12 1 10 12 9 100 12 1 1 1 10 100 12 1 1 1 10 12 1 8 1 10 12 1 9 12 1 1 10 12 1 1 9 12 1 1 10 12 1 1 10 12 1 1 10 12 1 1 10 12 1 10 10 12 1 10 100 12 1 1 1 10 12 1 1 11 7 12 1 1 10 7 12 1 1 7 1 10 100 12 1 1 1 10 12 1 1 10 12 1 1 10 12 1 1 10 12 1 1 9 12 1 100 1 10 11 12 1 1 11 12 1 1 7 1 1 1 1 1 1 1 1 1 1 1 1 1 1 1 1 1 1 1 1 1 1 1 1 1 1 1 1 1 1 1 1 1 1 1 1 1 1 1 1 1 100 1 1 1 1 1 1
ciInstanceKlass java/lang/reflect/Array 1 1 83 10 100 12 1 1 1 10 7 12 1 1 1 10 12 1 1 1 1 1 1 1 1 1 1 1 1 1 1 1 100 1 1 1 1 1 100 1 1 1 1 1 1 1 1 100 1 1 1 1 1 1 1 1 1 1 1 1 1 1 1 1 1 1 1 1 1 1 1 1 1 1 1 1 1 1 1 1 1 1 1 1 1
ciMethod java/lang/reflect/Array newArray (Ljava/lang/Class;I)Ljava/lang/Object; 258 0 129 0 -1
ciMethod java/lang/reflect/Array newInstance (Ljava/lang/Class;I)Ljava/lang/Object; 208 0 108570 0 464
ciInstanceKlass java/lang/reflect/RecordComponent 0 0 196 10 7 12 1 1 1 9 7 12 1 1 1 9 12 1 1 9 12 1 10 12 1 1 10 12 1 1 10 100 12 1 1 1 10 12 1 1 9 12 1 1 10 12 1 1 10 12 1 1 10 12 1 10 100 12 1 1 10 100 12 1 1 9 12 1 1 10 100 12 1 1 1 11 100 12 1 1 1 10 9 100 12 1 1 1 10 100 12 1 1 1 9 12 1 1 10 100 12 1 1 1 10 12 1 1 11 7 12 1 1 10 7 12 1 1 7 1 9 12 1 9 12 1 1 9 12 1 10 100 12 1 1 1 10 12 1 1 10 12 1 1 7 1 10 10 12 1 10 12 1 1 8 1 10 12 1 10 12 1 9 12 1 7 1 1 1 1 1 1 1 1 1 1 1 1 1 1 1 1 1 1 1 1 1 1 7 1 1 1 1 1 1 100 1 1
ciInstanceKlass java/lang/StringBuffer 1 1 483 10 7 12 1 1 1 10 12 1 10 12 1 10 12 1 1 9 7 12 1 1 1 10 12 1 1 10 12 1 10 12 1 1 9 12 1 1 10 12 1 10 12 1 1 10 12 1 1 10 12 1 10 12 1 1 10 12 1 10 12 1 1 10 12 1 1 10 7 12 1 1 1 10 12 1 1 10 12 1 10 12 1 10 12 1 10 12 1 10 12 1 10 12 1 10 12 1 10 12 1 10 12 1 10 12 1 10 12 1 10 12 1 10 12 1 10 12 1 1 10 12 1 10 12 1 1 10 12 1 1 10 10 12 1 1 10 12 1 10 12 1 10 12 1 10 12 1 10 12 1 10 12 1 10 12 10 12 1 10 12 1 10 12 1 10 12 1 1 10 12 1 10 12 1 10 10 12 1 1 10 12 1 10 12 1 10 12 1 10 10 100 12 1 1 1 10 10 12 1 1 9 12 1 1 10 100 12 1 1 10 100 1 8 10 100 12 1 1 1 8 10 12 1 8 1 10 12 1 10 12 1 10 100 12 1 1 1 10 100 12 1 1 1 7 1 10 12 100 1 8 1 10 10 12 1 1 10 12 1 1 10 12 1 10 12 1 10 12 1 1 10 12 1 10 12 1 10 12 1 10 12 1 10 12 1 10 12 10 12 1 10 12 1 10 12 1 10 12 1 10 12 1 10 12 1 10 12 1 10 12 1 10 12 1 10 12 1 10 12 10 12 10 12 1 10 12 1 10 12 1 10 12 10 12 1 10 12 1 10 12 1 10 12 1 10 12 1 10 12 1 10 12 1 10 12 1 10 12 1 10 12 1 10 12 1 7 1 10 12 1 9 7 12 1 1 1 9 7 1 9 12 1 1 7 1 7 1 7 1 7 1 1 1 1 5 0 1 1 1 1 1 1 1 1 1 1 1 1 1 1 1 1 1 1 1 1 1 1 1 1 1 1 1 1 1 1 1 1 1 1 1 1 1 1 1 1 1 1 1 1 1 1 1 1 1 1 1 1 1 1 1 1 1 1 1 1 1 100 1 1 1 1 1 7 1 1 1 1 1 1 1 1 1 1 1 1 1 1 1 1 1 1
staticfield java/lang/StringBuffer serialPersistentFields [Ljava/io/ObjectStreamField; 3 [Ljava/io/ObjectStreamField;
instanceKlass jdk/internal/loader/BuiltinClassLoader
ciInstanceKlass java/security/SecureClassLoader 1 1 102 10 7 12 1 1 1 7 1 10 12 1 9 7 12 1 1 1 10 12 1 10 12 1 10 12 1 1 10 12 1 1 10 12 1 7 1 10 7 1 10 12 1 7 1 10 12 1 11 7 12 1 1 1 7 1 11 12 1 10 12 1 1 1 1 1 1 1 1 1 1 1 1 1 1 1 1 1 1 1 1 1 1 1 1 1 1 1 1 1 1 1 1 1 1 1 1 100 1 1 1 1
ciInstanceKlass java/util/jar/Manifest 1 1 339 10 7 12 1 1 1 7 1 10 9 7 12 1 1 1 7 1 10 9 12 1 1 9 12 1 1 10 12 1 10 12 1 1 10 12 1 1 10 12 1 1 10 12 1 1 11 7 1 11 12 1 1 10 12 1 1 10 100 12 1 1 1 100 1 7 1 10 8 1 10 12 1 1 10 12 1 1 10 12 1 10 12 1 11 100 1 10 12 1 10 12 1 1 11 12 1 1 10 12 1 11 12 1 1 11 100 12 1 1 1 11 7 12 1 1 11 12 1 1 100 1 10 12 1 8 1 11 12 1 7 1 10 12 1 1 11 12 1 10 12 1 10 12 1 10 7 12 1 1 1 8 1 10 12 1 1 10 9 7 12 1 1 1 10 12 1 1 10 100 12 1 10 12 1 10 12 1 9 100 12 1 1 1 8 1 10 12 1 8 1 8 1 7 1 10 12 1 10 12 1 10 12 1 1 100 1 8 1 10 12 1 1 8 1 10 10 12 1 1 8 1 10 12 1 1 10 7 12 1 1 1 10 12 1 10 11 12 1 1 10 12 1 10 7 12 1 1 1 10 12 1 1 10 12 1 10 12 1 1 11 10 12 1 11 10 12 1 7 1 1 1 1 1 1 1 1 1 1 1 1 1 1 1 1 1 1 1 1 1 1 1 1 1 1 1 1 1 1 1 1 1 1 1 1 1 1 1 1 1 1 1 100 1 1 1 1 1 1 1 1 1 1 1 1 1 1 7 1 1 1 1 1 1 1 1 1 1 1
ciInstanceKlass java/io/ByteArrayInputStream 1 1 117 10 7 12 1 1 1 9 7 12 1 1 1 9 12 1 1 9 12 1 9 12 1 10 100 12 1 1 1 10 7 12 1 1 1 10 7 12 1 1 1 10 100 12 1 1 1 10 12 1 1 3 10 100 1 10 100 12 1 1 1 9 12 1 1 100 1 10 10 7 12 1 1 1 1 1 1 1 1 1 1 1 1 1 1 1 1 1 1 1 1 1 1 1 1 1 1 1 1 1 1 1 100 1 1 1 1 1 1 1 1 1 1 1 1 1 1
staticfield java/io/ByteArrayInputStream $assertionsDisabled Z 1
instanceKlass java/nio/ShortBuffer
instanceKlass java/nio/IntBuffer
instanceKlass java/nio/LongBuffer
instanceKlass java/nio/CharBuffer
instanceKlass java/nio/ByteBuffer
ciInstanceKlass java/nio/Buffer 1 1 256 100 1 10 7 12 1 1 1 9 7 12 1 1 1 9 12 1 9 12 1 1 9 12 1 9 12 1 1 10 12 1 1 10 12 1 1 10 12 100 1 7 1 10 8 1 10 12 1 1 10 12 1 8 1 8 1 10 12 1 1 10 12 1 8 1 9 12 1 1 100 1 8 1 10 12 1 8 1 8 1 9 12 10 12 1 8 1 8 1 8 1 10 12 1 8 1 8 1 8 1 100 1 10 100 1 10 100 1 10 9 12 1 1 10 7 12 1 1 1 100 1 10 12 1 1 10 12 1 10 100 12 1 1 10 7 12 1 1 1 10 7 12 1 1 1 9 12 1 1 10 7 12 1 1 1 9 12 1 1 7 1 10 10 12 1 1 7 1 10 10 7 12 1 1 1 1 1 3 1 1 1 1 1 1 1 1 1 1 1 1 1 1 100 1 1 1 1 1 1 1 7 1 1 1 1 1 1 1 1 1 1 1 1 1 1 1 1 1 1 1 1 1 1 1 1 1 1 1 1 1 1 1 1 1 1 1 1 1 1 1 100 1 100 1 100 1 100 1 100 1 100 1 100 1 1
staticfield java/nio/Buffer UNSAFE Ljdk/internal/misc/Unsafe; jdk/internal/misc/Unsafe
staticfield java/nio/Buffer SCOPED_MEMORY_ACCESS Ljdk/internal/misc/ScopedMemoryAccess; jdk/internal/misc/ScopedMemoryAccess
staticfield java/nio/Buffer IOOBE_FORMATTER Ljava/util/function/BiFunction; jdk/internal/util/Preconditions$4
staticfield java/nio/Buffer $assertionsDisabled Z 1
ciInstanceKlass java/util/Objects 1 1 184 10 7 12 1 1 1 100 1 8 1 10 12 1 10 12 1 1 10 7 12 1 1 1 10 12 1 1 10 12 1 10 7 12 1 1 1 10 12 1 1 10 7 12 1 1 1 7 1 10 10 12 1 1 10 7 12 1 1 10 12 1 1 8 1 10 7 12 1 1 1 10 7 12 1 1 1 10 11 100 12 1 1 1 100 1 10 10 12 1 8 1 10 12 1 8 1 100 1 11 12 1 1 8 1 10 7 12 1 1 1 10 12 1 1 10 12 1 10 12 1 10 12 1 10 12 1 1 1 1 1 1 1 1 1 1 1 1 1 1 1 1 1 1 1 1 1 1 1 1 1 1 1 1 1 1 1 1 1 1 1 1 1 1 1 1 1 1 1 1 1 1 1 1 1 1 1 1 1 1 1 1 1 1
ciInstanceKlass jdk/internal/util/Preconditions 1 1 194 10 7 12 1 1 1 11 7 12 1 1 1 11 100 12 1 1 1 7 1 100 1 10 7 12 1 1 1 10 12 1 8 1 7 1 10 7 12 1 1 1 10 12 1 1 8 1 8 1 10 7 12 1 1 7 1 10 12 1 8 1 10 7 12 1 1 1 8 1 10 12 1 1 10 12 1 1 11 12 1 8 1 8 1 11 12 1 1 8 1 8 1 8 1 10 12 1 1 10 12 1 1 10 12 1 10 12 1 10 12 1 10 12 7 1 10 10 12 1 1 9 12 1 1 7 1 10 9 12 1 7 1 10 9 12 1 1 1 1 1 1 1 1 1 1 1 1 1 1 1 1 1 1 1 1 1 1 1 1 1 1 1 1 1 1 1 1 1 1 1 1 1 1 1 1 1 1 1 1 1 1 1 1 1 1 1 1 1 1 1 1 1 1
staticfield jdk/internal/util/Preconditions SIOOBE_FORMATTER Ljava/util/function/BiFunction; jdk/internal/util/Preconditions$4
staticfield jdk/internal/util/Preconditions AIOOBE_FORMATTER Ljava/util/function/BiFunction; jdk/internal/util/Preconditions$4
staticfield jdk/internal/util/Preconditions IOOBE_FORMATTER Ljava/util/function/BiFunction; jdk/internal/util/Preconditions$4
ciMethod java/util/Objects checkIndex (II)I 520 0 12039600 0 -1
instanceKlass java/util/Collections$CopiesList
instanceKlass java/util/Collections$SingletonList
instanceKlass java/util/ArrayList$SubList
instanceKlass java/util/Vector
instanceKlass sun/security/jca/ProviderList$ServiceList
instanceKlass java/util/Arrays$ArrayList
instanceKlass sun/security/jca/ProviderList$3
instanceKlass java/util/AbstractSequentialList
instanceKlass java/util/Collections$EmptyList
instanceKlass java/util/ArrayList
ciInstanceKlass java/util/AbstractList 1 1 218 10 7 12 1 1 1 9 7 12 1 1 1 10 12 1 1 10 12 1 1 100 1 10 10 12 1 1 11 100 12 1 1 1 11 12 1 1 11 12 1 10 7 12 1 1 1 10 12 1 11 12 1 11 12 1 11 12 1 10 12 1 1 10 12 1 1 11 7 12 1 1 1 11 7 1 11 100 1 10 12 1 100 1 10 12 1 10 12 1 1 7 1 100 1 10 12 1 100 1 10 100 1 7 1 10 8 1 10 12 1 1 10 12 1 10 12 1 1 10 12 1 8 1 100 1 8 1 8 1 8 1 10 7 1 11 10 10 12 1 11 12 1 10 12 1 1 8 1 8 1 1 1 1 1 1 1 1 1 1 1 1 1 1 1 1 1 1 1 1 1 1 1 1 1 1 1 1 1 1 1 1 1 1 1 1 1 1 1 1 1 1 1 1 1 1 1 1 1 1 1 1 1 1 1 1 1 1 100 1 100 1 1 1 1 1 1 1
ciInstanceKlass java/util/List 1 1 251 10 100 12 1 1 1 11 100 12 1 1 1 11 100 12 1 1 1 11 12 1 1 11 100 12 1 1 11 12 1 1 11 12 1 1 10 100 12 1 1 1 100 1 100 1 10 12 1 1 100 1 10 100 12 1 1 1 11 12 1 1 11 12 1 11 12 1 100 1 10 12 1 11 12 1 1 11 12 1 1 11 12 1 10 100 12 1 1 1 9 7 12 1 1 1 7 1 10 12 10 12 1 7 1 10 12 1 1 10 12 1 10 12 1 1 11 12 1 1 100 1 1 1 1 1 1 1 1 1 1 1 1 1 1 1 1 1 1 1 1 1 1 1 1 1 1 1 1 1 1 1 1 1 1 1 1 1 1 1 1 1 1 1 1 100 1 100 1 1 1 1 1 1 1 1 1 1 1 1 1 1 1 1 1 1 1 1 1 1 1 1 1 1 1 1 1 1 1 1 1 1 1 1 1 1 1 1 1 1 1 1 1 1 1 1 1 1 1 1 1 1 1 1 1 1 1 1 1 1 1 1 1 1 1 1 1 1 1 1 1 1 1 1 100 1 1 100 1 1 1
ciInstanceKlass java/util/SequencedCollection 1 1 109 100 1 10 12 1 1 11 7 12 1 1 1 11 7 12 1 1 1 11 12 1 1 11 12 1 7 1 7 1 1 1 1 1 1 1 1 1 1 1 1 1 1 1 1 1 1 1 1 1 1 1 1 1 1 1 1 1 100 1 8 1 1 12 10 1 1 1 8 1 1 1 8 1 1 1 8 1 1 1 8 1 1 8 1 1 1 8 1 1 8 1 1 1 8 1 1 8 1 1 1 8 1 1 8 1 1 8 1
ciInstanceKlass java/util/Collection 1 1 115 11 100 12 1 1 1 100 1 11 7 12 1 1 1 10 7 12 1 1 1 11 12 1 1 11 7 12 1 1 1 11 12 1 1 11 7 12 1 1 1 11 12 1 1 10 100 12 1 1 1 11 12 1 10 7 12 1 1 1 100 1 100 1 1 1 1 1 1 1 1 1 1 1 1 1 1 1 1 1 1 1 1 1 1 1 1 1 1 1 1 1 1 1 1 1 1 1 1 1 1 1 1 1 1 1 1 1 1 1 1 1 1 1 1
ciInstanceKlass java/lang/Iterable 1 1 62 10 7 12 1 1 1 11 7 12 1 1 1 11 7 12 1 1 1 11 12 1 1 11 7 12 1 1 1 10 100 12 1 1 1 100 1 1 1 1 1 1 1 1 1 1 1 1 1 1 1 1 1 1 1 1 1 1 1 1 1 1
ciMethod java/util/List size ()I 0 0 1 0 -1
ciMethod java/util/List get (I)Ljava/lang/Object; 0 0 1 0 -1
ciMethod java/util/List add (Ljava/lang/Object;)Z 0 0 1 0 -1
ciMethod java/util/List iterator ()Ljava/util/Iterator; 0 0 1 0 -1
instanceKlass com/android/tools/r8/internal/x0
instanceKlass com/android/tools/r8/internal/V0
instanceKlass java/util/IdentityHashMap$Values
instanceKlass com/android/tools/r8/internal/W
instanceKlass com/android/tools/r8/internal/y1
instanceKlass com/android/tools/r8/internal/b1
instanceKlass java/util/AbstractQueue
instanceKlass java/util/HashMap$Values
instanceKlass com/android/tools/r8/internal/kC
instanceKlass java/util/LinkedHashMap$LinkedValues
instanceKlass java/util/ArrayDeque
instanceKlass java/util/AbstractSet
instanceKlass java/util/ImmutableCollections$AbstractImmutableCollection
instanceKlass java/util/AbstractList
ciInstanceKlass java/util/AbstractCollection 1 1 160 10 7 12 1 1 1 10 7 12 1 1 1 10 12 1 1 11 7 12 1 1 1 11 12 1 1 10 12 1 1 10 100 12 1 1 1 10 12 1 1 10 12 1 1 10 7 12 1 1 10 7 12 1 1 1 7 1 10 7 12 1 1 1 10 100 12 1 1 1 100 1 10 11 12 1 11 7 1 10 12 1 10 12 1 10 7 12 1 1 1 11 8 1 7 1 10 10 12 1 1 8 1 10 12 1 10 12 1 1 1 1 1 1 1 1 1 1 1 1 1 1 1 1 1 1 1 1 1 1 1 1 1 1 1 1 1 1 1 1 1 1 1 1 1 1 1 1 1 1 1 1 1 1 1 1 1 1 1 1
ciMethod java/util/AbstractCollection <init> ()V 676 0 13340459 0 80
ciMethod java/util/AbstractList listIterator ()Ljava/util/ListIterator; 700 0 3059230 0 -1
ciMethod java/util/AbstractList <init> ()V 780 0 7611697 0 88
ciInstanceKlass java/lang/AssertionStatusDirectives 0 0 24 10 100 12 1 1 1 100 1 1 1 1 1 1 1 1 1 1 1 1 1 1 1 1
instanceKlass com/android/tools/r8/internal/r10
instanceKlass java/lang/SecurityException
instanceKlass com/android/tools/r8/internal/ew0
instanceKlass com/android/tools/r8/kotlin/p
instanceKlass com/android/tools/r8/internal/cw0
instanceKlass com/android/tools/r8/graph/v4
instanceKlass com/android/tools/r8/internal/hw0
instanceKlass com/android/tools/r8/internal/ML
instanceKlass com/android/tools/r8/internal/Wv0
instanceKlass com/android/tools/r8/internal/lK
instanceKlass java/util/ConcurrentModificationException
instanceKlass java/util/NoSuchElementException
instanceKlass java/lang/IndexOutOfBoundsException
instanceKlass com/android/tools/r8/internal/mK
instanceKlass com/android/tools/r8/internal/g
instanceKlass com/android/tools/r8/internal/Qf
instanceKlass java/lang/UnsupportedOperationException
instanceKlass java/io/UncheckedIOException
instanceKlass java/lang/IllegalStateException
instanceKlass com/android/tools/r8/internal/zv
instanceKlass com/android/tools/r8/internal/J8
instanceKlass java/lang/IllegalArgumentException
instanceKlass java/lang/ArithmeticException
instanceKlass java/lang/NullPointerException
instanceKlass java/lang/IllegalMonitorStateException
instanceKlass java/lang/ArrayStoreException
instanceKlass java/lang/ClassCastException
ciInstanceKlass java/lang/RuntimeException 1 1 40 10 7 12 1 1 1 10 12 1 10 12 1 10 12 1 10 12 1 100 1 1 1 1 5 0 1 1 1 1 1 1 1 1 1 1 1 1 1 1
instanceKlass java/util/stream/Collectors$CollectorImpl
instanceKlass java/security/SecureClassLoader$CodeSourceKey
instanceKlass sun/security/pkcs/SignerInfo$AlgorithmInfo
instanceKlass jdk/internal/misc/ThreadTracker$ThreadRef
instanceKlass jdk/internal/reflect/ReflectionFactory$Config
instanceKlass jdk/internal/foreign/abi/UpcallLinker$CallRegs
instanceKlass jdk/internal/foreign/abi/VMStorage
ciInstanceKlass java/lang/Record 1 1 22 10 7 12 1 1 1 100 1 1 1 1 1 1 1 1 1 1 1 1 1 1
ciInstanceKlass java/lang/invoke/MethodType 1 1 780 7 1 10 7 12 1 1 1 9 12 1 1 9 12 1 1 9 12 1 1 10 7 12 1 1 1 9 7 12 1 1 8 1 10 100 12 1 1 1 9 7 1 9 7 1 10 12 1 1 7 1 10 8 1 10 12 1 1 10 12 1 10 12 1 1 7 1 8 1 10 12 1 100 1 10 10 12 1 10 12 1 1 10 12 1 1 11 7 12 1 1 1 9 12 1 11 12 1 1 7 10 12 1 1 10 12 1 1 7 1 7 1 10 7 12 1 1 1 10 12 1 10 12 1 9 12 1 1 10 7 12 1 1 10 12 1 1 10 7 12 1 1 1 10 7 12 1 1 1 10 12 1 9 12 1 1 10 12 1 1 10 12 1 1 10 12 1 1 10 12 1 1 10 12 1 1 10 12 1 10 12 1 10 12 1 1 10 12 1 8 1 8 1 10 12 1 1 9 12 1 1 100 1 10 10 12 1 1 10 12 1 10 12 1 1 10 12 1 1 10 12 1 10 12 1 10 12 1 8 1 10 12 1 1 10 100 12 1 1 1 10 12 1 10 12 1 1 10 12 1 10 12 1 10 12 1 1 10 12 1 10 12 1 9 12 1 10 12 1 10 10 12 1 1 10 12 1 9 12 1 1 10 12 1 1 11 12 1 1 10 12 1 1 10 12 1 10 12 1 100 1 8 1 8 1 8 1 10 12 1 10 12 1 10 12 1 1 10 10 12 1 11 12 1 1 11 12 1 10 100 12 1 1 1 9 12 1 10 12 1 10 12 1 1 10 12 1 1 10 12 1 10 12 1 10 100 12 1 1 1 10 12 1 1 10 12 1 10 12 1 10 12 1 10 9 12 1 1 7 1 10 12 1 10 12 1 1 9 100 12 1 1 1 10 7 12 1 1 1 10 7 12 1 1 1 10 12 1 1 10 7 12 1 1 1 10 12 1 1 8 1 10 7 12 1 1 1 11 12 1 1 9 12 1 1 10 12 1 1 10 12 1 10 12 1 1 10 12 1 1 10 100 12 1 1 100 1 10 12 1 1 11 100 12 1 1 18 12 1 1 11 12 1 1 18 12 1 11 12 1 100 1 11 100 12 1 1 10 12 1 100 1 10 12 1 10 100 12 1 1 10 12 1 1 9 12 1 1 9 100 12 1 1 1 10 7 12 1 1 1 9 12 1 10 100 12 1 1 10 12 1 100 10 12 1 1 10 12 1 7 1 10 10 12 1 1 7 1 7 1 9 12 1 1 7 1 7 1 7 1 1 1 5 0 1 1 1 1 1 1 1 3 1 3 1 3 1 1 1 1 1 1 1 1 1 1 1 1 1 1 1 1 1 1 1 1 1 1 1 1 1 1 1 1 1 1 1 1 1 1 1 1 1 1 1 1 1 1 1 1 1 1 1 1 1 1 1 1 1 1 1 1 1 1 1 1 1 1 1 1 1 1 1 1 1 1 1 1 1 1 1 1 1 1 1 1 1 1 1 1 1 1 1 1 1 1 1 1 1 1 1 1 1 1 1 1 1 1 1 1 1 1 1 1 1 1 1 1 1 1 1 1 1 1 1 1 1 1 1 1 1 1 1 1 1 1 100 1 100 1 1 1 1 1 1 1 1 1 1 1 1 1 100 1 1 1 7 1 1 1 1 1 1 1 1 1 1 1 1 1 1 1 1 1 1 1 1 1 1 16 15 10 12 16 16 15 10 12 16 15 10 100 12 1 1 1 1 1 7 1 1 7 1 1 100 1 100 1 1
staticfield java/lang/invoke/MethodType internTable Ljdk/internal/util/ReferencedKeySet; jdk/internal/util/ReferencedKeySet
staticfield java/lang/invoke/MethodType NO_PTYPES [Ljava/lang/Class; 0 [Ljava/lang/Class;
staticfield java/lang/invoke/MethodType objectOnlyTypes [Ljava/lang/invoke/MethodType; 20 [Ljava/lang/invoke/MethodType;
staticfield java/lang/invoke/MethodType METHOD_HANDLE_ARRAY [Ljava/lang/Class; 1 [Ljava/lang/Class;
staticfield java/lang/invoke/MethodType serialPersistentFields [Ljava/io/ObjectStreamField; 0 [Ljava/io/ObjectStreamField;
staticfield java/lang/invoke/MethodType $assertionsDisabled Z 1
ciInstanceKlass java/lang/invoke/TypeDescriptor$OfMethod 1 0 43 100 1 100 1 100 1 1 1 1 1 1 1 1 1 1 1 1 1 1 1 1 1 1 1 1 1 1 1 1 1 1 1 1 1 1 1 1 1 1 100 1 1
instanceKlass java/lang/InstantiationException
instanceKlass java/lang/IllegalAccessException
instanceKlass java/lang/reflect/InvocationTargetException
instanceKlass java/lang/NoSuchFieldException
instanceKlass java/lang/NoSuchMethodException
instanceKlass java/lang/ClassNotFoundException
ciInstanceKlass java/lang/ReflectiveOperationException 1 1 34 10 7 12 1 1 1 10 12 1 10 12 1 10 12 1 100 1 1 1 1 5 0 1 1 1 1 1 1 1 1 1 1 1
instanceKlass java/lang/invoke/DelegatingMethodHandle
instanceKlass java/lang/invoke/BoundMethodHandle
instanceKlass java/lang/invoke/DirectMethodHandle
ciInstanceKlass java/lang/invoke/MethodHandle 1 1 733 100 1 9 7 12 1 1 1 10 7 12 1 1 1 10 7 12 1 1 1 7 1 7 1 10 12 1 1 9 12 1 1 10 12 1 10 12 1 1 10 12 1 1 10 100 12 1 1 1 10 12 1 1 10 12 1 1 11 7 12 1 1 1 10 12 1 1 10 12 1 10 12 1 10 12 1 1 9 12 1 1 9 12 1 1 10 7 12 1 1 1 10 12 1 1 10 12 1 10 12 1 100 1 7 1 10 8 1 10 12 1 1 10 12 1 8 1 10 12 1 1 10 12 1 10 7 12 1 1 1 10 12 1 1 10 12 1 1 10 12 1 1 10 7 12 1 1 1 10 12 1 1 10 12 1 1 10 12 1 10 12 1 1 10 7 12 1 1 10 7 12 1 1 10 12 1 10 12 1 10 12 1 1 10 12 1 1 10 12 1 1 10 12 1 1 10 7 12 1 1 1 10 100 12 1 1 1 10 12 1 1 10 12 1 1 10 12 1 1 8 1 10 7 12 1 1 1 8 1 10 12 1 10 12 1 1 10 12 1 1 10 12 1 8 1 10 12 1 1 8 1 10 12 1 8 1 10 7 12 1 1 1 9 12 1 1 100 1 10 9 7 12 1 1 1 9 7 1 8 1 10 12 1 1 10 12 1 10 12 1 1 10 12 1 10 12 1 1 10 12 1 10 12 1 1 10 12 1 10 12 1 1 10 12 1 1 8 1 10 12 1 1 8 1 10 12 1 10 12 1 1 10 12 1 10 12 1 10 12 1 1 9 100 12 1 1 1 10 12 1 1 11 12 1 10 12 1 10 12 1 1 10 100 12 1 1 100 1 11 12 1 10 100 1 11 12 1 7 1 10 12 1 11 12 1 9 100 12 1 1 1 11 12 1 1 11 100 12 1 1 1 10 12 1 1 9 12 1 11 12 1 9 12 1 9 12 1 9 12 1 11 12 1 1 9 12 1 9 12 1 9 12 1 9 12 1 9 12 1 9 12 1 9 12 1 8 1 10 12 1 10 12 1 8 1 10 12 1 10 12 1 10 12 1 1 10 10 10 7 12 1 1 10 12 1 1 100 1 100 1 8 1 8 1 10 10 12 1 1 10 12 1 10 12 1 7 1 10 100 12 1 1 1 10 9 7 12 1 1 1 10 12 1 1 10 12 1 1 8 1 8 1 10 7 12 1 1 9 12 1 9 12 1 1 9 12 1 1 10 12 1 7 1 10 12 1 10 12 1 1 9 12 1 1 9 12 1 1 10 7 12 1 1 1 11 7 12 1 1 9 12 1 10 12 1 1 9 12 1 10 12 1 8 10 12 1 1 8 1 1 1 1 1 1 1 1 7 1 1 1 1 1 1 1 1 1 1 1 1 1 1 1 1 1 1 1 1 1 1 1 1 1 1 1 1 1 1 100 1 1 1 1 1 1 1 1 1 1 1 1 1 1 1 1 1 1 1 1 1 1 1 1 1 1 1 1 1 1 1 1 1 1 1 1 1 1 1 1 1 1 1 1 1 1 1 1 1 1 1 1 1 1 1 1 1 1 1 1 1 1 1 1 1 1 1 1 1 1 1 1 1 1 1 1 1 1 1 1 1 1 1 1 1 1 100 1 1 100 1 7 1 100 1 1 100 1 1 100 1 1 1 1
staticfield java/lang/invoke/MethodHandle FORM_OFFSET J 20
staticfield java/lang/invoke/MethodHandle UPDATE_OFFSET J 13
staticfield java/lang/invoke/MethodHandle $assertionsDisabled Z 1
ciInstanceKlass java/util/concurrent/ConcurrentHashMap 1 1 1210 7 1 7 1 3 10 12 1 1 3 7 1 10 7 12 1 1 1 7 1 10 7 12 1 1 1 7 1 11 12 1 1 11 12 1 11 12 1 1 9 12 1 1 9 12 1 1 9 12 1 10 7 12 1 1 1 7 1 10 12 1 1 10 12 1 1 10 7 12 1 1 1 4 10 12 1 9 12 1 10 12 1 1 100 1 10 5 0 10 12 1 10 12 1 1 5 0 10 12 1 1 10 12 1 9 12 1 1 10 12 1 1 9 12 1 9 12 1 1 10 12 1 1 9 12 1 10 12 1 1 9 12 1 1 10 12 1 1 100 1 10 7 1 10 12 1 10 12 1 1 10 12 1 1 10 12 1 1 10 12 1 10 12 1 1 10 12 1 1 7 1 10 12 1 1 7 1 100 1 8 1 10 12 1 10 12 1 1 10 12 1 1 11 7 12 1 1 10 12 1 1 11 12 1 1 11 7 12 1 1 1 11 7 12 1 1 1 11 12 1 7 1 11 12 1 11 12 1 10 12 1 1 10 12 1 1 9 12 1 1 10 7 12 1 1 1 9 10 12 1 1 9 12 1 10 12 1 1 5 0 9 12 1 1 7 1 10 12 1 9 12 1 1 7 1 10 12 1 9 12 1 7 1 10 7 1 10 10 12 1 1 8 1 10 12 1 10 12 1 1 11 100 1 10 12 1 10 100 12 1 1 1 8 1 10 100 12 1 1 1 8 1 10 12 1 8 1 10 12 1 10 12 1 1 10 100 12 1 1 10 12 1 10 12 1 10 12 1 9 12 1 9 10 12 1 9 12 1 1 11 7 12 1 1 1 11 7 12 1 1 1 100 1 10 12 11 100 12 1 1 10 11 7 12 1 10 12 1 100 1 10 12 1 100 1 10 10 9 7 12 1 1 1 10 12 3 10 7 12 1 1 9 12 1 10 12 1 1 9 12 1 1 9 12 1 10 12 1 1 10 7 12 1 1 9 12 1 9 7 12 1 1 10 12 1 1 10 12 1 3 9 12 1 9 12 1 10 12 1 1 7 1 9 3 9 12 1 7 1 10 12 1 9 12 1 10 12 1 9 12 1 10 12 1 9 12 1 10 100 12 1 1 1 100 10 12 1 7 1 5 0 10 100 12 1 1 100 1 10 12 1 1 10 12 1 10 12 1 100 1 10 12 1 10 100 1 100 1 10 10 12 1 10 100 1 10 12 1 10 100 1 10 12 1 10 7 1 10 12 1 1 100 1 10 12 1 10 10 12 1 100 1 10 12 1 10 10 12 1 100 1 10 12 1 10 100 1 10 12 1 10 100 1 10 12 1 10 100 1 10 12 1 10 100 1 10 12 1 10 100 1 10 12 1 10 100 1 10 12 1 10 100 1 10 12 1 10 100 1 10 10 100 1 10 10 100 1 10 10 100 1 10 12 1 10 100 1 10 12 1 10 100 1 10 12 1 10 100 1 10 12 1 10 100 1 10 12 1 10 100 1 10 10 100 1 10 10 100 1 10 10 100 1 10 12 1 10 100 1 10 12 1 10 100 1 10 12 1 10 100 1 10 12 1 10 100 1 10 12 1 10 10 12 1 10 7 12 1 1 1 10 12 1 7 1 7 1 10 12 1 9 12 1 1 9 12 1 1 10 12 1 1 8 10 12 1 1 8 8 8 8 7 10 12 1 1 10 12 1 100 1 8 1 10 7 1 7 1 7 1 1 1 5 0 1 1 3 1 3 1 1 1 1 3 1 3 1 3 1 1 1 1 1 3 1 3 1 3 1 1 1 1 1 1 1 1 1 1 1 1 1 1 1 1 1 1 1 1 1 1 1 1 1 100 1 1 1 1 1 1 1 1 1 1 1 1 1 1 1 1 1 1 1 1 1 1 1 1 1 1 1 1 1 1 1 1 1 1 1 1 1 1 1 1 1 1 1 1 1 1 1 1 1 1 1 1 1 1 1 1 1 1 1 1 1 1 1 1 1 1 1 1 1 1 1 1 1 1 1 1 1 1 1 1 1 1 1 1 100 1 1 1 1 1 1 1 1 1 1 1 7 1 1 1 1 1 1 1 1 1 1 1 1 1 1 1 1 1 1 1 1 1 1 1 1 1 1 1 1 1 1 1 1 1 1 1 1 1 1 1 1 1 1 1 1 1 1 1 1 1 1 1 1 1 1 1 1 1 1 1 1 1 1 1 1 1 1 1 1 1 1 1 1 1 1 1 1 1 1 1 1 1 1 1 1 1 1 1 1 1 1 1 1 1 1 1 1 1 1 1 1 1 1 1 1 1 1 1 1 1 1 1 1 1 1 1 1 1 1 1 1 1 1 1 1 1 1 1 1 1 1 1 1 1 1 1 1 1 1 1 1 1 1 1 1 1 1 1 1 1 1 1 1 1 1 1 1 1 1 1 1 1 1 1 1 1 1 1 1 1 1 1 1 1 1 1 1 1 1 1 1 1 1 1 1 1 1 1 1 1 1 1 1 1 1 1 1 1 1 1 1 1 1 1 1 1 1 1 1 1 1 1 1 1 1 1 1 1 1 1 1 1 1 1 100 1 100 1 100 1 100 1 100 1 100 1 100 1 100 1 100 1 1 1 1 1 1 1 1 1 1 1 1 1 1 1 1 1 1 1 1 1 1 1 1 1 1 1 1 1 1 1 1 1 1 1 1 1 1 1 1 1 1 1 1 1 1 1 1 1 1 1 1 1 1 1 1 1 1
staticfield java/util/concurrent/ConcurrentHashMap NCPU I 8
staticfield java/util/concurrent/ConcurrentHashMap serialPersistentFields [Ljava/io/ObjectStreamField; 3 [Ljava/io/ObjectStreamField;
staticfield java/util/concurrent/ConcurrentHashMap U Ljdk/internal/misc/Unsafe; jdk/internal/misc/Unsafe
staticfield java/util/concurrent/ConcurrentHashMap SIZECTL J 20
staticfield java/util/concurrent/ConcurrentHashMap TRANSFERINDEX J 32
staticfield java/util/concurrent/ConcurrentHashMap BASECOUNT J 24
staticfield java/util/concurrent/ConcurrentHashMap CELLSBUSY J 36
staticfield java/util/concurrent/ConcurrentHashMap CELLVALUE J 144
staticfield java/util/concurrent/ConcurrentHashMap ABASE I 16
staticfield java/util/concurrent/ConcurrentHashMap ASHIFT I 2
instanceKlass java/util/Collections$SingletonMap
instanceKlass com/android/tools/r8/internal/On0
instanceKlass com/android/tools/r8/internal/nT
instanceKlass java/util/EnumMap
instanceKlass com/android/tools/r8/internal/cW
instanceKlass java/util/TreeMap
instanceKlass java/util/IdentityHashMap
instanceKlass java/util/WeakHashMap
instanceKlass java/util/Collections$EmptyMap
instanceKlass sun/util/PreHashedMap
instanceKlass java/util/HashMap
instanceKlass java/util/ImmutableCollections$AbstractImmutableMap
instanceKlass java/util/concurrent/ConcurrentHashMap
ciInstanceKlass java/util/AbstractMap 1 1 196 10 7 12 1 1 1 10 7 12 1 1 1 11 7 12 1 1 1 10 11 12 1 1 11 7 12 1 1 1 11 12 1 1 7 1 11 12 1 10 12 1 1 11 12 1 100 1 10 11 12 1 11 7 1 10 12 1 1 11 12 1 9 12 1 1 7 1 10 12 1 9 12 1 1 100 1 10 11 11 12 1 1 11 12 1 7 1 100 1 11 12 1 8 1 7 1 10 10 12 1 1 8 1 10 12 1 10 12 1 1 10 12 1 1 1 1 1 1 1 1 1 1 1 1 1 1 1 1 1 1 1 1 1 1 1 1 1 1 1 1 1 1 1 1 1 1 1 1 1 1 1 1 7 1 1 1 1 1 1 1 7 1 1 1 1 1 1 1 1 1 100 1 1 1 1 1 1 1 1 1 100 1 100 1 100 1 100 1 100 1 1 1 1 1 1
ciInstanceKlass java/util/concurrent/ConcurrentMap 1 1 208 11 7 12 1 1 1 10 100 12 1 1 11 12 1 1 11 100 12 1 1 1 11 7 12 1 1 1 11 12 1 1 100 1 11 12 1 11 12 1 100 1 11 100 12 1 1 1 18 12 1 11 12 1 1 11 100 12 1 1 11 12 1 1 11 100 12 1 11 12 1 1 11 12 1 1 7 1 7 1 1 1 1 1 1 1 1 1 1 1 1 1 1 1 1 1 1 1 1 1 1 1 1 1 1 1 1 1 1 1 1 1 1 1 1 1 1 1 1 1 1 1 1 1 1 1 1 1 1 1 1 1 1 1 1 1 1 1 1 16 15 11 12 15 10 100 12 1 1 1 1 1 100 1 100 1 1 1 100 1 8 1 1 12 10 1 1 1 8 1 1 1 8 1 1 8 1 1 1 8 1 1 1 8 1 1 1 8 1 1 1 8 1 1 1 8 1 1 1 8 1 1 1 8 1 1 8 1
ciInstanceKlass jdk/internal/loader/ClassLoaders 1 1 183 10 7 12 1 1 1 10 7 12 1 1 1 10 12 1 1 10 100 12 1 1 1 9 7 12 1 1 1 9 12 1 1 9 12 1 1 7 1 11 100 12 1 1 1 100 1 11 12 1 1 11 12 1 1 10 100 12 1 1 1 10 100 12 1 1 1 100 1 100 1 10 7 12 1 1 1 9 12 1 1 10 12 1 1 7 1 10 12 1 1 10 12 1 7 1 8 1 10 7 12 1 1 1 10 12 1 1 7 1 10 12 1 10 12 1 10 12 1 8 1 10 7 12 1 1 8 1 8 1 10 12 1 7 1 10 12 1 10 12 1 10 12 1 1 1 1 1 1 1 1 1 1 1 1 1 1 1 1 1 1 1 1 7 1 1 1 1 1 1 1 1 1 1 1 1 1 1 1 1 1 1 1
staticfield jdk/internal/loader/ClassLoaders JLA Ljdk/internal/access/JavaLangAccess; java/lang/System$2
staticfield jdk/internal/loader/ClassLoaders BOOT_LOADER Ljdk/internal/loader/ClassLoaders$BootClassLoader; jdk/internal/loader/ClassLoaders$BootClassLoader
staticfield jdk/internal/loader/ClassLoaders PLATFORM_LOADER Ljdk/internal/loader/ClassLoaders$PlatformClassLoader; jdk/internal/loader/ClassLoaders$PlatformClassLoader
staticfield jdk/internal/loader/ClassLoaders APP_LOADER Ljdk/internal/loader/ClassLoaders$AppClassLoader; jdk/internal/loader/ClassLoaders$AppClassLoader
instanceKlass jdk/internal/loader/ClassLoaders$BootClassLoader
instanceKlass jdk/internal/loader/ClassLoaders$PlatformClassLoader
instanceKlass jdk/internal/loader/ClassLoaders$AppClassLoader
ciInstanceKlass jdk/internal/loader/BuiltinClassLoader 1 1 737 9 7 12 1 1 1 10 7 12 1 1 1 10 7 12 1 1 1 9 12 1 1 9 12 1 1 7 1 10 12 1 9 12 1 10 12 1 9 12 1 10 7 12 1 1 1 10 7 12 1 1 1 10 7 12 1 1 1 11 7 12 1 1 1 7 1 7 1 10 10 12 1 1 8 1 10 12 1 10 12 7 1 10 12 1 10 12 1 1 11 7 12 1 1 1 11 7 12 1 1 1 11 12 1 1 7 1 8 1 8 1 10 9 12 1 1 10 7 12 1 1 11 12 1 1 10 12 1 1 10 12 1 1 10 12 1 1 10 7 12 1 1 1 10 12 1 10 7 12 1 1 1 10 12 1 1 11 7 12 1 1 1 10 7 12 1 1 7 1 10 7 12 1 1 1 10 12 1 100 1 8 1 10 12 1 1 10 8 1 10 12 1 1 10 12 1 1 10 12 1 1 11 7 12 1 1 11 12 1 7 1 10 11 12 1 1 11 10 12 1 1 7 1 10 12 1 10 7 12 1 10 12 1 7 1 10 12 1 10 7 12 1 1 1 100 1 10 12 1 1 11 12 1 100 1 100 1 10 12 1 10 12 1 1 100 1 100 1 10 12 1 10 12 1 18 12 1 1 10 12 1 10 12 1 1 18 100 1 10 7 12 1 1 1 7 1 10 10 12 1 1 10 12 1 1 10 12 1 1 10 12 1 9 12 1 1 100 1 10 10 12 1 1 10 12 1 1 10 12 1 10 12 10 12 1 1 10 12 1 1 10 12 1 1 10 12 1 10 12 1 1 18 12 1 7 1 10 12 1 1 10 12 1 10 12 1 1 10 12 1 100 1 10 12 1 100 1 10 12 1 10 7 12 1 1 1 10 12 1 11 12 1 100 1 10 12 1 7 1 100 1 10 12 1 10 12 1 11 12 1 1 10 12 1 1 10 12 1 1 10 12 1 1 10 12 1 1 10 12 1 10 12 1 10 12 1 10 12 1 8 1 10 12 1 1 10 7 12 1 1 10 12 1 100 1 8 1 8 1 10 10 12 1 8 1 8 1 10 7 12 1 1 1 11 7 12 1 1 1 9 7 12 1 1 1 10 7 12 1 1 1 9 12 1 9 12 1 9 12 1 9 12 1 9 12 1 9 12 1 10 7 12 1 1 1 8 1 10 12 1 7 1 10 12 1 1 10 12 1 7 1 10 11 12 1 1 10 12 10 12 1 10 12 1 100 1 10 12 1 10 12 1 10 10 12 1 10 7 12 1 1 8 1 10 7 12 1 1 10 12 1 1 1 1 1 1 1 1 1 1 1 1 1 1 1 1 1 1 1 1 1 1 1 1 1 1 1 1 1 1 1 1 1 1 1 1 1 1 1 1 1 1 1 1 1 1 1 1 1 1 1 1 1 1 1 1 7 1 1 1 1 1 1 1 1 1 1 1 1 1 1 1 1 1 1 7 1 7 1 1 1 1 1 1 1 1 1 1 1 1 1 1 1 1 1 1 1 1 1 1 1 1 1 1 1 1 1 1 1 1 1 1 1 1 1 1 1 1 1 1 1 1 1 1 1 1 1 1 1 100 1 1 16 15 10 12 16 15 10 12 16 15 10 12 16 1 15 10 100 12 1 1 1 1 1 100 1 1 1 1 1 100 1 100 1 1
staticfield jdk/internal/loader/BuiltinClassLoader packageToModule Ljava/util/Map; java/util/concurrent/ConcurrentHashMap
staticfield jdk/internal/loader/BuiltinClassLoader $assertionsDisabled Z 1
ciInstanceKlass jdk/internal/loader/ClassLoaders$AppClassLoader 1 1 119 8 1 10 7 12 1 1 1 10 7 12 1 1 1 10 7 12 1 1 1 10 12 1 1 10 7 12 1 1 1 10 12 1 1 10 12 1 1 7 1 8 1 10 12 10 7 12 1 1 1 10 7 12 1 1 10 12 1 1 10 12 1 1 10 7 12 1 1 1 7 1 10 12 1 1 1 1 1 1 1 1 1 1 1 1 1 1 1 1 1 1 1 1 1 7 1 1 1 1 1 1 1 1 1 1 1 1 1 1 1 1 1 1 1 7 1 1 1
ciInstanceKlass jdk/internal/loader/ClassLoaders$PlatformClassLoader 1 1 42 8 1 10 7 12 1 1 1 10 7 12 1 1 1 7 1 10 12 1 7 1 1 1 1 1 1 1 1 1 1 1 1 1 1 7 1 1 1 100 1 1
ciInstanceKlass java/lang/ArithmeticException 1 1 26 10 100 12 1 1 1 10 12 1 100 1 1 1 1 5 0 1 1 1 1 1 1 1 1 1
ciInstanceKlass java/lang/ArrayStoreException 1 1 26 10 100 12 1 1 1 10 12 1 100 1 1 1 1 5 0 1 1 1 1 1 1 1 1 1
ciInstanceKlass java/lang/ClassCastException 1 1 26 10 100 12 1 1 1 10 12 1 100 1 1 1 1 5 0 1 1 1 1 1 1 1 1 1
ciInstanceKlass java/lang/ClassNotFoundException 1 1 96 7 1 10 7 12 1 1 1 10 12 1 10 12 1 1 10 100 12 1 1 1 8 1 10 100 12 1 1 1 10 7 12 1 1 10 100 12 1 1 1 10 100 12 1 1 1 10 12 1 1 7 1 10 12 1 9 12 1 1 1 1 1 5 0 1 1 1 1 1 1 1 1 1 1 1 1 1 1 1 1 1 1 100 1 1 1 1 1 1 1 1 1 1 1 1
staticfield java/lang/ClassNotFoundException serialPersistentFields [Ljava/io/ObjectStreamField; 1 [Ljava/io/ObjectStreamField;
ciInstanceKlass java/lang/IllegalMonitorStateException 1 1 26 10 100 12 1 1 1 10 12 1 100 1 1 1 1 5 0 1 1 1 1 1 1 1 1 1
ciInstanceKlass java/lang/BootstrapMethodError 0 0 45 10 100 12 1 1 1 10 12 1 10 12 1 10 100 12 1 1 1 10 100 12 1 1 1 1 1 1 5 0 1 1 1 1 1 1 1 1 1 1 1 100 1 1 1
instanceKlass java/lang/ClassFormatError
instanceKlass java/lang/IncompatibleClassChangeError
instanceKlass java/lang/BootstrapMethodError
instanceKlass java/lang/NoClassDefFoundError
ciInstanceKlass java/lang/LinkageError 1 1 31 10 7 12 1 1 1 10 12 1 10 12 1 100 1 1 1 1 5 0 1 1 1 1 1 1 1 1 1 1 1
ciInstanceKlass java/lang/NullPointerException 1 1 52 10 100 12 1 1 1 10 12 1 9 100 12 1 1 1 10 12 1 1 9 12 1 1 10 12 1 1 10 12 1 1 1 1 5 0 1 1 1 1 1 1 1 1 100 1 100 1 100 1 1 1
ciInstanceKlass java/lang/NoClassDefFoundError 0 0 26 10 100 12 1 1 1 10 12 1 100 1 1 1 1 5 0 1 1 1 1 1 1 1 1 1
ciInstanceKlass java/lang/StackOverflowError 1 1 26 10 100 12 1 1 1 10 12 1 100 1 1 1 1 5 0 1 1 1 1 1 1 1 1 1
ciInstanceKlass java/lang/StackTraceElement 0 0 235 10 7 12 1 1 1 10 7 12 1 1 9 12 1 1 9 12 1 1 9 12 1 9 12 1 8 1 10 100 12 1 1 1 7 1 9 12 1 8 1 9 12 1 9 12 1 9 12 1 1 10 12 1 1 10 12 1 8 1 10 100 12 1 1 1 7 1 10 12 1 10 12 1 1 10 12 1 10 12 1 1 10 12 1 10 12 1 10 10 12 1 8 1 10 12 1 10 12 1 1 10 12 1 1 10 12 1 10 12 1 10 12 1 9 12 1 1 10 7 12 1 1 1 10 12 1 1 7 1 10 12 1 1 10 100 12 1 1 10 100 12 1 1 1 10 7 12 1 1 10 100 12 1 1 10 10 12 1 1 10 12 1 1 10 12 1 1 10 12 1 7 1 1 1 1 1 1 1 3 1 3 1 1 5 0 1 1 1 1 1 1 1 1 1 1 1 1 1 1 1 1 1 1 1 1 1 1 1 1 1 1 1 1 1 7 1 7 1 1 1 1 1 1 1 100 1 1 1 1 1 1 1 1 1
instanceKlass java/util/concurrent/locks/AbstractQueuedSynchronizer
ciInstanceKlass java/util/concurrent/locks/AbstractOwnableSynchronizer 1 1 32 10 7 12 1 1 1 9 7 12 1 1 1 100 1 1 1 1 5 0 1 1 1 1 1 1 1 1 1 1 1 1
ciInstanceKlass jdk/internal/vm/Continuation 0 0 549 9 100 12 1 1 1 9 12 1 9 12 1 100 1 7 1 10 12 1 1 8 1 10 12 1 1 10 12 1 10 12 1 1 10 12 1 9 7 12 1 1 1 11 100 12 1 1 1 10 7 1 9 12 1 1 9 12 1 1 10 8 1 10 12 1 9 12 1 1 10 11 12 1 1 100 1 10 100 12 1 1 1 10 12 1 1 10 12 1 10 12 1 1 11 12 1 1 9 12 1 1 10 12 1 1 18 12 1 1 10 7 12 1 1 1 100 1 10 12 1 11 100 12 1 1 1 10 12 1 9 12 1 10 12 1 1 100 1 8 1 10 12 1 10 12 1 1 9 12 1 1 11 12 1 1 9 12 1 1 8 1 10 11 12 1 1 11 12 1 1 10 12 1 1 10 12 1 1 9 12 1 10 12 1 10 10 12 1 8 1 10 12 1 8 1 8 1 10 7 12 1 1 1 10 7 12 1 1 1 10 12 1 9 12 1 11 12 1 7 1 10 12 1 10 12 1 1 9 12 1 1 7 1 10 12 1 1 9 12 1 1 10 12 1 10 12 1 11 7 12 1 1 10 7 1 10 12 1 8 1 9 12 1 10 12 1 1 9 12 1 1 10 7 12 1 1 8 1 8 1 8 1 8 1 10 12 1 1 10 12 1 10 12 1 10 12 1 10 12 1 1 10 12 1 1 8 1 10 12 1 1 9 12 1 1 10 12 1 1 9 12 1 8 1 10 7 12 1 1 1 10 12 1 8 1 100 1 8 1 10 9 12 1 1 8 1 10 7 12 1 1 10 100 12 1 1 8 1 8 1 10 12 10 100 12 1 1 1 10 7 1 10 7 12 1 1 1 18 11 100 12 1 1 1 18 12 1 11 12 1 1 7 1 10 7 12 1 1 10 12 1 1 8 10 12 1 1 10 100 12 1 1 1 10 100 12 1 1 10 12 1 8 1 10 12 1 7 1 7 1 10 12 1 1 1 1 1 1 1 1 1 1 1 1 1 1 1 1 1 1 1 1 1 1 1 1 1 1 1 1 1 1 1 1 1 1 1 1 1 1 1 1 1 1 1 1 1 1 1 1 1 1 1 1 1 1 1 1 1 1 1 1 1 1 1 1 1 1 1 1 1 1 1 1 1 1 1 100 1 1 16 1 15 10 12 16 15 11 7 12 1 1 1 16 1 16 1 15 10 12 16 15 10 100 12 1 1 1 1 1 1 1 1 100 1 100 1 1
ciInstanceKlass jdk/internal/misc/UnsafeConstants 1 1 34 10 100 12 1 1 1 9 7 12 1 1 1 9 12 1 9 12 1 1 9 12 1 9 12 1 1 1 1 1 1 1 1 1
staticfield jdk/internal/misc/UnsafeConstants ADDRESS_SIZE0 I 8
staticfield jdk/internal/misc/UnsafeConstants PAGE_SIZE I 4096
staticfield jdk/internal/misc/UnsafeConstants BIG_ENDIAN Z 0
staticfield jdk/internal/misc/UnsafeConstants UNALIGNED_ACCESS Z 1
staticfield jdk/internal/misc/UnsafeConstants DATA_CACHE_LINE_FLUSH_SIZE I 0
ciInstanceKlass java/lang/invoke/LambdaForm 1 1 1059 7 1 100 1 10 7 12 1 1 1 9 12 1 1 9 12 1 9 12 1 9 12 1 1 9 12 1 1 9 12 1 1 9 12 1 1 9 12 1 1 9 12 1 10 7 12 1 1 9 12 1 10 12 1 1 100 1 10 10 12 1 1 10 12 1 10 12 1 10 12 1 1 10 12 1 9 12 1 9 12 1 10 12 1 1 10 7 12 1 1 1 10 12 1 1 9 100 12 1 1 1 10 12 1 1 9 7 12 1 1 10 12 1 10 12 1 1 10 12 1 1 10 12 1 1 7 1 10 7 12 1 1 1 10 12 1 1 10 12 1 10 12 1 1 9 12 1 1 9 12 1 9 12 1 1 10 12 1 9 12 1 10 100 12 1 1 1 10 12 1 1 7 1 10 12 1 9 12 1 1 10 7 12 1 1 1 10 12 1 10 12 1 7 1 10 12 1 10 12 1 10 12 1 1 10 12 1 1 10 12 1 10 12 1 10 12 1 10 12 1 1 8 1 10 12 1 10 12 1 10 10 12 1 8 1 8 1 9 12 1 9 12 1 1 10 12 1 1 10 12 1 9 12 1 10 12 1 1 10 7 12 1 1 1 10 12 1 1 10 12 1 10 12 1 10 100 12 1 1 1 9 12 1 10 12 1 8 1 8 1 8 1 8 1 8 1 8 1 8 1 8 1 10 12 1 9 12 1 7 1 10 12 1 1 9 12 1 10 12 1 10 12 1 1 10 12 10 12 1 10 12 1 1 10 12 1 1 10 10 12 1 1 10 12 1 1 7 1 8 1 10 12 1 1 10 12 1 10 12 1 1 10 8 1 10 12 1 1 8 1 8 1 8 1 10 12 1 10 12 1 10 12 1 1 100 1 10 12 1 1 10 12 1 1 10 7 12 1 1 1 10 12 1 1 9 12 1 1 8 1 10 100 12 1 1 1 10 7 12 1 1 10 12 10 12 1 1 10 12 1 1 9 12 1 8 10 12 1 1 100 1 10 12 1 1 10 12 1 9 7 12 1 1 9 7 12 1 1 1 8 1 10 100 12 1 1 10 12 1 1 7 1 7 1 10 10 12 1 1 10 12 1 1 8 1 8 1 7 1 8 1 10 12 10 12 1 10 12 1 10 12 1 1 8 1 8 1 10 12 1 10 12 1 1 8 1 8 1 8 1 7 1 8 1 7 1 8 1 7 1 8 1 10 12 1 8 1 9 10 7 12 1 1 1 10 12 1 9 12 1 1 10 12 1 10 10 12 1 10 12 1 10 12 1 10 12 1 1 10 12 1 10 12 1 1 10 12 1 1 10 12 1 1 10 12 1 1 8 1 100 10 12 1 10 12 1 9 12 1 1 10 7 12 1 1 8 1 8 1 7 1 8 1 8 1 8 1 8 1 8 1 8 1 8 1 8 1 10 12 1 1 10 12 1 1 10 12 1 10 12 1 10 12 1 10 12 1 8 1 8 1 8 1 10 12 1 8 1 10 12 1 8 1 8 1 8 1 8 1 8 1 10 12 1 10 12 1 10 12 1 1 10 7 12 1 1 1 10 12 1 10 12 1 10 12 1 10 12 1 10 12 1 10 12 1 10 12 1 9 12 1 1 8 1 10 12 1 1 9 12 1 1 10 12 1 1 9 12 1 9 12 1 1 9 12 1 9 12 1 1 7 1 10 7 12 1 1 1 9 12 1 10 12 1 10 12 1 8 1 10 12 1 9 12 1 1 7 1 10 7 12 1 1 1 8 1 100 1 10 12 1 9 12 1 9 12 1 10 12 1 10 12 1 10 7 12 1 1 1 10 12 1 9 7 12 1 1 10 12 1 1 10 12 1 10 12 1 10 12 1 9 12 10 12 1 10 10 12 1 9 12 1 9 9 12 1 7 9 12 1 1 10 12 1 1 9 12 1 10 12 1 10 7 1 9 1 1 1 1 3 1 3 1 1 3 1 3 1 1 1 1 1 1 1 1 1 1 1 1 1 1 1 1 1 1 1 1 1 1 1 1 1 1 1 1 1 1 1 1 1 1 1 1 1 1 1 1 1 1 1 1 1 1 1 1 1 1 1 100 1 1 1 1 1 1 1 1 1 1 1 1 1 1 1 1 1 1 1 1 1 1 1 1 1 1 1 1 1 1 1 1 1 1 1 1 1 1 1 1 1 1 1 1 1 1 1 1 1 1 1 1 1 1 1 1 1 1 1 1 1 1 100 1 1 1 1 1 1 1 1 1 1 1 1 1 1 1 1 1 1 1 1 1 1 1 1 1 1 1 1 1 1 1 1 1 1 7 1 1 1 1 1 1 1 1 1 1 1 1 1 1 1 1 1 1 1 1 1 1 100 1 1 1 100 1 1 7 1 1 1 1 1 1 1 1 1 1 1
staticfield java/lang/invoke/LambdaForm DEFAULT_CUSTOMIZED Ljava/lang/invoke/MethodHandle; 
staticfield java/lang/invoke/LambdaForm DEFAULT_KIND Ljava/lang/invoke/LambdaForm$Kind; java/lang/invoke/LambdaForm$Kind
staticfield java/lang/invoke/LambdaForm COMPILE_THRESHOLD I 0
staticfield java/lang/invoke/LambdaForm INTERNED_ARGUMENTS [[Ljava/lang/invoke/LambdaForm$Name; 5 [[Ljava/lang/invoke/LambdaForm$Name;
staticfield java/lang/invoke/LambdaForm IMPL_NAMES Ljava/lang/invoke/MemberName$Factory; java/lang/invoke/MemberName$Factory
staticfield java/lang/invoke/LambdaForm LF_identity [Ljava/lang/invoke/LambdaForm; 6 [Ljava/lang/invoke/LambdaForm;
staticfield java/lang/invoke/LambdaForm LF_zero [Ljava/lang/invoke/LambdaForm; 6 [Ljava/lang/invoke/LambdaForm;
staticfield java/lang/invoke/LambdaForm NF_identity [Ljava/lang/invoke/LambdaForm$NamedFunction; 6 [Ljava/lang/invoke/LambdaForm$NamedFunction;
staticfield java/lang/invoke/LambdaForm NF_zero [Ljava/lang/invoke/LambdaForm$NamedFunction; 6 [Ljava/lang/invoke/LambdaForm$NamedFunction;
staticfield java/lang/invoke/LambdaForm createFormsLock Ljava/lang/Object; java/lang/Object
staticfield java/lang/invoke/LambdaForm DEBUG_NAME_COUNTERS Ljava/util/HashMap; 
staticfield java/lang/invoke/LambdaForm DEBUG_NAMES Ljava/util/HashMap; 
staticfield java/lang/invoke/LambdaForm TRACE_INTERPRETER Z 0
staticfield java/lang/invoke/LambdaForm $assertionsDisabled Z 1
ciInstanceKlass java/lang/invoke/MemberName 1 1 724 7 1 7 1 100 1 9 12 1 1 10 7 12 1 1 1 9 12 1 1 10 12 1 1 10 12 1 1 10 12 1 1 10 12 1 10 12 1 1 10 7 12 1 1 1 10 12 1 9 7 12 1 1 10 12 1 7 1 7 1 10 12 1 8 1 10 12 1 1 10 12 1 10 12 1 1 10 12 1 9 12 1 1 8 1 10 100 12 1 1 1 7 1 10 10 12 1 1 7 1 7 1 10 12 1 9 12 1 1 100 1 8 1 10 12 1 10 12 1 10 12 1 10 12 1 10 12 1 1 10 12 1 10 12 1 10 12 1 1 8 1 8 1 10 12 1 8 1 9 12 1 1 3 10 12 1 10 12 1 10 12 1 10 10 7 12 1 1 1 10 12 1 10 12 1 10 12 1 10 12 1 7 1 8 10 12 1 1 10 12 1 1 8 1 9 7 1 8 9 7 1 10 12 1 1 10 12 1 10 12 1 8 1 10 12 1 1 10 12 1 10 12 1 10 12 1 10 12 1 1 7 1 10 12 1 1 10 12 1 8 1 10 12 1 10 12 1 8 1 10 12 1 1 10 12 1 1 7 1 10 12 1 1 10 12 8 1 8 1 7 1 10 12 1 10 100 12 1 1 1 100 1 10 12 10 12 1 10 12 1 10 12 1 10 12 1 10 10 12 1 10 12 1 10 12 1 3 10 12 1 3 10 12 1 3 3 3 3 3 3 10 12 1 3 9 12 1 10 12 1 1 3 10 12 1 10 10 7 12 1 1 1 10 12 1 1 10 7 12 1 1 10 10 12 1 10 12 1 1 10 12 1 10 10 12 1 1 10 12 1 10 12 1 10 12 1 7 1 10 10 10 12 100 1 10 10 10 12 1 1 10 12 1 1 10 10 12 1 8 10 7 1 10 12 1 10 7 1 10 12 1 10 12 1 10 12 1 10 10 12 1 10 12 1 1 10 12 1 1 10 12 1 10 12 1 10 12 1 100 1 10 12 1 1 100 1 8 1 10 7 1 10 12 1 10 12 10 12 1 1 10 12 1 10 12 1 8 1 8 1 8 1 8 1 10 12 1 10 12 1 10 7 12 1 1 1 8 1 8 1 10 12 1 8 1 10 10 10 12 1 10 12 1 8 1 8 1 10 10 12 1 8 1 10 100 12 1 1 1 8 1 100 1 10 12 1 10 12 1 1 10 12 1 8 1 8 1 8 1 8 1 100 1 10 8 1 8 1 8 1 8 1 10 12 1 100 1 100 1 100 1 10 100 1 10 7 1 10 7 12 1 1 1 9 7 12 1 1 1 7 1 7 1 1 1 1 1 1 1 3 1 3 1 3 1 3 1 3 1 3 1 1 1 1 1 1 1 1 3 1 3 1 1 1 1 1 1 1 1 1 1 1 1 1 1 1 1 1 1 1 1 1 1 1 1 1 1 1 1 1 1 1 1 1 1 1 1 1 1 1 1 1 1 1 1 1 1 1 1 1 1 1 1 1 1 1 1 1 1 1 1 1 1 1 1 1 1 1 1 1 1 1 1 1 1 1 1 1 1 1 1 1 1 1 1 1 1 1 1 1 1 1 1 1 1 1 1 7 1 1 1 1 1 1 1 1 1 1 1 1 1 1 1
staticfield java/lang/invoke/MemberName $assertionsDisabled Z 1
instanceKlass java/lang/invoke/VarHandleByteArrayAsDoubles$ByteArrayViewVarHandle
instanceKlass java/lang/invoke/VarHandleByteArrayAsFloats$ByteArrayViewVarHandle
instanceKlass java/lang/invoke/VarHandleByteArrayAsChars$ByteArrayViewVarHandle
instanceKlass java/lang/invoke/VarHandleByteArrayAsShorts$ByteArrayViewVarHandle
instanceKlass java/lang/invoke/VarHandleReferences$FieldInstanceReadOnly
instanceKlass java/lang/invoke/VarHandleBooleans$FieldInstanceReadOnly
instanceKlass java/lang/invoke/VarHandleInts$FieldInstanceReadOnly
instanceKlass java/lang/invoke/VarHandleByteArrayAsLongs$ByteArrayViewVarHandle
instanceKlass java/lang/invoke/VarHandleByteArrayAsInts$ByteArrayViewVarHandle
instanceKlass java/lang/invoke/VarHandleReferences$FieldStaticReadOnly
ciInstanceKlass java/lang/invoke/VarHandle 1 1 474 10 7 12 1 1 1 10 7 12 1 1 9 12 1 1 9 12 1 1 100 1 10 8 1 10 12 1 1 10 7 12 1 1 1 10 12 1 1 10 7 12 1 1 1 9 100 12 1 1 1 10 12 1 1 10 7 12 1 1 1 10 12 1 1 9 12 1 10 12 1 9 12 1 1 10 7 12 1 1 10 12 1 9 7 12 1 1 1 9 12 1 1 10 12 1 1 100 1 7 1 10 8 1 10 12 1 1 10 12 1 8 1 10 12 1 10 12 1 9 12 1 1 9 12 1 10 12 1 10 12 1 1 10 12 1 10 10 100 12 1 1 1 10 12 1 1 10 12 1 1 10 7 12 1 1 1 10 100 12 1 1 1 10 100 12 1 1 1 9 12 1 1 9 10 12 1 10 12 1 1 10 12 1 1 10 12 1 10 7 12 1 1 1 9 12 1 1 10 12 1 1 9 12 1 10 12 1 10 12 1 10 7 12 1 1 100 1 10 9 7 12 1 1 1 9 12 1 1 10 7 12 1 1 1 10 12 1 10 12 1 10 12 1 10 12 1 10 12 1 10 12 1 1 8 10 12 1 1 7 1 10 12 1 1 7 1 1 1 1 1 1 1 1 1 1 1 1 1 1 1 1 1 1 1 1 1 1 1 1 1 1 1 1 1 1 1 1 1 1 1 1 1 1 1 1 1 1 1 1 1 1 1 1 1 1 1 1 1 1 1 1 1 1 1 1 1 1 1 1 1 1 1 1 100 1 1 1 1 1 1 1 1 100 1 1 1 1 1 1 1 1 1 1 1 1 100 1 100 1 1 100 1 100 1 100 1 100 1 100 1 100 1 100 1 100 1 100 1 100 1 100 1 100 1 100 1 100 1 100 1 100 1 100 1 100 1 100 1 100 1 100 1 100 1 100 1 100 1 100 1 100 1 100 1 100 1 100 1 100 1 100 1 100 1 100 1 100 1 100 1 1 1 1 1 1 100 1 1 1 100 1 1 100 1 100 1 100 1 100 1 100 1 100 1 1 1 1 100 1 100 1 100 1 100 1 100 1 100 1 100 1 100 1
staticfield java/lang/invoke/VarHandle VFORM_OFFSET J 16
staticfield java/lang/invoke/VarHandle $assertionsDisabled Z 1
ciInstanceKlass java/util/Collections 1 1 933 10 7 12 1 1 1 11 7 12 1 1 1 7 1 11 12 1 1 7 1 10 12 1 1 10 12 1 11 12 1 1 7 1 11 12 1 1 11 12 1 1 10 12 1 11 100 12 1 1 11 12 1 1 11 12 1 10 12 1 10 12 1 10 12 11 100 12 1 1 1 10 12 1 1 11 12 1 11 12 1 1 9 12 1 1 100 1 10 10 12 1 1 10 12 1 11 100 12 1 1 1 11 12 1 1 10 12 1 11 12 1 100 1 8 1 10 12 1 11 7 12 1 1 1 11 7 1 11 12 1 1 10 12 1 1 10 12 1 10 12 1 1 10 12 1 11 12 1 1 10 12 1 1 10 12 1 1 10 12 1 1 11 12 1 1 7 1 10 12 1 11 7 1 100 1 10 12 1 11 7 1 7 1 10 12 1 11 100 1 100 1 10 12 1 11 100 1 100 1 10 12 1 11 100 1 100 1 10 12 1 11 7 1 11 7 1 10 12 10 11 7 1 7 1 10 12 1 11 100 1 100 1 10 11 100 1 100 1 10 12 1 11 100 1 100 1 10 12 1 100 1 10 10 12 1 7 1 10 10 12 1 100 1 10 100 1 10 100 1 10 100 1 10 10 12 1 10 7 1 10 100 1 10 100 1 10 100 1 10 12 1 10 100 12 1 1 1 100 1 100 1 10 12 1 100 1 10 12 1 100 1 10 12 1 100 1 10 12 1 100 1 10 12 1 100 1 10 100 1 10 12 1 100 1 10 12 1 100 1 10 12 1 9 7 12 1 1 1 9 100 12 1 1 9 7 12 1 1 1 9 12 1 1 9 12 1 1 9 12 1 1 9 12 1 1 9 12 1 1 7 1 10 12 7 1 10 7 1 10 7 1 10 7 1 10 12 1 100 1 7 1 10 8 1 10 12 1 1 10 12 1 10 12 1 1 10 7 1 10 12 1 9 100 12 1 1 1 9 100 12 1 1 1 100 1 9 12 1 1 10 12 7 1 10 7 1 10 11 100 12 1 1 11 12 1 10 12 1 11 11 12 1 11 11 12 1 8 1 7 1 10 11 100 1 10 12 1 100 1 10 100 12 1 1 1 100 1 10 12 1 7 1 10 7 1 10 7 1 10 1 1 1 3 1 3 1 3 1 3 1 3 1 3 1 3 1 3 1 1 1 1 1 1 1 1 1 1 1 1 1 1 1 1 1 1 1 1 1 1 1 1 1 1 1 1 1 1 1 1 1 1 1 1 1 1 1 1 1 1 1 1 1 1 1 1 1 1 1 1 1 1 1 1 1 1 1 1 1 1 1 1 1 1 1 1 1 1 1 1 1 1 1 1 1 1 1 1 1 1 1 1 1 1 1 1 1 1 1 1 1 1 1 1 1 1 1 1 1 1 1 1 1 1 1 1 1 1 1 1 1 1 1 1 1 1 1 1 1 1 1 1 1 1 1 1 1 1 1 1 1 1 1 1 1 1 1 1 1 1 1 1 1 1 1 1 1 1 1 1 1 1 1 1 1 1 1 1 1 1 1 1 1 1 1 1 1 1 1 1 1 1 1 1 1 1 1 1 1 1 1 1 1 1 1 1 1 1 1 1 1 1 1 1 1 1 1 1 1 1 1 1 1 1 1 1 1 1 1 1 1 1 1 1 1 1 1 1 1 1 1 1 1 1 1 1 1 1 1 1 1 1 1 1 1 1 1 1 1 1 1 1 1 1 1 1 1 1 1 1 1 1 1 1 1 1 1 1 1 1 1 1 1 1 1 1 1 1 1 1 1 1 1 1 1 1 1 1 1 1 1 1 1 1 1 1 1 1 1 1 1 1 1 1 1 1 1 1 1 1 1 1 1 1 1 1 1 1 1 1 1 1 1 1 1 1 1 1 1 1 1 1 1 1 1 1 1 1 1 1 100 1 100 1 100 1 100 1 100 1 100 1 100 1 100 1 100 1 100 1 100 1 100 1 100 1 1 1 1 1 1 1 1 1 1 1 1 1 1 1 1 1 1 1 1 1 1 1 1 1 1 1 1 1 1 1 1 1 1 1 1 1 1 1 1 1 1 100 1 1 1 1 1 1 1 1 1 1 1 1 1 1 1
staticfield java/util/Collections EMPTY_SET Ljava/util/Set; java/util/Collections$EmptySet
staticfield java/util/Collections EMPTY_LIST Ljava/util/List; java/util/Collections$EmptyList
staticfield java/util/Collections EMPTY_MAP Ljava/util/Map; java/util/Collections$EmptyMap
instanceKlass jdk/internal/reflect/FieldAccessorImpl
instanceKlass jdk/internal/reflect/ConstructorAccessorImpl
instanceKlass jdk/internal/reflect/MethodAccessorImpl
ciInstanceKlass jdk/internal/reflect/MagicAccessorImpl 1 1 16 10 7 12 1 1 1 100 1 1 1 1 1 1 1 1
instanceKlass jdk/internal/reflect/DirectMethodHandleAccessor
ciInstanceKlass jdk/internal/reflect/MethodAccessorImpl 1 1 38 10 7 12 1 1 1 10 100 12 1 1 1 100 1 1 1 1 1 1 1 100 1 100 1 1 1 1 1 1 1 1 1 1 1 1 1 1
ciInstanceKlass jdk/internal/reflect/MethodAccessor 1 0 17 100 1 100 1 1 1 1 100 1 100 1 1 1 1 1 1
instanceKlass jdk/internal/reflect/DirectConstructorHandleAccessor$NativeAccessor
instanceKlass jdk/internal/reflect/DirectConstructorHandleAccessor
instanceKlass jdk/internal/reflect/NativeConstructorAccessorImpl
ciInstanceKlass jdk/internal/reflect/ConstructorAccessorImpl 1 1 27 10 7 12 1 1 1 100 1 100 1 1 1 1 1 1 1 1 1 100 1 100 1 100 1 1 1
ciInstanceKlass jdk/internal/reflect/ConstructorAccessor 1 0 16 100 1 100 1 1 1 1 100 1 100 1 100 1 1 1
ciInstanceKlass jdk/internal/reflect/DelegatingClassLoader 0 0 18 10 100 12 1 1 1 100 1 1 1 1 1 1 1 1 1 1
ciInstanceKlass jdk/internal/reflect/CallerSensitive 0 0 17 100 1 100 1 100 1 1 1 1 1 1 1 1 1 1 1
ciInstanceKlass jdk/internal/reflect/NativeConstructorAccessorImpl 0 0 125 10 7 12 1 1 1 9 7 12 1 1 1 100 1 10 12 1 9 12 1 1 9 12 1 1 10 100 12 1 1 1 10 7 12 1 1 1 10 7 12 1 1 1 9 12 1 9 12 1 1 9 12 1 1 10 7 12 1 1 1 100 1 10 10 12 1 1 10 12 1 10 12 1 1 10 12 1 7 1 10 12 1 1 10 12 1 1 8 10 12 1 1 1 1 1 1 1 1 1 1 1 1 1 1 1 1 1 1 1 1 1 1 100 1 100 1 100 1 1 1 1 1 1 1
ciInstanceKlass jdk/internal/reflect/ConstantPool 1 1 142 10 7 12 1 1 1 9 7 12 1 1 1 10 12 1 1 10 12 1 1 10 12 1 10 12 1 1 10 12 1 1 10 12 1 10 12 1 1 10 12 1 10 12 1 1 10 12 1 10 12 1 10 12 1 10 12 1 1 10 12 1 1 10 12 1 1 10 12 1 1 10 12 1 10 12 1 1 10 100 12 1 1 1 8 11 7 12 1 1 1 10 7 12 1 1 1 1 1 1 1 1 1 1 1 1 1 1 1 1 1 1 1 1 1 1 1 1 1 1 1 1 1 1 1 1 1 1 1 1 1 1 1 1 1 1 1 1 1 1 1 1
ciInstanceKlass jdk/internal/reflect/UnsafeStaticFieldAccessorImpl 0 0 47 10 7 12 1 1 1 9 7 12 1 1 1 10 7 12 1 1 1 9 12 1 1 8 11 100 12 1 1 1 10 100 12 1 1 1 1 1 1 1 1 1 1 1 1 1 1
ciInstanceKlass jdk/internal/reflect/FieldAccessor 0 0 48 100 1 100 1 1 1 1 100 1 1 1 1 1 1 1 1 1 1 1 1 1 1 1 1 1 1 1 100 1 1 1 1 1 1 1 1 1 1 1 1 1 1 1 1 1 1 1
instanceKlass jdk/internal/reflect/UnsafeFieldAccessorImpl
ciInstanceKlass jdk/internal/reflect/FieldAccessorImpl 0 0 269 10 7 12 1 1 1 9 7 12 1 1 1 10 7 12 1 1 1 10 7 12 1 1 10 7 12 1 1 1 10 12 1 1 7 1 10 10 12 1 1 10 12 1 1 8 1 10 10 12 1 100 1 8 1 10 12 1 8 1 10 12 1 8 1 10 12 1 100 1 10 12 1 1 10 8 1 10 12 1 1 8 1 10 7 12 1 1 8 1 10 7 12 1 1 8 1 10 7 12 1 1 8 1 10 7 12 1 1 8 1 10 7 12 1 1 8 1 10 7 12 1 1 8 1 10 7 12 1 1 8 1 10 7 12 1 1 10 12 1 1 8 1 10 12 1 1 10 100 12 1 1 1 8 1 10 12 1 8 1 8 1 8 1 8 1 10 7 12 1 1 1 8 1 8 1 8 1 10 12 7 1 1 1 1 1 1 1 1 1 1 1 1 1 1 1 1 1 1 1 1 1 1 1 1 1 1 1 1 1 1 1 1 1 1 1 1 1 1 1 1 1 1 1 1 1 1 1 1 1 1 1 1 1 1 1 1 1 1 1 1 1 1 1 1 1 1 1 1 1 1 1 1 1 1 1 1 1 1 1 1 1 1 1 1 1 1 1 1
instanceKlass jdk/internal/reflect/UnsafeStaticFieldAccessorImpl
ciInstanceKlass jdk/internal/reflect/UnsafeFieldAccessorImpl 0 0 62 10 100 12 1 1 1 10 100 12 1 1 1 10 100 12 1 1 1 9 100 12 1 1 10 12 1 9 12 1 1 10 100 12 1 1 1 9 12 1 1 10 12 1 10 12 1 1 1 1 1 1 1 1 1 1 1 1 1 1 1 1
instanceKlass java/lang/invoke/VolatileCallSite
instanceKlass java/lang/invoke/MutableCallSite
instanceKlass java/lang/invoke/ConstantCallSite
ciInstanceKlass java/lang/invoke/CallSite 1 1 296 10 7 12 1 1 1 10 7 12 1 1 1 9 12 1 1 10 7 12 1 1 1 10 12 1 7 1 10 12 1 1 10 12 1 1 9 100 12 1 1 1 10 7 12 1 1 10 12 1 1 100 1 7 1 10 10 7 12 1 1 1 10 12 1 1 8 1 10 12 1 10 12 1 1 10 12 1 10 12 1 1 10 12 1 1 10 10 100 12 1 1 10 12 1 1 9 12 1 9 100 12 1 1 1 8 1 10 7 12 1 1 1 10 12 1 1 7 1 10 12 1 1 9 12 1 8 1 100 1 10 12 1 10 12 1 100 1 8 1 10 10 12 1 10 12 1 1 100 1 10 12 1 1 10 12 1 10 12 1 10 12 1 1 10 12 1 1 9 12 1 1 8 10 12 1 1 9 12 1 1 100 1 10 10 12 1 10 7 12 1 1 1 10 12 1 1 10 12 1 1 10 12 1 10 7 12 1 1 1 7 1 8 1 10 10 12 10 12 1 1 7 1 7 1 7 1 8 1 10 12 1 10 7 12 1 1 1 1 1 1 1 1 1 1 1 1 1 1 1 1 1 1 1 1 1 1 1 1 1 1 1 1 1 1 1 1 1 1 1 1 1 1 1 1 1 1 1 1 1 1 1 1 1 1 1 1 1 1 1 7 1 7 1 1 1
staticfield java/lang/invoke/CallSite $assertionsDisabled Z 1
ciInstanceKlass java/lang/invoke/ConstantCallSite 1 1 65 10 7 12 1 1 1 9 7 12 1 1 1 9 12 1 1 10 7 12 1 1 1 10 12 1 100 1 10 12 9 12 1 1 100 1 10 10 12 1 1 10 12 1 1 1 1 1 1 1 1 1 1 1 1 1 100 1 1 1 1 1 1 1 1
staticfield java/lang/invoke/ConstantCallSite UNSAFE Ljdk/internal/misc/Unsafe; jdk/internal/misc/Unsafe
instanceKlass java/lang/invoke/DirectMethodHandle$Interface
instanceKlass java/lang/invoke/DirectMethodHandle$Special
instanceKlass java/lang/invoke/DirectMethodHandle$Accessor
instanceKlass java/lang/invoke/DirectMethodHandle$Constructor
ciInstanceKlass java/lang/invoke/DirectMethodHandle 1 1 923 7 1 7 1 100 1 7 1 7 1 10 7 12 1 1 1 10 7 12 1 1 1 7 1 10 12 1 10 12 1 1 10 7 12 1 1 10 12 1 1 10 12 1 10 12 1 7 1 10 12 1 1 10 12 1 1 10 12 1 10 12 1 1 10 7 12 1 1 1 10 12 1 9 12 1 1 100 1 10 9 12 1 1 9 12 1 10 12 1 10 12 1 10 12 1 1 10 12 1 10 12 1 10 12 1 10 7 12 1 1 1 10 12 1 10 12 1 1 8 1 10 12 1 1 7 1 10 12 1 7 1 10 10 12 1 10 12 1 10 12 1 10 7 12 1 1 1 10 12 1 1 100 1 10 12 1 10 12 1 7 1 10 12 1 10 12 1 1 10 12 1 1 10 12 1 8 10 7 12 1 1 1 10 12 1 10 12 1 10 12 1 1 10 12 1 9 7 12 1 1 1 7 1 10 12 1 10 7 12 1 1 1 10 12 1 10 12 1 1 9 12 1 1 7 1 10 8 1 10 12 1 1 10 12 1 1 8 1 10 12 1 10 12 1 10 10 12 1 10 12 1 10 12 1 10 12 1 10 12 1 1 10 12 1 10 12 1 1 10 12 1 10 12 1 1 10 10 7 12 1 1 1 10 12 1 10 12 1 1 10 12 1 10 12 1 1 8 1 9 7 12 1 1 1 8 1 9 12 1 9 12 1 8 1 9 12 1 9 12 1 8 1 9 12 1 9 12 1 8 1 10 12 1 10 12 1 1 9 12 1 1 7 1 10 12 1 1 7 1 10 7 12 1 1 1 10 12 1 1 10 12 1 10 12 1 1 7 1 10 12 1 1 10 12 1 10 12 1 1 7 1 10 12 1 1 10 12 1 10 7 12 1 1 1 10 12 1 10 12 1 1 10 12 1 9 12 1 1 10 7 1 9 12 9 12 1 10 7 12 1 1 1 10 12 1 7 1 7 1 7 1 9 12 1 1 10 7 12 1 1 1 10 12 10 12 1 100 1 10 12 1 10 12 1 1 8 1 9 12 1 9 12 1 10 12 1 1 9 12 1 1 10 100 12 1 1 1 9 12 1 1 9 12 1 1 10 12 1 10 12 1 10 12 1 10 12 1 1 10 12 1 9 12 1 10 12 1 10 12 1 10 12 1 10 12 1 1 10 12 1 1 9 12 1 1 10 12 1 1 9 7 12 1 1 1 9 12 1 9 12 1 9 12 1 9 12 1 9 12 1 9 12 1 9 12 1 9 12 1 9 12 1 9 12 1 9 12 1 9 12 1 9 12 1 9 12 1 9 12 1 9 12 1 9 12 1 9 12 1 9 12 1 9 12 1 9 12 1 9 12 1 9 12 1 9 12 1 9 12 1 9 12 1 9 12 1 9 12 1 9 12 1 9 12 1 9 12 1 9 12 1 9 12 1 9 12 1 9 12 1 9 12 1 8 1 9 12 1 1 9 12 1 1 10 12 1 10 12 1 1 9 7 1 10 12 1 9 12 1 1 10 12 10 12 1 10 12 1 10 12 1 10 12 1 10 8 1 8 1 8 1 8 1 10 12 1 1 9 12 1 1 10 12 1 10 100 12 1 1 1 8 9 12 1 1 10 12 1 1 8 1 8 8 9 12 1 8 1 8 8 8 8 8 1 8 10 12 1 7 1 10 12 1 8 1 8 1 10 12 1 10 12 1 10 12 1 10 12 1 1 7 1 1 1 1 3 1 3 1 3 1 3 1 3 1 3 1 3 1 3 1 3 1 3 1 1 1 1 1 1 1 1 1 1 3 1 3 1 1 1 1 3 1 1 1 1 1 1 1 1 1 1 1 1 1 1 1 1 1 1 1 1 1 1 1 1 1 1 1 1 1 1 1 1 1 1 1 1 1 1 1 1 1 1 1 1 1 1 1 1 1 1 1 1 1 1 1 1 1 100 1 1 1 1 1 1 1 1 1 100 1 1 1 1 1 1 1 1 1 1 1 1 1 1 1 1 1 1 1 1 1 1 1 1 1 1 1 1 1 1 1 1 1 1 1 1 1 1 1 1 1 1 1 1 1 1 1 1 1 1 1 1
staticfield java/lang/invoke/DirectMethodHandle IMPL_NAMES Ljava/lang/invoke/MemberName$Factory; java/lang/invoke/MemberName$Factory
staticfield java/lang/invoke/DirectMethodHandle FT_UNCHECKED_REF I 8
staticfield java/lang/invoke/DirectMethodHandle ACCESSOR_FORMS [Ljava/lang/invoke/LambdaForm; 132 [Ljava/lang/invoke/LambdaForm;
staticfield java/lang/invoke/DirectMethodHandle ALL_WRAPPERS [Lsun/invoke/util/Wrapper; 10 [Lsun/invoke/util/Wrapper;
staticfield java/lang/invoke/DirectMethodHandle NFS [Ljava/lang/invoke/LambdaForm$NamedFunction; 12 [Ljava/lang/invoke/LambdaForm$NamedFunction;
staticfield java/lang/invoke/DirectMethodHandle OBJ_OBJ_TYPE Ljava/lang/invoke/MethodType; java/lang/invoke/MethodType
staticfield java/lang/invoke/DirectMethodHandle LONG_OBJ_TYPE Ljava/lang/invoke/MethodType; java/lang/invoke/MethodType
staticfield java/lang/invoke/DirectMethodHandle $assertionsDisabled Z 1
ciInstanceKlass java/lang/invoke/MutableCallSite 0 0 63 10 100 12 1 1 1 10 12 1 9 100 12 1 1 1 10 12 1 10 12 1 1 9 12 1 1 10 100 12 1 1 1 10 100 12 1 1 1 10 12 1 1 1 1 1 1 1 1 1 1 1 1 1 1 1 1 1 1 100 1 1 1
ciInstanceKlass java/lang/invoke/VolatileCallSite 0 0 37 10 100 12 1 1 1 10 12 1 10 100 12 1 1 1 10 12 1 10 12 1 1 1 1 1 1 1 1 1 1 1 1 1 1 1 1
ciInstanceKlass java/lang/invoke/ResolvedMethodName 1 1 16 10 100 12 1 1 1 100 1 1 1 1 1 1 1 1
ciInstanceKlass java/lang/invoke/MethodHandleNatives 1 1 685 100 1 10 7 12 1 1 1 9 7 12 1 1 1 10 12 1 1 100 1 10 10 12 1 1 10 12 1 10 12 1 8 1 8 1 8 1 8 1 8 1 8 1 8 1 8 1 8 1 8 1 10 12 1 1 7 1 10 7 12 1 1 1 10 7 12 1 1 1 7 1 10 10 12 1 1 8 1 10 12 1 8 1 10 12 1 1 8 1 10 12 1 1 9 7 12 1 1 1 8 1 10 100 12 1 1 1 7 1 10 12 100 1 100 1 8 1 7 1 10 10 12 1 7 1 9 7 12 1 1 10 12 1 1 10 12 1 10 7 12 1 1 1 10 12 1 1 9 12 1 8 1 10 12 1 1 10 12 1 8 1 10 12 1 1 7 1 10 12 1 10 7 12 1 1 1 10 12 1 10 12 1 1 10 12 1 1 8 1 10 12 1 1 8 1 10 12 1 8 1 8 1 8 1 7 1 10 12 1 8 1 10 7 12 1 1 1 10 12 1 1 10 7 12 1 1 10 10 12 1 1 10 12 1 10 100 12 1 1 1 100 1 8 1 10 100 12 1 1 1 7 1 8 1 10 12 1 8 1 8 1 8 1 8 1 8 1 10 12 1 1 10 12 1 1 10 12 1 10 12 1 1 10 12 1 1 7 1 10 12 1 7 1 7 1 10 12 1 10 12 1 8 1 8 1 10 10 12 1 1 10 12 1 1 8 1 10 7 12 1 1 8 1 8 1 10 12 1 1 10 7 12 1 1 1 100 1 10 12 1 1 7 1 9 12 1 1 10 7 12 1 1 1 10 10 12 1 9 12 1 10 12 1 9 12 1 9 12 1 10 12 1 1 10 12 1 10 12 1 1 7 1 7 1 10 12 1 1 10 12 1 10 12 1 1 10 7 12 1 1 1 10 12 1 8 1 10 12 1 10 12 1 10 12 1 1 10 12 1 10 7 12 1 1 1 10 12 1 1 100 1 8 1 10 9 7 12 1 1 1 10 12 1 1 10 12 1 1 7 1 10 12 1 1 10 12 1 1 100 1 100 1 10 10 100 1 100 1 10 100 1 10 10 12 1 1 10 7 1 10 12 1 10 12 1 1 10 12 1 1 10 12 1 1 10 12 1 10 12 1 1 10 8 1 10 12 1 10 12 1 10 12 1 10 12 1 10 12 1 1 10 12 1 10 12 1 10 12 1 10 10 7 12 1 1 10 12 1 1 1 1 1 1 1 1 1 1 1 1 1 7 1 1 1 1 1 1 1 1 1 1 1 1 1 1 1 1 1 1 1 1 1 1 1 1 1 1 1 1 1 1 1 1 1 1 1 1 1 1 1 1 1 1 1 1 1 1 1 1 1 1 1 1 1 1 1 1 1 1 1 1 1 1 1 100 1 1 1 1 1 1 1 1 1 1 1 1 1 1 1 1 1 1 1 1 1 1 1 1 1 1 1 1 1 1 1 1 1 100 1 1 1 1 1 1 1 1 1 1 1 1 1 1 1 1 1 1 1 1 1 1 1 1 1 1 1 1 1 1 1 1 100 1 1
staticfield java/lang/invoke/MethodHandleNatives $assertionsDisabled Z 1
ciInstanceKlass jdk/internal/foreign/abi/NativeEntryPoint 0 0 194 10 7 12 1 1 1 9 7 12 1 1 1 9 12 1 1 100 1 8 1 10 12 1 10 12 1 1 100 1 10 100 12 1 1 1 10 12 1 9 12 1 1 18 12 1 1 10 100 12 1 1 1 10 7 12 1 1 1 9 7 12 1 1 1 7 1 10 8 1 10 12 1 1 10 12 1 10 12 1 1 8 1 10 12 1 1 7 1 8 1 10 12 1 10 12 1 1 10 12 1 9 12 1 1 18 12 1 1 10 100 12 1 1 1 10 12 1 1 10 12 1 10 100 12 1 1 1 10 1 1 1 1 1 1 1 1 1 1 1 1 1 1 1 1 1 1 1 1 1 1 1 1 1 1 1 1 1 1 1 1 1 1 1 1 1 16 1 15 10 12 16 1 16 15 10 12 15 10 100 12 1 1 1 1 1 100 1 1 100 1 100 1 1
ciInstanceKlass jdk/internal/foreign/abi/ABIDescriptor 0 0 55 10 100 12 1 1 1 9 100 12 1 1 1 9 12 1 1 9 12 1 9 12 1 9 12 1 1 9 12 1 9 12 1 1 9 12 1 9 12 1 9 12 1 9 12 1 1 1 1 1 1 1 1 1 1
ciInstanceKlass jdk/internal/foreign/abi/VMStorage 0 0 91 10 7 12 1 1 1 9 7 12 1 1 1 9 12 1 1 9 12 1 1 9 12 1 1 7 1 10 8 1 10 12 1 1 10 12 1 10 12 1 1 10 12 1 18 12 1 18 12 1 1 18 12 1 1 1 1 1 1 1 1 1 1 1 1 1 1 1 1 1 1 1 8 1 15 15 15 15 15 10 100 12 1 1 1 1 100 1 100 1 1
ciInstanceKlass jdk/internal/foreign/abi/UpcallLinker$CallRegs 0 0 66 10 7 12 1 1 1 9 7 12 1 1 1 9 12 1 18 12 1 1 18 12 1 1 18 12 1 1 1 1 1 1 1 1 1 1 1 1 1 1 1 1 1 1 100 1 1 1 8 1 15 15 15 10 100 12 1 1 1 1 1 100 1 100 1 1
ciInstanceKlass java/lang/StackWalker 0 0 271 9 7 12 1 1 1 100 1 10 100 12 1 1 1 10 12 1 1 10 100 12 1 1 1 10 12 1 1 10 12 1 11 100 12 1 1 1 10 12 1 1 10 12 1 1 10 12 1 1 100 1 8 1 10 12 1 10 12 1 10 12 1 10 7 12 1 1 9 12 1 1 9 12 1 1 9 12 1 1 9 12 1 1 10 12 1 1 9 12 1 1 9 12 1 1 9 12 1 1 10 7 12 1 1 1 11 12 1 1 100 1 8 1 10 10 7 12 1 1 9 12 1 1 10 12 1 1 10 100 12 1 1 1 10 100 12 1 1 1 18 12 1 1 100 1 8 1 10 8 1 10 12 1 1 10 100 12 1 1 1 10 12 1 1 9 100 12 1 1 11 100 12 1 1 1 10 12 1 1 1 1 1 1 1 1 1 1 1 1 1 1 1 1 1 1 1 1 1 1 1 1 1 1 1 1 1 1 1 1 1 1 1 1 1 1 1 1 1 1 1 1 1 1 1 1 1 1 1 1 1 1 1 1 1 1 1 1 1 1 1 1 1 1 7 1 1 16 15 10 12 16 1 15 10 100 12 1 1 1 1 1 1 1 1 1 100 1 100 1 1
ciInstanceKlass java/lang/StackWalker$StackFrame 0 0 41 100 1 10 12 1 1 100 1 100 1 1 1 1 1 1 1 1 1 1 1 1 1 1 1 1 1 1 1 1 1 1 1 1 1 1 1 100 1 1 1
instanceKlass java/lang/LiveStackFrameInfo
ciInstanceKlass java/lang/StackFrameInfo 0 0 142 10 7 12 1 1 1 9 7 12 1 1 1 9 7 1 9 12 1 1 11 100 12 1 1 1 9 12 1 1 11 12 1 1 10 12 1 1 10 7 12 1 1 1 10 12 1 11 12 1 11 12 1 1 11 12 1 10 12 1 1 9 12 1 1 10 12 1 1 10 7 12 1 1 10 12 1 1 11 12 1 1 9 12 1 1 10 7 1 10 12 1 9 12 1 1 10 12 1 1 100 1 8 1 10 12 1 10 100 12 1 1 1 7 1 1 1 1 1 1 1 1 1 1 1 1 1 1 1 1 1 1 7 1 1 7 1 1 1 1 1 1
ciInstanceKlass java/lang/LiveStackFrameInfo 0 0 97 10 7 12 1 1 1 9 7 12 1 1 1 9 12 1 9 12 1 9 12 1 9 12 1 1 7 1 10 12 1 1 10 12 1 8 1 10 12 1 1 8 1 8 1 8 1 10 100 1 10 12 1 100 1 10 12 1 7 1 7 1 1 1 3 1 3 1 1 1 1 1 1 1 1 1 1 1 1 1 1 1 1 1 1 1 1 1 1 1 1 1 1 1 100 1 1
ciInstanceKlass java/lang/LiveStackFrame 0 0 135 100 1 10 100 12 1 1 1 11 7 12 1 1 1 11 12 1 10 7 12 1 1 1 100 1 8 1 10 12 1 1 10 7 12 1 1 1 9 100 12 1 1 1 10 7 12 1 1 1 10 7 12 1 1 1 11 12 1 10 12 1 7 1 7 1 1 1 1 1 1 1 1 1 1 1 1 1 1 1 1 1 1 1 1 1 1 1 1 1 1 1 1 100 1 1 1 1 1 1 1 100 1 8 1 1 12 10 1 1 1 8 1 1 1 8 1 1 1 8 1 1 1 8 1 1 8 1 1 1 8 1 1 8 1
ciInstanceKlass java/lang/StackStreamFactory$AbstractStackWalker 1 0 375 100 1 7 1 3 10 7 12 1 1 1 10 7 12 1 1 10 7 12 1 1 1 9 12 1 1 10 12 1 1 9 12 1 1 9 12 1 1 9 12 1 1 9 12 1 10 7 12 1 1 1 10 12 1 1 10 7 12 1 1 9 12 1 1 9 12 1 1 10 12 1 1 9 100 12 1 1 1 10 12 1 1 10 12 1 9 12 1 1 10 100 12 1 1 1 10 12 1 1 9 12 1 1 9 7 12 1 1 1 7 1 10 8 1 10 12 1 1 10 12 1 8 1 10 12 1 1 10 100 12 1 1 1 100 1 8 1 10 12 1 8 1 10 12 10 100 12 1 1 9 12 1 8 1 5 0 8 1 8 1 9 12 1 1 10 12 1 1 18 12 1 1 10 7 12 1 1 1 10 12 1 1 10 12 1 10 12 1 9 12 1 10 12 1 10 12 1 10 12 1 10 12 1 10 12 1 10 12 1 1 8 1 10 12 1 10 12 1 10 12 1 10 12 1 1 8 1 10 12 1 1 10 12 1 1 10 12 1 1 10 12 1 10 12 1 10 100 12 1 1 1 10 12 1 10 12 1 9 12 1 8 1 10 12 1 10 12 1 10 12 1 1 10 12 1 10 12 1 10 12 1 1 10 12 1 10 12 1 10 12 1 10 12 1 10 12 1 10 12 1 1 10 12 1 1 10 12 1 8 1 1 1 1 1 1 1 1 1 1 1 1 1 7 1 1 1 1 1 1 1 7 1 1 1 1 7 1 1 1 1 1 1 1 1 1 1 1 1 1 1 1 1 1 1 1 16 15 15 10 100 12 1 1 1 1 1 1 1 1 100 1 100 1 1
ciInstanceKlass jdk/internal/module/Modules 1 1 504 10 7 12 1 1 1 9 7 12 1 1 1 11 7 12 1 1 1 11 12 1 1 11 12 1 1 11 12 1 1 11 12 1 11 12 1 11 12 1 11 12 1 11 12 1 1 10 7 12 1 1 1 10 100 12 1 1 1 18 12 1 1 10 7 12 1 1 1 7 1 10 7 12 1 1 1 10 100 12 1 1 1 10 100 12 1 1 10 12 1 1 11 12 1 9 12 1 1 11 100 12 1 1 1 10 12 1 1 10 10 12 1 10 9 12 1 1 10 100 12 1 1 10 12 1 1 10 100 12 1 1 100 1 11 100 12 1 1 1 10 100 12 1 1 1 11 100 12 1 1 10 12 1 1 10 100 12 1 1 10 100 12 1 1 1 10 12 1 1 10 12 1 1 11 12 1 1 18 12 1 1 11 100 12 1 1 10 100 12 1 1 1 11 100 12 1 1 1 7 1 11 12 1 1 11 7 12 1 1 1 11 12 1 1 10 12 1 1 10 100 12 1 1 18 12 1 1 11 12 1 1 18 12 1 1 11 12 1 1 10 12 1 18 18 10 12 1 1 9 12 1 1 11 7 12 1 1 1 100 1 10 11 12 1 11 12 1 1 11 12 1 1 10 100 1 10 12 1 1 10 100 12 1 1 10 12 1 1 11 12 10 12 1 1 7 1 10 18 12 1 10 12 1 1 7 1 8 1 10 12 1 10 100 12 1 1 18 12 1 11 11 12 10 12 1 10 10 100 1 18 12 1 10 10 10 7 12 1 1 10 7 12 1 1 1 10 12 1 1 1 1 1 1 1 1 1 1 1 1 1 1 1 1 1 1 1 1 1 1 1 1 1 1 1 1 1 1 1 1 1 100 1 1 1 1 1 1 1 1 1 1 1 1 1 1 1 1 1 1 1 1 1 1 1 1 1 1 1 1 1 1 1 1 1 1 1 7 1 1 1 1 1 1 1 1 1 1 1 1 1 1 1 1 1 1 1 1 1 1 1 16 15 10 12 1 16 16 15 10 12 1 16 1 16 1 15 10 12 1 16 1 16 1 15 10 12 16 1 15 10 16 1 15 10 12 16 1 15 10 12 16 15 10 12 16 15 10 12 15 10 100 12 1 1 1 1 1 1 100 1 100 1 1
staticfield jdk/internal/module/Modules JLA Ljdk/internal/access/JavaLangAccess; java/lang/System$2
staticfield jdk/internal/module/Modules JLMA Ljdk/internal/access/JavaLangModuleAccess; java/lang/module/ModuleDescriptor$1
staticfield jdk/internal/module/Modules $assertionsDisabled Z 1
ciInstanceKlass java/lang/invoke/Invokers$Holder 1 1 128 1 100 1 100 1 1 1 1 1 1 1 7 1 7 1 7 1 1 12 10 1 1 12 10 1 1 12 10 1 1 100 1 1 12 9 1 1 1 12 10 1 1 1 12 10 1 1 12 10 1 1 12 10 1 12 10 1 1 1 12 10 1 1 100 1 1 12 10 1 12 10 1 1 12 10 1 12 10 1 1 12 10 1 1 12 10 1 12 10 1 1 12 10 1 1 12 10 1 1 12 10 1 12 10 12 10 12 10 12 10 12 10 1 1 12 10 1 1 12 10 1 1 12 10 1 1 1
ciMethod java/lang/invoke/Invokers$Holder linkToTargetMethod (Ljava/lang/Object;)Ljava/lang/Object; 1024 0 10627500 0 -1
ciInstanceKlass java/util/ArrayList 1 1 509 10 7 12 1 1 1 7 1 9 7 12 1 1 1 9 12 1 100 1 7 1 10 8 1 10 12 1 1 10 12 1 10 12 1 1 10 12 1 9 12 1 11 7 12 1 1 1 9 12 1 1 11 12 1 1 7 10 7 12 1 1 1 9 12 1 10 12 1 10 12 1 1 10 7 12 1 1 1 10 7 12 1 1 1 10 12 1 1 10 12 1 1 10 12 1 1 10 12 1 10 12 1 1 100 1 7 1 10 12 1 10 10 7 12 1 1 1 10 7 12 1 1 10 12 1 100 1 10 10 12 10 12 1 1 10 12 1 1 10 12 1 10 12 10 12 1 1 7 1 10 12 1 1 10 12 1 1 10 12 1 100 1 10 11 12 1 1 11 7 12 1 1 1 11 12 1 10 12 1 10 12 1 10 12 1 1 100 1 10 12 1 1 10 10 12 1 1 10 12 1 8 1 8 1 8 1 8 1 10 12 1 1 10 12 1 1 11 12 1 7 1 10 100 12 1 1 10 12 1 10 12 1 1 10 100 12 1 1 10 12 1 10 100 12 1 1 1 11 100 12 1 1 1 10 12 1 100 1 8 1 10 7 1 10 12 1 7 1 10 12 1 10 12 1 1 7 1 10 12 1 10 12 1 1 11 7 12 1 1 7 1 10 12 1 10 12 1 1 11 100 12 1 1 10 12 1 1 10 12 1 1 10 12 1 1 10 12 1 1 11 7 12 1 1 10 12 1 1 7 1 7 1 7 1 1 1 1 5 0 1 3 1 1 1 1 1 1 1 1 1 1 1 1 1 1 1 1 1 1 1 1 1 1 1 1 1 1 1 1 1 1 1 1 1 1 1 1 1 1 1 1 1 1 1 1 1 1 1 1 1 1 1 1 1 1 1 1 1 1 1 1 1 1 1 1 1 1 1 1 1 1 1 1 1 1 1 1 1 1 1 1 1 1 1 1 1 1 1 1 1 1 1 1 1 1 1 1 1 1 1 1 1 1 1 1 100 1 1 1 1 7 1 1 1 1 1 1 1 1 1 1 1 1 1 1 1 1 1 1 1 1 1 1 1 1 1 1 1 1 1 100 1 1 1 1 1 1 1 1 1 1 1 1 1 1 1 1 1 1 100 1 100 1 1 1 1 1 1
staticfield java/util/ArrayList EMPTY_ELEMENTDATA [Ljava/lang/Object; 0 [Ljava/lang/Object;
staticfield java/util/ArrayList DEFAULTCAPACITY_EMPTY_ELEMENTDATA [Ljava/lang/Object; 0 [Ljava/lang/Object;
ciInstanceKlass java/util/RandomAccess 1 0 7 100 1 100 1 1 1
ciMethod java/util/ArrayList size ()I 258 0 129 0 0
ciMethod java/util/ArrayList add (Ljava/lang/Object;)Z 532 0 6206662 0 1432
ciMethod java/util/ArrayList toArray ([Ljava/lang/Object;)[Ljava/lang/Object; 512 0 96542 0 1592
ciMethod java/util/ArrayList iterator ()Ljava/util/Iterator; 4118 0 8344381 0 200
ciMethod java/util/ArrayList get (I)Ljava/lang/Object; 520 0 11611021 0 200
ciMethod java/util/ArrayList elementData (I)Ljava/lang/Object; 520 0 12010931 0 136
ciMethod java/util/ArrayList <init> ()V 1024 0 4768420 0 304
ciMethod java/util/ArrayList <init> (I)V 4128 0 43367 0 -1
ciMethod java/util/ArrayList add (Ljava/lang/Object;[Ljava/lang/Object;I)V 544 0 6220914 0 0
ciMethod java/util/ArrayList grow ()[Ljava/lang/Object; 240 0 1599329 0 0
ciMethod java/util/ArrayList grow (I)[Ljava/lang/Object; 240 0 62574 0 1592
ciInstanceKlass java/util/function/Function 1 1 77 10 7 12 1 1 1 18 12 1 1 18 18 12 1 11 7 12 1 7 1 1 1 1 1 1 1 1 1 1 1 1 1 1 1 1 1 1 1 1 1 1 1 1 1 1 1 1 1 1 1 1 1 1 16 15 11 12 15 11 12 15 11 12 15 10 7 12 1 1 1 1 100 1 100 1 1
ciInstanceKlass java/lang/annotation/Annotation 1 0 17 100 1 100 1 1 1 1 1 1 1 1 1 1 1 1 1
ciMethod java/util/Map computeIfAbsent (Ljava/lang/Object;Ljava/util/function/Function;)Ljava/lang/Object; 6226 0 385566 0 -1
ciInstanceKlass java/util/IdentityHashMap 1 1 403 9 7 12 1 1 1 10 7 12 1 1 1 10 12 1 1 100 1 7 1 10 8 1 10 12 1 1 10 12 1 10 12 1 1 10 12 1 10 12 1 1 3 3 10 7 12 1 1 7 1 9 12 1 1 11 7 12 1 1 1 6 0 10 12 10 12 1 1 9 12 1 10 7 12 1 1 1 10 12 1 1 10 12 1 1 10 12 1 1 10 12 1 1 9 12 1 3 3 100 1 8 1 10 11 12 1 1 11 7 12 1 1 1 11 7 12 1 1 1 11 12 1 1 7 1 11 12 1 11 12 1 10 12 1 1 10 12 1 10 10 12 1 1 10 11 12 1 1 10 12 1 10 12 1 9 12 1 10 100 100 1 7 1 10 12 1 9 12 1 7 1 10 12 1 9 12 1 1 7 1 10 7 1 10 10 100 12 1 1 10 12 1 10 12 1 1 10 100 12 1 1 1 10 12 1 100 1 8 1 10 10 100 12 1 1 1 11 100 12 1 1 1 10 12 1 10 12 1 1 10 10 7 12 1 1 11 7 12 1 1 100 1 10 11 100 12 1 1 10 12 1 10 7 1 7 1 1 1 3 1 3 1 1 1 1 1 5 0 1 1 1 1 1 1 1 1 1 1 1 1 1 1 1 1 1 1 1 1 1 1 1 1 1 1 1 1 1 1 1 1 1 1 1 1 1 1 1 1 1 1 1 1 1 1 1 1 1 1 1 1 1 1 1 1 1 1 1 1 7 1 1 1 1 1 1 1 100 1 1 1 1 7 1 1 1 1 1 1 1 1 1 1 1 1 1 1 1 1 1 1 1 1 1 1 1 1 1 1 100 1 100 1 100 1 100 1 100 1 100 1 100 1 100 1 100 1 1 1 1 1 1 100 1 1 1 1 1 1 1 1 1 1
staticfield java/util/IdentityHashMap NULL_KEY Ljava/lang/Object; java/lang/Object
ciMethod java/util/IdentityHashMap remove (Ljava/lang/Object;)Ljava/lang/Object; 526 4 16706 0 -1
ciMethod java/util/IdentityHashMap get (Ljava/lang/Object;)Ljava/lang/Object; 460526 186568 245701 0 440
ciMethod java/util/IdentityHashMap put (Ljava/lang/Object;Ljava/lang/Object;)Ljava/lang/Object; 4512 1726 71098 0 -1
ciMethod java/util/IdentityHashMap hash (Ljava/lang/Object;I)I 516 0 290250 0 168
ciMethod java/util/IdentityHashMap maskNull (Ljava/lang/Object;)Ljava/lang/Object; 4118 0 150775 0 0
ciMethod java/util/IdentityHashMap nextKeyIndex (II)I 524 0 230358 0 96
ciInstanceKlass java/util/function/BiFunction 1 1 65 10 100 12 1 1 1 18 12 1 1 11 7 12 1 1 11 100 12 1 7 1 1 1 1 1 1 1 1 1 1 1 1 1 1 1 1 1 1 1 1 1 1 1 1 1 1 1 16 15 11 12 15 10 100 12 1 1 1 1 100 1 100 1 1
instanceKlass java/util/ArrayList$ListItr
ciInstanceKlass java/util/ArrayList$Itr 1 1 104 9 7 12 1 1 1 10 7 12 1 1 1 9 12 1 1 9 7 12 1 1 9 12 1 9 12 1 9 12 1 10 12 1 100 1 10 9 12 1 1 100 1 10 100 1 10 10 12 1 1 100 1 10 100 12 1 1 1 10 12 1 1 11 100 12 1 1 1 100 1 1 1 1 1 1 1 1 1 1 1 1 1 1 1 1 100 1 1 1 1 1 1 1 1 1 1 1 1 1 1 1 1 1
ciMethod java/util/ArrayList$Itr next ()Ljava/lang/Object; 802 0 11800 0 272
ciMethod java/util/ArrayList$Itr <init> (Ljava/util/ArrayList;)V 388 0 8346405 0 368
ciMethod java/util/ArrayList$Itr checkForComodification ()V 802 0 11813 0 -1
ciInstanceKlass java/util/ListIterator 1 0 27 100 1 100 1 100 1 1 1 1 1 1 1 1 1 1 1 1 1 1 1 1 1 1 1 1 1
ciMethod java/util/ListIterator remove ()V 0 0 1 0 -1
ciMethod java/util/ListIterator add (Ljava/lang/Object;)V 0 0 1 0 -1
ciMethod java/util/ListIterator hasNext ()Z 0 0 1 0 -1
ciMethod java/util/ListIterator next ()Ljava/lang/Object; 0 0 1 0 -1
ciMethod java/util/ListIterator set (Ljava/lang/Object;)V 0 0 1 0 -1
ciMethod java/util/ListIterator hasPrevious ()Z 0 0 1 0 -1
ciMethod java/util/ListIterator previous ()Ljava/lang/Object; 0 0 1 0 -1
ciInstanceKlass java/util/Deque 1 1 101 10 100 12 1 1 1 11 7 12 1 1 1 7 1 7 1 7 1 1 1 1 1 1 1 1 1 1 1 1 1 1 1 1 1 1 1 1 1 1 1 1 1 1 1 1 1 1 1 1 1 1 1 1 1 1 1 1 1 1 1 1 1 1 1 1 1 1 1 1 1 100 1 8 1 1 12 10 1 1 1 8 1 1 1 8 1 1 1 8 1 1 8 1 1 1 8 1 1 8 1
ciInstanceKlass java/util/Queue 1 0 70 7 1 7 1 7 1 1 1 1 1 1 1 1 1 1 1 1 1 1 1 1 100 1 8 1 1 12 10 1 1 1 8 1 1 1 8 1 1 1 8 1 1 1 8 1 1 1 8 1 1 8 1 1 1 8 1 1 8 1 1 1 8 1 1 8 1 1 8 1
ciMethod java/util/Collections addAll (Ljava/util/Collection;[Ljava/lang/Object;)Z 4116 4022 3590 0 -1
ciMethod jdk/internal/util/Preconditions checkIndex (IILjava/util/function/BiFunction;)I 858 0 5002 0 -1
ciMethod java/lang/Integer valueOf (I)Ljava/lang/Integer; 30 0 5499991 0 -1
ciMethod java/util/Arrays copyOf ([Ljava/lang/Object;I)[Ljava/lang/Object; 50 0 869972 0 680
ciMethod java/util/Arrays copyOf ([Ljava/lang/Object;ILjava/lang/Class;)[Ljava/lang/Object; 4108 0 109585 0 -1
ciMethod java/util/Arrays hashCode ([Ljava/lang/Object;)I 512 692 77009 0 -1
ciMethod jdk/internal/util/ArraysSupport hugeLength (II)I 0 0 1 0 -1
ciMethod jdk/internal/util/ArraysSupport newLength (III)I 732 0 77076 0 128
ciMethod java/lang/Math max (II)I 588 0 1487015 0 -1
ciMethod java/util/Iterator next ()Ljava/lang/Object; 0 0 1 0 -1
ciMethod java/util/Iterator hasNext ()Z 0 0 1 0 -1
ciMethod java/lang/Class getComponentType ()Ljava/lang/Class; 212 0 152501 0 112
ciMethod java/lang/Object getClass ()Ljava/lang/Class; 256 0 128 0 -1
ciMethod java/lang/Object <init> ()V 1024 0 70242426 0 80
instanceKlass com/android/tools/r8/graph/s0
instanceKlass com/android/tools/r8/graph/f1
instanceKlass com/android/tools/r8/graph/J0$b$a
instanceKlass com/android/tools/r8/graph/J0$b
instanceKlass com/android/tools/r8/graph/J0$a
instanceKlass com/android/tools/r8/graph/t0
instanceKlass com/android/tools/r8/graph/e1
instanceKlass com/android/tools/r8/graph/C5
instanceKlass com/android/tools/r8/graph/R2
instanceKlass com/android/tools/r8/graph/r0
instanceKlass com/android/tools/r8/graph/O2
instanceKlass com/android/tools/r8/graph/O0
instanceKlass com/android/tools/r8/graph/E
instanceKlass com/android/tools/r8/graph/b1
ciInstanceKlass com/android/tools/r8/graph/n1 1 1 68 1 8 1 1 7 1 7 1 1 12 10 1 1 1 16 1 12 10 15 1 16 1 7 1 1 12 10 15 1 1 12 18 1 7 1 100 12 11 1 1 12 10 15 18 1 100 1 1 12 11 1 12 10 1 1 1 12 10 1 1 1 1 1 1 1 1 1
instanceKlass com/android/tools/r8/graph/h1
instanceKlass com/android/tools/r8/graph/E0
ciInstanceKlass com/android/tools/r8/graph/b1 1 1 185 1 8 1 1 7 1 7 1 1 1 1 1 1 1 1 12 10 1 100 1 12 10 1 100 1 1 12 11 1 100 1 1 1 1 12 10 1 100 1 12 10 1 12 9 1 1 1 1 1 1 1 12 10 1 1 1 16 12 10 15 1 16 1 100 1 1 12 10 15 1 12 18 1 12 10 1 1 1 1 1 1 1 1 1 1 100 1 1 1 1 1 1 1 1 1 12 10 12 10 1 7 1 1 12 9 12 10 1 100 1 12 10 1 1 12 10 12 9 1 100 1 8 1 12 10 1 1 16 12 10 15 1 16 1 1 12 18 1 12 10 15 1 16 1 12 18 1 100 1 1 12 11 1 1 12 11 12 10 15 18 12 10 15 18 12 10 1 100 12 11 12 10 1 1 7 1 12 10 1 1 1 1 1 1
staticfield com/android/tools/r8/graph/b1 c Z 1
ciInstanceKlass com/android/tools/r8/internal/qv 1 1 37 1 8 1 1 7 1 1 7 1 1 1 1 7 1 12 9 1 100 1 1 12 10 1 1 12 10 1 1 12 11 1 1 1 1 1 1
ciInstanceKlass com/android/tools/r8/internal/r50 1 1 57 1 8 1 1 7 1 1 100 1 100 1 100 1 1 1 1 1 12 11 1 1 1 1 7 1 1 12 9 1 1 1 1 1 100 1 12 10 12 11 1 1 1 12 11 12 11 1 1 12 11 1 1 1 1 1 1
ciInstanceKlass com/android/tools/r8/internal/Gr0 1 1 117 1 8 1 1 7 1 1 7 1 100 1 1 1 1 1 1 1 1 1 12 11 1 16 1 12 11 15 1 16 1 7 1 1 12 10 15 1 12 18 1 7 1 12 10 1 1 1 7 1 7 1 1 12 10 12 11 1 12 11 1 7 1 12 10 1 1 16 1 12 11 15 1 16 1 12 18 1 7 1 12 10 1 1 7 1 12 10 1 7 12 11 1 1 12 10 1 7 1 12 10 1 7 1 12 11 1 1 12 11 1 1 1 1 1 1 1
ciInstanceKlass com/android/tools/r8/graph/q5 1 1 63 1 8 1 1 7 1 100 1 7 1 1 1 1 12 11 1 16 1 12 11 15 1 16 1 7 1 1 12 10 15 1 12 18 1 7 1 7 1 1 12 10 12 11 1 1 1 1 1 1 100 1 8 1 1 12 10 1 1 1 8 1 1
ciInstanceKlass com/android/tools/r8/internal/GT 1 0 18 1 8 1 1 100 1 100 1 100 1 1 1 1 1 1 1 1
instanceKlass com/android/tools/r8/graph/W0
instanceKlass com/android/tools/r8/graph/i0
instanceKlass com/android/tools/r8/graph/u0
instanceKlass com/android/tools/r8/graph/g4
ciInstanceKlass com/android/tools/r8/graph/E 1 1 67 1 8 1 1 7 1 7 1 1 1 1 1 1 12 10 12 9 1 1 7 1 1 12 10 12 9 1 1 1 1 12 10 1 1 12 10 1 1 1 12 10 1 1 1 100 1 8 1 100 1 1 12 10 15 1 12 18 1 12 10 1 1 1 1 1 1
staticfield com/android/tools/r8/graph/E c Z 1
ciInstanceKlass com/android/tools/r8/internal/Lw0 0 0 21 1 8 1 1 100 1 100 1 1 12 10 1 12 10 1 12 10 1 1 1
ciInstanceKlass com/android/tools/r8/graph/M2 1 1 448 1 8 1 1 7 1 1 7 1 100 1 1 1 1 1 1 1 1 1 1 1 1 12 9 1 1 12 10 1 100 1 1 12 10 1 1 12 10 1 7 1 1 12 10 1 8 1 7 1 12 10 1 1 12 10 1 1 1 1 1 1 1 100 1 1 12 10 1 1 1 1 12 10 1 1 1 1 100 1 12 10 1 100 1 12 10 1 1 7 1 1 12 10 1 1 12 10 1 7 1 12 11 1 12 10 1 1 1 100 10 1 1 7 1 12 10 1 1 7 1 12 10 1 1 12 9 1 1 1 12 10 1 12 10 1 1 7 1 12 10 1 1 1 12 10 1 1 100 1 12 11 1 100 1 12 10 12 10 1 100 11 1 7 1 12 10 12 10 1 12 10 1 1 100 1 12 10 1 12 10 1 1 12 9 1 100 1 12 10 1 12 10 1 100 1 12 10 1 7 1 12 10 1 1 12 10 1 1 12 10 1 1 100 1 1 12 11 1 1 7 1 1 12 11 1 1 12 10 12 9 1 7 1 1 12 9 1 7 1 12 10 1 7 1 12 10 1 1 1 7 11 1 1 12 10 1 7 1 12 10 1 12 11 1 1 100 1 12 9 1 12 10 1 1 12 9 1 12 10 1 1 1 1 1 1 1 1 1 1 12 9 1 1 12 10 12 10 12 10 1 12 10 12 10 1 12 10 1 8 1 100 1 1 12 10 15 1 12 18 1 12 10 1 1 12 10 1 1 12 9 1 7 1 1 12 10 1 12 10 1 12 10 1 1 1 1 8 1 12 10 1 8 1 12 18 1 12 10 1 8 18 1 1 12 10 1 1 12 10 1 1 1 12 10 1 12 10 1 12 10 1 1 1 1 1 10 1 8 1 1 12 10 1 8 12 18 12 10 1 1 7 1 12 10 12 9 1 8 1 8 1 8 1 8 1 8 1 8 1 8 1 8 1 8 1 7 1 12 10 1 7 1 12 10 12 9 1 1 12 10 1 1 1 1 1 1 1
staticfield com/android/tools/r8/graph/M2 h [Lcom/android/tools/r8/graph/M2; 0 [Lcom/android/tools/r8/graph/M2;
staticfield com/android/tools/r8/graph/M2 i Lcom/android/tools/r8/internal/uC; com/android/tools/r8/internal/Rf0
staticfield com/android/tools/r8/graph/M2 j Z 1
ciInstanceKlass com/android/tools/r8/graph/u1 1 1 3039 1 8 1 1 7 1 7 1 100 1 7 1 7 1 7 1 7 1 7 1 7 1 7 1 7 1 7 1 7 1 7 1 7 1 7 1 7 1 7 1 7 1 7 1 7 1 7 1 7 1 7 1 7 1 7 1 7 1 7 1 7 1 7 1 7 1 7 1 7 1 7 1 7 1 7 1 7 1 7 1 7 1 7 1 7 1 7 1 7 1 7 1 7 1 7 1 7 1 7 1 7 1 7 1 7 1 7 1 7 1 7 1 7 1 7 1 7 1 7 1 7 1 7 1 7 1 7 1 100 1 7 1 100 1 1 1 1 1 1 7 1 100 1 7 1 100 1 1 1 1 1 1 1 1 1 1 1 1 1 1 1 1 1 1 1 1 1 1 1 1 1 1 1 1 1 1 1 1 1 1 1 1 1 1 1 1 1 1 1 1 1 1 1 1 1 1 1 1 1 1 1 1 1 1 1 1 1 1 1 1 1 1 1 1 1 1 1 1 1 1 1 1 1 1 1 1 1 1 1 1 1 1 1 1 1 1 1 1 1 1 1 1 1 1 1 1 1 1 1 1 1 1 1 1 1 1 1 1 1 1 1 1 1 1 1 1 1 1 1 1 1 1 1 1 1 1 1 1 1 1 1 1 1 1 1 1 1 1 1 1 1 1 1 1 1 1 1 1 1 1 1 1 1 1 1 1 1 1 1 1 1 1 1 1 1 1 1 1 1 1 1 1 1 1 1 1 1 1 1 1 1 1 1 1 1 1 1 1 1 1 1 1 1 1 1 1 1 1 1 1 1 1 1 1 1 1 1 1 1 1 1 1 1 1 1 1 1 1 1 1 1 1 1 1 1 1 1 1 1 1 1 1 1 1 1 1 1 1 1 1 1 1 1 1 1 1 1 1 1 1 1 1 1 1 1 1 1 1 1 1 1 1 1 1 1 1 1 1 1 1 1 1 1 1 1 1 1 1 1 1 1 1 1 1 1 1 1 1 1 1 1 1 1 1 1 1 1 1 1 1 1 1 1 1 1 1 1 1 1 1 1 1 1 1 1 1 1 1 1 1 1 1 1 1 1 1 1 1 1 1 1 1 1 1 1 1 1 1 1 1 1 1 1 1 1 1 1 1 1 1 1 1 1 1 1 1 1 1 1 1 1 1 1 1 1 1 1 1 1 1 1 1 1 1 1 1 1 1 1 1 1 1 1 1 1 1 1 1 1 1 1 1 1 1 1 1 1 1 1 1 1 1 1 1 1 1 1 1 1 1 1 1 1 1 1 1 1 1 1 1 1 1 1 1 1 1 1 1 1 1 1 1 1 1 1 1 1 1 1 1 1 1 1 1 1 1 1 1 1 1 1 1 1 1 1 1 1 1 1 1 1 1 1 1 1 1 1 1 1 1 1 1 16 1 12 10 15 1 16 1 7 1 1 12 10 15 1 1 12 18 1 12 10 1 7 1 1 100 12 11 1 100 1 1 12 10 1 1 12 10 12 9 1 7 1 12 11 1 100 1 1 12 10 1 7 1 100 1 100 1 1 12 11 1 12 10 1 1 12 11 1 7 1 12 11 1 12 11 1 100 1 100 1 12 9 1 12 10 1 1 12 10 10 1 12 10 1 12 9 11 1 7 12 9 1 7 1 1 12 11 1 12 9 12 9 1 12 9 1 7 10 1 12 9 1 100 1 1 12 10 12 9 1 12 10 11 1 12 11 1 1 7 12 9 1 7 12 10 1 12 10 12 10 12 10 12 10 12 10 1 1 12 10 12 10 12 9 1 7 1 12 10 1 1 12 10 1 1 12 10 12 10 1 12 10 1 12 10 12 9 1 1 7 12 10 1 7 1 12 10 1 12 10 1 100 12 10 1 7 12 9 1 12 10 1 100 1 12 9 1 100 1 12 10 1 12 10 1 100 12 10 12 9 1 12 10 1 100 1 12 10 1 12 10 1 12 10 1 7 1 7 1 12 10 1 1 100 1 12 11 1 1 7 12 9 12 9 1 12 10 1 1 12 10 1 1 12 10 1 1 12 10 1 100 1 12 11 1 1 12 10 1 1 7 1 12 11 1 12 11 12 9 12 9 1 12 10 1 12 9 1 7 1 12 11 12 9 11 1 100 1 8 1 7 1 1 12 10 15 1 12 18 1 12 10 1 1 1 7 1 12 10 1 7 10 1 10 1 1 12 10 1 12 9 1 8 18 12 9 12 9 12 9 12 9 12 9 12 9 12 9 12 9 12 9 1 1 1 12 10 1 7 1 12 10 1 1 12 11 12 10 15 16 1 12 18 1 7 1 1 12 11 1 7 1 1 12 10 1 1 12 11 1 12 9 1 1 12 9 1 12 10 1 12 10 10 1 1 1 7 1 100 10 1 1 12 10 1 12 10 12 10 1 1 12 10 1 8 1 12 10 10 12 9 12 9 1 12 9 12 9 16 12 10 15 1 16 1 12 18 1 100 10 12 10 15 1 16 1 12 18 1 100 1 12 10 12 10 1 1 1 7 10 12 9 1 12 10 11 1 100 1 12 10 10 1 12 10 1 1 100 10 12 10 1 1 1 1 8 1 1 12 10 12 10 1 8 1 12 18 1 1 1 7 1 12 10 12 9 1 1 1 1 100 1 1 12 10 1 1 12 10 1 12 10 12 10 1 1 1 1 12 10 12 9 1 1 1 12 10 1 12 10 12 10 1 1 12 9 1 1 12 11 7 1 1 1 12 10 12 9 1 1 1 1 1 100 1 1 12 10 1 16 12 10 15 1 16 1 12 18 1 100 1 12 10 10 1 12 10 1 12 10 12 9 1 100 1 1 1 1 7 1 12 10 12 9 1 1 1 1 12 9 1 7 1 1 12 10 1 7 10 15 1 16 1 12 18 1 1 12 11 1 7 1 100 1 12 9 10 15 1 16 18 1 12 9 10 15 1 16 18 1 12 9 1 7 10 15 1 16 18 1 12 9 1 7 10 15 1 16 18 1 12 9 10 15 16 18 1 7 10 1 12 9 1 7 1 12 10 1 12 10 15 16 18 1 12 9 1 12 10 12 9 12 9 1 100 10 1 1 7 1 12 10 1 12 10 1 12 10 12 9 12 9 10 1 12 10 1 7 12 9 1 12 10 1 12 10 12 10 12 10 15 1 16 1 12 18 10 1 1 7 12 9 1 7 10 12 9 12 9 1 8 18 1 12 10 12 9 12 10 1 12 10 15 1 12 18 1 1 12 10 15 1 12 18 1 100 1 1 7 12 10 15 18 1 1 100 10 1 100 1 12 10 10 1 100 1 12 10 1 100 1 12 10 1 100 1 12 10 10 10 10 1 7 12 10 10 1 12 10 1 7 10 12 9 1 7 10 12 9 10 12 9 12 10 12 9 12 9 1 7 10 8 12 9 8 12 9 8 12 9 8 12 9 8 12 9 8 12 9 8 12 9 8 12 9 8 1 8 12 9 1 8 12 9 1 8 12 9 1 8 12 9 1 8 12 9 1 8 12 9 1 8 12 9 1 8 8 1 8 1 8 1 8 1 8 1 8 1 8 1 8 1 8 1 8 1 8 1 8 1 8 1 8 1 8 1 8 12 9 1 8 1 8 12 9 1 8 12 9 1 8 12 9 8 12 9 1 8 1 8 1 8 1 8 1 8 1 8 1 8 1 8 8 12 9 1 8 12 9 1 8 12 9 1 8 12 9 1 8 12 9 1 8 12 9 8 12 9 1 8 12 9 1 8 12 9 1 8 12 9 1 8 12 9 1 8 12 9 1 8 12 9 1 8 12 9 1 8 12 9 1 8 12 9 1 8 12 9 1 8 12 9 1 8 12 9 8 1 8 12 9 8 12 9 1 8 12 9 1 8 12 9 1 8 12 9 8 12 9 8 12 9 8 12 9 8 12 9 1 8 12 9 1 8 12 9 8 12 9 1 8 12 9 1 8 12 9 1 8 12 9 1 8 12 9 1 8 12 9 1 8 12 9 1 8 12 9 1 8 12 9 1 8 12 9 1 8 12 9 1 8 12 9 1 8 12 9 1 8 12 9 1 8 12 9 1 8 12 9 1 8 12 9 1 8 1 8 12 9 1 8 1 8 12 9 1 8 8 12 9 1 8 1 8 12 9 1 8 1 8 1 8 1 8 12 9 1 8 12 9 1 8 12 9 1 8 1 8 12 9 1 8 1 8 1 8 12 9 1 8 12 9 1 8 12 9 1 8 12 9 1 8 1 8 1 8 1 8 1 8 1 8 1 8 1 8 1 8 1 8 1 8 1 8 1 8 1 8 1 8 1 8 1 8 1 8 1 8 1 8 1 8 1 8 1 8 1 8 1 8 1 8 1 8 1 8 1 8 1 8 12 9 8 12 9 8 8 1 8 1 8 1 8 1 8 8 1 8 1 8 1 8 1 8 1 8 1 8 1 8 1 8 1 8 12 9 1 8 8 1 8 1 8 12 9 1 8 1 8 1 8 1 8 1 8 1 8 1 8 1 8 12 9 1 8 1 8 1 8 1 8 12 9 1 8 12 9 1 8 12 9 12 9 12 9 12 9 1 8 12 9 8 1 8 8 12 9 1 8 1 8 12 9 1 8 1 8 12 9 1 8 12 9 1 8 12 9 1 8 12 9 1 8 12 9 1 8 12 9 1 8 12 9 1 8 12 9 1 8 12 9 8 12 9 1 8 12 9 1 8 12 9 1 8 12 9 1 8 12 9 1 8 12 9 1 8 12 9 1 8 12 9 1 8 12 9 12 9 12 10 12 9 12 9 12 9 12 9 12 9 12 9 12 9 12 9 12 9 12 9 12 9 12 9 12 9 12 9 12 9 12 9 12 9 12 9 12 9 12 9 12 9 12 9 12 9 12 9 12 9 12 9 12 9 12 9 12 9 12 9 12 9 12 9 12 9 12 9 12 9 12 9 12 9 12 9 12 9 12 9 12 9 12 9 1 7 1 7 12 10 1 7 1 12 10 12 9 12 9 12 9 12 9 12 9 12 9 12 9 12 9 12 9 12 9 12 9 12 9 1 8 12 10 12 9 1 8 12 9 12 9 1 8 12 9 12 9 12 9 12 9 12 9 12 9 12 9 12 9 12 9 12 9 12 9 1 8 12 9 1 8 12 9 12 9 12 9 12 9 12 9 12 9 12 9 12 9 12 9 12 9 12 9 12 9 12 9 12 9 12 9 12 9 1 12 10 12 9 12 10 12 9 1 8 12 9 1 8 12 9 1 8 12 9 1 8 12 9 12 9 12 9 12 9 12 9 12 9 12 9 12 9 12 9 12 9 12 9 1 8 12 9 12 9 12 9 12 9 1 8 12 10 12 9 1 8 12 9 1 8 12 9 1 8 12 9 12 9 1 8 12 9 12 9 12 9 1 8 12 9 1 8 12 9 12 9 12 9 12 9 1 8 12 9 1 8 12 9 1 8 12 9 1 8 12 9 12 9 1 8 12 9 1 8 12 9 1 8 1 8 12 9 1 8 12 9 1 8 12 9 1 8 12 9 1 8 12 9 1 8 1 8 12 9 1 8 12 9 1 8 12 9 1 8 12 9 1 8 12 9 1 8 12 9 1 8 12 9 1 8 12 9 1 8 12 9 1 8 12 9 1 8 12 9 1 8 12 9 1 8 12 9 12 9 12 9 1 12 10 12 9 12 9 1 12 10 10 10 10 10 10 10 10 12 9 10 12 9 10 12 9 10 12 9 10 10 12 9 10 12 9 10 10 12 9 10 12 9 10 12 9 10 12 9 10 12 9 10 12 9 8 12 10 10 12 9 10 12 9 10 12 9 10 12 9 1 8 10 12 9 10 12 9 10 12 9 10 12 9 10 12 9 10 12 9 10 10 12 9 10 10 10 10 12 9 10 12 9 10 12 9 10 12 9 10 12 9 10 12 9 10 10 10 10 12 9 10 12 9 10 10 12 9 10 12 9 10 12 9 10 12 9 10 1 12 10 12 9 1 8 12 9 12 9 1 8 12 9 1 8 12 9 12 9 1 8 12 9 1 8 12 9 1 8 12 9 1 8 12 9 1 8 12 9 1 8 12 9 1 8 12 9 1 8 12 9 1 8 12 9 1 8 12 9 1 8 12 9 1 8 12 9 1 8 12 9 1 8 12 9 1 8 12 9 1 8 12 9 1 8 12 9 1 8 12 9 1 8 12 9 1 8 12 9 1 8 12 9 1 8 1 8 12 9 10 12 9 1 8 1 8 12 9 12 9 1 8 12 9 1 8 12 9 12 9 12 9 1 8 12 9 1 8 12 9 1 8 12 9 1 8 12 9 1 8 12 9 1 8 12 9 1 8 12 9 1 8 12 9 1 8 12 9 1 8 12 9 1 8 12 9 1 8 12 9 1 8 12 9 1 8 12 9 10 12 9 10 12 9 10 12 9 10 12 9 1 7 10 12 9 1 7 1 12 10 1 7 1 12 10 12 9 1 7 10 1 12 10 1 12 10 1 12 10 1 12 10 8 12 9 1 8 12 9 12 9 12 9 12 9 12 9 1 12 10 1 7 11 12 10 12 9 1 12 10 12 9 1 12 10 12 9 9 9 12 9 12 9 12 9 12 9 12 9 1 100 12 10 12 9 12 9 10 12 9 1 12 10 12 9 1 7 10 12 9 1 1 100 12 10 1 12 10 12 9 1 100 1 12 10 12 10 1 8 1 8 12 9 1 12 10 1 8 1 8 1 12 10 1 8 1 8 1 8 1 8 1 8 1 8 1 8 1 8 1 8 1 8 1 8 1 8 1 8 1 8 1 8 1 8 1 8 1 100 1 12 10 1 7 12 10 15 16 1 12 18 1 1 1 1 1 1 1 1 1
staticfield com/android/tools/r8/graph/u1 J6 Lcom/android/tools/r8/graph/M2; com/android/tools/r8/graph/M2
staticfield com/android/tools/r8/graph/u1 K6 Lcom/android/tools/r8/graph/L2; com/android/tools/r8/graph/L2
staticfield com/android/tools/r8/graph/u1 L6 Ljava/util/IdentityHashMap; java/util/IdentityHashMap
staticfield com/android/tools/r8/graph/u1 M6 Lcom/android/tools/r8/internal/uC; com/android/tools/r8/internal/Rf0
staticfield com/android/tools/r8/graph/u1 N6 Lcom/android/tools/r8/internal/uC; com/android/tools/r8/internal/Rf0
staticfield com/android/tools/r8/graph/u1 O6 Lcom/android/tools/r8/internal/uC; com/android/tools/r8/internal/Rf0
staticfield com/android/tools/r8/graph/u1 P6 Z 1
ciInstanceKlass com/android/tools/r8/graph/L2 1 1 337 1 8 1 1 7 1 1 7 1 100 1 100 1 100 1 1 1 1 1 1 1 1 1 1 12 9 100 1 1 1 12 10 1 7 1 1 12 10 1 1 1 12 10 1 12 10 1 1 12 10 1 1 12 10 1 1 12 9 1 1 1 12 10 1 1 12 10 12 10 1 12 10 1 1 12 10 1 100 12 9 1 100 1 12 10 1 1 1 1 1 1 12 10 12 10 1 12 10 12 10 1 1 1 100 10 1 1 1 12 10 1 1 12 10 1 12 10 1 1 7 1 12 9 1 7 1 12 11 1 1 7 1 12 10 1 1 7 1 12 10 1 1 1 1 12 10 1 12 10 1 100 1 8 1 12 10 1 1 100 1 12 10 1 1 12 10 1 12 10 1 1 12 10 1 1 100 1 12 9 1 12 10 1 1 7 1 1 12 9 1 7 1 12 11 1 12 10 1 1 100 10 1 1 12 10 1 8 1 8 1 100 1 1 12 10 1 8 10 12 10 1 1 12 10 1 1 12 10 1 1 8 12 10 1 7 1 100 12 10 12 9 1 100 1 1 12 10 1 7 1 1 12 10 1 12 10 1 1 1 12 10 1 1 12 10 1 1 1 1 1 1 10 1 1 1 100 1 8 1 100 1 1 12 10 15 12 18 12 10 1 8 1 12 18 1 8 1 12 18 1 12 10 1 12 10 1 7 1 12 10 1 7 1 12 10 1 1 7 1 12 10 12 9 12 10 1 12 10 1 1 1 1 1 1 1 1
staticfield com/android/tools/r8/graph/L2 g [Lcom/android/tools/r8/graph/L2; 0 [Lcom/android/tools/r8/graph/L2;
staticfield com/android/tools/r8/graph/L2 h Z 1
ciInstanceKlass com/android/tools/r8/internal/Ky 1 0 15 1 8 1 1 100 1 100 1 1 1 1 1 1 1
ciInstanceKlass com/android/tools/r8/internal/UG 1 0 17 1 8 1 1 100 1 100 1 100 1 1 1 1 1 1 1
ciInstanceKlass com/android/tools/r8/internal/fH 1 0 85 1 8 1 1 100 1 100 1 100 1 100 1 1 1 1 1 1 1 1 1 1 1 100 1 8 1 1 12 10 1 1 1 8 1 1 8 1 1 1 8 1 1 8 1 1 1 8 1 1 1 8 1 1 1 8 1 1 8 1 8 1 1 1 8 1 1 1 8 1 1 1 8 1 1 1 8 1 1 1 8 1 1 8 1
instanceKlass com/android/tools/r8/internal/V
instanceKlass com/android/tools/r8/internal/qH
instanceKlass com/android/tools/r8/internal/TG
ciInstanceKlass com/android/tools/r8/internal/T 1 1 165 1 8 1 1 7 1 7 1 7 1 1 12 10 1 1 1 1 1 7 1 1 12 11 1 1 12 11 1 7 1 1 12 11 1 7 1 1 12 11 1 7 12 11 1 7 1 12 11 1 12 10 1 12 11 1 100 1 12 10 1 1 1 12 11 1 1 7 11 12 10 1 100 1 12 11 1 100 12 11 1 1 1 1 12 11 1 1 1 100 1 8 1 12 10 1 8 1 1 12 10 1 100 1 1 12 10 1 8 1 8 1 12 10 1 8 12 10 1 1 1 12 10 1 1 1 1 1 1 100 1 8 1 1 12 10 1 1 1 8 1 1 1 8 1 1 1 8 1 1 1 8 1 1 1 8 1 1 1 8 1 1 8 1 1
ciInstanceKlass com/android/tools/r8/internal/qH 1 1 178 1 8 1 1 7 1 7 1 100 1 1 1 1 1 1 1 1 1 1 1 1 1 1 1 1 1 1 1 1 1 12 9 6 0 1 7 1 1 12 11 1 7 1 1 12 10 12 9 1 12 10 12 9 1 7 1 1 12 10 1 12 10 5 0 1 1 12 10 5 0 1 12 10 12 10 1 12 9 12 9 1 12 10 12 9 1 7 100 12 9 12 9 1 1 12 10 1 1 1 1 100 1 1 1 7 1 1 12 10 1 12 10 1 1 1 1 12 9 1 7 1 1 12 10 1 1 12 9 1 7 10 12 10 1 1 100 1 1 12 10 1 12 9 1 7 10 1 12 10 1 1 12 10 10 10 1 100 1 100 12 10 1 12 10 4 10 1 100 1 8 1 12 10 1 1 1 1
ciInstanceKlass com/android/tools/r8/internal/wA 1 1 69 1 8 1 1 7 1 100 1 1 3 1 5 0 1 1 1 7 1 1 12 10 1 1 12 10 12 10 5 0 1 1 12 10 5 0 1 100 1 100 1 8 1 1 12 10 1 1 12 10 1 8 1 12 10 1 12 10 1 8 1 1 12 10 10 1 1 1 1
instanceKlass com/android/tools/r8/graph/S0
instanceKlass com/android/tools/r8/graph/Q0
instanceKlass com/android/tools/r8/graph/P0
instanceKlass com/android/tools/r8/graph/O0$d
instanceKlass com/android/tools/r8/graph/O0$a
instanceKlass com/android/tools/r8/graph/N0
instanceKlass com/android/tools/r8/graph/O0$b
instanceKlass com/android/tools/r8/graph/T0
instanceKlass com/android/tools/r8/graph/R0
ciInstanceKlass com/android/tools/r8/graph/O0 1 1 110 1 8 1 1 7 1 1 7 1 7 1 100 1 100 1 100 1 100 1 100 1 100 1 7 1 100 1 100 1 100 1 1 1 1 1 1 1 1 12 10 1 1 7 1 1 12 10 12 9 12 9 1 1 1 1 1 12 11 1 1 1 1 1 1 1 100 10 12 10 1 7 1 12 10 12 10 1 100 1 12 9 1 100 1 12 11 12 10 1 1 1 1 1 1 1 1 1 1 12 10 1 1 1 1 1 1 1 1 1
staticfield com/android/tools/r8/graph/O0 b [Lcom/android/tools/r8/graph/O0; 0 [Lcom/android/tools/r8/graph/O0;
staticfield com/android/tools/r8/graph/O0 c Z 1
ciInstanceKlass com/android/tools/r8/graph/O0$b 1 1 106 1 8 1 1 7 1 7 1 1 1 1 1 1 1 1 12 10 12 9 1 100 10 12 9 1 1 1 1 1 7 1 1 12 10 1 1 1 1 1 1 100 12 10 1 1 7 1 12 11 1 1 1 1 1 1 100 1 1 12 10 12 10 12 10 1 100 1 8 1 100 1 1 12 10 1 1 1 1 7 1 12 10 1 1 1 100 1 12 9 1 100 12 11 1 12 10 1 1 1 1 1 1 1 1 1
staticfield com/android/tools/r8/graph/O0$b e Z 1
instanceKlass com/android/tools/r8/graph/g1
instanceKlass com/android/tools/r8/graph/j1
ciInstanceKlass com/android/tools/r8/graph/h1 1 1 131 1 8 1 1 7 1 1 7 1 100 1 100 1 1 1 1 1 1 1 1 1 12 10 12 9 12 9 12 9 1 1 1 7 1 1 12 11 1 1 1 1 1 1 1 1 1 1 1 1 12 10 1 7 1 12 10 1 1 1 1 1 1 12 10 1 1 1 1 1 1 1 1 1 12 10 1 7 1 12 10 1 1 12 10 1 1 1 16 12 10 15 1 16 1 7 1 1 12 10 15 1 1 12 18 12 10 15 1 16 18 12 10 1 1 1 1 1 1 1 1 12 10 1 1 1 1 1 1 1 1
ciInstanceKlass com/android/tools/r8/graph/O2 1 1 169 1 8 1 1 7 1 1 7 1 100 1 100 1 1 1 1 1 1 1 1 12 9 1 1 1 1 1 1 16 1 12 10 15 1 7 1 1 12 10 15 12 18 1 1 7 1 12 10 1 1 1 1 1 100 1 7 1 1 12 11 1 1 1 1 1 1 7 1 12 10 1 1 100 1 12 10 1 1 1 12 10 1 1 1 1 1 1 1 100 1 1 12 11 1 1 1 100 1 1 12 10 1 1 12 10 1 12 10 12 10 1 1 1 1 7 1 12 10 1 1 1 16 1 12 10 15 16 1 1 12 18 1 7 1 1 12 10 1 1 12 9 10 1 7 1 12 9 1 12 9 1 100 10 1 1 7 1 12 10 10 1 1 1 1 1 1 1 1
staticfield com/android/tools/r8/graph/O2 c Lcom/android/tools/r8/graph/O2; com/android/tools/r8/graph/O2
staticfield com/android/tools/r8/graph/O2 d Z 1
ciInstanceKlass com/android/tools/r8/graph/j1 1 1 1318 1 8 1 1 7 1 1 7 1 100 1 7 1 7 1 7 1 1 7 1 100 1 1 7 1 100 1 1 100 1 100 1 1 100 1 1 100 1 100 1 100 1 100 1 100 1 100 1 7 1 1 100 1 100 1 100 1 1 1 1 1 1 1 1 1 1 1 1 1 1 1 1 1 1 1 1 1 1 1 1 1 1 1 1 1 1 1 1 1 1 12 9 12 9 1 100 1 12 10 1 12 10 1 7 1 12 10 1 1 12 10 1 7 1 12 10 1 100 1 1 12 9 1 7 1 1 12 10 1 8 1 100 1 1 12 10 15 1 12 18 1 100 1 12 10 1 8 1 12 9 1 12 9 1 12 10 1 8 1 12 10 1 12 9 1 8 1 12 9 1 1 12 9 1 100 1 12 10 1 100 1 12 10 1 12 10 1 7 1 1 12 10 1 12 10 1 100 10 1 1 12 10 1 1 12 10 1 100 1 12 10 1 100 1 100 1 100 1 12 10 1 12 10 1 12 10 10 1 12 10 1 100 1 12 10 1 12 10 1 12 9 1 100 1 12 10 1 100 1 1 12 10 1 1 12 9 1 12 10 1 100 1 12 10 1 100 1 12 10 1 12 10 1 1 12 9 1 7 1 12 9 1 100 1 12 10 1 100 1 12 10 1 100 1 12 10 1 12 10 1 100 1 12 10 1 100 1 100 1 12 9 1 12 10 1 100 10 1 100 1 12 10 1 1 12 9 1 12 10 1 100 10 1 100 1 12 10 1 100 1 1 12 9 1 100 1 12 9 1 12 10 1 1 7 1 12 10 16 1 12 10 15 1 16 1 7 1 1 12 10 15 1 1 12 18 12 10 15 18 1 12 10 1 1 12 10 12 10 12 10 1 12 10 1 7 1 12 10 1 7 1 1 12 10 15 1 16 1 12 18 1 12 10 12 9 12 9 1 1 12 10 1 100 1 12 11 1 100 1 12 10 12 9 1 100 1 12 9 12 9 1 100 1 1 12 10 1 12 9 1 12 10 1 12 9 1 12 10 1 1 12 10 1 12 10 1 7 12 9 12 9 12 9 12 11 1 1 100 12 10 12 9 9 12 9 1 100 1 1 12 10 1 12 10 1 12 9 1 12 9 1 1 1 16 12 10 15 12 18 1 1 1 12 10 1 12 10 1 1 1 1 12 10 1 1 12 10 1 12 9 1 1 1 12 10 12 9 1 7 12 9 1 1 100 12 10 12 10 10 10 1 8 1 12 18 10 1 8 18 1 1 7 1 1 12 11 1 1 12 10 1 12 10 1 100 1 7 1 12 10 1 12 9 12 9 1 1 12 10 1 12 10 1 1 7 10 1 1 12 10 1 1 12 10 1 12 10 12 9 3 1 12 10 12 10 1 12 10 1 12 10 1 12 10 1 12 10 1 1 12 10 1 1 7 1 12 9 12 9 1 1 12 10 1 100 1 7 1 12 10 1 100 1 8 1 12 18 1 12 10 1 100 1 7 12 10 1 12 10 12 10 1 100 1 12 10 12 10 1 100 1 12 11 12 10 1 12 10 12 10 12 10 12 10 1 1 12 9 1 12 9 12 9 12 9 12 9 12 9 12 9 12 9 1 1 1 12 10 1 12 10 12 9 1 10 1 1 100 1 12 10 1 1 1 1 12 10 1 12 10 9 1 12 10 1 12 10 1 12 10 1 12 10 12 9 1 1 1 12 9 1 1 1 7 1 7 1 12 11 1 1 12 10 1 1 100 1 12 10 1 12 10 1 100 1 8 10 1 12 9 100 1 12 10 12 10 1 1 12 10 1 8 10 1 1 7 1 1 12 10 1 7 1 12 10 1 1 12 10 1 7 10 1 1 12 10 1 12 9 12 9 12 9 1 16 1 12 10 15 1 16 1 12 18 1 12 10 12 10 15 18 1 12 10 1 12 10 1 12 10 15 1 16 1 12 18 1 12 10 12 10 12 9 1 12 10 1 12 10 1 12 10 1 1 12 10 12 10 15 18 12 10 1 1 8 1 100 1 12 9 1 12 10 1 1 1 1 7 12 9 1 12 9 12 10 1 12 11 1 1 12 9 1 7 1 12 11 1 7 1 1 12 10 12 10 12 10 1 12 10 1 7 10 12 10 1 1 12 9 1 12 10 12 10 1 1 10 1 12 10 1 1 12 10 1 1 1 1 12 10 1 1 12 10 12 10 15 1 16 1 12 18 1 12 10 1 1 12 10 12 9 12 9 1 7 1 12 10 1 7 15 1 16 1 12 18 1 7 1 12 10 15 1 16 18 15 1 16 18 1 12 10 15 16 18 1 12 10 15 16 18 12 10 16 15 1 16 1 1 12 18 1 12 10 12 10 15 18 12 10 15 18 12 10 15 1 16 18 1 16 1 12 10 15 16 1 12 18 1 16 1 12 10 15 16 1 12 18 1 12 10 12 10 12 10 1 12 11 1 12 10 1 12 10 1 100 1 12 11 1 100 1 12 10 1 100 1 12 10 10 1 12 11 1 12 10 1 7 1 12 11 1 8 1 12 18 1 12 10 1 12 11 11 1 100 11 1 12 10 1 1 12 10 1 7 1 12 10 1 100 1 12 9 1 12 10 1 12 10 10 12 10 12 9 1 12 9 1 1 7 12 10 1 12 10 1 12 10 12 10 12 9 1 12 10 1 12 10 12 10 12 10 12 10 12 10 12 9 10 1 12 10 12 9 12 9 1 12 10 12 9 12 9 1 1 1 12 10 1 1 12 10 15 18 1 12 10 12 10 12 10 1 100 1 12 9 1 100 1 12 11 1 100 12 9 12 11 1 1 7 1 12 10 12 9 1 12 10 12 9 1 7 1 12 9 1 7 1 12 9 12 10 12 9 1 7 10 1 1 12 10 10 12 10 12 10 12 10 10 1 100 10 1 12 10 15 18 12 10 15 1 12 18 1 12 10 12 10 1 1 1 1 1 1 1 1 1
staticfield com/android/tools/r8/graph/j1 u [Lcom/android/tools/r8/graph/j1; 0 [Lcom/android/tools/r8/graph/j1;
staticfield com/android/tools/r8/graph/j1 v Lcom/android/tools/r8/graph/j1; com/android/tools/r8/graph/j1
staticfield com/android/tools/r8/graph/j1 w Lcom/android/tools/r8/internal/TG; com/android/tools/r8/internal/TG
staticfield com/android/tools/r8/graph/j1 x Z 1
instanceKlass java/util/LinkedList
ciInstanceKlass java/util/AbstractSequentialList 1 1 110 10 7 12 1 1 1 10 7 12 1 1 1 11 100 12 1 1 1 100 1 100 1 100 1 10 8 1 10 12 1 1 10 12 1 10 12 1 1 10 12 1 11 12 1 1 11 12 1 11 12 1 11 100 12 1 1 1 11 100 12 1 1 1 11 10 12 1 1 1 1 1 1 1 1 1 1 1 1 1 1 1 1 1 1 1 1 1 1 1 1 1 1 1 1 1 1 1 1 1 1 1 1 1 1 1 1 1 1 1
ciInstanceKlass java/util/LinkedList 1 1 346 10 7 12 1 1 1 9 7 12 1 1 1 10 10 12 1 1 9 12 1 1 7 1 10 12 1 9 12 1 9 12 1 9 12 1 9 12 1 9 12 1 1 100 1 10 10 12 1 1 10 12 1 10 12 1 1 10 12 1 10 12 1 1 10 12 1 10 7 12 1 1 1 10 12 1 10 12 1 1 11 7 12 1 1 1 10 12 1 1 10 12 1 10 12 1 1 100 1 10 8 1 10 12 1 1 10 12 1 8 1 10 12 1 1 10 12 1 1 100 1 10 12 1 1 10 12 1 10 12 1 10 12 1 1 10 12 1 10 12 1 10 12 1 10 12 1 10 12 1 7 1 10 12 1 100 1 10 12 1 10 12 1 100 1 100 1 10 12 1 10 12 1 1 10 12 1 1 10 7 12 1 1 10 7 12 1 1 1 7 1 10 100 12 1 1 10 12 1 10 12 1 10 100 12 1 1 10 12 1 1 10 12 1 100 1 10 12 1 100 1 10 12 1 1 11 100 12 1 1 10 12 1 10 12 100 1 100 1 100 1 1 1 1 1 1 5 0 1 1 1 1 1 1 1 1 1 1 1 1 1 1 1 1 1 1 1 1 1 1 1 1 1 1 1 1 1 1 1 1 1 1 1 1 1 1 1 1 1 1 1 1 1 1 1 1 1 1 1 1 1 1 1 1 1 1 1 1 1 1 1 1 1 1 1 1 1 1 1 1 1 1 1 1 1 1 100 1 1 1 100 1 1 1 1 1 1 1 1 1 1 1 1 1 1 1
ciInstanceKlass sun/security/util/ManifestDigester$Section 1 1 55 10 7 12 1 1 1 9 7 12 1 1 1 9 12 1 9 12 1 9 12 1 1 10 100 12 1 1 1 1 1 1 1 1 1 1 1 1 1 1 1 1 1 1 1 1 1 100 1 1 1 100 1 1 1
ciInstanceKlass sun/security/jca/ProviderConfig 1 1 220 10 7 12 1 1 1 7 1 8 1 10 7 12 1 1 1 8 1 10 12 1 1 10 12 1 9 12 1 1 10 12 1 1 9 12 1 8 1 10 12 1 10 100 12 1 1 1 9 12 1 1 100 1 10 12 1 10 100 12 1 1 1 100 1 9 12 1 1 9 12 1 1 10 12 1 1 10 12 1 1 10 12 1 100 1 10 10 12 1 1 8 1 8 1 10 12 1 10 12 1 8 1 8 1 7 1 10 8 1 8 1 7 1 10 8 1 8 1 100 1 10 8 1 100 1 10 8 1 8 1 100 1 10 9 12 1 1 9 12 1 1 8 1 10 12 1 10 7 12 1 1 1 100 1 8 1 10 12 10 12 1 10 12 1 1 100 1 10 8 1 10 12 1 1 100 1 10 8 1 8 1 10 12 1 1 1 1 1 1 3 1 1 1 1 1 1 1 1 1 1 1 1 1 1 1 1 100 1 1 1 1 1 1 100 1 100 1 1 1
staticfield sun/security/jca/ProviderConfig debug Lsun/security/util/Debug; 
ciInstanceKlass java/util/LinkedList$Node 1 1 39 10 7 12 1 1 1 9 7 12 1 1 1 9 12 1 1 9 12 1 1 1 1 1 1 1 1 1 1 1 1 1 1 1 1 100 1 1 1
ciInstanceKlass java/lang/AssertionError 0 0 79 10 100 12 1 1 1 10 12 1 10 100 12 1 1 1 10 100 1 100 1 10 12 1 1 10 12 1 10 12 1 10 12 1 10 12 1 10 12 1 10 12 1 10 12 1 1 1 1 5 0 1 1 1 1 1 1 1 1 1 1 100 1 1 1 1 1 1 1 1 1 1 1 1 1 1 1 1 1
ciInstanceKlass java/util/NoSuchElementException 0 0 34 10 100 12 1 1 1 10 12 1 10 12 1 10 12 1 100 1 1 1 1 5 0 1 1 1 1 1 1 1 1 1 1 1
ciInstanceKlass java/util/ConcurrentModificationException 0 0 34 10 100 12 1 1 1 10 12 1 10 12 1 10 12 1 100 1 1 1 1 5 0 1 1 1 1 1 1 1 1 1 1 1
ciInstanceKlass java/util/function/BooleanSupplier 1 0 11 100 1 100 1 1 1 1 1 1 1
ciInstanceKlass java/util/LinkedList$ListItr 1 1 134 9 7 12 1 1 1 10 7 12 1 1 1 9 7 12 1 1 1 9 12 1 9 12 1 10 12 1 1 9 12 1 1 9 12 1 10 12 1 10 12 1 1 100 1 10 9 12 1 9 7 1 9 12 1 1 10 12 1 9 12 1 9 12 1 100 1 10 10 12 1 1 10 12 1 1 10 12 1 1 10 100 12 1 1 1 11 100 12 1 1 100 1 10 100 1 1 1 1 1 1 1 1 1 1 1 1 1 1 1 1 1 1 1 1 1 1 1 1 1 1 1 1 1 1 1 1 1 1 1 1 1 1 1
instanceKlass com/android/tools/r8/graph/b6
instanceKlass com/android/tools/r8/graph/J0
instanceKlass com/android/tools/r8/graph/l0
instanceKlass com/android/tools/r8/graph/j4
instanceKlass com/android/tools/r8/graph/d6
instanceKlass com/android/tools/r8/internal/ET
instanceKlass com/android/tools/r8/graph/x4
instanceKlass com/android/tools/r8/graph/G
ciInstanceKlass com/android/tools/r8/graph/i0 1 1 213 1 8 1 1 7 1 7 1 100 1 100 1 1 100 1 7 1 1 1 1 1 100 1 100 1 1 12 10 1 7 1 1 12 10 1 8 1 100 1 1 12 10 15 1 12 18 1 1 12 10 1 1 1 100 1 1 7 1 1 12 9 1 1 1 1 1 1 1 1 1 1 1 7 1 1 1 1 1 1 1 1 1 1 1 12 10 1 1 1 1 1 12 10 1 1 1 8 18 1 1 1 8 18 1 1 1 1 1 1 1 8 18 1 12 10 1 1 1 1 1 1 10 1 1 1 12 10 12 9 1 12 9 1 100 10 1 12 10 1 12 10 1 12 9 1 12 10 1 100 1 12 10 1 12 9 12 10 1 100 1 1 12 9 1 1 12 9 1 100 1 1 12 11 1 100 12 10 1 12 9 1 12 10 9 12 10 1 12 9 1 12 10 12 9 1 12 10 9 12 10 1 1 12 10 1 1 1 1 1 1 1 1
staticfield com/android/tools/r8/graph/i0 d Z 1
instanceKlass com/android/tools/r8/graph/W0$a
ciInstanceKlass com/android/tools/r8/graph/W0 1 1 199 1 8 1 1 7 1 1 7 1 100 1 7 1 7 1 100 1 1 100 1 7 1 1 1 1 1 12 10 1 1 7 1 1 12 10 1 1 12 10 1 1 12 10 12 9 1 12 10 1 100 10 1 100 1 1 12 10 1 1 12 9 1 100 1 12 10 1 1 12 9 1 12 9 1 12 10 1 1 1 1 1 100 1 12 10 100 1 100 1 12 10 1 100 1 12 10 1 1 12 10 1 100 1 12 9 1 1 12 10 7 1 12 10 1 1 12 9 1 16 1 12 10 15 1 16 1 7 1 1 12 10 15 1 1 12 18 1 7 1 12 10 9 1 12 9 10 1 1 1 1 7 1 12 10 1 1 1 12 10 1 1 1 1 1 100 10 1 1 7 1 12 11 1 1 100 1 12 10 1 100 1 12 10 12 10 1 1 12 10 1 1 1 1 1 1 1 1 1
staticfield com/android/tools/r8/graph/W0 d Z 1
instanceKlass com/android/tools/r8/graph/Y0
ciInstanceKlass com/android/tools/r8/graph/W0$a 1 1 204 1 8 1 1 7 1 7 1 1 1 1 1 1 1 1 1 1 1 16 1 12 10 15 16 1 7 1 1 12 10 15 1 1 12 18 1 7 1 12 10 1 16 1 1 12 10 15 16 1 1 12 18 1 12 10 1 1 12 10 15 16 18 12 10 1 1 1 12 10 12 9 1 100 10 100 100 12 9 12 9 12 9 1 1 1 1 1 1 1 7 1 1 12 10 1 1 1 1 1 1 1 1 1 1 7 1 1 12 10 1 16 12 10 15 1 12 18 1 100 1 100 1 1 12 10 1 100 1 12 10 1 100 11 1 1 12 10 1 7 12 10 1 12 10 1 1 100 10 1 1 1 100 10 1 8 1 100 1 1 12 10 15 1 12 18 1 1 12 10 1 8 1 12 10 1 8 1 8 12 10 1 1 7 1 12 10 12 10 1 12 10 12 10 1 1 1 1 1 1 1 1 1 1
staticfield com/android/tools/r8/graph/W0$a h Z 1
ciInstanceKlass com/android/tools/r8/internal/I 1 0 11 1 8 1 1 100 1 100 1 1 1
ciInstanceKlass com/android/tools/r8/internal/Ma 1 0 15 1 8 1 1 100 1 100 1 100 1 1 1 1 1
ciInstanceKlass com/android/tools/r8/graph/f3 1 1 95 1 8 1 1 7 1 100 1 7 1 100 1 100 1 100 1 100 1 1 100 1 1 1 1 12 9 1 1 1 1 1 12 11 1 7 1 12 10 1 12 10 1 100 1 12 10 1 100 1 100 1 100 1 100 10 12 11 12 11 1 1 12 11 1 7 1 12 11 1 1 1 1 1 1 1 1 1 1 1 1 1 1 1 1 1 1 1 1 1 1 1 1 1 1
ciInstanceKlass com/android/tools/r8/internal/v8 1 1 89 1 8 1 1 7 1 7 1 100 1 1 1 1 1 1 1 1 1 12 10 12 9 1 100 1 1 12 11 1 100 1 1 12 11 1 16 1 100 1 12 10 15 1 16 1 100 1 1 12 10 15 1 1 12 18 1 100 1 1 12 11 1 100 10 12 9 1 1 7 1 1 12 10 1 7 1 12 9 12 10 12 9 1 1 1 1 1 1
staticfield com/android/tools/r8/internal/v8 b Lcom/android/tools/r8/internal/v8; com/android/tools/r8/internal/v8
staticfield com/android/tools/r8/internal/v8 c Z 1
instanceKlass com/android/tools/r8/internal/up
instanceKlass com/android/tools/r8/internal/Cn
instanceKlass com/android/tools/r8/internal/Bn
instanceKlass com/android/tools/r8/internal/An
ciInstanceKlass com/android/tools/r8/internal/Up 1 1 257 1 8 1 1 7 1 1 7 1 100 1 100 1 1 1 1 1 1 1 1 1 1 12 9 1 1 1 1 1 1 1 1 1 1 1 1 1 1 1 1 1 1 100 1 1 1 1 1 1 1 1 1 1 1 12 10 1 7 1 7 1 1 1 1 1 12 10 1 100 1 1 12 10 12 10 1 8 1 100 1 1 12 10 15 1 12 18 1 1 100 1 1 12 10 1 12 10 1 8 1 1 12 10 1 1 12 10 12 10 1 8 1 100 1 12 10 1 8 1 12 10 1 1 1 1 1 1 1 1 1 1 1 7 1 12 11 1 1 1 1 100 10 1 1 12 10 1 1 12 10 1 7 1 12 9 1 7 12 11 12 10 1 1 1 100 1 8 12 18 1 12 10 1 1 100 1 12 9 12 10 1 1 1 1 12 10 1 1 7 1 12 10 12 10 1 1 1 10 1 100 12 9 1 12 10 3 1 1 8 12 18 1 100 12 10 1 1 7 1 12 10 12 9 12 9 12 9 1 1 100 1 1 12 10 1 5 0 1 1 100 1 12 10 1 100 10 1 3 1 1 1 1 1 1 1 1
staticfield com/android/tools/r8/internal/Up c [Lcom/android/tools/r8/internal/Up; 0 [Lcom/android/tools/r8/internal/Up;
staticfield com/android/tools/r8/internal/Up d [I 0
staticfield com/android/tools/r8/internal/Up e Z 1
instanceKlass com/android/tools/r8/internal/bp
instanceKlass com/android/tools/r8/internal/Xo
instanceKlass com/android/tools/r8/internal/Zo
instanceKlass com/android/tools/r8/internal/ap
instanceKlass com/android/tools/r8/internal/Yo
ciInstanceKlass com/android/tools/r8/internal/An 1 1 20 1 8 1 1 100 1 7 1 1 12 10 1 12 10 1 1 1 1 1
instanceKlass com/android/tools/r8/internal/Ur
instanceKlass com/android/tools/r8/internal/rr
ciInstanceKlass com/android/tools/r8/internal/Yo 1 1 38 1 8 1 1 100 1 7 1 1 1 12 10 1 12 10 1 1 1 100 1 1 12 10 1 12 10 1 1 1 12 10 12 10 1 1 1 1
instanceKlass com/android/tools/r8/internal/Ro
instanceKlass com/android/tools/r8/internal/Js
ciInstanceKlass com/android/tools/r8/internal/rr 1 1 41 1 8 1 1 100 1 7 1 1 1 1 12 10 1 12 10 1 1 1 7 1 12 10 1 1 1 1 3 1 1 1 8 1 1 8 1 1 1 1 1
staticfield com/android/tools/r8/internal/rr f I 0
instanceKlass com/android/tools/r8/internal/lp
instanceKlass com/android/tools/r8/internal/hp
instanceKlass com/android/tools/r8/internal/jp
instanceKlass com/android/tools/r8/internal/kp
instanceKlass com/android/tools/r8/internal/gp
instanceKlass com/android/tools/r8/internal/cp
instanceKlass com/android/tools/r8/internal/mp
instanceKlass com/android/tools/r8/internal/ep
instanceKlass com/android/tools/r8/internal/fp
instanceKlass com/android/tools/r8/internal/ip
instanceKlass com/android/tools/r8/internal/dp
ciInstanceKlass com/android/tools/r8/internal/Bn 1 1 20 1 8 1 1 100 1 7 1 1 12 10 1 12 10 1 1 1 1 1
instanceKlass com/android/tools/r8/internal/no
instanceKlass com/android/tools/r8/internal/Sn
instanceKlass com/android/tools/r8/internal/es
instanceKlass com/android/tools/r8/internal/ro
instanceKlass com/android/tools/r8/internal/pr
ciInstanceKlass com/android/tools/r8/internal/dp 1 1 158 1 8 1 1 7 1 1 7 1 1 1 1 1 1 1 1 1 1 12 10 12 9 1 100 1 1 12 10 12 9 1 1 12 10 12 9 1 100 10 1 100 1 1 1 7 1 1 12 10 1 1 1 7 12 10 1 7 1 1 12 10 10 1 1 16 1 12 10 15 1 7 1 1 12 10 15 1 12 18 1 7 1 12 10 1 1 7 1 12 9 1 7 1 12 11 12 10 15 18 1 7 1 12 10 1 7 11 1 1 100 1 12 10 1 8 1 100 1 1 12 10 15 1 12 18 1 12 10 1 100 1 1 12 10 12 10 1 16 12 10 15 16 1 1 12 18 1 7 1 12 10 1 1 1 1 1 1
staticfield com/android/tools/r8/internal/dp h Z 1
ciInstanceKlass com/android/tools/r8/internal/pr 1 1 150 1 8 1 1 7 1 1 7 1 1 1 100 1 1 12 10 1 12 10 1 1 12 10 1 1 1 1 12 9 1 7 1 1 1 8 1 1 8 1 1 1 1 1 16 12 10 15 16 1 7 1 1 12 10 15 1 1 12 18 1 7 1 1 12 10 1 1 1 1 7 1 12 10 1 1 12 10 1 7 1 12 10 1 12 10 1 1 1 12 9 1 100 1 12 10 1 12 10 1 1 7 1 1 12 10 1 1 100 1 12 10 1 100 1 1 12 9 1 100 1 12 10 1 12 10 1 100 1 12 10 1 1 12 9 1 100 1 12 11 1 12 10 1 1 1 1 1 1 1
instanceKlass com/android/tools/r8/internal/Mq
instanceKlass com/android/tools/r8/internal/Lq
instanceKlass com/android/tools/r8/internal/Pq
instanceKlass com/android/tools/r8/internal/Ks
instanceKlass com/android/tools/r8/internal/Vr
instanceKlass com/android/tools/r8/internal/Sr
instanceKlass com/android/tools/r8/internal/Tr
instanceKlass com/android/tools/r8/internal/Vq
instanceKlass com/android/tools/r8/internal/Wq
instanceKlass com/android/tools/r8/internal/Uq
ciInstanceKlass com/android/tools/r8/internal/ap 1 1 96 1 8 1 1 7 1 7 1 1 1 1 1 1 1 12 10 12 9 1 1 12 10 12 9 1 100 10 1 1 7 1 1 12 10 1 1 1 100 1 1 12 10 1 12 10 1 1 7 1 1 12 10 12 10 1 1 7 1 12 10 1 1 1 7 1 12 9 1 7 12 11 1 1 8 1 100 1 1 12 10 15 1 12 18 1 12 10 12 10 1 1 1 1 1 1
staticfield com/android/tools/r8/internal/ap g Z 1
ciInstanceKlass com/android/tools/r8/internal/ro 1 1 181 1 8 1 1 7 1 1 7 1 1 1 100 1 1 12 9 1 1 12 9 1 100 1 12 10 1 100 1 12 10 1 1 12 10 1 1 1 1 12 9 1 7 1 1 1 1 1 16 12 10 15 16 1 100 1 1 12 10 15 1 1 12 18 1 100 1 1 12 10 1 12 10 1 7 1 1 12 10 1 7 1 12 11 1 1 1 8 1 1 8 1 1 1 1 1 1 1 12 9 1 12 10 1 8 1 100 1 1 12 10 15 1 12 18 1 100 1 12 10 12 10 1 1 100 1 1 12 9 1 12 10 3 1 12 10 1 12 10 1 100 1 8 1 12 10 1 1 100 1 1 12 9 1 100 1 12 10 1 100 1 12 10 1 100 1 12 10 1 12 10 1 12 10 1 1 1 1 1 1 1
ciInstanceKlass com/android/tools/r8/internal/Vq 1 1 45 1 8 1 1 100 1 7 1 1 12 10 1 12 10 1 1 1 8 1 1 8 1 1 1 1 1 1 12 9 1 100 1 12 10 1 1 1 100 1 12 10 1 1 1
instanceKlass com/android/tools/r8/internal/op
instanceKlass com/android/tools/r8/internal/rp
instanceKlass com/android/tools/r8/internal/np
instanceKlass com/android/tools/r8/internal/qp
instanceKlass com/android/tools/r8/internal/sp
instanceKlass com/android/tools/r8/internal/tp
instanceKlass com/android/tools/r8/internal/pp
ciInstanceKlass com/android/tools/r8/internal/Cn 1 1 21 1 8 1 1 100 1 7 1 1 12 10 1 1 12 10 1 1 1 1 1
ciInstanceKlass com/android/tools/r8/internal/yq 1 1 71 1 8 1 1 100 1 7 1 1 1 100 1 1 12 10 1 12 10 1 12 10 1 1 1 8 1 1 8 1 1 1 1 1 12 10 1 100 1 1 12 10 1 1 100 1 1 12 9 1 12 9 1 100 1 12 10 1 10 1 100 1 12 10 1 1 12 10 1 1 1
ciInstanceKlass com/android/tools/r8/internal/pq 1 1 80 1 8 1 1 100 1 7 1 1 1 100 1 1 12 10 1 12 10 1 12 10 1 1 1 7 1 1 12 9 1 1 1 8 1 1 8 1 1 1 1 1 1 12 10 1 100 1 1 12 10 1 1 100 1 12 9 1 1 12 9 1 100 1 12 10 1 10 1 100 1 12 10 1 1 12 10 1 1 1
ciInstanceKlass com/android/tools/r8/internal/oq 1 1 91 1 8 1 1 100 1 7 1 1 1 100 1 1 12 10 1 12 10 1 12 10 1 1 1 7 1 1 12 9 1 1 1 8 1 1 8 1 1 1 1 1 1 12 10 1 7 1 1 12 10 1 1 100 1 12 9 1 12 9 1 12 9 1 12 9 1 12 9 1 12 9 1 100 1 12 10 1 10 1 100 1 12 10 1 1 12 10 1 1 1
ciInstanceKlass com/android/tools/r8/internal/Ur 1 1 51 1 8 1 1 100 1 7 1 1 12 10 1 12 10 1 1 1 8 1 1 8 1 1 1 1 1 7 1 12 10 1 1 1 3 1 1 1 100 1 1 12 9 1 1 100 12 10 1 1 1
ciInstanceKlass com/android/tools/r8/internal/Tr 1 1 50 1 8 1 1 100 1 7 1 1 12 10 1 12 10 1 1 1 8 1 1 8 1 1 1 1 1 100 1 1 12 9 1 1 1 1 12 9 1 100 12 10 1 1 1 12 10 1 1 1
ciInstanceKlass com/android/tools/r8/internal/sq 1 1 90 1 8 1 1 100 1 7 1 1 1 100 1 1 12 10 1 12 10 1 12 10 1 1 1 7 1 1 12 9 1 1 1 8 1 1 8 1 1 1 1 1 1 12 10 1 7 1 1 12 10 1 1 100 1 1 12 9 12 9 12 9 1 12 9 1 12 9 1 12 9 1 100 1 12 10 1 10 1 100 1 12 10 1 1 12 10 1 1 1
ciInstanceKlass com/android/tools/r8/internal/ds 1 1 68 1 8 1 1 100 1 7 1 100 1 1 1 100 1 1 12 10 1 12 10 1 12 10 1 1 1 8 1 1 8 1 1 1 1 7 1 12 10 1 1 100 1 1 12 9 1 1 12 10 1 100 12 10 1 10 1 100 1 12 10 1 1 12 10 1 1 1
ciInstanceKlass com/android/tools/r8/graph/J0 1 1 959 1 8 1 1 7 1 1 7 1 100 1 100 1 100 1 7 1 7 1 100 1 1 1 7 1 7 1 7 1 100 1 7 1 7 1 100 1 100 1 7 1 1 7 1 1 7 1 7 1 100 1 1 1 1 1 1 1 1 1 1 1 1 1 1 1 1 1 1 1 1 1 12 9 1 7 1 12 9 1 7 1 12 10 1 100 1 1 12 10 12 9 100 1 7 12 10 12 10 12 9 100 1 12 9 100 1 12 9 1 12 10 1 1 100 1 1 12 11 12 9 1 7 1 12 9 1 100 1 1 12 11 1 100 1 1 16 12 10 15 1 7 1 1 12 10 15 12 18 1 1 7 1 12 9 1 100 1 12 10 1 100 1 100 12 9 1 12 10 1 7 1 7 1 100 1 12 10 1 1 12 10 1 100 1 1 12 11 1 100 1 12 11 1 7 12 9 1 7 1 1 12 10 1 16 1 12 10 15 1 16 1 1 12 18 1 100 1 1 12 11 1 12 10 15 18 12 9 1 7 1 12 11 1 7 1 7 1 12 10 1 7 16 1 12 10 15 1 1 12 18 1 12 10 1 12 10 1 12 10 1 1 12 10 1 1 12 10 1 7 1 12 10 1 100 12 9 1 12 9 12 9 1 1 1 1 1 1 12 10 1 1 1 12 9 1 1 1 12 9 1 7 12 9 1 1 12 9 12 9 12 9 12 9 1 1 12 10 1 12 10 1 12 10 12 9 1 12 10 1 12 10 1 7 100 1 12 9 12 10 1 12 10 1 1 12 9 1 12 10 1 7 1 12 10 1 12 9 1 7 9 7 1 12 10 1 7 12 9 1 12 10 1 12 10 1 12 10 1 12 10 1 12 10 1 12 10 1 7 1 1 12 10 1 7 1 1 12 10 12 9 1 12 10 1 1 12 10 10 12 10 1 7 1 12 10 1 7 1 12 10 12 9 1 12 10 9 1 12 9 12 9 1 1 12 10 1 12 10 1 12 10 1 7 1 7 1 12 10 1 7 11 1 1 12 10 12 10 1 100 1 12 11 1 1 100 1 1 100 1 1 1 1 100 1 12 10 1 100 1 12 10 1 12 10 1 1 12 10 1 12 10 1 10 1 1 1 100 1 12 9 1 12 10 1 100 10 1 100 12 10 1 12 10 1 1 12 10 1 8 1 8 1 12 10 1 8 1 8 1 8 1 100 10 1 12 10 1 12 10 1 7 1 1 12 10 1 1 12 10 1 100 1 1 12 10 12 10 1 12 10 1 100 1 100 1 100 10 1 12 10 1 12 10 1 100 1 12 11 11 11 1 12 9 9 12 9 12 9 1 12 11 1 8 1 12 10 1 12 10 1 100 1 12 10 1 8 1 12 10 10 1 12 10 1 12 10 1 12 10 1 12 10 1 100 1 12 10 1 8 1 8 12 10 12 10 1 8 1 8 1 8 12 10 1 8 10 10 1 1 100 1 7 1 100 1 100 12 10 1 12 10 1 7 1 1 12 10 1 12 10 1 7 1 12 10 10 1 12 10 1 7 1 12 11 1 1 12 10 1 12 10 1 7 1 12 10 1 12 10 1 1 1 1 1 1 1 12 11 9 1 12 10 1 1 100 1 12 10 1 1 12 10 1 100 1 12 10 1 12 10 1 100 1 12 10 1 12 10 10 1 100 1 12 10 10 12 10 1 12 10 1 100 10 1 1 100 1 12 10 1 1 12 11 1 1 1 1 100 1 12 10 1 1 12 10 12 9 1 8 1 7 1 12 10 1 8 1 7 1 1 12 10 15 1 12 18 1 12 10 1 7 1 1 12 10 1 1 16 1 12 10 15 16 1 1 12 18 1 7 1 12 10 12 10 15 18 12 10 15 18 16 1 12 10 15 16 1 1 12 18 1 12 10 1 12 10 15 16 18 1 12 10 15 16 18 12 10 1 12 10 15 16 18 12 9 1 12 10 10 9 1 12 9 1 12 9 1 12 10 10 1 12 10 1 1 12 10 1 1 12 10 1 7 1 12 9 1 12 10 12 10 1 1 12 10 1 7 1 12 9 1 7 1 12 9 12 10 1 100 1 12 9 1 1 12 10 1 100 1 12 10 1 12 9 1 12 9 10 1 1 7 1 12 10 1 1 100 12 10 1 1 1 1 1 1 1 1 1
staticfield com/android/tools/r8/graph/J0 o Z 1
ciInstanceKlass com/android/tools/r8/graph/e3 1 0 12 1 8 1 1 100 1 100 1 100 1 1
instanceKlass com/android/tools/r8/internal/ts
instanceKlass com/android/tools/r8/internal/Br
ciInstanceKlass com/android/tools/r8/internal/Js 1 1 25 1 8 1 1 100 1 7 1 1 12 10 1 12 10 1 1 1 1 1 1 1 1 1 1
ciInstanceKlass com/android/tools/r8/internal/Br 1 1 225 1 8 1 1 7 1 7 1 1 1 1 1 1 1 1 1 1 16 1 12 10 15 16 1 100 1 1 12 10 15 1 1 12 18 1 100 1 12 10 1 12 10 15 18 1 16 1 1 12 10 15 16 1 1 12 18 1 1 12 10 1 1 12 10 1 100 1 12 10 3 12 9 1 100 1 12 10 12 9 12 9 1 1 12 10 12 9 1 100 10 100 1 1 7 1 1 12 10 1 1 1 12 10 1 100 1 1 12 10 1 12 10 1 16 12 10 15 1 12 18 1 100 1 12 10 1 1 100 1 100 1 12 10 1 100 11 1 3 1 7 1 12 10 1 1 1 1 1 1 12 10 1 100 1 8 1 12 10 1 8 1 1 12 10 1 8 1 12 10 1 100 1 12 10 1 12 10 1 100 1 8 1 100 1 1 12 10 15 1 12 18 1 12 10 1 12 10 1 1 12 10 1 8 1 12 18 1 8 1 8 1 12 10 1 8 1 8 1 8 1 1 1 1 1
staticfield com/android/tools/r8/internal/Br j Z 1
ciInstanceKlass com/android/tools/r8/internal/ts 1 1 233 1 8 1 1 7 1 7 1 1 1 1 1 1 1 1 1 1 16 1 12 10 15 16 1 100 1 1 12 10 15 1 1 12 18 1 100 1 12 10 1 16 1 1 12 10 15 16 1 1 12 18 1 1 12 10 1 12 10 15 18 1 1 12 10 1 100 1 12 10 3 12 9 12 9 1 100 1 12 10 12 9 1 1 12 10 12 9 1 100 10 100 1 1 7 1 1 12 10 1 1 1 12 10 1 100 1 1 12 10 1 12 10 1 16 12 10 15 1 12 18 1 100 1 12 10 1 1 100 1 100 1 12 10 1 100 11 1 3 1 7 1 12 10 1 1 1 1 1 1 12 10 1 100 1 8 1 12 10 1 8 1 1 12 10 1 8 1 12 10 1 100 1 12 10 1 8 1 100 1 1 12 10 15 1 12 18 1 100 1 12 10 1 100 1 8 1 12 18 1 12 10 1 12 10 1 12 10 1 8 1 12 18 1 8 1 8 1 8 1 12 10 1 8 1 8 1 8 1 1 1 1 1
staticfield com/android/tools/r8/internal/ts j Z 1
ciInstanceKlass com/android/tools/r8/internal/Ro 1 1 221 1 8 1 1 7 1 7 1 1 1 1 1 1 1 1 1 1 1 16 1 12 10 15 16 1 100 1 1 12 10 15 1 1 12 18 1 100 1 12 10 1 16 1 1 12 10 15 16 1 1 12 18 1 12 10 1 16 1 1 12 10 15 16 1 1 12 18 1 1 12 10 1 1 12 10 1 100 1 12 10 3 12 9 5 0 12 9 12 9 5 0 1 100 1 12 10 12 9 1 10 1 1 7 1 1 12 10 1 1 100 1 12 10 1 100 1 1 12 10 1 12 10 100 1 16 12 10 15 1 12 18 1 100 1 12 10 1 1 100 1 100 1 12 10 1 100 11 1 3 1 7 1 12 10 1 1 1 12 10 1 8 1 100 1 1 12 10 15 1 12 18 1 100 1 8 1 12 10 1 100 1 12 10 1 1 12 10 1 8 1 12 10 1 8 1 8 1 100 1 1 12 10 1 12 10 1 12 10 1 8 1 1 12 10 1 1 1 1 1 1
staticfield com/android/tools/r8/internal/Ro j Z 1
instanceKlass com/android/tools/r8/internal/ss
instanceKlass com/android/tools/r8/internal/Ar
instanceKlass com/android/tools/r8/internal/Qo
ciInstanceKlass com/android/tools/r8/internal/qp 1 1 150 1 8 1 1 7 1 7 1 1 1 1 1 1 1 1 1 16 1 12 10 15 16 1 100 1 1 12 10 15 1 1 12 18 1 100 1 12 10 1 12 10 15 18 1 1 1 12 10 12 9 1 100 1 12 10 12 9 1 1 12 10 12 9 1 100 10 1 1 7 1 1 12 10 1 1 1 12 10 1 12 10 1 12 10 1 100 1 12 10 1 1 1 1 7 1 1 12 10 12 10 1 16 12 10 15 1 12 18 1 100 1 12 10 1 1 100 1 100 1 12 10 1 100 11 1 1 12 10 1 8 1 100 1 1 12 10 15 1 12 18 1 12 10 1 1 1 1 1 1
staticfield com/android/tools/r8/internal/qp h Z 1
instanceKlass com/android/tools/r8/internal/xp
ciInstanceKlass com/android/tools/r8/internal/Xo 1 1 101 1 8 1 1 7 1 7 1 1 1 1 1 1 1 12 10 12 9 1 1 12 10 12 9 1 100 10 1 1 7 1 1 12 10 1 1 1 100 1 1 12 10 1 12 10 1 1 7 1 1 12 10 12 10 1 1 7 1 12 10 1 1 1 7 1 12 9 1 7 12 11 1 1 12 10 1 12 10 1 12 10 1 8 1 100 1 1 12 10 15 12 18 12 10 1 1 1 1 1 1
staticfield com/android/tools/r8/internal/Xo g Z 1
ciInstanceKlass com/android/tools/r8/internal/xp 1 1 44 1 8 1 1 100 1 7 1 1 12 10 1 12 10 1 1 1 8 1 1 8 1 1 1 1 1 1 12 9 1 1 1 100 1 12 10 1 100 12 10 1 1 1
ciInstanceKlass com/android/tools/r8/graph/U0 1 1 303 1 8 1 1 7 1 7 1 100 1 100 1 1 7 1 100 1 1 100 1 7 1 1 100 1 7 1 7 1 1 7 1 100 1 1 100 1 100 1 100 1 1 1 1 1 1 1 1 1 1 1 1 1 1 1 1 1 1 1 1 1 1 12 10 12 9 12 9 12 9 1 1 12 10 12 9 1 7 10 12 9 12 9 1 7 1 12 10 1 7 1 12 10 1 7 12 9 1 7 1 12 10 12 9 1 1 12 10 12 9 1 12 10 12 9 1 12 10 1 7 1 12 10 1 7 1 12 10 12 9 1 1 12 9 1 100 10 1 7 1 7 1 12 10 1 12 10 1 12 10 1 12 10 1 1 12 11 12 10 1 12 9 12 9 12 10 1 7 1 12 10 1 12 10 1 100 1 12 9 1 12 10 1 12 10 1 12 10 12 9 1 12 10 1 12 10 1 1 7 12 9 1 7 10 1 7 1 12 11 1 7 1 1 12 11 1 100 1 7 1 12 11 1 1 12 11 1 7 12 11 1 7 1 12 11 1 7 1 1 12 11 1 12 10 1 12 10 1 12 10 1 7 1 7 1 12 9 1 12 10 1 7 10 1 12 10 1 12 10 1 12 11 1 12 10 11 1 12 10 1 12 9 1 12 9 12 9 1 12 10 1 1 7 1 12 10 1 1 1 1 1 1
staticfield com/android/tools/r8/graph/U0 o Z 1
instanceKlass com/android/tools/r8/internal/wp
ciInstanceKlass com/android/tools/r8/internal/np 0 0 94 1 8 1 1 100 1 100 1 1 1 1 12 10 1 100 1 1 12 10 12 9 1 1 12 10 1 1 1 12 10 1 12 10 1 12 10 1 1 100 1 1 12 10 12 10 1 1 100 1 12 10 1 1 1 100 1 12 9 1 100 12 11 1 1 100 1 12 10 1 12 10 1 12 10 1 8 1 100 1 1 12 10 15 1 12 18 12 10 1 1 1 1 1
ciInstanceKlass com/android/tools/r8/internal/wp 0 0 55 1 8 1 1 100 1 100 1 1 12 10 1 12 10 1 1 1 8 1 1 8 1 1 1 1 1 1 12 9 1 1 1 100 1 12 10 1 100 12 10 1 1 1 1 100 1 12 10 1 12 10 1 1 1
ciInstanceKlass  @bci com/android/tools/r8/graph/u1 a (I)Lcom/android/tools/r8/graph/N0; 15 <appendix> argL0 ; 1 1 26 1 7 1 7 1 100 1 1 12 10 1 1 1 7 1 7 1 1 12 10 1 12 10 1 1
ciInstanceKlass com/android/tools/r8/graph/O0$a 1 1 93 1 8 1 1 7 1 7 1 1 1 1 1 1 1 1 12 10 12 9 1 1 7 1 1 12 10 12 9 1 1 1 100 1 12 10 1 12 10 1 1 100 10 1 7 1 12 11 1 1 1 8 1 100 1 1 12 10 15 1 12 18 1 1 1 1 1 7 1 12 10 1 1 100 1 12 9 1 100 12 11 1 12 10 1 1 1 1 1 1 1 1 1
staticfield com/android/tools/r8/graph/O0$a e Z 1
ciInstanceKlass  @bci com/android/tools/r8/graph/u1 b (I)Lcom/android/tools/r8/graph/O0$a; 15 <appendix> argL0 ; 1 1 26 1 7 1 7 1 100 1 1 12 10 1 1 1 7 1 7 1 1 12 10 1 12 10 1 1
instanceKlass com/android/tools/r8/internal/vp
ciInstanceKlass com/android/tools/r8/internal/cp 1 1 113 1 8 1 1 7 1 7 1 1 1 1 1 1 1 12 10 1 100 1 1 12 10 12 9 1 1 12 10 12 9 1 100 10 1 1 7 1 1 12 10 1 1 1 100 1 12 10 1 100 1 1 12 10 1 1 7 1 1 12 10 12 10 1 1 100 1 12 10 1 1 100 1 12 9 1 100 12 11 1 1 12 10 1 8 1 100 1 1 12 10 15 1 12 18 1 12 10 1 12 10 1 8 12 18 12 10 1 1 1 1 1 1
staticfield com/android/tools/r8/internal/cp g Z 1
ciInstanceKlass com/android/tools/r8/internal/vp 1 1 44 1 8 1 1 100 1 7 1 1 12 10 1 12 10 1 1 1 8 1 1 8 1 1 1 1 1 1 12 9 1 1 1 100 1 12 10 1 100 12 10 1 1 1
ciInstanceKlass com/android/tools/r8/graph/J0$a 1 1 134 1 8 1 1 7 1 1 7 1 100 1 7 1 1 1 1 1 1 1 1 1 1 1 1 16 1 12 10 15 16 1 7 1 1 12 10 15 1 1 12 18 1 7 1 12 10 12 10 15 18 12 10 15 18 1 1 1 12 10 12 9 12 9 12 9 12 9 12 9 1 100 1 12 10 1 100 10 1 1 7 1 1 12 10 12 9 1 1 16 12 10 15 12 18 1 1 1 1 1 100 1 12 11 1 1 1 100 1 12 10 1 8 1 100 1 1 12 10 15 1 12 18 1 1 1 1 1 1 1 1 1 1 1
staticfield com/android/tools/r8/graph/J0$a f [Lcom/android/tools/r8/graph/J0$a; 0 [Lcom/android/tools/r8/graph/J0$a;
staticfield com/android/tools/r8/graph/J0$a g Z 1
ciInstanceKlass com/android/tools/r8/graph/N0 1 1 92 1 8 1 1 7 1 7 1 1 1 1 1 12 10 12 9 1 1 1 1 1 100 1 12 10 1 100 1 12 10 12 10 1 1 12 9 1 100 1 1 12 10 1 1 7 1 12 11 1 1 1 8 1 100 1 1 12 10 15 1 12 18 1 1 1 1 1 7 1 12 10 1 1 1 100 1 12 9 1 100 11 1 12 10 1 1 1 1 1 1 1
ciInstanceKlass com/android/tools/r8/graph/J0$b 1 1 161 1 8 1 1 7 1 1 7 1 7 1 7 1 1 100 1 1 1 1 1 1 1 1 1 1 16 1 12 10 15 16 1 7 1 1 12 10 15 1 1 12 18 1 7 1 12 10 1 16 1 12 10 15 16 1 1 12 18 1 1 12 10 1 1 1 12 10 12 9 12 9 1 1 7 1 1 12 10 12 9 12 9 1 1 16 12 10 15 12 18 1 1 1 7 12 9 12 11 1 12 10 1 1 1 100 1 12 11 1 1 100 10 1 1 1 100 1 8 1 12 10 100 1 8 1 1 12 10 1 12 9 1 12 10 1 8 9 1 100 1 12 10 1 8 1 8 1 8 12 10 1 1 1 1 1 1 1 1 1 1
staticfield com/android/tools/r8/graph/J0$b d [Lcom/android/tools/r8/graph/J0$b; 0 [Lcom/android/tools/r8/graph/J0$b;
staticfield com/android/tools/r8/graph/J0$b e Z 1
instanceKlass com/android/tools/r8/internal/zp
instanceKlass com/android/tools/r8/internal/Bp
instanceKlass com/android/tools/r8/internal/Dp
instanceKlass com/android/tools/r8/internal/Fp
instanceKlass com/android/tools/r8/internal/Hp
instanceKlass com/android/tools/r8/internal/Jp
ciInstanceKlass com/android/tools/r8/internal/gp 1 1 244 1 8 1 1 7 1 7 1 1 1 1 1 1 1 1 16 1 12 10 15 16 1 7 1 1 12 10 15 1 1 12 18 1 7 1 12 10 1 12 10 15 18 1 1 1 12 10 12 9 1 100 1 12 10 12 9 1 1 12 10 12 9 1 100 10 1 1 7 1 1 12 10 1 1 100 1 12 10 1 12 10 1 100 1 1 12 10 1 1 7 1 1 12 10 12 10 1 16 12 10 15 1 12 18 1 7 1 12 10 1 1 7 1 7 1 12 10 1 7 11 1 1 1 1 1 1 1 1 12 10 12 10 12 10 1 100 1 12 9 1 12 9 1 100 1 1 12 10 1 100 1 12 9 1 100 1 12 10 1 12 9 1 12 10 1 12 9 1 100 1 1 12 11 1 12 9 1 12 9 1 100 1 12 10 1 100 1 1 12 10 1 100 10 1 12 10 1 100 1 100 1 100 1 12 10 1 12 10 1 12 10 1 1 12 10 1 8 1 100 1 1 12 10 15 1 12 18 1 12 10 1 8 1 12 18 12 10 1 1 1 1 1 1
staticfield com/android/tools/r8/internal/gp h Z 1
ciInstanceKlass com/android/tools/r8/internal/Jp 1 1 43 1 8 1 1 100 1 7 1 1 12 10 1 12 10 1 1 1 8 1 1 8 1 1 1 1 1 100 1 1 12 9 1 1 1 100 1 1 12 9 1 1 1
ciInstanceKlass com/android/tools/r8/internal/zp 1 1 43 1 8 1 1 100 1 7 1 1 12 10 1 12 10 1 1 1 8 1 1 8 1 1 1 1 1 100 1 1 12 9 1 1 1 100 1 1 12 9 1 1 1
instanceKlass com/android/tools/r8/internal/yp
instanceKlass com/android/tools/r8/internal/Ap
instanceKlass com/android/tools/r8/internal/Cp
instanceKlass com/android/tools/r8/internal/Ep
instanceKlass com/android/tools/r8/internal/Gp
instanceKlass com/android/tools/r8/internal/Ip
ciInstanceKlass com/android/tools/r8/internal/kp 1 1 256 1 8 1 1 7 1 7 1 1 1 1 1 1 1 1 1 1 16 1 12 10 15 16 1 7 1 1 12 10 15 1 1 12 18 1 7 1 12 10 1 12 10 15 18 1 12 10 15 18 1 1 1 12 10 12 9 12 9 1 100 1 12 10 12 9 1 1 12 10 12 9 1 100 10 1 1 7 1 1 12 10 1 1 100 1 12 10 1 12 10 1 100 1 1 12 10 1 1 7 1 1 12 10 12 10 1 16 12 10 15 1 12 18 1 7 1 12 10 1 1 7 1 7 1 12 10 1 7 11 1 1 1 1 1 1 1 1 12 10 12 10 12 10 1 100 1 12 9 1 12 9 1 100 1 1 12 10 1 100 1 12 9 1 100 1 12 10 1 12 9 1 12 10 1 12 9 1 100 1 12 11 9 1 12 9 1 100 1 12 10 1 100 1 1 12 10 1 100 10 1 12 10 1 100 1 100 1 100 1 12 10 1 12 10 10 1 100 1 12 10 1 12 10 1 1 12 10 1 8 1 100 1 1 12 10 15 1 12 18 1 12 10 1 8 1 12 18 12 10 1 1 1 1 1 1
staticfield com/android/tools/r8/internal/kp i Z 1
ciInstanceKlass com/android/tools/r8/internal/Op 1 1 71 1 8 1 1 100 1 7 1 100 1 1 1 100 1 1 12 10 1 12 10 1 12 10 1 1 1 8 1 1 8 1 1 1 1 100 1 12 10 1 1 100 1 1 12 9 1 12 9 1 1 12 10 1 100 12 10 1 10 1 100 1 12 10 1 1 12 10 1 1 1
ciInstanceKlass com/android/tools/r8/internal/Ap 1 1 42 1 8 1 1 100 1 7 1 1 12 10 1 12 10 1 1 1 8 1 1 8 1 1 1 1 1 100 1 1 12 9 1 1 1 100 1 12 9 1 1 1
ciInstanceKlass com/android/tools/r8/internal/yp 1 1 43 1 8 1 1 100 1 7 1 1 12 10 1 12 10 1 1 1 8 1 1 8 1 1 1 1 1 100 1 1 12 9 1 1 1 100 1 1 12 9 1 1 1
ciInstanceKlass com/android/tools/r8/graph/O0$d 1 1 198 1 8 1 1 7 1 7 1 1 1 1 1 1 1 1 1 1 16 1 12 10 15 16 1 7 1 1 12 10 15 1 1 12 18 1 7 1 12 10 1 16 1 1 12 10 15 16 1 1 12 18 1 12 10 1 1 12 10 15 16 18 12 10 15 18 1 12 10 1 1 1 12 10 12 9 12 9 12 9 12 9 1 1 1 1 100 1 12 10 12 10 1 7 1 100 1 12 9 1 100 1 12 9 1 12 10 1 12 10 1 7 12 9 1 1 7 1 1 12 10 1 7 1 12 11 1 7 1 1 12 10 1 12 10 1 1 7 1 12 11 1 1 1 8 1 100 1 1 12 10 15 1 12 18 1 1 1 7 12 10 1 1 16 12 10 15 1 12 18 1 7 1 12 10 1 1 100 1 100 1 12 10 1 100 11 1 12 10 1 1 1 1 1 1 1 1 1
ciInstanceKlass com/android/tools/r8/internal/hq 1 1 90 1 8 1 1 100 1 7 1 1 1 100 1 1 12 10 1 12 10 1 12 10 1 1 1 7 1 1 12 9 1 1 1 8 1 1 8 1 1 1 1 1 1 12 10 1 7 1 12 10 1 1 100 1 1 12 9 1 12 9 1 12 9 1 12 9 1 12 9 1 12 9 1 100 1 12 10 1 10 1 100 1 12 10 1 12 10 1 1 1
ciInstanceKlass com/android/tools/r8/internal/Ar 1 1 71 1 8 1 1 100 1 7 1 1 12 10 1 12 10 1 1 1 8 1 1 8 1 1 1 1 1 1 1 100 1 12 10 1 1 12 9 1 1 12 9 1 100 1 12 9 1 100 1 12 11 1 1 8 1 100 1 1 12 10 15 1 12 18 1 12 10 1 1 1 1
ciInstanceKlass com/android/tools/r8/internal/ss 1 1 71 1 8 1 1 100 1 7 1 1 12 10 1 12 10 1 1 1 8 1 1 1 1 8 1 1 1 1 1 100 1 12 10 1 1 12 9 1 1 12 9 1 100 1 12 9 1 100 1 12 11 1 1 8 1 100 1 1 12 10 15 1 12 18 1 12 10 1 1 1 1
ciInstanceKlass com/android/tools/r8/internal/Qq 1 1 49 1 8 1 1 100 1 7 1 1 12 10 1 12 10 1 1 1 8 1 1 8 1 1 1 1 1 100 1 1 12 9 1 1 12 9 1 1 12 9 1 100 1 12 10 1 1 1 1
ciInstanceKlass com/android/tools/r8/internal/Yq 1 1 55 1 8 1 1 100 1 7 1 1 1 12 10 1 12 10 1 1 1 8 1 1 8 1 1 1 1 1 100 1 1 12 9 1 1 12 9 1 12 9 1 100 1 12 10 1 1 1 100 1 12 10 1 1 1
ciInstanceKlass com/android/tools/r8/internal/qU 1 1 55 1 8 1 1 100 1 7 1 1 1 1 12 10 1 7 1 7 1 1 12 10 1 100 1 1 12 11 1 12 10 1 100 1 12 10 1 1 8 1 7 1 12 10 5 0 1 7 1 12 10 1 1 1 1
ciInstanceKlass com/android/tools/r8/internal/Pq 1 1 45 1 8 1 1 100 1 7 1 1 12 10 1 12 10 1 1 1 8 1 1 8 1 1 1 1 1 1 12 9 1 100 1 12 10 1 1 1 100 1 12 10 1 1 1
ciInstanceKlass com/android/tools/r8/graph/J0$b$a 1 1 119 1 8 1 1 7 1 1 7 1 100 1 7 1 100 1 1 1 1 1 1 1 1 1 16 1 12 10 15 16 1 7 1 1 12 10 15 1 1 12 18 1 7 1 1 12 10 1 16 1 12 10 15 16 1 1 12 18 1 12 10 1 1 1 12 10 12 9 12 9 1 1 7 1 1 12 10 12 9 1 1 16 12 10 15 12 18 1 1 1 1 1 1 100 10 1 1 1 7 12 10 1 1 1 100 1 12 11 1 1 1 1 1 1 1 1 1 1 1
staticfield com/android/tools/r8/graph/J0$b$a d Z 1
ciInstanceKlass com/android/tools/r8/internal/Ao 1 1 75 1 8 1 1 7 1 100 1 7 1 7 1 7 1 100 1 1 1 1 1 12 10 1 7 1 12 10 1 1 12 9 1 12 10 1 1 12 9 1 100 100 1 7 1 12 10 1 7 1 1 12 10 1 7 12 10 1 12 10 1 1 7 1 1 12 10 12 9 1 1 1 1 1 1
staticfield com/android/tools/r8/internal/Ao a Z 1
ciInstanceKlass com/android/tools/r8/graph/S0 1 1 107 1 8 1 1 7 1 7 1 1 1 1 1 16 1 12 10 15 16 1 7 1 1 12 10 15 1 1 12 18 1 7 1 1 12 10 1 1 1 12 10 12 9 1 1 100 1 12 11 1 1 1 100 1 8 1 100 1 1 12 10 1 1 1 7 1 12 10 1 1 1 16 12 10 15 1 12 18 1 7 1 12 10 1 1 1 100 1 100 1 12 10 1 100 11 1 1 1 12 10 1 1 1 1 1 1 1
ciInstanceKlass com/android/tools/r8/internal/so 1 1 126 1 8 1 1 100 1 7 1 1 1 100 1 1 12 9 1 1 12 9 1 100 1 12 10 1 100 1 12 10 1 12 10 1 1 1 1 12 9 1 1 1 8 1 1 8 1 1 1 1 1 1 12 9 1 100 1 12 10 1 8 1 100 1 1 12 10 15 1 12 18 1 100 1 12 10 1 12 10 1 1 100 1 1 12 9 1 100 1 12 10 1 100 1 12 10 1 100 1 12 10 1 12 10 1 12 10 1 1 1 1 100 1 1 12 10 1 100 1 12 11 1 1 1 1 1
ciInstanceKlass com/android/tools/r8/dex/U 1 1 563 1 8 1 1 7 1 7 1 100 1 7 1 7 1 7 1 1 7 1 7 1 7 1 1 7 1 7 1 7 1 7 1 1 1 1 1 1 1 1 1 1 1 1 1 1 1 1 1 1 1 1 1 12 10 1 7 10 12 9 12 9 1 7 1 12 10 12 9 12 9 12 9 12 9 12 9 12 9 12 9 12 9 12 9 1 1 1 1 1 1 1 1 7 1 1 7 1 1 12 10 12 9 1 1 7 1 1 12 10 1 7 1 12 10 1 12 9 7 1 1 12 10 1 12 10 1 12 10 1 12 10 1 1 12 10 1 100 10 1 1 12 10 1 7 1 12 9 1 7 1 12 10 1 7 1 12 10 1 7 1 1 12 10 1 7 12 9 1 7 1 7 12 9 1 7 1 7 12 9 1 7 1 12 9 1 7 12 9 1 7 1 1 12 10 1 12 10 10 1 100 1 1 12 10 1 12 10 1 7 1 12 11 1 1 12 10 1 100 1 12 10 12 9 1 1 12 10 1 7 1 12 10 1 12 9 7 12 9 1 12 10 1 12 9 100 12 9 9 1 12 10 1 12 9 12 10 1 12 9 100 9 1 12 9 100 9 1 7 10 1 7 1 1 12 10 1 7 1 12 11 1 1 12 11 12 10 1 7 1 1 12 10 1 7 1 12 10 1 7 9 1 12 10 1 1 12 11 1 12 10 1 7 11 12 9 1 12 10 1 100 12 10 1 100 1 12 10 1 100 9 12 9 1 12 10 1 100 10 1 100 10 1 100 10 1 100 10 1 100 10 1 12 10 10 1 100 9 10 1 100 10 1 100 10 1 100 10 1 100 10 1 100 10 10 10 1 12 10 1 100 10 1 12 10 1 12 10 1 12 11 1 12 11 1 12 10 12 11 1 7 10 12 11 1 1 12 11 1 7 11 11 11 3 1 12 10 10 12 9 1 1 12 10 1 12 10 1 12 10 1 12 10 1 12 10 1 12 10 1 7 1 12 10 9 1 12 9 12 9 1 1 12 10 1 12 10 9 9 9 12 9 10 1 12 10 12 9 1 100 1 8 1 100 1 1 12 10 15 1 12 18 1 12 10 10 12 9 1 1 12 10 1 7 11 16 12 10 15 1 16 1 7 1 1 12 10 15 1 1 12 18 1 1 12 11 1 12 10 1 7 1 7 12 9 1 12 10 1 7 10 10 1 7 1 7 1 12 11 1 12 11 1 1 12 10 1 7 11 12 9 12 10 15 18 1 1 1 1 1 1 1 1
staticfield com/android/tools/r8/dex/U l Z 1
ciInstanceKlass com/android/tools/r8/dex/T 1 1 53 1 8 1 1 7 1 7 1 7 1 1 1 1 1 1 1 1 1 12 10 12 9 1 100 10 1 7 12 9 12 9 12 9 1 1 7 1 1 12 10 1 1 12 10 1 12 10 1 1 1 1 1
staticfield com/android/tools/r8/dex/T d Z 1
ciMethodData java/lang/Object <init> ()V 2 70241924 orig 80 0 0 0 0 0 0 0 0 0 0 0 0 0 0 0 0 0 0 0 0 0 0 0 0 0 0 0 0 0 0 0 0 0 0 0 0 0 0 0 0 0 0 0 0 0 0 0 0 0 0 0 0 0 0 0 0 0 0 0 0 0 0 0 0 0 0 0 0 0 0 0 0 0 0 0 0 0 0 0 0 data 4 0x0 0x9 0x1 0x0 oops 0 methods 0
ciMethodData java/util/AbstractCollection <init> ()V 2 13340122 orig 80 0 0 0 0 0 0 0 0 0 0 0 0 0 0 0 0 0 0 0 0 0 0 0 0 0 0 0 0 0 0 0 0 0 0 0 0 0 0 0 0 0 0 0 0 0 0 0 0 0 0 0 0 0 0 0 0 0 0 0 0 0 0 0 0 0 0 0 0 0 0 0 0 0 0 0 0 0 0 0 0 data 7 0x10002 0xcc577f 0x0 0x0 0x9 0x1 0x0 oops 0 methods 0
ciMethod java/util/LinkedList <init> ()V 2 0 1514702 0 -1
ciMethod java/util/LinkedList toArray ([Ljava/lang/Object;)[Ljava/lang/Object; 238 14262 204 0 0
ciMethodData java/util/ArrayList add (Ljava/lang/Object;)Z 2 6209225 orig 80 1 0 0 0 0 0 0 0 0 0 0 0 0 0 0 0 0 0 0 0 0 0 0 0 0 0 0 0 0 0 0 0 0 0 0 0 0 0 0 0 0 0 0 0 0 0 0 0 0 0 0 0 0 0 0 0 0 0 0 0 0 0 0 0 0 0 0 0 0 0 0 0 0 0 0 0 0 0 0 0 data 17 0x140005 0x5f05e6 0x0 0x0 0x0 0x0 0x0 0x0 0x0 0x0 0x0 0x0 0x0 0x9 0x2 0xe 0x0 oops 0 methods 0
ciMethodData java/util/ArrayList add (Ljava/lang/Object;[Ljava/lang/Object;I)V 2 6220646 orig 80 0 0 0 0 0 0 0 0 0 0 0 0 0 0 0 0 0 0 0 0 0 0 0 0 0 0 0 0 0 0 0 0 0 0 0 0 0 0 0 0 0 0 0 0 0 0 0 0 0 0 0 0 0 0 0 0 0 0 0 0 0 0 0 0 0 0 0 0 0 0 0 0 0 0 0 0 0 0 0 0 data 30 0x30007 0x46f433 0x58 0x186665 0x70005 0x186706 0x0 0x0 0x0 0x0 0x0 0xe0104 0x0 0x0 0x21b9b47b1b0 0x1b78 0x21b9b47b260 0x15 0x0 0x0 0x0 0x0 0x0 0x0 0x9 0x4 0xc 0x0 0xffffffffffffffff 0x0 oops 2 14 sun/security/util/ManifestDigester$Section 16 sun/security/jca/ProviderConfig methods 0
ciMethodData java/util/ArrayList grow ()[Ljava/lang/Object; 2 1599209 orig 80 0 0 0 0 0 0 0 0 0 0 0 0 0 0 0 0 0 0 0 0 0 0 0 0 0 0 0 0 0 0 0 0 0 0 0 0 0 0 0 0 0 0 0 0 0 0 0 0 0 0 0 0 0 0 0 0 0 0 0 0 0 0 0 0 0 0 0 0 0 0 0 0 0 0 0 0 0 0 0 0 data 16 0x70005 0x1866d7 0x0 0x0 0x0 0x0 0x0 0x0 0x0 0x0 0x0 0x0 0x0 0x9 0x1 0xc oops 0 methods 0
ciMethodData java/util/ArrayList grow (I)[Ljava/lang/Object; 2 62454 orig 80 1 0 0 0 1 0 0 0 0 0 0 0 0 0 0 0 0 0 0 0 0 0 0 0 0 0 0 0 0 0 0 0 0 0 0 0 0 0 0 4 0 0 0 0 0 0 0 0 0 0 0 0 0 0 0 0 0 0 0 0 0 0 0 0 0 0 0 0 0 0 0 0 0 0 0 0 0 0 0 0 data 24 0x70007 0x48ab 0x40 0xab70 0x8000000600110007 0x6e46 0x40 0x3d45 0x1b0002 0x85e6 0x250002 0x85e8 0x310002 0x6e46 0x0 0x0 0x0 0x0 0x0 0x0 0x9 0x2 0xc 0x0 oops 0 methods 0
ciMethodData jdk/internal/util/ArraysSupport newLength (III)I 2 76710 orig 80 0 0 0 0 0 0 0 0 0 0 0 0 0 0 0 0 0 0 0 0 0 0 0 0 0 0 0 0 0 0 0 0 0 0 0 0 0 0 0 0 0 0 0 0 0 0 0 0 0 0 0 0 0 0 0 0 0 0 0 0 0 0 0 0 0 0 0 0 0 0 0 0 0 0 0 0 0 0 0 0 data 23 0x30002 0x12ba2 0xa0007 0x0 0x40 0x12ba2 0x100007 0x0 0x20 0x12ba5 0x170002 0x0 0x0 0x0 0x0 0x0 0x0 0x0 0x9 0x3 0x0 0x0 0x0 oops 0 methods 0
ciMethodData java/util/AbstractList <init> ()V 2 7611310 orig 80 0 0 0 0 0 0 0 0 0 0 0 0 0 0 0 0 0 0 0 0 0 0 0 0 0 0 0 0 0 0 0 0 0 0 0 0 0 0 0 0 0 0 0 0 0 0 0 0 0 0 0 0 0 0 0 0 0 0 0 0 0 0 0 0 0 0 0 0 0 0 0 0 0 0 0 0 0 0 0 0 data 9 0x10002 0x745375 0x0 0x0 0x0 0x0 0x9 0x1 0x6 oops 0 methods 0
ciMethodData java/util/ArrayList <init> ()V 2 4768110 orig 80 0 0 0 0 0 0 0 0 0 0 0 0 0 0 0 0 0 0 0 0 0 0 0 0 0 0 0 0 0 0 0 0 0 0 0 0 0 0 0 0 0 0 0 0 0 0 0 0 0 0 0 0 0 0 0 0 0 0 0 0 0 0 0 0 0 0 0 0 0 0 0 0 0 0 0 0 0 0 0 0 data 9 0x10002 0x48de71 0x0 0x0 0x0 0x0 0x9 0x1 0xe oops 0 methods 0
ciMethodData java/util/Arrays copyOf ([Ljava/lang/Object;I)[Ljava/lang/Object; 2 869947 orig 80 0 0 0 0 0 0 0 0 0 0 0 0 0 0 0 0 0 0 0 0 0 0 0 0 0 0 0 0 0 0 0 0 0 0 0 0 0 0 0 0 0 0 0 0 0 0 0 0 0 0 0 0 0 0 0 0 0 0 0 0 0 0 0 0 0 0 0 0 0 0 0 0 0 0 0 0 0 0 0 0 data 19 0x30005 0xd472f 0x0 0x0 0x0 0x0 0x0 0x60002 0xd47a7 0x0 0x0 0x0 0x0 0x0 0x0 0x9 0x2 0xffffffffffffffff 0x0 oops 0 methods 0
ciMethodData java/util/ArrayList$Itr next ()Ljava/lang/Object; 2 11399 orig 80 0 0 0 0 0 0 0 0 0 0 0 0 0 0 0 0 0 0 0 0 0 0 0 0 0 0 0 0 0 0 0 0 0 0 0 0 0 0 0 0 0 0 0 0 0 0 0 0 0 0 0 0 0 0 0 0 0 0 0 0 0 0 0 0 0 0 0 0 0 0 0 0 0 0 0 0 0 0 0 0 data 28 0x10005 0x2c87 0x0 0x0 0x0 0x0 0x0 0x110007 0x2c87 0x30 0x0 0x180002 0x0 0x270007 0x2c87 0x30 0x0 0x2e0002 0x0 0x0 0x0 0x0 0x0 0x0 0x0 0x9 0x1 0x6 oops 0 methods 0
ciMethodData java/lang/Class getComponentType ()Ljava/lang/Class; 2 152397 orig 80 0 0 0 0 0 0 0 0 0 0 0 0 0 0 0 0 0 0 0 0 0 0 0 0 0 0 0 0 0 0 0 0 0 0 0 0 0 0 0 0 0 0 0 0 0 0 0 0 0 0 0 0 0 0 0 0 0 0 0 0 0 0 0 0 0 0 0 0 0 0 0 0 0 0 0 0 0 0 0 0 data 20 0x10005 0x25366 0x0 0x0 0x0 0x0 0x0 0x40007 0x0 0x20 0x25503 0x0 0x0 0x0 0x0 0x0 0x0 0x9 0x1 0xffffffffffffffff oops 0 methods 0
ciMethodData java/lang/reflect/Array newInstance (Ljava/lang/Class;I)Ljava/lang/Object; 2 108468 orig 80 0 0 0 0 0 0 0 0 0 0 0 0 0 0 0 0 0 0 0 0 0 0 0 0 0 0 0 0 0 0 0 0 0 0 0 0 0 0 0 0 0 0 0 0 0 0 0 0 0 0 0 0 0 0 0 0 0 0 0 0 0 0 0 0 0 0 0 0 0 0 0 0 0 0 0 0 0 0 0 0 data 12 0x20002 0x1a7a2 0x0 0x0 0x0 0x0 0x0 0x0 0x9 0x2 0x0 0x0 oops 0 methods 0
ciMethod java/lang/AssertionError <init> ()V 0 0 1 0 -1
ciMethodData java/util/ArrayList get (I)Ljava/lang/Object; 2 11610761 orig 80 0 0 0 0 0 0 0 0 0 0 0 0 0 0 0 0 0 0 0 0 0 0 0 0 0 0 0 0 0 0 0 0 0 0 0 0 0 0 0 0 0 0 0 0 0 0 0 0 0 0 0 0 0 0 0 0 0 0 0 0 0 0 0 0 0 0 0 0 0 0 0 0 0 0 0 0 0 0 0 0 data 19 0x50002 0xb1e16c 0xb0005 0x0 0x0 0x21b555c4538 0xb1f82f 0x0 0x0 0x0 0x0 0x0 0x0 0x0 0x0 0x9 0x2 0x0 0x0 oops 1 5 java/util/ArrayList methods 0
ciMethodData java/util/Objects checkIndex (II)I 2 12039340 orig 80 0 0 0 0 0 0 0 0 0 0 0 0 0 0 0 0 0 0 0 0 0 0 0 0 0 0 0 0 0 0 0 0 0 0 0 0 0 0 0 0 0 0 0 0 0 0 0 0 0 0 0 0 0 0 0 0 0 0 0 0 0 0 0 0 0 0 0 0 0 0 0 0 0 0 0 0 0 0 0 0 data 12 0x30002 0xb7e88f 0x0 0x0 0x0 0x0 0x0 0x0 0x9 0x2 0x0 0x0 oops 0 methods 0
ciMethodData java/util/ArrayList elementData (I)Ljava/lang/Object; 2 12010671 orig 80 0 0 0 0 0 0 0 0 0 0 0 0 0 0 0 0 0 0 0 0 0 0 0 0 0 0 0 0 0 0 0 0 0 0 0 0 0 0 0 0 0 0 0 0 0 0 0 0 0 0 0 0 0 0 0 0 0 0 0 0 0 0 0 0 0 0 0 0 0 0 0 0 0 0 0 0 0 0 0 0 data 8 0x0 0x0 0x0 0x0 0x9 0x2 0x0 0x0 oops 0 methods 0
ciMethodData java/util/ArrayList toArray ([Ljava/lang/Object;)[Ljava/lang/Object; 2 96286 orig 80 2 0 0 0 0 0 0 0 0 0 0 0 0 0 0 0 0 0 0 0 1 0 1 0 0 0 0 0 0 0 0 0 0 0 0 0 0 0 0 0 0 0 0 0 0 0 0 0 0 0 0 0 0 0 0 0 0 0 0 0 0 0 0 0 0 0 0 0 0 0 0 0 0 0 0 0 0 0 0 0 data 36 0x60007 0x4bad 0x68 0x12ce4 0x120005 0x12d22 0x0 0x0 0x0 0x0 0x0 0x8000000400150002 0x12d4c 0x8000000600240002 0x4baa 0x2d0007 0x4bb7 0x58 0x0 0x360004 0x0 0x0 0x0 0x0 0x0 0x0 0x0 0x0 0x0 0x0 0x0 0x0 0x9 0x2 0x0 0xffffffffffffffff oops 0 methods 0
ciMethodData java/util/ArrayList iterator ()Ljava/util/Iterator; 2 8342322 orig 80 0 0 0 0 0 0 0 0 0 0 0 0 0 0 0 0 0 0 0 0 0 0 0 0 0 0 0 0 0 0 0 0 0 0 0 0 0 0 0 0 0 0 0 0 0 0 0 0 0 0 0 0 0 0 0 0 0 0 0 0 0 0 0 0 0 0 0 0 0 0 0 0 0 0 0 0 0 0 0 0 data 8 0x50002 0x7f72fb 0x0 0x0 0x0 0x9 0x1 0x0 oops 0 methods 0
ciMethodData java/util/ArrayList$Itr <init> (Ljava/util/ArrayList;)V 2 8346211 orig 80 0 0 0 0 0 0 0 0 0 0 0 0 0 0 0 0 0 0 0 0 0 0 0 0 0 0 0 0 0 0 0 0 0 0 0 0 0 0 0 0 0 0 0 0 0 0 0 0 0 0 0 0 0 0 0 0 0 0 0 0 0 0 0 0 0 0 0 0 0 0 0 0 0 0 0 0 0 0 0 0 data 10 0x60002 0x7f8258 0x0 0x0 0x0 0x0 0x9 0x2 0xc 0x0 oops 0 methods 0
ciMethodData java/util/IdentityHashMap hash (Ljava/lang/Object;I)I 2 289992 orig 80 0 0 0 0 0 0 0 0 0 0 0 0 0 0 0 0 0 0 0 0 0 0 0 0 0 0 0 0 0 0 0 0 0 0 0 0 0 0 0 0 0 0 0 0 0 0 0 0 0 0 0 0 0 0 0 0 0 0 0 0 0 0 0 0 0 0 0 0 0 0 0 0 0 0 0 0 0 0 0 0 data 12 0x10002 0x46cc4 0x0 0x0 0x0 0x0 0x0 0x0 0x9 0x2 0xffffffffffffffff 0x0 oops 0 methods 0
ciMethodData java/util/IdentityHashMap nextKeyIndex (II)I 2 230096 orig 80 0 0 0 0 0 0 0 0 0 0 0 0 0 0 0 0 0 0 0 0 0 0 0 0 0 0 0 0 0 0 0 0 0 0 0 0 0 0 0 0 0 0 0 0 0 0 0 0 0 0 0 0 0 0 0 0 0 0 0 0 0 0 0 0 0 0 0 0 0 0 0 0 0 0 0 0 0 0 0 0 data 12 0x40007 0x1175 0x38 0x373f1 0xa0003 0x3740f 0x18 0x0 0x9 0x2 0x0 0x0 oops 0 methods 0
ciMethod java/util/function/BooleanSupplier getAsBoolean ()Z 0 0 1 0 -1
ciMethodData java/util/IdentityHashMap maskNull (Ljava/lang/Object;)Ljava/lang/Object; 2 148716 orig 80 1 0 0 0 1 0 0 0 0 0 0 0 0 0 0 0 0 0 0 0 0 0 0 0 0 0 0 0 0 0 0 0 0 0 0 0 0 0 0 3 0 0 0 0 0 0 0 0 0 0 0 0 0 0 0 0 0 0 0 0 0 0 0 0 0 0 0 0 0 0 0 0 0 0 0 0 0 0 0 0 data 16 0x8000000600010007 0x23829 0x38 0xc0c 0x70003 0xc0c 0x18 0x0 0x0 0x0 0x0 0x0 0x0 0x9 0x1 0x0 oops 0 methods 0
ciMethodData java/util/IdentityHashMap get (Ljava/lang/Object;)Ljava/lang/Object; 2 15438 orig 80 1 0 0 0 0 0 0 0 0 0 0 0 0 0 0 0 0 0 0 0 0 0 0 0 0 0 0 0 0 0 0 0 0 0 0 0 0 0 0 8 0 0 0 0 0 0 0 0 0 0 0 0 0 0 0 0 0 0 0 0 0 0 0 0 0 0 0 0 0 0 0 0 0 0 0 0 0 0 0 0 data 27 0x10002 0x3c4f 0x110002 0x3c50 0x80000006001f0007 0x77a7 0x20 0x9c8 0x80000006002b0007 0x4519 0x20 0x3290 0x340002 0x4519 0x390003 0x4519 0xffffffffffffffb0 0x0 0x0 0x0 0x0 0x0 0x0 0x9 0x2 0x0 0x0 oops 0 methods 0
ciMethod java/util/LinkedList$ListItr hasNext ()Z 802 0 5209935 0 120
ciMethod java/util/LinkedList$ListItr next ()Ljava/lang/Object; 582 0 30735 0 664
ciMethod java/util/LinkedList$ListItr checkForComodification ()V 558 0 468495 0 128
ciMethodData java/util/LinkedList$ListItr hasNext ()Z 2 5209534 orig 80 0 0 0 0 0 0 0 0 0 0 0 0 0 0 0 0 0 0 0 0 0 0 0 0 0 0 0 0 0 0 0 0 0 0 0 0 0 0 0 0 0 0 0 0 0 0 0 0 0 0 0 0 0 0 0 0 0 0 0 0 0 0 0 0 0 0 0 0 0 0 0 0 0 0 0 0 0 0 0 0 data 14 0xb0007 0xd604b 0x38 0x424a37 0xf0003 0x425745 0x18 0x0 0x0 0x0 0x0 0x9 0x1 0x0 oops 0 methods 0
ciMethodData java/util/LinkedList$ListItr checkForComodification ()V 2 468219 orig 80 0 0 0 0 0 0 0 0 0 0 0 0 0 0 0 0 0 0 0 0 0 0 0 0 0 0 0 0 0 0 0 0 0 0 0 0 0 0 0 0 0 0 0 0 0 0 0 0 0 0 0 0 0 0 0 0 0 0 0 0 0 0 0 0 0 0 0 0 0 0 0 0 0 0 0 0 0 0 0 0 data 13 0xb0007 0x72571 0x30 0x0 0x120002 0x0 0x0 0x0 0x0 0x0 0x9 0x1 0x0 oops 0 methods 0
ciMethodData java/util/LinkedList$ListItr next ()Ljava/lang/Object; 2 30444 orig 80 0 0 0 0 0 0 0 0 0 0 0 0 0 0 0 0 0 0 0 0 0 0 0 0 0 0 0 0 0 0 0 0 0 0 0 0 0 0 0 0 0 0 0 0 0 0 0 0 0 0 0 0 0 0 0 0 0 0 0 0 0 0 0 0 0 0 0 0 0 0 0 0 0 0 0 0 0 0 0 0 data 29 0x10005 0x76ee 0x0 0x0 0x0 0x0 0x0 0x50005 0x0 0x0 0x21b557efe40 0x76f3 0x0 0x0 0x80007 0x76f7 0x30 0x0 0xf0002 0x0 0x0 0x0 0x0 0x0 0x0 0x0 0x9 0x1 0x0 oops 1 10 java/util/LinkedList$ListItr methods 0
ciMethod com/android/tools/r8/graph/n1 <init> ()V 552 0 1185476 0 80
ciMethod com/android/tools/r8/graph/E <init> ()V 782 0 580158 0 96
ciMethod com/android/tools/r8/graph/E k0 ()I 0 0 1 0 -1
ciMethod com/android/tools/r8/graph/E hashCode ()I 538 0 7355 0 152
ciMethod com/android/tools/r8/graph/E j (I)V 0 0 1 0 -1
ciMethod com/android/tools/r8/graph/u1 a (I)Lcom/android/tools/r8/graph/N0; 204 0 18795 0 -1
ciMethod com/android/tools/r8/graph/u1 b (I)Lcom/android/tools/r8/graph/O0$a; 28158 0 30167 0 3936
ciMethod com/android/tools/r8/graph/u1 c (I)Lcom/android/tools/r8/graph/O0$b; 1028 0 224805 0 -1
ciMethod com/android/tools/r8/graph/L2 a (Lcom/android/tools/r8/graph/L2;)I 4382 72842 252632 0 -1
ciMethod com/android/tools/r8/internal/qH a (ILjava/lang/Object;)Ljava/lang/Object; 78 0 12452 0 -1
ciMethod com/android/tools/r8/internal/qH get (I)Ljava/lang/Object; 4252 54 15935 0 520
ciMethod com/android/tools/r8/internal/qH isEmpty ()Z 4150 0 1110252 0 96
ciMethod com/android/tools/r8/internal/qH <init> (II)V 4182 0 19901 0 -1
ciMethod com/android/tools/r8/internal/wA a (I)I 1024 0 2429413 0 96
ciMethod com/android/tools/r8/graph/O0$b q0 ()I 516 0 2085 0 128
ciMethod com/android/tools/r8/graph/O0$b p0 ()I 516 0 1712 0 144
ciMethodData com/android/tools/r8/graph/E hashCode ()I 2 7086 orig 80 0 0 0 0 0 0 0 0 0 0 0 0 0 0 0 0 0 0 0 0 0 0 0 0 0 0 0 0 0 0 0 0 0 0 0 0 0 0 0 0 0 0 0 0 0 0 0 0 0 0 0 0 0 0 0 0 0 0 0 0 0 0 0 0 0 0 0 0 0 0 0 0 0 0 0 0 0 0 0 0 data 35 0x70007 0x147a 0x78 0x754 0xb0005 0x44a 0x0 0x21b557efef0 0x238 0x21b9e1da330 0xd4 0x110007 0x758 0x20 0x0 0x1e0007 0x1bc7 0x58 0x0 0x240005 0x0 0x0 0x0 0x0 0x0 0x0 0x0 0x0 0x0 0x0 0x0 0x0 0x9 0x1 0xffffffffffffffff oops 2 7 com/android/tools/r8/graph/L2 9 com/android/tools/r8/graph/M2 methods 0
ciMethodData com/android/tools/r8/graph/n1 <init> ()V 2 1185200 orig 80 0 0 0 0 0 0 0 0 0 0 0 0 0 0 0 0 0 0 0 0 0 0 0 0 0 0 0 0 0 0 0 0 0 0 0 0 0 0 0 0 0 0 0 0 0 0 0 0 0 0 0 0 0 0 0 0 0 0 0 0 0 0 0 0 0 0 0 0 0 0 0 0 0 0 0 0 0 0 0 0 data 7 0x10002 0x12374c 0x0 0x0 0x9 0x1 0x0 oops 0 methods 0
ciMethodData com/android/tools/r8/graph/E <init> ()V 2 579767 orig 80 0 0 0 0 0 0 0 0 0 0 0 0 0 0 0 0 0 0 0 0 0 0 0 0 0 0 0 0 0 0 0 0 0 0 0 0 0 0 0 0 0 0 0 0 0 0 0 0 0 0 0 0 0 0 0 0 0 0 0 0 0 0 0 0 0 0 0 0 0 0 0 0 0 0 0 0 0 0 0 0 data 8 0x20002 0x8d9c3 0x0 0x0 0x0 0x9 0x1 0x6 oops 0 methods 0
ciMethod com/android/tools/r8/graph/O2 size ()I 12158 0 491797 0 -1
ciMethod com/android/tools/r8/graph/j1 L0 ()V 4640 0 2203154 0 80
ciMethod com/android/tools/r8/graph/j1 V0 ()Lcom/android/tools/r8/graph/O2; 1024 0 72444 0 -1
ciMethod com/android/tools/r8/graph/j1 Q0 ()Lcom/android/tools/r8/graph/i0; 8090 0 1021358 0 88
ciMethod com/android/tools/r8/graph/i0 C ()Lcom/android/tools/r8/graph/J0; 0 0 1 0 -1
ciMethod com/android/tools/r8/graph/i0 <init> ()V 1024 0 204413 0 96
ciMethod com/android/tools/r8/graph/W0 <init> ()V 1024 0 69517 0 0
ciMethod com/android/tools/r8/graph/W0 a (Lcom/android/tools/r8/graph/J0;Lcom/android/tools/r8/graph/u1;)Lcom/android/tools/r8/graph/W0$a; 516 0 3518 0 -1
ciMethod com/android/tools/r8/graph/W0 a (II[Lcom/android/tools/r8/internal/Up;Lcom/android/tools/r8/graph/u1;)Lcom/android/tools/r8/graph/W0$a; 0 0 1 0 -1
ciMethod com/android/tools/r8/graph/W0 r0 ()Z 2118 0 30235 0 -1
ciMethod com/android/tools/r8/graph/W0 l0 ()Lcom/android/tools/r8/graph/W0$a; 0 0 1 0 -1
ciMethod com/android/tools/r8/graph/W0$a <init> (I[Lcom/android/tools/r8/graph/L2;[Lcom/android/tools/r8/graph/O0;)V 4098 0 71077 0 552
ciMethodData com/android/tools/r8/graph/i0 <init> ()V 2 203901 orig 80 0 0 0 0 0 0 0 0 0 0 0 0 0 0 0 0 0 0 0 0 0 0 0 0 0 0 0 0 0 0 0 0 0 0 0 0 0 0 0 0 0 0 0 0 0 0 0 0 0 0 0 0 0 0 0 0 0 0 0 0 0 0 0 0 0 0 0 0 0 0 0 0 0 0 0 0 0 0 0 0 data 7 0x10002 0x31c84 0x0 0x0 0x9 0x1 0x6 oops 0 methods 0
ciMethodData com/android/tools/r8/internal/wA a (I)I 2 2428901 orig 80 0 0 0 0 0 0 0 0 0 0 0 0 0 0 0 0 0 0 0 0 0 0 0 0 0 0 0 0 0 0 0 0 0 0 0 0 0 0 0 0 0 0 0 0 0 0 0 0 0 0 0 0 0 0 0 0 0 0 0 0 0 0 0 0 0 0 0 0 0 0 0 0 0 0 0 0 0 0 0 0 data 5 0x0 0x0 0x9 0x1 0x0 oops 0 methods 0
ciMethodData com/android/tools/r8/graph/j1 L0 ()V 2 2200871 orig 80 0 0 0 0 0 0 0 0 0 0 0 0 0 0 0 0 0 0 0 0 0 0 0 0 0 0 0 0 0 0 0 0 0 0 0 0 0 0 0 0 0 0 0 0 0 0 0 0 0 0 0 0 0 0 0 0 0 0 0 0 0 0 0 0 0 0 0 0 0 0 0 0 0 0 0 0 0 0 0 0 data 20 0x30007 0x219cf3 0x68 0x0 0xa0007 0x0 0x38 0x0 0xd0003 0x0 0x28 0x140002 0x0 0x0 0x0 0x0 0x0 0x9 0x1 0x0 oops 0 methods 0
ciMethodData com/android/tools/r8/graph/j1 Q0 ()Lcom/android/tools/r8/graph/i0; 2 1021583 orig 80 0 0 0 0 0 0 0 0 0 0 0 0 0 0 0 0 0 0 0 0 0 0 0 0 0 0 0 0 0 0 0 0 0 0 0 0 0 0 0 0 0 0 0 0 0 0 0 0 0 0 0 0 0 0 0 0 0 0 0 0 0 0 0 0 0 0 0 0 0 0 0 0 0 0 0 0 0 0 0 0 data 16 0x20005 0xf99d7 0x0 0x0 0x0 0x0 0x0 0x0 0x0 0x0 0x0 0x0 0x0 0x9 0x1 0x0 oops 0 methods 0
ciMethod com/android/tools/r8/internal/Up u ()I 328 0 164 0 0
ciMethod com/android/tools/r8/internal/Up e (I)V 386 0 193 0 -1
ciMethod com/android/tools/r8/internal/Up M ()Z 16 0 12 0 -1
ciMethod com/android/tools/r8/internal/Up L ()Z 800 0 5680 0 -1
ciMethod com/android/tools/r8/internal/Up B ()Z 286 0 143 0 -1
ciMethod com/android/tools/r8/internal/Up w ()I 0 0 1 0 -1
ciMethod com/android/tools/r8/internal/Up y ()I 0 0 1 0 -1
ciMethod com/android/tools/r8/internal/rr <init> ()V 1024 0 164227 0 -1
ciMethod com/android/tools/r8/internal/An y ()I 272 0 136 0 -1
ciMethod com/android/tools/r8/internal/ro O ()Lcom/android/tools/r8/graph/L2; 4110 0 33562 0 -1
ciMethodData com/android/tools/r8/internal/qH get (I)Ljava/lang/Object; 2 13809 orig 80 0 0 0 0 0 0 0 0 0 0 0 0 0 0 0 0 0 0 0 0 0 0 0 0 0 0 0 0 0 0 0 0 0 0 0 0 0 0 0 0 0 0 0 0 0 0 0 0 0 0 0 0 0 0 0 0 0 0 0 0 0 0 0 0 0 0 0 0 0 0 0 0 0 0 0 0 0 0 0 0 data 38 0x10007 0x2f16 0x40 0x6e0 0x80007 0xd0 0x20 0x60f 0x1e0002 0x2f18 0x2c0007 0x2153 0x20 0xdcc 0x340007 0x21f 0x20 0x1f34 0x4d0007 0x245 0x20 0xa2 0x550007 0xc8 0xffffffffffffffe0 0x17d 0x0 0x0 0x0 0x0 0x0 0x0 0x0 0x0 0x9 0x2 0x0 0x0 oops 0 methods 0
ciMethod com/android/tools/r8/graph/J0 C ()Lcom/android/tools/r8/graph/J0; 1024 0 1644 0 80
ciMethod com/android/tools/r8/graph/J0 E0 ()Lcom/android/tools/r8/graph/W0; 266 0 133 0 -1
ciMethod com/android/tools/r8/graph/J0 k0 ()I 1024 0 72194 0 3944
ciMethod com/android/tools/r8/graph/J0 <init> (III[Lcom/android/tools/r8/internal/Up;[Lcom/android/tools/r8/graph/J0$a;[Lcom/android/tools/r8/graph/J0$b;Lcom/android/tools/r8/graph/W0;)V 510 0 3432 0 0
ciMethod com/android/tools/r8/graph/J0 <init> (III[Lcom/android/tools/r8/internal/Up;[Lcom/android/tools/r8/graph/J0$a;[Lcom/android/tools/r8/graph/J0$b;Lcom/android/tools/r8/graph/W0;Lcom/android/tools/r8/internal/v8;)V 4182 0 73791 0 1368
ciMethod com/android/tools/r8/internal/Js P ()[I 0 0 1 0 -1
ciMethod com/android/tools/r8/internal/Br P ()[I 256 0 42 0 0
ciMethod com/android/tools/r8/internal/ts P ()[I 258 0 12 0 0
ciMethod com/android/tools/r8/graph/U0 a (IILjava/util/List;Lcom/android/tools/r8/graph/u1;)V 4726 0 226701 0 15760
ciMethod com/android/tools/r8/internal/wp <init> (I)V 0 0 1 0 -1
ciMethod com/android/tools/r8/internal/vp <init> (I)V 166 0 3169 0 -1
ciMethod com/android/tools/r8/graph/J0$a <init> (III)V 4096 0 5519 0 0
ciMethod com/android/tools/r8/graph/J0$b <init> ([Lcom/android/tools/r8/graph/J0$b$a;I)V 4096 0 4588 0 0
ciMethod com/android/tools/r8/internal/qU a (I)I 3334 0 1862 0 -1
ciMethodData com/android/tools/r8/internal/qH isEmpty ()Z 2 1108336 orig 80 0 0 0 0 0 0 0 0 0 0 0 0 0 0 0 0 0 0 0 0 0 0 0 0 0 0 0 0 0 0 0 0 0 0 0 0 0 0 0 0 0 0 0 0 0 0 0 0 0 0 0 0 0 0 0 0 0 0 0 0 0 0 0 0 0 0 0 0 0 0 0 0 0 0 0 0 0 0 0 0 data 11 0x40007 0x43fd3 0x20 0xcaaff 0x0 0x0 0x0 0x0 0x9 0x1 0x0 oops 0 methods 0
ciMethod com/android/tools/r8/graph/J0$b$a <init> (ILcom/android/tools/r8/graph/M2;)V 4100 0 3209 0 0
ciMethod com/android/tools/r8/graph/J0$b$a getType ()Lcom/android/tools/r8/graph/M2; 26 0 13 0 0
ciMethodData com/android/tools/r8/graph/U0 a (IILjava/util/List;Lcom/android/tools/r8/graph/u1;)V 2 224338 orig 80 0 0 0 0 0 0 0 0 0 0 0 0 0 0 0 0 0 0 0 0 0 0 0 0 0 0 0 0 0 0 0 0 0 0 0 0 0 0 0 0 0 0 0 0 0 0 0 0 0 0 0 0 0 0 0 0 0 0 0 0 0 0 0 0 0 0 0 0 0 0 0 0 0 0 0 0 0 0 0 0 data 95 0x30007 0x2a56 0x40 0x34204 0xc0007 0x32352 0x90 0x1f06 0x120005 0x495c 0x0 0x0 0x0 0x0 0x0 0x150005 0x0 0x0 0x21b555c4538 0x495c 0x0 0x0 0x320007 0x35721 0xa8 0x151f 0x380005 0x151f 0x0 0x0 0x0 0x0 0x0 0x3b0005 0x0 0x0 0x21b555c4538 0x151f 0x0 0x0 0x410003 0x151f 0x18 0x4c0007 0x36c1f 0x68 0x0 0x520007 0x0 0x38 0x0 0x550003 0x0 0x28 0x5c0002 0x0 0x610007 0x36c3a 0x68 0x0 0x680007 0x0 0x38 0x0 0x6b0003 0x0 0x28 0x720002 0x0 0x790005 0x36c1a 0x0 0x0 0x0 0x0 0x0 0x7c0005 0x0 0x0 0x21b555c4538 0x36df4 0x0 0x0 0x0 0x0 0x0 0x0 0x0 0x0 0x9 0x4 0x0 0x0 0xffffffffffffffff 0x0 oops 3 18 java/util/ArrayList 36 java/util/ArrayList 79 java/util/ArrayList methods 0
ciMethodData com/android/tools/r8/graph/u1 a (I)Lcom/android/tools/r8/graph/N0; 2 18693 orig 80 0 0 0 0 0 0 0 0 0 0 0 0 0 0 0 0 0 0 0 0 0 0 0 0 0 0 0 0 0 0 0 0 0 0 0 0 0 0 0 0 0 0 0 0 0 0 0 0 0 0 0 0 0 0 0 0 0 0 0 0 0 0 0 0 0 0 0 0 0 0 0 0 0 0 0 0 0 0 0 0 data 30 0xc0002 0x4905 0xf000a 0x4905 0x1 0x21b9d417718 0x140005 0x0 0x0 0x21b9b1a7850 0x4905 0x0 0x0 0x190004 0x0 0x0 0x21ba1ce9a00 0x4905 0x0 0x0 0x0 0x0 0x0 0x0 0x0 0x0 0x9 0x2 0x0 0x0 oops 3 5  @bci com/android/tools/r8/graph/u1 a (I)Lcom/android/tools/r8/graph/N0; 15 <appendix> argL0 ; 9 com/android/tools/r8/internal/qH 16 com/android/tools/r8/graph/N0 methods 0
ciMethodData com/android/tools/r8/graph/u1 b (I)Lcom/android/tools/r8/graph/O0$a; 2 18180 orig 80 0 0 0 0 0 0 0 0 0 0 0 0 0 0 0 0 0 0 0 0 0 0 0 0 0 0 0 0 0 0 0 0 0 0 0 0 0 0 0 0 0 0 0 0 0 0 0 0 0 0 0 0 0 0 0 0 0 0 0 0 0 0 0 0 0 0 0 0 0 0 0 0 0 0 0 0 0 0 0 0 data 30 0xc0002 0x4705 0xf000a 0x4705 0x1 0x21b9d415f20 0x140005 0x0 0x0 0x21b9b1a7850 0x4705 0x0 0x0 0x190004 0x0 0x0 0x21b557efa20 0x4705 0x0 0x0 0x0 0x0 0x0 0x0 0x0 0x0 0x9 0x2 0x0 0x0 oops 3 5  @bci com/android/tools/r8/graph/u1 b (I)Lcom/android/tools/r8/graph/O0$a; 15 <appendix> argL0 ; 9 com/android/tools/r8/internal/qH 16 com/android/tools/r8/graph/O0$a methods 0
ciMethodData com/android/tools/r8/graph/J0 k0 ()I 2 71682 orig 80 0 0 0 0 0 0 0 0 0 0 0 0 0 0 0 0 0 0 0 0 0 0 0 0 0 0 0 0 0 0 0 0 0 0 0 0 0 0 0 0 0 0 0 0 0 0 0 0 0 0 0 0 0 0 0 0 0 0 0 0 0 0 0 0 0 0 0 0 0 0 0 0 0 0 0 0 0 0 0 0 data 29 0x1d0002 0x117f2 0x2b0007 0x10dbb 0x38 0xba2 0x2f0003 0xba2 0x50 0x330005 0x10dba 0x0 0x0 0x0 0x0 0x0 0x410002 0x119a0 0x4d0002 0x119a7 0x0 0x0 0x0 0x0 0x0 0x0 0x9 0x1 0x0 oops 0 methods 0
ciMethodData com/android/tools/r8/graph/J0 <init> (III[Lcom/android/tools/r8/internal/Up;[Lcom/android/tools/r8/graph/J0$a;[Lcom/android/tools/r8/graph/J0$b;Lcom/android/tools/r8/graph/W0;Lcom/android/tools/r8/internal/v8;)V 2 71700 orig 80 0 0 0 0 0 0 0 0 0 0 0 0 0 0 0 0 0 0 0 0 0 0 0 0 0 0 0 0 0 0 0 0 0 0 0 0 0 0 0 0 0 0 0 0 0 0 0 0 0 0 0 0 0 0 0 0 0 0 0 0 0 0 0 0 0 0 0 0 0 0 0 0 0 0 0 0 0 0 0 0 data 147 0x60002 0x1181a 0x330007 0x118d5 0x68 0x0 0x380007 0x0 0x38 0x0 0x3b0003 0x0 0x28 0x420002 0x0 0x470007 0x118bc 0x68 0x0 0x4c0007 0x0 0x38 0x0 0x4f0003 0x0 0x28 0x560002 0x0 0x5b0007 0x11890 0x68 0x0 0x600007 0x0 0x38 0x0 0x630003 0x0 0x28 0x6a0002 0x0 0x6f0007 0x1183a 0x288 0x0 0x740007 0x0 0x268 0x0 0x790005 0x0 0x0 0x0 0x0 0x0 0x0 0x7c0007 0x0 0x210 0x0 0x810005 0x0 0x0 0x0 0x0 0x0 0x0 0x8e0007 0x0 0x1b8 0x0 0x950005 0x0 0x0 0x0 0x0 0x0 0x0 0x990004 0x0 0x0 0x0 0x0 0x0 0x0 0x9c0007 0x0 0x38 0x0 0x9f0003 0x0 0x108 0xa50007 0x0 0xd8 0x0 0xac0005 0x0 0x0 0x0 0x0 0x0 0x0 0xb00004 0x0 0x0 0x0 0x0 0x0 0x0 0xb30007 0x0 0x38 0x0 0xb60003 0x0 0x28 0xbd0002 0x0 0xc40003 0x0 0xfffffffffffffe60 0xc80005 0x1182f 0x0 0x0 0x0 0x0 0x0 0x0 0x0 0x0 0x0 0x0 0x0 0x0 0x9 0x9 0x0 0x0 0x0 0x0 0x0 0x0 0x0 0x0 0x0 oops 0 methods 0
ciMethodData com/android/tools/r8/graph/J0$a <init> (III)V 2 3497 orig 80 0 0 0 0 0 0 0 0 0 0 0 0 0 0 0 0 0 0 0 0 0 0 0 0 0 0 0 0 0 0 0 0 0 0 0 0 0 0 0 0 0 0 0 0 0 0 0 0 0 0 0 0 0 0 0 0 0 0 0 0 0 0 0 0 0 0 0 0 0 0 0 0 0 0 0 0 0 0 0 0 data 29 0x80002 0xda9 0x1b0007 0xda9 0x78 0x0 0x1f0002 0x0 0x220007 0x0 0x38 0x0 0x250003 0x0 0x28 0x2c0002 0x0 0x0 0x0 0x0 0x0 0x0 0x0 0x9 0x4 0xe 0x0 0x0 0x0 oops 0 methods 0
ciMethodData com/android/tools/r8/graph/J0$b$a <init> (ILcom/android/tools/r8/graph/M2;)V 2 1181 orig 80 0 0 0 0 0 0 0 0 0 0 0 0 0 0 0 0 0 0 0 0 0 0 0 0 0 0 0 0 0 0 0 0 0 0 0 0 0 0 0 0 0 0 0 0 0 0 0 0 0 0 0 0 0 0 0 0 0 0 0 0 0 0 0 0 0 0 0 0 0 0 0 0 0 0 0 0 0 0 0 0 data 11 0x30002 0x49d 0x0 0x0 0x0 0x0 0x9 0x3 0x6 0x0 0x0 oops 0 methods 0
ciMethodData com/android/tools/r8/graph/J0$b <init> ([Lcom/android/tools/r8/graph/J0$b$a;I)V 2 2563 orig 80 0 0 0 0 0 0 0 0 0 0 0 0 0 0 0 0 0 0 0 0 0 0 0 0 0 0 0 0 0 0 0 0 0 0 0 0 0 0 0 0 0 0 0 0 0 0 0 0 0 0 0 0 0 0 0 0 0 0 0 0 0 0 0 0 0 0 0 0 0 0 0 0 0 0 0 0 0 0 0 0 data 11 0x30002 0xa03 0x0 0x0 0x0 0x0 0x9 0x3 0x6 0x0 0x0 oops 0 methods 0
ciMethodData com/android/tools/r8/graph/W0$a <init> (I[Lcom/android/tools/r8/graph/L2;[Lcom/android/tools/r8/graph/O0;)V 2 69028 orig 80 0 0 0 0 0 0 0 0 0 0 0 0 0 0 0 0 0 0 0 0 0 0 0 0 0 0 0 0 0 0 0 0 0 0 0 0 0 0 0 0 0 0 0 0 0 0 0 0 0 0 0 0 0 0 0 0 0 0 0 0 0 0 0 0 0 0 0 0 0 0 0 0 0 0 0 0 0 0 0 0 data 25 0x10002 0x10db4 0x70007 0x10ece 0x68 0x0 0xb0007 0x0 0x38 0x0 0xe0003 0x0 0x28 0x150002 0x0 0x0 0x0 0x0 0x0 0x9 0x4 0xe 0x0 0x0 0x0 oops 0 methods 0
ciMethodData com/android/tools/r8/graph/W0 <init> ()V 2 69005 orig 80 0 0 0 0 0 0 0 0 0 0 0 0 0 0 0 0 0 0 0 0 0 0 0 0 0 0 0 0 0 0 0 0 0 0 0 0 0 0 0 0 0 0 0 0 0 0 0 0 0 0 0 0 0 0 0 0 0 0 0 0 0 0 0 0 0 0 0 0 0 0 0 0 0 0 0 0 0 0 0 0 data 7 0x10002 0x10d83 0x0 0x0 0x9 0x1 0x6 oops 0 methods 0
ciMethodData com/android/tools/r8/graph/O0$b q0 ()I 2 7133 orig 80 0 0 0 0 0 0 0 0 0 0 0 0 0 0 0 0 0 0 0 0 0 0 0 0 0 0 0 0 0 0 0 0 0 0 0 0 0 0 0 0 0 0 0 0 0 0 0 0 0 0 0 0 0 0 0 0 0 0 0 0 0 0 0 0 0 0 0 0 0 0 0 0 0 0 0 0 0 0 0 0 data 7 0x0 0x0 0x0 0x0 0x9 0x1 0x0 oops 0 methods 0
ciMethodData com/android/tools/r8/graph/O0$b p0 ()I 2 4192 orig 80 0 0 0 0 0 0 0 0 0 0 0 0 0 0 0 0 0 0 0 0 0 0 0 0 0 0 0 0 0 0 0 0 0 0 0 0 0 0 0 0 0 0 0 0 0 0 0 0 0 0 0 0 0 0 0 0 0 0 0 0 0 0 0 0 0 0 0 0 0 0 0 0 0 0 0 0 0 0 0 0 data 7 0x0 0x0 0x0 0x0 0x9 0x1 0x0 oops 0 methods 0
ciMethodData com/android/tools/r8/graph/J0 <init> (III[Lcom/android/tools/r8/internal/Up;[Lcom/android/tools/r8/graph/J0$a;[Lcom/android/tools/r8/graph/J0$b;Lcom/android/tools/r8/graph/W0;)V 2 3416 orig 80 0 0 0 0 0 0 0 0 0 0 0 0 0 0 0 0 0 0 0 0 0 0 0 0 0 0 0 0 0 0 0 0 0 0 0 0 0 0 0 0 0 0 0 0 0 0 0 0 0 0 0 0 0 0 0 0 0 0 0 0 0 0 0 0 0 0 0 0 0 0 0 0 0 0 0 0 0 0 0 0 data 16 0x110002 0xd58 0x0 0x0 0x0 0x0 0x9 0x8 0x0 0x0 0x0 0x0 0x0 0x0 0x0 0x0 oops 0 methods 0
ciMethodData java/util/LinkedList toArray ([Ljava/lang/Object;)[Ljava/lang/Object; 2 318 orig 80 0 0 0 0 0 0 0 0 0 0 0 0 0 0 0 0 0 0 0 0 0 0 0 0 0 0 0 0 0 0 0 0 0 0 0 0 0 0 0 0 0 0 0 0 0 0 0 0 0 0 0 0 0 0 0 0 0 0 0 0 0 0 0 0 0 0 0 0 0 0 0 0 0 0 0 0 0 0 0 0 data 62 0x60007 0x0 0xd8 0x13e 0xa0005 0x13e 0x0 0x0 0x0 0x0 0x0 0xd0005 0x13e 0x0 0x0 0x0 0x0 0x0 0x140002 0x13e 0x170004 0x0 0x0 0x21b557f0588 0x13e 0x0 0x0 0x270007 0x13e 0x70 0x3b1a 0x340004 0x0 0x0 0x21b557ef810 0x786 0x21b9d70ca28 0x552 0x3c0003 0x3b1a 0xffffffffffffffa8 0x450007 0x13e 0x58 0x0 0x4e0004 0x0 0x0 0x0 0x0 0x0 0x0 0x0 0x0 0x0 0x0 0x0 0x0 0x9 0x2 0x0 0x0 oops 3 23 [Lcom/android/tools/r8/internal/Up; 34 com/android/tools/r8/internal/sq 36 com/android/tools/r8/internal/Vq methods 0
ciMethodData com/android/tools/r8/graph/J0 C ()Lcom/android/tools/r8/graph/J0; 2 1132 orig 80 0 0 0 0 0 0 0 0 0 0 0 0 0 0 0 0 0 0 0 0 0 0 0 0 0 0 0 0 0 0 0 0 0 0 0 0 0 0 0 0 0 0 0 0 0 0 0 0 0 0 0 0 0 0 0 0 0 0 0 0 0 0 0 0 0 0 0 0 0 0 0 0 0 0 0 0 0 0 0 0 data 5 0x0 0x0 0x9 0x1 0x0 oops 0 methods 0
ciMethod com/android/tools/r8/internal/so <init> (ILcom/android/tools/r8/graph/L2;)V 468 0 436 0 -1
ciMethod com/android/tools/r8/dex/U a ()Lcom/android/tools/r8/graph/J0; 44 7524 203 0 -1
ciMethod com/android/tools/r8/dex/U a (Lcom/android/tools/r8/graph/J0;)[Lcom/android/tools/r8/graph/J0$a; 0 0 1 0 0
ciMethod com/android/tools/r8/dex/U a (Lcom/android/tools/r8/internal/Up;Lcom/android/tools/r8/internal/Up;)V 214 12442 436 0 -1
ciMethod com/android/tools/r8/dex/T <init> (Lcom/android/tools/r8/internal/Up;Lcom/android/tools/r8/internal/Up;Z)V 14 0 28 0 -1
ciMethod com/android/tools/r8/dex/T a ()I 14 0 28 0 0
ciMethodData com/android/tools/r8/dex/U a ()Lcom/android/tools/r8/graph/J0; 2 181 orig 80 0 0 0 0 0 0 0 0 0 0 0 0 0 0 0 0 0 0 0 0 0 0 0 0 0 0 0 0 0 0 0 0 0 0 0 0 0 0 0 0 0 0 0 0 0 0 0 0 0 0 0 0 0 0 0 0 0 0 0 0 0 0 0 0 0 0 0 0 0 0 0 0 0 0 0 0 0 0 0 0 data 3121 0x80002 0xb5 0xf0005 0x0 0x0 0x21b9edb4cc0 0xb5 0x0 0x0 0x120005 0x0 0x0 0x21b9edae9d8 0xb5 0x0 0x0 0x260007 0xb5 0x100 0x28e9 0x310005 0x2781 0x0 0x21b9edb4d70 0x38 0x21b9edb4e20 0x130 0x360005 0x28e9 0x0 0x0 0x0 0x0 0x0 0x3c0005 0x2781 0x0 0x21b9edb4d70 0x38 0x21b9edb4e20 0x130 0x3f0007 0x28d4 0x20 0x15 0x470003 0x28e9 0xffffffffffffff18 0x4b0007 0xa8 0x230 0xd 0x570007 0xd 0x210 0x73c 0x610005 0x692 0x0 0x21b9edb4ed0 0x6a 0x21b9edb4f80 0x40 0x640007 0x727 0x1a0 0x15 0x6b0005 0x4 0x0 0x21b9edb5030 0x5 0x21b9edb50e0 0xc 0x700005 0x4 0x0 0x21b9edb5030 0x5 0x21b9edb50e0 0xc 0x760005 0x15 0x0 0x0 0x0 0x0 0x0 0x790004 0x0 0x0 0x21b9edb5190 0x5 0x21b9edb5240 0xc 0x810007 0x15 0x68 0x0 0x860007 0x0 0x38 0x0 0x890003 0x0 0x28 0x900002 0x0 0x9c0005 0x0 0x0 0x21b9edb52f0 0x15 0x0 0x0 0xa30003 0x73c 0xfffffffffffffe08 0xaa0005 0x0 0x0 0x21b9edb4cc0 0xb5 0x0 0x0 0xad0005 0x0 0x0 0x21b9edae9d8 0xb5 0x0 0x0 0xbf0007 0xb5 0x1148 0x28e9 0xc90004 0xffffffffffffd7f4 0x0 0x21b9edb4d70 0x1a 0x21b9edb4e20 0x108 0xcc0007 0x280c 0x220 0xdd 0xd20004 0x0 0x0 0x21b9edb53a0 0x48 0x21b9edb5450 0x2b 0xd80005 0x6a 0x0 0x21b9edb53a0 0x48 0x21b9edb5450 0x2b 0xe10005 0xdd 0x0 0x0 0x0 0x0 0x0 0xe40004 0x0 0x0 0x21b9edb5500 0x5 0x21b557ef340 0x20 0xec0007 0xdd 0x68 0x0 0xf10007 0x0 0x38 0x0 0xf40003 0x0 0x28 0xfb0002 0x0 0x10d0004 0x0 0x0 0x21b9edb5500 0x5 0x21b557ef340 0x20 0x10f0002 0xdd 0x1200002 0xdd 0x1230002 0xdd 0x12b0005 0x0 0x0 0x21b9edb52f0 0xdd 0x0 0x0 0x12f0003 0xdd 0xed0 0x1340004 0xffffffffffffd9cc 0x0 0x21b9edb4d70 0x1a 0x21b9edb4e20 0x108 0x1370007 0x2634 0x220 0x1d8 0x13d0004 0x0 0x0 0x21b557ef3f0 0x12b 0x21b557ef4a0 0x81 0x1430005 0x2c 0x0 0x21b557ef3f0 0x12b 0x21b557ef4a0 0x81 0x14c0005 0x1d8 0x0 0x0 0x0 0x0 0x0 0x14f0004 0x0 0x0 0x21b9edb4ed0 0x1a 0x21b557ef550 0xa 0x1570007 0x1d8 0x68 0x0 0x15c0007 0x0 0x38 0x0 0x15f0003 0x0 0x28 0x1660002 0x0 0x1780004 0x0 0x0 0x21b9edb4ed0 0x1a 0x21b557ef550 0xa 0x17a0002 0x1d8 0x18b0002 0x1d8 0x18e0002 0x1d8 0x1960005 0x0 0x0 0x21b9edb52f0 0x1d8 0x0 0x0 0x19a0003 0x1d8 0xc78 0x19f0004 0xffffffffffffdb48 0x0 0x21b9edb4d70 0x1a 0x21b9edb4e20 0x108 0x1a20007 0x24b8 0x220 0x17c 0x1a80004 0x0 0x0 0x21b557ef600 0x17c 0x0 0x0 0x1ae0005 0x0 0x0 0x21b557ef600 0x17c 0x0 0x0 0x1b70005 0x17c 0x0 0x0 0x0 0x0 0x0 0x1ba0004 0x0 0x0 0x21b557ef550 0xe 0x21b557ef6b0 0xc 0x1c20007 0x17c 0x68 0x0 0x1c70007 0x0 0x38 0x0 0x1ca0003 0x0 0x28 0x1d10002 0x0 0x1e30004 0x0 0x0 0x21b557ef550 0xe 0x21b557ef6b0 0xc 0x1e50002 0x17c 0x1f60002 0x17c 0x1f90002 0x17c 0x2010005 0x0 0x0 0x21b9edb52f0 0x17c 0x0 0x0 0x2050003 0x17c 0xa20 0x20a0004 0xffffffffffffdb9d 0x0 0x21b9edb4d70 0x1a 0x21b9edb4e20 0x108 0x20d0007 0x2463 0x220 0x55 0x2130004 0x0 0x0 0x21b557ef760 0x55 0x0 0x0 0x2190005 0x0 0x0 0x21b557ef760 0x55 0x0 0x0 0x2220005 0x55 0x0 0x0 0x0 0x0 0x0 0x2250004 0x0 0x0 0x21b9edb53a0 0x3 0x21b557ef550 0xe 0x22d0007 0x55 0x68 0x0 0x2320007 0x0 0x38 0x0 0x2350003 0x0 0x28 0x23c0002 0x0 0x24e0004 0x0 0x0 0x21b9edb53a0 0x3 0x21b557ef550 0xe 0x2500002 0x55 0x2610002 0x55 0x2640002 0x55 0x26c0005 0x0 0x0 0x21b9edb52f0 0x55 0x0 0x0 0x2700003 0x55 0x7c8 0x2750004 0xffffffffffffdb9d 0x0 0x21b9edb4d70 0x1a 0x21b9edb4e20 0x108 0x2780007 0x2463 0x220 0x0 0x27e0004 0x0 0x0 0x0 0x0 0x0 0x0 0x2840005 0x0 0x0 0x0 0x0 0x0 0x0 0x28d0005 0x0 0x0 0x0 0x0 0x0 0x0 0x2900004 0x0 0x0 0x0 0x0 0x0 0x0 0x2980007 0x0 0x68 0x0 0x29d0007 0x0 0x38 0x0 0x2a00003 0x0 0x28 0x2a70002 0x0 0x2b90004 0x0 0x0 0x0 0x0 0x0 0x0 0x2bb0002 0x0 0x2cc0002 0x0 0x2cf0002 0x0 0x2d70005 0x0 0x0 0x0 0x0 0x0 0x0 0x2db0003 0x0 0x570 0x2e00005 0x22fb 0x0 0x21b9edb4d70 0x38 0x21b9edb4e20 0x130 0x2e30007 0x244e 0x220 0x15 0x2e90004 0x0 0x0 0x21b9edb5030 0x5 0x21b9edb50e0 0xc 0x2ef0005 0x4 0x0 0x21b9edb5030 0x5 0x21b9edb50e0 0xc 0x2f80005 0x15 0x0 0x0 0x0 0x0 0x0 0x2fb0004 0x0 0x0 0x21b9edb5190 0x5 0x21b9edb5240 0xc 0x3030007 0x15 0x68 0x0 0x3080007 0x0 0x38 0x0 0x30b0003 0x0 0x28 0x3120002 0x0 0x3240004 0x0 0x0 0x21b9edb5190 0x5 0x21b9edb5240 0xc 0x3260002 0x15 0x3370002 0x15 0x33a0002 0x15 0x3420005 0x0 0x0 0x21b9edb52f0 0x15 0x0 0x0 0x3460003 0x15 0x318 0x34b0004 0xffffffffffffdbc3 0x0 0x21b9edb4d70 0x1a 0x21b9edb4e20 0x108 0x34e0007 0x243d 0x2c8 0x11 0x3530004 0x0 0x0 0x21b9edb5190 0x5 0x21b9edb5240 0xc 0x3560005 0x0 0x0 0x21b9edb5190 0x5 0x21b9edb5240 0xc 0x3610005 0x0 0x0 0x21b9edb52f0 0x11 0x0 0x0 0x3640004 0x0 0x0 0x21b9edb5030 0x5 0x21b9edb50e0 0xc 0x3670005 0x0 0x0 0x21b9edb5030 0x5 0x21b9edb50e0 0xc 0x3720002 0x11 0x37d0007 0x11 0x148 0x76 0x3890005 0x76 0x0 0x0 0x0 0x0 0x0 0x38c0004 0x0 0x0 0x21b9edb4ed0 0x2d 0x21b557ef810 0x18 0x3940007 0x76 0x68 0x0 0x3990007 0x0 0x38 0x0 0x39c0003 0x0 0x28 0x3a30002 0x0 0x3ab0005 0x0 0x0 0x21b555c4538 0x76 0x0 0x0 0x3b20003 0x76 0xfffffffffffffed0 0x3bd0005 0x0 0x0 0x21b9edb52f0 0x11 0x0 0x0 0x3c40003 0x28e9 0xffffffffffffeed0 0x3cb0005 0x0 0x0 0x21b9edb4cc0 0xb5 0x0 0x0 0x3ce0005 0x0 0x0 0x21b9edae9d8 0xb5 0x0 0x0 0x3d50002 0xb5 0x3da0007 0xb5 0x208 0x0 0x3e10005 0x0 0x0 0x0 0x0 0x0 0x0 0x3e60007 0x0 0x578 0x0 0x3ed0005 0x0 0x0 0x0 0x0 0x0 0x0 0x3f00005 0x0 0x0 0x0 0x0 0x0 0x0 0x3f80005 0x0 0x0 0x0 0x0 0x0 0x0 0x3fb0005 0x0 0x0 0x0 0x0 0x0 0x0 0x4090007 0x0 0xa0 0x0 0x40e0005 0x0 0x0 0x0 0x0 0x0 0x0 0x4110007 0x0 0x38 0x0 0x4140003 0x0 0x28 0x41b0002 0x0 0x42c0002 0x0 0x4480007 0xb5 0x3c8 0x1de7 0x4530004 0xffffffffffffe4e8 0x0 0x21b557ef8c0 0xafc 0x21b557ef970 0x597 0x4560007 0x1b18 0x180 0x2cf 0x45d0004 0x0 0x0 0x21b557efa20 0x2cf 0x0 0x0 0x4660005 0x2cf 0x0 0x0 0x0 0x0 0x0 0x4690004 0x0 0x0 0x21b557efad0 0xb 0x21b557efb80 0x1c 0x4710007 0x2cf 0x68 0x0 0x4760007 0x0 0x38 0x0 0x4790003 0x0 0x28 0x4800002 0x0 0x48b0005 0x2cf 0x0 0x0 0x0 0x0 0x0 0x48f0003 0x2cf 0x1f0 0x4940004 0xfffffffffffff12a 0x0 0x21b557ef8c0 0xc42 0x21b557ef970 0x597 0x4970007 0xed6 0x1a0 0xc42 0x49d0004 0x0 0x0 0x21b557ef8c0 0xc42 0x0 0x0 0x4a00005 0x0 0x0 0x21b557ef8c0 0xc42 0x0 0x0 0x4a70005 0xc42 0x0 0x0 0x0 0x0 0x0 0x4aa0004 0x0 0x0 0x21b9edb4d70 0x16 0x21b9edb4e20 0xc1 0x4b20007 0xc42 0x68 0x0 0x4b70007 0x0 0x38 0x0 0x4ba0003 0x0 0x28 0x4c10002 0x0 0x4cc0005 0xc42 0x0 0x0 0x0 0x0 0x0 0x4d30003 0x1de7 0xfffffffffffffc50 0x4e10005 0x0 0x0 0x21b9edb4cc0 0xb5 0x0 0x0 0x4e40005 0x0 0x0 0x21b9edae9d8 0xb5 0x0 0x0 0x4f90007 0xb5 0x400 0x18 0x5080005 0x18 0x0 0x0 0x0 0x0 0x0 0x50b0004 0x0 0x0 0x21b557ef810 0xc 0x21b9edb4ed0 0x1 0x51f0005 0x16 0x0 0x21b9edb5190 0x1 0x21b557ef6b0 0x1 0x5220007 0x18 0x48 0x0 0x52f0002 0x0 0x5350003 0x0 0x98 0x53b0005 0x18 0x0 0x0 0x0 0x0 0x0 0x53e0004 0x0 0x0 0x21b557efc30 0x1 0x21b557ef6b0 0x1 0x54e0002 0x18 0x55f0007 0x18 0xa0 0x0 0x56c0005 0x0 0x0 0x0 0x0 0x0 0x0 0x56f0007 0x0 0x38 0x0 0x5720003 0x0 0x28 0x5790002 0x0 0x57f0007 0x18 0xa0 0x0 0x5890005 0x0 0x0 0x0 0x0 0x0 0x0 0x58c0007 0x0 0x38 0x0 0x58f0003 0x0 0x28 0x5960002 0x0 0x5a20005 0x0 0x0 0x21b9edb52f0 0x18 0x0 0x0 0x5ac0005 0xb 0x0 0x21b557ef810 0xc 0x21b9edb4ed0 0x1 0x5b10005 0x18 0x0 0x0 0x0 0x0 0x0 0x5bb0005 0x16 0x0 0x21b557efc30 0x1 0x21b557ef6b0 0x1 0x5c00005 0x18 0x0 0x0 0x0 0x0 0x0 0x5c70003 0x18 0xfffffffffffffc18 0x5d80007 0xb5 0x2f8 0x14 0x5e80002 0x14 0x5f20007 0xb 0x130 0x9 0x5f80005 0x9 0x0 0x0 0x0 0x0 0x0 0x5fb0004 0x0 0x0 0x21b557efce0 0x9 0x0 0x0 0x6030007 0x9 0x68 0x0 0x6080007 0x0 0x38 0x0 0x60b0003 0x0 0x28 0x6120002 0x0 0x61a0005 0x0 0x0 0x21b555c4538 0x9 0x0 0x0 0x6300007 0x14 0x148 0x10 0x63c0005 0x10 0x0 0x0 0x0 0x0 0x0 0x63f0004 0x0 0x0 0x21b557efce0 0x10 0x0 0x0 0x6470007 0x10 0x68 0x0 0x64c0007 0x0 0x38 0x0 0x64f0003 0x0 0x28 0x6560002 0x0 0x65e0005 0x0 0x0 0x21b555c4538 0x10 0x0 0x0 0x6650003 0x10 0xfffffffffffffed0 0x6700005 0x0 0x0 0x21b9edb52f0 0x14 0x0 0x0 0x6770003 0x14 0xfffffffffffffd20 0x6800002 0xb5 0x6870005 0x0 0x0 0x21b9edb4cc0 0xb5 0x0 0x0 0x68a0005 0x0 0x0 0x21b9edae9d8 0xb5 0x0 0x0 0x6900002 0xb5 0x6950005 0x0 0x0 0x21b557efd90 0x165 0x0 0x0 0x69c0005 0x0 0x0 0x21b557efe40 0x5162 0x0 0x0 0x6a10007 0x164 0x1ab8 0x4ffe 0x6a50005 0x0 0x0 0x21b557efe40 0x4ffe 0x0 0x0 0x6aa0004 0x0 0x0 0x21b9edb4d70 0x6f 0x21b9edb4e20 0x24c 0x6b00005 0x4d43 0x0 0x21b9edb4d70 0x6f 0x21b9edb4e20 0x24c 0x6bb0005 0x4d43 0x0 0x21b9edb4d70 0x6f 0x21b9edb4e20 0x24c 0x6c00004 0xffffffffffffb4d0 0x0 0x21b9edb4d70 0x33 0x21b9edb4e20 0x205 0x6c30007 0x4b30 0x228 0x4ce 0x6c80004 0x0 0x0 0x21b9edb4ed0 0x4ce 0x0 0x0 0x6ce0005 0x0 0x0 0x21b9edb4ed0 0x4ce 0x0 0x0 0x6d50005 0x0 0x0 0x21b557efef0 0x4ce 0x0 0x0 0x6d80007 0x33e 0xfffffffffffffdc8 0x190 0x6ef0005 0x0 0x0 0x21b9edb4ed0 0x190 0x0 0x0 0x6f50002 0x190 0x6f80005 0x0 0x0 0x21b9edb4ed0 0x190 0x0 0x0 0x6fb0005 0x0 0x0 0x21b557effa0 0x190 0x0 0x0 0x7010005 0x0 0x0 0x21b557efe40 0x190 0x0 0x0 0x70b0005 0x190 0x0 0x0 0x0 0x0 0x0 0x70e0003 0x18f 0xfffffffffffffc80 0x7130004 0xffffffffffffb683 0x0 0x21b9edb4d70 0x33 0x21b9edb4e20 0x205 0x7160007 0x497d 0x450 0x1b3 0x71b0004 0x0 0x0 0x21b9edb53a0 0x8f 0x21b9edb5450 0x54 0x7260005 0x0 0x0 0x21b9edb52f0 0x1b3 0x0 0x0 0x7290004 0x0 0x0 0x21b555c4538 0x1b3 0x0 0x0 0x72d0005 0x0 0x0 0x21b555c4538 0x1b3 0x0 0x0 0x7320004 0x0 0x0 0x21b9edb5500 0xa 0x21b557ef340 0x40 0x7350005 0x169 0x0 0x21b9edb5500 0xa 0x21b557ef340 0x40 0x73a0005 0xd0 0x0 0x21b9edb53a0 0x8f 0x21b9edb5450 0x54 0x7450007 0x0 0x40 0x1b3 0x74d0007 0x1b3 0xfffffffffffffa68 0x0 0x7580005 0x0 0x0 0x0 0x0 0x0 0x0 0x75b0005 0x0 0x0 0x0 0x0 0x0 0x0 0x75e0005 0x0 0x0 0x0 0x0 0x0 0x0 0x7620008 0xe 0x0 0x80 0x0 0x160 0x0 0x138 0x0 0x110 0x0 0xe8 0x0 0xc0 0x0 0x98 0x7880003 0x0 0xf0 0x7a00002 0x0 0x7a30003 0x0 0xc8 0x7bb0002 0x0 0x7be0003 0x0 0xa0 0x7d60002 0x0 0x7d90003 0x0 0x78 0x7f10002 0x0 0x7f40003 0x0 0x50 0x80c0002 0x0 0x80f0003 0x0 0x28 0x8270002 0x0 0x8310005 0x0 0x0 0x0 0x0 0x0 0x0 0x8350003 0x0 0xfffffffffffff7f8 0x83a0004 0xffffffffffffba2c 0x0 0x21b9edb4d70 0x33 0x21b9edb4e20 0x205 0x83d0007 0x45d4 0x450 0x3a9 0x8420004 0x0 0x0 0x21b557ef3f0 0x251 0x21b557ef4a0 0x102 0x84d0005 0x0 0x0 0x21b9edb52f0 0x3a9 0x0 0x0 0x8500004 0x0 0x0 0x21b555c4538 0x3a9 0x0 0x0 0x8540005 0x0 0x0 0x21b555c4538 0x3a9 0x0 0x0 0x8590004 0x0 0x0 0x21b9edb4ed0 0x2f 0x21b557ef550 0x14 0x85c0005 0x366 0x0 0x21b9edb4ed0 0x2f 0x21b557ef550 0x14 0x8610005 0x56 0x0 0x21b557ef3f0 0x251 0x21b557ef4a0 0x102 0x86c0007 0x0 0x40 0x3a9 0x8740007 0x3a9 0xfffffffffffff5e0 0x0 0x87f0005 0x0 0x0 0x0 0x0 0x0 0x0 0x8820005 0x0 0x0 0x0 0x0 0x0 0x0 0x8850005 0x0 0x0 0x0 0x0 0x0 0x0 0x8890008 0xe 0x0 0x80 0x0 0x160 0x0 0x138 0x0 0x110 0x0 0xe8 0x0 0xc0 0x0 0x98 0x8b00003 0x0 0xf0 0x8bf0002 0x0 0x8c20003 0x0 0xc8 0x8d10002 0x0 0x8d40003 0x0 0xa0 0x8e30002 0x0 0x8e60003 0x0 0x78 0x8f50002 0x0 0x8f80003 0x0 0x50 0x9070002 0x0 0x90a0003 0x0 0x28 0x9190002 0x0 0x9230005 0x0 0x0 0x0 0x0 0x0 0x0 0x9270003 0x0 0xfffffffffffff370 0x92c0004 0xffffffffffffbd18 0x0 0x21b9edb4d70 0x33 0x21b9edb4e20 0x205 0x92f0007 0x42e8 0x488 0x2ec 0x9340004 0x0 0x0 0x21b557ef600 0x2ec 0x0 0x0 0x93f0005 0x0 0x0 0x21b9edb52f0 0x2ec 0x0 0x0 0x9420004 0x0 0x0 0x21b555c4538 0x2ec 0x0 0x0 0x9460005 0x0 0x0 0x21b555c4538 0x2ec 0x0 0x0 0x94b0004 0x0 0x0 0x21b557ef550 0x1c 0x21b557ef6b0 0x18 0x94e0005 0x2b8 0x0 0x21b557ef550 0x1c 0x21b557ef6b0 0x18 0x9530005 0x0 0x0 0x21b557ef600 0x2ec 0x0 0x0 0x95d0007 0x0 0x40 0x2ec 0x9640007 0x2ec 0xfffffffffffff158 0x0 0x96c0007 0x0 0x80 0x0 0x9740007 0x0 0x38 0x0 0x9770003 0x0 0x40 0x9820002 0x0 0x9850003 0x0 0x28 0x9900002 0x0 0x99b0005 0x0 0x0 0x0 0x0 0x0 0x0 0x99e0005 0x0 0x0 0x0 0x0 0x0 0x0 0x9a10005 0x0 0x0 0x0 0x0 0x0 0x0 0x9a60005 0x0 0x0 0x0 0x0 0x0 0x0 0x9ab0005 0x0 0x0 0x0 0x0 0x0 0x0 0x9b70005 0x0 0x0 0x0 0x0 0x0 0x0 0x9c00005 0x0 0x0 0x0 0x0 0x0 0x0 0x9c30004 0x0 0x0 0x0 0x0 0x0 0x0 0x9d00005 0x0 0x0 0x0 0x0 0x0 0x0 0x9d40003 0x0 0xffffffffffffeeb0 0x9d90004 0xffffffffffffbdc0 0x0 0x21b9edb4d70 0x33 0x21b9edb4e20 0x205 0x9dc0007 0x4240 0x398 0xa8 0x9e10004 0x0 0x0 0x21b557ef760 0xa8 0x0 0x0 0x9ec0005 0x0 0x0 0x21b9edb52f0 0xa8 0x0 0x0 0x9ef0004 0x0 0x0 0x21b555c4538 0xa8 0x0 0x0 0x9f30005 0x0 0x0 0x21b555c4538 0xa8 0x0 0x0 0x9f80004 0x0 0x0 0x21b9edb53a0 0x6 0x21b557ef550 0x1c 0x9fb0005 0x86 0x0 0x21b9edb53a0 0x6 0x21b557ef550 0x1c 0xa000005 0x0 0x0 0x21b557ef760 0xa8 0x0 0x0 0xa0b0007 0x0 0x40 0xa8 0xa130007 0xa8 0xffffffffffffec98 0x0 0xa240002 0x0 0xa270005 0x0 0x0 0x0 0x0 0x0 0x0 0xa2a0005 0x0 0x0 0x0 0x0 0x0 0x0 0xa2d0005 0x0 0x0 0x0 0x0 0x0 0x0 0xa3a0005 0x0 0x0 0x0 0x0 0x0 0x0 0xa430005 0x0 0x0 0x0 0x0 0x0 0x0 0xa460004 0x0 0x0 0x0 0x0 0x0 0x0 0xa530005 0x0 0x0 0x0 0x0 0x0 0x0 0xa570003 0x0 0xffffffffffffeae0 0xa5c0004 0xffffffffffffbdc0 0x0 0x21b9edb4d70 0x33 0x21b9edb4e20 0x205 0xa5f0007 0x4240 0x38 0x0 0xa620003 0x0 0xffffffffffffea70 0xa670005 0x3f85 0x0 0x21b9edb4d70 0x6f 0x21b9edb4e20 0x24c 0xa6a0007 0x421b 0x38 0x25 0xa6d0003 0x25 0xffffffffffffea00 0xa720005 0x3f60 0x0 0x21b9edb4d70 0x6f 0x21b9edb4e20 0x24c 0xa750007 0x41f6 0xffffffffffffe9b0 0x25 0xa7a0005 0x8 0x0 0x21b9edb5190 0xa 0x21b9edb5240 0x13 0xa7f0007 0x1a 0xffffffffffffe958 0xb 0xa840005 0x0 0x0 0x21b557efe40 0xb 0x0 0x0 0xa8a0005 0x0 0x0 0x21b557efe40 0xb 0x0 0x0 0xa8f0007 0x0 0xa8 0xb 0xa930005 0x0 0x0 0x21b557efe40 0xb 0x0 0x0 0xa980004 0x0 0x0 0x21b557ef6b0 0x1 0x21b557efad0 0x6 0xa9d0003 0xb 0x18 0xaa50007 0x0 0x178 0xb 0xaaa0005 0x4 0x0 0x21b557ef6b0 0x1 0x21b557efad0 0x6 0xaad0007 0x5 0x120 0x6 0xab60005 0x6 0x0 0x0 0x0 0x0 0x0 0xab90007 0x0 0xc8 0x6 0xac20005 0x6 0x0 0x0 0x0 0x0 0x0 0xac50007 0x0 0x70 0x6 0xac90005 0x0 0x0 0x21b557efe40 0x6 0x0 0x0 0xad10003 0x6 0x128 0xad60007 0x0 0x58 0x5 0xada0005 0x0 0x0 0x21b557efe40 0x5 0x0 0x0 0xae60002 0x5 0xaeb0005 0x3 0x0 0x21b9edb5190 0x1 0x21b557f0050 0x1 0xaee0005 0x0 0x0 0x21b557efad0 0x5 0x0 0x0 0xaf10005 0x0 0x0 0x21b557efe40 0x5 0x0 0x0 0xb010005 0x7 0x0 0x21b9edb5190 0x3 0x21b557f0050 0x1 0xb040005 0x0 0x0 0x21b557efe40 0xb 0x0 0x0 0xb0a0003 0xb 0xffffffffffffe528 0xb0e0007 0xb0 0xffffffffffffe4d8 0xb4 0xb120005 0x0 0x0 0x21b557efd90 0xb4 0x0 0x0 0xb190005 0x0 0x0 0x21b557efe40 0x2958 0x0 0x0 0xb1e0007 0xb4 0x1178 0x28a4 0xb220005 0x0 0x0 0x21b557efe40 0x28a4 0x0 0x0 0xb270004 0x0 0x0 0x21b9edb4d70 0x38 0x21b9edb4e20 0x12c 0xb2c0004 0xffffffffffffd839 0x0 0x21b9edb4d70 0x1a 0x21b9edb4e20 0x108 0xb2f0007 0x27c7 0x248 0xdd 0xb330004 0x0 0x0 0x21b9edb53a0 0x48 0x21b9edb5450 0x2b 0xb3e0005 0x0 0x0 0x21b9edb52f0 0xdd 0x0 0x0 0xb410004 0x0 0x0 0x21b555c4538 0xdd 0x0 0x0 0xb450005 0x0 0x0 0x21b555c4538 0xdd 0x0 0x0 0xb4a0004 0x0 0x0 0x21b9edb5500 0x5 0x21b557ef340 0x20 0xb4d0005 0xb8 0x0 0x21b9edb5500 0x5 0x21b557ef340 0x20 0xb510005 0x6a 0x0 0x21b9edb53a0 0x48 0x21b9edb5450 0x2b 0xb590007 0xdd 0x88 0x0 0xb600007 0x0 0x58 0x0 0xb670007 0x0 0x38 0x0 0xb6a0003 0x0 0x28 0xb710002 0x0 0xb7c0003 0xdd 0xfffffffffffffcd0 0xb800004 0xffffffffffffda0f 0x0 0x21b9edb4d70 0x1a 0x21b9edb4e20 0x108 0xb830007 0x25f1 0x248 0x1d6 0xb870004 0x0 0x0 0x21b557ef3f0 0x129 0x21b557ef4a0 0x81 0xb920005 0x0 0x0 0x21b9edb52f0 0x1d6 0x0 0x0 0xb950004 0x0 0x0 0x21b555c4538 0x1d6 0x0 0x0 0xb990005 0x0 0x0 0x21b555c4538 0x1d6 0x0 0x0 0xb9e0004 0x0 0x0 0x21b9edb4ed0 0x15 0x21b557ef550 0xa 0xba10005 0x1b7 0x0 0x21b9edb4ed0 0x15 0x21b557ef550 0xa 0xba50005 0x2c 0x0 0x21b557ef3f0 0x129 0x21b557ef4a0 0x81 0xbad0007 0x1d6 0x88 0x0 0xbb40007 0x0 0x58 0x0 0xbbb0007 0x0 0x38 0x0 0xbbe0003 0x0 0x28 0xbc50002 0x0 0xbd00003 0x1d6 0xfffffffffffffa50 0xbd40004 0xffffffffffffdb8a 0x0 0x21b9edb4d70 0x1a 0x21b9edb4e20 0x108 0xbd70007 0x2476 0x248 0x17b 0xbdb0004 0x0 0x0 0x21b557ef600 0x17b 0x0 0x0 0xbe60005 0x0 0x0 0x21b9edb52f0 0x17b 0x0 0x0 0xbe90004 0x0 0x0 0x21b555c4538 0x17b 0x0 0x0 0xbed0005 0x0 0x0 0x21b555c4538 0x17b 0x0 0x0 0xbf20004 0x0 0x0 0x21b557ef550 0xe 0x21b557ef6b0 0xc 0xbf50005 0x161 0x0 0x21b557ef550 0xe 0x21b557ef6b0 0xc 0xbf90005 0x0 0x0 0x21b557ef600 0x17b 0x0 0x0 0xc010007 0x17b 0x88 0x0 0xc070007 0x0 0x58 0x0 0xc0d0007 0x0 0x38 0x0 0xc100003 0x0 0x28 0xc170002 0x0 0xc220003 0x17b 0xfffffffffffff7d0 0xc260004 0xffffffffffffdbdf 0x0 0x21b9edb4d70 0x1a 0x21b9edb4e20 0x108 0xc290007 0x2421 0x248 0x55 0xc2d0004 0x0 0x0 0x21b557ef760 0x55 0x0 0x0 0xc380005 0x0 0x0 0x21b9edb52f0 0x55 0x0 0x0 0xc3b0004 0x0 0x0 0x21b555c4538 0x55 0x0 0x0 0xc3f0005 0x0 0x0 0x21b555c4538 0x55 0x0 0x0 0xc440004 0x0 0x0 0x21b9edb53a0 0x3 0x21b557ef550 0xe 0xc470005 0x44 0x0 0x21b9edb53a0 0x3 0x21b557ef550 0xe 0xc4b0005 0x0 0x0 0x21b557ef760 0x55 0x0 0x0 0xc530007 0x55 0x88 0x0 0xc5a0007 0x0 0x58 0x0 0xc610007 0x0 0x38 0x0 0xc640003 0x0 0x28 0xc6b0002 0x0 0xc760003 0x55 0xfffffffffffff550 0xc7a0004 0xffffffffffffdbdf 0x0 0x21b9edb4d70 0x1a 0x21b9edb4e20 0x108 0xc7d0007 0x2421 0x1c0 0x0 0xc810004 0x0 0x0 0x0 0x0 0x0 0x0 0xc8a0005 0x0 0x0 0x0 0x0 0x0 0x0 0xc8d0004 0x0 0x0 0x0 0x0 0x0 0x0 0xc910005 0x0 0x0 0x0 0x0 0x0 0x0 0xc960004 0x0 0x0 0x0 0x0 0x0 0x0 0xc990005 0x0 0x0 0x0 0x0 0x0 0x0 0xc9d0005 0x0 0x0 0x0 0x0 0x0 0x0 0xca40003 0x0 0xfffffffffffff358 0xca80005 0x22bd 0x0 0x21b9edb4d70 0x38 0x21b9edb4e20 0x12c 0xcab0007 0x240c 0x1c0 0x15 0xcaf0004 0x0 0x0 0x21b9edb5030 0x5 0x21b9edb50e0 0xc 0xcb80005 0x0 0x0 0x21b9edb52f0 0x15 0x0 0x0 0xcbb0004 0x0 0x0 0x21b555c4538 0x15 0x0 0x0 0xcbf0005 0x0 0x0 0x21b555c4538 0x15 0x0 0x0 0xcc40004 0x0 0x0 0x21b9edb5190 0x5 0x21b9edb5240 0xc 0xcc70005 0x4 0x0 0x21b9edb5190 0x5 0x21b9edb5240 0xc 0xccb0005 0x4 0x0 0x21b9edb5030 0x5 0x21b9edb50e0 0xc 0xcd20003 0x15 0xfffffffffffff160 0xcd60004 0xffffffffffffdc05 0x0 0x21b9edb4d70 0x1a 0x21b9edb4e20 0x108 0xcd90007 0x23fb 0xfffffffffffff110 0x11 0xcdd0004 0x0 0x0 0x21b9edb5190 0x5 0x21b9edb5240 0xc 0xce70005 0x0 0x0 0x21b9edb52f0 0x11 0x0 0x0 0xcea0004 0x0 0x0 0x21b9edb5030 0x5 0x21b9edb50e0 0xc 0xcf40005 0x0 0x0 0x21b9edb52f0 0x11 0x0 0x0 0xcf70004 0x0 0x0 0x21b555c4538 0x11 0x0 0x0 0xcfb0005 0x0 0x0 0x21b9edb5190 0x5 0x21b9edb5240 0xc 0xd060005 0x0 0x0 0x21b555c4538 0x87 0x0 0x0 0xd0b0007 0x11 0xffffffffffffef68 0x76 0xd150005 0x0 0x0 0x21b555c4538 0x76 0x0 0x0 0xd1a0004 0x0 0x0 0x21b9edb4ed0 0x11 0x21b557effa0 0x1c 0xd1d0005 0x49 0x0 0x21b9edb4ed0 0x11 0x21b557effa0 0x1c 0xd220005 0x0 0x0 0x21b9edb5030 0x2d 0x21b9edb50e0 0x49 0xd2a0003 0x76 0xfffffffffffffec8 0xd310005 0x0 0x0 0x21b9edb4cc0 0xb4 0x0 0x0 0xd340005 0x0 0x0 0x21b9edae9d8 0xb4 0x0 0x0 0xd4e0007 0xb4 0x1d0 0x18 0xd5e0005 0x0 0x0 0x21b9edb52f0 0x18 0x0 0x0 0xd610004 0x0 0x0 0x21b557f0100 0x18 0x0 0x0 0xd670005 0x18 0x0 0x0 0x0 0x0 0x0 0xd700007 0x18 0x70 0x0 0xd750005 0x0 0x0 0x0 0x0 0x0 0x0 0xd790003 0x0 0xb0 0xd8e0005 0xb 0x0 0x21b557ef810 0xc 0x21b557effa0 0x1 0xd940002 0x18 0xd990004 0x0 0x0 0x21b557f01b0 0x18 0x0 0x0 0xda30003 0x18 0xfffffffffffffe48 0xdaa0005 0x0 0x0 0x21b9edb4cc0 0xb4 0x0 0x0 0xdad0005 0x0 0x0 0x21b9edae9d8 0xb4 0x0 0x0 0xdc80007 0xb4 0x350 0x14 0xdd90005 0x0 0x0 0x21b9edb52f0 0x14 0x0 0x0 0xddc0004 0x0 0x0 0x21b555c4538 0x14 0x0 0x0 0xddf0005 0x0 0x0 0x21b555c4538 0x14 0x0 0x0 0xded0007 0xb 0xc8 0x9 0xdf20005 0x0 0x0 0x21b557f0260 0x9 0x0 0x0 0xdf70004 0x0 0x0 0x21b557efce0 0x9 0x0 0x0 0xdfa0005 0x0 0x0 0x21b557efce0 0x9 0x0 0x0 0xe180007 0x14 0x160 0x10 0xe300005 0x0 0x0 0x21b557f0310 0x10 0x0 0x0 0xe350005 0x0 0x0 0x21b557f0260 0x10 0x0 0x0 0xe3a0004 0x0 0x0 0x21b557efce0 0x10 0x0 0x0 0xe3d0005 0x0 0x0 0x21b557efce0 0x10 0x0 0x0 0xe420002 0x10 0xe470004 0x0 0x0 0x21b557f0310 0x10 0x0 0x0 0xe4b0003 0x10 0xfffffffffffffeb8 0xe5a0002 0x14 0xe610004 0x0 0x0 0x21b557f03c0 0x14 0x0 0x0 0xe650003 0x14 0xfffffffffffffcc8 0xe6c0005 0x0 0x0 0x21b9edb4cc0 0xb4 0x0 0x0 0xe6f0005 0x0 0x0 0x21b9edae9d8 0xb4 0x0 0x0 0xe770005 0xb4 0x0 0x0 0x0 0x0 0x0 0xe7a0007 0x0 0x5a0 0xb4 0xe800007 0xb4 0x68 0x0 0xe870007 0x0 0x38 0x0 0xe8a0003 0x0 0x28 0xe910002 0x0 0xea00002 0xb4 0xeb70007 0xb4 0x470 0x1de2 0xec20004 0xffffffffffffe4eb 0x0 0x21b557ef8c0 0xafc 0x21b557ef970 0x597 0xec50007 0x1b15 0x1c0 0x2cd 0xecb0004 0x0 0x0 0x21b557efa20 0x2cd 0x0 0x0 0xed80005 0x2cd 0x0 0x0 0x0 0x0 0x0 0xedb0004 0x0 0x0 0x21b557efad0 0xb 0x21b557efb80 0x1c 0xee20005 0x2a6 0x0 0x21b557efad0 0xb 0x21b557efb80 0x1c 0xeed0005 0x2cd 0x0 0x0 0x0 0x0 0x0 0xef00005 0x0 0x0 0x21b555c4538 0x2cd 0x0 0x0 0xef40005 0x2a6 0x0 0x21b557efad0 0xb 0x21b557efb80 0x1c 0xef90003 0x2cd 0x258 0xefe0004 0xfffffffffffff12a 0x0 0x21b557ef8c0 0xc3f 0x21b557ef970 0x597 0xf010007 0xed6 0x1d0 0xc3f 0xf060004 0x0 0x0 0x21b557ef8c0 0xc3f 0x0 0x0 0xf0c0005 0x0 0x0 0x21b557ef8c0 0xc3f 0x0 0x0 0xf170005 0xc3f 0x0 0x0 0x0 0x0 0x0 0xf1a0004 0x0 0x0 0x21b9edb4d70 0x16 0x21b9edb4e20 0xc0 0xf200005 0x0 0x0 0x21b557ef8c0 0xc3f 0x0 0x0 0xf240005 0xb69 0x0 0x21b9edb4d70 0x16 0x21b9edb4e20 0xc0 0xf300002 0xc3f 0xf330005 0xb69 0x0 0x21b9edb4d70 0x16 0x21b9edb4e20 0xc0 0xf380003 0xc3f 0x50 0xf3f0005 0x0 0x0 0x21b555c4538 0xed6 0x0 0x0 0xf460003 0x1de2 0xfffffffffffffba8 0xf620005 0x0 0x0 0x21b555c4538 0xb4 0x0 0x0 0xf650004 0x0 0x0 0x21b557f0470 0xb4 0x0 0x0 0xf700002 0xb4 0xf730003 0xb4 0x50 0xf770005 0x0 0x0 0x0 0x0 0x0 0x0 0xf7f0005 0x0 0x0 0x21b9edb4cc0 0xb4 0x0 0x0 0xf820005 0x0 0x0 0x21b9edae9d8 0xb4 0x0 0x0 0xfa20005 0x0 0x0 0x21b557efd90 0xb4 0x0 0x0 0xfa50004 0x0 0x0 0x21b557f0588 0xb4 0x0 0x0 0xfb50002 0xb4 0x0 0x0 0x0 0x0 0x0 0x0 0x0 0x0 0x0 0x0 0x0 0x0 0x0 0x0 0x0 0x0 0x0 0x0 0x0 0x0 0x0 0x0 0x0 0x0 0x0 0x0 0x0 0x0 0x0 0x0 0x0 0x0 0x0 0x0 0x0 0x0 0x0 0x0 0x0 0x0 0x0 0x0 0x0 0x0 0x0 0x0 0x0 0x0 0x0 0x0 0x0 0x0 0x0 0x0 0x0 0x0 0x0 0x0 0x0 0x0 0x0 0x0 0x0 0x0 0x0 0x0 0x0 0x0 0x0 0x0 0x0 0x0 0x0 0x0 0x0 0x0 0x0 0x0 0x0 0x0 0x0 0x0 0x0 0x0 0x0 0x0 0x0 0x0 0x0 0x0 0x0 0x0 0x0 0x0 0x0 0x0 0x0 0x0 0x0 0x0 0x9 0x1 0x0 oops 346 5 com/android/tools/r8/graph/j1 12 com/android/tools/r8/graph/J0 23 com/android/tools/r8/internal/yq 25 com/android/tools/r8/internal/Op 37 com/android/tools/r8/internal/yq 39 com/android/tools/r8/internal/Op 59 com/android/tools/r8/internal/ro 61 com/android/tools/r8/internal/oq 70 com/android/tools/r8/internal/ss 72 com/android/tools/r8/internal/Ar 77 com/android/tools/r8/internal/ss 79 com/android/tools/r8/internal/Ar 91 com/android/tools/r8/internal/ts 93 com/android/tools/r8/internal/Br 111 java/util/IdentityHashMap 121 com/android/tools/r8/graph/j1 128 com/android/tools/r8/graph/J0 139 com/android/tools/r8/internal/yq 141 com/android/tools/r8/internal/Op 150 com/android/tools/r8/internal/Ap 152 com/android/tools/r8/internal/yp 157 com/android/tools/r8/internal/Ap 159 com/android/tools/r8/internal/yp 171 com/android/tools/r8/internal/Ur 173 com/android/tools/r8/internal/Qq 191 com/android/tools/r8/internal/Ur 193 com/android/tools/r8/internal/Qq 204 java/util/IdentityHashMap 214 com/android/tools/r8/internal/yq 216 com/android/tools/r8/internal/Op 225 com/android/tools/r8/internal/zp 227 com/android/tools/r8/internal/Jp 232 com/android/tools/r8/internal/zp 234 com/android/tools/r8/internal/Jp 246 com/android/tools/r8/internal/ro 248 com/android/tools/r8/internal/hq 266 com/android/tools/r8/internal/ro 268 com/android/tools/r8/internal/hq 279 java/util/IdentityHashMap 289 com/android/tools/r8/internal/yq 291 com/android/tools/r8/internal/Op 300 com/android/tools/r8/internal/xp 307 com/android/tools/r8/internal/xp 321 com/android/tools/r8/internal/hq 323 com/android/tools/r8/internal/Tr 341 com/android/tools/r8/internal/hq 343 com/android/tools/r8/internal/Tr 354 java/util/IdentityHashMap 364 com/android/tools/r8/internal/yq 366 com/android/tools/r8/internal/Op 375 com/android/tools/r8/internal/vp 382 com/android/tools/r8/internal/vp 396 com/android/tools/r8/internal/Ap 398 com/android/tools/r8/internal/hq 416 com/android/tools/r8/internal/Ap 418 com/android/tools/r8/internal/hq 429 java/util/IdentityHashMap 439 com/android/tools/r8/internal/yq 441 com/android/tools/r8/internal/Op 514 com/android/tools/r8/internal/yq 516 com/android/tools/r8/internal/Op 525 com/android/tools/r8/internal/ss 527 com/android/tools/r8/internal/Ar 532 com/android/tools/r8/internal/ss 534 com/android/tools/r8/internal/Ar 546 com/android/tools/r8/internal/ts 548 com/android/tools/r8/internal/Br 566 com/android/tools/r8/internal/ts 568 com/android/tools/r8/internal/Br 579 java/util/IdentityHashMap 589 com/android/tools/r8/internal/yq 591 com/android/tools/r8/internal/Op 600 com/android/tools/r8/internal/ts 602 com/android/tools/r8/internal/Br 607 com/android/tools/r8/internal/ts 609 com/android/tools/r8/internal/Br 614 java/util/IdentityHashMap 621 com/android/tools/r8/internal/ss 623 com/android/tools/r8/internal/Ar 628 com/android/tools/r8/internal/ss 630 com/android/tools/r8/internal/Ar 648 com/android/tools/r8/internal/ro 650 com/android/tools/r8/internal/sq 668 java/util/ArrayList 678 java/util/IdentityHashMap 688 com/android/tools/r8/graph/j1 695 com/android/tools/r8/graph/J0 773 com/android/tools/r8/graph/O0$b 775 com/android/tools/r8/graph/O0$d 784 com/android/tools/r8/graph/O0$a 798 com/android/tools/r8/internal/rr 800 com/android/tools/r8/internal/pq 828 com/android/tools/r8/graph/O0$b 830 com/android/tools/r8/graph/O0$d 839 com/android/tools/r8/graph/O0$b 846 com/android/tools/r8/graph/O0$b 860 com/android/tools/r8/internal/yq 862 com/android/tools/r8/internal/Op 890 com/android/tools/r8/graph/j1 897 com/android/tools/r8/graph/J0 915 com/android/tools/r8/internal/sq 917 com/android/tools/r8/internal/ro 922 com/android/tools/r8/internal/ts 924 com/android/tools/r8/internal/Tr 945 com/android/tools/r8/internal/pr 947 com/android/tools/r8/internal/Tr 994 java/util/IdentityHashMap 1001 com/android/tools/r8/internal/sq 1003 com/android/tools/r8/internal/ro 1015 com/android/tools/r8/internal/pr 1017 com/android/tools/r8/internal/Tr 1049 com/android/tools/r8/internal/Pq 1069 java/util/ArrayList 1087 com/android/tools/r8/internal/Pq 1107 java/util/ArrayList 1117 java/util/IdentityHashMap 1129 com/android/tools/r8/graph/j1 1136 com/android/tools/r8/graph/J0 1145 java/util/LinkedList 1152 java/util/LinkedList$ListItr 1163 java/util/LinkedList$ListItr 1170 com/android/tools/r8/internal/yq 1172 com/android/tools/r8/internal/Op 1177 com/android/tools/r8/internal/yq 1179 com/android/tools/r8/internal/Op 1184 com/android/tools/r8/internal/yq 1186 com/android/tools/r8/internal/Op 1191 com/android/tools/r8/internal/yq 1193 com/android/tools/r8/internal/Op 1202 com/android/tools/r8/internal/ro 1209 com/android/tools/r8/internal/ro 1216 com/android/tools/r8/graph/L2 1227 com/android/tools/r8/internal/ro 1236 com/android/tools/r8/internal/ro 1243 com/android/tools/r8/internal/so 1250 java/util/LinkedList$ListItr 1267 com/android/tools/r8/internal/yq 1269 com/android/tools/r8/internal/Op 1278 com/android/tools/r8/internal/Ap 1280 com/android/tools/r8/internal/yp 1285 java/util/IdentityHashMap 1292 java/util/ArrayList 1299 java/util/ArrayList 1306 com/android/tools/r8/internal/Ur 1308 com/android/tools/r8/internal/Qq 1313 com/android/tools/r8/internal/Ur 1315 com/android/tools/r8/internal/Qq 1320 com/android/tools/r8/internal/Ap 1322 com/android/tools/r8/internal/yp 1412 com/android/tools/r8/internal/yq 1414 com/android/tools/r8/internal/Op 1423 com/android/tools/r8/internal/zp 1425 com/android/tools/r8/internal/Jp 1430 java/util/IdentityHashMap 1437 java/util/ArrayList 1444 java/util/ArrayList 1451 com/android/tools/r8/internal/ro 1453 com/android/tools/r8/internal/hq 1458 com/android/tools/r8/internal/ro 1460 com/android/tools/r8/internal/hq 1465 com/android/tools/r8/internal/zp 1467 com/android/tools/r8/internal/Jp 1557 com/android/tools/r8/internal/yq 1559 com/android/tools/r8/internal/Op 1568 com/android/tools/r8/internal/xp 1575 java/util/IdentityHashMap 1582 java/util/ArrayList 1589 java/util/ArrayList 1596 com/android/tools/r8/internal/hq 1598 com/android/tools/r8/internal/Tr 1603 com/android/tools/r8/internal/hq 1605 com/android/tools/r8/internal/Tr 1610 com/android/tools/r8/internal/xp 1709 com/android/tools/r8/internal/yq 1711 com/android/tools/r8/internal/Op 1720 com/android/tools/r8/internal/vp 1727 java/util/IdentityHashMap 1734 java/util/ArrayList 1741 java/util/ArrayList 1748 com/android/tools/r8/internal/Ap 1750 com/android/tools/r8/internal/hq 1755 com/android/tools/r8/internal/Ap 1757 com/android/tools/r8/internal/hq 1762 com/android/tools/r8/internal/vp 1831 com/android/tools/r8/internal/yq 1833 com/android/tools/r8/internal/Op 1845 com/android/tools/r8/internal/yq 1847 com/android/tools/r8/internal/Op 1859 com/android/tools/r8/internal/yq 1861 com/android/tools/r8/internal/Op 1870 com/android/tools/r8/internal/ts 1872 com/android/tools/r8/internal/Br 1881 java/util/LinkedList$ListItr 1888 java/util/LinkedList$ListItr 1899 java/util/LinkedList$ListItr 1906 com/android/tools/r8/internal/Tr 1908 com/android/tools/r8/internal/rr 1920 com/android/tools/r8/internal/Tr 1922 com/android/tools/r8/internal/rr 1953 java/util/LinkedList$ListItr 1967 java/util/LinkedList$ListItr 1976 com/android/tools/r8/internal/ts 1978 com/android/tools/r8/internal/Ro 1983 com/android/tools/r8/internal/rr 1990 java/util/LinkedList$ListItr 1997 com/android/tools/r8/internal/ts 1999 com/android/tools/r8/internal/Ro 2004 java/util/LinkedList$ListItr 2018 java/util/LinkedList 2025 java/util/LinkedList$ListItr 2036 java/util/LinkedList$ListItr 2043 com/android/tools/r8/internal/yq 2045 com/android/tools/r8/internal/Op 2050 com/android/tools/r8/internal/yq 2052 com/android/tools/r8/internal/Op 2061 com/android/tools/r8/internal/Ap 2063 com/android/tools/r8/internal/yp 2068 java/util/IdentityHashMap 2075 java/util/ArrayList 2082 java/util/ArrayList 2089 com/android/tools/r8/internal/Ur 2091 com/android/tools/r8/internal/Qq 2096 com/android/tools/r8/internal/Ur 2098 com/android/tools/r8/internal/Qq 2103 com/android/tools/r8/internal/Ap 2105 com/android/tools/r8/internal/yp 2130 com/android/tools/r8/internal/yq 2132 com/android/tools/r8/internal/Op 2141 com/android/tools/r8/internal/zp 2143 com/android/tools/r8/internal/Jp 2148 java/util/IdentityHashMap 2155 java/util/ArrayList 2162 java/util/ArrayList 2169 com/android/tools/r8/internal/ro 2171 com/android/tools/r8/internal/hq 2176 com/android/tools/r8/internal/ro 2178 com/android/tools/r8/internal/hq 2183 com/android/tools/r8/internal/zp 2185 com/android/tools/r8/internal/Jp 2210 com/android/tools/r8/internal/yq 2212 com/android/tools/r8/internal/Op 2221 com/android/tools/r8/internal/xp 2228 java/util/IdentityHashMap 2235 java/util/ArrayList 2242 java/util/ArrayList 2249 com/android/tools/r8/internal/hq 2251 com/android/tools/r8/internal/Tr 2256 com/android/tools/r8/internal/hq 2258 com/android/tools/r8/internal/Tr 2263 com/android/tools/r8/internal/xp 2290 com/android/tools/r8/internal/yq 2292 com/android/tools/r8/internal/Op 2301 com/android/tools/r8/internal/vp 2308 java/util/IdentityHashMap 2315 java/util/ArrayList 2322 java/util/ArrayList 2329 com/android/tools/r8/internal/Ap 2331 com/android/tools/r8/internal/hq 2336 com/android/tools/r8/internal/Ap 2338 com/android/tools/r8/internal/hq 2343 com/android/tools/r8/internal/vp 2370 com/android/tools/r8/internal/yq 2372 com/android/tools/r8/internal/Op 2433 com/android/tools/r8/internal/yq 2435 com/android/tools/r8/internal/Op 2444 com/android/tools/r8/internal/ss 2446 com/android/tools/r8/internal/Ar 2451 java/util/IdentityHashMap 2458 java/util/ArrayList 2465 java/util/ArrayList 2472 com/android/tools/r8/internal/ts 2474 com/android/tools/r8/internal/Br 2479 com/android/tools/r8/internal/ts 2481 com/android/tools/r8/internal/Br 2486 com/android/tools/r8/internal/ss 2488 com/android/tools/r8/internal/Ar 2496 com/android/tools/r8/internal/yq 2498 com/android/tools/r8/internal/Op 2507 com/android/tools/r8/internal/ts 2509 com/android/tools/r8/internal/Br 2514 java/util/IdentityHashMap 2521 com/android/tools/r8/internal/ss 2523 com/android/tools/r8/internal/Ar 2528 java/util/IdentityHashMap 2535 java/util/ArrayList 2542 com/android/tools/r8/internal/ts 2544 com/android/tools/r8/internal/Br 2549 java/util/ArrayList 2560 java/util/ArrayList 2567 com/android/tools/r8/internal/ro 2569 com/android/tools/r8/internal/so 2574 com/android/tools/r8/internal/ro 2576 com/android/tools/r8/internal/so 2581 com/android/tools/r8/internal/ss 2583 com/android/tools/r8/internal/Ar 2591 com/android/tools/r8/graph/j1 2598 com/android/tools/r8/graph/J0 2609 java/util/IdentityHashMap 2616 com/android/tools/r8/dex/T 2644 com/android/tools/r8/internal/sq 2646 com/android/tools/r8/internal/so 2653 com/android/tools/r8/graph/J0$a 2663 com/android/tools/r8/graph/j1 2670 com/android/tools/r8/graph/J0 2681 java/util/IdentityHashMap 2688 java/util/ArrayList 2695 java/util/ArrayList 2706 java/util/ArrayList$Itr 2713 com/android/tools/r8/internal/Pq 2720 com/android/tools/r8/internal/Pq 2731 com/android/tools/r8/graph/J0$b$a 2738 java/util/ArrayList$Itr 2745 com/android/tools/r8/internal/Pq 2752 com/android/tools/r8/internal/Pq 2761 com/android/tools/r8/graph/J0$b$a 2773 com/android/tools/r8/graph/J0$b 2783 com/android/tools/r8/graph/j1 2790 com/android/tools/r8/graph/J0 2827 com/android/tools/r8/graph/O0$b 2829 com/android/tools/r8/graph/O0$d 2838 com/android/tools/r8/graph/O0$a 2852 com/android/tools/r8/internal/rr 2854 com/android/tools/r8/internal/pq 2859 com/android/tools/r8/internal/rr 2861 com/android/tools/r8/internal/pq 2873 java/util/ArrayList 2880 com/android/tools/r8/internal/rr 2882 com/android/tools/r8/internal/pq 2890 com/android/tools/r8/graph/O0$b 2892 com/android/tools/r8/graph/O0$d 2901 com/android/tools/r8/graph/O0$b 2908 com/android/tools/r8/graph/O0$b 2922 com/android/tools/r8/internal/yq 2924 com/android/tools/r8/internal/Op 2929 com/android/tools/r8/graph/O0$b 2936 com/android/tools/r8/internal/yq 2938 com/android/tools/r8/internal/Op 2945 com/android/tools/r8/internal/yq 2947 com/android/tools/r8/internal/Op 2955 java/util/ArrayList 2965 java/util/ArrayList 2972 [Lcom/android/tools/r8/graph/O0; 2991 com/android/tools/r8/graph/j1 2998 com/android/tools/r8/graph/J0 3005 java/util/LinkedList 3012 [Lcom/android/tools/r8/internal/Up; methods 0
ciMethodData com/android/tools/r8/dex/T a ()I 1 143 orig 80 0 0 0 0 0 0 0 0 0 0 0 0 0 0 0 0 0 0 0 0 0 0 0 0 0 0 0 0 0 0 0 0 0 0 0 0 0 0 0 0 0 0 0 0 0 0 0 0 0 0 0 0 0 0 0 0 0 0 0 0 0 0 0 0 0 0 0 0 0 0 0 0 0 0 0 0 0 0 0 0 data 48 0x40007 0x8f 0xc8 0x0 0xc0005 0x0 0x0 0x0 0x0 0x0 0x0 0x130005 0x0 0x0 0x0 0x0 0x0 0x0 0x1c0005 0x0 0x0 0x0 0x0 0x0 0x0 0x250005 0x89 0x0 0x21b557ef810 0x4 0x21b9d4166a8 0x2 0x2c0005 0x4e 0x0 0x21b557ef810 0x2d 0x21b9d416758 0x14 0x0 0x0 0x0 0x0 0x0 0x0 0x9 0x1 0x0 oops 4 28 com/android/tools/r8/internal/sq 30 com/android/tools/r8/internal/Yq 35 com/android/tools/r8/internal/sq 37 com/android/tools/r8/internal/ds methods 0
ciMethodData com/android/tools/r8/dex/U a (Lcom/android/tools/r8/graph/J0;)[Lcom/android/tools/r8/graph/J0$a; 1 0 orig 80 0 0 0 0 0 0 0 0 0 0 0 0 0 0 0 0 0 0 0 0 0 0 0 0 0 0 0 0 0 0 0 0 0 0 0 0 0 0 0 0 0 0 0 0 0 0 0 0 0 0 0 0 0 0 0 0 0 0 0 0 0 0 0 0 0 0 0 0 0 0 0 0 0 0 0 0 0 0 0 0 data 160 0x100002 0x0 0x220007 0x0 0x378 0x0 0x310005 0x0 0x0 0x0 0x0 0x0 0x0 0x340004 0x0 0x0 0x0 0x0 0x0 0x0 0x380005 0x0 0x0 0x0 0x0 0x0 0x0 0x400005 0x0 0x0 0x0 0x0 0x0 0x0 0x4a0007 0x0 0x1b0 0x0 0x630007 0x0 0xe0 0x0 0x700005 0x0 0x0 0x0 0x0 0x0 0x0 0x750007 0x0 0x70 0x0 0x7a0005 0x0 0x0 0x0 0x0 0x0 0x0 0x7f0003 0x0 0x30 0x850003 0x0 0xffffffffffffff38 0x900007 0x0 0x80 0x0 0xaa0002 0x0 0xb30005 0x0 0x0 0x0 0x0 0x0 0x0 0xc00003 0x0 0xfffffffffffffe98 0xc9000a 0x0 0x1 0x0 0xce0002 0x0 0xd50007 0x0 0x68 0x0 0xda0007 0x0 0x38 0x0 0xdd0003 0x0 0x28 0xe40002 0x0 0xf60002 0x0 0xff0005 0x0 0x0 0x0 0x0 0x0 0x0 0x1060003 0x0 0xfffffffffffffca0 0x10c0007 0x0 0xa0 0x0 0x1100005 0x0 0x0 0x0 0x0 0x0 0x0 0x1180007 0x0 0x38 0x0 0x11b0003 0x0 0x28 0x1220002 0x0 0x12a0005 0x0 0x0 0x0 0x0 0x0 0x0 0x12d0004 0x0 0x0 0x0 0x0 0x0 0x0 0x0 0x0 0x0 0x0 0x0 0x0 0x0 0x0 0x0 0x9 0x2 0x0 0x0 oops 0 methods 0
compile com/android/tools/r8/dex/U a ()Lcom/android/tools/r8/graph/J0; 2840 4 inline 125 0 -1 0 com/android/tools/r8/dex/U a ()Lcom/android/tools/r8/graph/J0; 1 2841 0 java/util/LinkedList$ListItr hasNext ()Z 1 2850 0 java/util/LinkedList$ListItr next ()Ljava/lang/Object; 2 1 0 java/util/LinkedList$ListItr checkForComodification ()V 2 5 0 java/util/LinkedList$ListItr hasNext ()Z 1 2878 0 java/util/IdentityHashMap get (Ljava/lang/Object;)Ljava/lang/Object; 2 1 0 java/util/IdentityHashMap maskNull (Ljava/lang/Object;)Ljava/lang/Object; 2 17 0 java/util/IdentityHashMap hash (Ljava/lang/Object;I)I 2 52 0 java/util/IdentityHashMap nextKeyIndex (II)I 1 2885 0 java/util/ArrayList get (I)Ljava/lang/Object; 2 5 0 java/util/Objects checkIndex (II)I 2 11 0 java/util/ArrayList elementData (I)Ljava/lang/Object; 1 2893 0 com/android/tools/r8/internal/Up u ()I 1 2897 0 com/android/tools/r8/internal/Up u ()I 1 2962 0 java/util/IdentityHashMap get (Ljava/lang/Object;)Ljava/lang/Object; 2 1 0 java/util/IdentityHashMap maskNull (Ljava/lang/Object;)Ljava/lang/Object; 2 17 0 java/util/IdentityHashMap hash (Ljava/lang/Object;I)I 2 52 0 java/util/IdentityHashMap nextKeyIndex (II)I 1 2969 0 java/util/ArrayList get (I)Ljava/lang/Object; 2 5 0 java/util/Objects checkIndex (II)I 2 11 0 java/util/ArrayList elementData (I)Ljava/lang/Object; 1 2977 0 com/android/tools/r8/internal/Up u ()I 1 2981 0 com/android/tools/r8/internal/Up u ()I 1 3046 0 java/util/IdentityHashMap get (Ljava/lang/Object;)Ljava/lang/Object; 2 1 0 java/util/IdentityHashMap maskNull (Ljava/lang/Object;)Ljava/lang/Object; 2 17 0 java/util/IdentityHashMap hash (Ljava/lang/Object;I)I 2 52 0 java/util/IdentityHashMap nextKeyIndex (II)I 1 3053 0 java/util/ArrayList get (I)Ljava/lang/Object; 2 5 0 java/util/Objects checkIndex (II)I 2 11 0 java/util/ArrayList elementData (I)Ljava/lang/Object; 1 3061 0 com/android/tools/r8/internal/Up u ()I 1 3065 0 com/android/tools/r8/internal/Up u ()I 1 3128 0 java/util/IdentityHashMap get (Ljava/lang/Object;)Ljava/lang/Object; 2 1 0 java/util/IdentityHashMap maskNull (Ljava/lang/Object;)Ljava/lang/Object; 2 17 0 java/util/IdentityHashMap hash (Ljava/lang/Object;I)I 2 52 0 java/util/IdentityHashMap nextKeyIndex (II)I 1 3135 0 java/util/ArrayList get (I)Ljava/lang/Object; 2 5 0 java/util/Objects checkIndex (II)I 2 11 0 java/util/ArrayList elementData (I)Ljava/lang/Object; 1 3143 0 com/android/tools/r8/internal/Up u ()I 1 3147 0 com/android/tools/r8/internal/Up u ()I 1 3263 0 java/util/ArrayList get (I)Ljava/lang/Object; 2 5 0 java/util/Objects checkIndex (II)I 2 11 0 java/util/ArrayList elementData (I)Ljava/lang/Object; 1 3271 0 com/android/tools/r8/internal/Up u ()I 1 3275 0 com/android/tools/r8/internal/Up u ()I 1 3323 0 com/android/tools/r8/internal/Br P ()[I 1 3323 0 com/android/tools/r8/internal/ts P ()[I 1 3334 0 java/util/ArrayList size ()I 1 3349 0 java/util/ArrayList get (I)Ljava/lang/Object; 2 5 0 java/util/Objects checkIndex (II)I 2 11 0 java/util/ArrayList elementData (I)Ljava/lang/Object; 1 3357 0 com/android/tools/r8/internal/Up u ()I 1 3362 0 com/android/tools/r8/internal/Up u ()I 1 3377 0 com/android/tools/r8/graph/j1 Q0 ()Lcom/android/tools/r8/graph/i0; 2 2 0 com/android/tools/r8/graph/j1 L0 ()V 1 3380 0 com/android/tools/r8/graph/J0 C ()Lcom/android/tools/r8/graph/J0; 1 3470 0 com/android/tools/r8/internal/Up u ()I 1 3476 0 com/android/tools/r8/graph/J0$a <init> (III)V 2 8 0 com/android/tools/r8/graph/n1 <init> ()V 3 1 0 java/lang/Object <init> ()V 1 3498 0 com/android/tools/r8/graph/j1 Q0 ()Lcom/android/tools/r8/graph/i0; 2 2 0 com/android/tools/r8/graph/j1 L0 ()V 1 3501 0 com/android/tools/r8/graph/J0 C ()Lcom/android/tools/r8/graph/J0; 1 3551 0 java/util/ArrayList iterator ()Ljava/util/Iterator; 2 5 0 java/util/ArrayList$Itr <init> (Ljava/util/ArrayList;)V 3 6 0 java/lang/Object <init> ()V 1 3578 0 com/android/tools/r8/internal/Up u ()I 1 3632 0 com/android/tools/r8/graph/J0$b$a getType ()Lcom/android/tools/r8/graph/M2; 1 3645 0 com/android/tools/r8/internal/Up u ()I 1 3650 0 com/android/tools/r8/graph/J0$b$a <init> (ILcom/android/tools/r8/graph/M2;)V 2 3 0 com/android/tools/r8/graph/n1 <init> ()V 3 1 0 java/lang/Object <init> ()V 1 3674 0 com/android/tools/r8/graph/J0$b <init> ([Lcom/android/tools/r8/graph/J0$b$a;I)V 2 3 0 com/android/tools/r8/graph/n1 <init> ()V 3 1 0 java/lang/Object <init> ()V 1 3692 0 com/android/tools/r8/graph/j1 Q0 ()Lcom/android/tools/r8/graph/i0; 2 2 0 com/android/tools/r8/graph/j1 L0 ()V 1 3695 0 com/android/tools/r8/graph/J0 C ()Lcom/android/tools/r8/graph/J0; 1 3703 0 com/android/tools/r8/internal/qH isEmpty ()Z 1 3744 0 java/util/ArrayList <init> ()V 2 1 0 java/util/AbstractList <init> ()V 3 1 0 java/util/AbstractCollection <init> ()V 4 1 0 java/lang/Object <init> ()V 1 3800 0 com/android/tools/r8/internal/qH get (I)Ljava/lang/Object; 2 30 0 com/android/tools/r8/internal/wA a (I)I 1 3810 0 com/android/tools/r8/internal/Up u ()I 1 3824 0 java/util/ArrayList add (Ljava/lang/Object;)Z 2 20 0 java/util/ArrayList add (Ljava/lang/Object;[Ljava/lang/Object;I)V 3 7 0 java/util/ArrayList grow ()[Ljava/lang/Object; 4 7 0 java/util/ArrayList grow (I)[Ljava/lang/Object; 5 27 0 jdk/internal/util/ArraysSupport newLength (III)I 5 37 0 java/util/Arrays copyOf ([Ljava/lang/Object;I)[Ljava/lang/Object; 1 3828 0 com/android/tools/r8/internal/Up u ()I 1 3852 0 com/android/tools/r8/graph/O0$b q0 ()I 1 3863 0 com/android/tools/r8/internal/qH get (I)Ljava/lang/Object; 2 30 0 com/android/tools/r8/internal/wA a (I)I 1 3872 0 com/android/tools/r8/graph/O0$b p0 ()I 1 3876 0 com/android/tools/r8/internal/Up u ()I 1 3891 0 com/android/tools/r8/internal/Up u ()I 1 3903 0 java/util/ArrayList add (Ljava/lang/Object;)Z 2 20 0 java/util/ArrayList add (Ljava/lang/Object;[Ljava/lang/Object;I)V 3 7 0 java/util/ArrayList grow ()[Ljava/lang/Object; 4 7 0 java/util/ArrayList grow (I)[Ljava/lang/Object; 5 27 0 jdk/internal/util/ArraysSupport newLength (III)I 5 37 0 java/util/Arrays copyOf ([Ljava/lang/Object;I)[Ljava/lang/Object; 1 3938 0 java/util/ArrayList toArray ([Ljava/lang/Object;)[Ljava/lang/Object; 1 3952 0 com/android/tools/r8/graph/W0$a <init> (I[Lcom/android/tools/r8/graph/L2;[Lcom/android/tools/r8/graph/O0;)V 2 1 0 com/android/tools/r8/graph/W0 <init> ()V 3 1 0 com/android/tools/r8/graph/E <init> ()V 4 2 0 com/android/tools/r8/graph/n1 <init> ()V 5 1 0 java/lang/Object <init> ()V 1 3967 0 com/android/tools/r8/graph/j1 Q0 ()Lcom/android/tools/r8/graph/i0; 2 2 0 com/android/tools/r8/graph/j1 L0 ()V 1 3970 0 com/android/tools/r8/graph/J0 C ()Lcom/android/tools/r8/graph/J0; 1 4002 0 java/util/LinkedList toArray ([Ljava/lang/Object;)[Ljava/lang/Object; 2 13 0 java/lang/Class getComponentType ()Ljava/lang/Class; 2 20 0 java/lang/reflect/Array newInstance (Ljava/lang/Class;I)Ljava/lang/Object; 1 4021 0 com/android/tools/r8/graph/J0 <init> (III[Lcom/android/tools/r8/internal/Up;[Lcom/android/tools/r8/graph/J0$a;[Lcom/android/tools/r8/graph/J0$b;Lcom/android/tools/r8/graph/W0;)V 2 17 0 com/android/tools/r8/graph/J0 <init> (III[Lcom/android/tools/r8/internal/Up;[Lcom/android/tools/r8/graph/J0$a;[Lcom/android/tools/r8/graph/J0$b;Lcom/android/tools/r8/graph/W0;Lcom/android/tools/r8/internal/v8;)V 3 6 0 com/android/tools/r8/graph/i0 <init> ()V 4 1 0 com/android/tools/r8/graph/E <init> ()V 5 2 0 com/android/tools/r8/graph/n1 <init> ()V 6 1 0 java/lang/Object <init> ()V 3 200 0 com/android/tools/r8/graph/E hashCode ()I
