version 2
JvmtiExport can_access_local_variables 0
JvmtiExport can_hotswap_or_post_breakpoint 0
JvmtiExport can_post_on_exceptions 0
# 410 ciObject found
instanceKlass com/android/tools/r8/kotlin/p0
ciInstanceKlass java/lang/Cloneable 1 0 7 100 1 100 1 1 1
instanceKlass  @bci com/android/tools/r8/internal/a00 b (Lcom/android/tools/r8/internal/uw;)Lcom/android/tools/r8/internal/uw; 256 <appendix> member <vmtarget> ; # com/android/tools/r8/internal/a00$$Lambda+0x00000189cf3df918
instanceKlass  @bci com/android/tools/r8/internal/a00 b (Lcom/android/tools/r8/internal/uw;)Lcom/android/tools/r8/internal/uw; 247 <appendix> member <vmtarget> ; # com/android/tools/r8/internal/a00$$Lambda+0x00000189cf3df6d0
instanceKlass  @bci com/android/tools/r8/internal/G10 a (Lcom/android/tools/r8/graph/l1;Lcom/android/tools/r8/internal/Uz;Lcom/android/tools/r8/internal/Sz;)Lcom/android/tools/r8/internal/uw; 22 <appendix> member <vmtarget> ; # com/android/tools/r8/internal/G10$$Lambda+0x00000189cf3df4a8
instanceKlass  @bci com/android/tools/r8/internal/Uz e (Lcom/android/tools/r8/internal/Uz;Lcom/android/tools/r8/graph/l1;)Lcom/android/tools/r8/internal/uw; 2 <appendix> argL0 ; # com/android/tools/r8/internal/Uz$$Lambda+0x00000189cf3df288
instanceKlass com/android/tools/r8/internal/Sz
instanceKlass  @bci com/android/tools/r8/dex/n0 a (Lcom/android/tools/r8/graph/l1;)Z 36 <appendix> member <vmtarget> ; # com/android/tools/r8/dex/n0$$Lambda+0x00000189cf3dee30
instanceKlass  @bci com/android/tools/r8/internal/a4 a ([Ljava/lang/Object;Ljava/util/function/Predicate;[Ljava/lang/Object;)[Ljava/lang/Object; 2 <appendix> member <vmtarget> ; # com/android/tools/r8/internal/a4$$Lambda+0x00000189cf3de7d0
instanceKlass  @bci com/android/tools/r8/graph/W0 a (Lcom/android/tools/r8/graph/W0;)Lcom/android/tools/r8/graph/Z0; 27 <appendix> argL0 ; # com/android/tools/r8/graph/W0$$Lambda+0x00000189cf3de580
instanceKlass  @bci com/android/tools/r8/internal/G10 a (Lcom/android/tools/r8/graph/B2;Lcom/android/tools/r8/graph/B2;Lcom/android/tools/r8/internal/PK;Lcom/android/tools/r8/internal/i50;Lcom/android/tools/r8/internal/Uz;Lcom/android/tools/r8/internal/Tz;)Lcom/android/tools/r8/internal/BX; 40 <appendix> member <vmtarget> ; # com/android/tools/r8/internal/G10$$Lambda+0x00000189cf3dd970
instanceKlass  @bci com/android/tools/r8/internal/G10 a (Lcom/android/tools/r8/graph/B2;Lcom/android/tools/r8/graph/B2;Lcom/android/tools/r8/internal/PK;Lcom/android/tools/r8/internal/Uz;Lcom/android/tools/r8/internal/i50;)Lcom/android/tools/r8/internal/BX; 136 <appendix> argL0 ; # com/android/tools/r8/internal/G10$$Lambda+0x00000189cf3dd750
instanceKlass com/android/tools/r8/internal/Tz
instanceKlass  @bci com/android/tools/r8/dex/t0 a (Lcom/android/tools/r8/graph/I2;Ljava/util/AbstractMap;Ljava/util/HashMap;Ljava/util/function/Consumer;Lcom/android/tools/r8/graph/u1;)Z 28 <appendix> member <vmtarget> ; # com/android/tools/r8/dex/t0$$Lambda+0x00000189cf3dd308
instanceKlass  @bci com/android/tools/r8/dex/n0 b (Lcom/android/tools/r8/graph/I2;)Z 15 <appendix> member <vmtarget> ; # com/android/tools/r8/dex/n0$$Lambda+0x00000189cf3dd0d0
instanceKlass  @bci com/android/tools/r8/dex/n0 a (Lcom/android/tools/r8/graph/I2;)Z 28 <appendix> member <vmtarget> ; # com/android/tools/r8/dex/n0$$Lambda+0x00000189cf3dce78
instanceKlass  @bci com/android/tools/r8/dex/n0 a (Lcom/android/tools/r8/graph/B2;)Z 36 <appendix> member <vmtarget> ; # com/android/tools/r8/dex/n0$$Lambda+0x00000189cf3dcc20
instanceKlass  @bci com/android/tools/r8/graph/H2 a (Lcom/android/tools/r8/graph/y;Lcom/android/tools/r8/dex/M;Lcom/android/tools/r8/internal/yS;)V 461 <appendix> member <vmtarget> ; # com/android/tools/r8/graph/H2$$Lambda+0x00000189cf3dc9e8
instanceKlass  @bci com/android/tools/r8/graph/H2 a (Lcom/android/tools/r8/graph/y;Lcom/android/tools/r8/dex/M;Lcom/android/tools/r8/internal/yS;)V 450 <appendix> member <vmtarget> ; # com/android/tools/r8/graph/H2$$Lambda+0x00000189cf3dc7b0
instanceKlass  @bci com/android/tools/r8/dex/n0 a (Lcom/android/tools/r8/graph/M2;)Z 53 <appendix> member <vmtarget> ; # com/android/tools/r8/dex/n0$$Lambda+0x00000189cf3dc558
instanceKlass  @bci com/android/tools/r8/dex/n0 a (Lcom/android/tools/r8/graph/H2;)Z 41 <appendix> member <vmtarget> ; # com/android/tools/r8/dex/n0$$Lambda+0x00000189cf3dc300
instanceKlass com/android/tools/r8/internal/iL
instanceKlass com/android/tools/r8/internal/eL
instanceKlass com/android/tools/r8/dex/r0
instanceKlass  @bci com/android/tools/r8/dex/p0 a (Lcom/android/tools/r8/internal/kp0;)Ljava/util/function/Predicate; 1 <appendix> member <vmtarget> ; # com/android/tools/r8/dex/p0$$Lambda+0x00000189cf3db3b0
instanceKlass  @bci com/android/tools/r8/dex/p0 a (Ljava/util/Map;)Ljava/util/Comparator; 1 <appendix> member <vmtarget> ; # com/android/tools/r8/dex/p0$$Lambda+0x00000189cf3db110
instanceKlass com/android/tools/r8/dex/p0
instanceKlass com/android/tools/r8/dex/q0
instanceKlass  @bci com/android/tools/r8/internal/Uz a (Lcom/android/tools/r8/internal/Uz;Lcom/android/tools/r8/graph/M2;)Lcom/android/tools/r8/graph/M2; 2 <appendix> argL0 ; # com/android/tools/r8/internal/Uz$$Lambda+0x00000189cf3daac0
instanceKlass  @bci com/android/tools/r8/dex/t0 a (Ljava/util/Collection;Lcom/android/tools/r8/internal/Uz;Lcom/android/tools/r8/naming/b;)Ljava/util/IdentityHashMap; 19 <appendix> member <vmtarget> ; # com/android/tools/r8/dex/t0$$Lambda+0x00000189cf3da888
instanceKlass com/android/tools/r8/naming/b
instanceKlass  @bci com/android/tools/r8/dex/n0 a ()V 161 <appendix> member <vmtarget> ; # com/android/tools/r8/dex/n0$$Lambda+0x00000189cf3da400
instanceKlass  @bci com/android/tools/r8/dex/n0 a ()V 141 <appendix> member <vmtarget> ; # com/android/tools/r8/dex/n0$$Lambda+0x00000189cf3da1b8
instanceKlass  @bci com/android/tools/r8/dex/n0 a ()V 121 <appendix> member <vmtarget> ; # com/android/tools/r8/dex/n0$$Lambda+0x00000189cf3d9f70
instanceKlass  @bci com/android/tools/r8/dex/n0 a ()V 101 <appendix> member <vmtarget> ; # com/android/tools/r8/dex/n0$$Lambda+0x00000189cf3d9d28
instanceKlass  @bci com/android/tools/r8/dex/n0 a ()V 81 <appendix> member <vmtarget> ; # com/android/tools/r8/dex/n0$$Lambda+0x00000189cf3d9ae0
instanceKlass  @bci com/android/tools/r8/dex/n0 a ()V 58 <appendix> member <vmtarget> ; # com/android/tools/r8/dex/n0$$Lambda+0x00000189cf3d9898
instanceKlass  @bci com/android/tools/r8/dex/n0 a ()V 38 <appendix> member <vmtarget> ; # com/android/tools/r8/dex/n0$$Lambda+0x00000189cf3d9650
instanceKlass  @bci com/android/tools/r8/dex/n0 a (Ljava/util/Set;Ljava/util/function/Function;)V 3 <appendix> member <vmtarget> ; # com/android/tools/r8/dex/n0$$Lambda+0x00000189cf3d9418
instanceKlass  @bci com/android/tools/r8/dex/n0 a ()V 18 <appendix> member <vmtarget> ; # com/android/tools/r8/dex/n0$$Lambda+0x00000189cf3d91d0
instanceKlass  @bci com/android/tools/r8/dex/n0 a (Lcom/android/tools/r8/graph/L2;)Z 45 <appendix> member <vmtarget> ; # com/android/tools/r8/dex/n0$$Lambda+0x00000189cf3d8f78
instanceKlass com/android/tools/r8/dex/m0
instanceKlass com/android/tools/r8/internal/yS
instanceKlass com/android/tools/r8/dex/n0
instanceKlass com/android/tools/r8/dex/s0
instanceKlass com/android/tools/r8/dex/M
instanceKlass  @bci com/android/tools/r8/dex/k a (Lcom/android/tools/r8/graph/H2;)V 6 <appendix> argL0 ; # com/android/tools/r8/dex/k$$Lambda+0x00000189cf3d8250
instanceKlass  @bci com/android/tools/r8/dex/k a (Lcom/android/tools/r8/graph/H2;)V 1 <appendix> argL0 ; # com/android/tools/r8/dex/k$$Lambda+0x00000189cf3d8000
instanceKlass  @bci com/android/tools/r8/dex/k b (Ljava/util/concurrent/ExecutorService;)V 13 <appendix> member <vmtarget> ; # com/android/tools/r8/dex/k$$Lambda+0x00000189cf3d7d60
instanceKlass  @bci com/android/tools/r8/graph/U3 d (Ljava/util/List;)Ljava/util/List; 14 <appendix> member <vmtarget> ; # com/android/tools/r8/graph/U3$$Lambda+0x00000189cf3d7720
instanceKlass  @bci com/android/tools/r8/graph/U3 a (Ljava/util/List;)Ljava/util/List; 3 <appendix> member <vmtarget> ; # com/android/tools/r8/graph/U3$$Lambda+0x00000189cf3d74e8
instanceKlass  @bci com/android/tools/r8/graph/U3 c (Ljava/util/List;)Ljava/util/List; 25 <appendix> member <vmtarget> ; # com/android/tools/r8/graph/U3$$Lambda+0x00000189cf3d72b0
instanceKlass  @bci com/android/tools/r8/dex/k b ()V 1849 <appendix> member <vmtarget> ; # com/android/tools/r8/dex/k$$Lambda+0x00000189cf3d7078
instanceKlass  @bci com/android/tools/r8/dex/k b ()V 1834 <appendix> member <vmtarget> ; # com/android/tools/r8/dex/k$$Lambda+0x00000189cf3d6e40
instanceKlass  @bci com/android/tools/r8/graph/U3 e (Ljava/util/List;)Ljava/util/List; 3 <appendix> member <vmtarget> ; # com/android/tools/r8/graph/U3$$Lambda+0x00000189cf3d6c08
instanceKlass com/android/tools/r8/graph/U3
instanceKlass com/android/tools/r8/internal/Qu0
instanceKlass com/android/tools/r8/internal/Vu0
instanceKlass java/util/Currency
instanceKlass java/util/UUID
instanceKlass java/net/InetAddress
instanceKlass com/android/tools/r8/internal/Xu0
instanceKlass java/util/concurrent/atomic/AtomicIntegerArray
instanceKlass com/android/tools/r8/internal/Uu0
instanceKlass com/android/tools/r8/internal/Tu0
instanceKlass com/android/tools/r8/internal/tu0
instanceKlass com/android/tools/r8/internal/su0
instanceKlass com/android/tools/r8/internal/hv0
instanceKlass java/util/Formatter$Flags
instanceKlass java/util/Formatter$FormatSpecifier
instanceKlass java/util/Formatter$Conversion
instanceKlass java/util/Formatter$FixedString
instanceKlass java/util/Formatter$FormatString
instanceKlass  @bci java/util/regex/Pattern union (Ljava/util/regex/Pattern$CharPredicate;Ljava/util/regex/Pattern$CharPredicate;Z)Ljava/util/regex/Pattern$CharPredicate; 6 <appendix> member <vmtarget> ; # java/util/regex/Pattern$$Lambda+0x800000031
instanceKlass java/util/Formatter
instanceKlass  @bci java/util/regex/Pattern Range (II)Ljava/util/regex/Pattern$CharPredicate; 23 <appendix> member <vmtarget> ; # java/util/regex/Pattern$$Lambda+0x800000029
instanceKlass java/util/regex/Pattern$BitClass
instanceKlass com/android/tools/r8/internal/VL
instanceKlass com/android/tools/r8/internal/lT
instanceKlass  @bci com/android/tools/r8/dex/W toString ()Ljava/lang/String; 38 <appendix> member <vmtarget> ; # com/android/tools/r8/dex/W$$Lambda+0x00000189cf3d0f68
instanceKlass  @bci com/android/tools/r8/dex/W toString ()Ljava/lang/String; 24 <appendix> argL0 ; # com/android/tools/r8/dex/W$$Lambda+0x00000189cf3d0d28
instanceKlass  @bci com/android/tools/r8/dex/k a (Lcom/android/tools/r8/internal/D7;Ljava/util/ArrayList;)V 68 <appendix> member <vmtarget> ; # com/android/tools/r8/dex/k$$Lambda+0x00000189cf3d06d0
instanceKlass  @bci com/android/tools/r8/dex/k a (Lcom/android/tools/r8/internal/D7;Ljava/util/ArrayList;)V 55 <appendix> argL0 ; # com/android/tools/r8/dex/k$$Lambda+0x00000189cf3d0490
instanceKlass  @bci com/android/tools/r8/dex/k a (Lcom/android/tools/r8/internal/D7;Ljava/util/ArrayList;)V 47 <appendix> member <vmtarget> ; # com/android/tools/r8/dex/k$$Lambda+0x00000189cf3d0258
instanceKlass  @bci com/android/tools/r8/internal/M70 a (Ljava/util/function/Function;)Ljava/util/function/Predicate; 1 <appendix> member <vmtarget> ; # com/android/tools/r8/internal/M70$$Lambda+0x00000189cf3d0000
instanceKlass  @bci com/android/tools/r8/dex/k <init> (Lcom/android/tools/r8/graph/y;Lcom/android/tools/r8/dex/W;Lcom/android/tools/r8/DexIndexedConsumer;)V 141 <appendix> member <vmtarget> ; # com/android/tools/r8/dex/k$$Lambda+0x00000189cf3cfb98
instanceKlass com/android/tools/r8/SourceFileEnvironment
instanceKlass com/android/tools/r8/internal/LJ
instanceKlass com/android/tools/r8/dex/i0
instanceKlass com/android/tools/r8/internal/z50
instanceKlass com/android/tools/r8/dex/X
instanceKlass com/android/tools/r8/dex/r
instanceKlass  @bci com/android/tools/r8/D8 d (Lcom/android/tools/r8/utils/i;Lcom/android/tools/r8/internal/QJ;Ljava/util/concurrent/ExecutorService;)V 802 <appendix> member <vmtarget> ; # com/android/tools/r8/D8$$Lambda+0x00000189cf3ccc68
instanceKlass com/android/tools/r8/internal/a3
instanceKlass com/android/tools/r8/internal/b3
instanceKlass com/android/tools/r8/internal/Z2
instanceKlass  @bci com/android/tools/r8/D8 a (Lcom/android/tools/r8/graph/y;Lcom/android/tools/r8/internal/at0;Ljava/util/concurrent/ExecutorService;)V 80 <appendix> member <vmtarget> ; # com/android/tools/r8/D8$$Lambda+0x00000189cf3cc200
instanceKlass  @bci com/android/tools/r8/D8 a (Lcom/android/tools/r8/graph/y;Lcom/android/tools/r8/internal/at0;Ljava/util/concurrent/ExecutorService;)V 67 <appendix> member <vmtarget> ; # com/android/tools/r8/D8$$Lambda+0x00000189cf3cbfd8
instanceKlass com/android/tools/r8/internal/JQ
instanceKlass  @bci com/android/tools/r8/kotlin/J a (Ljava/util/function/Consumer;Lcom/android/tools/r8/graph/j1;Lcom/android/tools/r8/graph/y;)Z 621 <appendix> member <vmtarget> ; # com/android/tools/r8/kotlin/J$$Lambda+0x00000189cf3cbb90
instanceKlass  @bci com/android/tools/r8/kotlin/n a (Lcom/android/tools/r8/graph/y;Lcom/android/tools/r8/graph/E0;)Lcom/android/tools/r8/internal/d60; 1561 <appendix> member <vmtarget> ; # com/android/tools/r8/kotlin/n$$Lambda+0x00000189cf3cb958
instanceKlass com/android/tools/r8/kotlin/E
instanceKlass  @bci com/android/tools/r8/kotlin/n a (Lcom/android/tools/r8/internal/GQ;Lcom/android/tools/r8/graph/E0;)Ljava/util/List; 43 <appendix> member <vmtarget> ; # com/android/tools/r8/kotlin/n$$Lambda+0x00000189cf3cb400
# instanceKlass com/android/tools/r8/kotlin/C$$Lambda+0x00000189cf3caae8
# instanceKlass com/android/tools/r8/kotlin/C$$Lambda+0x00000189cf3ca8c8
# instanceKlass com/android/tools/r8/kotlin/C$$Lambda+0x00000189cf3ca6a8
instanceKlass  @bci com/android/tools/r8/kotlin/C b (Ljava/util/function/Consumer;Lcom/android/tools/r8/graph/y;)Z 184 <appendix> argL0 ; # com/android/tools/r8/kotlin/C$$Lambda+0x00000189cf3ca488
# instanceKlass com/android/tools/r8/kotlin/C$$Lambda+0x00000189cf3ca268
# instanceKlass com/android/tools/r8/kotlin/C$$Lambda+0x00000189cf3ca048
# instanceKlass com/android/tools/r8/kotlin/C$$Lambda+0x00000189cf3c9e28
instanceKlass  @bci com/android/tools/r8/kotlin/C b (Ljava/util/function/Consumer;Lcom/android/tools/r8/graph/y;)Z 160 <appendix> argL0 ; # com/android/tools/r8/kotlin/C$$Lambda+0x00000189cf3c9c08
# instanceKlass com/android/tools/r8/kotlin/C$$Lambda+0x00000189cf3c99e8
# instanceKlass com/android/tools/r8/kotlin/C$$Lambda+0x00000189cf3c97c8
instanceKlass  @bci com/android/tools/r8/kotlin/C b (Ljava/util/function/Consumer;Lcom/android/tools/r8/graph/y;)Z 136 <appendix> argL0 ; # com/android/tools/r8/kotlin/C$$Lambda+0x00000189cf3c95a8
# instanceKlass com/android/tools/r8/kotlin/D$$Lambda+0x00000189cf3c9388
instanceKlass  @bci com/android/tools/r8/kotlin/C b (Ljava/util/function/Consumer;Lcom/android/tools/r8/graph/y;)Z 128 <appendix> member <vmtarget> ; # com/android/tools/r8/kotlin/C$$Lambda+0x00000189cf3c8f30
instanceKlass  @bci com/android/tools/r8/kotlin/D b (Ljava/util/function/Consumer;Lcom/android/tools/r8/graph/y;)Z 52 <appendix> argL0 ; # com/android/tools/r8/kotlin/D$$Lambda+0x00000189cf3c9168
# instanceKlass com/android/tools/r8/kotlin/D$$Lambda+0x00000189cf3c8cf8
instanceKlass  @bci com/android/tools/r8/kotlin/D b (Ljava/util/function/Consumer;Lcom/android/tools/r8/graph/y;)Z 31 <appendix> member <vmtarget> ; # com/android/tools/r8/kotlin/D$$Lambda+0x00000189cf3c8ac0
# instanceKlass com/android/tools/r8/kotlin/D$$Lambda+0x00000189cf3c8888
# instanceKlass com/android/tools/r8/kotlin/z$$Lambda+0x00000189cf3c8668
# instanceKlass com/android/tools/r8/kotlin/z$$Lambda+0x00000189cf3c8448
instanceKlass  @bci com/android/tools/r8/kotlin/z b (Ljava/util/function/Consumer;Lcom/android/tools/r8/graph/y;)Z 36 <appendix> argL0 ; # com/android/tools/r8/kotlin/z$$Lambda+0x00000189cf3c8228
instanceKlass com/android/tools/r8/kotlin/C
instanceKlass com/android/tools/r8/kotlin/D
instanceKlass com/android/tools/r8/internal/gz0
instanceKlass com/android/tools/r8/internal/OQ
instanceKlass  @bci com/android/tools/r8/kotlin/I b (Ljava/util/function/Consumer;Lcom/android/tools/r8/graph/y;)Z 37 <appendix> member <vmtarget> ; # com/android/tools/r8/kotlin/I$$Lambda+0x00000189cf3c69a8
instanceKlass  @bci com/android/tools/r8/kotlin/o0 b (Ljava/util/function/Consumer;Lcom/android/tools/r8/graph/y;)Z 173 <appendix> argL0 ; # com/android/tools/r8/kotlin/o0$$Lambda+0x00000189cf3c6788
instanceKlass  @bci com/android/tools/r8/kotlin/o0 b (Ljava/util/function/Consumer;Lcom/android/tools/r8/graph/y;)Z 152 <appendix> argL0 ; # com/android/tools/r8/kotlin/o0$$Lambda+0x00000189cf3c6568
instanceKlass  @bci com/android/tools/r8/kotlin/o0 b (Ljava/util/function/Consumer;Lcom/android/tools/r8/graph/y;)Z 130 <appendix> member <vmtarget> ; # com/android/tools/r8/kotlin/o0$$Lambda+0x00000189cf3c6330
instanceKlass  @bci com/android/tools/r8/kotlin/o0 b (Ljava/util/function/Consumer;Lcom/android/tools/r8/graph/y;)Z 116 <appendix> member <vmtarget> ; # com/android/tools/r8/kotlin/o0$$Lambda+0x00000189cf3c60f8
instanceKlass  @bci com/android/tools/r8/kotlin/a a (Ljava/util/function/Consumer;Lcom/android/tools/r8/graph/g1;Lcom/android/tools/r8/graph/j1;Lcom/android/tools/r8/graph/j1;Lcom/android/tools/r8/graph/j1;Lcom/android/tools/r8/graph/y;)Z 681 <appendix> member <vmtarget> ; # com/android/tools/r8/kotlin/a$$Lambda+0x00000189cf3c5c98
instanceKlass com/android/tools/r8/kotlin/f0
instanceKlass  @bci com/android/tools/r8/kotlin/N a (Lcom/android/tools/r8/graph/y;Lcom/android/tools/r8/graph/E0;Ljava/util/function/Consumer;)Z 27 <appendix> member <vmtarget> ; # com/android/tools/r8/kotlin/N$$Lambda+0x00000189cf3c52c0
instanceKlass com/android/tools/r8/internal/du
instanceKlass  @bci com/android/tools/r8/kotlin/e0 a (Lcom/android/tools/r8/graph/y;Lcom/android/tools/r8/graph/E0;)Lcom/android/tools/r8/internal/d60; 52 <appendix> member <vmtarget> ; # com/android/tools/r8/kotlin/e0$$Lambda+0x00000189cf3c4df0
instanceKlass com/android/tools/r8/kotlin/e0
instanceKlass  @bci com/android/tools/r8/kotlin/n a (Lcom/android/tools/r8/graph/y;Lcom/android/tools/r8/graph/E0;)Lcom/android/tools/r8/internal/d60; 1503 <appendix> member <vmtarget> ; # com/android/tools/r8/kotlin/n$$Lambda+0x00000189cf3c48e8
instanceKlass com/android/tools/r8/internal/fu
# instanceKlass com/android/tools/r8/kotlin/g0$$Lambda+0x00000189cf3c4378
instanceKlass  @bci com/android/tools/r8/kotlin/g0 a (Lcom/android/tools/r8/internal/YQ;Lcom/android/tools/r8/graph/E0;Lcom/android/tools/r8/graph/y;)Z 89 <appendix> member <vmtarget> ; # com/android/tools/r8/kotlin/g0$$Lambda+0x00000189cf3c4140
# instanceKlass com/android/tools/r8/kotlin/a$$Lambda+0x00000189cf3c3f20
# instanceKlass com/android/tools/r8/kotlin/a$$Lambda+0x00000189cf3c3d00
# instanceKlass com/android/tools/r8/kotlin/a$$Lambda+0x00000189cf3c3ae0
# instanceKlass com/android/tools/r8/kotlin/a$$Lambda+0x00000189cf3c38c0
# instanceKlass com/android/tools/r8/kotlin/a$$Lambda+0x00000189cf3c3480
# instanceKlass com/android/tools/r8/kotlin/a$$Lambda+0x00000189cf3c36a0
instanceKlass  @bci com/android/tools/r8/kotlin/a a (Ljava/util/function/Consumer;Lcom/android/tools/r8/graph/g1;Lcom/android/tools/r8/graph/j1;Lcom/android/tools/r8/graph/j1;Lcom/android/tools/r8/graph/j1;Lcom/android/tools/r8/graph/y;)Z 738 <appendix> argL0 ; # com/android/tools/r8/kotlin/a$$Lambda+0x00000189cf3c3260
instanceKlass  @bci com/android/tools/r8/kotlin/a a (Ljava/util/function/Consumer;Lcom/android/tools/r8/graph/g1;Lcom/android/tools/r8/graph/j1;Lcom/android/tools/r8/graph/j1;Lcom/android/tools/r8/graph/j1;Lcom/android/tools/r8/graph/y;)Z 709 <appendix> member <vmtarget> ; # com/android/tools/r8/kotlin/a$$Lambda+0x00000189cf3c3028
# instanceKlass com/android/tools/r8/kotlin/a$$Lambda+0x00000189cf3c2df0
# instanceKlass com/android/tools/r8/kotlin/a$$Lambda+0x00000189cf3c2bb8
# instanceKlass com/android/tools/r8/kotlin/a$$Lambda+0x00000189cf3c2980
# instanceKlass com/android/tools/r8/kotlin/K$$Lambda+0x00000189cf3c2748
# instanceKlass com/android/tools/r8/kotlin/a$$Lambda+0x00000189cf3c2510
instanceKlass  @bci com/android/tools/r8/kotlin/a a (Ljava/util/function/Consumer;Lcom/android/tools/r8/graph/g1;Lcom/android/tools/r8/graph/j1;Lcom/android/tools/r8/graph/j1;Lcom/android/tools/r8/graph/j1;Lcom/android/tools/r8/graph/y;)Z 733 <appendix> member <vmtarget> ; # com/android/tools/r8/kotlin/a$$Lambda+0x00000189cf3c22d8
# instanceKlass com/android/tools/r8/kotlin/K$$Lambda+0x00000189cf3c20a0
# instanceKlass com/android/tools/r8/kotlin/K$$Lambda+0x00000189cf3c1e68
instanceKlass  @bci com/android/tools/r8/kotlin/K a (Ljava/util/function/Consumer;Lcom/android/tools/r8/graph/g1;Lcom/android/tools/r8/graph/y;)Z 83 <appendix> member <vmtarget> ; # com/android/tools/r8/kotlin/K$$Lambda+0x00000189cf3c1c30
# instanceKlass com/android/tools/r8/kotlin/a$$Lambda+0x00000189cf3c1a10
# instanceKlass com/android/tools/r8/kotlin/a$$Lambda+0x00000189cf3c17d8
# instanceKlass com/android/tools/r8/kotlin/a$$Lambda+0x00000189cf3c15a0
# instanceKlass com/android/tools/r8/kotlin/a$$Lambda+0x00000189cf3c1368
instanceKlass  @bci com/android/tools/r8/kotlin/a a (Ljava/util/function/Consumer;Lcom/android/tools/r8/graph/g1;Lcom/android/tools/r8/graph/j1;Lcom/android/tools/r8/graph/j1;Lcom/android/tools/r8/graph/j1;Lcom/android/tools/r8/graph/y;)Z 627 <appendix> member <vmtarget> ; # com/android/tools/r8/kotlin/a$$Lambda+0x00000189cf3c1130
# instanceKlass com/android/tools/r8/kotlin/a$$Lambda+0x00000189cf3c0ef8
instanceKlass  @bci com/android/tools/r8/kotlin/a a (Ljava/util/function/Consumer;Lcom/android/tools/r8/graph/g1;Lcom/android/tools/r8/graph/j1;Lcom/android/tools/r8/graph/j1;Lcom/android/tools/r8/graph/j1;Lcom/android/tools/r8/graph/y;)Z 654 <appendix> member <vmtarget> ; # com/android/tools/r8/kotlin/a$$Lambda+0x00000189cf3c0cc0
# instanceKlass com/android/tools/r8/kotlin/a$$Lambda+0x00000189cf3c0aa0
# instanceKlass com/android/tools/r8/kotlin/a$$Lambda+0x00000189cf3c0880
# instanceKlass com/android/tools/r8/kotlin/a$$Lambda+0x00000189cf3c0660
# instanceKlass com/android/tools/r8/kotlin/a$$Lambda+0x00000189cf3c0440
# instanceKlass com/android/tools/r8/kotlin/a$$Lambda+0x00000189cf3c0220
instanceKlass  @bci com/android/tools/r8/kotlin/a a (Ljava/util/function/Consumer;Lcom/android/tools/r8/graph/g1;Lcom/android/tools/r8/graph/j1;Lcom/android/tools/r8/graph/j1;Lcom/android/tools/r8/graph/j1;Lcom/android/tools/r8/graph/y;)Z 587 <appendix> argL0 ; # com/android/tools/r8/kotlin/a$$Lambda+0x00000189cf3c0000
# instanceKlass com/android/tools/r8/kotlin/a$$Lambda+0x00000189cf3bfce0
# instanceKlass com/android/tools/r8/kotlin/a$$Lambda+0x00000189cf3bfac0
# instanceKlass com/android/tools/r8/kotlin/a$$Lambda+0x00000189cf3bf8a0
# instanceKlass com/android/tools/r8/kotlin/a$$Lambda+0x00000189cf3bf680
# instanceKlass com/android/tools/r8/kotlin/a$$Lambda+0x00000189cf3bf460
# instanceKlass com/android/tools/r8/kotlin/a$$Lambda+0x00000189cf3bf240
instanceKlass  @bci com/android/tools/r8/kotlin/a a (Ljava/util/function/Consumer;Lcom/android/tools/r8/graph/g1;Lcom/android/tools/r8/graph/j1;Lcom/android/tools/r8/graph/j1;Lcom/android/tools/r8/graph/j1;Lcom/android/tools/r8/graph/y;)Z 568 <appendix> argL0 ; # com/android/tools/r8/kotlin/a$$Lambda+0x00000189cf3bf020
# instanceKlass com/android/tools/r8/kotlin/a$$Lambda+0x00000189cf3bee00
# instanceKlass com/android/tools/r8/kotlin/a$$Lambda+0x00000189cf3bebe0
# instanceKlass com/android/tools/r8/kotlin/a$$Lambda+0x00000189cf3be9c0
# instanceKlass com/android/tools/r8/kotlin/a$$Lambda+0x00000189cf3be7a0
instanceKlass  @bci com/android/tools/r8/kotlin/a a (Ljava/util/function/Consumer;Lcom/android/tools/r8/graph/g1;Lcom/android/tools/r8/graph/j1;Lcom/android/tools/r8/graph/j1;Lcom/android/tools/r8/graph/j1;Lcom/android/tools/r8/graph/y;)Z 549 <appendix> argL0 ; # com/android/tools/r8/kotlin/a$$Lambda+0x00000189cf3be580
# instanceKlass com/android/tools/r8/kotlin/a$$Lambda+0x00000189cf3be348
# instanceKlass com/android/tools/r8/kotlin/a$$Lambda+0x00000189cf3be110
# instanceKlass com/android/tools/r8/kotlin/m$$Lambda+0x00000189cf3bded8
instanceKlass  @bci com/android/tools/r8/kotlin/m a (Lcom/android/tools/r8/internal/V6;Ljava/util/Map;Lcom/android/tools/r8/graph/y;Ljava/lang/String;Lcom/android/tools/r8/kotlin/l;)V 5 <appendix> member <vmtarget> ; # com/android/tools/r8/kotlin/m$$Lambda+0x00000189cf3bdca0
instanceKlass  @bci com/android/tools/r8/kotlin/a a (Ljava/util/function/Consumer;Lcom/android/tools/r8/graph/g1;Lcom/android/tools/r8/graph/j1;Lcom/android/tools/r8/graph/j1;Lcom/android/tools/r8/graph/j1;Lcom/android/tools/r8/graph/y;)Z 544 <appendix> member <vmtarget> ; # com/android/tools/r8/kotlin/a$$Lambda+0x00000189cf3bda68
instanceKlass  @bci com/android/tools/r8/kotlin/n a (Lcom/android/tools/r8/graph/y;Lcom/android/tools/r8/graph/E0;)Lcom/android/tools/r8/internal/d60; 1387 <appendix> member <vmtarget> ; # com/android/tools/r8/kotlin/n$$Lambda+0x00000189cf3bd830
# instanceKlass com/android/tools/r8/kotlin/a$$Lambda+0x00000189cf3bd610
instanceKlass  @bci com/android/tools/r8/kotlin/n a (Lcom/android/tools/r8/graph/y;Lcom/android/tools/r8/graph/E0;)Lcom/android/tools/r8/internal/d60; 1621 <appendix> member <vmtarget> ; # com/android/tools/r8/kotlin/n$$Lambda+0x00000189cf3bd3d8
# instanceKlass com/android/tools/r8/kotlin/a$$Lambda+0x00000189cf3bd1b8
instanceKlass  @bci com/android/tools/r8/kotlin/a a (Ljava/util/function/Consumer;Lcom/android/tools/r8/graph/g1;Lcom/android/tools/r8/graph/j1;Lcom/android/tools/r8/graph/j1;Lcom/android/tools/r8/graph/j1;Lcom/android/tools/r8/graph/y;)Z 528 <appendix> argL0 ; # com/android/tools/r8/kotlin/a$$Lambda+0x00000189cf3bcf98
# instanceKlass com/android/tools/r8/kotlin/m$$Lambda+0x00000189cf3bcd60
instanceKlass  @bci com/android/tools/r8/kotlin/m a (Lcom/android/tools/r8/internal/V6;Lcom/android/tools/r8/graph/y;Ljava/util/function/Consumer;Ljava/lang/String;)V 33 <appendix> member <vmtarget> ; # com/android/tools/r8/kotlin/m$$Lambda+0x00000189cf3bcb28
# instanceKlass com/android/tools/r8/kotlin/a$$Lambda+0x00000189cf3bc8f0
# instanceKlass com/android/tools/r8/kotlin/a$$Lambda+0x00000189cf3bc6b8
instanceKlass  @bci com/android/tools/r8/kotlin/a a (Ljava/util/function/Consumer;Lcom/android/tools/r8/graph/g1;Lcom/android/tools/r8/graph/j1;Lcom/android/tools/r8/graph/j1;Lcom/android/tools/r8/graph/j1;Lcom/android/tools/r8/graph/y;)Z 523 <appendix> member <vmtarget> ; # com/android/tools/r8/kotlin/a$$Lambda+0x00000189cf3bc480
instanceKlass  @bci com/android/tools/r8/kotlin/s0 a (Ljava/util/function/Consumer;Lcom/android/tools/r8/graph/y;Ljava/lang/String;)Z 23 <appendix> member <vmtarget> ; # com/android/tools/r8/kotlin/s0$$Lambda+0x00000189cf3bc248
# instanceKlass com/android/tools/r8/kotlin/a$$Lambda+0x00000189cf3bc028
# instanceKlass com/android/tools/r8/kotlin/a$$Lambda+0x00000189cf3bbe08
instanceKlass  @bci com/android/tools/r8/kotlin/a a (Ljava/util/function/Consumer;Lcom/android/tools/r8/graph/g1;Lcom/android/tools/r8/graph/j1;Lcom/android/tools/r8/graph/j1;Lcom/android/tools/r8/graph/j1;Lcom/android/tools/r8/graph/y;)Z 508 <appendix> argL0 ; # com/android/tools/r8/kotlin/a$$Lambda+0x00000189cf3bbbe8
# instanceKlass com/android/tools/r8/kotlin/m$$Lambda+0x00000189cf3bb9b0
instanceKlass  @bci com/android/tools/r8/kotlin/m b (Ljava/util/function/Consumer;Lcom/android/tools/r8/graph/y;)Z 19 <appendix> member <vmtarget> ; # com/android/tools/r8/kotlin/m$$Lambda+0x00000189cf3bb778
# instanceKlass com/android/tools/r8/kotlin/a$$Lambda+0x00000189cf3bb308
# instanceKlass com/android/tools/r8/kotlin/a$$Lambda+0x00000189cf3bb540
instanceKlass  @bci com/android/tools/r8/kotlin/n a (Lcom/android/tools/r8/graph/y;Lcom/android/tools/r8/graph/E0;)Lcom/android/tools/r8/internal/d60; 563 <appendix> member <vmtarget> ; # com/android/tools/r8/kotlin/n$$Lambda+0x00000189cf3bb0d0
instanceKlass  @bci com/android/tools/r8/kotlin/a a (Ljava/util/function/Consumer;Lcom/android/tools/r8/graph/g1;Lcom/android/tools/r8/graph/j1;Lcom/android/tools/r8/graph/j1;Lcom/android/tools/r8/graph/j1;Lcom/android/tools/r8/graph/y;)Z 503 <appendix> member <vmtarget> ; # com/android/tools/r8/kotlin/a$$Lambda+0x00000189cf3bae98
instanceKlass com/android/tools/r8/kotlin/x
# instanceKlass com/android/tools/r8/kotlin/p0$$Lambda+0x00000189cf3ba958
instanceKlass  @bci com/android/tools/r8/kotlin/p0 b (Ljava/util/function/Consumer;Lcom/android/tools/r8/graph/y;)Z 243 <appendix> argL0 ; # com/android/tools/r8/kotlin/p0$$Lambda+0x00000189cf3ba738
# instanceKlass com/android/tools/r8/kotlin/J$$Lambda+0x00000189cf3ba500
# instanceKlass com/android/tools/r8/kotlin/J$$Lambda+0x00000189cf3ba2c8
# instanceKlass com/android/tools/r8/kotlin/J$$Lambda+0x00000189cf3ba090
# instanceKlass com/android/tools/r8/kotlin/J$$Lambda+0x00000189cf3b9e58
instanceKlass  @bci com/android/tools/r8/kotlin/J a (Ljava/util/function/Consumer;Lcom/android/tools/r8/graph/j1;Lcom/android/tools/r8/graph/y;)Z 641 <appendix> member <vmtarget> ; # com/android/tools/r8/kotlin/J$$Lambda+0x00000189cf3b9c20
# instanceKlass com/android/tools/r8/kotlin/J$$Lambda+0x00000189cf3b99e8
instanceKlass  @bci com/android/tools/r8/kotlin/O b (Ljava/util/function/Consumer;Lcom/android/tools/r8/graph/y;)Z 6 <appendix> argL0 ; # com/android/tools/r8/kotlin/O$$Lambda+0x00000189cf3b97c8
instanceKlass  @bci com/android/tools/r8/kotlin/q0 b (Ljava/util/function/Consumer;Lcom/android/tools/r8/graph/y;)Z 132 <appendix> argL0 ; # com/android/tools/r8/kotlin/q0$$Lambda+0x00000189cf3b95a8
instanceKlass com/android/tools/r8/kotlin/H
instanceKlass com/android/tools/r8/internal/MQ
instanceKlass  @bci com/android/tools/r8/kotlin/n a (Lcom/android/tools/r8/graph/y;Lcom/android/tools/r8/graph/E0;)Lcom/android/tools/r8/internal/d60; 1651 <appendix> member <vmtarget> ; # com/android/tools/r8/kotlin/n$$Lambda+0x00000189cf3b8f58
instanceKlass  @bci com/android/tools/r8/kotlin/q0 b (Ljava/util/function/Consumer;Lcom/android/tools/r8/graph/y;)Z 112 <appendix> argL0 ; # com/android/tools/r8/kotlin/q0$$Lambda+0x00000189cf3b8d38
instanceKlass  @bci com/android/tools/r8/kotlin/B a (Ljava/util/function/Consumer;Ljava/util/function/Consumer;Ljava/util/function/Consumer;Lcom/android/tools/r8/graph/E0;Lcom/android/tools/r8/graph/y;Lcom/android/tools/r8/kotlin/W;)Z 263 <appendix> argL0 ; # com/android/tools/r8/kotlin/B$$Lambda+0x00000189cf3b8af8
# instanceKlass com/android/tools/r8/kotlin/B$$Lambda+0x00000189cf3b88b8
instanceKlass  @bci com/android/tools/r8/kotlin/n a (Lcom/android/tools/r8/graph/y;Lcom/android/tools/r8/graph/E0;)Lcom/android/tools/r8/internal/d60; 1585 <appendix> argL0 ; # com/android/tools/r8/kotlin/n$$Lambda+0x00000189cf3b8698
instanceKlass  @bci com/android/tools/r8/kotlin/n a (Lcom/android/tools/r8/graph/y;Lcom/android/tools/r8/graph/E0;)Lcom/android/tools/r8/internal/d60; 1316 <appendix> member <vmtarget> ; # com/android/tools/r8/kotlin/n$$Lambda+0x00000189cf3b8460
# instanceKlass com/android/tools/r8/kotlin/B$$Lambda+0x00000189cf3b8220
instanceKlass  @bci com/android/tools/r8/kotlin/t0 b (Ljava/util/function/Consumer;Lcom/android/tools/r8/graph/y;)Z 184 <appendix> argL0 ; # com/android/tools/r8/kotlin/t0$$Lambda+0x00000189cf3b8000
instanceKlass  @bci com/android/tools/r8/kotlin/B a (Ljava/util/function/Consumer;Ljava/util/function/Consumer;Ljava/util/function/Consumer;Lcom/android/tools/r8/graph/E0;Lcom/android/tools/r8/graph/y;Lcom/android/tools/r8/kotlin/W;)Z 83 <appendix> argL0 ; # com/android/tools/r8/kotlin/B$$Lambda+0x00000189cf3b7bc0
# instanceKlass com/android/tools/r8/kotlin/J$$Lambda+0x00000189cf3b7988
# instanceKlass com/android/tools/r8/kotlin/J$$Lambda+0x00000189cf3b7750
# instanceKlass com/android/tools/r8/kotlin/J$$Lambda+0x00000189cf3b7518
instanceKlass  @bci com/android/tools/r8/kotlin/J a (Ljava/util/function/Consumer;Lcom/android/tools/r8/graph/j1;Lcom/android/tools/r8/graph/y;)Z 595 <appendix> member <vmtarget> ; # com/android/tools/r8/kotlin/J$$Lambda+0x00000189cf3b72e0
instanceKlass  @bci com/android/tools/r8/kotlin/n a (Lcom/android/tools/r8/graph/y;Lcom/android/tools/r8/graph/E0;)Lcom/android/tools/r8/internal/d60; 1219 <appendix> argL0 ; # com/android/tools/r8/kotlin/n$$Lambda+0x00000189cf3b70c0
instanceKlass  @bci com/android/tools/r8/kotlin/t0 b (Ljava/util/function/Consumer;Lcom/android/tools/r8/graph/y;)Z 177 <appendix> member <vmtarget> ; # com/android/tools/r8/kotlin/t0$$Lambda+0x00000189cf3b6e88
# instanceKlass com/android/tools/r8/kotlin/J$$Lambda+0x00000189cf3b6c68
# instanceKlass com/android/tools/r8/kotlin/J$$Lambda+0x00000189cf3b6a48
# instanceKlass com/android/tools/r8/kotlin/J$$Lambda+0x00000189cf3b6608
instanceKlass  @bci com/android/tools/r8/kotlin/J a (Ljava/util/function/Consumer;Lcom/android/tools/r8/graph/j1;Lcom/android/tools/r8/graph/y;)Z 555 <appendix> argL0 ; # com/android/tools/r8/kotlin/J$$Lambda+0x00000189cf3b6828
instanceKlass  @bci com/android/tools/r8/kotlin/B a (Ljava/util/function/Consumer;Ljava/util/function/Consumer;Ljava/util/function/Consumer;Lcom/android/tools/r8/graph/E0;Lcom/android/tools/r8/graph/y;Lcom/android/tools/r8/kotlin/W;)Z 521 <appendix> argL0 ; # com/android/tools/r8/kotlin/B$$Lambda+0x00000189cf3b63e8
# instanceKlass com/android/tools/r8/kotlin/J$$Lambda+0x00000189cf3b5d40
instanceKlass com/android/tools/r8/kotlin/A
# instanceKlass com/android/tools/r8/kotlin/J$$Lambda+0x00000189cf3b5f78
instanceKlass  @bci com/android/tools/r8/kotlin/r0 b (Ljava/util/function/Consumer;Lcom/android/tools/r8/graph/y;)Z 31 <appendix> member <vmtarget> ; # com/android/tools/r8/kotlin/r0$$Lambda+0x00000189cf3b58d0
instanceKlass  @bci com/android/tools/r8/kotlin/J a (Ljava/util/function/Consumer;Lcom/android/tools/r8/graph/j1;Lcom/android/tools/r8/graph/y;)Z 550 <appendix> member <vmtarget> ; # com/android/tools/r8/kotlin/J$$Lambda+0x00000189cf3b5b08
# instanceKlass com/android/tools/r8/kotlin/J$$Lambda+0x00000189cf3b61b0
# instanceKlass com/android/tools/r8/kotlin/J$$Lambda+0x00000189cf3b54a0
instanceKlass  @bci com/android/tools/r8/kotlin/B a (Ljava/util/function/Consumer;Ljava/util/function/Consumer;Ljava/util/function/Consumer;Lcom/android/tools/r8/graph/E0;Lcom/android/tools/r8/graph/y;Lcom/android/tools/r8/kotlin/W;)Z 505 <appendix> argL0 ; # com/android/tools/r8/kotlin/B$$Lambda+0x00000189cf3b5280
# instanceKlass com/android/tools/r8/kotlin/J$$Lambda+0x00000189cf3b5060
instanceKlass  @bci com/android/tools/r8/kotlin/J a (Ljava/util/function/Consumer;Lcom/android/tools/r8/graph/j1;Lcom/android/tools/r8/graph/y;)Z 535 <appendix> argL0 ; # com/android/tools/r8/kotlin/J$$Lambda+0x00000189cf3b4e40
# instanceKlass com/android/tools/r8/kotlin/J$$Lambda+0x00000189cf3b4c20
instanceKlass  @bci com/android/tools/r8/kotlin/t0 b (Ljava/util/function/Consumer;Lcom/android/tools/r8/graph/y;)Z 161 <appendix> member <vmtarget> ; # com/android/tools/r8/kotlin/t0$$Lambda+0x00000189cf3b49e8
# instanceKlass com/android/tools/r8/kotlin/J$$Lambda+0x00000189cf3b47c8
# instanceKlass com/android/tools/r8/kotlin/J$$Lambda+0x00000189cf3b45a8
# instanceKlass com/android/tools/r8/kotlin/J$$Lambda+0x00000189cf3b4388
instanceKlass  @bci com/android/tools/r8/kotlin/J a (Ljava/util/function/Consumer;Lcom/android/tools/r8/graph/j1;Lcom/android/tools/r8/graph/y;)Z 517 <appendix> argL0 ; # com/android/tools/r8/kotlin/J$$Lambda+0x00000189cf3b4168
# instanceKlass com/android/tools/r8/kotlin/y$$Lambda+0x00000189cf3b3f48
# instanceKlass com/android/tools/r8/kotlin/y$$Lambda+0x00000189cf3b3d28
# instanceKlass com/android/tools/r8/kotlin/y$$Lambda+0x00000189cf3b3b08
instanceKlass  @bci com/android/tools/r8/kotlin/y a (Lcom/android/tools/r8/internal/GQ;Lcom/android/tools/r8/graph/j1;Lcom/android/tools/r8/graph/y;)Z 203 <appendix> argL0 ; # com/android/tools/r8/kotlin/y$$Lambda+0x00000189cf3b38e8
# instanceKlass com/android/tools/r8/kotlin/B$$Lambda+0x00000189cf3b36c8
# instanceKlass com/android/tools/r8/kotlin/M$$Lambda+0x00000189cf3b3490
# instanceKlass com/android/tools/r8/kotlin/M$$Lambda+0x00000189cf3b3258
# instanceKlass com/android/tools/r8/kotlin/M$$Lambda+0x00000189cf3b3020
instanceKlass  @bci com/android/tools/r8/kotlin/M a (Ljava/util/function/Consumer;Lcom/android/tools/r8/graph/j1;Lcom/android/tools/r8/graph/y;)Z 204 <appendix> member <vmtarget> ; # com/android/tools/r8/kotlin/M$$Lambda+0x00000189cf3b2de8
# instanceKlass com/android/tools/r8/kotlin/B$$Lambda+0x00000189cf3b2bc8
instanceKlass  @bci com/android/tools/r8/kotlin/J a (Ljava/util/function/Consumer;Lcom/android/tools/r8/graph/j1;Lcom/android/tools/r8/graph/y;)Z 499 <appendix> argL0 ; # com/android/tools/r8/kotlin/J$$Lambda+0x00000189cf3b29a8
instanceKlass  @bci com/android/tools/r8/kotlin/B a (Ljava/util/function/Consumer;Ljava/util/function/Consumer;Ljava/util/function/Consumer;Lcom/android/tools/r8/graph/E0;Lcom/android/tools/r8/graph/y;Lcom/android/tools/r8/kotlin/W;)Z 9 <appendix> argL0 ; # com/android/tools/r8/kotlin/B$$Lambda+0x00000189cf3b2788
# instanceKlass com/android/tools/r8/kotlin/n$$Lambda+0x00000189cf3b2550
instanceKlass  @bci com/android/tools/r8/kotlin/M a (Ljava/util/function/Consumer;Lcom/android/tools/r8/graph/j1;Lcom/android/tools/r8/graph/y;)Z 173 <appendix> member <vmtarget> ; # com/android/tools/r8/kotlin/M$$Lambda+0x00000189cf3b2318
instanceKlass  @bci com/android/tools/r8/kotlin/n a (Lcom/android/tools/r8/graph/y;Lcom/android/tools/r8/graph/E0;)Lcom/android/tools/r8/internal/d60; 1196 <appendix> member <vmtarget> ; # com/android/tools/r8/kotlin/n$$Lambda+0x00000189cf3b20e0
instanceKlass  @bci com/android/tools/r8/kotlin/p0 b (Ljava/util/function/Consumer;Lcom/android/tools/r8/graph/y;)Z 199 <appendix> member <vmtarget> ; # com/android/tools/r8/kotlin/p0$$Lambda+0x00000189cf3b1ea8
# instanceKlass com/android/tools/r8/kotlin/n$$Lambda+0x00000189cf3b1c70
instanceKlass  @bci com/android/tools/r8/kotlin/n a (Lcom/android/tools/r8/graph/y;Lcom/android/tools/r8/graph/E0;)Lcom/android/tools/r8/internal/d60; 1181 <appendix> member <vmtarget> ; # com/android/tools/r8/kotlin/n$$Lambda+0x00000189cf3b1a38
# instanceKlass com/android/tools/r8/kotlin/y$$Lambda+0x00000189cf3b1800
# instanceKlass com/android/tools/r8/kotlin/y$$Lambda+0x00000189cf3b15c8
# instanceKlass com/android/tools/r8/kotlin/y$$Lambda+0x00000189cf3b1390
instanceKlass  @bci com/android/tools/r8/kotlin/y a (Lcom/android/tools/r8/internal/GQ;Lcom/android/tools/r8/graph/j1;Lcom/android/tools/r8/graph/y;)Z 176 <appendix> member <vmtarget> ; # com/android/tools/r8/kotlin/y$$Lambda+0x00000189cf3b1158
# instanceKlass com/android/tools/r8/kotlin/n$$Lambda+0x00000189cf3b0f20
instanceKlass com/android/tools/r8/kotlin/o0
instanceKlass  @bci com/android/tools/r8/kotlin/n a (Lcom/android/tools/r8/graph/y;Lcom/android/tools/r8/graph/E0;)Lcom/android/tools/r8/internal/d60; 1166 <appendix> member <vmtarget> ; # com/android/tools/r8/kotlin/n$$Lambda+0x00000189cf3b0ac0
instanceKlass com/android/tools/r8/internal/UQ
instanceKlass com/android/tools/r8/internal/iM
instanceKlass  @bci com/android/tools/r8/kotlin/g0 a (Lcom/android/tools/r8/internal/YQ;Lcom/android/tools/r8/graph/E0;Lcom/android/tools/r8/graph/y;)Z 58 <appendix> member <vmtarget> ; # com/android/tools/r8/kotlin/g0$$Lambda+0x00000189cf3b0470
instanceKlass  @bci com/android/tools/r8/kotlin/g0 a (Lcom/android/tools/r8/internal/YQ;Lcom/android/tools/r8/graph/E0;Lcom/android/tools/r8/graph/y;)Z 40 <appendix> member <vmtarget> ; # com/android/tools/r8/kotlin/g0$$Lambda+0x00000189cf3b0238
instanceKlass  @bci com/android/tools/r8/kotlin/g0 a (Lcom/android/tools/r8/internal/YQ;Lcom/android/tools/r8/graph/E0;Lcom/android/tools/r8/graph/y;)Z 25 <appendix> member <vmtarget> ; # com/android/tools/r8/kotlin/g0$$Lambda+0x00000189cf3b0000
instanceKlass  @bci com/android/tools/r8/kotlin/b0 a (Lcom/android/tools/r8/graph/y;Ljava/util/List;Ljava/util/List;Lcom/android/tools/r8/internal/du0;)Z 34 <appendix> member <vmtarget> ; # com/android/tools/r8/kotlin/b0$$Lambda+0x00000189cf3a4400
instanceKlass  @bci com/android/tools/r8/kotlin/p0 b (Ljava/util/function/Consumer;Lcom/android/tools/r8/graph/y;)Z 185 <appendix> argL0 ; # com/android/tools/r8/kotlin/p0$$Lambda+0x00000189cf3afd68
instanceKlass  @bci com/android/tools/r8/kotlin/p0 b (Ljava/util/function/Consumer;Lcom/android/tools/r8/graph/y;)Z 164 <appendix> argL0 ; # com/android/tools/r8/kotlin/p0$$Lambda+0x00000189cf3afb48
instanceKlass  @bci com/android/tools/r8/kotlin/p0 b (Ljava/util/function/Consumer;Lcom/android/tools/r8/graph/y;)Z 157 <appendix> member <vmtarget> ; # com/android/tools/r8/kotlin/p0$$Lambda+0x00000189cf3af910
instanceKlass  @bci com/android/tools/r8/kotlin/p0 b (Ljava/util/function/Consumer;Lcom/android/tools/r8/graph/y;)Z 141 <appendix> argL0 ; # com/android/tools/r8/kotlin/p0$$Lambda+0x00000189cf3af6f0
instanceKlass  @bci com/android/tools/r8/kotlin/p0 b (Ljava/util/function/Consumer;Lcom/android/tools/r8/graph/y;)Z 134 <appendix> member <vmtarget> ; # com/android/tools/r8/kotlin/p0$$Lambda+0x00000189cf3af4b8
instanceKlass com/android/tools/r8/kotlin/K
instanceKlass  @bci com/android/tools/r8/kotlin/r a (Lcom/android/tools/r8/internal/eR;Lcom/android/tools/r8/graph/y;)Z 6 <appendix> member <vmtarget> ; # com/android/tools/r8/kotlin/r$$Lambda+0x00000189cf3af058
instanceKlass  @bci com/android/tools/r8/kotlin/l a (Ljava/util/Map;Lcom/android/tools/r8/graph/u1;)Ljava/util/Map; 25 <appendix> member <vmtarget> ; # com/android/tools/r8/kotlin/l$$Lambda+0x00000189cf3ae9a0
# instanceKlass com/android/tools/r8/kotlin/l$$Lambda+0x00000189cf3ae528
instanceKlass com/android/tools/r8/internal/bM
instanceKlass com/android/tools/r8/kotlin/i0
instanceKlass  @bci com/android/tools/r8/kotlin/J a (Ljava/util/function/Consumer;Lcom/android/tools/r8/graph/j1;Lcom/android/tools/r8/graph/y;)Z 480 <appendix> member <vmtarget> ; # com/android/tools/r8/kotlin/J$$Lambda+0x00000189cf3add50
# instanceKlass com/android/tools/r8/kotlin/n$$Lambda+0x00000189cf3ad460
# instanceKlass com/android/tools/r8/kotlin/n$$Lambda+0x00000189cf3ad218
instanceKlass  @bci com/android/tools/r8/kotlin/N a (Lcom/android/tools/r8/graph/y;Lcom/android/tools/r8/graph/E0;Ljava/util/function/Consumer;)Z 92 <appendix> member <vmtarget> ; # com/android/tools/r8/kotlin/N$$Lambda+0x00000189cf3acfe0
instanceKlass  @bci com/android/tools/r8/kotlin/n a (Lcom/android/tools/r8/internal/tR$a;Ljava/lang/String;Lcom/android/tools/r8/graph/E0;Lcom/android/tools/r8/graph/y;Ljava/util/function/Consumer;Ljava/util/function/BiConsumer;)Lcom/android/tools/r8/kotlin/n; 1002 <appendix> member <vmtarget> ; # com/android/tools/r8/kotlin/n$$Lambda+0x00000189cf3acd98
# instanceKlass com/android/tools/r8/kotlin/n$$Lambda+0x00000189cf3acb50
instanceKlass  @bci com/android/tools/r8/kotlin/a a (Lcom/android/tools/r8/internal/bR;Lcom/android/tools/r8/graph/u1;Lcom/android/tools/r8/internal/yg0;)Lcom/android/tools/r8/kotlin/a; 207 <appendix> member <vmtarget> ; # com/android/tools/r8/kotlin/a$$Lambda+0x00000189cf3ac498
instanceKlass com/android/tools/r8/kotlin/l
instanceKlass  @bci com/android/tools/r8/kotlin/n0 a (Lcom/android/tools/r8/graph/y;Lcom/android/tools/r8/graph/E0;)Lcom/android/tools/r8/internal/d60; 66 <appendix> member <vmtarget> ; # com/android/tools/r8/kotlin/n0$$Lambda+0x00000189cf3ac030
# instanceKlass com/android/tools/r8/kotlin/J$$Lambda+0x00000189cf3abde8
# instanceKlass com/android/tools/r8/kotlin/J$$Lambda+0x00000189cf3abba0
instanceKlass com/android/tools/r8/kotlin/O
instanceKlass com/android/tools/r8/kotlin/a
# instanceKlass com/android/tools/r8/kotlin/J$$Lambda+0x00000189cf3ab388
# instanceKlass com/android/tools/r8/kotlin/J$$Lambda+0x00000189cf3ab140
# instanceKlass com/android/tools/r8/kotlin/J$$Lambda+0x00000189cf3aaef8
instanceKlass  @bci com/android/tools/r8/kotlin/J a (Lcom/android/tools/r8/internal/VQ;Lcom/android/tools/r8/graph/u1;Lcom/android/tools/r8/internal/yg0;)Lcom/android/tools/r8/kotlin/J; 172 <appendix> member <vmtarget> ; # com/android/tools/r8/kotlin/J$$Lambda+0x00000189cf3aacb0
# instanceKlass com/android/tools/r8/graph/h1$$Lambda+0x00000189cf3aaa68
# instanceKlass com/android/tools/r8/graph/h1$$Lambda+0x00000189cf3aa820
instanceKlass  @bci com/android/tools/r8/graph/h1 a (Ljava/util/function/Consumer;Ljava/util/function/Consumer;)V 9 <appendix> member <vmtarget> ; # com/android/tools/r8/graph/h1$$Lambda+0x00000189cf3aa5d8
instanceKlass com/android/tools/r8/kotlin/h0
# instanceKlass com/android/tools/r8/graph/h1$$Lambda+0x00000189cf3aa190
# instanceKlass com/android/tools/r8/graph/h1$$Lambda+0x00000189cf3a9f48
instanceKlass  @bci com/android/tools/r8/graph/h1 a (Ljava/util/function/Consumer;Ljava/util/function/Consumer;)V 3 <appendix> member <vmtarget> ; # com/android/tools/r8/graph/h1$$Lambda+0x00000189cf3a9d00
instanceKlass com/android/tools/r8/kotlin/z
# instanceKlass com/android/tools/r8/kotlin/q$$Lambda+0x00000189cf3a98a0
# instanceKlass com/android/tools/r8/kotlin/q$$Lambda+0x00000189cf3a9430
instanceKlass  @bci com/android/tools/r8/kotlin/q a (Lcom/android/tools/r8/graph/h1;Lcom/android/tools/r8/kotlin/P;)V 9 <appendix> member <vmtarget> ; # com/android/tools/r8/kotlin/q$$Lambda+0x00000189cf3a9668
instanceKlass  @bci com/android/tools/r8/kotlin/q a (Lcom/android/tools/r8/graph/h1;Lcom/android/tools/r8/kotlin/P;)V 3 <appendix> member <vmtarget> ; # com/android/tools/r8/kotlin/q$$Lambda+0x00000189cf3a91f8
instanceKlass com/android/tools/r8/kotlin/r0
instanceKlass com/android/tools/r8/kotlin/B
instanceKlass com/android/tools/r8/kotlin/M
instanceKlass com/android/tools/r8/kotlin/q0
instanceKlass com/android/tools/r8/kotlin/y
instanceKlass com/android/tools/r8/kotlin/I
instanceKlass com/android/tools/r8/kotlin/m
instanceKlass com/android/tools/r8/internal/gM
instanceKlass com/android/tools/r8/kotlin/s0
instanceKlass com/android/tools/r8/kotlin/W
instanceKlass com/android/tools/r8/kotlin/w
instanceKlass com/android/tools/r8/kotlin/p0
instanceKlass com/android/tools/r8/internal/ZJ
instanceKlass com/android/tools/r8/kotlin/t0
instanceKlass com/android/tools/r8/kotlin/n
instanceKlass com/android/tools/r8/kotlin/g0
instanceKlass com/android/tools/r8/kotlin/J
instanceKlass com/android/tools/r8/internal/qs0
instanceKlass com/android/tools/r8/kotlin/G
instanceKlass  @bci com/android/tools/r8/internal/hz0 a (Lcom/android/tools/r8/internal/ez0;Lcom/android/tools/r8/internal/nR;)Ljava/lang/Integer; 322 <appendix> member <vmtarget> ; # com/android/tools/r8/internal/hz0$$Lambda+0x00000189cf3a6450
instanceKlass com/android/tools/r8/kotlin/N
instanceKlass  @bci com/android/tools/r8/internal/hz0 a (Lcom/android/tools/r8/internal/ez0;Lcom/android/tools/r8/internal/nR;)Ljava/lang/Integer; 315 <appendix> member <vmtarget> ; # com/android/tools/r8/internal/hz0$$Lambda+0x00000189cf3a6000
instanceKlass  @cpi com/android/tools/r8/internal/hz0 651 form vmentry <vmtarget> ; # java/lang/invoke/LambdaForm$DMH+0x00000189cf3a4000
instanceKlass com/android/tools/r8/internal/Yn0
instanceKlass com/android/tools/r8/internal/kw0
instanceKlass com/android/tools/r8/internal/fz
instanceKlass com/android/tools/r8/internal/ZM
instanceKlass com/android/tools/r8/internal/PQ
instanceKlass com/android/tools/r8/internal/Bu
instanceKlass com/android/tools/r8/internal/f0
instanceKlass com/android/tools/r8/internal/fR
instanceKlass com/android/tools/r8/internal/Ex
instanceKlass com/android/tools/r8/internal/c60
instanceKlass com/android/tools/r8/internal/CM
instanceKlass com/android/tools/r8/internal/dR
instanceKlass com/android/tools/r8/internal/cR
instanceKlass com/android/tools/r8/internal/Z6
instanceKlass com/android/tools/r8/internal/Hx
instanceKlass com/android/tools/r8/internal/mQ
instanceKlass com/android/tools/r8/internal/k5
instanceKlass com/android/tools/r8/internal/Cc0
instanceKlass com/android/tools/r8/internal/I8
instanceKlass com/android/tools/r8/internal/fS
instanceKlass com/android/tools/r8/internal/hz0
instanceKlass com/android/tools/r8/internal/mR
instanceKlass com/android/tools/r8/internal/aN
instanceKlass com/android/tools/r8/internal/fz0
instanceKlass com/android/tools/r8/internal/Ec0
instanceKlass com/android/tools/r8/internal/aK
instanceKlass com/android/tools/r8/internal/iK
instanceKlass com/android/tools/r8/internal/MZ
instanceKlass com/android/tools/r8/internal/Lx
instanceKlass com/android/tools/r8/internal/ez0
instanceKlass com/android/tools/r8/internal/bR
instanceKlass com/android/tools/r8/internal/ay0
instanceKlass com/android/tools/r8/internal/Zx0
instanceKlass com/android/tools/r8/internal/nR
instanceKlass com/android/tools/r8/internal/WM
instanceKlass com/android/tools/r8/internal/qe
instanceKlass com/android/tools/r8/internal/Eb0
instanceKlass com/android/tools/r8/internal/mM
instanceKlass com/android/tools/r8/internal/kR
instanceKlass com/android/tools/r8/internal/I70
instanceKlass com/android/tools/r8/internal/eM
instanceKlass com/android/tools/r8/internal/LQ
instanceKlass com/android/tools/r8/internal/yf0
instanceKlass com/android/tools/r8/internal/nM
instanceKlass com/android/tools/r8/internal/sd
instanceKlass com/android/tools/r8/internal/cf
instanceKlass com/android/tools/r8/internal/KQ
instanceKlass com/android/tools/r8/internal/Xa0
instanceKlass com/android/tools/r8/internal/jR
instanceKlass com/android/tools/r8/internal/dM
instanceKlass com/android/tools/r8/internal/Fv
instanceKlass com/android/tools/r8/internal/fM
instanceKlass com/android/tools/r8/internal/pQ
instanceKlass com/android/tools/r8/internal/YM
instanceKlass com/android/tools/r8/internal/iR
instanceKlass com/android/tools/r8/internal/XM
instanceKlass com/android/tools/r8/internal/gR
instanceKlass com/android/tools/r8/internal/hR
instanceKlass com/android/tools/r8/internal/Dc0
instanceKlass com/android/tools/r8/internal/eR
instanceKlass com/android/tools/r8/internal/rI
instanceKlass com/android/tools/r8/internal/vr0
instanceKlass com/android/tools/r8/internal/e60
instanceKlass com/android/tools/r8/internal/Ny
instanceKlass com/android/tools/r8/internal/My
instanceKlass com/android/tools/r8/internal/Ly
instanceKlass com/android/tools/r8/internal/Jy
instanceKlass com/android/tools/r8/internal/Iy
instanceKlass com/android/tools/r8/internal/Hy
instanceKlass com/android/tools/r8/internal/Gy
instanceKlass com/android/tools/r8/internal/Fy
instanceKlass com/android/tools/r8/internal/Ey
instanceKlass com/android/tools/r8/internal/Dy
instanceKlass com/android/tools/r8/internal/Cy
instanceKlass com/android/tools/r8/internal/By
instanceKlass com/android/tools/r8/internal/zy
instanceKlass com/android/tools/r8/internal/Vy
instanceKlass com/android/tools/r8/internal/Uy
instanceKlass com/android/tools/r8/internal/Ty
instanceKlass com/android/tools/r8/internal/Sy
instanceKlass com/android/tools/r8/internal/Ry
instanceKlass com/android/tools/r8/internal/Qy
instanceKlass com/android/tools/r8/internal/Py
instanceKlass com/android/tools/r8/internal/Oy
instanceKlass com/android/tools/r8/internal/Ay
instanceKlass com/android/tools/r8/internal/ee
instanceKlass com/android/tools/r8/internal/mf0
instanceKlass com/android/tools/r8/internal/jM
instanceKlass com/android/tools/r8/internal/WQ
instanceKlass com/android/tools/r8/internal/VQ
instanceKlass com/android/tools/r8/internal/Kx
instanceKlass com/android/tools/r8/internal/lf0
instanceKlass com/android/tools/r8/internal/bN
instanceKlass com/android/tools/r8/internal/Mc
instanceKlass com/android/tools/r8/internal/TQ
instanceKlass com/android/tools/r8/internal/IQ
instanceKlass com/android/tools/r8/internal/cM
instanceKlass com/android/tools/r8/internal/BM
instanceKlass com/android/tools/r8/internal/HQ
instanceKlass com/android/tools/r8/internal/ZQ
instanceKlass com/android/tools/r8/internal/SQ
instanceKlass com/android/tools/r8/internal/Fc0
instanceKlass com/android/tools/r8/internal/oM
instanceKlass java/io/Reader
instanceKlass com/android/tools/r8/internal/YQ
instanceKlass com/android/tools/r8/internal/Rv0
instanceKlass com/android/tools/r8/internal/fs0
instanceKlass com/android/tools/r8/internal/by0
instanceKlass  @bci com/android/tools/r8/internal/lX <clinit> ()V 10 <appendix> argL0 ; # com/android/tools/r8/internal/lX$$Lambda+0x00000189cf3862f8
instanceKlass com/android/tools/r8/internal/lX
instanceKlass com/android/tools/r8/internal/Dv0
instanceKlass com/android/tools/r8/internal/mX
instanceKlass com/android/tools/r8/internal/Bc0
instanceKlass com/android/tools/r8/internal/XQ
instanceKlass com/android/tools/r8/internal/GQ
instanceKlass com/android/tools/r8/internal/Wn0
instanceKlass com/android/tools/r8/internal/iu
instanceKlass com/android/tools/r8/internal/Oe
instanceKlass com/android/tools/r8/internal/BD
instanceKlass com/android/tools/r8/internal/DD
instanceKlass com/android/tools/r8/internal/hW
instanceKlass  @bci com/android/tools/r8/internal/gf a (Ljava/util/List;)Lcom/android/tools/r8/internal/CD; 5 <appendix> member <vmtarget> ; # com/android/tools/r8/internal/gf$$Lambda+0x00000189cf3830e8
instanceKlass com/android/tools/r8/internal/yy
instanceKlass com/android/tools/r8/internal/CD
instanceKlass com/android/tools/r8/internal/s
instanceKlass com/android/tools/r8/internal/d4
instanceKlass com/android/tools/r8/internal/hf
instanceKlass com/android/tools/r8/internal/AM
instanceKlass com/android/tools/r8/internal/OZ
instanceKlass com/android/tools/r8/internal/jz0
instanceKlass com/android/tools/r8/internal/O6
instanceKlass com/android/tools/r8/internal/Jv
instanceKlass com/android/tools/r8/internal/sJ
instanceKlass com/android/tools/r8/internal/jz
instanceKlass com/android/tools/r8/internal/Qn0
instanceKlass com/android/tools/r8/internal/Un0
instanceKlass com/android/tools/r8/internal/Ww
instanceKlass com/android/tools/r8/internal/dz
instanceKlass com/android/tools/r8/internal/m8
instanceKlass com/android/tools/r8/internal/Sn0
instanceKlass com/android/tools/r8/internal/He
instanceKlass com/android/tools/r8/internal/iz
instanceKlass com/android/tools/r8/kotlin/n0
instanceKlass com/android/tools/r8/internal/pM
instanceKlass com/android/tools/r8/internal/qM
instanceKlass com/android/tools/r8/internal/uR
instanceKlass com/android/tools/r8/internal/TM
instanceKlass com/android/tools/r8/internal/VM
instanceKlass com/android/tools/r8/internal/Kv
instanceKlass com/android/tools/r8/internal/UM
instanceKlass com/android/tools/r8/internal/NQ
instanceKlass com/android/tools/r8/internal/j1
instanceKlass com/android/tools/r8/internal/m60
instanceKlass com/android/tools/r8/internal/O0
instanceKlass com/android/tools/r8/internal/ZW
# instanceKlass java/lang/invoke/LambdaForm$MH+0x00000189cf374000
instanceKlass  @bci com/android/tools/r8/kotlin/q b (Lcom/android/tools/r8/graph/R2;Ljava/lang/String;)[Ljava/lang/String; 41 <appendix> form vmentry <vmtarget> ; # java/lang/invoke/LambdaForm$MH+0x00000189cf373c00
# instanceKlass java/lang/invoke/LambdaForm$MH+0x00000189cf373800
# instanceKlass java/lang/invoke/LambdaForm$MH+0x00000189cf373400
# instanceKlass java/lang/invoke/LambdaForm$MH+0x00000189cf373000
# instanceKlass java/lang/invoke/LambdaForm$MH+0x00000189cf372c00
# instanceKlass java/lang/invoke/LambdaForm$MH+0x00000189cf372800
# instanceKlass java/lang/invoke/LambdaForm$MH+0x00000189cf372400
# instanceKlass java/lang/invoke/LambdaForm$MH+0x00000189cf372000
# instanceKlass java/lang/invoke/LambdaForm$MH+0x00000189cf371c00
# instanceKlass java/lang/invoke/LambdaForm$MH+0x00000189cf371800
# instanceKlass java/lang/invoke/LambdaForm$MH+0x00000189cf371400
# instanceKlass java/lang/invoke/LambdaForm$MH+0x00000189cf371000
# instanceKlass java/lang/invoke/LambdaForm$MH+0x00000189cf370c00
instanceKlass com/android/tools/r8/internal/tR
instanceKlass  @bci com/android/tools/r8/kotlin/q b (Lcom/android/tools/r8/graph/R2;Ljava/lang/String;)[Ljava/lang/String; 41 <appendix> argL3 form vmentry <vmtarget> ; # java/lang/invoke/LambdaForm$MH+0x00000189cf370800
# instanceKlass java/lang/invoke/LambdaForm$MH+0x00000189cf370400
# instanceKlass java/lang/invoke/LambdaForm$MH+0x00000189cf370000
# instanceKlass java/lang/invoke/LambdaForm$MH+0x00000189cf36fc00
# instanceKlass java/lang/invoke/LambdaForm$MH+0x00000189cf36f000
# instanceKlass java/lang/invoke/LambdaForm$MH+0x00000189cf36f800
# instanceKlass java/lang/invoke/LambdaForm$MH+0x00000189cf36f400
# instanceKlass java/lang/invoke/LambdaForm$MH+0x00000189cf36ec00
# instanceKlass java/lang/invoke/LambdaForm$MH+0x00000189cf36e400
# instanceKlass java/lang/invoke/LambdaForm$MH+0x00000189cf36e800
# instanceKlass java/lang/invoke/LambdaForm$MH+0x00000189cf36e000
# instanceKlass java/lang/invoke/LambdaForm$MH+0x00000189cf36dc00
# instanceKlass java/lang/invoke/LambdaForm$MH+0x00000189cf36d800
# instanceKlass java/lang/invoke/LambdaForm$MH+0x00000189cf36d400
# instanceKlass java/lang/invoke/LambdaForm$MH+0x00000189cf36d000
# instanceKlass java/lang/invoke/LambdaForm$MH+0x00000189cf36cc00
# instanceKlass java/lang/invoke/LambdaForm$MH+0x00000189cf36c800
# instanceKlass java/lang/invoke/LambdaForm$MH+0x00000189cf36c400
# instanceKlass java/lang/invoke/LambdaForm$MH+0x00000189cf36c000
# instanceKlass java/lang/invoke/LambdaForm$MH+0x00000189cf36bc00
# instanceKlass java/lang/invoke/LambdaForm$MH+0x00000189cf36b800
instanceKlass com/android/tools/r8/kotlin/Q
# instanceKlass java/lang/invoke/LambdaForm$MH+0x00000189cf36b400
# instanceKlass java/lang/invoke/LambdaForm$MH+0x00000189cf36b000
# instanceKlass java/lang/invoke/LambdaForm$MH+0x00000189cf36ac00
# instanceKlass java/lang/invoke/LambdaForm$MH+0x00000189cf36a800
# instanceKlass java/lang/invoke/LambdaForm$MH+0x00000189cf36a400
# instanceKlass java/lang/invoke/LambdaForm$MH+0x00000189cf36a000
# instanceKlass java/lang/invoke/LambdaForm$MH+0x00000189cf369c00
# instanceKlass java/lang/invoke/LambdaForm$MH+0x00000189cf369800
# instanceKlass java/lang/invoke/LambdaForm$MH+0x00000189cf369400
# instanceKlass java/lang/invoke/LambdaForm$MH+0x00000189cf369000
# instanceKlass java/lang/invoke/LambdaForm$MH+0x00000189cf368c00
# instanceKlass java/lang/invoke/LambdaForm$MH+0x00000189cf368800
# instanceKlass java/lang/invoke/LambdaForm$MH+0x00000189cf368400
instanceKlass  @bci com/android/tools/r8/kotlin/q b (Lcom/android/tools/r8/graph/R2;Ljava/lang/String;)[Ljava/lang/String; 41 <appendix> argL1 form vmentry <vmtarget> ; # java/lang/invoke/LambdaForm$MH+0x00000189cf368000
# instanceKlass java/lang/invoke/LambdaForm$MH+0x00000189cf365c00
# instanceKlass java/lang/invoke/LambdaForm$MH+0x00000189cf365800
# instanceKlass java/lang/invoke/LambdaForm$MH+0x00000189cf365400
# instanceKlass java/lang/invoke/LambdaForm$MH+0x00000189cf365000
# instanceKlass java/lang/invoke/LambdaForm$MH+0x00000189cf364c00
# instanceKlass java/lang/invoke/LambdaForm$MH+0x00000189cf364800
instanceKlass com/android/tools/r8/internal/hX
# instanceKlass java/lang/invoke/LambdaForm$MH+0x00000189cf364400
# instanceKlass java/lang/invoke/LambdaForm$MH+0x00000189cf364000
# instanceKlass java/lang/invoke/LambdaForm$MH+0x00000189cf363c00
# instanceKlass java/lang/invoke/LambdaForm$MH+0x00000189cf363800
# instanceKlass java/lang/invoke/LambdaForm$MH+0x00000189cf363400
# instanceKlass java/lang/invoke/LambdaForm$MH+0x00000189cf362c00
# instanceKlass java/lang/invoke/LambdaForm$MH+0x00000189cf363000
# instanceKlass java/lang/invoke/LambdaForm$MH+0x00000189cf362800
# instanceKlass java/lang/invoke/LambdaForm$MH+0x00000189cf362400
# instanceKlass java/lang/invoke/LambdaForm$MH+0x00000189cf362000
# instanceKlass java/lang/invoke/LambdaForm$MH+0x00000189cf361c00
# instanceKlass java/lang/invoke/LambdaForm$MH+0x00000189cf361800
# instanceKlass java/lang/invoke/LambdaForm$MH+0x00000189cf361400
# instanceKlass java/lang/invoke/LambdaForm$MH+0x00000189cf361000
# instanceKlass java/lang/invoke/LambdaForm$MH+0x00000189cf360c00
# instanceKlass java/lang/invoke/LambdaForm$MH+0x00000189cf360800
# instanceKlass java/lang/invoke/LambdaForm$MH+0x00000189cf360400
# instanceKlass java/lang/invoke/LambdaForm$MH+0x00000189cf360000
# instanceKlass java/lang/invoke/LambdaForm$MH+0x00000189cf35cc00
# instanceKlass com/android/tools/r8/kotlin/q$$Lambda+0x00000189cf35dd20
# instanceKlass com/android/tools/r8/kotlin/q$$Lambda+0x00000189cf35daf0
# instanceKlass com/android/tools/r8/kotlin/q$$Lambda+0x00000189cf35d8c0
# instanceKlass com/android/tools/r8/kotlin/q$$Lambda+0x00000189cf35d690
# instanceKlass com/android/tools/r8/kotlin/q$$Lambda+0x00000189cf35d460
instanceKlass  @bci com/android/tools/r8/kotlin/q a (Lcom/android/tools/r8/graph/y;Lcom/android/tools/r8/graph/H2;Lcom/android/tools/r8/graph/r0;Ljava/util/function/Consumer;Ljava/util/function/BooleanSupplier;)Lcom/android/tools/r8/kotlin/o; 2 <appendix> argL0 ; # com/android/tools/r8/kotlin/q$$Lambda+0x00000189cf35d230
# instanceKlass com/android/tools/r8/kotlin/q$$Lambda+0x00000189cf35d000
# instanceKlass com/android/tools/r8/kotlin/q$$Lambda+0x00000189cf35fd20
instanceKlass com/android/tools/r8/kotlin/q
instanceKlass  @bci com/android/tools/r8/kotlin/Y b (Lcom/android/tools/r8/internal/V6;Lcom/android/tools/r8/kotlin/X;Lcom/android/tools/r8/graph/H2;)V 72 <appendix> member <vmtarget> ; # com/android/tools/r8/kotlin/Y$$Lambda+0x00000189cf35f690
instanceKlass  @bci com/android/tools/r8/kotlin/Y a (Ljava/util/Collection;Ljava/util/concurrent/ExecutorService;)V 25 <appendix> member <vmtarget> ; # com/android/tools/r8/kotlin/Y$$Lambda+0x00000189cf35f458
instanceKlass com/android/tools/r8/kotlin/X
instanceKlass com/android/tools/r8/kotlin/Y
instanceKlass  @bci com/android/tools/r8/D8 a (Lcom/android/tools/r8/graph/y;Lcom/android/tools/r8/internal/at0;Ljava/util/concurrent/ExecutorService;)V 54 <appendix> member <vmtarget> ; # com/android/tools/r8/D8$$Lambda+0x00000189cf35ebb8
# instanceKlass com/android/tools/r8/graph/V3$$Lambda+0x00000189cf35e960
# instanceKlass com/android/tools/r8/graph/V3$$Lambda+0x00000189cf35e708
# instanceKlass com/android/tools/r8/graph/V3$$Lambda+0x00000189cf35e4b0
# instanceKlass com/android/tools/r8/graph/V3$$Lambda+0x00000189cf35e258
# instanceKlass com/android/tools/r8/graph/V3$$Lambda+0x00000189cf35e000
# instanceKlass com/android/tools/r8/graph/V3$$Lambda+0x00000189cf35bc58
# instanceKlass com/android/tools/r8/graph/V3$$Lambda+0x00000189cf35b7a8
instanceKlass  @bci com/android/tools/r8/graph/V3 a (Ljava/util/List;Ljava/util/List;Lcom/android/tools/r8/graph/M2;)V 2 <appendix> member <vmtarget> ; # com/android/tools/r8/graph/V3$$Lambda+0x00000189cf35ba00
# instanceKlass com/android/tools/r8/graph/V3$$Lambda+0x00000189cf35b560
# instanceKlass com/android/tools/r8/graph/V3$$Lambda+0x00000189cf35b318
# instanceKlass com/android/tools/r8/graph/V3$$Lambda+0x00000189cf35ae98
# instanceKlass com/android/tools/r8/graph/V3$$Lambda+0x00000189cf35b0d0
instanceKlass  @bci com/android/tools/r8/graph/V3 d (Ljava/util/List;)Ljava/util/List; 13 <appendix> member <vmtarget> ; # com/android/tools/r8/graph/V3$$Lambda+0x00000189cf35ac50
# instanceKlass com/android/tools/r8/graph/V3$$Lambda+0x00000189cf35aa18
instanceKlass  @bci com/android/tools/r8/graph/V3 e (Ljava/util/List;)Ljava/util/List; 50 <appendix> member <vmtarget> ; # com/android/tools/r8/graph/V3$$Lambda+0x00000189cf35a7e0
# instanceKlass com/android/tools/r8/graph/V3$$Lambda+0x00000189cf35a5a8
# instanceKlass com/android/tools/r8/graph/V3$$Lambda+0x00000189cf35a360
# instanceKlass com/android/tools/r8/graph/V3$$Lambda+0x00000189cf35a118
# instanceKlass com/android/tools/r8/graph/V3$$Lambda+0x00000189cf359ed0
instanceKlass  @bci com/android/tools/r8/graph/V3 a (Lcom/android/tools/r8/graph/M2;Lcom/android/tools/r8/graph/M2;Ljava/util/List;)Ljava/util/List; 48 <appendix> member <vmtarget> ; # com/android/tools/r8/graph/V3$$Lambda+0x00000189cf359c88
# instanceKlass com/android/tools/r8/internal/Mz$$Lambda+0x00000189cf359a50
instanceKlass  @bci com/android/tools/r8/graph/V3 a (Ljava/util/List;)Ljava/util/List; 13 <appendix> member <vmtarget> ; # com/android/tools/r8/graph/V3$$Lambda+0x00000189cf359808
instanceKlass com/android/tools/r8/graph/L3
# instanceKlass com/android/tools/r8/internal/oU$$Lambda+0x00000189cf3593d0
# instanceKlass com/android/tools/r8/internal/oU$$Lambda+0x00000189cf3591a8
instanceKlass  @bci com/android/tools/r8/internal/oU a (Ljava/util/List;Ljava/util/function/Function;Ljava/util/List;)Ljava/util/List; 2 <appendix> member <vmtarget> ; # com/android/tools/r8/internal/oU$$Lambda+0x00000189cf358f80
# instanceKlass com/android/tools/r8/internal/Mz$$Lambda+0x00000189cf358d48
instanceKlass  @bci com/android/tools/r8/internal/Mz a (Ljava/util/function/Predicate;Ljava/util/function/BiPredicate;Ljava/util/function/Predicate;Lcom/android/tools/r8/graph/H2;)V 148 <appendix> member <vmtarget> ; # com/android/tools/r8/internal/Mz$$Lambda+0x00000189cf358b10
# instanceKlass com/android/tools/r8/internal/Mz$$Lambda+0x00000189cf3588d8
# instanceKlass com/android/tools/r8/internal/Uz$$Lambda+0x00000189cf358688
# instanceKlass java/lang/invoke/LambdaForm$DMH+0x00000189cf35c800
# instanceKlass java/lang/invoke/LambdaForm$DMH+0x00000189cf35c400
instanceKlass  @cpi com/android/tools/r8/internal/oU 115 form vmentry <vmtarget> ; # java/lang/invoke/LambdaForm$DMH+0x00000189cf35c000
instanceKlass  @bci com/android/tools/r8/internal/Uz d (Lcom/android/tools/r8/internal/Uz;Lcom/android/tools/r8/graph/M2;)Lcom/android/tools/r8/graph/M2; 7 <appendix> argL0 ; # com/android/tools/r8/internal/Uz$$Lambda+0x00000189cf358438
instanceKlass com/android/tools/r8/internal/oI
# instanceKlass com/android/tools/r8/internal/Mz$$Lambda+0x00000189cf358000
# instanceKlass com/android/tools/r8/internal/Mz$$Lambda+0x00000189cf357c00
# instanceKlass com/android/tools/r8/internal/Mz$$Lambda+0x00000189cf3579c8
instanceKlass  @bci com/android/tools/r8/internal/Mz a (Ljava/util/function/Predicate;Ljava/util/function/BiPredicate;Ljava/util/function/Predicate;Lcom/android/tools/r8/graph/H2;)V 140 <appendix> member <vmtarget> ; # com/android/tools/r8/internal/Mz$$Lambda+0x00000189cf357790
# instanceKlass com/android/tools/r8/graph/V3$$Lambda+0x00000189cf357548
instanceKlass  @bci com/android/tools/r8/graph/V3 c (Ljava/util/List;)Ljava/util/List; 13 <appendix> member <vmtarget> ; # com/android/tools/r8/graph/V3$$Lambda+0x00000189cf357300
instanceKlass  @bci com/android/tools/r8/graph/V3 e (Ljava/util/List;)Ljava/util/List; 13 <appendix> member <vmtarget> ; # com/android/tools/r8/graph/V3$$Lambda+0x00000189cf3570b8
instanceKlass  @bci com/android/tools/r8/internal/Uz d (Lcom/android/tools/r8/internal/Uz;Lcom/android/tools/r8/graph/M2;)Lcom/android/tools/r8/graph/M2; 2 <appendix> argL0 ; # com/android/tools/r8/internal/Uz$$Lambda+0x00000189cf356e88
instanceKlass com/android/tools/r8/graph/T3
instanceKlass com/android/tools/r8/graph/V3
# instanceKlass com/android/tools/r8/graph/W3$$Lambda+0x00000189cf356738
# instanceKlass com/android/tools/r8/graph/W3$$Lambda+0x00000189cf3564f0
# instanceKlass com/android/tools/r8/graph/W3$$Lambda+0x00000189cf3562a8
# instanceKlass com/android/tools/r8/graph/W3$$Lambda+0x00000189cf356060
# instanceKlass com/android/tools/r8/graph/W3$$Lambda+0x00000189cf355e18
# instanceKlass com/android/tools/r8/graph/W3$$Lambda+0x00000189cf355bd0
instanceKlass  @bci com/android/tools/r8/graph/W3 <init> (Lcom/android/tools/r8/graph/y;Lcom/android/tools/r8/graph/H2;Ljava/util/function/Predicate;)V 45 <appendix> member <vmtarget> ; # com/android/tools/r8/graph/W3$$Lambda+0x00000189cf355740
# instanceKlass com/android/tools/r8/graph/W3$$Lambda+0x00000189cf355988
instanceKlass com/android/tools/r8/graph/W3
instanceKlass  @bci com/android/tools/r8/internal/Mz a (Ljava/util/Collection;Ljava/util/concurrent/ExecutorService;)V 119 <appendix> member <vmtarget> ; # com/android/tools/r8/internal/Mz$$Lambda+0x00000189cf3552e8
instanceKlass  @bci com/android/tools/r8/internal/Mz a (Ljava/util/Collection;Ljava/util/concurrent/ExecutorService;)V 106 <appendix> member <vmtarget> ; # com/android/tools/r8/internal/Mz$$Lambda+0x00000189cf355090
instanceKlass  @bci com/android/tools/r8/internal/Mz a (Ljava/util/Collection;Ljava/util/concurrent/ExecutorService;)V 99 <appendix> member <vmtarget> ; # com/android/tools/r8/internal/Mz$$Lambda+0x00000189cf354e38
instanceKlass  @bci com/android/tools/r8/internal/Mz a (Ljava/util/Collection;Ljava/util/concurrent/ExecutorService;)V 93 <appendix> member <vmtarget> ; # com/android/tools/r8/internal/Mz$$Lambda+0x00000189cf354be0
instanceKlass com/android/tools/r8/internal/Mz
instanceKlass  @bci com/android/tools/r8/D8 a (Lcom/android/tools/r8/graph/y;Lcom/android/tools/r8/internal/at0;Ljava/util/concurrent/ExecutorService;)V 41 <appendix> member <vmtarget> ; # com/android/tools/r8/D8$$Lambda+0x00000189cf3547a8
instanceKlass com/android/tools/r8/internal/i70
instanceKlass com/android/tools/r8/internal/IA
instanceKlass  @bci com/android/tools/r8/D8 a (Lcom/android/tools/r8/graph/y;Lcom/android/tools/r8/internal/at0;Ljava/util/concurrent/ExecutorService;)V 28 <appendix> member <vmtarget> ; # com/android/tools/r8/D8$$Lambda+0x00000189cf3531a8
instanceKlass  @bci com/android/tools/r8/graph/R5 a (Lcom/android/tools/r8/graph/J2;)Z 16 <appendix> member <vmtarget> ; # com/android/tools/r8/graph/R5$$Lambda+0x00000189cf352f60
instanceKlass  @bci com/android/tools/r8/graph/R5 a (Lcom/android/tools/r8/graph/J2;)Z 10 <appendix> member <vmtarget> ; # com/android/tools/r8/graph/R5$$Lambda+0x00000189cf352d18
instanceKlass  @bci com/android/tools/r8/graph/R5 a (Lcom/android/tools/r8/graph/J2;)Z 4 <appendix> member <vmtarget> ; # com/android/tools/r8/graph/R5$$Lambda+0x00000189cf352ad0
instanceKlass  @bci com/android/tools/r8/shaking/l a (Lcom/android/tools/r8/graph/R5;Lcom/android/tools/r8/internal/at0;)Lcom/android/tools/r8/shaking/l; 21 <appendix> member <vmtarget> ; # com/android/tools/r8/shaking/l$$Lambda+0x00000189cf352898
instanceKlass  @bci com/android/tools/r8/shaking/p2 a (Lcom/android/tools/r8/graph/R5;)Lcom/android/tools/r8/shaking/p2; 90 <appendix> member <vmtarget> ; # com/android/tools/r8/shaking/p2$$Lambda+0x00000189cf352660
instanceKlass  @bci com/android/tools/r8/shaking/p2 a (Lcom/android/tools/r8/graph/R5;)Lcom/android/tools/r8/shaking/p2; 74 <appendix> member <vmtarget> ; # com/android/tools/r8/shaking/p2$$Lambda+0x00000189cf352428
instanceKlass  @bci com/android/tools/r8/shaking/p2 a (Lcom/android/tools/r8/graph/R5;)Lcom/android/tools/r8/shaking/p2; 58 <appendix> member <vmtarget> ; # com/android/tools/r8/shaking/p2$$Lambda+0x00000189cf3521f0
instanceKlass  @bci com/android/tools/r8/shaking/p2 a (Lcom/android/tools/r8/graph/R5;)Lcom/android/tools/r8/shaking/p2; 25 <appendix> member <vmtarget> ; # com/android/tools/r8/shaking/p2$$Lambda+0x00000189cf351fb8
instanceKlass  @bci com/android/tools/r8/internal/he a (Lcom/android/tools/r8/graph/R5;)Lcom/android/tools/r8/internal/he; 14 <appendix> member <vmtarget> ; # com/android/tools/r8/internal/he$$Lambda+0x00000189cf351d80
instanceKlass  @bci com/android/tools/r8/shaking/p2 b (Lcom/android/tools/r8/synthesis/E;Lcom/android/tools/r8/internal/Uz;)Lcom/android/tools/r8/shaking/p2; 78 <appendix> member <vmtarget> ; # com/android/tools/r8/shaking/p2$$Lambda+0x00000189cf351b48
instanceKlass  @bci com/android/tools/r8/shaking/p2 b (Lcom/android/tools/r8/synthesis/E;Lcom/android/tools/r8/internal/Uz;)Lcom/android/tools/r8/shaking/p2; 61 <appendix> member <vmtarget> ; # com/android/tools/r8/shaking/p2$$Lambda+0x00000189cf351910
instanceKlass  @bci com/android/tools/r8/shaking/p2 b (Lcom/android/tools/r8/synthesis/E;Lcom/android/tools/r8/internal/Uz;)Lcom/android/tools/r8/shaking/p2; 45 <appendix> member <vmtarget> ; # com/android/tools/r8/shaking/p2$$Lambda+0x00000189cf3516d8
instanceKlass  @bci com/android/tools/r8/shaking/p2 b (Lcom/android/tools/r8/synthesis/E;Lcom/android/tools/r8/internal/Uz;)Lcom/android/tools/r8/shaking/p2; 10 <appendix> member <vmtarget> ; # com/android/tools/r8/shaking/p2$$Lambda+0x00000189cf3514a0
instanceKlass  @bci com/android/tools/r8/shaking/p2 a (Lcom/android/tools/r8/synthesis/E;Lcom/android/tools/r8/internal/Uz;Lcom/android/tools/r8/internal/at0;)Lcom/android/tools/r8/shaking/p2; 4 <appendix> member <vmtarget> ; # com/android/tools/r8/shaking/p2$$Lambda+0x00000189cf351278
instanceKlass com/android/tools/r8/synthesis/x
instanceKlass  @bci com/android/tools/r8/synthesis/z a (Lcom/android/tools/r8/graph/y;Lcom/android/tools/r8/internal/at0;)Lcom/android/tools/r8/synthesis/x; 377 <appendix> member <vmtarget> ; # com/android/tools/r8/synthesis/z$$Lambda+0x00000189cf350b18
instanceKlass  @bci com/android/tools/r8/synthesis/z a (Lcom/android/tools/r8/synthesis/y;Ljava/util/function/Consumer;)V 6 <appendix> member <vmtarget> ; # com/android/tools/r8/synthesis/z$$Lambda+0x00000189cf3508e0
instanceKlass  @bci com/android/tools/r8/internal/tm0 b (Lcom/android/tools/r8/internal/my;)Lcom/android/tools/r8/internal/dD; 14 <appendix> member <vmtarget> ; # com/android/tools/r8/internal/tm0$$Lambda+0x00000189cf3506a8
instanceKlass  @bci com/android/tools/r8/synthesis/z a (Lcom/android/tools/r8/graph/y;Lcom/android/tools/r8/internal/at0;)Lcom/android/tools/r8/synthesis/x; 272 <appendix> member <vmtarget> ; # com/android/tools/r8/synthesis/z$$Lambda+0x00000189cf350470
instanceKlass  @bci com/android/tools/r8/synthesis/d a (Ljava/util/function/Consumer;)V 24 <appendix> member <vmtarget> ; # com/android/tools/r8/synthesis/d$$Lambda+0x00000189cf350238
instanceKlass  @bci com/android/tools/r8/synthesis/d a (Ljava/util/function/Consumer;)V 9 <appendix> member <vmtarget> ; # com/android/tools/r8/synthesis/d$$Lambda+0x00000189cf350000
instanceKlass  @bci com/android/tools/r8/synthesis/z a (Lcom/android/tools/r8/graph/y;Lcom/android/tools/r8/internal/at0;)Lcom/android/tools/r8/synthesis/x; 174 <appendix> member <vmtarget> ; # com/android/tools/r8/synthesis/z$$Lambda+0x00000189cf34cd10
instanceKlass  @bci com/android/tools/r8/graph/p3 a (Ljava/util/function/Predicate;)Ljava/lang/Iterable; 49 <appendix> member <vmtarget> ; # com/android/tools/r8/graph/p3$$Lambda+0x00000189cf34ca88
instanceKlass  @bci com/android/tools/r8/graph/p3 a (Ljava/util/function/Predicate;)Ljava/lang/Iterable; 16 <appendix> member <vmtarget> ; # com/android/tools/r8/graph/p3$$Lambda+0x00000189cf34c800
instanceKlass  @bci com/android/tools/r8/graph/H2 f (Ljava/util/function/Consumer;Ljava/util/function/Predicate;)V 3 <appendix> member <vmtarget> ; # com/android/tools/r8/graph/H2$$Lambda+0x00000189cf34dc10
instanceKlass  @bci com/android/tools/r8/synthesis/z a (Lcom/android/tools/r8/internal/Yt0;Lcom/android/tools/r8/synthesis/v;Lcom/android/tools/r8/synthesis/w;)V 14 <appendix> member <vmtarget> ; # com/android/tools/r8/synthesis/z$$Lambda+0x00000189cf34d9d8
instanceKlass  @bci com/android/tools/r8/synthesis/z a (Lcom/android/tools/r8/internal/at0;Lcom/android/tools/r8/graph/y;Ljava/util/Map;Ljava/util/Map;Lcom/android/tools/r8/synthesis/v;Ljava/util/function/BiConsumer;Ljava/util/function/BiConsumer;Ljava/util/Set;)Lcom/android/tools/r8/graph/x0; 538 <appendix> member <vmtarget> ; # com/android/tools/r8/synthesis/z$$Lambda+0x00000189cf34d7a0
instanceKlass com/android/tools/r8/internal/M70
instanceKlass  @bci com/android/tools/r8/synthesis/z a (Lcom/android/tools/r8/internal/at0;Lcom/android/tools/r8/graph/y;Ljava/util/Map;Ljava/util/Map;Lcom/android/tools/r8/synthesis/v;Ljava/util/function/BiConsumer;Ljava/util/function/BiConsumer;Ljava/util/Set;)Lcom/android/tools/r8/graph/x0; 486 <appendix> member <vmtarget> ; # com/android/tools/r8/synthesis/z$$Lambda+0x00000189cf34d360
instanceKlass  @bci com/android/tools/r8/synthesis/z a (Lcom/android/tools/r8/internal/at0;Lcom/android/tools/r8/graph/y;Ljava/util/Map;Ljava/util/Map;Lcom/android/tools/r8/synthesis/v;Ljava/util/function/BiConsumer;Ljava/util/function/BiConsumer;Ljava/util/Set;)Lcom/android/tools/r8/graph/x0; 474 <appendix> member <vmtarget> ; # com/android/tools/r8/synthesis/z$$Lambda+0x00000189cf34fd18
instanceKlass com/android/tools/r8/internal/D30
instanceKlass  @bci com/android/tools/r8/graph/s3 c ()Ljava/util/List; 1 <appendix> argL0 ; # com/android/tools/r8/graph/s3$$Lambda+0x00000189cf34efa8
instanceKlass  @bci com/android/tools/r8/graph/S4 c (Ljava/util/function/Function;)Lcom/android/tools/r8/graph/S4; 68 <appendix> member <vmtarget> ; # com/android/tools/r8/graph/S4$$Lambda+0x00000189cf34ed70
instanceKlass  @bci com/android/tools/r8/graph/S0 a (Lcom/android/tools/r8/internal/Jr0;)V 1 <appendix> argL0 ; # com/android/tools/r8/graph/S0$$Lambda+0x00000189cf34eb30
instanceKlass  @bci com/android/tools/r8/graph/S0 b (Lcom/android/tools/r8/graph/O0;Lcom/android/tools/r8/internal/xf;)I 6 <appendix> argL0 ; # com/android/tools/r8/graph/S0$$Lambda+0x00000189cf34e910
instanceKlass  @bci com/android/tools/r8/graph/j1 a (Lcom/android/tools/r8/graph/B2;Lcom/android/tools/r8/graph/u1;Ljava/util/function/Consumer;)Lcom/android/tools/r8/graph/j1; 7 <appendix> member <vmtarget> ; # com/android/tools/r8/graph/j1$$Lambda+0x00000189cf34e6d8
instanceKlass  @cpi com/android/tools/r8/graph/j1 861 form vmentry <vmtarget> ; # java/lang/invoke/LambdaForm$DMH+0x00000189cf34c400
instanceKlass  @bci com/android/tools/r8/internal/Yt0 a (Lcom/android/tools/r8/graph/H2;Lcom/android/tools/r8/graph/E0;)Lcom/android/tools/r8/graph/Q4; 6 <appendix> member <vmtarget> ; # com/android/tools/r8/internal/Yt0$$Lambda+0x00000189cf34e470
instanceKlass  @bci com/android/tools/r8/internal/Yt0 a (Lcom/android/tools/r8/graph/H2;)Lcom/android/tools/r8/graph/H2; 522 <appendix> member <vmtarget> ; # com/android/tools/r8/internal/Yt0$$Lambda+0x00000189cf34e248
instanceKlass  @bci com/android/tools/r8/internal/Yt0 a (Ljava/util/Collection;)Ljava/util/ArrayList; 46 <appendix> member <vmtarget> ; # com/android/tools/r8/internal/Yt0$$Lambda+0x00000189cf34e000
instanceKlass  @bci com/android/tools/r8/graph/w0 a (Ljava/util/AbstractCollection;)Lcom/android/tools/r8/graph/w0; 73 <appendix> member <vmtarget> ; # com/android/tools/r8/graph/w0$$Lambda+0x00000189cf34bca0
instanceKlass  @bci com/android/tools/r8/synthesis/z b (Lcom/android/tools/r8/graph/y;Lcom/android/tools/r8/shaking/p2;Ljava/util/Set;Ljava/util/Set;Ljava/util/List;Lcom/android/tools/r8/graph/M2;Lcom/android/tools/r8/synthesis/w;)V 57 <appendix> member <vmtarget> ; # com/android/tools/r8/synthesis/z$$Lambda+0x00000189cf34ba68
instanceKlass  @bci com/android/tools/r8/synthesis/z a (Lcom/android/tools/r8/internal/at0;Lcom/android/tools/r8/graph/y;Ljava/util/Map;Ljava/util/Map;Lcom/android/tools/r8/synthesis/v;Ljava/util/function/BiConsumer;Ljava/util/function/BiConsumer;Ljava/util/Set;)Lcom/android/tools/r8/graph/x0; 75 <appendix> member <vmtarget> ; # com/android/tools/r8/synthesis/z$$Lambda+0x00000189cf34b830
instanceKlass  @bci com/android/tools/r8/synthesis/z a (Lcom/android/tools/r8/graph/y;Lcom/android/tools/r8/shaking/p2;Ljava/util/Set;Ljava/util/Set;Ljava/util/List;Lcom/android/tools/r8/graph/M2;Lcom/android/tools/r8/synthesis/w;)V 57 <appendix> member <vmtarget> ; # com/android/tools/r8/synthesis/z$$Lambda+0x00000189cf34b5f8
instanceKlass  @bci com/android/tools/r8/synthesis/w a (Lcom/android/tools/r8/shaking/p2;)Z 29 <appendix> member <vmtarget> ; # com/android/tools/r8/synthesis/w$$Lambda+0x00000189cf34b370
instanceKlass  @bci com/android/tools/r8/synthesis/z a (Lcom/android/tools/r8/internal/at0;Lcom/android/tools/r8/graph/y;Ljava/util/Map;Ljava/util/Map;Lcom/android/tools/r8/synthesis/v;Ljava/util/function/BiConsumer;Ljava/util/function/BiConsumer;Ljava/util/Set;)Lcom/android/tools/r8/graph/x0; 57 <appendix> member <vmtarget> ; # com/android/tools/r8/synthesis/z$$Lambda+0x00000189cf34b138
instanceKlass  @cpi com/android/tools/r8/synthesis/z 721 form vmentry <vmtarget> ; # java/lang/invoke/LambdaForm$DMH+0x00000189cf34c000
instanceKlass  @bci com/android/tools/r8/synthesis/z a (Lcom/android/tools/r8/graph/y;Lcom/android/tools/r8/internal/at0;)Lcom/android/tools/r8/synthesis/x; 129 <appendix> member <vmtarget> ; # com/android/tools/r8/synthesis/z$$Lambda+0x00000189cf34af00
instanceKlass  @bci com/android/tools/r8/synthesis/z a (Lcom/android/tools/r8/graph/y;Lcom/android/tools/r8/internal/at0;)Lcom/android/tools/r8/synthesis/x; 122 <appendix> member <vmtarget> ; # com/android/tools/r8/synthesis/z$$Lambda+0x00000189cf34acc8
instanceKlass java/lang/foreign/MemorySegment
instanceKlass  @bci com/android/tools/r8/internal/tp b (Lcom/android/tools/r8/internal/EA;)V 0 <appendix> argL0 ; # com/android/tools/r8/internal/tp$$Lambda+0x00000189cf34aaa8
instanceKlass  @bci com/android/tools/r8/internal/lp b (Lcom/android/tools/r8/internal/EA;)V 0 <appendix> argL0 ; # com/android/tools/r8/internal/lp$$Lambda+0x00000189cf34a888
instanceKlass  @bci com/android/tools/r8/graph/g1 a (Lcom/android/tools/r8/internal/Jr0;)V 33 <appendix> argL0 ; # com/android/tools/r8/graph/g1$$Lambda+0x00000189cf34a638
instanceKlass  @bci com/android/tools/r8/graph/g1 a (Lcom/android/tools/r8/internal/Jr0;)V 25 <appendix> argL0 ; # com/android/tools/r8/graph/g1$$Lambda+0x00000189cf34a3e8
instanceKlass  @bci com/android/tools/r8/graph/g1 a (Lcom/android/tools/r8/internal/Jr0;)V 17 <appendix> argL0 ; # com/android/tools/r8/graph/g1$$Lambda+0x00000189cf34a1a8
instanceKlass  @bci com/android/tools/r8/graph/g1 a (Lcom/android/tools/r8/internal/Jr0;)V 9 <appendix> argL0 ; # com/android/tools/r8/graph/g1$$Lambda+0x00000189cf349f68
instanceKlass  @bci com/android/tools/r8/graph/g1 a (Lcom/android/tools/r8/internal/Jr0;)V 1 <appendix> argL0 ; # com/android/tools/r8/graph/g1$$Lambda+0x00000189cf349d28
instanceKlass  @bci com/android/tools/r8/graph/g1 m ()Lcom/android/tools/r8/internal/Hr0; 0 <appendix> argL0 ; # com/android/tools/r8/graph/g1$$Lambda+0x00000189cf349b08
instanceKlass  @bci com/android/tools/r8/graph/Q4 a ()Ljava/util/ArrayList; 29 <appendix> argL0 ; # com/android/tools/r8/graph/Q4$$Lambda+0x00000189cf3498c8
instanceKlass  @bci com/android/tools/r8/graph/Q4 a ()Ljava/util/ArrayList; 18 <appendix> member <vmtarget> ; # com/android/tools/r8/graph/Q4$$Lambda+0x00000189cf349690
instanceKlass  @bci com/android/tools/r8/graph/H2 a (Lcom/android/tools/r8/internal/Jr0;)V 97 <appendix> argL0 ; # com/android/tools/r8/graph/H2$$Lambda+0x00000189cf349450
instanceKlass  @bci com/android/tools/r8/graph/q3 a ()Ljava/util/ArrayList; 26 <appendix> argL0 ; # com/android/tools/r8/graph/q3$$Lambda+0x00000189cf349210
instanceKlass  @bci com/android/tools/r8/graph/q3 a (Ljava/util/function/Consumer;)V 2 <appendix> member <vmtarget> ; # com/android/tools/r8/graph/q3$$Lambda+0x00000189cf348fc8
instanceKlass  @bci com/android/tools/r8/graph/q3 a ()Ljava/util/ArrayList; 18 <appendix> member <vmtarget> ; # com/android/tools/r8/graph/q3$$Lambda+0x00000189cf348d90
instanceKlass  @bci com/android/tools/r8/graph/H2 a (Lcom/android/tools/r8/internal/Jr0;)V 89 <appendix> argL0 ; # com/android/tools/r8/graph/H2$$Lambda+0x00000189cf348b50
instanceKlass  @bci com/android/tools/r8/graph/H2 a (Lcom/android/tools/r8/internal/Jr0;)V 81 <appendix> argL0 ; # com/android/tools/r8/graph/H2$$Lambda+0x00000189cf348900
instanceKlass  @bci com/android/tools/r8/graph/H2 a (Lcom/android/tools/r8/internal/Jr0;)V 73 <appendix> argL0 ; # com/android/tools/r8/graph/H2$$Lambda+0x00000189cf3486c0
instanceKlass  @bci com/android/tools/r8/internal/Jr0 h (Ljava/util/function/Function;)Lcom/android/tools/r8/internal/Jr0; 2 <appendix> argL0 ; # com/android/tools/r8/internal/Jr0$$Lambda+0x00000189cf348480
instanceKlass  @bci com/android/tools/r8/graph/H2 a (Lcom/android/tools/r8/internal/Jr0;)V 65 <appendix> argL0 ; # com/android/tools/r8/graph/H2$$Lambda+0x00000189cf348240
instanceKlass  @bci com/android/tools/r8/graph/H2 a (Lcom/android/tools/r8/internal/Jr0;)V 57 <appendix> argL0 ; # com/android/tools/r8/graph/H2$$Lambda+0x00000189cf348000
instanceKlass  @bci com/android/tools/r8/graph/H2 a (Lcom/android/tools/r8/internal/Jr0;)V 49 <appendix> argL0 ; # com/android/tools/r8/graph/H2$$Lambda+0x00000189cf345c80
instanceKlass  @bci com/android/tools/r8/graph/H2 a (Lcom/android/tools/r8/internal/Jr0;)V 41 <appendix> argL0 ; # com/android/tools/r8/graph/H2$$Lambda+0x00000189cf345a40
instanceKlass  @bci com/android/tools/r8/graph/H2 a (Lcom/android/tools/r8/internal/Jr0;)V 33 <appendix> argL0 ; # com/android/tools/r8/graph/H2$$Lambda+0x00000189cf345800
instanceKlass  @bci com/android/tools/r8/graph/H2 a (Lcom/android/tools/r8/internal/Jr0;)V 25 <appendix> argL0 ; # com/android/tools/r8/graph/H2$$Lambda+0x00000189cf347d40
instanceKlass  @bci com/android/tools/r8/graph/H2 a (Lcom/android/tools/r8/internal/Jr0;)V 17 <appendix> argL0 ; # com/android/tools/r8/graph/H2$$Lambda+0x00000189cf347b00
instanceKlass  @bci com/android/tools/r8/graph/H2 a (Lcom/android/tools/r8/internal/Jr0;)V 9 <appendix> argL0 ; # com/android/tools/r8/graph/H2$$Lambda+0x00000189cf3478c0
instanceKlass  @bci com/android/tools/r8/graph/H2 a (Lcom/android/tools/r8/internal/Jr0;)V 1 <appendix> argL0 ; # com/android/tools/r8/graph/H2$$Lambda+0x00000189cf347680
instanceKlass  @bci com/android/tools/r8/graph/H2 m ()Lcom/android/tools/r8/internal/Hr0; 0 <appendix> argL0 ; # com/android/tools/r8/graph/H2$$Lambda+0x00000189cf347460
instanceKlass  @bci com/android/tools/r8/synthesis/z a (Lcom/android/tools/r8/graph/y;Lcom/android/tools/r8/internal/at0;)Lcom/android/tools/r8/synthesis/x; 106 <appendix> member <vmtarget> ; # com/android/tools/r8/synthesis/z$$Lambda+0x00000189cf347238
instanceKlass  @bci com/android/tools/r8/synthesis/z a (Lcom/android/tools/r8/synthesis/v;Lcom/android/tools/r8/graph/M2;Lcom/android/tools/r8/synthesis/w;)V 3 <appendix> member <vmtarget> ; # com/android/tools/r8/synthesis/z$$Lambda+0x00000189cf347000
instanceKlass  @bci com/android/tools/r8/synthesis/z a (Ljava/util/Collection;Ljava/util/Map;Lcom/android/tools/r8/graph/y;Lcom/android/tools/r8/synthesis/v;Lcom/android/tools/r8/internal/at0;)Ljava/util/IdentityHashMap; 282 <appendix> member <vmtarget> ; # com/android/tools/r8/synthesis/z$$Lambda+0x00000189cf346dc8
instanceKlass  @bci com/android/tools/r8/synthesis/z a (Lcom/android/tools/r8/synthesis/Q$b;Ljava/lang/String;Ljava/util/Map;Lcom/android/tools/r8/graph/y;Ljava/util/function/Predicate;)Lcom/android/tools/r8/graph/M2; 71 <appendix> argL0 ; # com/android/tools/r8/synthesis/z$$Lambda+0x00000189cf346b88
instanceKlass  @bci com/android/tools/r8/synthesis/z a (Lcom/android/tools/r8/graph/y;ZLjava/util/Map;Ljava/util/Map;Ljava/lang/String;Ljava/util/List;)V 319 <appendix> member <vmtarget> ; # com/android/tools/r8/synthesis/z$$Lambda+0x00000189cf346930
instanceKlass  @bci com/android/tools/r8/synthesis/z a (Lcom/android/tools/r8/graph/y;ZLjava/util/Map;Ljava/util/Map;Ljava/lang/String;Ljava/util/List;)V 3 <appendix> member <vmtarget> ; # com/android/tools/r8/synthesis/z$$Lambda+0x00000189cf346690
instanceKlass  @bci com/android/tools/r8/synthesis/z a (Ljava/util/Collection;Ljava/util/Map;Lcom/android/tools/r8/graph/y;Lcom/android/tools/r8/synthesis/v;Lcom/android/tools/r8/internal/at0;)Ljava/util/IdentityHashMap; 270 <appendix> member <vmtarget> ; # com/android/tools/r8/synthesis/z$$Lambda+0x00000189cf346458
instanceKlass  @cpi com/android/tools/r8/synthesis/z 612 form vmentry <vmtarget> ; # java/lang/invoke/LambdaForm$DMH+0x00000189cf345400
instanceKlass  @bci com/android/tools/r8/synthesis/z a (Ljava/util/Collection;Ljava/util/Map;Lcom/android/tools/r8/graph/y;Lcom/android/tools/r8/synthesis/v;Lcom/android/tools/r8/internal/at0;)Ljava/util/IdentityHashMap; 246 <appendix> member <vmtarget> ; # com/android/tools/r8/synthesis/z$$Lambda+0x00000189cf346220
instanceKlass  @cpi com/android/tools/r8/kotlin/m 177 form vmentry <vmtarget> ; # java/lang/invoke/LambdaForm$DMH+0x00000189cf345000
instanceKlass  @bci com/android/tools/r8/internal/up a (Lcom/android/tools/r8/internal/Up;Lcom/android/tools/r8/internal/xf;)I 6 <appendix> argL0 ; # com/android/tools/r8/internal/up$$Lambda+0x00000189cf346000
instanceKlass  @bci com/android/tools/r8/synthesis/z a (Lcom/android/tools/r8/graph/y;Ljava/util/Map;Ljava/util/Map;Ljava/util/Map;Ljava/util/List;)V 209 <appendix> argL0 ; # com/android/tools/r8/synthesis/z$$Lambda+0x00000189cf343d80
instanceKlass com/android/tools/r8/synthesis/w
instanceKlass  @bci com/android/tools/r8/synthesis/z a (Lcom/android/tools/r8/graph/y;Ljava/util/List;Ljava/util/Map;)Ljava/util/List; 556 <appendix> member <vmtarget> ; # com/android/tools/r8/synthesis/z$$Lambda+0x00000189cf343938
instanceKlass  @bci com/android/tools/r8/internal/kp a (Lcom/android/tools/r8/internal/Up;Lcom/android/tools/r8/internal/xf;)I 6 <appendix> argL0 ; # com/android/tools/r8/internal/kp$$Lambda+0x00000189cf343718
instanceKlass  @bci com/android/tools/r8/internal/gp a (Lcom/android/tools/r8/internal/Up;Lcom/android/tools/r8/internal/xf;)I 6 <appendix> argL0 ; # com/android/tools/r8/internal/gp$$Lambda+0x00000189cf3434f8
instanceKlass  @bci com/android/tools/r8/internal/Gr0 a (Lcom/android/tools/r8/internal/Gr0;Lcom/android/tools/r8/internal/zg0;Lcom/android/tools/r8/internal/zg0;)I 8 <appendix> argL0 ; # com/android/tools/r8/internal/Gr0$$Lambda+0x00000189cf3432d8
instanceKlass  @bci com/android/tools/r8/synthesis/t a (Lcom/android/tools/r8/synthesis/t;ZLcom/android/tools/r8/internal/Uz;Ljava/util/Map;Lcom/android/tools/r8/internal/he;)I 317 <appendix> member <vmtarget> ; # com/android/tools/r8/synthesis/t$$Lambda+0x00000189cf3430b0
instanceKlass  @bci com/android/tools/r8/synthesis/t a (Lcom/android/tools/r8/synthesis/t;ZLcom/android/tools/r8/internal/Uz;Ljava/util/Map;Lcom/android/tools/r8/internal/he;)I 307 <appendix> member <vmtarget> ; # com/android/tools/r8/synthesis/t$$Lambda+0x00000189cf342e88
instanceKlass  @bci com/android/tools/r8/synthesis/z a (Lcom/android/tools/r8/graph/y;Ljava/util/List;Ljava/util/Map;)Ljava/util/List; 149 <adapter> ; # java/lang/invoke/LambdaForm$MH+0x00000189cf344c00
# instanceKlass java/lang/invoke/LambdaForm$DMH+0x00000189cf344800
instanceKlass  @bci com/android/tools/r8/synthesis/z a (Lcom/android/tools/r8/graph/y;Ljava/util/List;Ljava/util/Map;)Ljava/util/List; 149 <appendix> form vmentry <vmtarget> ; # java/lang/invoke/LambdaForm$DMH+0x00000189cf344400
instanceKlass  @bci com/android/tools/r8/synthesis/z a (Lcom/android/tools/r8/graph/y;Ljava/util/List;Ljava/util/Map;)Ljava/util/List; 149 <appendix> member <vmtarget> ; # com/android/tools/r8/synthesis/z$$Lambda+0x00000189cf342be8
instanceKlass  @cpi com/android/tools/r8/synthesis/z 1036 form vmentry <vmtarget> ; # java/lang/invoke/LambdaForm$DMH+0x00000189cf344000
instanceKlass  @bci com/android/tools/r8/synthesis/z a (Ljava/util/Collection;Ljava/util/Map;Lcom/android/tools/r8/graph/y;Lcom/android/tools/r8/synthesis/v;Lcom/android/tools/r8/internal/at0;)Ljava/util/IdentityHashMap; 76 <appendix> member <vmtarget> ; # com/android/tools/r8/synthesis/z$$Lambda+0x00000189cf3429b0
instanceKlass  @bci com/android/tools/r8/synthesis/a h (Lcom/android/tools/r8/graph/B2;)Z 17 <appendix> argL0 ; # com/android/tools/r8/synthesis/a$$Lambda+0x00000189cf342730
instanceKlass  @bci com/android/tools/r8/internal/VK b (Ljava/lang/Iterable;Ljava/util/function/Function;)Lcom/android/tools/r8/internal/XK; 6 <appendix> member <vmtarget> ; # com/android/tools/r8/internal/VK$$Lambda+0x00000189cf3424c8
instanceKlass  @bci com/android/tools/r8/synthesis/E e (Lcom/android/tools/r8/graph/M2;)Lcom/android/tools/r8/internal/jy; 9 <appendix> argL0 ; # com/android/tools/r8/synthesis/E$$Lambda+0x00000189cf342288
instanceKlass  @bci com/android/tools/r8/synthesis/z a (Ljava/util/Collection;Ljava/util/Map;Lcom/android/tools/r8/graph/y;Lcom/android/tools/r8/synthesis/v;Lcom/android/tools/r8/internal/at0;)Ljava/util/IdentityHashMap; 64 <appendix> member <vmtarget> ; # com/android/tools/r8/synthesis/z$$Lambda+0x00000189cf342050
instanceKlass jdk/internal/foreign/MemorySessionImpl
instanceKlass java/lang/foreign/MemorySegment$Scope
instanceKlass  @bci com/android/tools/r8/internal/EA a (Lcom/android/tools/r8/graph/J2;)V 16 <appendix> member <vmtarget> ; # com/android/tools/r8/internal/EA$$Lambda+0x00000189cf341e18
instanceKlass  @bci com/android/tools/r8/internal/EA a (Lcom/android/tools/r8/graph/J2;)V 10 <appendix> member <vmtarget> ; # com/android/tools/r8/internal/EA$$Lambda+0x00000189cf341be0
instanceKlass  @bci com/android/tools/r8/internal/EA a (Lcom/android/tools/r8/graph/J2;)V 4 <appendix> member <vmtarget> ; # com/android/tools/r8/internal/EA$$Lambda+0x00000189cf3419a8
instanceKlass  @bci com/android/tools/r8/internal/ip b (Lcom/android/tools/r8/internal/EA;)V 0 <appendix> argL0 ; # com/android/tools/r8/internal/ip$$Lambda+0x00000189cf341788
instanceKlass  @bci com/android/tools/r8/internal/hp b (Lcom/android/tools/r8/internal/EA;)V 0 <appendix> argL0 ; # com/android/tools/r8/internal/hp$$Lambda+0x00000189cf341568
instanceKlass  @bci com/android/tools/r8/internal/up a (Lcom/android/tools/r8/internal/Jr0;)V 9 <appendix> argL0 ; # com/android/tools/r8/internal/up$$Lambda+0x00000189cf341348
instanceKlass java/util/function/ToLongFunction
instanceKlass  @bci com/android/tools/r8/internal/up a (Lcom/android/tools/r8/internal/Jr0;)V 1 <appendix> argL0 ; # com/android/tools/r8/internal/up$$Lambda+0x00000189cf341128
instanceKlass  @bci com/android/tools/r8/internal/up b (Lcom/android/tools/r8/internal/EA;)V 0 <appendix> argL0 ; # com/android/tools/r8/internal/up$$Lambda+0x00000189cf340f08
instanceKlass  @bci com/android/tools/r8/internal/dp b (Lcom/android/tools/r8/internal/EA;)V 21 <appendix> member <vmtarget> ; # com/android/tools/r8/internal/dp$$Lambda+0x00000189cf340ce0
instanceKlass  @bci com/android/tools/r8/graph/J0$b$a a (Lcom/android/tools/r8/internal/Jr0;)V 9 <appendix> argL0 ; # com/android/tools/r8/graph/J0$b$a$$Lambda+0x00000189cf340ac0
instanceKlass  @bci com/android/tools/r8/graph/J0$b$a a (Lcom/android/tools/r8/internal/Jr0;)V 1 <appendix> argL0 ; # com/android/tools/r8/graph/J0$b$a$$Lambda+0x00000189cf340880
instanceKlass  @bci com/android/tools/r8/graph/J0$b$a m ()Lcom/android/tools/r8/internal/Hr0; 0 <appendix> argL0 ; # com/android/tools/r8/graph/J0$b$a$$Lambda+0x00000189cf340660
instanceKlass  @bci com/android/tools/r8/graph/J0$a a (Lcom/android/tools/r8/internal/Jr0;)V 17 <appendix> argL0 ; # com/android/tools/r8/graph/J0$a$$Lambda+0x00000189cf340440
instanceKlass  @bci com/android/tools/r8/graph/J0$a a (Lcom/android/tools/r8/internal/Jr0;)V 9 <appendix> argL0 ; # com/android/tools/r8/graph/J0$a$$Lambda+0x00000189cf340220
instanceKlass  @bci com/android/tools/r8/graph/J0$a a (Lcom/android/tools/r8/internal/Jr0;)V 1 <appendix> argL0 ; # com/android/tools/r8/graph/J0$a$$Lambda+0x00000189cf340000
instanceKlass  @bci com/android/tools/r8/graph/J0$a m ()Lcom/android/tools/r8/internal/Hr0; 0 <appendix> argL0 ; # com/android/tools/r8/graph/J0$a$$Lambda+0x00000189cf338400
instanceKlass  @bci com/android/tools/r8/internal/kp a (Lcom/android/tools/r8/internal/Jr0;)V 17 <appendix> argL0 ; # com/android/tools/r8/internal/kp$$Lambda+0x00000189cf338c40
instanceKlass  @bci com/android/tools/r8/internal/kp a (Lcom/android/tools/r8/internal/Jr0;)V 9 <appendix> argL0 ; # com/android/tools/r8/internal/kp$$Lambda+0x00000189cf338a20
instanceKlass  @bci com/android/tools/r8/internal/kp a (Lcom/android/tools/r8/internal/Jr0;)V 1 <appendix> argL0 ; # com/android/tools/r8/internal/kp$$Lambda+0x00000189cf338800
instanceKlass  @bci com/android/tools/r8/internal/kp b (Lcom/android/tools/r8/internal/EA;)V 0 <appendix> argL0 ; # com/android/tools/r8/internal/kp$$Lambda+0x00000189cf339cc0
instanceKlass  @bci com/android/tools/r8/internal/Zo b (Lcom/android/tools/r8/internal/EA;)V 0 <appendix> argL0 ; # com/android/tools/r8/internal/Zo$$Lambda+0x00000189cf339aa0
instanceKlass  @bci com/android/tools/r8/internal/gp a (Lcom/android/tools/r8/internal/Jr0;)V 9 <appendix> argL0 ; # com/android/tools/r8/internal/gp$$Lambda+0x00000189cf339880
instanceKlass  @bci com/android/tools/r8/internal/gp a (Lcom/android/tools/r8/internal/Jr0;)V 1 <appendix> argL0 ; # com/android/tools/r8/internal/gp$$Lambda+0x00000189cf339660
instanceKlass  @bci com/android/tools/r8/internal/gp b (Lcom/android/tools/r8/internal/EA;)V 0 <appendix> argL0 ; # com/android/tools/r8/internal/gp$$Lambda+0x00000189cf339440
instanceKlass  @bci com/android/tools/r8/internal/mp b (Lcom/android/tools/r8/internal/EA;)V 0 <appendix> argL0 ; # com/android/tools/r8/internal/mp$$Lambda+0x00000189cf339220
instanceKlass  @bci com/android/tools/r8/internal/fp b (Lcom/android/tools/r8/internal/EA;)V 0 <appendix> argL0 ; # com/android/tools/r8/internal/fp$$Lambda+0x00000189cf339000
instanceKlass  @bci com/android/tools/r8/synthesis/z a (Lcom/android/tools/r8/graph/y;Ljava/util/IdentityHashMap;)Ljava/util/Collection; 412 <appendix> argL0 ; # com/android/tools/r8/synthesis/z$$Lambda+0x00000189cf33bc50
instanceKlass  @bci com/android/tools/r8/internal/sp b (Lcom/android/tools/r8/internal/EA;)V 0 <appendix> argL0 ; # com/android/tools/r8/internal/sp$$Lambda+0x00000189cf33ba30
instanceKlass  @bci com/android/tools/r8/internal/bp b (Lcom/android/tools/r8/internal/EA;)V 0 <appendix> argL0 ; # com/android/tools/r8/internal/bp$$Lambda+0x00000189cf33b810
instanceKlass  @bci com/android/tools/r8/internal/ep b (Lcom/android/tools/r8/internal/EA;)V 0 <appendix> argL0 ; # com/android/tools/r8/internal/ep$$Lambda+0x00000189cf33b5f0
instanceKlass  @bci com/android/tools/r8/graph/J0 a (Lcom/android/tools/r8/internal/Jr0;)V 49 <appendix> argL0 ; # com/android/tools/r8/graph/J0$$Lambda+0x00000189cf33b3b0
instanceKlass  @bci com/android/tools/r8/graph/J0 a (Lcom/android/tools/r8/internal/Jr0;)V 41 <appendix> argL0 ; # com/android/tools/r8/graph/J0$$Lambda+0x00000189cf33b170
instanceKlass  @bci com/android/tools/r8/graph/J0 a (Lcom/android/tools/r8/internal/Jr0;)V 33 <appendix> argL0 ; # com/android/tools/r8/graph/J0$$Lambda+0x00000189cf33af30
instanceKlass  @bci com/android/tools/r8/graph/J0 a (Lcom/android/tools/r8/internal/Jr0;)V 25 <appendix> argL0 ; # com/android/tools/r8/graph/J0$$Lambda+0x00000189cf33acf0
instanceKlass  @bci com/android/tools/r8/graph/J0 a (Lcom/android/tools/r8/internal/Jr0;)V 17 <appendix> argL0 ; # com/android/tools/r8/graph/J0$$Lambda+0x00000189cf33aad0
instanceKlass  @bci com/android/tools/r8/graph/J0 a (Lcom/android/tools/r8/internal/Jr0;)V 9 <appendix> argL0 ; # com/android/tools/r8/graph/J0$$Lambda+0x00000189cf33a8b0
instanceKlass  @bci com/android/tools/r8/graph/J0 a (Lcom/android/tools/r8/internal/Jr0;)V 1 <appendix> argL0 ; # com/android/tools/r8/graph/J0$$Lambda+0x00000189cf33a690
instanceKlass  @bci com/android/tools/r8/graph/J0 m ()Lcom/android/tools/r8/internal/Hr0; 0 <appendix> argL0 ; # com/android/tools/r8/graph/J0$$Lambda+0x00000189cf33a470
instanceKlass  @bci com/android/tools/r8/internal/Jr0 a (Ljava/util/function/Function;Lcom/android/tools/r8/internal/Er0;Lcom/android/tools/r8/internal/Fr0;)Lcom/android/tools/r8/internal/Jr0; 1 <appendix> argL0 ; # com/android/tools/r8/internal/Jr0$$Lambda+0x00000189cf33a220
instanceKlass  @bci com/android/tools/r8/graph/j1 a (Lcom/android/tools/r8/internal/Jr0;)V 75 <appendix> argL0 ; # com/android/tools/r8/graph/j1$$Lambda+0x00000189cf33a000
instanceKlass  @bci com/android/tools/r8/graph/j1 a (Lcom/android/tools/r8/internal/Jr0;)V 70 <appendix> argL0 ; # com/android/tools/r8/graph/j1$$Lambda+0x00000189cf33fd00
instanceKlass  @bci com/android/tools/r8/graph/j1 a (Lcom/android/tools/r8/internal/Jr0;)V 65 <appendix> argL0 ; # com/android/tools/r8/graph/j1$$Lambda+0x00000189cf33fac0
instanceKlass  @bci com/android/tools/r8/graph/j1 a (Lcom/android/tools/r8/internal/Jr0;)V 57 <appendix> argL0 ; # com/android/tools/r8/graph/j1$$Lambda+0x00000189cf33f870
instanceKlass  @bci com/android/tools/r8/graph/j1 a (Lcom/android/tools/r8/internal/Jr0;)V 49 <appendix> argL0 ; # com/android/tools/r8/graph/j1$$Lambda+0x00000189cf33f630
instanceKlass  @bci com/android/tools/r8/graph/j1 a (Lcom/android/tools/r8/internal/Jr0;)V 41 <appendix> argL0 ; # com/android/tools/r8/graph/j1$$Lambda+0x00000189cf33f3e0
instanceKlass  @bci com/android/tools/r8/graph/j1 a (Lcom/android/tools/r8/internal/Jr0;)V 33 <appendix> argL0 ; # com/android/tools/r8/graph/j1$$Lambda+0x00000189cf33f1a0
instanceKlass  @bci com/android/tools/r8/graph/C5 a (Lcom/android/tools/r8/internal/Jr0;)V 9 <appendix> argL0 ; # com/android/tools/r8/graph/C5$$Lambda+0x00000189cf33ef80
instanceKlass  @bci com/android/tools/r8/graph/C5 a (Lcom/android/tools/r8/internal/Jr0;)V 1 <appendix> argL0 ; # com/android/tools/r8/graph/C5$$Lambda+0x00000189cf33ed40
instanceKlass  @bci com/android/tools/r8/graph/C5 m ()Lcom/android/tools/r8/internal/Hr0; 0 <appendix> argL0 ; # com/android/tools/r8/graph/C5$$Lambda+0x00000189cf33eb20
instanceKlass  @bci com/android/tools/r8/graph/j1 a (Lcom/android/tools/r8/internal/Jr0;)V 25 <appendix> argL0 ; # com/android/tools/r8/graph/j1$$Lambda+0x00000189cf33e8e0
instanceKlass  @bci com/android/tools/r8/graph/u0 a (Lcom/android/tools/r8/internal/Jr0;)V 1 <appendix> argL0 ; # com/android/tools/r8/graph/u0$$Lambda+0x00000189cf33e6a0
instanceKlass  @bci com/android/tools/r8/graph/u0 m ()Lcom/android/tools/r8/internal/Hr0; 0 <appendix> argL0 ; # com/android/tools/r8/graph/u0$$Lambda+0x00000189cf33e480
instanceKlass  @bci com/android/tools/r8/graph/j1 a (Lcom/android/tools/r8/internal/Jr0;)V 17 <appendix> argL0 ; # com/android/tools/r8/graph/j1$$Lambda+0x00000189cf33e240
instanceKlass  @bci com/android/tools/r8/graph/g a (Lcom/android/tools/r8/internal/Jr0;)V 9 <appendix> argL0 ; # com/android/tools/r8/graph/g$$Lambda+0x00000189cf33e020
instanceKlass  @bci com/android/tools/r8/graph/g a (Lcom/android/tools/r8/internal/Jr0;)V 1 <appendix> argL0 ; # com/android/tools/r8/graph/g$$Lambda+0x00000189cf33de00
instanceKlass  @bci com/android/tools/r8/graph/g m ()Lcom/android/tools/r8/internal/Hr0; 0 <appendix> argL0 ; # com/android/tools/r8/graph/g$$Lambda+0x00000189cf33dbe0
instanceKlass  @bci com/android/tools/r8/graph/j1 a (Lcom/android/tools/r8/internal/Jr0;)V 9 <appendix> argL0 ; # com/android/tools/r8/graph/j1$$Lambda+0x00000189cf33d9a0
instanceKlass  @bci com/android/tools/r8/graph/j1 a (Lcom/android/tools/r8/internal/Jr0;)V 1 <appendix> argL0 ; # com/android/tools/r8/graph/j1$$Lambda+0x00000189cf33d760
instanceKlass  @bci com/android/tools/r8/graph/j1 m ()Lcom/android/tools/r8/internal/Hr0; 0 <appendix> argL0 ; # com/android/tools/r8/graph/j1$$Lambda+0x00000189cf33d540
instanceKlass  @bci com/android/tools/r8/internal/Gr0 a (Lcom/android/tools/r8/internal/zA;Lcom/android/tools/r8/internal/zg0;)V 6 <appendix> argL0 ; # com/android/tools/r8/internal/Gr0$$Lambda+0x00000189cf33d320
instanceKlass com/android/tools/r8/shaking/h1
instanceKlass com/android/tools/r8/shaking/g1
instanceKlass com/android/tools/r8/shaking/j1
instanceKlass com/android/tools/r8/shaking/e1
instanceKlass com/android/tools/r8/shaking/s1
instanceKlass com/android/tools/r8/shaking/t1
instanceKlass  @bci com/android/tools/r8/synthesis/z a (Lcom/android/tools/r8/graph/y;Ljava/util/IdentityHashMap;)Ljava/util/Collection; 148 <appendix> member <vmtarget> ; # com/android/tools/r8/synthesis/z$$Lambda+0x00000189cf336788
instanceKlass  @bci com/android/tools/r8/synthesis/z a (Lcom/android/tools/r8/graph/y;Lcom/android/tools/r8/internal/AC;)Ljava/util/IdentityHashMap; 53 <appendix> member <vmtarget> ; # com/android/tools/r8/synthesis/z$$Lambda+0x00000189cf336540
instanceKlass  @bci com/android/tools/r8/internal/gy iterator ()Ljava/util/Iterator; 8 <appendix> argL0 ; # com/android/tools/r8/internal/gy$$Lambda+0x00000189cf3362e0
instanceKlass  @cpi com/android/tools/r8/internal/gy 28 form vmentry <vmtarget> ; # java/lang/invoke/LambdaForm$DMH+0x00000189cf338000
instanceKlass  @bci com/android/tools/r8/internal/VK a (Ljava/lang/Iterable;Ljava/util/function/Function;)Ljava/lang/Iterable; 6 <appendix> member <vmtarget> ; # com/android/tools/r8/internal/VK$$Lambda+0x00000189cf335e28
instanceKlass  @bci com/android/tools/r8/synthesis/z a (Lcom/android/tools/r8/graph/y;Lcom/android/tools/r8/internal/at0;)Lcom/android/tools/r8/synthesis/x; 85 <appendix> member <vmtarget> ; # com/android/tools/r8/synthesis/z$$Lambda+0x00000189cf335c00
instanceKlass com/android/tools/r8/synthesis/v
instanceKlass com/android/tools/r8/internal/Yt0
instanceKlass com/android/tools/r8/synthesis/z
instanceKlass  @bci com/android/tools/r8/D8 a (Lcom/android/tools/r8/graph/y;Lcom/android/tools/r8/internal/at0;Ljava/util/concurrent/ExecutorService;)V 14 <appendix> member <vmtarget> ; # com/android/tools/r8/D8$$Lambda+0x00000189cf334240
instanceKlass  @bci com/android/tools/r8/D8 d (Lcom/android/tools/r8/utils/i;Lcom/android/tools/r8/internal/QJ;Ljava/util/concurrent/ExecutorService;)V 575 <appendix> member <vmtarget> ; # com/android/tools/r8/D8$$Lambda+0x00000189cf333db8
instanceKlass  @bci com/android/tools/r8/D8 d (Lcom/android/tools/r8/utils/i;Lcom/android/tools/r8/internal/QJ;Ljava/util/concurrent/ExecutorService;)V 556 <appendix> member <vmtarget> ; # com/android/tools/r8/D8$$Lambda+0x00000189cf333930
instanceKlass  @bci com/android/tools/r8/D8 d (Lcom/android/tools/r8/utils/i;Lcom/android/tools/r8/internal/QJ;Ljava/util/concurrent/ExecutorService;)V 537 <appendix> member <vmtarget> ; # com/android/tools/r8/D8$$Lambda+0x00000189cf333708
instanceKlass com/android/tools/r8/internal/mT
instanceKlass com/android/tools/r8/internal/gT
instanceKlass com/android/tools/r8/internal/ti
instanceKlass  @bci com/android/tools/r8/synthesis/d a (Ljava/util/Map;Lcom/android/tools/r8/graph/M2;Ljava/util/List;)V 2 <appendix> argL0 ; # com/android/tools/r8/synthesis/d$$Lambda+0x00000189cf3325b0
instanceKlass  @bci com/android/tools/r8/internal/Pi a (Ljava/lang/Iterable;)V 2 <appendix> member <vmtarget> ; # com/android/tools/r8/internal/Pi$$Lambda+0x00000189cf332378
instanceKlass  @bci com/android/tools/r8/internal/p5 a (Lcom/android/tools/r8/graph/B2;Lcom/android/tools/r8/graph/H2;Lcom/android/tools/r8/internal/m5;Lcom/android/tools/r8/internal/Kf;)Lcom/android/tools/r8/graph/j1; 141 <appendix> member <vmtarget> ; # com/android/tools/r8/internal/p5$$Lambda+0x00000189cf332150
instanceKlass  @bci com/android/tools/r8/internal/Uz b (Lcom/android/tools/r8/internal/Uz;Lcom/android/tools/r8/graph/B2;)Lcom/android/tools/r8/graph/B2; 2 <appendix> argL0 ; # com/android/tools/r8/internal/Uz$$Lambda+0x00000189cf331f20
instanceKlass  @bci com/android/tools/r8/internal/a00 <init> (Lcom/android/tools/r8/graph/y;Lcom/android/tools/r8/internal/q6;Ljava/util/Map;Lcom/android/tools/r8/internal/m6;Lcom/android/tools/r8/internal/m6;)V 17 <appendix> member <vmtarget> ; # com/android/tools/r8/internal/a00$$Lambda+0x00000189cf331cd8
instanceKlass  @bci com/android/tools/r8/internal/n6 put (Ljava/lang/Object;Ljava/lang/Object;)Ljava/lang/Object; 22 <appendix> argL0 ; # com/android/tools/r8/internal/n6$$Lambda+0x00000189cf331a98
instanceKlass  @bci com/android/tools/r8/internal/mJ a (Lcom/android/tools/r8/internal/jJ;Lcom/android/tools/r8/graph/H2;Lcom/android/tools/r8/internal/lJ;)V 113 <appendix> member <vmtarget> ; # com/android/tools/r8/internal/mJ$$Lambda+0x00000189cf331860
instanceKlass  @bci com/android/tools/r8/graph/H2 J1 ()Lcom/android/tools/r8/internal/XK; 6 <appendix> member <vmtarget> ; # com/android/tools/r8/graph/H2$$Lambda+0x00000189cf3315f8
instanceKlass  @bci com/android/tools/r8/internal/mJ a (Lcom/android/tools/r8/internal/jJ;Lcom/android/tools/r8/graph/H2;Lcom/android/tools/r8/internal/lJ;)V 87 <appendix> member <vmtarget> ; # com/android/tools/r8/internal/mJ$$Lambda+0x00000189cf3313c0
instanceKlass  @bci com/android/tools/r8/internal/mJ a ()Lcom/android/tools/r8/internal/kJ; 19 <appendix> member <vmtarget> ; # com/android/tools/r8/internal/mJ$$Lambda+0x00000189cf331188
instanceKlass com/android/tools/r8/internal/t6
instanceKlass com/android/tools/r8/internal/IZ
instanceKlass  @bci com/android/tools/r8/internal/Xd a (Lcom/android/tools/r8/internal/iJ;Ljava/util/concurrent/ExecutorService;)V 30 <appendix> member <vmtarget> ; # com/android/tools/r8/internal/Xd$$Lambda+0x00000189cf330960
# instanceKlass com/android/tools/r8/internal/Xd$$Lambda+0x00000189cf330480
instanceKlass  @bci com/android/tools/r8/internal/Xd a (Lcom/android/tools/r8/internal/iJ;Lcom/android/tools/r8/graph/H2;Ljava/util/Map;)V 67 <appendix> argL0 ; # com/android/tools/r8/internal/Xd$$Lambda+0x00000189cf32fd08
# instanceKlass com/android/tools/r8/internal/Xd$$Lambda+0x00000189cf330000
# instanceKlass com/android/tools/r8/internal/Xd$$Lambda+0x00000189cf330240
instanceKlass  @bci com/android/tools/r8/internal/Xd a (Lcom/android/tools/r8/internal/iJ;Ljava/util/concurrent/ExecutorService;)V 6 <appendix> member <vmtarget> ; # com/android/tools/r8/internal/Xd$$Lambda+0x00000189cf32fae0
instanceKlass com/android/tools/r8/internal/wg0
instanceKlass com/android/tools/r8/errors/InterfaceDesugarMissingTypeDiagnostic
instanceKlass com/android/tools/r8/errors/DesugarDiagnostic
# instanceKlass com/android/tools/r8/internal/pV$$Lambda+0x00000189cf32f1e0
instanceKlass  @bci com/android/tools/r8/internal/pV a (Lcom/android/tools/r8/graph/M2;)Z 10 <appendix> member <vmtarget> ; # com/android/tools/r8/internal/pV$$Lambda+0x00000189cf32ef58
# instanceKlass com/android/tools/r8/internal/pV$$Lambda+0x00000189cf32ecd0
instanceKlass com/android/tools/r8/internal/Ai
# instanceKlass com/android/tools/r8/internal/pV$$Lambda+0x00000189cf32e820
# instanceKlass com/android/tools/r8/internal/pV$$Lambda+0x00000189cf32e598
instanceKlass  @bci com/android/tools/r8/internal/pV b (Lcom/android/tools/r8/graph/M2;)Z 10 <appendix> member <vmtarget> ; # com/android/tools/r8/internal/pV$$Lambda+0x00000189cf32e310
instanceKlass com/android/tools/r8/internal/ou
instanceKlass com/android/tools/r8/internal/Vd
# instanceKlass com/android/tools/r8/internal/Xd$$Lambda+0x00000189cf32da68
# instanceKlass com/android/tools/r8/internal/Xd$$Lambda+0x00000189cf32d828
# instanceKlass com/android/tools/r8/internal/Xd$$Lambda+0x00000189cf32d5e8
# instanceKlass com/android/tools/r8/internal/Xd$$Lambda+0x00000189cf32d3a8
# instanceKlass com/android/tools/r8/internal/Xd$$Lambda+0x00000189cf32d168
# instanceKlass com/android/tools/r8/internal/Xd$$Lambda+0x00000189cf32cce8
# instanceKlass com/android/tools/r8/internal/Xd$$Lambda+0x00000189cf32cf28
instanceKlass  @bci com/android/tools/r8/internal/Xd a (Lcom/android/tools/r8/graph/K5;Lcom/android/tools/r8/graph/H0;)V 8 <appendix> argL0 ; # com/android/tools/r8/internal/Xd$$Lambda+0x00000189cf32caa8
instanceKlass com/android/tools/r8/internal/OI
instanceKlass  @bci com/android/tools/r8/graph/j c (Lcom/android/tools/r8/graph/E0;Lcom/android/tools/r8/graph/B2;)Lcom/android/tools/r8/graph/c5; 2 <appendix> member <vmtarget> ; # com/android/tools/r8/graph/j$$Lambda+0x00000189cf32c5f8
instanceKlass  @bci com/android/tools/r8/graph/S4 l ()Ljava/util/Iterator; 16 <appendix> member <vmtarget> ; # com/android/tools/r8/graph/S4$$Lambda+0x00000189cf32c3a0
instanceKlass  @bci com/android/tools/r8/graph/S4 j ()Ljava/lang/Iterable; 1 <appendix> member <vmtarget> ; # com/android/tools/r8/graph/S4$$Lambda+0x00000189cf32c158
instanceKlass  @bci com/android/tools/r8/graph/S4 g ()I 2 <appendix> member <vmtarget> ; # com/android/tools/r8/graph/S4$$Lambda+0x00000189cf32bf00
instanceKlass  @bci com/android/tools/r8/internal/Nd a (Lcom/android/tools/r8/graph/H0;)Z 11 <appendix> member <vmtarget> ; # com/android/tools/r8/internal/Nd$$Lambda+0x00000189cf32bca8
instanceKlass  @bci com/android/tools/r8/internal/Nd a (Lcom/android/tools/r8/graph/H0;)Z 5 <appendix> argL0 ; # com/android/tools/r8/internal/Nd$$Lambda+0x00000189cf32ba68
instanceKlass  @bci com/android/tools/r8/graph/j b (Lcom/android/tools/r8/graph/E0;Lcom/android/tools/r8/graph/I2;Lcom/android/tools/r8/graph/L2;)Lcom/android/tools/r8/graph/c5; 12 <appendix> member <vmtarget> ; # com/android/tools/r8/graph/j$$Lambda+0x00000189cf32b820
# instanceKlass com/android/tools/r8/internal/Xd$$Lambda+0x00000189cf32b0f8
instanceKlass  @bci com/android/tools/r8/graph/E0 i (Ljava/util/function/Predicate;)Ljava/lang/Iterable; 11 <appendix> member <vmtarget> ; # com/android/tools/r8/graph/E0$$Lambda+0x00000189cf32b598
instanceKlass  @bci com/android/tools/r8/internal/Xd a (Ljava/util/function/Predicate;Lcom/android/tools/r8/graph/E0;)Lcom/android/tools/r8/internal/Rd; 40 <appendix> argL0 ; # com/android/tools/r8/internal/Xd$$Lambda+0x00000189cf32b348
# instanceKlass com/android/tools/r8/internal/Xd$$Lambda+0x00000189cf32aeb0
# instanceKlass com/android/tools/r8/internal/Xd$$Lambda+0x00000189cf32ac68
# instanceKlass com/android/tools/r8/internal/Xd$$Lambda+0x00000189cf32aa20
# instanceKlass com/android/tools/r8/internal/Xd$$Lambda+0x00000189cf32a7d8
# instanceKlass com/android/tools/r8/internal/Xd$$Lambda+0x00000189cf32a590
instanceKlass  @bci com/android/tools/r8/internal/Xd b (Lcom/android/tools/r8/internal/Sd;Lcom/android/tools/r8/graph/E0;)Lcom/android/tools/r8/internal/Td; 25 <appendix> member <vmtarget> ; # com/android/tools/r8/internal/Xd$$Lambda+0x00000189cf32a348
# instanceKlass com/android/tools/r8/internal/Xd$$Lambda+0x00000189cf32a100
instanceKlass com/android/tools/r8/internal/Td
instanceKlass com/android/tools/r8/internal/Pd
instanceKlass com/android/tools/r8/internal/Rd
instanceKlass com/android/tools/r8/internal/Od
# instanceKlass com/android/tools/r8/internal/Xd$$Lambda+0x00000189cf329678
# instanceKlass com/android/tools/r8/internal/Xd$$Lambda+0x00000189cf329430
# instanceKlass com/android/tools/r8/internal/Xd$$Lambda+0x00000189cf3291e8
# instanceKlass com/android/tools/r8/internal/Xd$$Lambda+0x00000189cf328fa0
# instanceKlass com/android/tools/r8/internal/Xd$$Lambda+0x00000189cf328d58
# instanceKlass com/android/tools/r8/internal/Xd$$Lambda+0x00000189cf328b10
# instanceKlass com/android/tools/r8/internal/Xd$$Lambda+0x00000189cf3288c8
instanceKlass  @bci com/android/tools/r8/internal/Xd b (Lcom/android/tools/r8/internal/Sd;Lcom/android/tools/r8/internal/iJ;Lcom/android/tools/r8/graph/E0;)Lcom/android/tools/r8/internal/Nd; 43 <appendix> member <vmtarget> ; # com/android/tools/r8/internal/Xd$$Lambda+0x00000189cf328680
instanceKlass com/android/tools/r8/internal/Nd
# instanceKlass com/android/tools/r8/internal/Xd$$Lambda+0x00000189cf328238
# instanceKlass com/android/tools/r8/internal/Xd$$Lambda+0x00000189cf328000
# instanceKlass com/android/tools/r8/internal/Xd$$Lambda+0x00000189cf20a800
# instanceKlass com/android/tools/r8/internal/Xd$$Lambda+0x00000189cf214400
# instanceKlass com/android/tools/r8/internal/Xd$$Lambda+0x00000189cf250400
# instanceKlass com/android/tools/r8/internal/Xd$$Lambda+0x00000189cf26c800
# instanceKlass com/android/tools/r8/internal/Xd$$Lambda+0x00000189cf298400
instanceKlass  @bci com/android/tools/r8/internal/Xd a (Lcom/android/tools/r8/internal/iJ;Lcom/android/tools/r8/graph/H2;)V 15 <appendix> member <vmtarget> ; # com/android/tools/r8/internal/Xd$$Lambda+0x00000189cf2c8c00
instanceKlass  @bci com/android/tools/r8/internal/RI a (Ljava/util/Collection;Lcom/android/tools/r8/internal/Wa;Ljava/util/concurrent/ExecutorService;)V 14 <appendix> member <vmtarget> ; # com/android/tools/r8/internal/RI$$Lambda+0x00000189cf305000
instanceKlass  @bci com/android/tools/r8/internal/RI a (Ljava/util/Collection;Lcom/android/tools/r8/internal/Wa;Ljava/util/concurrent/ExecutorService;)V 4 <appendix> member <vmtarget> ; # com/android/tools/r8/internal/RI$$Lambda+0x00000189cf20a448
instanceKlass com/android/tools/r8/internal/ff
instanceKlass  @bci com/android/tools/r8/internal/Ra a (Ljava/util/Collection;Lcom/android/tools/r8/internal/Wa;Ljava/util/concurrent/ExecutorService;Lcom/android/tools/r8/internal/at0;)V 2 <appendix> argL0 ; # com/android/tools/r8/internal/Ra$$Lambda+0x00000189cf20a000
instanceKlass com/android/tools/r8/internal/p5
instanceKlass com/android/tools/r8/internal/Sd
instanceKlass com/android/tools/r8/internal/Xd
instanceKlass  @bci com/android/tools/r8/internal/aa a (Lcom/android/tools/r8/internal/mJ;)Lcom/android/tools/r8/internal/RI; 5 <appendix> member <vmtarget> ; # com/android/tools/r8/internal/aa$$Lambda+0x00000189cf2a0800
instanceKlass com/android/tools/r8/internal/RI
instanceKlass com/android/tools/r8/internal/Pa
instanceKlass java/util/AbstractMap$SimpleEntry
instanceKlass  @bci com/android/tools/r8/synthesis/d a (Ljava/util/IdentityHashMap;Lcom/android/tools/r8/internal/AC;)Lcom/android/tools/r8/internal/AC; 9 <appendix> member <vmtarget> ; # com/android/tools/r8/synthesis/d$$Lambda+0x00000189cf2a1000
instanceKlass  @bci com/android/tools/r8/synthesis/c a (Lcom/android/tools/r8/synthesis/O;)Lcom/android/tools/r8/synthesis/c; 32 <appendix> argL0 ; # com/android/tools/r8/synthesis/c$$Lambda+0x00000189cf209d40
instanceKlass  @bci com/android/tools/r8/synthesis/c a (Lcom/android/tools/r8/synthesis/X;)Lcom/android/tools/r8/synthesis/c; 29 <appendix> argL0 ; # com/android/tools/r8/synthesis/c$$Lambda+0x00000189cf209b00
instanceKlass  @bci com/android/tools/r8/synthesis/c a (Lcom/android/tools/r8/synthesis/t;)V 19 <appendix> member <vmtarget> ; # com/android/tools/r8/synthesis/c$$Lambda+0x00000189cf2098c8
instanceKlass  @bci com/android/tools/r8/synthesis/c a (Lcom/android/tools/r8/synthesis/t;)V 13 <appendix> member <vmtarget> ; # com/android/tools/r8/synthesis/c$$Lambda+0x00000189cf209690
instanceKlass  @bci com/android/tools/r8/internal/Si a (Lcom/android/tools/r8/internal/VZ;)V 16 <appendix> argL0 ; # com/android/tools/r8/internal/Si$$Lambda+0x00000189cf209460
instanceKlass  @bci com/android/tools/r8/internal/Si b ()V 6 <appendix> argL0 ; # com/android/tools/r8/internal/Si$$Lambda+0x00000189cf209230
instanceKlass  @bci com/android/tools/r8/internal/Si b ()V 1 <appendix> argL0 ; # com/android/tools/r8/internal/Si$$Lambda+0x00000189cf209000
instanceKlass  @bci com/android/tools/r8/internal/VZ b ()Z 14 <appendix> argL0 ; # com/android/tools/r8/internal/VZ$$Lambda+0x00000189cf215d18
instanceKlass  @bci com/android/tools/r8/internal/Si c ()V 9 <appendix> member <vmtarget> ; # com/android/tools/r8/internal/Si$$Lambda+0x00000189cf215ae0
instanceKlass  @bci com/android/tools/r8/internal/Si c ()V 3 <appendix> member <vmtarget> ; # com/android/tools/r8/internal/Si$$Lambda+0x00000189cf2158a8
instanceKlass  @bci com/android/tools/r8/internal/aa a ()V 4 <appendix> argL0 ; # com/android/tools/r8/internal/aa$$Lambda+0x00000189cf215678
instanceKlass  @bci com/android/tools/r8/internal/aa a (Lcom/android/tools/r8/internal/at0;)V 12 <appendix> argL0 ; # com/android/tools/r8/internal/aa$$Lambda+0x00000189cf215448
instanceKlass com/android/tools/r8/internal/im
instanceKlass  @bci com/android/tools/r8/internal/Si a (Lcom/android/tools/r8/internal/Pi;Ljava/util/concurrent/ExecutorService;)V 74 <appendix> member <vmtarget> ; # com/android/tools/r8/internal/Si$$Lambda+0x00000189cf215000
instanceKlass com/android/tools/r8/internal/Qi
instanceKlass  @bci com/android/tools/r8/internal/VZ a ()Lcom/android/tools/r8/internal/XK; 26 <appendix> argL0 ; # com/android/tools/r8/internal/VZ$$Lambda+0x00000189cf327a68
instanceKlass  @bci com/android/tools/r8/internal/VZ a ()Lcom/android/tools/r8/internal/XK; 5 <appendix> argL0 ; # com/android/tools/r8/internal/VZ$$Lambda+0x00000189cf3277e8
instanceKlass  @bci com/android/tools/r8/graph/E0 h (Ljava/util/function/Consumer;)V 29 <appendix> member <vmtarget> ; # com/android/tools/r8/graph/E0$$Lambda+0x00000189cf3275b0
instanceKlass  @bci com/android/tools/r8/internal/VZ a (Lcom/android/tools/r8/graph/y;Lcom/android/tools/r8/graph/E0;Ljava/util/function/Consumer;)Lcom/android/tools/r8/internal/VZ; 91 <appendix> member <vmtarget> ; # com/android/tools/r8/internal/VZ$$Lambda+0x00000189cf327378
instanceKlass  @bci com/android/tools/r8/internal/Si a (Lcom/android/tools/r8/internal/Pi;Ljava/util/concurrent/ExecutorService;)V 11 <appendix> member <vmtarget> ; # com/android/tools/r8/internal/Si$$Lambda+0x00000189cf327140
instanceKlass com/android/tools/r8/internal/VZ
instanceKlass  @bci com/android/tools/r8/internal/aa a (Lcom/android/tools/r8/internal/Pi;Ljava/util/concurrent/ExecutorService;Lcom/android/tools/r8/internal/at0;)V 14 <appendix> member <vmtarget> ; # com/android/tools/r8/internal/aa$$Lambda+0x00000189cf326cf8
instanceKlass  @bci com/android/tools/r8/internal/XZ a (Lcom/android/tools/r8/internal/ia;Lcom/android/tools/r8/internal/q70;Lcom/android/tools/r8/internal/xy;Lcom/android/tools/r8/internal/EU;Lcom/android/tools/r8/internal/E9;Lcom/android/tools/r8/internal/ga;Lcom/android/tools/r8/graph/K5;Lcom/android/tools/r8/internal/Lf;Lcom/android/tools/r8/internal/Z9;Lcom/android/tools/r8/graph/u1;)Ljava/util/Collection; 7 <appendix> member <vmtarget> ; # com/android/tools/r8/internal/XZ$$Lambda+0x00000189cf326ab0
instanceKlass  @bci com/android/tools/r8/internal/XZ a (Lcom/android/tools/r8/internal/ia;)Lcom/android/tools/r8/internal/cm; 2 <appendix> member <vmtarget> ; # com/android/tools/r8/internal/XZ$$Lambda+0x00000189cf326888
instanceKlass  @bci com/android/tools/r8/internal/Pc a (Lcom/android/tools/r8/internal/Qc;Ljava/util/concurrent/ExecutorService;Lcom/android/tools/r8/internal/at0;)V 737 <appendix> member <vmtarget> ; # com/android/tools/r8/internal/Pc$$Lambda+0x00000189cf326650
instanceKlass  @bci com/android/tools/r8/internal/i80 a (Lcom/android/tools/r8/internal/ga;Ljava/util/concurrent/ExecutorService;Ljava/util/List;)V 2 <appendix> member <vmtarget> ; # com/android/tools/r8/internal/i80$$Lambda+0x00000189cf326418
instanceKlass  @bci com/android/tools/r8/internal/da a ()Ljava/util/List; 37 <appendix> member <vmtarget> ; # com/android/tools/r8/internal/da$$Lambda+0x00000189cf3261e0
instanceKlass com/android/tools/r8/internal/zd
instanceKlass  @bci com/android/tools/r8/graph/P4 b (Lcom/android/tools/r8/graph/B2;Lcom/android/tools/r8/internal/Wy;)Lcom/android/tools/r8/graph/j1; 76 <appendix> member <vmtarget> ; # com/android/tools/r8/graph/P4$$Lambda+0x00000189cf325da0
instanceKlass  @bci com/android/tools/r8/internal/IR a (Lcom/android/tools/r8/internal/ny;Lcom/android/tools/r8/internal/ms0;Ljava/util/function/Consumer;)Lcom/android/tools/r8/graph/K5; 31 <appendix> member <vmtarget> ; # com/android/tools/r8/internal/IR$$Lambda+0x00000189cf325b38
instanceKlass  @bci com/android/tools/r8/internal/ms0 a ()Lcom/android/tools/r8/internal/ms0; 0 <appendix> argL0 ; # com/android/tools/r8/internal/ms0$$Lambda+0x00000189cf325918
instanceKlass com/android/tools/r8/internal/ms0
instanceKlass  @bci com/android/tools/r8/internal/da a (Lcom/android/tools/r8/internal/Qc;Ljava/util/function/Consumer;)V 5 <appendix> argL0 ; # com/android/tools/r8/internal/da$$Lambda+0x00000189cf3254d8
instanceKlass  @bci com/android/tools/r8/internal/da a ()Ljava/util/List; 27 <appendix> member <vmtarget> ; # com/android/tools/r8/internal/da$$Lambda+0x00000189cf3252a0
instanceKlass  @bci com/android/tools/r8/internal/da a (Ljava/util/function/Consumer;)V 28 <appendix> member <vmtarget> ; # com/android/tools/r8/internal/da$$Lambda+0x00000189cf325068
instanceKlass  @bci com/android/tools/r8/internal/da a (Ljava/util/function/Consumer;)V 10 <appendix> member <vmtarget> ; # com/android/tools/r8/internal/da$$Lambda+0x00000189cf324e30
instanceKlass com/android/tools/r8/internal/FK
instanceKlass  @bci com/android/tools/r8/internal/da a ()Ljava/util/List; 15 <appendix> member <vmtarget> ; # com/android/tools/r8/internal/da$$Lambda+0x00000189cf3249d0
instanceKlass  @bci com/android/tools/r8/internal/tp a (Lcom/android/tools/r8/internal/Jr0;)V 17 <appendix> argL0 ; # com/android/tools/r8/internal/tp$$Lambda+0x00000189cf324550
instanceKlass  @bci com/android/tools/r8/internal/tp a (Lcom/android/tools/r8/internal/Jr0;)V 9 <appendix> argL0 ; # com/android/tools/r8/internal/tp$$Lambda+0x00000189cf324330
instanceKlass  @bci com/android/tools/r8/internal/tp a (Lcom/android/tools/r8/internal/Jr0;)V 1 <appendix> argL0 ; # com/android/tools/r8/internal/tp$$Lambda+0x00000189cf324110
instanceKlass  @bci com/android/tools/r8/internal/tp a (Lcom/android/tools/r8/internal/Up;Lcom/android/tools/r8/internal/xf;)I 6 <appendix> argL0 ; # com/android/tools/r8/internal/tp$$Lambda+0x00000189cf323ef0
instanceKlass  @bci com/android/tools/r8/internal/lp a (Lcom/android/tools/r8/internal/Jr0;)V 9 <appendix> argL0 ; # com/android/tools/r8/internal/lp$$Lambda+0x00000189cf323cd0
instanceKlass  @bci com/android/tools/r8/internal/lp a (Lcom/android/tools/r8/internal/Jr0;)V 1 <appendix> argL0 ; # com/android/tools/r8/internal/lp$$Lambda+0x00000189cf323ab0
instanceKlass  @bci com/android/tools/r8/internal/lp a (Lcom/android/tools/r8/internal/Up;Lcom/android/tools/r8/internal/xf;)I 6 <appendix> argL0 ; # com/android/tools/r8/internal/lp$$Lambda+0x00000189cf323890
instanceKlass  @bci com/android/tools/r8/internal/lo0 a (Ljava/util/List;Lcom/android/tools/r8/ir/optimize/a;Lcom/android/tools/r8/internal/V6;Ljava/util/Map$Entry;)V 121 <appendix> argL0 ; # com/android/tools/r8/internal/lo0$$Lambda+0x00000189cf323640
instanceKlass  @bci com/android/tools/r8/internal/mp a (Lcom/android/tools/r8/internal/Jr0;)V 17 <appendix> argL0 ; # com/android/tools/r8/internal/mp$$Lambda+0x00000189cf323420
instanceKlass  @bci com/android/tools/r8/internal/mp a (Lcom/android/tools/r8/internal/Jr0;)V 9 <appendix> argL0 ; # com/android/tools/r8/internal/mp$$Lambda+0x00000189cf323200
instanceKlass  @bci com/android/tools/r8/internal/mp a (Lcom/android/tools/r8/internal/Jr0;)V 1 <appendix> argL0 ; # com/android/tools/r8/internal/mp$$Lambda+0x00000189cf322fe0
instanceKlass  @bci com/android/tools/r8/internal/mp a (Lcom/android/tools/r8/internal/Up;Lcom/android/tools/r8/internal/xf;)I 6 <appendix> argL0 ; # com/android/tools/r8/internal/mp$$Lambda+0x00000189cf322dc0
instanceKlass  @bci com/android/tools/r8/internal/nb c (Lcom/android/tools/r8/internal/P8;Lcom/android/tools/r8/internal/I9;Lcom/android/tools/r8/internal/H70;)Lcom/android/tools/r8/internal/I9; 11 <appendix> member <vmtarget> ; # com/android/tools/r8/internal/nb$$Lambda+0x00000189cf322b88
instanceKlass  @bci com/android/tools/r8/internal/nb c (Lcom/android/tools/r8/internal/P8;Lcom/android/tools/r8/internal/I9;Lcom/android/tools/r8/internal/H70;)Lcom/android/tools/r8/internal/I9; 5 <appendix> member <vmtarget> ; # com/android/tools/r8/internal/nb$$Lambda+0x00000189cf322960
instanceKlass  @bci com/android/tools/r8/internal/nb a (Lcom/android/tools/r8/internal/I9;Lcom/android/tools/r8/graph/y;Lcom/android/tools/r8/internal/P8;)Lcom/android/tools/r8/internal/I9; 90 <appendix> member <vmtarget> ; # com/android/tools/r8/internal/nb$$Lambda+0x00000189cf322728
instanceKlass  @bci com/android/tools/r8/internal/nb a (Lcom/android/tools/r8/internal/I9;Lcom/android/tools/r8/graph/y;Lcom/android/tools/r8/internal/P8;)Lcom/android/tools/r8/internal/I9; 84 <appendix> member <vmtarget> ; # com/android/tools/r8/internal/nb$$Lambda+0x00000189cf322500
instanceKlass com/android/tools/r8/internal/Nq0
instanceKlass  @bci com/android/tools/r8/internal/no a (Lcom/android/tools/r8/internal/Jr0;)V 1 <appendix> argL0 ; # com/android/tools/r8/internal/no$$Lambda+0x00000189cf321e90
instanceKlass  @bci com/android/tools/r8/internal/iv0 c ()V 77 <appendix> member <vmtarget> ; # com/android/tools/r8/internal/iv0$$Lambda+0x00000189cf321c58
instanceKlass  @bci com/android/tools/r8/internal/lx a (Lcom/android/tools/r8/internal/sB;)Lcom/android/tools/r8/internal/Ce; 743 <appendix> member <vmtarget> ; # com/android/tools/r8/internal/lx$$Lambda+0x00000189cf321a20
instanceKlass  @bci com/android/tools/r8/internal/QJ a (Lcom/android/tools/r8/graph/K5;Lcom/android/tools/r8/internal/lK;)V 26 <appendix> argL0 ; # com/android/tools/r8/internal/QJ$$Lambda+0x00000189cf3217e0
instanceKlass com/android/tools/r8/internal/gb
instanceKlass  @bci com/android/tools/r8/internal/nb b (Lcom/android/tools/r8/internal/P8;Lcom/android/tools/r8/internal/I9;Lcom/android/tools/r8/internal/H70;)Lcom/android/tools/r8/internal/I9; 3 <appendix> member <vmtarget> ; # com/android/tools/r8/internal/nb$$Lambda+0x00000189cf3213a0
instanceKlass  @bci com/android/tools/r8/internal/nb a (Lcom/android/tools/r8/internal/I9;Lcom/android/tools/r8/graph/y;Lcom/android/tools/r8/internal/P8;)Lcom/android/tools/r8/internal/I9; 110 <appendix> member <vmtarget> ; # com/android/tools/r8/internal/nb$$Lambda+0x00000189cf321168
instanceKlass  @bci com/android/tools/r8/internal/nb a (Lcom/android/tools/r8/internal/I9;Lcom/android/tools/r8/graph/y;Lcom/android/tools/r8/internal/P8;)Lcom/android/tools/r8/internal/I9; 104 <appendix> member <vmtarget> ; # com/android/tools/r8/internal/nb$$Lambda+0x00000189cf320f40
instanceKlass  @bci com/android/tools/r8/internal/qR b (Lcom/android/tools/r8/internal/sB;)Lcom/android/tools/r8/internal/De; 324 <appendix> argL0 ; # com/android/tools/r8/internal/qR$$Lambda+0x00000189cf320d10
instanceKlass  @bci com/android/tools/r8/internal/LI a (Lcom/android/tools/r8/graph/j1;Lcom/android/tools/r8/synthesis/M;)V 98 <appendix> argL0 ; # com/android/tools/r8/internal/LI$$Lambda+0x00000189cf3208c0
instanceKlass  @bci com/android/tools/r8/internal/LI c (Lcom/android/tools/r8/graph/K5;Lcom/android/tools/r8/internal/NI;)Lcom/android/tools/r8/graph/K5; 57 <appendix> member <vmtarget> ; # com/android/tools/r8/internal/LI$$Lambda+0x00000189cf320688
instanceKlass  @bci com/android/tools/r8/internal/LI c (Lcom/android/tools/r8/graph/K5;Lcom/android/tools/r8/internal/NI;)Lcom/android/tools/r8/graph/K5; 51 <appendix> member <vmtarget> ; # com/android/tools/r8/internal/LI$$Lambda+0x00000189cf320450
instanceKlass  @bci com/android/tools/r8/internal/nb a (Lcom/android/tools/r8/internal/I9;Lcom/android/tools/r8/graph/y;Lcom/android/tools/r8/internal/P8;)Lcom/android/tools/r8/internal/I9; 180 <appendix> argL0 ; # com/android/tools/r8/internal/nb$$Lambda+0x00000189cf320220
instanceKlass  @bci com/android/tools/r8/internal/nb a (Lcom/android/tools/r8/internal/I9;Lcom/android/tools/r8/graph/y;Lcom/android/tools/r8/internal/P8;)Lcom/android/tools/r8/internal/I9; 175 <appendix> argL0 ; # com/android/tools/r8/internal/nb$$Lambda+0x00000189cf320000
instanceKlass  @bci com/android/tools/r8/ir/optimize/u0 b (Lcom/android/tools/r8/internal/sB;Lcom/android/tools/r8/internal/QJ;)V 127 <appendix> member <vmtarget> ; # com/android/tools/r8/ir/optimize/u0$$Lambda+0x00000189cf1e8400
instanceKlass  @bci com/android/tools/r8/internal/Y5 a (Lcom/android/tools/r8/internal/Y5;Lcom/android/tools/r8/internal/nt;Lcom/android/tools/r8/ir/optimize/a;)Ljava/util/Set; 156 <appendix> member <vmtarget> ; # com/android/tools/r8/internal/Y5$$Lambda+0x00000189cf1e8800
instanceKlass com/android/tools/r8/internal/uL
instanceKlass com/android/tools/r8/internal/Lj
instanceKlass com/android/tools/r8/internal/Db
instanceKlass  @bci com/android/tools/r8/internal/LI a (Lcom/android/tools/r8/graph/K5;Lcom/android/tools/r8/graph/j1;Lcom/android/tools/r8/synthesis/M;)V 590 <appendix> argL0 ; # com/android/tools/r8/internal/LI$$Lambda+0x00000189cf1fcc00
instanceKlass  @bci com/android/tools/r8/internal/LI a (Lcom/android/tools/r8/graph/K5;Lcom/android/tools/r8/internal/NI;)Lcom/android/tools/r8/graph/K5; 59 <appendix> member <vmtarget> ; # com/android/tools/r8/internal/LI$$Lambda+0x00000189cf1f1470
instanceKlass  @bci com/android/tools/r8/internal/LI a (Lcom/android/tools/r8/graph/K5;Lcom/android/tools/r8/internal/NI;)Lcom/android/tools/r8/graph/K5; 53 <appendix> member <vmtarget> ; # com/android/tools/r8/internal/LI$$Lambda+0x00000189cf1f1238
instanceKlass  @bci com/android/tools/r8/internal/nb d (Lcom/android/tools/r8/internal/P8;Lcom/android/tools/r8/internal/I9;Lcom/android/tools/r8/internal/H70;)Lcom/android/tools/r8/internal/I9; 11 <appendix> member <vmtarget> ; # com/android/tools/r8/internal/nb$$Lambda+0x00000189cf1f1000
instanceKlass  @bci com/android/tools/r8/internal/nb d (Lcom/android/tools/r8/internal/P8;Lcom/android/tools/r8/internal/I9;Lcom/android/tools/r8/internal/H70;)Lcom/android/tools/r8/internal/I9; 5 <appendix> member <vmtarget> ; # com/android/tools/r8/internal/nb$$Lambda+0x00000189cf1fd478
instanceKlass  @bci com/android/tools/r8/internal/nb a (Lcom/android/tools/r8/internal/I9;Lcom/android/tools/r8/graph/y;Lcom/android/tools/r8/internal/P8;)Lcom/android/tools/r8/internal/I9; 143 <appendix> member <vmtarget> ; # com/android/tools/r8/internal/nb$$Lambda+0x00000189cf1fd240
instanceKlass  @bci com/android/tools/r8/internal/lo0 a (Lcom/android/tools/r8/internal/XL;)V 449 <appendix> argL0 ; # com/android/tools/r8/internal/lo0$$Lambda+0x00000189cf1fd000
instanceKlass  @bci com/android/tools/r8/ir/optimize/F a (Ljava/util/Queue;Lcom/android/tools/r8/internal/sB;Lcom/android/tools/r8/internal/Y5;Lcom/android/tools/r8/ir/optimize/a;Lcom/android/tools/r8/internal/Hx0;)V 356 <appendix> argL0 ; # com/android/tools/r8/ir/optimize/F$$Lambda+0x00000189cf319bf0
instanceKlass  @bci com/android/tools/r8/internal/hp a (Lcom/android/tools/r8/internal/Jr0;)V 17 <appendix> argL0 ; # com/android/tools/r8/internal/hp$$Lambda+0x00000189cf31b798
instanceKlass  @bci com/android/tools/r8/internal/hp a (Lcom/android/tools/r8/internal/Jr0;)V 9 <appendix> argL0 ; # com/android/tools/r8/internal/hp$$Lambda+0x00000189cf31b578
instanceKlass  @bci com/android/tools/r8/internal/hp a (Lcom/android/tools/r8/internal/Jr0;)V 1 <appendix> argL0 ; # com/android/tools/r8/internal/hp$$Lambda+0x00000189cf31b358
instanceKlass  @bci com/android/tools/r8/internal/hp a (Lcom/android/tools/r8/internal/Up;Lcom/android/tools/r8/internal/xf;)I 6 <appendix> argL0 ; # com/android/tools/r8/internal/hp$$Lambda+0x00000189cf31b138
instanceKlass  @bci com/android/tools/r8/internal/lo0 a (Ljava/util/List;Lcom/android/tools/r8/ir/optimize/a;Lcom/android/tools/r8/internal/V6;Ljava/util/Map$Entry;)V 252 <appendix> member <vmtarget> ; # com/android/tools/r8/internal/lo0$$Lambda+0x00000189cf31aee0
instanceKlass  @bci com/android/tools/r8/internal/bp a (Lcom/android/tools/r8/internal/Jr0;)V 9 <appendix> argL0 ; # com/android/tools/r8/internal/bp$$Lambda+0x00000189cf31acc0
instanceKlass  @bci com/android/tools/r8/internal/bp a (Lcom/android/tools/r8/internal/Jr0;)V 1 <appendix> argL0 ; # com/android/tools/r8/internal/bp$$Lambda+0x00000189cf31aaa0
instanceKlass  @bci com/android/tools/r8/internal/bp a (Lcom/android/tools/r8/internal/Up;Lcom/android/tools/r8/internal/xf;)I 6 <appendix> argL0 ; # com/android/tools/r8/internal/bp$$Lambda+0x00000189cf31a880
instanceKlass  @bci com/android/tools/r8/internal/fp a (Lcom/android/tools/r8/internal/Jr0;)V 9 <appendix> argL0 ; # com/android/tools/r8/internal/fp$$Lambda+0x00000189cf31a660
instanceKlass  @bci com/android/tools/r8/internal/fp a (Lcom/android/tools/r8/internal/Jr0;)V 1 <appendix> argL0 ; # com/android/tools/r8/internal/fp$$Lambda+0x00000189cf31a440
instanceKlass  @bci com/android/tools/r8/internal/fp a (Lcom/android/tools/r8/internal/Up;Lcom/android/tools/r8/internal/xf;)I 6 <appendix> argL0 ; # com/android/tools/r8/internal/fp$$Lambda+0x00000189cf31a220
instanceKlass  @bci com/android/tools/r8/internal/ep a (Lcom/android/tools/r8/internal/Jr0;)V 9 <appendix> argL0 ; # com/android/tools/r8/internal/ep$$Lambda+0x00000189cf31a000
instanceKlass  @bci com/android/tools/r8/internal/ep a (Lcom/android/tools/r8/internal/Jr0;)V 1 <appendix> argL0 ; # com/android/tools/r8/internal/ep$$Lambda+0x00000189cf31fd20
instanceKlass  @bci com/android/tools/r8/internal/ep a (Lcom/android/tools/r8/internal/Up;Lcom/android/tools/r8/internal/xf;)I 6 <appendix> argL0 ; # com/android/tools/r8/internal/ep$$Lambda+0x00000189cf31fb00
instanceKlass com/android/tools/r8/internal/hb
instanceKlass  @bci com/android/tools/r8/internal/US a (Lcom/android/tools/r8/internal/tU;ILcom/android/tools/r8/internal/Kf0;Lcom/android/tools/r8/internal/Kf0;)V 92 <adapter> ; # java/lang/invoke/LambdaForm$MH+0x00000189cf319000
# instanceKlass java/lang/invoke/LambdaForm$DMH+0x00000189cf318c00
instanceKlass  @bci com/android/tools/r8/internal/US a (Lcom/android/tools/r8/internal/tU;ILcom/android/tools/r8/internal/Kf0;Lcom/android/tools/r8/internal/Kf0;)V 92 <appendix> form vmentry <vmtarget> ; # java/lang/invoke/LambdaForm$DMH+0x00000189cf318800
instanceKlass  @bci com/android/tools/r8/internal/US a (Lcom/android/tools/r8/internal/tU;ILcom/android/tools/r8/internal/Kf0;Lcom/android/tools/r8/internal/Kf0;)V 92 <appendix> member <vmtarget> ; # com/android/tools/r8/internal/US$$Lambda+0x00000189cf31f6c0
instanceKlass  @cpi com/android/tools/r8/internal/US 1596 form vmentry <vmtarget> ; # java/lang/invoke/LambdaForm$DMH+0x00000189cf318400
instanceKlass  @bci com/android/tools/r8/internal/kb h ()Ljava/lang/Iterable; 22 <appendix> argL0 ; # com/android/tools/r8/internal/kb$$Lambda+0x00000189cf31f480
instanceKlass  @bci com/android/tools/r8/internal/kb h ()Ljava/lang/Iterable; 12 <appendix> argL0 ; # com/android/tools/r8/internal/kb$$Lambda+0x00000189cf31f230
instanceKlass  @bci com/android/tools/r8/internal/kb a (I)Lcom/android/tools/r8/internal/q70; 31 <appendix> member <vmtarget> ; # com/android/tools/r8/internal/kb$$Lambda+0x00000189cf31f008
instanceKlass  @bci com/android/tools/r8/internal/LI b (Lcom/android/tools/r8/graph/H2;)Lcom/android/tools/r8/graph/g1; 1 <appendix> argL0 ; # com/android/tools/r8/internal/LI$$Lambda+0x00000189cf31edb8
instanceKlass  @bci com/android/tools/r8/internal/LI a (Lcom/android/tools/r8/graph/H2;Lcom/android/tools/r8/synthesis/M;)V 109 <appendix> member <vmtarget> ; # com/android/tools/r8/internal/LI$$Lambda+0x00000189cf31eb90
instanceKlass  @bci com/android/tools/r8/internal/LI a (Lcom/android/tools/r8/graph/H2;Lcom/android/tools/r8/internal/NI;)V 64 <appendix> member <vmtarget> ; # com/android/tools/r8/internal/LI$$Lambda+0x00000189cf31e958
instanceKlass  @bci com/android/tools/r8/internal/LI a (Lcom/android/tools/r8/graph/H2;Lcom/android/tools/r8/internal/NI;)V 56 <appendix> member <vmtarget> ; # com/android/tools/r8/internal/LI$$Lambda+0x00000189cf31e720
instanceKlass  @bci com/android/tools/r8/internal/TY a (Ljava/util/HashSet;Ljava/util/HashMap;Ljava/util/HashSet;)Lcom/android/tools/r8/internal/rv; 39 <appendix> member <vmtarget> ; # com/android/tools/r8/internal/TY$$Lambda+0x00000189cf31e4c8
instanceKlass  @bci com/android/tools/r8/internal/TY a (Lcom/android/tools/r8/internal/Y5;Ljava/util/HashSet;Ljava/util/HashMap;)V 285 <appendix> argL0 ; # com/android/tools/r8/internal/TY$$Lambda+0x00000189cf31e2a8
instanceKlass  @bci com/android/tools/r8/internal/tf b (Lcom/android/tools/r8/internal/sB;)Lcom/android/tools/r8/internal/De; 514 <appendix> argL0 ; # com/android/tools/r8/internal/tf$$Lambda+0x00000189cf31e078
instanceKlass  @bci com/android/tools/r8/internal/I9 a (Lcom/android/tools/r8/internal/du0;Lcom/android/tools/r8/internal/I9;Lcom/android/tools/r8/internal/H70;)Lcom/android/tools/r8/internal/I9; 3 <appendix> member <vmtarget> ; # com/android/tools/r8/internal/I9$$Lambda+0x00000189cf31de40
instanceKlass  @bci com/android/tools/r8/internal/I9 a (Ljava/util/function/BiFunction;Ljava/util/function/BiFunction;)Lcom/android/tools/r8/internal/I9; 3 <appendix> member <vmtarget> ; # com/android/tools/r8/internal/I9$$Lambda+0x00000189cf31dc08
instanceKlass  @bci com/android/tools/r8/internal/I9 a (Lcom/android/tools/r8/internal/du0;Ljava/util/function/BiFunction;)Lcom/android/tools/r8/internal/I9; 2 <appendix> member <vmtarget> ; # com/android/tools/r8/internal/I9$$Lambda+0x00000189cf31d9d0
instanceKlass  @bci com/android/tools/r8/internal/nb a (Lcom/android/tools/r8/internal/I9;Lcom/android/tools/r8/graph/y;Lcom/android/tools/r8/internal/P8;)Lcom/android/tools/r8/internal/I9; 130 <appendix> member <vmtarget> ; # com/android/tools/r8/internal/nb$$Lambda+0x00000189cf31d798
instanceKlass  @bci com/android/tools/r8/internal/nb a (Lcom/android/tools/r8/internal/I9;Lcom/android/tools/r8/graph/y;Lcom/android/tools/r8/internal/P8;)Lcom/android/tools/r8/internal/I9; 124 <appendix> member <vmtarget> ; # com/android/tools/r8/internal/nb$$Lambda+0x00000189cf31d570
instanceKlass  @bci com/android/tools/r8/internal/xB b (Lcom/android/tools/r8/graph/K5;Lcom/android/tools/r8/internal/Z40;Lcom/android/tools/r8/internal/RX;Lcom/android/tools/r8/internal/Lf;Lcom/android/tools/r8/internal/sX$a;Lcom/android/tools/r8/internal/at0;)Lcom/android/tools/r8/internal/at0; 35 <appendix> member <vmtarget> ; # com/android/tools/r8/internal/xB$$Lambda+0x00000189cf31d348
instanceKlass  @bci com/android/tools/r8/internal/lu b ()Lcom/android/tools/r8/graph/G; 78 <appendix> member <vmtarget> ; # com/android/tools/r8/internal/lu$$Lambda+0x00000189cf31d110
instanceKlass  @bci com/android/tools/r8/internal/o5 a (Lcom/android/tools/r8/graph/y;Lcom/android/tools/r8/synthesis/M;)V 46 <appendix> member <vmtarget> ; # com/android/tools/r8/internal/o5$$Lambda+0x00000189cf31cad0
instanceKlass  @bci com/android/tools/r8/internal/o5 a (Lcom/android/tools/r8/graph/y;Lcom/android/tools/r8/graph/K5;Lcom/android/tools/r8/internal/n5;Ljava/util/function/Supplier;)Lcom/android/tools/r8/graph/K5; 27 <appendix> member <vmtarget> ; # com/android/tools/r8/internal/o5$$Lambda+0x00000189cf31c898
instanceKlass  @bci com/android/tools/r8/internal/o5 a (Lcom/android/tools/r8/graph/y;Lcom/android/tools/r8/graph/K5;Lcom/android/tools/r8/internal/n5;Ljava/util/function/Supplier;)Lcom/android/tools/r8/graph/K5; 11 <appendix> argL0 ; # com/android/tools/r8/internal/o5$$Lambda+0x00000189cf31c678
instanceKlass  @bci com/android/tools/r8/internal/o5 a (Lcom/android/tools/r8/graph/y;Lcom/android/tools/r8/graph/K5;Lcom/android/tools/r8/internal/n5;Lcom/android/tools/r8/internal/Lf;Lcom/android/tools/r8/graph/u1;Ljava/util/LinkedHashMap;Lcom/android/tools/r8/graph/B2;)Lcom/android/tools/r8/graph/i0; 24 <appendix> member <vmtarget> ; # com/android/tools/r8/internal/o5$$Lambda+0x00000189cf31c450
instanceKlass  @bci com/android/tools/r8/internal/o5 a (Lcom/android/tools/r8/graph/u1;Lcom/android/tools/r8/graph/y;Lcom/android/tools/r8/graph/K5;Lcom/android/tools/r8/internal/n5;Lcom/android/tools/r8/internal/Lf;Ljava/util/LinkedHashMap;Lcom/android/tools/r8/synthesis/M;)V 54 <appendix> member <vmtarget> ; # com/android/tools/r8/internal/o5$$Lambda+0x00000189cf31c000
instanceKlass  @bci com/android/tools/r8/internal/o5 a (Lcom/android/tools/r8/graph/y;Lcom/android/tools/r8/graph/K5;Lcom/android/tools/r8/internal/ga;Lcom/android/tools/r8/internal/Lf;)Lcom/android/tools/r8/graph/B2; 49 <appendix> member <vmtarget> ; # com/android/tools/r8/internal/o5$$Lambda+0x00000189cf317d70
instanceKlass  @cpi com/android/tools/r8/internal/o5 240 form vmentry <vmtarget> ; # java/lang/invoke/LambdaForm$DMH+0x00000189cf318000
instanceKlass  @bci com/android/tools/r8/internal/o5 a (Lcom/android/tools/r8/graph/y;Lcom/android/tools/r8/graph/K5;Lcom/android/tools/r8/internal/ga;Lcom/android/tools/r8/internal/Lf;)Lcom/android/tools/r8/graph/B2; 31 <appendix> argL0 ; # com/android/tools/r8/internal/o5$$Lambda+0x00000189cf317b50
instanceKlass  @bci com/android/tools/r8/internal/Pi b (Lcom/android/tools/r8/graph/K5;)V 76 <appendix> member <vmtarget> ; # com/android/tools/r8/internal/Pi$$Lambda+0x00000189cf317928
instanceKlass  @bci com/android/tools/r8/internal/o5 a (Lcom/android/tools/r8/synthesis/M;)V 45 <appendix> member <vmtarget> ; # com/android/tools/r8/internal/o5$$Lambda+0x00000189cf316b30
instanceKlass  @bci com/android/tools/r8/internal/o5 a (Lcom/android/tools/r8/graph/y;Lcom/android/tools/r8/graph/G5;Lcom/android/tools/r8/internal/n5;Ljava/util/function/Supplier;)Lcom/android/tools/r8/graph/B2; 27 <appendix> member <vmtarget> ; # com/android/tools/r8/internal/o5$$Lambda+0x00000189cf3168f8
instanceKlass  @bci com/android/tools/r8/internal/o5 a (Lcom/android/tools/r8/graph/y;Lcom/android/tools/r8/graph/G5;Lcom/android/tools/r8/internal/n5;Ljava/util/function/Supplier;)Lcom/android/tools/r8/graph/B2; 12 <appendix> argL0 ; # com/android/tools/r8/internal/o5$$Lambda+0x00000189cf3166d8
instanceKlass  @bci com/android/tools/r8/internal/o5 a (Ljava/util/LinkedHashMap;Lcom/android/tools/r8/graph/y;Lcom/android/tools/r8/graph/K5;Lcom/android/tools/r8/internal/n5;Lcom/android/tools/r8/internal/Lf;Lcom/android/tools/r8/graph/M2;)V 24 <appendix> member <vmtarget> ; # com/android/tools/r8/internal/o5$$Lambda+0x00000189cf3164b0
instanceKlass  @bci com/android/tools/r8/internal/o5 a (Lcom/android/tools/r8/graph/y;Lcom/android/tools/r8/graph/K5;Lcom/android/tools/r8/internal/n5;Lcom/android/tools/r8/internal/Lf;)Ljava/util/LinkedHashMap; 15 <appendix> member <vmtarget> ; # com/android/tools/r8/internal/o5$$Lambda+0x00000189cf316278
instanceKlass com/android/tools/r8/internal/gm
instanceKlass  @bci com/android/tools/r8/internal/sB y ()V 373 <appendix> member <vmtarget> ; # com/android/tools/r8/internal/sB$$Lambda+0x00000189cf315e38
instanceKlass com/android/tools/r8/internal/cL
instanceKlass  @bci com/android/tools/r8/internal/b6 a (Lcom/android/tools/r8/internal/Y5;)V 4 <appendix> member <vmtarget> ; # com/android/tools/r8/internal/b6$$Lambda+0x00000189cf3159d8
instanceKlass com/android/tools/r8/internal/jt
instanceKlass  @bci com/android/tools/r8/ir/optimize/u0 a (Lcom/android/tools/r8/internal/sB;Lcom/android/tools/r8/internal/QJ;)V 125 <appendix> argL0 ; # com/android/tools/r8/ir/optimize/u0$$Lambda+0x00000189cf315560
instanceKlass com/android/tools/r8/internal/i40
instanceKlass  @bci com/android/tools/r8/internal/es a (Lcom/android/tools/r8/internal/Jr0;)V 1 <appendix> argL0 ; # com/android/tools/r8/internal/es$$Lambda+0x00000189cf310e08
instanceKlass com/android/tools/r8/internal/qF
instanceKlass com/android/tools/r8/internal/kF
instanceKlass com/android/tools/r8/internal/sF
instanceKlass  @bci com/android/tools/r8/internal/Sn a (Lcom/android/tools/r8/internal/Jr0;)V 1 <appendix> argL0 ; # com/android/tools/r8/internal/Sn$$Lambda+0x00000189cf30fd70
instanceKlass  @bci com/android/tools/r8/internal/US b (IILcom/android/tools/r8/internal/tU;)Z 165 <appendix> member <vmtarget> ; # com/android/tools/r8/internal/US$$Lambda+0x00000189cf30fb18
instanceKlass  @bci com/android/tools/r8/graph/u1 a (Lcom/android/tools/r8/internal/q70;)Lcom/android/tools/r8/graph/S0; 19 <appendix> argL0 ; # com/android/tools/r8/graph/u1$$Lambda+0x00000189cf30df50
instanceKlass com/android/tools/r8/internal/zo
instanceKlass com/android/tools/r8/graph/a1
instanceKlass com/android/tools/r8/graph/V0
instanceKlass com/android/tools/r8/internal/Ao
instanceKlass  @bci com/android/tools/r8/internal/mJ a (Lcom/android/tools/r8/graph/H2;)Lcom/android/tools/r8/internal/lJ; 5 <appendix> argL0 ; # com/android/tools/r8/internal/mJ$$Lambda+0x00000189cf30cda0
instanceKlass com/android/tools/r8/internal/lJ
instanceKlass  @bci com/android/tools/r8/graph/G2 a (Lcom/android/tools/r8/internal/Jr0;)V 9 <appendix> argL0 ; # com/android/tools/r8/graph/G2$$Lambda+0x00000189cf30c950
instanceKlass  @bci com/android/tools/r8/graph/G2 a (Lcom/android/tools/r8/internal/Jr0;)V 1 <appendix> argL0 ; # com/android/tools/r8/graph/G2$$Lambda+0x00000189cf30c710
instanceKlass  @bci com/android/tools/r8/graph/G2 m ()Lcom/android/tools/r8/internal/Hr0; 0 <appendix> argL0 ; # com/android/tools/r8/graph/G2$$Lambda+0x00000189cf30c4f0
instanceKlass  @bci com/android/tools/r8/internal/LI b (Lcom/android/tools/r8/graph/j1;Lcom/android/tools/r8/synthesis/M;)V 62 <appendix> argL0 ; # com/android/tools/r8/internal/LI$$Lambda+0x00000189cf30c2d0
instanceKlass com/android/tools/r8/internal/G30
instanceKlass com/android/tools/r8/internal/S30
instanceKlass com/android/tools/r8/internal/In
instanceKlass  @bci com/android/tools/r8/synthesis/E a (Lcom/android/tools/r8/synthesis/Q$b;Ljava/util/function/Consumer;Ljava/util/function/Consumer;Ljava/util/function/Consumer;Lcom/android/tools/r8/synthesis/l;Lcom/android/tools/r8/graph/y;)Lcom/android/tools/r8/graph/H2; 195 <appendix> member <vmtarget> ; # com/android/tools/r8/synthesis/E$$Lambda+0x00000189cf30a6d0
instanceKlass  @bci com/android/tools/r8/synthesis/E a (Lcom/android/tools/r8/synthesis/Q$b;Ljava/util/function/Consumer;Ljava/util/function/Consumer;Ljava/util/function/Consumer;Lcom/android/tools/r8/synthesis/l;Lcom/android/tools/r8/graph/y;)Lcom/android/tools/r8/graph/H2; 5 <appendix> member <vmtarget> ; # com/android/tools/r8/synthesis/E$$Lambda+0x00000189cf30a488
instanceKlass  @bci com/android/tools/r8/internal/mJ a (Lcom/android/tools/r8/graph/H2;Lcom/android/tools/r8/graph/L2;Lcom/android/tools/r8/graph/I2;Lcom/android/tools/r8/graph/y;Ljava/util/function/Consumer;Ljava/util/function/Consumer;)Lcom/android/tools/r8/graph/K5; 15 <appendix> member <vmtarget> ; # com/android/tools/r8/internal/mJ$$Lambda+0x00000189cf30a250
instanceKlass  @bci com/android/tools/r8/internal/mJ a (Lcom/android/tools/r8/graph/H2;Lcom/android/tools/r8/graph/L2;Lcom/android/tools/r8/graph/I2;Lcom/android/tools/r8/graph/y;Ljava/util/function/Consumer;Ljava/util/function/Consumer;)Lcom/android/tools/r8/graph/K5; 9 <appendix> argL0 ; # com/android/tools/r8/internal/mJ$$Lambda+0x00000189cf30a030
instanceKlass  @bci com/android/tools/r8/internal/LI d (Lcom/android/tools/r8/graph/K5;Lcom/android/tools/r8/internal/NI;)Lcom/android/tools/r8/graph/K5; 116 <appendix> member <vmtarget> ; # com/android/tools/r8/internal/LI$$Lambda+0x00000189cf309df8
instanceKlass  @bci com/android/tools/r8/internal/LI d (Lcom/android/tools/r8/graph/K5;Lcom/android/tools/r8/internal/NI;)Lcom/android/tools/r8/graph/K5; 110 <appendix> member <vmtarget> ; # com/android/tools/r8/internal/LI$$Lambda+0x00000189cf309bc0
instanceKlass  @bci com/android/tools/r8/internal/XR a (Lcom/android/tools/r8/internal/PR;Lcom/android/tools/r8/graph/B2;Lcom/android/tools/r8/internal/UR;)Lcom/android/tools/r8/graph/G; 1233 <appendix> member <vmtarget> ; # com/android/tools/r8/internal/XR$$Lambda+0x00000189cf309998
instanceKlass  @bci com/android/tools/r8/internal/XR a (Lcom/android/tools/r8/internal/PR;Lcom/android/tools/r8/graph/B2;Lcom/android/tools/r8/internal/UR;)Lcom/android/tools/r8/graph/G; 1227 <appendix> member <vmtarget> ; # com/android/tools/r8/internal/XR$$Lambda+0x00000189cf309770
instanceKlass com/android/tools/r8/internal/QR
instanceKlass  @bci com/android/tools/r8/internal/US a (Lcom/android/tools/r8/internal/tU;IZ)V 90 <appendix> member <vmtarget> ; # com/android/tools/r8/internal/US$$Lambda+0x00000189cf309330
instanceKlass com/android/tools/r8/internal/ex0
instanceKlass  @bci com/android/tools/r8/internal/US e (Lcom/android/tools/r8/internal/tU;)V 107 <appendix> member <vmtarget> ; # com/android/tools/r8/internal/US$$Lambda+0x00000189cf308ee8
instanceKlass com/android/tools/r8/internal/af
instanceKlass  @bci com/android/tools/r8/internal/sp a (Lcom/android/tools/r8/internal/Jr0;)V 49 <appendix> argL0 ; # com/android/tools/r8/internal/sp$$Lambda+0x00000189cf308aa0
instanceKlass  @bci com/android/tools/r8/internal/sp a (Lcom/android/tools/r8/internal/Jr0;)V 41 <appendix> argL0 ; # com/android/tools/r8/internal/sp$$Lambda+0x00000189cf308880
instanceKlass  @bci com/android/tools/r8/internal/sp a (Lcom/android/tools/r8/internal/Jr0;)V 33 <appendix> argL0 ; # com/android/tools/r8/internal/sp$$Lambda+0x00000189cf308660
instanceKlass  @bci com/android/tools/r8/internal/sp a (Lcom/android/tools/r8/internal/Jr0;)V 25 <appendix> argL0 ; # com/android/tools/r8/internal/sp$$Lambda+0x00000189cf308440
instanceKlass  @bci com/android/tools/r8/internal/sp a (Lcom/android/tools/r8/internal/Jr0;)V 17 <appendix> argL0 ; # com/android/tools/r8/internal/sp$$Lambda+0x00000189cf308220
instanceKlass  @bci com/android/tools/r8/internal/sp a (Lcom/android/tools/r8/internal/Jr0;)V 9 <appendix> argL0 ; # com/android/tools/r8/internal/sp$$Lambda+0x00000189cf308000
instanceKlass  @bci com/android/tools/r8/internal/sp a (Lcom/android/tools/r8/internal/Jr0;)V 1 <appendix> argL0 ; # com/android/tools/r8/internal/sp$$Lambda+0x00000189cf305400
instanceKlass  @bci com/android/tools/r8/internal/sp a (Lcom/android/tools/r8/internal/Up;Lcom/android/tools/r8/internal/xf;)I 6 <appendix> argL0 ; # com/android/tools/r8/internal/sp$$Lambda+0x00000189cf305c68
instanceKlass  @bci com/android/tools/r8/internal/pr a (Lcom/android/tools/r8/internal/Jr0;)V 1 <appendix> argL0 ; # com/android/tools/r8/internal/pr$$Lambda+0x00000189cf305a28
instanceKlass  @bci com/android/tools/r8/internal/dp b (Lcom/android/tools/r8/internal/Jr0;)V 11 <appendix> member <vmtarget> ; # com/android/tools/r8/internal/dp$$Lambda+0x00000189cf305800
instanceKlass  @bci com/android/tools/r8/internal/dp b (Lcom/android/tools/r8/internal/Jr0;)V 2 <appendix> argL0 ; # com/android/tools/r8/internal/dp$$Lambda+0x00000189cf307d10
instanceKlass com/android/tools/r8/internal/tI
instanceKlass  @bci com/android/tools/r8/internal/dp a (Lcom/android/tools/r8/internal/Up;Lcom/android/tools/r8/internal/xf;)I 8 <appendix> member <vmtarget> ; # com/android/tools/r8/internal/dp$$Lambda+0x00000189cf306e30
instanceKlass  @bci com/android/tools/r8/internal/US a (IZ)I 22 <appendix> member <vmtarget> ; # com/android/tools/r8/internal/US$$Lambda+0x00000189cf306b90
instanceKlass com/android/tools/r8/internal/QB
instanceKlass  @bci com/android/tools/r8/internal/US a (Ljava/util/List;Lcom/android/tools/r8/internal/qK;)V 36 <appendix> member <vmtarget> ; # com/android/tools/r8/internal/US$$Lambda+0x00000189cf306700
instanceKlass  @bci com/android/tools/r8/internal/US c (Lcom/android/tools/r8/internal/ME;)Z 32 <appendix> member <vmtarget> ; # com/android/tools/r8/internal/US$$Lambda+0x00000189cf306478
instanceKlass  @bci java/util/stream/MatchOps makeRef (Ljava/util/function/Predicate;Ljava/util/stream/MatchOps$MatchKind;)Ljava/util/stream/TerminalOp; 20 <appendix> member <vmtarget> ; # java/util/stream/MatchOps$$Lambda+0x00000189cf0d7238
instanceKlass java/util/stream/MatchOps$BooleanTerminalSink
# instanceKlass com/android/tools/r8/internal/qo0$$Lambda+0x00000189cf306240
instanceKlass  @bci com/android/tools/r8/internal/po0 b (ILcom/android/tools/r8/internal/tU;Lcom/android/tools/r8/internal/tU;)V 32 <appendix> argL0 ; # com/android/tools/r8/internal/po0$$Lambda+0x00000189cf306000
instanceKlass java/util/stream/MatchOps$MatchOp
instanceKlass java/util/stream/MatchOps
instanceKlass  @bci com/android/tools/r8/internal/lx b (Lcom/android/tools/r8/internal/sB;Lcom/android/tools/r8/internal/f00;)Z 73 <appendix> argL0 ; # com/android/tools/r8/internal/lx$$Lambda+0x00000189cf303d70
instanceKlass  @bci com/android/tools/r8/internal/qo0 a (Ljava/util/ArrayList;)Ljava/util/LinkedHashMap; 276 <appendix> member <vmtarget> ; # com/android/tools/r8/internal/qo0$$Lambda+0x00000189cf303b38
instanceKlass  @cpi com/android/tools/r8/internal/qo0 255 form vmentry <vmtarget> ; # java/lang/invoke/LambdaForm$DMH+0x00000189cf304c00
instanceKlass  @bci com/android/tools/r8/internal/zx0 a ()Lcom/android/tools/r8/ir/optimize/a; 10 <appendix> member <vmtarget> ; # com/android/tools/r8/internal/zx0$$Lambda+0x00000189cf3036d0
instanceKlass  @bci com/android/tools/r8/internal/sB a (Lcom/android/tools/r8/internal/nB;Lcom/android/tools/r8/ir/optimize/a;)Z 169 <appendix> argL0 ; # com/android/tools/r8/internal/sB$$Lambda+0x00000189cf303908
instanceKlass  @bci com/android/tools/r8/internal/sB a (Lcom/android/tools/r8/ir/optimize/a;Ljava/util/function/Consumer;)V 57 <appendix> member <vmtarget> ; # com/android/tools/r8/internal/sB$$Lambda+0x00000189cf303480
instanceKlass  @bci com/android/tools/r8/ir/optimize/f0 a (Lcom/android/tools/r8/internal/Y5;Lcom/android/tools/r8/internal/US;Ljava/util/Set;Lcom/android/tools/r8/ir/optimize/X;)V 283 <adapter> ; # java/lang/invoke/LambdaForm$MH+0x00000189cf304800
# instanceKlass java/lang/invoke/LambdaForm$DMH+0x00000189cf304400
instanceKlass  @bci com/android/tools/r8/ir/optimize/f0 a (Lcom/android/tools/r8/internal/Y5;Lcom/android/tools/r8/internal/US;Ljava/util/Set;Lcom/android/tools/r8/ir/optimize/X;)V 283 <appendix> form vmentry <vmtarget> ; # java/lang/invoke/LambdaForm$DMH+0x00000189cf304000
instanceKlass  @bci com/android/tools/r8/ir/optimize/f0 a (Lcom/android/tools/r8/internal/Y5;Lcom/android/tools/r8/internal/US;Ljava/util/Set;Lcom/android/tools/r8/ir/optimize/X;)V 283 <appendix> member <vmtarget> ; # com/android/tools/r8/ir/optimize/f0$$Lambda+0x00000189cf302c28
instanceKlass  @cpi com/android/tools/r8/ir/optimize/f0 247 form vmentry <vmtarget> ; # java/lang/invoke/LambdaForm$DMH+0x00000189cf2fc400
instanceKlass  @bci com/android/tools/r8/graph/l1 a (Lcom/android/tools/r8/internal/Jr0;)V 17 <appendix> argL0 ; # com/android/tools/r8/graph/l1$$Lambda+0x00000189cf3029e8
instanceKlass  @bci com/android/tools/r8/graph/l1 a (Lcom/android/tools/r8/internal/Jr0;)V 9 <appendix> argL0 ; # com/android/tools/r8/graph/l1$$Lambda+0x00000189cf3027a8
instanceKlass  @bci com/android/tools/r8/graph/l1 a (Lcom/android/tools/r8/internal/Jr0;)V 1 <appendix> argL0 ; # com/android/tools/r8/graph/l1$$Lambda+0x00000189cf302568
instanceKlass  @bci com/android/tools/r8/graph/l1 m ()Lcom/android/tools/r8/internal/Hr0; 0 <appendix> argL0 ; # com/android/tools/r8/graph/l1$$Lambda+0x00000189cf302348
instanceKlass  @bci com/android/tools/r8/internal/ip b (Lcom/android/tools/r8/internal/Jr0;)V 17 <appendix> argL0 ; # com/android/tools/r8/internal/ip$$Lambda+0x00000189cf302108
instanceKlass  @bci com/android/tools/r8/internal/ip b (Lcom/android/tools/r8/internal/Jr0;)V 9 <appendix> argL0 ; # com/android/tools/r8/internal/ip$$Lambda+0x00000189cf301ee8
instanceKlass  @bci com/android/tools/r8/internal/ip b (Lcom/android/tools/r8/internal/Jr0;)V 1 <appendix> argL0 ; # com/android/tools/r8/internal/ip$$Lambda+0x00000189cf3012f8
instanceKlass  @bci com/android/tools/r8/internal/ip a (Lcom/android/tools/r8/internal/Up;Lcom/android/tools/r8/internal/xf;)I 6 <appendix> argL0 ; # com/android/tools/r8/internal/ip$$Lambda+0x00000189cf300bf0
instanceKlass  @bci com/android/tools/r8/internal/Zo a (Lcom/android/tools/r8/internal/Jr0;)V 9 <appendix> argL0 ; # com/android/tools/r8/internal/Zo$$Lambda+0x00000189cf3004e8
instanceKlass  @bci com/android/tools/r8/internal/Zo a (Lcom/android/tools/r8/internal/Jr0;)V 1 <appendix> argL0 ; # com/android/tools/r8/internal/Zo$$Lambda+0x00000189cf2fcce8
instanceKlass  @bci com/android/tools/r8/internal/Zo a (Lcom/android/tools/r8/internal/Up;Lcom/android/tools/r8/internal/xf;)I 6 <appendix> argL0 ; # com/android/tools/r8/internal/Zo$$Lambda+0x00000189cf2fd790
instanceKlass  @bci com/android/tools/r8/internal/tU a (Lcom/android/tools/r8/internal/SS;)Lcom/android/tools/r8/internal/uU; 5 <appendix> member <vmtarget> ; # com/android/tools/r8/internal/tU$$Lambda+0x00000189cf2fd508
instanceKlass  @bci com/android/tools/r8/internal/tU a ()Lcom/android/tools/r8/internal/uU; 4 <appendix> argL0 ; # com/android/tools/r8/internal/tU$$Lambda+0x00000189cf2fd288
instanceKlass java/util/ComparableTimSort
instanceKlass  @bci com/android/tools/r8/internal/nb a (Lcom/android/tools/r8/internal/I9;Lcom/android/tools/r8/graph/y;Lcom/android/tools/r8/internal/P8;)Lcom/android/tools/r8/internal/I9; 154 <appendix> member <vmtarget> ; # com/android/tools/r8/internal/nb$$Lambda+0x00000189cf2ffdc8
instanceKlass com/android/tools/r8/internal/N70
instanceKlass  @bci com/android/tools/r8/internal/Hf0 a (Ljava/util/TreeSet;)Lcom/android/tools/r8/internal/Ef0; 31 <appendix> argL0 ; # com/android/tools/r8/internal/Hf0$$Lambda+0x00000189cf2ffb48
instanceKlass  @bci com/android/tools/r8/internal/Hf0 a (Ljava/util/TreeSet;)Lcom/android/tools/r8/internal/Ef0; 4 <appendix> member <vmtarget> ; # com/android/tools/r8/internal/Hf0$$Lambda+0x00000189cf2ff670
instanceKlass com/android/tools/r8/internal/Ff0
instanceKlass  @bci com/android/tools/r8/internal/I9 b (Lcom/android/tools/r8/internal/du0;Lcom/android/tools/r8/internal/I9;Lcom/android/tools/r8/internal/H70;)Lcom/android/tools/r8/internal/I9; 3 <appendix> member <vmtarget> ; # com/android/tools/r8/internal/I9$$Lambda+0x00000189cf2ff438
instanceKlass  @bci com/android/tools/r8/internal/I9 a (Lcom/android/tools/r8/internal/du0;)Lcom/android/tools/r8/internal/I9; 2 <appendix> member <vmtarget> ; # com/android/tools/r8/internal/I9$$Lambda+0x00000189cf2ff200
instanceKlass  @bci com/android/tools/r8/internal/nb a (Lcom/android/tools/r8/internal/I9;Lcom/android/tools/r8/graph/y;Lcom/android/tools/r8/internal/P8;)Lcom/android/tools/r8/internal/I9; 72 <appendix> member <vmtarget> ; # com/android/tools/r8/internal/nb$$Lambda+0x00000189cf2fefd8
instanceKlass  @bci com/android/tools/r8/internal/Pi b (Lcom/android/tools/r8/graph/K5;Lcom/android/tools/r8/internal/ga;)V 58 <appendix> member <vmtarget> ; # com/android/tools/r8/internal/Pi$$Lambda+0x00000189cf2fedb0
instanceKlass  @bci com/android/tools/r8/synthesis/M a (Lcom/android/tools/r8/graph/V;)Lcom/android/tools/r8/graph/j1; 251 <appendix> member <vmtarget> ; # com/android/tools/r8/synthesis/M$$Lambda+0x00000189cf2feb78
instanceKlass  @bci com/android/tools/r8/synthesis/M a (Lcom/android/tools/r8/graph/V;)Lcom/android/tools/r8/graph/j1; 207 <appendix> argL0 ; # com/android/tools/r8/synthesis/M$$Lambda+0x00000189cf2fe948
instanceKlass  @bci com/android/tools/r8/synthesis/M a (Lcom/android/tools/r8/graph/V;)Lcom/android/tools/r8/graph/j1; 162 <appendix> member <vmtarget> ; # com/android/tools/r8/synthesis/M$$Lambda+0x00000189cf2fe710
instanceKlass  @bci com/android/tools/r8/internal/x5 a (Lcom/android/tools/r8/graph/y;Lcom/android/tools/r8/synthesis/M;)V 31 <appendix> member <vmtarget> ; # com/android/tools/r8/internal/x5$$Lambda+0x00000189cf2fe4e8
instanceKlass com/android/tools/r8/synthesis/L
instanceKlass  @bci java/util/function/Consumer andThen (Ljava/util/function/Consumer;)Ljava/util/function/Consumer; 7 <appendix> member <vmtarget> ; # java/util/function/Consumer$$Lambda+0x00000189cf0d62b0
instanceKlass  @cpi java/util/function/Consumer 43 form vmentry <vmtarget> ; # java/lang/invoke/LambdaForm$DMH+0x00000189cf2fc000
instanceKlass  @bci com/android/tools/r8/synthesis/E a (Lcom/android/tools/r8/synthesis/I;Lcom/android/tools/r8/graph/G5;Lcom/android/tools/r8/graph/y;Ljava/util/function/Consumer;Ljava/util/function/Supplier;)Lcom/android/tools/r8/graph/K5; 155 <appendix> argL0 ; # com/android/tools/r8/synthesis/E$$Lambda+0x00000189cf2f8d90
instanceKlass  @bci com/android/tools/r8/synthesis/E b (Lcom/android/tools/r8/synthesis/I;Lcom/android/tools/r8/internal/Of;Lcom/android/tools/r8/graph/y;Ljava/util/function/Consumer;)Lcom/android/tools/r8/graph/K5; 8 <appendix> member <vmtarget> ; # com/android/tools/r8/synthesis/E$$Lambda+0x00000189cf2f8b68
instanceKlass  @bci com/android/tools/r8/internal/x5 a (Lcom/android/tools/r8/graph/y;Lcom/android/tools/r8/internal/Lf;)Lcom/android/tools/r8/graph/K5; 21 <appendix> member <vmtarget> ; # com/android/tools/r8/internal/x5$$Lambda+0x00000189cf2f8930
instanceKlass com/android/tools/r8/synthesis/M
instanceKlass  @bci com/android/tools/r8/ir/optimize/M a (Lcom/android/tools/r8/internal/sB;)V 583 <appendix> member <vmtarget> ; # com/android/tools/r8/ir/optimize/M$$Lambda+0x00000189cf2f84e8
instanceKlass  @bci com/android/tools/r8/ir/optimize/M a (Lcom/android/tools/r8/internal/sB;)V 563 <appendix> argL0 ; # com/android/tools/r8/ir/optimize/M$$Lambda+0x00000189cf2f8250
instanceKlass  @bci com/android/tools/r8/ir/optimize/M a (Lcom/android/tools/r8/internal/sB;)V 553 <appendix> argL0 ; # com/android/tools/r8/ir/optimize/M$$Lambda+0x00000189cf2f8000
instanceKlass  @bci com/android/tools/r8/ir/optimize/M a (Lcom/android/tools/r8/internal/sB;)V 448 <appendix> argL0 ; # com/android/tools/r8/ir/optimize/M$$Lambda+0x00000189cf2d8400
instanceKlass  @bci com/android/tools/r8/internal/x5 a (Lcom/android/tools/r8/graph/y;Lcom/android/tools/r8/internal/Lf;)Lcom/android/tools/r8/graph/K5; 11 <appendix> member <vmtarget> ; # com/android/tools/r8/internal/x5$$Lambda+0x00000189cf2f75e0
instanceKlass com/android/tools/r8/internal/z9
instanceKlass com/android/tools/r8/internal/S10
instanceKlass sun/reflect/generics/reflectiveObjects/LazyReflectiveObjectGenerator
instanceKlass sun/reflect/generics/reflectiveObjects/ParameterizedTypeImpl
instanceKlass java/lang/reflect/ParameterizedType
instanceKlass sun/reflect/generics/visitor/Reifier
instanceKlass sun/reflect/generics/visitor/TypeTreeVisitor
instanceKlass sun/reflect/generics/tree/ClassSignature
instanceKlass sun/reflect/generics/tree/Signature
instanceKlass sun/reflect/generics/tree/ClassTypeSignature
instanceKlass sun/reflect/generics/tree/SimpleClassTypeSignature
instanceKlass sun/reflect/generics/tree/FieldTypeSignature
instanceKlass sun/reflect/generics/tree/BaseType
instanceKlass sun/reflect/generics/tree/TypeSignature
instanceKlass sun/reflect/generics/tree/ReturnType
instanceKlass sun/reflect/generics/tree/TypeArgument
instanceKlass sun/reflect/generics/tree/FormalTypeParameter
instanceKlass sun/reflect/generics/tree/TypeTree
instanceKlass sun/reflect/generics/tree/Tree
instanceKlass sun/reflect/generics/parser/SignatureParser
instanceKlass java/lang/reflect/TypeVariable
instanceKlass sun/reflect/generics/repository/AbstractRepository
instanceKlass sun/reflect/generics/factory/CoreReflectionFactory
instanceKlass sun/reflect/generics/factory/GenericsFactory
instanceKlass sun/reflect/generics/scope/AbstractScope
instanceKlass sun/reflect/generics/scope/Scope
instanceKlass  @bci com/android/tools/r8/graph/u1 e (I)Lcom/android/tools/r8/graph/Q0; 15 <appendix> argL0 ; # com/android/tools/r8/graph/u1$$Lambda+0x00000189cf2f5250
instanceKlass com/android/tools/r8/internal/TZ
instanceKlass com/android/tools/r8/internal/wa
instanceKlass  @bci com/android/tools/r8/internal/US e (Lcom/android/tools/r8/internal/tU;)V 38 <appendix> member <vmtarget> ; # com/android/tools/r8/internal/US$$Lambda+0x00000189cf2ed1d8
instanceKlass com/android/tools/r8/internal/J3
instanceKlass  @bci com/android/tools/r8/internal/lx a (Lcom/android/tools/r8/internal/zx0;)Z 1 <appendix> argL0 ; # com/android/tools/r8/internal/lx$$Lambda+0x00000189cf2e45a8
instanceKlass com/android/tools/r8/internal/IU
instanceKlass com/android/tools/r8/internal/k20
instanceKlass  @bci com/android/tools/r8/internal/Fx0 a (Lcom/android/tools/r8/internal/zx0;Lcom/android/tools/r8/internal/zx0;)V 33 <appendix> argL0 ; # com/android/tools/r8/internal/Fx0$$Lambda+0x00000189cf2e3f78
instanceKlass  @bci com/android/tools/r8/internal/Fx0 a (Lcom/android/tools/r8/internal/zx0;Lcom/android/tools/r8/internal/zx0;)V 6 <appendix> argL0 ; # com/android/tools/r8/internal/Fx0$$Lambda+0x00000189cf2e3d58
instanceKlass  @bci com/android/tools/r8/internal/bz0 b (Ljava/lang/Iterable;)V 2 <appendix> member <vmtarget> ; # com/android/tools/r8/internal/bz0$$Lambda+0x00000189cf2e2c68
instanceKlass  @bci com/android/tools/r8/graph/J0$b a (Lcom/android/tools/r8/internal/Jr0;)V 9 <appendix> argL0 ; # com/android/tools/r8/graph/J0$b$$Lambda+0x00000189cf2e2540
instanceKlass  @bci com/android/tools/r8/graph/J0$b a (Lcom/android/tools/r8/internal/Jr0;)V 1 <appendix> argL0 ; # com/android/tools/r8/graph/J0$b$$Lambda+0x00000189cf2e2320
instanceKlass  @bci com/android/tools/r8/graph/J0$b m ()Lcom/android/tools/r8/internal/Hr0; 0 <appendix> argL0 ; # com/android/tools/r8/graph/J0$b$$Lambda+0x00000189cf2e2100
instanceKlass  @bci com/android/tools/r8/internal/Rn a (Lcom/android/tools/r8/internal/rA;)Ljava/util/ArrayList; 301 <appendix> argL0 ; # com/android/tools/r8/internal/Rn$$Lambda+0x00000189cf2d9bf8
instanceKlass com/android/tools/r8/internal/Qn
instanceKlass  @bci com/android/tools/r8/internal/Y5 o ()Ljava/util/List; 27 <appendix> member <vmtarget> ; # com/android/tools/r8/internal/Y5$$Lambda+0x00000189cf2da4e8
instanceKlass com/android/tools/r8/internal/ye
instanceKlass  @bci com/android/tools/r8/internal/Y8 a (Lcom/android/tools/r8/internal/I9;Lcom/android/tools/r8/graph/y;Lcom/android/tools/r8/internal/P8;)Lcom/android/tools/r8/internal/I9; 27 <appendix> member <vmtarget> ; # com/android/tools/r8/internal/Y8$$Lambda+0x00000189cf2dd308
instanceKlass  @bci com/android/tools/r8/internal/Y5 i ()Lcom/android/tools/r8/internal/O8; 27 <appendix> member <vmtarget> ; # com/android/tools/r8/internal/Y5$$Lambda+0x00000189cf2dcbd8
instanceKlass com/android/tools/r8/internal/V8
instanceKlass com/android/tools/r8/internal/Ca
instanceKlass  @bci com/android/tools/r8/internal/S9 a (Lcom/android/tools/r8/internal/I9;Lcom/android/tools/r8/graph/y;Lcom/android/tools/r8/internal/P8;)Lcom/android/tools/r8/internal/I9; 10 <appendix> argL0 ; # com/android/tools/r8/internal/S9$$Lambda+0x00000189cf2d6bd0
instanceKlass com/android/tools/r8/internal/q9
instanceKlass  @cpi com/android/tools/r8/internal/Y5 889 form vmentry <vmtarget> ; # java/lang/invoke/LambdaForm$DMH+0x00000189cf2d8000
instanceKlass  @bci com/android/tools/r8/internal/nB a (Lcom/android/tools/r8/internal/q70;Lcom/android/tools/r8/internal/ME;)V 294 <appendix> member <vmtarget> ; # com/android/tools/r8/internal/nB$$Lambda+0x00000189cf2d5ca8
instanceKlass  @bci com/android/tools/r8/internal/K9 a (Lcom/android/tools/r8/internal/ma;)V 70 <appendix> member <vmtarget> ; # com/android/tools/r8/internal/K9$$Lambda+0x00000189cf2d5a50
instanceKlass  @bci com/android/tools/r8/graph/u1 d (I)Lcom/android/tools/r8/graph/P0; 15 <appendix> argL0 ; # com/android/tools/r8/graph/u1$$Lambda+0x00000189cf2d5810
instanceKlass  @bci com/android/tools/r8/internal/x10 a (ZLcom/android/tools/r8/internal/D7;Lcom/android/tools/r8/internal/VH;Lcom/android/tools/r8/internal/VH;Lcom/android/tools/r8/internal/w10;Lcom/android/tools/r8/internal/ga;Lcom/android/tools/r8/graph/K5;Lcom/android/tools/r8/internal/Lf;Lcom/android/tools/r8/internal/VH;Lcom/android/tools/r8/graph/G;Lcom/android/tools/r8/internal/VH;Lcom/android/tools/r8/internal/X9;)Ljava/util/Collection; 171 <appendix> member <vmtarget> ; # com/android/tools/r8/internal/x10$$Lambda+0x00000189cf2d5208
instanceKlass com/android/tools/r8/internal/Pn
instanceKlass  @bci com/android/tools/r8/internal/VR a (Lcom/android/tools/r8/internal/ja;Lcom/android/tools/r8/internal/xy;Lcom/android/tools/r8/internal/EU;Lcom/android/tools/r8/internal/E9;Lcom/android/tools/r8/internal/ga;Lcom/android/tools/r8/graph/K5;Lcom/android/tools/r8/internal/Lf;Lcom/android/tools/r8/internal/UR;)Ljava/util/AbstractCollection; 178 <appendix> member <vmtarget> ; # com/android/tools/r8/internal/VR$$Lambda+0x00000189cf2d3f08
instanceKlass  @bci com/android/tools/r8/synthesis/m b (Ljava/util/AbstractCollection;)V 17 <appendix> member <vmtarget> ; # com/android/tools/r8/synthesis/m$$Lambda+0x00000189cf2d3300
instanceKlass  @bci com/android/tools/r8/ir/optimize/u0 a (Lcom/android/tools/r8/graph/y;Lcom/android/tools/r8/internal/sB;)Z 78 <appendix> argL0 ; # com/android/tools/r8/ir/optimize/u0$$Lambda+0x00000189cf2d21f8
instanceKlass  @bci com/android/tools/r8/ir/optimize/f0 a (Lcom/android/tools/r8/internal/sB;Lcom/android/tools/r8/internal/Df0;I)V 591 <appendix> argL0 ; # com/android/tools/r8/ir/optimize/f0$$Lambda+0x00000189cf2d1fb8
instanceKlass com/android/tools/r8/internal/qU
instanceKlass com/android/tools/r8/internal/XR
instanceKlass  @bci com/android/tools/r8/internal/zE a (Lcom/android/tools/r8/graph/y;Lcom/android/tools/r8/graph/K5;Lcom/android/tools/r8/internal/L1;Lcom/android/tools/r8/internal/LE;)Z 24 <appendix> argL0 ; # com/android/tools/r8/internal/zE$$Lambda+0x00000189cf2d0aa0
instanceKlass com/android/tools/r8/internal/ri
# instanceKlass com/android/tools/r8/internal/Hf0$$Lambda+0x00000189cf2d0238
instanceKlass  @bci com/android/tools/r8/synthesis/m a (Ljava/util/AbstractCollection;)Lcom/android/tools/r8/synthesis/m; 18 <appendix> member <vmtarget> ; # com/android/tools/r8/synthesis/m$$Lambda+0x00000189cf2d0000
instanceKlass  @bci com/android/tools/r8/internal/Hf0 a (Ljava/util/ArrayDeque;Ljava/util/TreeSet;)V 4 <appendix> member <vmtarget> ; # com/android/tools/r8/internal/Hf0$$Lambda+0x00000189cf2c9c00
# instanceKlass com/android/tools/r8/internal/ZH$$Lambda+0x00000189cf2c99d0
instanceKlass  @bci com/android/tools/r8/internal/ZH a ()Ljava/util/function/IntConsumer; 0 <appendix> argL0 ; # com/android/tools/r8/internal/ZH$$Lambda+0x00000189cf2cbc00
instanceKlass  @cpi com/android/tools/r8/internal/ZH 14 form vmentry <vmtarget> ; # java/lang/invoke/LambdaForm$DMH+0x00000189cf2c8800
instanceKlass com/android/tools/r8/internal/ZH
instanceKlass  @bci com/android/tools/r8/internal/tU a (Ljava/util/List;)Z 32 <appendix> argL0 ; # com/android/tools/r8/internal/tU$$Lambda+0x00000189cf2caf28
instanceKlass com/android/tools/r8/internal/OR
instanceKlass com/android/tools/r8/internal/PR
instanceKlass  @bci com/android/tools/r8/internal/Eb a (Ljava/util/function/BiFunction;Lcom/android/tools/r8/internal/X9;Lcom/android/tools/r8/internal/I9;)Lcom/android/tools/r8/internal/Wt0; 11 <appendix> member <vmtarget> ; # com/android/tools/r8/internal/Eb$$Lambda+0x00000189cf2ca250
instanceKlass com/android/tools/r8/internal/Xt0
instanceKlass  @bci com/android/tools/r8/internal/qK a (Lcom/android/tools/r8/internal/K70;)Z 54 <appendix> argL0 ; # com/android/tools/r8/internal/qK$$Lambda+0x00000189cf2ca000
instanceKlass  @bci com/android/tools/r8/internal/US a (Lcom/android/tools/r8/internal/qK;)Z 54 <appendix> argL0 ; # com/android/tools/r8/internal/US$$Lambda+0x00000189cf2cfb68
instanceKlass  @bci com/android/tools/r8/internal/Jr0 i (Ljava/util/function/Function;)Lcom/android/tools/r8/internal/Jr0; 7 <appendix> argL0 ; # com/android/tools/r8/internal/Jr0$$Lambda+0x00000189cf2cf948
instanceKlass  @bci com/android/tools/r8/internal/Jr0 i (Ljava/util/function/Function;)Lcom/android/tools/r8/internal/Jr0; 2 <appendix> argL0 ; # com/android/tools/r8/internal/Jr0$$Lambda+0x00000189cf2cf728
instanceKlass  @bci java/util/function/Function andThen (Ljava/util/function/Function;)Ljava/util/function/Function; 7 <appendix> member <vmtarget> ; # java/util/function/Function$$Lambda+0x00000189cf0d0db0
instanceKlass  @cpi java/util/function/Function 58 form vmentry <vmtarget> ; # java/lang/invoke/LambdaForm$DMH+0x00000189cf2c8400
instanceKlass  @bci com/android/tools/r8/internal/Jr0 f (Ljava/util/function/Function;)Lcom/android/tools/r8/internal/Jr0; 2 <appendix> argL0 ; # com/android/tools/r8/internal/Jr0$$Lambda+0x00000189cf2cf4e8
instanceKlass  @bci com/android/tools/r8/graph/O2 a (Lcom/android/tools/r8/internal/Jr0;)V 1 <appendix> argL0 ; # com/android/tools/r8/graph/O2$$Lambda+0x00000189cf2cf2a8
instanceKlass  @bci com/android/tools/r8/graph/O2 m ()Lcom/android/tools/r8/internal/Hr0; 0 <appendix> argL0 ; # com/android/tools/r8/graph/O2$$Lambda+0x00000189cf2cf088
instanceKlass  @bci com/android/tools/r8/graph/I2 a (Lcom/android/tools/r8/internal/Jr0;)V 9 <appendix> argL0 ; # com/android/tools/r8/graph/I2$$Lambda+0x00000189cf2cee48
instanceKlass  @bci com/android/tools/r8/graph/I2 a (Lcom/android/tools/r8/internal/Jr0;)V 1 <appendix> argL0 ; # com/android/tools/r8/graph/I2$$Lambda+0x00000189cf2cec08
instanceKlass  @bci com/android/tools/r8/graph/I2 m ()Lcom/android/tools/r8/internal/Hr0; 0 <appendix> argL0 ; # com/android/tools/r8/graph/I2$$Lambda+0x00000189cf2ce9e8
instanceKlass  @bci com/android/tools/r8/graph/B2 a (Lcom/android/tools/r8/internal/Jr0;)V 17 <appendix> argL0 ; # com/android/tools/r8/graph/B2$$Lambda+0x00000189cf2ce7a8
instanceKlass  @bci com/android/tools/r8/graph/B2 a (Lcom/android/tools/r8/internal/Jr0;)V 9 <appendix> argL0 ; # com/android/tools/r8/graph/B2$$Lambda+0x00000189cf2ce568
instanceKlass  @bci com/android/tools/r8/internal/Jr0 e (Ljava/util/function/Function;)Lcom/android/tools/r8/internal/Jr0; 2 <appendix> argL0 ; # com/android/tools/r8/internal/Jr0$$Lambda+0x00000189cf2ce318
instanceKlass  @bci com/android/tools/r8/internal/Gf0 a (Ljava/util/TreeSet;)Lcom/android/tools/r8/internal/dG; 36 <appendix> member <vmtarget> ; # com/android/tools/r8/internal/Gf0$$Lambda+0x00000189cf2ce0e0
instanceKlass  @bci com/android/tools/r8/graph/B2 a (Lcom/android/tools/r8/internal/Jr0;)V 1 <appendix> argL0 ; # com/android/tools/r8/graph/B2$$Lambda+0x00000189cf2cdea0
instanceKlass com/android/tools/r8/internal/m
instanceKlass  @bci com/android/tools/r8/graph/B2 m ()Lcom/android/tools/r8/internal/Hr0; 0 <appendix> argL0 ; # com/android/tools/r8/graph/B2$$Lambda+0x00000189cf2cda78
instanceKlass  @bci com/android/tools/r8/internal/G1 c (Lcom/android/tools/r8/graph/M2;)Lcom/android/tools/r8/internal/un0; 5 <appendix> argL0 ; # com/android/tools/r8/internal/G1$$Lambda+0x00000189cf2cd3a8
instanceKlass  @bci com/android/tools/r8/internal/Gj a (Lcom/android/tools/r8/internal/Gr0;Lcom/android/tools/r8/internal/AA;Lcom/android/tools/r8/internal/Fr0;)V 1 <appendix> argL0 ; # com/android/tools/r8/internal/Gj$$Lambda+0x00000189cf2ccc90
instanceKlass com/android/tools/r8/internal/Gf0
instanceKlass com/android/tools/r8/internal/Gj
instanceKlass  @bci com/android/tools/r8/internal/Hf0 b ()V 135 <appendix> member <vmtarget> ; # com/android/tools/r8/internal/Hf0$$Lambda+0x00000189cf2c35f0
instanceKlass  @bci com/android/tools/r8/internal/Hf0 b ()V 89 <appendix> member <vmtarget> ; # com/android/tools/r8/internal/Hf0$$Lambda+0x00000189cf2c33b8
instanceKlass  @bci com/android/tools/r8/internal/po0 c (ILcom/android/tools/r8/internal/tU;Lcom/android/tools/r8/internal/tU;)V 182 <appendix> argL0 ; # com/android/tools/r8/internal/po0$$Lambda+0x00000189cf2c7d90
instanceKlass  @cpi com/android/tools/r8/internal/Hf0 225 form vmentry <vmtarget> ; # java/lang/invoke/LambdaForm$DMH+0x00000189cf2c8000
instanceKlass  @bci com/android/tools/r8/internal/Gr0 a (Lcom/android/tools/r8/internal/AA;)V 7 <appendix> argL0 ; # com/android/tools/r8/internal/Gr0$$Lambda+0x00000189cf2c7b70
instanceKlass com/android/tools/r8/internal/F7
instanceKlass com/android/tools/r8/internal/F
instanceKlass  @bci com/android/tools/r8/internal/I9 h ()Lcom/android/tools/r8/internal/I9; 1 <appendix> argL0 ; # com/android/tools/r8/internal/I9$$Lambda+0x00000189cf2bfd88
instanceKlass com/android/tools/r8/internal/YU
instanceKlass com/android/tools/r8/internal/E
instanceKlass com/android/tools/r8/internal/F2
instanceKlass  @bci com/android/tools/r8/internal/Y5 a (Lcom/android/tools/r8/internal/ME;)Ljava/lang/Iterable; 2 <appendix> member <vmtarget> ; # com/android/tools/r8/internal/Y5$$Lambda+0x00000189cf2be938
instanceKlass com/android/tools/r8/internal/lB
instanceKlass com/android/tools/r8/internal/gW
instanceKlass java/util/logging/Logger$SystemLoggerHelper$1
instanceKlass java/util/logging/Logger$SystemLoggerHelper
instanceKlass java/util/logging/LogManager$4
instanceKlass com/android/tools/r8/internal/BA
instanceKlass  @bci com/android/tools/r8/ir/optimize/z a (Lcom/android/tools/r8/internal/ME;)Z 429 <appendix> argL0 ; # com/android/tools/r8/ir/optimize/z$$Lambda+0x00000189cf2be0c8
instanceKlass com/android/tools/r8/internal/CA
instanceKlass com/android/tools/r8/internal/zA
instanceKlass jdk/internal/logger/BootstrapLogger$BootstrapExecutors
instanceKlass  @bci com/android/tools/r8/synthesis/E a (Lcom/android/tools/r8/synthesis/I;Lcom/android/tools/r8/internal/Of;Lcom/android/tools/r8/graph/y;Ljava/util/function/Consumer;)Lcom/android/tools/r8/graph/H2; 31 <appendix> member <vmtarget> ; # com/android/tools/r8/synthesis/E$$Lambda+0x00000189cf2bda20
instanceKlass java/io/FilePermission$1
instanceKlass jdk/internal/access/JavaIOFilePermissionAccess
instanceKlass  @bci com/android/tools/r8/internal/VR a (Lcom/android/tools/r8/internal/ja;Lcom/android/tools/r8/graph/K5;Lcom/android/tools/r8/internal/Lf;Lcom/android/tools/r8/internal/UR;Z)Lcom/android/tools/r8/internal/PR; 70 <adapter> ; # java/lang/invoke/LambdaForm$MH+0x00000189cf2c1c00
# instanceKlass java/lang/invoke/LambdaForm$DMH+0x00000189cf2c1800
instanceKlass  @bci com/android/tools/r8/internal/VR a (Lcom/android/tools/r8/internal/ja;Lcom/android/tools/r8/graph/K5;Lcom/android/tools/r8/internal/Lf;Lcom/android/tools/r8/internal/UR;Z)Lcom/android/tools/r8/internal/PR; 70 <appendix> form vmentry <vmtarget> ; # java/lang/invoke/LambdaForm$DMH+0x00000189cf2c1400
instanceKlass jdk/internal/logger/LoggerFinderLoader
instanceKlass  @bci com/android/tools/r8/internal/VR a (Lcom/android/tools/r8/internal/ja;Lcom/android/tools/r8/graph/K5;Lcom/android/tools/r8/internal/Lf;Lcom/android/tools/r8/internal/UR;Z)Lcom/android/tools/r8/internal/PR; 70 <appendix> member <vmtarget> ; # com/android/tools/r8/internal/VR$$Lambda+0x00000189cf2bd7e8
instanceKlass  @bci java/lang/System$LoggerFinder accessProvider ()Ljava/lang/System$LoggerFinder; 8 <appendix> argL0 ; # java/lang/System$LoggerFinder$$Lambda+0x00000189cf0d0000
instanceKlass  @cpi com/android/tools/r8/internal/VR 351 form vmentry <vmtarget> ; # java/lang/invoke/LambdaForm$DMH+0x00000189cf2c1000
instanceKlass java/util/stream/Streams
instanceKlass java/util/stream/Stream$Builder
instanceKlass java/util/stream/Streams$AbstractStreamBuilderImpl
instanceKlass  @bci java/util/stream/FindOps$FindSink$OfRef <clinit> ()V 43 <appendix> argL0 ; # java/util/stream/FindOps$FindSink$OfRef$$Lambda+0x800000047
instanceKlass  @bci java/util/stream/FindOps$FindSink$OfRef <clinit> ()V 38 <appendix> argL0 ; # java/util/stream/FindOps$FindSink$OfRef$$Lambda+0x800000049
instanceKlass  @bci com/android/tools/r8/internal/VR a (Lcom/android/tools/r8/internal/ja;Lcom/android/tools/r8/graph/K5;Lcom/android/tools/r8/internal/Lf;Lcom/android/tools/r8/internal/UR;Z)Lcom/android/tools/r8/internal/PR; 49 <appendix> argL0 ; # com/android/tools/r8/internal/VR$$Lambda+0x00000189cf2bd5c8
instanceKlass  @bci java/util/stream/FindOps$FindSink$OfRef <clinit> ()V 16 <appendix> argL0 ; # java/util/stream/FindOps$FindSink$OfRef$$Lambda+0x800000048
instanceKlass  @bci java/util/stream/FindOps$FindSink$OfRef <clinit> ()V 11 <appendix> argL0 ; # java/util/stream/FindOps$FindSink$OfRef$$Lambda+0x80000004a
instanceKlass java/util/stream/FindOps$FindOp
instanceKlass java/util/stream/FindOps$FindSink
instanceKlass java/util/stream/FindOps
instanceKlass  @bci com/android/tools/r8/internal/VR a (Lcom/android/tools/r8/internal/X9;Lcom/android/tools/r8/internal/q70;Lcom/android/tools/r8/internal/xy;Lcom/android/tools/r8/internal/EU;Lcom/android/tools/r8/internal/E9;Lcom/android/tools/r8/internal/ga;Lcom/android/tools/r8/graph/K5;Lcom/android/tools/r8/internal/Lf;Lcom/android/tools/r8/internal/Z9;Lcom/android/tools/r8/graph/u1;)Ljava/util/Collection; 16 <appendix> member <vmtarget> ; # com/android/tools/r8/internal/VR$$Lambda+0x00000189cf2bd3a0
instanceKlass  @bci java/util/logging/Level$KnownLevel findByName (Ljava/lang/String;Ljava/util/function/Function;)Ljava/util/Optional; 29 <appendix> argL0 ; # java/util/logging/Level$KnownLevel$$Lambda+0x800000022
instanceKlass  @bci java/util/logging/Level findLevel (Ljava/lang/String;)Ljava/util/logging/Level; 13 <appendix> argL0 ; # java/util/logging/Level$$Lambda+0x800000010
instanceKlass com/android/tools/r8/internal/UR
instanceKlass java/util/Hashtable$Enumerator
instanceKlass  @bci com/android/tools/r8/internal/x10 a (ZLcom/android/tools/r8/internal/D7;Lcom/android/tools/r8/internal/VH;Lcom/android/tools/r8/internal/VH;Lcom/android/tools/r8/internal/w10;Lcom/android/tools/r8/internal/ga;Lcom/android/tools/r8/graph/K5;Lcom/android/tools/r8/internal/Lf;Lcom/android/tools/r8/internal/VH;Lcom/android/tools/r8/graph/G;Lcom/android/tools/r8/internal/VH;Lcom/android/tools/r8/internal/X9;)Ljava/util/Collection; 61 <appendix> member <vmtarget> ; # com/android/tools/r8/internal/x10$$Lambda+0x00000189cf2bcf78
instanceKlass java/util/Collections$3
instanceKlass  @bci com/android/tools/r8/internal/x10 a (ZLcom/android/tools/r8/internal/D7;Lcom/android/tools/r8/internal/VH;Lcom/android/tools/r8/internal/VH;Lcom/android/tools/r8/internal/w10;Lcom/android/tools/r8/internal/ga;Lcom/android/tools/r8/graph/K5;Lcom/android/tools/r8/internal/Lf;Lcom/android/tools/r8/internal/VH;Lcom/android/tools/r8/graph/G;Lcom/android/tools/r8/internal/VH;Lcom/android/tools/r8/internal/X9;)Ljava/util/Collection; 51 <appendix> member <vmtarget> ; # com/android/tools/r8/internal/x10$$Lambda+0x00000189cf2bcd50
instanceKlass java/util/logging/LogManager$LoggerContext$1
instanceKlass java/util/logging/LogManager$VisitedLoggers
instanceKlass  @cpi com/android/tools/r8/internal/XR 402 form vmentry <vmtarget> ; # java/lang/invoke/LambdaForm$DMH+0x00000189cf2c0c00
instanceKlass  @bci com/android/tools/r8/internal/x10 a (Lcom/android/tools/r8/graph/K5;Lcom/android/tools/r8/internal/ga;Lcom/android/tools/r8/internal/Lf;)V 335 <adapter> ; # java/lang/invoke/LambdaForm$MH+0x00000189cf2c0800
# instanceKlass java/lang/invoke/LambdaForm$DMH+0x00000189cf2c0400
instanceKlass  @bci com/android/tools/r8/internal/x10 a (Lcom/android/tools/r8/graph/K5;Lcom/android/tools/r8/internal/ga;Lcom/android/tools/r8/internal/Lf;)V 335 <appendix> form vmentry <vmtarget> ; # java/lang/invoke/LambdaForm$DMH+0x00000189cf2c0000
instanceKlass  @bci com/android/tools/r8/internal/x10 a (Lcom/android/tools/r8/graph/K5;Lcom/android/tools/r8/internal/ga;Lcom/android/tools/r8/internal/Lf;)V 335 <appendix> member <vmtarget> ; # com/android/tools/r8/internal/x10$$Lambda+0x00000189cf2bcb08
instanceKlass java/util/logging/LogManager$2
instanceKlass sun/security/util/FilePermCompat
instanceKlass  @cpi com/android/tools/r8/internal/x10 817 form vmentry <vmtarget> ; # java/lang/invoke/LambdaForm$DMH+0x00000189cf2ac400
instanceKlass java/util/logging/LogManager$LoggingProviderAccess
instanceKlass com/android/tools/r8/internal/r80
instanceKlass java/lang/Shutdown$Lock
instanceKlass java/lang/Shutdown
instanceKlass java/lang/ApplicationShutdownHooks$1
instanceKlass java/lang/ApplicationShutdownHooks
instanceKlass java/util/logging/LogManager$LogNode
instanceKlass java/util/logging/LogManager$LoggerContext
instanceKlass java/util/logging/LogManager$1
instanceKlass java/util/logging/LogManager
instanceKlass java/util/logging/Logger$ConfigurationData
instanceKlass java/util/logging/Logger$LoggerBundle
instanceKlass  @bci java/util/logging/Level$KnownLevel add (Ljava/util/logging/Level;)V 49 <appendix> argL0 ; # java/util/logging/Level$KnownLevel$$Lambda+0x800000021
instanceKlass  @bci java/util/logging/Level$KnownLevel add (Ljava/util/logging/Level;)V 19 <appendix> argL0 ; # java/util/logging/Level$KnownLevel$$Lambda+0x800000020
instanceKlass  @bci com/android/tools/r8/internal/I9 b (Ljava/util/function/BiFunction;)Lcom/android/tools/r8/internal/I9; 2 <appendix> member <vmtarget> ; # com/android/tools/r8/internal/I9$$Lambda+0x00000189cf2bc6c8
instanceKlass java/util/logging/Level
instanceKlass java/util/logging/Handler
instanceKlass java/util/logging/Logger
instanceKlass com/android/tools/r8/internal/b70
instanceKlass com/android/tools/r8/internal/w10
instanceKlass  @bci com/android/tools/r8/internal/Bb a (Lcom/android/tools/r8/internal/I9;Lcom/android/tools/r8/graph/y;Lcom/android/tools/r8/internal/P8;)Lcom/android/tools/r8/internal/I9; 13 <appendix> member <vmtarget> ; # com/android/tools/r8/internal/Bb$$Lambda+0x00000189cf2bb3e0
instanceKlass  @bci com/android/tools/r8/internal/Z3 c (Lcom/android/tools/r8/internal/e20;)Lcom/android/tools/r8/internal/Z3; 19 <appendix> member <vmtarget> ; # com/android/tools/r8/internal/Z3$$Lambda+0x00000189cf2bb1a8
instanceKlass  @bci com/android/tools/r8/internal/ME d1 ()Z 1 <appendix> argL0 ; # com/android/tools/r8/internal/ME$$Lambda+0x00000189cf2baa28
instanceKlass com/android/tools/r8/internal/H20
instanceKlass com/android/tools/r8/internal/xv0
instanceKlass  @bci com/android/tools/r8/internal/Bb a (Lcom/android/tools/r8/internal/I9;Lcom/android/tools/r8/graph/y;Lcom/android/tools/r8/internal/P8;)Lcom/android/tools/r8/internal/I9; 60 <appendix> member <vmtarget> ; # com/android/tools/r8/internal/Bb$$Lambda+0x00000189cf2b9eb0
instanceKlass com/android/tools/r8/internal/Ab
instanceKlass  @bci com/android/tools/r8/internal/sg g ()Lcom/android/tools/r8/internal/I9; 1 <appendix> argL0 ; # com/android/tools/r8/internal/sg$$Lambda+0x00000189cf2b7998
instanceKlass com/android/tools/r8/internal/cb
instanceKlass com/android/tools/r8/references/ArrayReference
instanceKlass com/android/tools/r8/internal/Gn
instanceKlass com/android/tools/r8/graph/i1
instanceKlass com/android/tools/r8/internal/zG
instanceKlass com/android/tools/r8/ir/optimize/N
instanceKlass  @bci com/android/tools/r8/graph/u1 b (I)Lcom/android/tools/r8/graph/O0$a; 15 <appendix> argL0 ; # com/android/tools/r8/graph/u1$$Lambda+0x00000189cf2b4578
instanceKlass com/android/tools/r8/ir/optimize/N$b
instanceKlass com/android/tools/r8/graph/Z0
instanceKlass com/android/tools/r8/graph/c3
instanceKlass  @bci com/android/tools/r8/graph/u1 a (I)Lcom/android/tools/r8/graph/N0; 15 <appendix> argL0 ; # com/android/tools/r8/graph/u1$$Lambda+0x00000189cf2b1340
instanceKlass com/android/tools/r8/internal/T5
instanceKlass com/android/tools/r8/internal/hH
instanceKlass  @bci com/android/tools/r8/ir/optimize/f0 a (Lcom/android/tools/r8/internal/sB;Lcom/android/tools/r8/internal/Df0;I)V 513 <appendix> argL0 ; # com/android/tools/r8/ir/optimize/f0$$Lambda+0x00000189cf2af630
instanceKlass com/android/tools/r8/graph/U0
instanceKlass com/android/tools/r8/internal/E20
instanceKlass  @bci com/android/tools/r8/internal/qK a (Lcom/android/tools/r8/internal/US;)Z 7 <appendix> member <vmtarget> ; # com/android/tools/r8/internal/qK$$Lambda+0x00000189cf2ab758
instanceKlass com/android/tools/r8/internal/jo
instanceKlass  @bci com/android/tools/r8/internal/Hf0 a (Ljava/util/ArrayDeque;)V 6 <appendix> member <vmtarget> ; # com/android/tools/r8/internal/Hf0$$Lambda+0x00000189cf2ab2f8
instanceKlass com/android/tools/r8/internal/Ef0
instanceKlass com/android/tools/r8/internal/x8
instanceKlass com/android/tools/r8/internal/Fn
instanceKlass com/android/tools/r8/internal/u8
instanceKlass com/android/tools/r8/internal/pB
instanceKlass com/android/tools/r8/internal/Hf0
instanceKlass  @bci com/android/tools/r8/internal/po0 a (Ljava/util/Set;Ljava/util/Set;Ljava/util/Set;)V 5 <appendix> member <vmtarget> ; # com/android/tools/r8/internal/po0$$Lambda+0x00000189cf2a1c50
instanceKlass  @cpi com/android/tools/r8/internal/po0 271 form vmentry <vmtarget> ; # java/lang/invoke/LambdaForm$DMH+0x00000189cf2ac000
instanceKlass com/android/tools/r8/internal/oo0
instanceKlass  @bci com/android/tools/r8/internal/po0 a (ILcom/android/tools/r8/internal/tU;Lcom/android/tools/r8/internal/tU;)V 32 <appendix> argL0 ; # com/android/tools/r8/internal/po0$$Lambda+0x00000189cf2a1800
instanceKlass  @bci com/android/tools/r8/internal/TY a (Lcom/android/tools/r8/internal/Y5;)Z 17 <appendix> argL0 ; # com/android/tools/r8/internal/TY$$Lambda+0x00000189cf2a36c0
# instanceKlass com/android/tools/r8/internal/US$$Lambda+0x00000189cf2a2ac8
# instanceKlass com/android/tools/r8/internal/US$$Lambda+0x00000189cf2a28a0
# instanceKlass com/android/tools/r8/internal/US$$Lambda+0x00000189cf2a2678
# instanceKlass com/android/tools/r8/internal/US$$Lambda+0x00000189cf2a2450
instanceKlass  @bci com/android/tools/r8/internal/US a (Lcom/android/tools/r8/internal/tU;IZLcom/android/tools/r8/internal/Kf0;Lcom/android/tools/r8/internal/If0;)I 100 <appendix> member <vmtarget> ; # com/android/tools/r8/internal/US$$Lambda+0x00000189cf2a2228
# instanceKlass com/android/tools/r8/internal/US$$Lambda+0x00000189cf2a2000
instanceKlass com/android/tools/r8/internal/Rn
# instanceKlass com/android/tools/r8/internal/US$$Lambda+0x00000189cf2a7a68
# instanceKlass com/android/tools/r8/internal/US$$Lambda+0x00000189cf2a7810
# instanceKlass com/android/tools/r8/internal/US$$Lambda+0x00000189cf2a75b8
# instanceKlass com/android/tools/r8/internal/US$$Lambda+0x00000189cf2a7360
# instanceKlass com/android/tools/r8/internal/US$$Lambda+0x00000189cf2a6eb0
instanceKlass  @bci com/android/tools/r8/internal/US a (Lcom/android/tools/r8/internal/tU;IZLcom/android/tools/r8/internal/Kf0;Lcom/android/tools/r8/internal/If0;)I 93 <appendix> member <vmtarget> ; # com/android/tools/r8/internal/US$$Lambda+0x00000189cf2a7108
# instanceKlass com/android/tools/r8/internal/US$$Lambda+0x00000189cf2a6c88
# instanceKlass com/android/tools/r8/internal/US$$Lambda+0x00000189cf2a6a60
# instanceKlass com/android/tools/r8/internal/US$$Lambda+0x00000189cf2a6838
# instanceKlass com/android/tools/r8/internal/US$$Lambda+0x00000189cf2a6610
instanceKlass  @bci com/android/tools/r8/internal/US a (Lcom/android/tools/r8/internal/tU;IZLcom/android/tools/r8/internal/Kf0;Lcom/android/tools/r8/internal/If0;)I 72 <appendix> member <vmtarget> ; # com/android/tools/r8/internal/US$$Lambda+0x00000189cf2a63e8
instanceKlass  @bci com/android/tools/r8/internal/US a (Lcom/android/tools/r8/internal/tU;)V 150 <appendix> member <vmtarget> ; # com/android/tools/r8/internal/US$$Lambda+0x00000189cf2a6160
# instanceKlass com/android/tools/r8/internal/US$$Lambda+0x00000189cf2a5f08
# instanceKlass com/android/tools/r8/internal/US$$Lambda+0x00000189cf2a5cb0
# instanceKlass com/android/tools/r8/internal/US$$Lambda+0x00000189cf2a5a58
# instanceKlass com/android/tools/r8/internal/US$$Lambda+0x00000189cf2a5800
instanceKlass  @bci com/android/tools/r8/internal/US a (Lcom/android/tools/r8/internal/tU;IZLcom/android/tools/r8/internal/Kf0;Lcom/android/tools/r8/internal/If0;)I 65 <appendix> member <vmtarget> ; # com/android/tools/r8/internal/US$$Lambda+0x00000189cf2a55a8
# instanceKlass com/android/tools/r8/internal/US$$Lambda+0x00000189cf2a5380
# instanceKlass com/android/tools/r8/internal/US$$Lambda+0x00000189cf2a5158
# instanceKlass com/android/tools/r8/ir/optimize/b0$$Lambda+0x00000189cf2a4f00
instanceKlass  @bci com/android/tools/r8/ir/optimize/b0 a (Lcom/android/tools/r8/internal/ME;)Z 246 <appendix> member <vmtarget> ; # com/android/tools/r8/ir/optimize/b0$$Lambda+0x00000189cf2a4ca8
# instanceKlass com/android/tools/r8/internal/US$$Lambda+0x00000189cf2a4a80
# instanceKlass com/android/tools/r8/internal/US$$Lambda+0x00000189cf2a4858
instanceKlass  @bci com/android/tools/r8/internal/US a (Lcom/android/tools/r8/internal/tU;IZLcom/android/tools/r8/internal/Kf0;Lcom/android/tools/r8/internal/If0;)I 44 <appendix> member <vmtarget> ; # com/android/tools/r8/internal/US$$Lambda+0x00000189cf2a4630
instanceKlass  @cpi com/android/tools/r8/internal/US 1564 form vmentry <vmtarget> ; # java/lang/invoke/LambdaForm$DMH+0x00000189cf2a0400
instanceKlass com/android/tools/r8/internal/nI
instanceKlass  @cpi com/android/tools/r8/ir/optimize/b0 89 form vmentry <vmtarget> ; # java/lang/invoke/LambdaForm$DMH+0x00000189cf2a0000
# instanceKlass com/android/tools/r8/internal/US$$Lambda+0x00000189cf299b58
instanceKlass  @bci com/android/tools/r8/internal/US a (Lcom/android/tools/r8/internal/tU;IZLcom/android/tools/r8/internal/Kf0;Lcom/android/tools/r8/internal/If0;)I 37 <appendix> member <vmtarget> ; # com/android/tools/r8/internal/US$$Lambda+0x00000189cf299900
instanceKlass com/android/tools/r8/ir/optimize/b0
# instanceKlass com/android/tools/r8/internal/US$$Lambda+0x00000189cf2994a0
# instanceKlass com/android/tools/r8/internal/US$$Lambda+0x00000189cf299250
# instanceKlass com/android/tools/r8/internal/US$$Lambda+0x00000189cf299000
# instanceKlass com/android/tools/r8/internal/US$$Lambda+0x00000189cf29bcc0
instanceKlass  @bci com/android/tools/r8/internal/US a (Lcom/android/tools/r8/internal/tU;ILcom/android/tools/r8/internal/Kf0;)Z 526 <appendix> argL0 ; # com/android/tools/r8/internal/US$$Lambda+0x00000189cf29ba70
# instanceKlass com/android/tools/r8/internal/tU$$Lambda+0x00000189cf29b220
# instanceKlass com/android/tools/r8/internal/tU$$Lambda+0x00000189cf29b000
# instanceKlass com/android/tools/r8/internal/tU$$Lambda+0x00000189cf29ade0
# instanceKlass com/android/tools/r8/internal/tU$$Lambda+0x00000189cf29abc0
instanceKlass  @bci com/android/tools/r8/internal/tU l ()V 37 <appendix> argL0 ; # com/android/tools/r8/internal/tU$$Lambda+0x00000189cf29a9a0
instanceKlass com/android/tools/r8/ir/optimize/f0
# instanceKlass com/android/tools/r8/internal/ME$$Lambda+0x00000189cf29f578
instanceKlass  @bci com/android/tools/r8/internal/ME a (Lcom/android/tools/r8/internal/ME;)V 36 <appendix> argL0 ; # com/android/tools/r8/internal/ME$$Lambda+0x00000189cf29f348
instanceKlass  @bci com/android/tools/r8/internal/ME a (Lcom/android/tools/r8/internal/ME;)V 18 <appendix> argL0 ; # com/android/tools/r8/internal/ME$$Lambda+0x00000189cf29f118
instanceKlass  @bci com/android/tools/r8/internal/Y5 b ()V 9 <appendix> argL0 ; # com/android/tools/r8/internal/Y5$$Lambda+0x00000189cf29eee8
instanceKlass  @bci com/android/tools/r8/internal/US f ()V 7 <appendix> argL0 ; # com/android/tools/r8/internal/US$$Lambda+0x00000189cf29ecb8
instanceKlass  @bci com/android/tools/r8/internal/US a (Lcom/android/tools/r8/internal/uC;Ljava/util/ArrayList;Lcom/android/tools/r8/internal/Df0;Ljava/util/IdentityHashMap;)V 574 <appendix> member <vmtarget> ; # com/android/tools/r8/internal/US$$Lambda+0x00000189cf29e600
instanceKlass  @bci com/android/tools/r8/internal/US a (Lcom/android/tools/r8/internal/uC;Ljava/util/ArrayList;Lcom/android/tools/r8/internal/Df0;Ljava/util/IdentityHashMap;)V 546 <appendix> argL0 ; # com/android/tools/r8/internal/US$$Lambda+0x00000189cf29df50
instanceKlass  @bci com/android/tools/r8/internal/tm0 a (Ljava/lang/Iterable;)Ljava/util/Set; 18 <appendix> member <vmtarget> ; # com/android/tools/r8/internal/tm0$$Lambda+0x00000189cf29d848
instanceKlass  @bci com/android/tools/r8/internal/US a (Lcom/android/tools/r8/internal/uC;Ljava/util/ArrayList;Lcom/android/tools/r8/internal/Df0;Ljava/util/IdentityHashMap;)V 271 <appendix> argL0 ; # com/android/tools/r8/internal/US$$Lambda+0x00000189cf29d5b0
# instanceKlass com/android/tools/r8/internal/US$$Lambda+0x00000189cf29cfb8
instanceKlass com/android/tools/r8/internal/TS
instanceKlass  @bci com/android/tools/r8/internal/US a (Lcom/android/tools/r8/internal/uC;Ljava/util/ArrayList;Lcom/android/tools/r8/internal/Df0;Ljava/util/IdentityHashMap;)V 180 <appendix> argL0 ; # com/android/tools/r8/internal/US$$Lambda+0x00000189cf29c4b8
instanceKlass  @bci com/android/tools/r8/internal/TY a ()V 5 <appendix> member <vmtarget> ; # com/android/tools/r8/internal/TY$$Lambda+0x00000189cf29c260
instanceKlass com/android/tools/r8/internal/BZ
instanceKlass com/android/tools/r8/internal/TY
instanceKlass com/android/tools/r8/internal/D0
instanceKlass com/android/tools/r8/internal/qi
# instanceKlass com/android/tools/r8/internal/US$$Lambda+0x00000189cf296cc0
instanceKlass com/android/tools/r8/internal/AZ
# instanceKlass com/android/tools/r8/internal/US$$Lambda+0x00000189cf296678
instanceKlass com/android/tools/r8/internal/ZD
instanceKlass  @bci com/android/tools/r8/internal/US c (ILcom/android/tools/r8/internal/tU;)Lcom/android/tools/r8/internal/Kf0; 161 <appendix> member <vmtarget> ; # com/android/tools/r8/internal/US$$Lambda+0x00000189cf296230
# instanceKlass com/android/tools/r8/internal/po0$$Lambda+0x00000189cf295fd8
instanceKlass  @bci com/android/tools/r8/internal/po0 a (I)I 131 <appendix> member <vmtarget> ; # com/android/tools/r8/internal/po0$$Lambda+0x00000189cf295d80
instanceKlass  @bci com/android/tools/r8/internal/US a (Ljava/util/List;Lcom/android/tools/r8/internal/qK;)V 20 <appendix> argL0 ; # com/android/tools/r8/internal/US$$Lambda+0x00000189cf295718
# instanceKlass com/android/tools/r8/internal/US$$Lambda+0x00000189cf2954c8
instanceKlass  @cpi com/android/tools/r8/internal/US 1894 form vmentry <vmtarget> ; # java/lang/invoke/LambdaForm$DMH+0x00000189cf298000
instanceKlass  @bci com/android/tools/r8/internal/US a (Lcom/android/tools/r8/internal/tU;ILcom/android/tools/r8/internal/Kf0;)Z 94 <appendix> argL0 ; # com/android/tools/r8/internal/US$$Lambda+0x00000189cf295278
instanceKlass com/android/tools/r8/internal/po0
instanceKlass  @bci com/android/tools/r8/internal/US a (Lcom/android/tools/r8/internal/tU;)V 207 <appendix> argL0 ; # com/android/tools/r8/internal/US$$Lambda+0x00000189cf294e38
instanceKlass  @bci com/android/tools/r8/internal/US a (Lcom/android/tools/r8/internal/tU;)V 21 <appendix> member <vmtarget> ; # com/android/tools/r8/internal/US$$Lambda+0x00000189cf2947e8
# instanceKlass com/android/tools/r8/internal/US$$Lambda+0x00000189cf294350
instanceKlass  @bci com/android/tools/r8/internal/US a (Z)V 21 <appendix> argL0 ; # com/android/tools/r8/internal/US$$Lambda+0x00000189cf293eb0
instanceKlass  @bci com/android/tools/r8/internal/US b (Lcom/android/tools/r8/internal/tU;)V 31 <appendix> argL0 ; # com/android/tools/r8/internal/US$$Lambda+0x00000189cf294100
# instanceKlass com/android/tools/r8/internal/US$$Lambda+0x00000189cf293a10
instanceKlass  @bci com/android/tools/r8/internal/US o (Lcom/android/tools/r8/internal/tU;)V 16 <appendix> argL0 ; # com/android/tools/r8/internal/US$$Lambda+0x00000189cf293c60
# instanceKlass com/android/tools/r8/internal/US$$Lambda+0x00000189cf2937c0
instanceKlass  @bci com/android/tools/r8/internal/US n (Lcom/android/tools/r8/internal/tU;)V 16 <appendix> argL0 ; # com/android/tools/r8/internal/US$$Lambda+0x00000189cf293570
# instanceKlass com/android/tools/r8/internal/VK$$Lambda+0x00000189cf293328
# instanceKlass com/android/tools/r8/internal/US$$Lambda+0x00000189cf2930d0
instanceKlass  @bci com/android/tools/r8/internal/VK a (Ljava/lang/Iterable;Ljava/util/function/Predicate;)Ljava/lang/Iterable; 2 <appendix> member <vmtarget> ; # com/android/tools/r8/internal/VK$$Lambda+0x00000189cf292e88
# instanceKlass com/android/tools/r8/internal/US$$Lambda+0x00000189cf292c30
instanceKlass  @bci com/android/tools/r8/internal/US n ()Z 36 <appendix> member <vmtarget> ; # com/android/tools/r8/internal/US$$Lambda+0x00000189cf2929d8
instanceKlass com/android/tools/r8/internal/oB
# instanceKlass com/android/tools/r8/internal/US$$Lambda+0x00000189cf292528
# instanceKlass com/android/tools/r8/internal/US$$Lambda+0x00000189cf2922c8
# instanceKlass com/android/tools/r8/internal/US$$Lambda+0x00000189cf292068
# instanceKlass com/android/tools/r8/internal/US$$Lambda+0x00000189cf291e08
# instanceKlass com/android/tools/r8/internal/US$$Lambda+0x00000189cf291ba8
# instanceKlass com/android/tools/r8/internal/US$$Lambda+0x00000189cf291948
# instanceKlass com/android/tools/r8/internal/US$$Lambda+0x00000189cf2916e8
instanceKlass  @bci com/android/tools/r8/internal/US i ()Lcom/android/tools/r8/internal/XK; 8 <appendix> argL0 ; # com/android/tools/r8/internal/US$$Lambda+0x00000189cf291488
# instanceKlass com/android/tools/r8/internal/sB$$Lambda+0x00000189cf291240
# instanceKlass com/android/tools/r8/internal/sB$$Lambda+0x00000189cf290ff8
# instanceKlass com/android/tools/r8/internal/sB$$Lambda+0x00000189cf290b68
# instanceKlass com/android/tools/r8/internal/sB$$Lambda+0x00000189cf290db0
# instanceKlass com/android/tools/r8/internal/sB$$Lambda+0x00000189cf290920
instanceKlass  @bci com/android/tools/r8/internal/sB c ()Ljava/lang/Iterable; 1 <appendix> member <vmtarget> ; # com/android/tools/r8/internal/sB$$Lambda+0x00000189cf2906d8
# instanceKlass com/android/tools/r8/internal/sB$$Lambda+0x00000189cf290248
# instanceKlass com/android/tools/r8/internal/sB$$Lambda+0x00000189cf290490
# instanceKlass com/android/tools/r8/internal/sB$$Lambda+0x00000189cf290000
# instanceKlass com/android/tools/r8/internal/sB$$Lambda+0x00000189cf28fbd8
# instanceKlass com/android/tools/r8/internal/sB$$Lambda+0x00000189cf28f990
# instanceKlass com/android/tools/r8/internal/sB$$Lambda+0x00000189cf28f748
# instanceKlass com/android/tools/r8/internal/sB$$Lambda+0x00000189cf28f500
instanceKlass  @bci com/android/tools/r8/internal/sB a (Ljava/util/function/Predicate;)Ljava/lang/Iterable; 2 <appendix> member <vmtarget> ; # com/android/tools/r8/internal/sB$$Lambda+0x00000189cf28f2b8
# instanceKlass com/android/tools/r8/internal/qK$$Lambda+0x00000189cf28f068
# instanceKlass com/android/tools/r8/internal/US$$Lambda+0x00000189cf28ee18
# instanceKlass com/android/tools/r8/internal/qK$$Lambda+0x00000189cf28ebc8
# instanceKlass com/android/tools/r8/internal/US$$Lambda+0x00000189cf28e978
instanceKlass  @bci com/android/tools/r8/internal/qK a (Lcom/android/tools/r8/internal/K70;)Z 17 <appendix> argL0 ; # com/android/tools/r8/internal/qK$$Lambda+0x00000189cf28e728
# instanceKlass com/android/tools/r8/internal/US$$Lambda+0x00000189cf28e4d8
# instanceKlass com/android/tools/r8/internal/US$$Lambda+0x00000189cf28e288
instanceKlass  @bci com/android/tools/r8/internal/US g ()V 31 <appendix> argL0 ; # com/android/tools/r8/internal/US$$Lambda+0x00000189cf28e038
# instanceKlass com/android/tools/r8/internal/zx0$$Lambda+0x00000189cf28dde8
# instanceKlass com/android/tools/r8/internal/zx0$$Lambda+0x00000189cf28d948
instanceKlass  @bci com/android/tools/r8/internal/zx0 H ()Z 1 <appendix> argL0 ; # com/android/tools/r8/internal/zx0$$Lambda+0x00000189cf28db98
# instanceKlass com/android/tools/r8/internal/zx0$$Lambda+0x00000189cf28d6f8
instanceKlass com/android/tools/r8/internal/uU
# instanceKlass com/android/tools/r8/internal/sB$$Lambda+0x00000189cf28d240
# instanceKlass com/android/tools/r8/internal/sB$$Lambda+0x00000189cf28cfa8
# instanceKlass com/android/tools/r8/internal/sB$$Lambda+0x00000189cf28cd10
# instanceKlass com/android/tools/r8/internal/sB$$Lambda+0x00000189cf28ca78
instanceKlass  @bci com/android/tools/r8/internal/sB e ()Ljava/util/IdentityHashMap; 738 <appendix> argL0 ; # com/android/tools/r8/internal/sB$$Lambda+0x00000189cf28c7e0
# instanceKlass com/android/tools/r8/internal/US$$Lambda+0x00000189cf28c548
instanceKlass  @bci com/android/tools/r8/internal/US a (Lcom/android/tools/r8/graph/y;Lcom/android/tools/r8/internal/sB;Ljava/util/IdentityHashMap;Ljava/util/ArrayList;)V 871 <appendix> argL0 ; # com/android/tools/r8/internal/US$$Lambda+0x00000189cf28c2b0
# instanceKlass com/android/tools/r8/internal/US$$Lambda+0x00000189cf28c018
instanceKlass com/android/tools/r8/internal/wU
instanceKlass com/android/tools/r8/internal/rB
instanceKlass com/android/tools/r8/internal/tU
instanceKlass  @bci com/android/tools/r8/internal/US a (Lcom/android/tools/r8/internal/qK;)Z 17 <appendix> argL0 ; # com/android/tools/r8/internal/US$$Lambda+0x00000189cf28b3e0
instanceKlass com/android/tools/r8/internal/uI
instanceKlass com/android/tools/r8/internal/zZ
instanceKlass com/android/tools/r8/internal/Jf0
instanceKlass com/android/tools/r8/internal/US
# instanceKlass com/android/tools/r8/ir/optimize/u0$$Lambda+0x00000189cf287628
# instanceKlass com/android/tools/r8/ir/optimize/u0$$Lambda+0x00000189cf2873d8
# instanceKlass com/android/tools/r8/ir/optimize/u0$$Lambda+0x00000189cf287188
# instanceKlass com/android/tools/r8/ir/optimize/u0$$Lambda+0x00000189cf286f38
# instanceKlass com/android/tools/r8/ir/optimize/u0$$Lambda+0x00000189cf286ce8
# instanceKlass com/android/tools/r8/ir/optimize/u0$$Lambda+0x00000189cf286a98
# instanceKlass com/android/tools/r8/ir/optimize/u0$$Lambda+0x00000189cf286848
instanceKlass  @bci com/android/tools/r8/ir/optimize/u0 a (Lcom/android/tools/r8/internal/sB;Lcom/android/tools/r8/internal/QJ;)V 71 <appendix> argL0 ; # com/android/tools/r8/ir/optimize/u0$$Lambda+0x00000189cf2865f8
# instanceKlass com/android/tools/r8/ir/optimize/u0$$Lambda+0x00000189cf2863d0
# instanceKlass com/android/tools/r8/ir/optimize/u0$$Lambda+0x00000189cf285d58
# instanceKlass com/android/tools/r8/ir/optimize/u0$$Lambda+0x00000189cf285f80
# instanceKlass com/android/tools/r8/ir/optimize/u0$$Lambda+0x00000189cf2861a8
# instanceKlass com/android/tools/r8/ir/optimize/u0$$Lambda+0x00000189cf285b30
# instanceKlass com/android/tools/r8/ir/optimize/u0$$Lambda+0x00000189cf285908
# instanceKlass com/android/tools/r8/ir/optimize/u0$$Lambda+0x00000189cf2856e0
instanceKlass  @bci com/android/tools/r8/ir/optimize/u0 a (Lcom/android/tools/r8/internal/sB;Lcom/android/tools/r8/internal/QJ;)V 30 <appendix> member <vmtarget> ; # com/android/tools/r8/ir/optimize/u0$$Lambda+0x00000189cf2854b8
instanceKlass com/android/tools/r8/ir/optimize/u0
instanceKlass com/android/tools/r8/graph/e3
instanceKlass  @bci com/android/tools/r8/internal/Hx0 a (Lcom/android/tools/r8/internal/bz0;Lcom/android/tools/r8/internal/V6;)Lcom/android/tools/r8/internal/zx0; 228 <appendix> member <vmtarget> ; # com/android/tools/r8/internal/Hx0$$Lambda+0x00000189cf283768
instanceKlass  @bci com/android/tools/r8/internal/VK b (Ljava/lang/Object;)Ljava/lang/Iterable; 1 <appendix> member <vmtarget> ; # com/android/tools/r8/internal/VK$$Lambda+0x00000189cf283520
instanceKlass com/android/tools/r8/internal/VK
instanceKlass  @bci com/android/tools/r8/internal/W3 a (Lcom/android/tools/r8/graph/y;Lcom/android/tools/r8/internal/sB;)Lcom/android/tools/r8/ir/optimize/E; 32 <appendix> argL0 ; # com/android/tools/r8/internal/W3$$Lambda+0x00000189cf2830c8
instanceKlass  @bci com/android/tools/r8/internal/W3 a (Lcom/android/tools/r8/graph/y;Lcom/android/tools/r8/graph/K5;Lcom/android/tools/r8/internal/L1;Lcom/android/tools/r8/internal/LE;)Z 9 <appendix> argL0 ; # com/android/tools/r8/internal/W3$$Lambda+0x00000189cf282e78
instanceKlass  @bci com/android/tools/r8/internal/xo a (Lcom/android/tools/r8/internal/sB;Lcom/android/tools/r8/internal/Y5;Lcom/android/tools/r8/internal/ZR;Ljava/util/IdentityHashMap;Ljava/util/function/Predicate;)V 1058 <appendix> argL0 ; # com/android/tools/r8/internal/xo$$Lambda+0x00000189cf282c38
instanceKlass  @bci com/android/tools/r8/ir/optimize/z a ()V 1533 <appendix> argL0 ; # com/android/tools/r8/ir/optimize/z$$Lambda+0x00000189cf2827f0
instanceKlass com/android/tools/r8/internal/x30
instanceKlass com/android/tools/r8/internal/z30
# instanceKlass java/util/stream/StreamSpliterators$WrappingSpliterator$$Lambda+0x00000189cf0ce0e8
# instanceKlass java/util/stream/StreamSpliterators$WrappingSpliterator$$Lambda+0x00000189cf0ced58
# instanceKlass java/util/stream/StreamSpliterators$WrappingSpliterator$$Lambda+0x00000189cf0ce908
instanceKlass  @bci java/util/stream/StreamSpliterators$WrappingSpliterator initPartialTraversalState ()V 37 <appendix> member <vmtarget> ; # java/util/stream/StreamSpliterators$WrappingSpliterator$$Lambda+0x00000189cf0ceb30
instanceKlass  @bci java/util/stream/StreamSpliterators$WrappingSpliterator initPartialTraversalState ()V 24 <appendix> member <vmtarget> ; # java/util/stream/StreamSpliterators$WrappingSpliterator$$Lambda+0x00000189cf0ce398
# instanceKlass java/util/stream/StreamSpliterators$WrappingSpliterator$$Lambda+0x00000189cf0cde38
# instanceKlass java/util/stream/StreamSpliterators$WrappingSpliterator$$Lambda+0x00000189cf0cdb88
instanceKlass java/util/stream/StreamSpliterators
instanceKlass java/util/stream/AbstractSpinedBuffer
instanceKlass java/util/stream/StreamSpliterators$AbstractWrappingSpliterator
# instanceKlass java/util/stream/AbstractPipeline$$Lambda+0x00000189cf0ccd30
# instanceKlass java/util/stream/AbstractPipeline$$Lambda+0x00000189cf0ccb08
instanceKlass  @bci java/util/stream/AbstractPipeline spliterator ()Ljava/util/Spliterator; 103 <appendix> member <vmtarget> ; # java/util/stream/AbstractPipeline$$Lambda+0x00000189cf0cc8e0
instanceKlass com/android/tools/r8/internal/w8$a
# instanceKlass com/android/tools/r8/internal/j6$$Lambda+0x00000189cf2810c8
instanceKlass  @bci com/android/tools/r8/internal/j6 a ()Ljava/util/function/BiPredicate; 0 <appendix> argL0 ; # com/android/tools/r8/internal/j6$$Lambda+0x00000189cf280e78
instanceKlass com/android/tools/r8/internal/w8
instanceKlass java/util/stream/SliceOps
instanceKlass com/android/tools/r8/internal/j6
# instanceKlass com/android/tools/r8/ir/optimize/z$$Lambda+0x00000189cf2807c8
# instanceKlass com/android/tools/r8/ir/optimize/z$$Lambda+0x00000189cf280530
# instanceKlass com/android/tools/r8/ir/optimize/z$$Lambda+0x00000189cf280298
instanceKlass  @bci com/android/tools/r8/ir/optimize/z a ()V 416 <appendix> argL0 ; # com/android/tools/r8/ir/optimize/z$$Lambda+0x00000189cf280000
# instanceKlass com/android/tools/r8/ir/optimize/z$$Lambda+0x00000189cf278400
# instanceKlass com/android/tools/r8/ir/optimize/z$$Lambda+0x00000189cf278ca0
instanceKlass  @bci com/android/tools/r8/ir/optimize/z a ()V 406 <appendix> argL0 ; # com/android/tools/r8/ir/optimize/z$$Lambda+0x00000189cf278800
# instanceKlass com/android/tools/r8/ir/optimize/z$$Lambda+0x00000189cf278a50
instanceKlass com/android/tools/r8/ir/optimize/L
instanceKlass com/android/tools/r8/internal/C30
# instanceKlass com/android/tools/r8/internal/xo$$Lambda+0x00000189cf279900
# instanceKlass com/android/tools/r8/internal/xo$$Lambda+0x00000189cf2796a8
instanceKlass  @bci com/android/tools/r8/internal/xo a (Lcom/android/tools/r8/internal/sB;Lcom/android/tools/r8/ir/optimize/z;)V 76 <appendix> member <vmtarget> ; # com/android/tools/r8/internal/xo$$Lambda+0x00000189cf279450
# instanceKlass com/android/tools/r8/internal/xo$$Lambda+0x00000189cf279228
# instanceKlass com/android/tools/r8/internal/xo$$Lambda+0x00000189cf279000
instanceKlass  @bci com/android/tools/r8/internal/xo a (Lcom/android/tools/r8/internal/sB;Lcom/android/tools/r8/ir/optimize/z;)V 21 <appendix> member <vmtarget> ; # com/android/tools/r8/internal/xo$$Lambda+0x00000189cf27bdc0
# instanceKlass com/android/tools/r8/internal/xo$$Lambda+0x00000189cf27bb98
instanceKlass com/android/tools/r8/internal/nt
instanceKlass com/android/tools/r8/internal/V5
# instanceKlass com/android/tools/r8/ir/optimize/z$$Lambda+0x00000189cf27ace8
instanceKlass  @bci com/android/tools/r8/ir/optimize/z a ()V 298 <appendix> argL0 ; # com/android/tools/r8/ir/optimize/z$$Lambda+0x00000189cf27aac8
# instanceKlass com/android/tools/r8/ir/optimize/z$$Lambda+0x00000189cf27a8a8
# instanceKlass com/android/tools/r8/ir/optimize/z$$Lambda+0x00000189cf27a688
# instanceKlass com/android/tools/r8/internal/Un$$Lambda+0x00000189cf27a220
# instanceKlass com/android/tools/r8/internal/Un$$Lambda+0x00000189cf27fca8
instanceKlass  @bci com/android/tools/r8/internal/Un k ()Lcom/android/tools/r8/internal/Un; 4 <appendix> argL0 ; # com/android/tools/r8/internal/Un$$Lambda+0x00000189cf27a000
instanceKlass  @bci com/android/tools/r8/internal/Un <clinit> ()V 3 <appendix> argL0 ; # com/android/tools/r8/internal/Un$$Lambda+0x00000189cf27fa88
instanceKlass com/android/tools/r8/ir/optimize/y
instanceKlass com/android/tools/r8/internal/a1
instanceKlass  @bci com/android/tools/r8/internal/kx b (Lcom/android/tools/r8/graph/g4;)V 5 <appendix> argL0 ; # com/android/tools/r8/internal/kx$$Lambda+0x00000189cf27ea58
instanceKlass  @bci com/android/tools/r8/internal/lx a (Lcom/android/tools/r8/internal/sB;Lcom/android/tools/r8/internal/a6;Lcom/android/tools/r8/internal/d00;Lcom/android/tools/r8/internal/zx0;Lcom/android/tools/r8/internal/kx;)Lcom/android/tools/r8/internal/zx0; 278 <appendix> argL0 ; # com/android/tools/r8/internal/lx$$Lambda+0x00000189cf27e808
instanceKlass  @bci com/android/tools/r8/internal/kx a (Lcom/android/tools/r8/internal/zx0;)Lcom/android/tools/r8/internal/zx0; 83 <appendix> argL0 ; # com/android/tools/r8/internal/kx$$Lambda+0x00000189cf27e5b8
instanceKlass  @bci com/android/tools/r8/internal/lx a (Lcom/android/tools/r8/internal/sB;Lcom/android/tools/r8/internal/a6;Lcom/android/tools/r8/internal/d00;Lcom/android/tools/r8/internal/zx0;Lcom/android/tools/r8/internal/kx;)Lcom/android/tools/r8/internal/zx0; 34 <appendix> argL0 ; # com/android/tools/r8/internal/lx$$Lambda+0x00000189cf27e368
instanceKlass  @bci com/android/tools/r8/internal/kx a (Lcom/android/tools/r8/graph/g4;)V 5 <appendix> argL0 ; # com/android/tools/r8/internal/kx$$Lambda+0x00000189cf27d868
instanceKlass  @bci com/android/tools/r8/internal/kx <init> (Lcom/android/tools/r8/internal/QJ$o;Lcom/android/tools/r8/internal/f00;)V 117 <appendix> argL0 ; # com/android/tools/r8/internal/kx$$Lambda+0x00000189cf27d618
instanceKlass com/android/tools/r8/internal/kx
instanceKlass com/android/tools/r8/internal/lx
instanceKlass com/android/tools/r8/ir/optimize/z
instanceKlass  @bci com/android/tools/r8/internal/oU a (Ljava/util/Collection;Ljava/util/function/Predicate;)Ljava/util/List; 18 <appendix> member <vmtarget> ; # com/android/tools/r8/internal/oU$$Lambda+0x00000189cf276888
instanceKlass  @bci com/android/tools/r8/internal/qo0 c (Lcom/android/tools/r8/internal/sB;)Ljava/util/ArrayList; 12 <appendix> argL0 ; # com/android/tools/r8/internal/qo0$$Lambda+0x00000189cf276638
instanceKlass  @bci com/android/tools/r8/internal/Z5 a (Lcom/android/tools/r8/internal/zx0;Lcom/android/tools/r8/internal/q70;Lcom/android/tools/r8/internal/NE;Lcom/android/tools/r8/internal/NE;Ljava/util/Set;)Z 547 <appendix> member <vmtarget> ; # com/android/tools/r8/internal/Z5$$Lambda+0x00000189cf2760e0
instanceKlass com/android/tools/r8/internal/qr0
instanceKlass  @bci com/android/tools/r8/internal/L7 a (Lcom/android/tools/r8/internal/sB;Lcom/android/tools/r8/internal/Y5;Lcom/android/tools/r8/internal/RB;)Z 74 <appendix> argL0 ; # com/android/tools/r8/internal/L7$$Lambda+0x00000189cf275438
instanceKlass  @bci com/android/tools/r8/internal/Z5 a (Lcom/android/tools/r8/internal/zx0;Lcom/android/tools/r8/internal/q70;Lcom/android/tools/r8/internal/NE;Lcom/android/tools/r8/internal/NE;Ljava/util/Set;)Z 95 <appendix> member <vmtarget> ; # com/android/tools/r8/internal/Z5$$Lambda+0x00000189cf2751e0
instanceKlass  @bci java/util/function/Predicate or (Ljava/util/function/Predicate;)Ljava/util/function/Predicate; 7 <appendix> member <vmtarget> ; # java/util/function/Predicate$$Lambda+0x00000189cf0cbcc0
# instanceKlass com/android/tools/r8/internal/EE$$Lambda+0x00000189cf274f90
# instanceKlass com/android/tools/r8/internal/EE$$Lambda+0x00000189cf274d40
instanceKlass  @bci com/android/tools/r8/internal/EE a (Lcom/android/tools/r8/graph/y;Lcom/android/tools/r8/internal/sB;)Lcom/android/tools/r8/ir/optimize/E; 4 <appendix> argL0 ; # com/android/tools/r8/internal/EE$$Lambda+0x00000189cf274af0
instanceKlass com/android/tools/r8/internal/Fx0
instanceKlass  @cpi java/util/function/Predicate 78 form vmentry <vmtarget> ; # java/lang/invoke/LambdaForm$DMH+0x00000189cf278000
instanceKlass  @bci com/android/tools/r8/internal/Z5 a (Lcom/android/tools/r8/internal/NE;Lcom/android/tools/r8/internal/zx0;Lcom/android/tools/r8/internal/q70;Ljava/util/function/Predicate;)Lcom/android/tools/r8/internal/ME; 6 <appendix> member <vmtarget> ; # com/android/tools/r8/internal/Z5$$Lambda+0x00000189cf274688
instanceKlass  @bci com/android/tools/r8/internal/Z5 a (Lcom/android/tools/r8/internal/zx0;Lcom/android/tools/r8/internal/q70;Lcom/android/tools/r8/internal/NE;Lcom/android/tools/r8/internal/NE;Ljava/util/Set;)Z 3 <appendix> member <vmtarget> ; # com/android/tools/r8/internal/Z5$$Lambda+0x00000189cf274430
instanceKlass  @bci com/android/tools/r8/internal/L1 <clinit> ()V 8 <appendix> argL0 ; # com/android/tools/r8/internal/L1$$Lambda+0x00000189cf274210
instanceKlass  @bci com/android/tools/r8/internal/L1 <clinit> ()V 0 <appendix> argL0 ; # com/android/tools/r8/internal/L1$$Lambda+0x00000189cf273ff0
instanceKlass  @cpi com/android/tools/r8/internal/L1 35 form vmentry <vmtarget> ; # java/lang/invoke/LambdaForm$DMH+0x00000189cf26cc00
instanceKlass com/android/tools/r8/internal/Hx0
instanceKlass  @bci com/android/tools/r8/internal/zx0 O ()Z 28 <appendix> argL0 ; # com/android/tools/r8/internal/zx0$$Lambda+0x00000189cf273b90
instanceKlass com/android/tools/r8/internal/vj
# instanceKlass com/android/tools/r8/internal/Ae$$Lambda+0x00000189cf273740
instanceKlass  @bci com/android/tools/r8/internal/L7 b (Lcom/android/tools/r8/internal/Y5;)Z 52 <appendix> argL0 ; # com/android/tools/r8/internal/L7$$Lambda+0x00000189cf2734f0
# instanceKlass com/android/tools/r8/internal/Ae$$Lambda+0x00000189cf2732c8
# instanceKlass com/android/tools/r8/internal/Ae$$Lambda+0x00000189cf2730a0
# instanceKlass com/android/tools/r8/internal/Ae$$Lambda+0x00000189cf272e78
instanceKlass  @bci com/android/tools/r8/internal/Ae a (Lcom/android/tools/r8/internal/sB;Lcom/android/tools/r8/internal/at0;)Lcom/android/tools/r8/internal/De; 8 <appendix> member <vmtarget> ; # com/android/tools/r8/internal/Ae$$Lambda+0x00000189cf272c50
# instanceKlass com/android/tools/r8/internal/Ae$$Lambda+0x00000189cf272a28
# instanceKlass com/android/tools/r8/internal/Ae$$Lambda+0x00000189cf272800
instanceKlass com/android/tools/r8/ir/optimize/u
instanceKlass com/android/tools/r8/internal/ZB
instanceKlass com/android/tools/r8/internal/Z5
instanceKlass com/android/tools/r8/internal/G7
instanceKlass com/android/tools/r8/internal/Lt
# instanceKlass com/android/tools/r8/internal/lo0$$Lambda+0x00000189cf271b58
# instanceKlass com/android/tools/r8/internal/lo0$$Lambda+0x00000189cf271908
instanceKlass  @bci com/android/tools/r8/internal/lo0 a (Ljava/util/List;Lcom/android/tools/r8/ir/optimize/a;Lcom/android/tools/r8/internal/V6;Ljava/util/Map$Entry;)V 42 <appendix> argL0 ; # com/android/tools/r8/internal/lo0$$Lambda+0x00000189cf2716b8
# instanceKlass java/util/stream/SortedOps$RefSortingSink$$Lambda+0x00000189cf0cba88
# instanceKlass java/util/stream/SortedOps$RefSortingSink$$Lambda+0x00000189cf0cb850
# instanceKlass java/util/stream/SortedOps$RefSortingSink$$Lambda+0x00000189cf0cb618
# instanceKlass java/util/stream/SortedOps$RefSortingSink$$Lambda+0x00000189cf0cb3e0
# instanceKlass java/util/stream/SortedOps$RefSortingSink$$Lambda+0x00000189cf0cb1a8
# instanceKlass java/util/stream/SortedOps$RefSortingSink$$Lambda+0x00000189cf0caf70
instanceKlass  @bci java/util/stream/SortedOps$RefSortingSink end ()V 48 <appendix> member <vmtarget> ; # java/util/stream/SortedOps$RefSortingSink$$Lambda+0x00000189cf0cad38
# instanceKlass java/util/stream/SortedOps$RefSortingSink$$Lambda+0x00000189cf0cab00
instanceKlass java/util/AbstractMap$SimpleImmutableEntry
instanceKlass  @bci com/android/tools/r8/internal/G1 a (I)Lcom/android/tools/r8/internal/sR; 8 <appendix> argL0 ; # com/android/tools/r8/internal/G1$$Lambda+0x00000189cf271478
instanceKlass java/util/stream/ForEachOps$ForEachOp
instanceKlass java/util/stream/ForEachOps
# instanceKlass com/android/tools/r8/internal/lo0$$Lambda+0x00000189cf271240
# instanceKlass com/android/tools/r8/internal/lo0$$Lambda+0x00000189cf270dd0
# instanceKlass com/android/tools/r8/internal/lo0$$Lambda+0x00000189cf271008
# instanceKlass com/android/tools/r8/internal/lo0$$Lambda+0x00000189cf270b98
instanceKlass  @bci com/android/tools/r8/internal/lo0 a ()Z 66 <appendix> member <vmtarget> ; # com/android/tools/r8/internal/lo0$$Lambda+0x00000189cf270960
# instanceKlass com/android/tools/r8/internal/lo0$$Lambda+0x00000189cf270728
# instanceKlass com/android/tools/r8/internal/lo0$$Lambda+0x00000189cf2704f0
instanceKlass java/util/stream/SortedOps
# instanceKlass java/util/Comparator$$Lambda+0x00000189cf0c96e8
# instanceKlass java/util/Comparator$$Lambda+0x00000189cf0c9448
# instanceKlass java/util/Comparator$$Lambda+0x00000189cf0c91a8
# instanceKlass java/util/Comparator$$Lambda+0x00000189cf0c8f08
# instanceKlass java/util/Comparator$$Lambda+0x00000189cf0c8c68
instanceKlass  @bci java/util/Comparator comparingInt (Ljava/util/function/ToIntFunction;)Ljava/util/Comparator; 6 <appendix> member <vmtarget> ; # java/util/Comparator$$Lambda+0x00000189cf0c89c8
# instanceKlass java/util/Comparator$$Lambda+0x00000189cf0c8728
# instanceKlass com/android/tools/r8/internal/lo0$$Lambda+0x00000189cf26d660
# instanceKlass com/android/tools/r8/internal/lo0$$Lambda+0x00000189cf26d440
# instanceKlass com/android/tools/r8/internal/lo0$$Lambda+0x00000189cf26d220
# instanceKlass com/android/tools/r8/internal/lo0$$Lambda+0x00000189cf26d000
# instanceKlass com/android/tools/r8/internal/lo0$$Lambda+0x00000189cf26fd70
# instanceKlass com/android/tools/r8/internal/lo0$$Lambda+0x00000189cf26fb50
instanceKlass  @bci com/android/tools/r8/internal/lo0 a ()Z 49 <appendix> argL0 ; # com/android/tools/r8/internal/lo0$$Lambda+0x00000189cf26f930
# instanceKlass com/android/tools/r8/internal/lo0$$Lambda+0x00000189cf26f6d8
# instanceKlass com/android/tools/r8/internal/lo0$$Lambda+0x00000189cf26f480
# instanceKlass com/android/tools/r8/internal/lo0$$Lambda+0x00000189cf26f228
# instanceKlass com/android/tools/r8/internal/lo0$$Lambda+0x00000189cf26efd0
# instanceKlass com/android/tools/r8/internal/lo0$$Lambda+0x00000189cf26ed78
# instanceKlass com/android/tools/r8/internal/lo0$$Lambda+0x00000189cf26eb20
instanceKlass  @bci com/android/tools/r8/internal/lo0 a ()Z 39 <appendix> member <vmtarget> ; # com/android/tools/r8/internal/lo0$$Lambda+0x00000189cf26e8c8
# instanceKlass com/android/tools/r8/internal/G1$$Lambda+0x00000189cf26e688
instanceKlass com/android/tools/r8/graph/P2
instanceKlass java/util/IdentityHashMap$IdentityHashMapSpliterator
instanceKlass  @bci com/android/tools/r8/internal/G1 a (J)Lcom/android/tools/r8/internal/Cn0; 8 <appendix> argL0 ; # com/android/tools/r8/internal/G1$$Lambda+0x00000189cf26e240
instanceKlass  @cpi com/android/tools/r8/internal/G1 152 form vmentry <vmtarget> ; # java/lang/invoke/LambdaForm$DMH+0x00000189cf26c400
instanceKlass  @bci com/android/tools/r8/internal/G1 a (Lcom/android/tools/r8/graph/L2;)Lcom/android/tools/r8/internal/In0; 5 <appendix> argL0 ; # com/android/tools/r8/internal/G1$$Lambda+0x00000189cf26e000
instanceKlass com/android/tools/r8/internal/Px0
instanceKlass java/util/BitSet
instanceKlass com/android/tools/r8/internal/ht
instanceKlass  @bci com/android/tools/r8/internal/kt <clinit> ()V 0 <appendix> argL0 ; # com/android/tools/r8/internal/kt$$Lambda+0x00000189cf26b898
instanceKlass  @cpi com/android/tools/r8/internal/kt 22 form vmentry <vmtarget> ; # java/lang/invoke/LambdaForm$DMH+0x00000189cf26c000
instanceKlass com/android/tools/r8/internal/lo0
instanceKlass com/android/tools/r8/internal/L1
instanceKlass com/android/tools/r8/internal/kt
instanceKlass com/android/tools/r8/internal/Qx0
# instanceKlass com/android/tools/r8/internal/iv0$$Lambda+0x00000189cf269e30
# instanceKlass com/android/tools/r8/internal/iv0$$Lambda+0x00000189cf26a068
# instanceKlass com/android/tools/r8/internal/iv0$$Lambda+0x00000189cf269bf8
# instanceKlass com/android/tools/r8/internal/iv0$$Lambda+0x00000189cf2699c0
# instanceKlass com/android/tools/r8/internal/iv0$$Lambda+0x00000189cf269788
# instanceKlass com/android/tools/r8/internal/iv0$$Lambda+0x00000189cf269550
instanceKlass  @bci com/android/tools/r8/internal/iv0 a (Ljava/lang/Iterable;I)V 35 <appendix> member <vmtarget> ; # com/android/tools/r8/internal/iv0$$Lambda+0x00000189cf269318
instanceKlass  @bci com/android/tools/r8/internal/sB r ()Ljava/lang/Iterable; 1 <appendix> member <vmtarget> ; # com/android/tools/r8/internal/sB$$Lambda+0x00000189cf2690d0
# instanceKlass com/android/tools/r8/graph/u0$$Lambda+0x00000189cf268e78
# instanceKlass com/android/tools/r8/graph/u0$$Lambda+0x00000189cf268c20
# instanceKlass com/android/tools/r8/graph/u0$$Lambda+0x00000189cf2689c8
instanceKlass  @bci com/android/tools/r8/graph/u0 a (Lcom/android/tools/r8/graph/M2;)Lcom/android/tools/r8/graph/r0; 2 <appendix> member <vmtarget> ; # com/android/tools/r8/graph/u0$$Lambda+0x00000189cf268770
instanceKlass com/android/tools/r8/ir/optimize/b
# instanceKlass com/android/tools/r8/internal/xB$$Lambda+0x00000189cf268000
# instanceKlass com/android/tools/r8/internal/xB$$Lambda+0x00000189cf267cc0
# instanceKlass com/android/tools/r8/internal/xB$$Lambda+0x00000189cf267a88
# instanceKlass com/android/tools/r8/internal/xB$$Lambda+0x00000189cf267850
# instanceKlass com/android/tools/r8/internal/xB$$Lambda+0x00000189cf267618
# instanceKlass com/android/tools/r8/internal/xB$$Lambda+0x00000189cf2673e0
# instanceKlass com/android/tools/r8/internal/xB$$Lambda+0x00000189cf2671a8
instanceKlass  @bci com/android/tools/r8/internal/xB a (Lcom/android/tools/r8/internal/sB;Lcom/android/tools/r8/internal/Z40;Lcom/android/tools/r8/internal/sX$a;Lcom/android/tools/r8/internal/RX;Lcom/android/tools/r8/internal/Lf;Lcom/android/tools/r8/internal/at0;)Lcom/android/tools/r8/internal/at0; 1944 <appendix> member <vmtarget> ; # com/android/tools/r8/internal/xB$$Lambda+0x00000189cf266f70
instanceKlass com/android/tools/r8/internal/pz
# instanceKlass com/android/tools/r8/internal/xB$$Lambda+0x00000189cf266b28
# instanceKlass com/android/tools/r8/internal/xB$$Lambda+0x00000189cf2668f0
# instanceKlass com/android/tools/r8/internal/xB$$Lambda+0x00000189cf2666b8
# instanceKlass com/android/tools/r8/internal/xB$$Lambda+0x00000189cf266480
# instanceKlass com/android/tools/r8/internal/xB$$Lambda+0x00000189cf266248
# instanceKlass com/android/tools/r8/internal/xB$$Lambda+0x00000189cf266010
# instanceKlass com/android/tools/r8/internal/xB$$Lambda+0x00000189cf265dd8
instanceKlass  @bci com/android/tools/r8/internal/xB a (Lcom/android/tools/r8/internal/sB;Lcom/android/tools/r8/internal/Z40;Lcom/android/tools/r8/internal/sX$a;Lcom/android/tools/r8/internal/RX;Lcom/android/tools/r8/internal/Lf;Lcom/android/tools/r8/internal/at0;)Lcom/android/tools/r8/internal/at0; 1884 <appendix> member <vmtarget> ; # com/android/tools/r8/internal/xB$$Lambda+0x00000189cf265ba0
instanceKlass com/android/tools/r8/internal/bz
instanceKlass com/android/tools/r8/internal/uB
instanceKlass com/android/tools/r8/internal/tB
# instanceKlass com/android/tools/r8/internal/sB$$Lambda+0x00000189cf264eb8
# instanceKlass com/android/tools/r8/internal/sB$$Lambda+0x00000189cf264c70
# instanceKlass com/android/tools/r8/internal/sB$$Lambda+0x00000189cf264a28
# instanceKlass com/android/tools/r8/internal/sB$$Lambda+0x00000189cf2647e0
# instanceKlass com/android/tools/r8/internal/sB$$Lambda+0x00000189cf264598
# instanceKlass com/android/tools/r8/internal/sB$$Lambda+0x00000189cf264108
# instanceKlass com/android/tools/r8/internal/sB$$Lambda+0x00000189cf264350
instanceKlass  @bci com/android/tools/r8/internal/sB b (Ljava/util/function/Predicate;)Ljava/lang/Iterable; 2 <appendix> member <vmtarget> ; # com/android/tools/r8/internal/sB$$Lambda+0x00000189cf263ec0
# instanceKlass com/android/tools/r8/internal/ju0$$Lambda+0x00000189cf263c70
# instanceKlass com/android/tools/r8/internal/ju0$$Lambda+0x00000189cf263580
# instanceKlass com/android/tools/r8/internal/ju0$$Lambda+0x00000189cf263a20
# instanceKlass com/android/tools/r8/internal/ju0$$Lambda+0x00000189cf2637d0
# instanceKlass com/android/tools/r8/internal/ju0$$Lambda+0x00000189cf263330
# instanceKlass com/android/tools/r8/internal/ju0$$Lambda+0x00000189cf2630e0
# instanceKlass com/android/tools/r8/internal/ju0$$Lambda+0x00000189cf262e90
instanceKlass  @bci com/android/tools/r8/internal/ju0 a (Lcom/android/tools/r8/graph/y;Lcom/android/tools/r8/internal/sB;)V 8 <appendix> argL0 ; # com/android/tools/r8/internal/ju0$$Lambda+0x00000189cf262c40
instanceKlass com/android/tools/r8/internal/ju0
instanceKlass  @bci com/android/tools/r8/internal/De <clinit> ()V 22 <appendix> argL0 ; # com/android/tools/r8/internal/De$$Lambda+0x00000189cf262818
instanceKlass com/android/tools/r8/internal/Ce
# instanceKlass com/android/tools/r8/internal/Ae$$Lambda+0x00000189cf2623d0
# instanceKlass com/android/tools/r8/internal/Ae$$Lambda+0x00000189cf2621a8
# instanceKlass com/android/tools/r8/internal/Ae$$Lambda+0x00000189cf261f80
# instanceKlass com/android/tools/r8/internal/Ae$$Lambda+0x00000189cf261d58
# instanceKlass com/android/tools/r8/internal/Ae$$Lambda+0x00000189cf261b30
# instanceKlass com/android/tools/r8/internal/Ae$$Lambda+0x00000189cf261908
# instanceKlass com/android/tools/r8/internal/Ae$$Lambda+0x00000189cf2616e0
instanceKlass  @bci com/android/tools/r8/internal/Ae a (Lcom/android/tools/r8/internal/sB;Lcom/android/tools/r8/internal/RX;Lcom/android/tools/r8/internal/Lf;Lcom/android/tools/r8/internal/at0;)Lcom/android/tools/r8/internal/De; 11 <appendix> member <vmtarget> ; # com/android/tools/r8/internal/Ae$$Lambda+0x00000189cf2614b8
instanceKlass com/android/tools/r8/internal/Wd0
# instanceKlass com/android/tools/r8/internal/iv0$$Lambda+0x00000189cf260418
# instanceKlass com/android/tools/r8/internal/iv0$$Lambda+0x00000189cf250c00
# instanceKlass com/android/tools/r8/internal/iv0$$Lambda+0x00000189cf25fd98
# instanceKlass com/android/tools/r8/internal/iv0$$Lambda+0x00000189cf25fb48
# instanceKlass com/android/tools/r8/internal/iv0$$Lambda+0x00000189cf25f8f8
instanceKlass  @bci com/android/tools/r8/internal/iv0 a (Lcom/android/tools/r8/internal/zx0;Lcom/android/tools/r8/internal/mv0;)V 28 <appendix> argL0 ; # com/android/tools/r8/internal/iv0$$Lambda+0x00000189cf25f6a8
# instanceKlass com/android/tools/r8/internal/iv0$$Lambda+0x00000189cf25f470
# instanceKlass com/android/tools/r8/internal/iv0$$Lambda+0x00000189cf25f238
# instanceKlass com/android/tools/r8/internal/iv0$$Lambda+0x00000189cf25f000
# instanceKlass com/android/tools/r8/internal/iv0$$Lambda+0x00000189cf25edc8
# instanceKlass com/android/tools/r8/internal/iv0$$Lambda+0x00000189cf25eb90
# instanceKlass com/android/tools/r8/internal/iv0$$Lambda+0x00000189cf25e958
# instanceKlass com/android/tools/r8/internal/iv0$$Lambda+0x00000189cf25e720
instanceKlass  @bci com/android/tools/r8/internal/iv0 b ()V 77 <appendix> member <vmtarget> ; # com/android/tools/r8/internal/iv0$$Lambda+0x00000189cf25e4e8
instanceKlass com/android/tools/r8/internal/qB
instanceKlass com/android/tools/r8/ir/optimize/r
instanceKlass com/android/tools/r8/internal/bz0
instanceKlass com/android/tools/r8/internal/iv0
instanceKlass com/android/tools/r8/internal/b6
instanceKlass com/android/tools/r8/internal/ck
instanceKlass com/android/tools/r8/ir/optimize/a
instanceKlass com/android/tools/r8/internal/d60
instanceKlass com/android/tools/r8/internal/c1
instanceKlass com/android/tools/r8/internal/sB
instanceKlass com/android/tools/r8/internal/wB
instanceKlass com/android/tools/r8/internal/ni
instanceKlass com/android/tools/r8/internal/t40
instanceKlass com/android/tools/r8/internal/lv0
instanceKlass com/android/tools/r8/internal/D40
instanceKlass com/android/tools/r8/internal/QE
instanceKlass java/util/Collections$1
instanceKlass com/android/tools/r8/internal/a6
instanceKlass com/android/tools/r8/internal/Df0
instanceKlass  @bci com/android/tools/r8/internal/kb a (Lcom/android/tools/r8/internal/H9;)V 49 <appendix> member <vmtarget> ; # com/android/tools/r8/internal/kb$$Lambda+0x00000189cf24fd88
instanceKlass  @cpi com/android/tools/r8/internal/kb 846 form vmentry <vmtarget> ; # java/lang/invoke/LambdaForm$DMH+0x00000189cf250800
instanceKlass java/util/LinkedList$ListItr
# instanceKlass com/android/tools/r8/internal/kb$$Lambda+0x00000189cf24dfe0
instanceKlass  @bci com/android/tools/r8/internal/Z3 a (Lcom/android/tools/r8/internal/mv0;Lcom/android/tools/r8/internal/e20;)Lcom/android/tools/r8/internal/Z3; 3 <appendix> member <vmtarget> ; # com/android/tools/r8/internal/Z3$$Lambda+0x00000189cf24dd98
# instanceKlass com/android/tools/r8/internal/kb$$Lambda+0x00000189cf24db60
instanceKlass com/android/tools/r8/graph/m3
instanceKlass  @bci com/android/tools/r8/internal/kb a (Lcom/android/tools/r8/internal/nB;IZ)V 930 <appendix> member <vmtarget> ; # com/android/tools/r8/internal/kb$$Lambda+0x00000189cf24d928
instanceKlass  @cpi com/android/tools/r8/internal/kb 806 form vmentry <vmtarget> ; # java/lang/invoke/LambdaForm$DMH+0x00000189cf250000
instanceKlass com/android/tools/r8/internal/kq
instanceKlass com/android/tools/r8/internal/wn0
instanceKlass com/android/tools/r8/internal/og
instanceKlass com/android/tools/r8/internal/Qp
instanceKlass com/android/tools/r8/internal/Hy0
instanceKlass  @bci com/android/tools/r8/internal/le c (Lcom/android/tools/r8/internal/e20;)Lcom/android/tools/r8/internal/le; 19 <appendix> member <vmtarget> ; # com/android/tools/r8/internal/le$$Lambda+0x00000189cf23f890
instanceKlass com/android/tools/r8/internal/J40
instanceKlass com/android/tools/r8/internal/Nx0
instanceKlass com/android/tools/r8/graph/proto/b
instanceKlass com/android/tools/r8/internal/mB
instanceKlass com/android/tools/r8/internal/xx0
instanceKlass com/android/tools/r8/internal/Mn
instanceKlass com/android/tools/r8/internal/Up
instanceKlass com/android/tools/r8/internal/Dd0
instanceKlass com/android/tools/r8/internal/JI
# instanceKlass com/android/tools/r8/internal/le$$Lambda+0x00000189cf238af8
# instanceKlass com/android/tools/r8/internal/le$$Lambda+0x00000189cf2388b0
# instanceKlass com/android/tools/r8/internal/le$$Lambda+0x00000189cf238668
# instanceKlass com/android/tools/r8/internal/le$$Lambda+0x00000189cf238210
instanceKlass  @bci com/android/tools/r8/internal/le a (Lcom/android/tools/r8/graph/M2;Lcom/android/tools/r8/internal/e20;)Lcom/android/tools/r8/internal/le; 3 <appendix> member <vmtarget> ; # com/android/tools/r8/internal/le$$Lambda+0x00000189cf237b68
instanceKlass com/android/tools/r8/ir/optimize/E
instanceKlass com/android/tools/r8/internal/F40
# instanceKlass com/android/tools/r8/internal/q70$b$$Lambda+0x00000189cf237148
# instanceKlass com/android/tools/r8/internal/q70$b$$Lambda+0x00000189cf236cc8
instanceKlass  @bci com/android/tools/r8/internal/q70$b c (Lcom/android/tools/r8/internal/Jr0;)V 20 <appendix> argL0 ; # com/android/tools/r8/internal/q70$b$$Lambda+0x00000189cf236f08
instanceKlass com/android/tools/r8/internal/f20
# instanceKlass com/android/tools/r8/internal/q70$b$$Lambda+0x00000189cf236898
instanceKlass  @bci com/android/tools/r8/internal/q70$b c (Lcom/android/tools/r8/internal/Jr0;)V 1 <appendix> argL0 ; # com/android/tools/r8/internal/q70$b$$Lambda+0x00000189cf236678
# instanceKlass com/android/tools/r8/internal/q70$b$$Lambda+0x00000189cf236458
# instanceKlass com/android/tools/r8/internal/q70$b$$Lambda+0x00000189cf236238
instanceKlass  @bci com/android/tools/r8/internal/q70$b m ()Lcom/android/tools/r8/internal/Hr0; 0 <appendix> argL0 ; # com/android/tools/r8/internal/q70$b$$Lambda+0x00000189cf236018
# instanceKlass com/android/tools/r8/internal/q70$b$$Lambda+0x00000189cf235df8
instanceKlass com/android/tools/r8/internal/eG
# instanceKlass com/android/tools/r8/graph/u1$$Lambda+0x00000189cf2355b0
# instanceKlass com/android/tools/r8/graph/u1$$Lambda+0x00000189cf235368
# instanceKlass com/android/tools/r8/graph/u1$$Lambda+0x00000189cf234ed8
# instanceKlass com/android/tools/r8/graph/u1$$Lambda+0x00000189cf235120
instanceKlass  @bci com/android/tools/r8/graph/u1 a (Lcom/android/tools/r8/graph/M2;Lcom/android/tools/r8/internal/e20;Lcom/android/tools/r8/graph/y;)Lcom/android/tools/r8/internal/Se0; 173 <appendix> member <vmtarget> ; # com/android/tools/r8/graph/u1$$Lambda+0x00000189cf234c90
# instanceKlass com/android/tools/r8/internal/kb$$Lambda+0x00000189cf2341d8
# instanceKlass com/android/tools/r8/internal/kb$$Lambda+0x00000189cf233fa0
# instanceKlass com/android/tools/r8/internal/kb$$Lambda+0x00000189cf233d68
# instanceKlass com/android/tools/r8/internal/kb$$Lambda+0x00000189cf233b30
# instanceKlass com/android/tools/r8/internal/kb$$Lambda+0x00000189cf2338f8
# instanceKlass com/android/tools/r8/internal/kb$$Lambda+0x00000189cf2336c0
instanceKlass  @bci com/android/tools/r8/internal/kb b (Lcom/android/tools/r8/internal/nB;)V 168 <appendix> member <vmtarget> ; # com/android/tools/r8/internal/kb$$Lambda+0x00000189cf233488
# instanceKlass com/android/tools/r8/internal/kb$$Lambda+0x00000189cf233250
instanceKlass com/android/tools/r8/internal/rb
instanceKlass com/android/tools/r8/internal/LH
instanceKlass com/android/tools/r8/internal/ib
instanceKlass com/android/tools/r8/internal/jb
instanceKlass com/android/tools/r8/internal/Me0
instanceKlass com/android/tools/r8/internal/TH
instanceKlass com/android/tools/r8/internal/PE
instanceKlass com/android/tools/r8/internal/O8
instanceKlass com/android/tools/r8/internal/Y5
instanceKlass com/android/tools/r8/internal/iB
instanceKlass com/android/tools/r8/internal/zB
instanceKlass com/android/tools/r8/internal/o20
instanceKlass com/android/tools/r8/internal/S
instanceKlass com/android/tools/r8/internal/OG
instanceKlass com/android/tools/r8/internal/nB
# instanceKlass com/android/tools/r8/internal/q70$$Lambda+0x00000189cf226080
# instanceKlass com/android/tools/r8/internal/q70$$Lambda+0x00000189cf225e30
# instanceKlass com/android/tools/r8/internal/q70$$Lambda+0x00000189cf225be0
# instanceKlass com/android/tools/r8/internal/q70$$Lambda+0x00000189cf225990
# instanceKlass com/android/tools/r8/internal/q70$$Lambda+0x00000189cf225740
# instanceKlass com/android/tools/r8/internal/q70$$Lambda+0x00000189cf2254f0
# instanceKlass com/android/tools/r8/internal/q70$$Lambda+0x00000189cf2252a0
instanceKlass  @bci com/android/tools/r8/internal/q70 a (Lcom/android/tools/r8/internal/Jr0;)V 41 <appendix> argL0 ; # com/android/tools/r8/internal/q70$$Lambda+0x00000189cf225050
# instanceKlass com/android/tools/r8/internal/q70$$Lambda+0x00000189cf224e00
# instanceKlass com/android/tools/r8/internal/q70$$Lambda+0x00000189cf224bb0
# instanceKlass com/android/tools/r8/internal/q70$$Lambda+0x00000189cf224960
# instanceKlass com/android/tools/r8/internal/q70$$Lambda+0x00000189cf224710
# instanceKlass com/android/tools/r8/internal/q70$$Lambda+0x00000189cf2244c0
# instanceKlass com/android/tools/r8/internal/q70$$Lambda+0x00000189cf224270
# instanceKlass com/android/tools/r8/internal/q70$$Lambda+0x00000189cf224020
instanceKlass  @bci com/android/tools/r8/internal/q70 a (Lcom/android/tools/r8/internal/Jr0;)V 33 <appendix> argL0 ; # com/android/tools/r8/internal/q70$$Lambda+0x00000189cf223dd0
# instanceKlass com/android/tools/r8/internal/q70$$Lambda+0x00000189cf223b90
# instanceKlass com/android/tools/r8/internal/q70$$Lambda+0x00000189cf223950
# instanceKlass com/android/tools/r8/internal/q70$$Lambda+0x00000189cf223710
# instanceKlass com/android/tools/r8/internal/q70$$Lambda+0x00000189cf2234d0
# instanceKlass com/android/tools/r8/internal/q70$$Lambda+0x00000189cf223290
# instanceKlass com/android/tools/r8/internal/q70$$Lambda+0x00000189cf223050
# instanceKlass com/android/tools/r8/internal/q70$$Lambda+0x00000189cf222e10
instanceKlass  @bci com/android/tools/r8/internal/q70 a (Lcom/android/tools/r8/internal/Jr0;)V 25 <appendix> argL0 ; # com/android/tools/r8/internal/q70$$Lambda+0x00000189cf222bd0
# instanceKlass com/android/tools/r8/internal/Jr0$$Lambda+0x00000189cf2229b0
# instanceKlass com/android/tools/r8/internal/Jr0$$Lambda+0x00000189cf222790
# instanceKlass com/android/tools/r8/internal/Jr0$$Lambda+0x00000189cf222570
# instanceKlass com/android/tools/r8/internal/Jr0$$Lambda+0x00000189cf222350
# instanceKlass com/android/tools/r8/internal/Jr0$$Lambda+0x00000189cf222130
instanceKlass  @bci com/android/tools/r8/internal/Jr0 a (Ljava/util/function/Function;Ljava/util/function/Predicate;)Lcom/android/tools/r8/internal/Jr0; 7 <appendix> argL0 ; # com/android/tools/r8/internal/Jr0$$Lambda+0x00000189cf221f10
# instanceKlass com/android/tools/r8/internal/Jr0$$Lambda+0x00000189cf221cf0
# instanceKlass com/android/tools/r8/internal/Jr0$$Lambda+0x00000189cf221ad0
# instanceKlass com/android/tools/r8/internal/Jr0$$Lambda+0x00000189cf2218b0
# instanceKlass com/android/tools/r8/internal/Jr0$$Lambda+0x00000189cf221690
# instanceKlass com/android/tools/r8/internal/Jr0$$Lambda+0x00000189cf221470
# instanceKlass com/android/tools/r8/internal/Jr0$$Lambda+0x00000189cf221250
# instanceKlass com/android/tools/r8/internal/Jr0$$Lambda+0x00000189cf220960
# instanceKlass com/android/tools/r8/internal/Jr0$$Lambda+0x00000189cf220e10
instanceKlass  @bci com/android/tools/r8/internal/Jr0 a (Ljava/util/function/Function;Ljava/util/function/Predicate;)Lcom/android/tools/r8/internal/Jr0; 2 <appendix> argL0 ; # com/android/tools/r8/internal/Jr0$$Lambda+0x00000189cf221030
# instanceKlass com/android/tools/r8/internal/Jr0$$Lambda+0x00000189cf220bb8
# instanceKlass com/android/tools/r8/internal/Jr0$$Lambda+0x00000189cf220708
# instanceKlass com/android/tools/r8/internal/Jr0$$Lambda+0x00000189cf2204b0
# instanceKlass com/android/tools/r8/internal/Jr0$$Lambda+0x00000189cf21fa28
# instanceKlass com/android/tools/r8/internal/Jr0$$Lambda+0x00000189cf21fc80
# instanceKlass com/android/tools/r8/internal/Jr0$$Lambda+0x00000189cf220000
instanceKlass  @bci com/android/tools/r8/internal/Jr0 j (Ljava/util/function/Function;)Lcom/android/tools/r8/internal/Jr0; 3 <appendix> member <vmtarget> ; # com/android/tools/r8/internal/Jr0$$Lambda+0x00000189cf220258
# instanceKlass com/android/tools/r8/internal/q70$$Lambda+0x00000189cf21f7e8
# instanceKlass com/android/tools/r8/internal/q70$$Lambda+0x00000189cf21f5a8
# instanceKlass com/android/tools/r8/internal/q70$$Lambda+0x00000189cf21f368
# instanceKlass com/android/tools/r8/internal/q70$$Lambda+0x00000189cf21f128
# instanceKlass com/android/tools/r8/internal/q70$$Lambda+0x00000189cf21eee8
instanceKlass  @bci com/android/tools/r8/internal/q70 a (Lcom/android/tools/r8/internal/Jr0;)V 17 <appendix> argL0 ; # com/android/tools/r8/internal/q70$$Lambda+0x00000189cf21eca8
# instanceKlass com/android/tools/r8/internal/q70$$Lambda+0x00000189cf21e848
# instanceKlass com/android/tools/r8/internal/q70$$Lambda+0x00000189cf21ea68
# instanceKlass com/android/tools/r8/internal/q70$$Lambda+0x00000189cf21e628
# instanceKlass com/android/tools/r8/internal/q70$$Lambda+0x00000189cf21e408
# instanceKlass com/android/tools/r8/internal/q70$$Lambda+0x00000189cf21e1e8
# instanceKlass com/android/tools/r8/internal/q70$$Lambda+0x00000189cf21dfc8
# instanceKlass com/android/tools/r8/internal/q70$$Lambda+0x00000189cf21dda8
# instanceKlass com/android/tools/r8/internal/q70$$Lambda+0x00000189cf21db88
instanceKlass  @bci com/android/tools/r8/internal/q70 a (Lcom/android/tools/r8/internal/Jr0;)V 9 <appendix> argL0 ; # com/android/tools/r8/internal/q70$$Lambda+0x00000189cf21d968
# instanceKlass com/android/tools/r8/internal/q70$$Lambda+0x00000189cf21d748
# instanceKlass com/android/tools/r8/internal/q70$$Lambda+0x00000189cf21d308
# instanceKlass com/android/tools/r8/internal/q70$$Lambda+0x00000189cf21d0e8
# instanceKlass com/android/tools/r8/internal/q70$$Lambda+0x00000189cf21d528
instanceKlass  @bci com/android/tools/r8/internal/q70 a (Lcom/android/tools/r8/internal/Jr0;)V 1 <appendix> argL0 ; # com/android/tools/r8/internal/q70$$Lambda+0x00000189cf21cec8
# instanceKlass com/android/tools/r8/internal/q70$$Lambda+0x00000189cf21cca8
# instanceKlass com/android/tools/r8/internal/q70$c$$Lambda+0x00000189cf21ca88
# instanceKlass com/android/tools/r8/internal/q70$c$$Lambda+0x00000189cf21c868
# instanceKlass com/android/tools/r8/internal/q70$c$$Lambda+0x00000189cf21c648
# instanceKlass com/android/tools/r8/internal/q70$c$$Lambda+0x00000189cf21c428
# instanceKlass com/android/tools/r8/internal/q70$c$$Lambda+0x00000189cf21c208
instanceKlass  @bci com/android/tools/r8/internal/q70$c m ()Lcom/android/tools/r8/internal/Hr0; 0 <appendix> argL0 ; # com/android/tools/r8/internal/q70$c$$Lambda+0x00000189cf21bfe8
# instanceKlass com/android/tools/r8/internal/q70$c$$Lambda+0x00000189cf21bdc8
# instanceKlass com/android/tools/r8/internal/q70$c$$Lambda+0x00000189cf21bba8
instanceKlass com/android/tools/r8/internal/K8
instanceKlass com/android/tools/r8/internal/xb
instanceKlass  @bci com/android/tools/r8/internal/R9 a (Ljava/util/function/BiFunction;Lcom/android/tools/r8/internal/X9;Lcom/android/tools/r8/internal/I9;)Lcom/android/tools/r8/internal/Wt0; 16 <appendix> member <vmtarget> ; # com/android/tools/r8/internal/R9$$Lambda+0x00000189cf219d58
instanceKlass  @bci com/android/tools/r8/internal/P9 a (Ljava/util/function/BiFunction;Lcom/android/tools/r8/internal/X9;Lcom/android/tools/r8/internal/I9;)Lcom/android/tools/r8/internal/Wt0; 16 <appendix> member <vmtarget> ; # com/android/tools/r8/internal/P9$$Lambda+0x00000189cf219b10
instanceKlass com/android/tools/r8/internal/JH
instanceKlass  @bci com/android/tools/r8/internal/K9 a ()I 1283 <appendix> member <vmtarget> ; # com/android/tools/r8/internal/K9$$Lambda+0x00000189cf2196d8
instanceKlass  @bci com/android/tools/r8/internal/I9 a (Lcom/android/tools/r8/graph/y;Lcom/android/tools/r8/internal/P8;Lcom/android/tools/r8/internal/Mx0;)Lcom/android/tools/r8/internal/I9; 4 <appendix> argL0 ; # com/android/tools/r8/internal/I9$$Lambda+0x00000189cf2194a8
instanceKlass com/android/tools/r8/internal/kb
instanceKlass  @bci com/android/tools/r8/internal/I9 b (Lcom/android/tools/r8/graph/y;Lcom/android/tools/r8/graph/M2;Lcom/android/tools/r8/internal/P8;Ljava/util/function/BiFunction;)Lcom/android/tools/r8/internal/I9; 15 <appendix> member <vmtarget> ; # com/android/tools/r8/internal/I9$$Lambda+0x00000189cf218f90
instanceKlass com/android/tools/r8/internal/vF
instanceKlass  @bci com/android/tools/r8/internal/V9 a (Lcom/android/tools/r8/internal/I9;Lcom/android/tools/r8/graph/y;Lcom/android/tools/r8/internal/P8;)Lcom/android/tools/r8/internal/I9; 24 <appendix> member <vmtarget> ; # com/android/tools/r8/internal/V9$$Lambda+0x00000189cf218ab8
# instanceKlass com/android/tools/r8/internal/sg$$Lambda+0x00000189cf218000
# instanceKlass com/android/tools/r8/internal/sg$$Lambda+0x00000189cf217c70
# instanceKlass com/android/tools/r8/internal/I9$$Lambda+0x00000189cf217a38
instanceKlass  @bci com/android/tools/r8/internal/I9 c (Ljava/util/function/BiFunction;)Lcom/android/tools/r8/internal/I9; 2 <appendix> member <vmtarget> ; # com/android/tools/r8/internal/I9$$Lambda+0x00000189cf217800
instanceKlass  @bci com/android/tools/r8/internal/sg a (Lcom/android/tools/r8/graph/y;Lcom/android/tools/r8/graph/M2;Lcom/android/tools/r8/internal/P8;Ljava/util/function/BiFunction;)Lcom/android/tools/r8/internal/I9; 11 <appendix> member <vmtarget> ; # com/android/tools/r8/internal/sg$$Lambda+0x00000189cf2175c8
# instanceKlass com/android/tools/r8/internal/nb$$Lambda+0x00000189cf217390
# instanceKlass com/android/tools/r8/internal/sg$$Lambda+0x00000189cf216f20
# instanceKlass com/android/tools/r8/internal/sg$$Lambda+0x00000189cf217158
# instanceKlass com/android/tools/r8/internal/sg$$Lambda+0x00000189cf216ce8
instanceKlass  @bci com/android/tools/r8/internal/sg a (Lcom/android/tools/r8/graph/B2;Lcom/android/tools/r8/internal/P8;)Lcom/android/tools/r8/internal/I9; 4 <appendix> member <vmtarget> ; # com/android/tools/r8/internal/sg$$Lambda+0x00000189cf216ab0
instanceKlass  @bci com/android/tools/r8/internal/nb a (Lcom/android/tools/r8/internal/I9;Lcom/android/tools/r8/graph/y;Lcom/android/tools/r8/internal/P8;)Lcom/android/tools/r8/internal/I9; 165 <appendix> member <vmtarget> ; # com/android/tools/r8/internal/nb$$Lambda+0x00000189cf216878
instanceKlass com/android/tools/r8/internal/Lx0
instanceKlass  @bci com/android/tools/r8/internal/I9 a (Lcom/android/tools/r8/graph/y;Lcom/android/tools/r8/internal/P8;Lcom/android/tools/r8/graph/M2;)Lcom/android/tools/r8/internal/I9; 2 <appendix> argL0 ; # com/android/tools/r8/internal/I9$$Lambda+0x00000189cf216440
instanceKlass com/android/tools/r8/internal/mb
# instanceKlass com/android/tools/r8/internal/ra$$Lambda+0x00000189cf216000
# instanceKlass com/android/tools/r8/internal/ra$$Lambda+0x00000189cf213c00
# instanceKlass com/android/tools/r8/internal/ra$$Lambda+0x00000189cf2139c8
# instanceKlass com/android/tools/r8/internal/ra$$Lambda+0x00000189cf213790
instanceKlass  @bci com/android/tools/r8/internal/ra a (Lcom/android/tools/r8/internal/I9;Lcom/android/tools/r8/graph/y;Lcom/android/tools/r8/internal/P8;)Lcom/android/tools/r8/internal/I9; 14 <appendix> member <vmtarget> ; # com/android/tools/r8/internal/ra$$Lambda+0x00000189cf213558
instanceKlass com/android/tools/r8/internal/Xy
instanceKlass com/android/tools/r8/internal/b9
instanceKlass com/android/tools/r8/internal/e9
instanceKlass com/android/tools/r8/internal/L9
instanceKlass com/android/tools/r8/internal/K9
instanceKlass com/android/tools/r8/graph/F
instanceKlass com/android/tools/r8/internal/Q9
instanceKlass com/android/tools/r8/internal/O9
instanceKlass com/android/tools/r8/internal/qa
instanceKlass  @bci com/android/tools/r8/internal/o5 a (Lcom/android/tools/r8/graph/u1;Lcom/android/tools/r8/graph/y;Lcom/android/tools/r8/graph/K5;Lcom/android/tools/r8/internal/n5;Lcom/android/tools/r8/internal/Lf;Ljava/util/LinkedHashMap;Lcom/android/tools/r8/synthesis/M;)V 54 <appendix> form vmentry <vmtarget> ; # java/lang/invoke/LambdaForm$DMH+0x00000189cf214000
# instanceKlass com/android/tools/r8/internal/i80$$Lambda+0x00000189cf210000
# instanceKlass com/android/tools/r8/internal/i80$$Lambda+0x00000189cf210228
# instanceKlass com/android/tools/r8/internal/i80$$Lambda+0x00000189cf20ac00
# instanceKlass com/android/tools/r8/internal/i80$$Lambda+0x00000189cf20bdb8
# instanceKlass com/android/tools/r8/internal/i80$$Lambda+0x00000189cf20bb90
instanceKlass  @bci com/android/tools/r8/internal/i80 a (Lcom/android/tools/r8/graph/K5;Lcom/android/tools/r8/internal/ga;Lcom/android/tools/r8/internal/Z40;Lcom/android/tools/r8/internal/Pi;Lcom/android/tools/r8/internal/Lf;Lcom/android/tools/r8/internal/at0;)V 35 <appendix> member <vmtarget> ; # com/android/tools/r8/internal/i80$$Lambda+0x00000189cf20b968
# instanceKlass com/android/tools/r8/internal/i80$$Lambda+0x00000189cf20b740
# instanceKlass com/android/tools/r8/internal/i80$$Lambda+0x00000189cf20b518
instanceKlass com/android/tools/r8/references/ClassReference
instanceKlass com/android/tools/r8/references/PrimitiveReference
instanceKlass com/android/tools/r8/references/Reference
instanceKlass com/android/tools/r8/position/MethodPosition
# instanceKlass com/android/tools/r8/internal/oU$$Lambda+0x00000189cf20e148
# instanceKlass com/android/tools/r8/internal/oU$$Lambda+0x00000189cf20df10
# instanceKlass com/android/tools/r8/internal/oU$$Lambda+0x00000189cf20dcd8
# instanceKlass com/android/tools/r8/internal/oU$$Lambda+0x00000189cf20daa0
# instanceKlass com/android/tools/r8/internal/oU$$Lambda+0x00000189cf20d868
# instanceKlass com/android/tools/r8/internal/oU$$Lambda+0x00000189cf20d630
# instanceKlass com/android/tools/r8/internal/oU$$Lambda+0x00000189cf20d3f8
instanceKlass  @bci com/android/tools/r8/internal/oU a (Lcom/android/tools/r8/internal/my;)Ljava/util/ArrayList; 10 <appendix> member <vmtarget> ; # com/android/tools/r8/internal/oU$$Lambda+0x00000189cf20d1c0
instanceKlass  @cpi com/android/tools/r8/internal/bz0 55 form vmentry <vmtarget> ; # java/lang/invoke/LambdaForm$DMH+0x00000189cf208c00
# instanceKlass com/android/tools/r8/internal/i80$$Lambda+0x00000189cf20cf88
# instanceKlass com/android/tools/r8/internal/i80$$Lambda+0x00000189cf20cd50
# instanceKlass com/android/tools/r8/internal/i80$$Lambda+0x00000189cf20cb18
# instanceKlass com/android/tools/r8/internal/i80$$Lambda+0x00000189cf20c8e0
# instanceKlass com/android/tools/r8/internal/i80$$Lambda+0x00000189cf20c6a8
# instanceKlass com/android/tools/r8/internal/i80$$Lambda+0x00000189cf20c470
instanceKlass  @bci com/android/tools/r8/internal/i80 a (Lcom/android/tools/r8/graph/H2;Lcom/android/tools/r8/internal/ga;Lcom/android/tools/r8/internal/Pi;Lcom/android/tools/r8/internal/mJ;Lcom/android/tools/r8/internal/at0;)V 12 <appendix> member <vmtarget> ; # com/android/tools/r8/internal/i80$$Lambda+0x00000189cf20c238
# instanceKlass com/android/tools/r8/internal/i80$$Lambda+0x00000189cf20c000
instanceKlass  @bci com/android/tools/r8/internal/Pc a (Lcom/android/tools/r8/internal/Qc;Ljava/util/concurrent/ExecutorService;Lcom/android/tools/r8/internal/at0;)V 561 <appendix> member <vmtarget> ; # com/android/tools/r8/internal/Pc$$Lambda+0x00000189cf203c70
instanceKlass com/android/tools/r8/internal/bt0
instanceKlass  @bci com/android/tools/r8/internal/Pc a (Ljava/util/Collection;)V 11 <appendix> member <vmtarget> ; # com/android/tools/r8/internal/Pc$$Lambda+0x00000189cf203800
instanceKlass com/android/tools/r8/internal/Um
instanceKlass  @bci com/android/tools/r8/internal/PR a (I)Lcom/android/tools/r8/graph/l1; 32 <appendix> form vmentry <vmtarget> ; # java/lang/invoke/LambdaForm$MH+0x00000189cf208800
instanceKlass  @bci com/android/tools/r8/internal/PR a (I)Lcom/android/tools/r8/graph/l1; 32 <appendix> argL3 form vmentry <vmtarget> ; # java/lang/invoke/LambdaForm$MH+0x00000189cf208400
# instanceKlass java/lang/invoke/LambdaForm$MH+0x00000189cf208000
# instanceKlass java/lang/invoke/LambdaForm$MH+0x00000189cf207c00
instanceKlass  @bci com/android/tools/r8/kotlin/q b (Lcom/android/tools/r8/graph/R2;Ljava/lang/String;)[Ljava/lang/String; 41 <appendix> argL1 argL1 form vmentry <vmtarget> ; # java/lang/invoke/LambdaForm$MH+0x00000189cf207800
# instanceKlass java/lang/invoke/LambdaForm$MH+0x00000189cf207400
instanceKlass java/util/IdentityHashMap$EntryIterator$Entry
instanceKlass  @bci com/android/tools/r8/internal/Pc b (Ljava/util/Collection;)Ljava/util/ArrayDeque; 190 <appendix> member <vmtarget> ; # com/android/tools/r8/internal/Pc$$Lambda+0x00000189cf2033c8
instanceKlass  @cpi com/android/tools/r8/internal/Pc 164 form vmentry <vmtarget> ; # java/lang/invoke/LambdaForm$DMH+0x00000189cf207000
instanceKlass com/android/tools/r8/internal/Qs0
instanceKlass  @bci com/android/tools/r8/internal/Pc b (Ljava/util/Collection;)Ljava/util/ArrayDeque; 140 <appendix> argL0 ; # com/android/tools/r8/internal/Pc$$Lambda+0x00000189cf202f88
instanceKlass  @bci com/android/tools/r8/internal/Pc b (Ljava/util/Collection;)Ljava/util/ArrayDeque; 46 <appendix> argL0 ; # com/android/tools/r8/internal/Pc$$Lambda+0x00000189cf202d48
instanceKlass java/util/TimSort
instanceKlass java/util/Arrays$LegacyMergeSort
instanceKlass  @bci java/util/Comparator comparing (Ljava/util/function/Function;)Ljava/util/Comparator; 6 <appendix> member <vmtarget> ; # java/util/Comparator$$Lambda+0x00000189cf0c6cf0
instanceKlass  @bci java/lang/invoke/BootstrapMethodInvoker invoke (Ljava/lang/Class;Ljava/lang/invoke/MethodHandle;Ljava/lang/String;Ljava/lang/Object;Ljava/lang/Object;Ljava/lang/Class;)Ljava/lang/Object; 462 <adapter> ; # java/lang/invoke/LambdaForm$MH+0x00000189cf206c00
instanceKlass  @bci com/android/tools/r8/internal/N80 a (Lcom/android/tools/r8/graph/M2;Ljava/util/Map;)V 48 <appendix> argL0 ; # com/android/tools/r8/internal/N80$$Lambda+0x00000189cf202b08
instanceKlass  @bci com/android/tools/r8/internal/N80 a (Lcom/android/tools/r8/graph/M2;Ljava/util/Map;)V 38 <appendix> member <vmtarget> ; # com/android/tools/r8/internal/N80$$Lambda+0x00000189cf2028d0
instanceKlass  @bci com/android/tools/r8/internal/Fs0 a (Ljava/lang/Iterable;Lcom/android/tools/r8/internal/Xs0;Lcom/android/tools/r8/threading/ThreadingModule;Ljava/util/concurrent/ExecutorService;)Ljava/util/ArrayList; 6 <appendix> member <vmtarget> ; # com/android/tools/r8/internal/Fs0$$Lambda+0x00000189cf202698
instanceKlass  @bci com/android/tools/r8/internal/Fs0 a (Ljava/lang/Iterable;Lcom/android/tools/r8/internal/Ss0;Lcom/android/tools/r8/threading/ThreadingModule;Ljava/util/concurrent/ExecutorService;)Ljava/util/ArrayList; 2 <appendix> member <vmtarget> ; # com/android/tools/r8/internal/Fs0$$Lambda+0x00000189cf202470
instanceKlass  @bci com/android/tools/r8/internal/Fs0 a (Ljava/util/Map;Lcom/android/tools/r8/internal/Ps0;Lcom/android/tools/r8/threading/ThreadingModule;Ljava/util/concurrent/ExecutorService;)V 7 <appendix> member <vmtarget> ; # com/android/tools/r8/internal/Fs0$$Lambda+0x00000189cf202248
instanceKlass com/android/tools/r8/internal/Ss0
instanceKlass  @bci com/android/tools/r8/internal/Fs0 a (Ljava/util/Map;Lcom/android/tools/r8/internal/Os0;Lcom/android/tools/r8/threading/ThreadingModule;Ljava/util/concurrent/ExecutorService;)V 2 <appendix> member <vmtarget> ; # com/android/tools/r8/internal/Fs0$$Lambda+0x00000189cf201e20
instanceKlass com/android/tools/r8/internal/Ps0
instanceKlass  @bci com/android/tools/r8/internal/N80 a (Lcom/android/tools/r8/threading/ThreadingModule;Ljava/util/concurrent/ExecutorService;)V 4 <appendix> argL0 ; # com/android/tools/r8/internal/N80$$Lambda+0x00000189cf201a00
instanceKlass com/android/tools/r8/internal/Os0
instanceKlass com/android/tools/r8/internal/py
instanceKlass com/android/tools/r8/internal/N1
instanceKlass  @bci com/android/tools/r8/internal/N80 a (Ljava/util/function/Supplier;Lcom/android/tools/r8/graph/B2;)Lcom/android/tools/r8/graph/K5; 21 <appendix> member <vmtarget> ; # com/android/tools/r8/internal/N80$$Lambda+0x00000189cf200f58
instanceKlass  @bci com/android/tools/r8/internal/N80 a (Ljava/util/function/Supplier;Lcom/android/tools/r8/graph/B2;)Lcom/android/tools/r8/graph/K5; 8 <appendix> argL0 ; # com/android/tools/r8/internal/N80$$Lambda+0x00000189cf200d18
instanceKlass  @bci com/android/tools/r8/internal/XZ a (Lcom/android/tools/r8/graph/B2;Lcom/android/tools/r8/graph/K5;Lcom/android/tools/r8/internal/ga;Lcom/android/tools/r8/internal/N80;)V 87 <appendix> member <vmtarget> ; # com/android/tools/r8/internal/XZ$$Lambda+0x00000189cf200af0
instanceKlass com/android/tools/r8/internal/WZ
instanceKlass  @bci com/android/tools/r8/synthesis/m a ()Lcom/android/tools/r8/graph/E0; 272 <appendix> member <vmtarget> ; # com/android/tools/r8/synthesis/m$$Lambda+0x00000189cf2006b8
instanceKlass  @bci com/android/tools/r8/synthesis/Q a (Ljava/lang/String;Lcom/android/tools/r8/synthesis/Q$b;Ljava/lang/String;Ljava/lang/String;)Ljava/lang/String; 7 <appendix> form vmentry <vmtarget> ; # java/lang/invoke/LambdaForm$MH+0x00000189cf206800
# instanceKlass java/lang/invoke/LambdaForm$MH+0x00000189cf206400
instanceKlass  @bci com/android/tools/r8/synthesis/Q a (Ljava/lang/String;Lcom/android/tools/r8/synthesis/Q$b;Ljava/lang/String;Ljava/lang/String;)Ljava/lang/String; 7 <appendix> argL3 form vmentry <vmtarget> ; # java/lang/invoke/LambdaForm$MH+0x00000189cf206000
# instanceKlass java/lang/invoke/LambdaForm$MH+0x00000189cf205c00
# instanceKlass java/lang/invoke/LambdaForm$MH+0x00000189cf205800
# instanceKlass java/lang/invoke/LambdaForm$MH+0x00000189cf205400
# instanceKlass java/lang/invoke/LambdaForm$MH+0x00000189cf205000
instanceKlass  @bci com/android/tools/r8/synthesis/Q a (Ljava/lang/String;Lcom/android/tools/r8/synthesis/Q$b;Ljava/lang/String;Ljava/lang/String;)Ljava/lang/String; 7 <appendix> argL1 form vmentry <vmtarget> ; # java/lang/invoke/LambdaForm$MH+0x00000189cf204c00
# instanceKlass java/lang/invoke/LambdaForm$MH+0x00000189cf204800
# instanceKlass java/lang/invoke/LambdaForm$MH+0x00000189cf204400
# instanceKlass java/lang/invoke/LambdaForm$MH+0x00000189cf204000
instanceKlass  @bci com/android/tools/r8/synthesis/E a (Lcom/android/tools/r8/synthesis/I;Lcom/android/tools/r8/graph/H2;Lcom/android/tools/r8/graph/y;Ljava/util/function/Consumer;)Lcom/android/tools/r8/graph/H2; 35 <appendix> member <vmtarget> ; # com/android/tools/r8/synthesis/E$$Lambda+0x00000189cf200470
instanceKlass com/android/tools/r8/FeatureSplit
instanceKlass  @bci com/android/tools/r8/internal/XZ a (Lcom/android/tools/r8/graph/E0;Lcom/android/tools/r8/graph/M2;)Lcom/android/tools/r8/graph/E0; 34 <appendix> argL0 ; # com/android/tools/r8/internal/XZ$$Lambda+0x00000189cf1fdc00
instanceKlass  @bci com/android/tools/r8/internal/XZ a (Lcom/android/tools/r8/graph/E0;Lcom/android/tools/r8/graph/M2;)Lcom/android/tools/r8/graph/E0; 19 <appendix> argL0 ; # com/android/tools/r8/internal/XZ$$Lambda+0x00000189cf1ffd68
instanceKlass  @bci com/android/tools/r8/internal/XZ a (Lcom/android/tools/r8/graph/H0;)Lcom/android/tools/r8/graph/E0; 170 <appendix> member <vmtarget> ; # com/android/tools/r8/internal/XZ$$Lambda+0x00000189cf1ffb20
instanceKlass  @bci com/android/tools/r8/internal/XZ a (Lcom/android/tools/r8/graph/B2;Lcom/android/tools/r8/graph/K5;Lcom/android/tools/r8/internal/ga;Lcom/android/tools/r8/internal/N80;)V 2 <appendix> member <vmtarget> ; # com/android/tools/r8/internal/XZ$$Lambda+0x00000189cf1ff8d8
instanceKlass  @bci com/android/tools/r8/internal/Pq0 b (Lcom/android/tools/r8/internal/ja;)Lcom/android/tools/r8/internal/cm; 2 <appendix> member <vmtarget> ; # com/android/tools/r8/internal/Pq0$$Lambda+0x00000189cf1fecd8
instanceKlass com/android/tools/r8/internal/mu
instanceKlass com/android/tools/r8/internal/no0
instanceKlass  @bci com/android/tools/r8/internal/hJ b (Lcom/android/tools/r8/graph/E0;Lcom/android/tools/r8/graph/B2;Lcom/android/tools/r8/internal/PK;ZLcom/android/tools/r8/graph/K5;)Lcom/android/tools/r8/internal/dJ; 163 <appendix> member <vmtarget> ; # com/android/tools/r8/internal/hJ$$Lambda+0x00000189cf1fe458
instanceKlass com/android/tools/r8/internal/gJ
# instanceKlass java/lang/invoke/LambdaForm$DMH+0x00000189cf1fd800
# instanceKlass com/android/tools/r8/internal/cm$$Lambda+0x00000189cf1fbcd8
# instanceKlass com/android/tools/r8/internal/cm$$Lambda+0x00000189cf1fbaa8
# instanceKlass com/android/tools/r8/internal/cm$$Lambda+0x00000189cf1fb878
instanceKlass  @bci com/android/tools/r8/internal/cm b ()V 7 <appendix> argL0 ; # com/android/tools/r8/internal/cm$$Lambda+0x00000189cf1fb648
instanceKlass  @cpi com/android/tools/r8/internal/cm 29 form vmentry <vmtarget> ; # java/lang/invoke/LambdaForm$DMH+0x00000189cf1fc800
instanceKlass com/android/tools/r8/internal/em
# instanceKlass com/android/tools/r8/internal/eJ$$Lambda+0x00000189cf1fb220
instanceKlass  @bci com/android/tools/r8/internal/eJ a (Lcom/android/tools/r8/graph/K5;)Lcom/android/tools/r8/internal/cm; 1 <appendix> member <vmtarget> ; # com/android/tools/r8/internal/eJ$$Lambda+0x00000189cf1faff8
# instanceKlass com/android/tools/r8/graph/j$$Lambda+0x00000189cf1fab80
# instanceKlass com/android/tools/r8/graph/j$$Lambda+0x00000189cf1fa6f0
instanceKlass  @bci com/android/tools/r8/graph/j d (Lcom/android/tools/r8/graph/E0;Lcom/android/tools/r8/graph/I2;Lcom/android/tools/r8/graph/L2;)Lcom/android/tools/r8/graph/c5; 12 <appendix> member <vmtarget> ; # com/android/tools/r8/graph/j$$Lambda+0x00000189cf1fa938
instanceKlass  @bci com/android/tools/r8/internal/l5 a (Ljava/util/function/BiFunction;Lcom/android/tools/r8/graph/B2;)Lcom/android/tools/r8/internal/cm; 3 <appendix> member <vmtarget> ; # com/android/tools/r8/internal/l5$$Lambda+0x00000189cf1fa4c8
instanceKlass  @bci com/android/tools/r8/internal/l5 a (Lcom/android/tools/r8/graph/B2;Lcom/android/tools/r8/graph/K5;Z)Lcom/android/tools/r8/internal/fm; 120 <appendix> member <vmtarget> ; # com/android/tools/r8/internal/l5$$Lambda+0x00000189cf1fa290
instanceKlass  @bci com/android/tools/r8/synthesis/z a (Lcom/android/tools/r8/internal/at0;Lcom/android/tools/r8/graph/y;Ljava/util/Map;Ljava/util/Map;Lcom/android/tools/r8/synthesis/v;Ljava/util/function/BiConsumer;Ljava/util/function/BiConsumer;Ljava/util/Set;)Lcom/android/tools/r8/graph/x0; 57 <appendix> form vmentry <vmtarget> ; # java/lang/invoke/LambdaForm$DMH+0x00000189cf1fc400
instanceKlass  @bci com/android/tools/r8/graph/X4 b (Lcom/android/tools/r8/graph/E0;Lcom/android/tools/r8/graph/I2;Lcom/android/tools/r8/graph/L2;)Lcom/android/tools/r8/graph/c5; 94 <appendix> member <vmtarget> ; # com/android/tools/r8/graph/X4$$Lambda+0x00000189cf1fa058
instanceKlass  @cpi com/android/tools/r8/graph/X4 386 form vmentry <vmtarget> ; # java/lang/invoke/LambdaForm$DMH+0x00000189cf1fc000
instanceKlass  @bci com/android/tools/r8/graph/j b (Lcom/android/tools/r8/graph/M2;Lcom/android/tools/r8/graph/M2;)Z 151 <appendix> member <vmtarget> ; # com/android/tools/r8/graph/j$$Lambda+0x00000189cf1f9e30
instanceKlass  @bci com/android/tools/r8/internal/VR a (Lcom/android/tools/r8/internal/X9;)Lcom/android/tools/r8/internal/cm; 2 <appendix> member <vmtarget> ; # com/android/tools/r8/internal/VR$$Lambda+0x00000189cf1f9c08
# instanceKlass com/android/tools/r8/graph/c5$c$$Lambda+0x00000189cf1f9798
instanceKlass  @bci com/android/tools/r8/graph/h f (Lcom/android/tools/r8/graph/M2;)Lcom/android/tools/r8/graph/b0; 23 <appendix> member <vmtarget> ; # com/android/tools/r8/graph/h$$Lambda+0x00000189cf1f9550
instanceKlass com/android/tools/r8/internal/L5
instanceKlass  @bci com/android/tools/r8/graph/c5$c c (Lcom/android/tools/r8/graph/H2;Lcom/android/tools/r8/graph/y;Lcom/android/tools/r8/graph/j;)Lcom/android/tools/r8/graph/H0; 67 <appendix> argL0 ; # com/android/tools/r8/graph/c5$c$$Lambda+0x00000189cf1f90f0
instanceKlass com/android/tools/r8/graph/e
# instanceKlass com/android/tools/r8/graph/X4$$Lambda+0x00000189cf1f8cb0
instanceKlass  @bci com/android/tools/r8/graph/X4 a (Lcom/android/tools/r8/graph/B2;)Lcom/android/tools/r8/graph/c5; 136 <appendix> member <vmtarget> ; # com/android/tools/r8/graph/X4$$Lambda+0x00000189cf1f8a78
# instanceKlass com/android/tools/r8/graph/j$$Lambda+0x00000189cf1f8830
instanceKlass  @bci com/android/tools/r8/graph/j f (Lcom/android/tools/r8/graph/B2;)Lcom/android/tools/r8/graph/c5; 12 <appendix> member <vmtarget> ; # com/android/tools/r8/graph/j$$Lambda+0x00000189cf1f85e8
instanceKlass com/android/tools/r8/internal/tG
instanceKlass jdk/internal/util/ByteArray
instanceKlass java/io/ObjectOutputStream$ReplaceTable
instanceKlass java/io/ObjectOutputStream$HandleTable
instanceKlass com/android/tools/r8/internal/K
instanceKlass com/android/tools/r8/internal/lF
instanceKlass com/android/tools/r8/internal/aF
instanceKlass com/android/tools/r8/graph/proto/d
instanceKlass com/android/tools/r8/graph/proto/c
instanceKlass  @bci com/android/tools/r8/graph/X4 a (Lcom/android/tools/r8/graph/E0;Lcom/android/tools/r8/graph/I2;Lcom/android/tools/r8/graph/L2;Lcom/android/tools/r8/graph/E0;)Lcom/android/tools/r8/graph/c5; 272 <appendix> member <vmtarget> ; # com/android/tools/r8/graph/X4$$Lambda+0x00000189cf1f6e00
instanceKlass com/android/tools/r8/graph/proto/j
instanceKlass java/io/ObjectStreamConstants
instanceKlass java/io/ObjectOutput
instanceKlass  @bci com/android/tools/r8/graph/U4 a (Lcom/android/tools/r8/graph/M2;)V 19 <appendix> member <vmtarget> ; # com/android/tools/r8/graph/U4$$Lambda+0x00000189cf1f69b8
instanceKlass com/android/tools/r8/graph/C0
instanceKlass com/android/tools/r8/internal/P5
instanceKlass com/android/tools/r8/internal/RR
instanceKlass  @bci com/android/tools/r8/graph/s3 b (Ljava/util/function/Predicate;)Ljava/util/List; 22 <appendix> member <vmtarget> ; # com/android/tools/r8/graph/s3$$Lambda+0x00000189cf1f5d10
instanceKlass  @bci com/android/tools/r8/graph/s3 g ()Ljava/util/List; 1 <appendix> argL0 ; # com/android/tools/r8/graph/s3$$Lambda+0x00000189cf1f5ac0
instanceKlass  @bci com/android/tools/r8/internal/Lb a (Lcom/android/tools/r8/internal/ja;Lcom/android/tools/r8/graph/K5;)Z 6 <appendix> member <vmtarget> ; # com/android/tools/r8/internal/Lb$$Lambda+0x00000189cf1f5838
instanceKlass com/android/tools/r8/internal/pd0
# instanceKlass com/android/tools/r8/graph/X4$$Lambda+0x00000189cf1f53f8
instanceKlass  @bci com/android/tools/r8/graph/X4 a (Lcom/android/tools/r8/graph/I2;Lcom/android/tools/r8/graph/L2;Lcom/android/tools/r8/graph/E0;Lcom/android/tools/r8/graph/U4;Lcom/android/tools/r8/graph/M2;Ljava/util/List;Lcom/android/tools/r8/graph/W4;)V 100 <appendix> form vmentry <vmtarget> ; # java/lang/invoke/LambdaForm$DMH+0x00000189cf1f0800
# instanceKlass com/android/tools/r8/graph/X4$$Lambda+0x00000189cf1f51c0
# instanceKlass com/android/tools/r8/graph/X4$$Lambda+0x00000189cf1f4d50
# instanceKlass com/android/tools/r8/graph/X4$$Lambda+0x00000189cf1f4f88
# instanceKlass com/android/tools/r8/graph/X4$$Lambda+0x00000189cf1f4b18
# instanceKlass com/android/tools/r8/graph/X4$$Lambda+0x00000189cf1f48e0
instanceKlass  @bci com/android/tools/r8/graph/X4 a (Lcom/android/tools/r8/graph/I2;Lcom/android/tools/r8/graph/L2;Lcom/android/tools/r8/graph/E0;Lcom/android/tools/r8/graph/U4;Lcom/android/tools/r8/graph/M2;Ljava/util/List;Lcom/android/tools/r8/graph/W4;)V 100 <appendix> member <vmtarget> ; # com/android/tools/r8/graph/X4$$Lambda+0x00000189cf1f46a8
# instanceKlass com/android/tools/r8/graph/X4$$Lambda+0x00000189cf1f4470
# instanceKlass com/android/tools/r8/graph/X4$$Lambda+0x00000189cf1f4238
# instanceKlass com/android/tools/r8/graph/X4$$Lambda+0x00000189cf1f4000
# instanceKlass com/android/tools/r8/graph/X4$$Lambda+0x00000189cf1e9c70
instanceKlass  @bci com/android/tools/r8/graph/X4 a (Lcom/android/tools/r8/graph/I2;Lcom/android/tools/r8/graph/L2;Lcom/android/tools/r8/graph/E0;Lcom/android/tools/r8/graph/U4;Lcom/android/tools/r8/graph/M2;Ljava/util/List;Lcom/android/tools/r8/graph/W4;)V 60 <appendix> form vmentry <vmtarget> ; # java/lang/invoke/LambdaForm$DMH+0x00000189cf1f0400
# instanceKlass com/android/tools/r8/graph/X4$$Lambda+0x00000189cf1e9a38
instanceKlass  @cpi com/android/tools/r8/graph/X4 150 form vmentry <vmtarget> ; # java/lang/invoke/LambdaForm$DMH+0x00000189cf1f0000
instanceKlass  @bci com/android/tools/r8/graph/X4 a (Lcom/android/tools/r8/graph/I2;Lcom/android/tools/r8/graph/L2;Lcom/android/tools/r8/graph/E0;Lcom/android/tools/r8/graph/U4;Lcom/android/tools/r8/graph/M2;Ljava/util/List;Lcom/android/tools/r8/graph/W4;)V 60 <appendix> member <vmtarget> ; # com/android/tools/r8/graph/X4$$Lambda+0x00000189cf1e9800
instanceKlass  @cpi com/android/tools/r8/graph/X4 216 form vmentry <vmtarget> ; # java/lang/invoke/LambdaForm$DMH+0x00000189cf1e9000
instanceKlass com/android/tools/r8/graph/U4
instanceKlass  @bci com/android/tools/r8/graph/j b (Lcom/android/tools/r8/graph/E0;Lcom/android/tools/r8/graph/B2;)Lcom/android/tools/r8/graph/H0; 2 <appendix> member <vmtarget> ; # com/android/tools/r8/graph/j$$Lambda+0x00000189cf1ebae8
instanceKlass com/android/tools/r8/graph/K4
# instanceKlass com/android/tools/r8/graph/X4$$Lambda+0x00000189cf1ea8e0
# instanceKlass com/android/tools/r8/graph/X4$$Lambda+0x00000189cf1ea6a8
# instanceKlass com/android/tools/r8/graph/X4$$Lambda+0x00000189cf1ea470
# instanceKlass com/android/tools/r8/graph/X4$$Lambda+0x00000189cf1ea000
# instanceKlass com/android/tools/r8/graph/X4$$Lambda+0x00000189cf1ea238
instanceKlass  @bci com/android/tools/r8/graph/X4 a (Lcom/android/tools/r8/graph/M2;Lcom/android/tools/r8/graph/I2;Lcom/android/tools/r8/graph/L2;)Lcom/android/tools/r8/graph/c5; 125 <appendix> member <vmtarget> ; # com/android/tools/r8/graph/X4$$Lambda+0x00000189cf1efda8
instanceKlass  @bci com/android/tools/r8/graph/X4 b (Lcom/android/tools/r8/graph/M2;Lcom/android/tools/r8/graph/I2;Lcom/android/tools/r8/graph/L2;)Lcom/android/tools/r8/graph/c5; 45 <appendix> member <vmtarget> ; # com/android/tools/r8/graph/X4$$Lambda+0x00000189cf1efb70
instanceKlass com/android/tools/r8/internal/dm
instanceKlass com/android/tools/r8/graph/Z4
instanceKlass com/android/tools/r8/internal/u5
instanceKlass  @bci com/android/tools/r8/internal/J5 a (Lcom/android/tools/r8/internal/ia;Lcom/android/tools/r8/internal/z5;)Lcom/android/tools/r8/internal/cm; 3 <appendix> member <vmtarget> ; # com/android/tools/r8/internal/J5$$Lambda+0x00000189cf1ed318
instanceKlass  @cpi com/android/tools/r8/internal/l5 254 form vmentry <vmtarget> ; # java/lang/invoke/LambdaForm$DMH+0x00000189cf1e8c00
instanceKlass com/android/tools/r8/internal/EU
instanceKlass  @bci com/android/tools/r8/graph/j c (Lcom/android/tools/r8/graph/M2;Lcom/android/tools/r8/graph/B2;)Lcom/android/tools/r8/graph/c5; 12 <appendix> member <vmtarget> ; # com/android/tools/r8/graph/j$$Lambda+0x00000189cf1eced0
instanceKlass  @bci com/android/tools/r8/graph/X4 a (Lcom/android/tools/r8/graph/u1;Ljava/util/function/Function;)Lcom/android/tools/r8/graph/X4; 5 <appendix> member <vmtarget> ; # com/android/tools/r8/graph/X4$$Lambda+0x00000189cf1ecc88
instanceKlass com/android/tools/r8/internal/xy
instanceKlass com/android/tools/r8/graph/W4
instanceKlass com/android/tools/r8/internal/bm
instanceKlass  @bci com/android/tools/r8/internal/J5 a (Lcom/android/tools/r8/graph/K5;)Z 39 <appendix> argL0 ; # com/android/tools/r8/internal/J5$$Lambda+0x00000189cf1e7518
instanceKlass  @bci com/android/tools/r8/internal/J5 a (Lcom/android/tools/r8/graph/K5;)Z 14 <appendix> argL0 ; # com/android/tools/r8/internal/J5$$Lambda+0x00000189cf1e72f8
# instanceKlass com/android/tools/r8/internal/x10$$Lambda+0x00000189cf1e6748
# instanceKlass com/android/tools/r8/internal/x10$$Lambda+0x00000189cf1e6510
instanceKlass com/android/tools/r8/graph/X4
instanceKlass  @bci com/android/tools/r8/internal/x10 a (Lcom/android/tools/r8/internal/ga;Lcom/android/tools/r8/internal/N80;Lcom/android/tools/r8/graph/K5;)V 80 <appendix> member <vmtarget> ; # com/android/tools/r8/internal/x10$$Lambda+0x00000189cf1e60c8
instanceKlass com/android/tools/r8/ProgramResource$ByteResource
# instanceKlass com/android/tools/r8/graph/j$$Lambda+0x00000189cf1e5bf8
instanceKlass  @bci com/android/tools/r8/graph/j b (Lcom/android/tools/r8/graph/M2;Lcom/android/tools/r8/graph/I2;Lcom/android/tools/r8/graph/L2;)Lcom/android/tools/r8/graph/c5; 12 <appendix> member <vmtarget> ; # com/android/tools/r8/graph/j$$Lambda+0x00000189cf1e59b0
instanceKlass  @bci com/android/tools/r8/kotlin/m b (Ljava/util/function/Consumer;Lcom/android/tools/r8/graph/y;)Z 19 <appendix> form vmentry <vmtarget> ; # java/lang/invoke/LambdaForm$DMH+0x00000189cf1e8000
instanceKlass  @bci com/android/tools/r8/internal/XZ a (Lcom/android/tools/r8/internal/ga;Lcom/android/tools/r8/internal/N80;Lcom/android/tools/r8/graph/K5;)V 20 <appendix> member <vmtarget> ; # com/android/tools/r8/internal/XZ$$Lambda+0x00000189cf1e5778
# instanceKlass com/android/tools/r8/internal/XZ$$Lambda+0x00000189cf1e5540
# instanceKlass com/android/tools/r8/internal/XZ$$Lambda+0x00000189cf1e5308
instanceKlass com/android/tools/r8/shaking/v2
instanceKlass  @bci com/android/tools/r8/dex/q0 a (ILjava/lang/String;Z)Ljava/lang/String; 70 <appendix> form vmentry <vmtarget> ; # java/lang/invoke/LambdaForm$MH+0x00000189cf164400
# instanceKlass com/android/tools/r8/internal/l5$$Lambda+0x00000189cf1e4ed8
# instanceKlass com/android/tools/r8/internal/l5$$Lambda+0x00000189cf1e4cb8
instanceKlass  @bci com/android/tools/r8/internal/l5 b (Lcom/android/tools/r8/graph/K5;Lcom/android/tools/r8/internal/X9;)Lcom/android/tools/r8/internal/fm; 14 <appendix> argL0 ; # com/android/tools/r8/internal/l5$$Lambda+0x00000189cf1e4878
# instanceKlass com/android/tools/r8/internal/l5$$Lambda+0x00000189cf1e4a98
# instanceKlass com/android/tools/r8/internal/l5$$Lambda+0x00000189cf1e4658
# instanceKlass com/android/tools/r8/internal/Uz$$Lambda+0x00000189cf1e41e0
instanceKlass com/android/tools/r8/synthesis/I
# instanceKlass com/android/tools/r8/internal/Uz$$Lambda+0x00000189cf1e3db0
# instanceKlass com/android/tools/r8/internal/Uz$$Lambda+0x00000189cf1e3b80
# instanceKlass com/android/tools/r8/internal/Uz$$Lambda+0x00000189cf1e3950
# instanceKlass com/android/tools/r8/internal/Uz$$Lambda+0x00000189cf1e3720
# instanceKlass com/android/tools/r8/internal/Uz$$Lambda+0x00000189cf1e34f0
instanceKlass  @bci com/android/tools/r8/internal/Uz a (Lcom/android/tools/r8/internal/Uz;Lcom/android/tools/r8/graph/B2;)Lcom/android/tools/r8/graph/B2; 2 <appendix> argL0 ; # com/android/tools/r8/internal/Uz$$Lambda+0x00000189cf1e32c0
# instanceKlass com/android/tools/r8/internal/Uz$$Lambda+0x00000189cf1e3090
instanceKlass com/android/tools/r8/internal/aL
# instanceKlass com/android/tools/r8/internal/Lb$$Lambda+0x00000189cf1e2c00
# instanceKlass com/android/tools/r8/internal/Lb$$Lambda+0x00000189cf1e2978
# instanceKlass com/android/tools/r8/internal/Lb$$Lambda+0x00000189cf1e26f0
# instanceKlass com/android/tools/r8/internal/Lb$$Lambda+0x00000189cf1e2468
# instanceKlass com/android/tools/r8/internal/Lb$$Lambda+0x00000189cf1e21e0
# instanceKlass com/android/tools/r8/internal/Lb$$Lambda+0x00000189cf1e1f58
instanceKlass  @bci com/android/tools/r8/internal/Lb a (Lcom/android/tools/r8/internal/ia;Lcom/android/tools/r8/graph/K5;)Z 6 <appendix> member <vmtarget> ; # com/android/tools/r8/internal/Lb$$Lambda+0x00000189cf1e1cd0
# instanceKlass com/android/tools/r8/internal/Lb$$Lambda+0x00000189cf1e1a48
instanceKlass java/util/Collections$UnmodifiableCollection$1
instanceKlass  @bci com/android/tools/r8/internal/x10 a (Lcom/android/tools/r8/internal/ga;Lcom/android/tools/r8/internal/N80;Lcom/android/tools/r8/graph/K5;)V 66 <appendix> member <vmtarget> ; # com/android/tools/r8/internal/x10$$Lambda+0x00000189cf1e1810
instanceKlass  @bci com/android/tools/r8/internal/i80 a (Ljava/util/function/Consumer;Lcom/android/tools/r8/graph/H2;)V 1 <appendix> argL0 ; # com/android/tools/r8/internal/i80$$Lambda+0x00000189cf1e15c0
instanceKlass  @bci com/android/tools/r8/internal/i80 a (Ljava/util/Collection;Ljava/util/function/Consumer;)V 2 <appendix> member <vmtarget> ; # com/android/tools/r8/internal/i80$$Lambda+0x00000189cf1e1388
instanceKlass  @bci com/android/tools/r8/internal/Fs0 a (Lcom/android/tools/r8/internal/my;Lcom/android/tools/r8/internal/Rs0;Lcom/android/tools/r8/threading/ThreadingModule;Ljava/util/concurrent/ExecutorService;)V 2 <appendix> member <vmtarget> ; # com/android/tools/r8/internal/Fs0$$Lambda+0x00000189cf1e1160
instanceKlass  @bci com/android/tools/r8/internal/i80 a (Lcom/android/tools/r8/internal/ga;Ljava/util/concurrent/ExecutorService;Lcom/android/tools/r8/internal/my;)V 40 <appendix> member <vmtarget> ; # com/android/tools/r8/internal/i80$$Lambda+0x00000189cf1e0f28
instanceKlass com/android/tools/r8/internal/Rs0
instanceKlass com/android/tools/r8/internal/N80
instanceKlass  @bci com/android/tools/r8/internal/i80 a (Lcom/android/tools/r8/internal/ga;Ljava/util/concurrent/ExecutorService;Ljava/util/Collection;)V 2 <appendix> member <vmtarget> ; # com/android/tools/r8/internal/i80$$Lambda+0x00000189cf1e08e0
# instanceKlass com/android/tools/r8/graph/Q4$$Lambda+0x00000189cf1e0238
# instanceKlass com/android/tools/r8/graph/Q4$$Lambda+0x00000189cf1e06a8
# instanceKlass com/android/tools/r8/graph/Q4$$Lambda+0x00000189cf1e0470
# instanceKlass com/android/tools/r8/graph/Q4$$Lambda+0x00000189cf1e0000
# instanceKlass com/android/tools/r8/graph/Q4$$Lambda+0x00000189cf1dfdb8
# instanceKlass com/android/tools/r8/graph/Q4$$Lambda+0x00000189cf1dfb80
# instanceKlass com/android/tools/r8/graph/Q4$$Lambda+0x00000189cf1df948
instanceKlass  @bci com/android/tools/r8/graph/Q4 b (Ljava/util/function/Consumer;Ljava/util/function/Predicate;)V 7 <appendix> member <vmtarget> ; # com/android/tools/r8/graph/Q4$$Lambda+0x00000189cf1df710
# instanceKlass com/android/tools/r8/graph/H2$$Lambda+0x00000189cf1df4d8
# instanceKlass com/android/tools/r8/graph/H2$$Lambda+0x00000189cf1df2a0
# instanceKlass com/android/tools/r8/graph/H2$$Lambda+0x00000189cf1df068
# instanceKlass com/android/tools/r8/graph/H2$$Lambda+0x00000189cf1dee30
# instanceKlass com/android/tools/r8/graph/H2$$Lambda+0x00000189cf1debf8
instanceKlass  @bci com/android/tools/r8/graph/H2 h (Ljava/util/function/Consumer;Ljava/util/function/Predicate;)V 6 <appendix> member <vmtarget> ; # com/android/tools/r8/graph/H2$$Lambda+0x00000189cf1de9c0
instanceKlass  @bci com/android/tools/r8/internal/Pc a (Lcom/android/tools/r8/graph/H2;)V 2 <appendix> member <vmtarget> ; # com/android/tools/r8/internal/Pc$$Lambda+0x00000189cf1de550
# instanceKlass com/android/tools/r8/internal/Pc$$Lambda+0x00000189cf1de788
instanceKlass com/android/tools/r8/I
instanceKlass  @bci com/android/tools/r8/internal/Pc a (Ljava/util/concurrent/ExecutorService;)V 13 <appendix> member <vmtarget> ; # com/android/tools/r8/internal/Pc$$Lambda+0x00000189cf1de110
instanceKlass  @bci com/android/tools/r8/internal/m9 a (Ljava/util/concurrent/ExecutorService;Lcom/android/tools/r8/internal/p9;Lcom/android/tools/r8/internal/at0;)V 90 <appendix> member <vmtarget> ; # com/android/tools/r8/internal/m9$$Lambda+0x00000189cf1dded8
instanceKlass com/android/tools/r8/internal/Wc0
instanceKlass com/android/tools/r8/internal/k9
instanceKlass com/android/tools/r8/internal/n9
instanceKlass com/android/tools/r8/internal/Qc
instanceKlass com/android/tools/r8/internal/ny
instanceKlass com/android/tools/r8/internal/ga
instanceKlass com/android/tools/r8/internal/hm
instanceKlass com/android/tools/r8/internal/W2
instanceKlass com/android/tools/r8/internal/Lm
instanceKlass com/android/tools/r8/internal/PI
instanceKlass com/android/tools/r8/internal/ou0
instanceKlass com/android/tools/r8/internal/p9
instanceKlass com/android/tools/r8/internal/Tx0
instanceKlass com/android/tools/r8/internal/cd0
instanceKlass com/android/tools/r8/internal/zm
instanceKlass com/android/tools/r8/internal/Nm
instanceKlass com/android/tools/r8/internal/qu
instanceKlass com/android/tools/r8/internal/n6
instanceKlass com/android/tools/r8/internal/HZ
instanceKlass com/android/tools/r8/internal/Rz
instanceKlass com/android/tools/r8/internal/mJ
instanceKlass com/android/tools/r8/internal/TX
instanceKlass com/android/tools/r8/internal/yE
instanceKlass com/android/tools/r8/internal/Ou
instanceKlass com/android/tools/r8/ir/optimize/c
instanceKlass com/android/tools/r8/internal/A80
instanceKlass com/android/tools/r8/internal/SR
instanceKlass com/android/tools/r8/internal/mH
instanceKlass com/android/tools/r8/internal/eH
instanceKlass com/android/tools/r8/internal/Ea
instanceKlass  @bci com/android/tools/r8/internal/x10 a ()[[Lcom/android/tools/r8/internal/Y9; 78 <appendix> member <vmtarget> ; # com/android/tools/r8/internal/x10$$Lambda+0x00000189cf1d6bb8
instanceKlass  @bci com/android/tools/r8/internal/x10 a ()[[Lcom/android/tools/r8/internal/Y9; 67 <appendix> member <vmtarget> ; # com/android/tools/r8/internal/x10$$Lambda+0x00000189cf1d6980
instanceKlass  @cpi com/android/tools/r8/internal/x10 80 form vmentry <vmtarget> ; # java/lang/invoke/LambdaForm$DMH+0x00000189cf1d4400
instanceKlass com/android/tools/r8/internal/lL
instanceKlass com/android/tools/r8/errors/UnsupportedFeatureDiagnostic
instanceKlass com/android/tools/r8/internal/Pw0
instanceKlass com/android/tools/r8/internal/Sw0
instanceKlass com/android/tools/r8/internal/U7
instanceKlass com/android/tools/r8/internal/IK
instanceKlass com/android/tools/r8/internal/HK
instanceKlass com/android/tools/r8/internal/Eh
instanceKlass com/android/tools/r8/ir/optimize/L0
instanceKlass com/android/tools/r8/internal/Fh
instanceKlass  @bci com/android/tools/r8/internal/LI a (Lcom/android/tools/r8/graph/y;)Ljava/util/function/Predicate; 11 <appendix> member <vmtarget> ; # com/android/tools/r8/internal/LI$$Lambda+0x00000189cf1d1618
instanceKlass  @cpi com/android/tools/r8/internal/Mz 162 form vmentry <vmtarget> ; # java/lang/invoke/LambdaForm$DMH+0x00000189cf1d4000
instanceKlass com/android/tools/r8/internal/pu
instanceKlass com/android/tools/r8/internal/NI
instanceKlass com/android/tools/r8/graph/f
instanceKlass com/android/tools/r8/internal/LI
instanceKlass com/android/tools/r8/internal/eJ
instanceKlass com/android/tools/r8/internal/dJ
instanceKlass com/android/tools/r8/internal/hJ
instanceKlass com/android/tools/r8/internal/QI
instanceKlass com/android/tools/r8/internal/TR
instanceKlass com/android/tools/r8/internal/VR
instanceKlass com/android/tools/r8/internal/Mq0
instanceKlass com/android/tools/r8/internal/Pq0
instanceKlass com/android/tools/r8/c
instanceKlass com/android/tools/r8/internal/wv0
instanceKlass com/android/tools/r8/internal/vv0
instanceKlass com/android/tools/r8/internal/PJ
instanceKlass com/android/tools/r8/graph/Z
instanceKlass  @bci com/android/tools/r8/graph/z4 f (Lcom/android/tools/r8/graph/M2;)Lcom/android/tools/r8/graph/b0; 101 <appendix> member <vmtarget> ; # com/android/tools/r8/graph/z4$$Lambda+0x00000189cf1ced68
instanceKlass  @bci com/android/tools/r8/graph/z4 f (Lcom/android/tools/r8/graph/M2;)Lcom/android/tools/r8/graph/b0; 60 <appendix> member <vmtarget> ; # com/android/tools/r8/graph/z4$$Lambda+0x00000189cf1ceb30
instanceKlass  @bci com/android/tools/r8/graph/z4 f (Lcom/android/tools/r8/graph/M2;)Lcom/android/tools/r8/graph/b0; 28 <appendix> member <vmtarget> ; # com/android/tools/r8/graph/z4$$Lambda+0x00000189cf1ce8f8
instanceKlass com/android/tools/r8/internal/DJ
instanceKlass  @bci com/android/tools/r8/internal/qd a ()Lcom/android/tools/r8/graph/E0; 71 <appendix> member <vmtarget> ; # com/android/tools/r8/internal/qd$$Lambda+0x00000189cf1ce470
instanceKlass com/android/tools/r8/internal/qd
instanceKlass  @bci com/android/tools/r8/internal/rd a (Lcom/android/tools/r8/graph/M2;)Lcom/android/tools/r8/graph/E0; 77 <appendix> member <vmtarget> ; # com/android/tools/r8/internal/rd$$Lambda+0x00000189cf1ce000
instanceKlass com/android/tools/r8/graph/W
instanceKlass  @bci com/android/tools/r8/graph/h c (Lcom/android/tools/r8/graph/M2;)Lcom/android/tools/r8/graph/E0; 23 <appendix> member <vmtarget> ; # com/android/tools/r8/graph/h$$Lambda+0x00000189cf1cbba8
instanceKlass  @cpi com/android/tools/r8/internal/VK 84 form vmentry <vmtarget> ; # java/lang/invoke/LambdaForm$DMH+0x00000189cf1cc000
instanceKlass  @bci com/android/tools/r8/internal/o5 b ()Lcom/android/tools/r8/internal/dD; 14 <appendix> member <vmtarget> ; # com/android/tools/r8/internal/o5$$Lambda+0x00000189cf1cb970
instanceKlass  @bci com/android/tools/r8/internal/o5 a ()Lcom/android/tools/r8/internal/dD; 17 <appendix> member <vmtarget> ; # com/android/tools/r8/internal/o5$$Lambda+0x00000189cf1cb738
instanceKlass com/android/tools/r8/internal/o5
instanceKlass com/android/tools/r8/internal/l5
instanceKlass  @bci com/android/tools/r8/internal/H2 a (I)Lcom/android/tools/r8/internal/D5; 1 <appendix> member <vmtarget> ; # com/android/tools/r8/internal/H2$$Lambda+0x00000189cf1cb098
instanceKlass com/android/tools/r8/internal/D5
instanceKlass com/android/tools/r8/internal/H2
instanceKlass  @bci com/android/tools/r8/internal/B5 a (Lcom/android/tools/r8/graph/u1;)V 159 <appendix> argL0 ; # com/android/tools/r8/internal/B5$$Lambda+0x00000189cf1ca858
instanceKlass  @bci com/android/tools/r8/internal/B5 a (Lcom/android/tools/r8/graph/u1;)V 117 <appendix> argL0 ; # com/android/tools/r8/internal/B5$$Lambda+0x00000189cf1ca420
instanceKlass  @bci com/android/tools/r8/internal/B5 a (Lcom/android/tools/r8/graph/u1;)V 57 <appendix> argL0 ; # com/android/tools/r8/internal/B5$$Lambda+0x00000189cf1ca200
instanceKlass  @bci com/android/tools/r8/internal/B5 t (Lcom/android/tools/r8/graph/u1;)V 1338 <appendix> argL0 ; # com/android/tools/r8/internal/B5$$Lambda+0x00000189cf1c9fe0
instanceKlass  @bci com/android/tools/r8/internal/B5 t (Lcom/android/tools/r8/graph/u1;)V 1262 <appendix> argL0 ; # com/android/tools/r8/internal/B5$$Lambda+0x00000189cf1c9dc0
instanceKlass  @bci com/android/tools/r8/internal/B5 t (Lcom/android/tools/r8/graph/u1;)V 1195 <appendix> argL0 ; # com/android/tools/r8/internal/B5$$Lambda+0x00000189cf1c9ba0
instanceKlass  @bci com/android/tools/r8/internal/B5 t (Lcom/android/tools/r8/graph/u1;)V 1119 <appendix> argL0 ; # com/android/tools/r8/internal/B5$$Lambda+0x00000189cf1c9980
instanceKlass  @bci com/android/tools/r8/internal/B5 t (Lcom/android/tools/r8/graph/u1;)V 1052 <appendix> argL0 ; # com/android/tools/r8/internal/B5$$Lambda+0x00000189cf1c9760
instanceKlass  @bci com/android/tools/r8/internal/B5 t (Lcom/android/tools/r8/graph/u1;)V 976 <appendix> argL0 ; # com/android/tools/r8/internal/B5$$Lambda+0x00000189cf1c9540
instanceKlass  @bci com/android/tools/r8/internal/B5 t (Lcom/android/tools/r8/graph/u1;)V 903 <appendix> argL0 ; # com/android/tools/r8/internal/B5$$Lambda+0x00000189cf1c9320
instanceKlass  @bci com/android/tools/r8/internal/B5 t (Lcom/android/tools/r8/graph/u1;)V 836 <appendix> argL0 ; # com/android/tools/r8/internal/B5$$Lambda+0x00000189cf1c9100
instanceKlass  @bci com/android/tools/r8/internal/B5 t (Lcom/android/tools/r8/graph/u1;)V 760 <appendix> argL0 ; # com/android/tools/r8/internal/B5$$Lambda+0x00000189cf1c8ee0
instanceKlass  @bci com/android/tools/r8/internal/B5 t (Lcom/android/tools/r8/graph/u1;)V 693 <appendix> argL0 ; # com/android/tools/r8/internal/B5$$Lambda+0x00000189cf1c8cc0
instanceKlass  @bci com/android/tools/r8/internal/B5 t (Lcom/android/tools/r8/graph/u1;)V 617 <appendix> argL0 ; # com/android/tools/r8/internal/B5$$Lambda+0x00000189cf1c8aa0
instanceKlass  @bci com/android/tools/r8/internal/B5 t (Lcom/android/tools/r8/graph/u1;)V 544 <appendix> argL0 ; # com/android/tools/r8/internal/B5$$Lambda+0x00000189cf1c8880
instanceKlass  @bci com/android/tools/r8/internal/B5 t (Lcom/android/tools/r8/graph/u1;)V 477 <appendix> argL0 ; # com/android/tools/r8/internal/B5$$Lambda+0x00000189cf1c8660
instanceKlass  @bci com/android/tools/r8/internal/B5 t (Lcom/android/tools/r8/graph/u1;)V 401 <appendix> argL0 ; # com/android/tools/r8/internal/B5$$Lambda+0x00000189cf1c8440
instanceKlass  @bci com/android/tools/r8/internal/B5 t (Lcom/android/tools/r8/graph/u1;)V 330 <appendix> argL0 ; # com/android/tools/r8/internal/B5$$Lambda+0x00000189cf1c8220
instanceKlass  @bci com/android/tools/r8/internal/B5 t (Lcom/android/tools/r8/graph/u1;)V 259 <appendix> argL0 ; # com/android/tools/r8/internal/B5$$Lambda+0x00000189cf1c8000
instanceKlass  @bci com/android/tools/r8/internal/B5 t (Lcom/android/tools/r8/graph/u1;)V 188 <appendix> argL0 ; # com/android/tools/r8/internal/B5$$Lambda+0x00000189cf1c4c00
instanceKlass  @bci com/android/tools/r8/internal/B5 t (Lcom/android/tools/r8/graph/u1;)V 53 <appendix> argL0 ; # com/android/tools/r8/internal/B5$$Lambda+0x00000189cf1c5cc0
instanceKlass  @bci com/android/tools/r8/internal/B5 r (Lcom/android/tools/r8/graph/u1;)V 452 <appendix> argL0 ; # com/android/tools/r8/internal/B5$$Lambda+0x00000189cf1c5aa0
instanceKlass  @bci com/android/tools/r8/internal/B5 r (Lcom/android/tools/r8/graph/u1;)V 391 <appendix> argL0 ; # com/android/tools/r8/internal/B5$$Lambda+0x00000189cf1c5880
instanceKlass  @bci com/android/tools/r8/internal/B5 r (Lcom/android/tools/r8/graph/u1;)V 279 <appendix> argL0 ; # com/android/tools/r8/internal/B5$$Lambda+0x00000189cf1c5660
instanceKlass  @bci com/android/tools/r8/internal/B5 r (Lcom/android/tools/r8/graph/u1;)V 210 <appendix> argL0 ; # com/android/tools/r8/internal/B5$$Lambda+0x00000189cf1c5440
instanceKlass  @bci com/android/tools/r8/internal/B5 r (Lcom/android/tools/r8/graph/u1;)V 137 <appendix> argL0 ; # com/android/tools/r8/internal/B5$$Lambda+0x00000189cf1c5220
instanceKlass  @bci com/android/tools/r8/internal/B5 r (Lcom/android/tools/r8/graph/u1;)V 63 <appendix> argL0 ; # com/android/tools/r8/internal/B5$$Lambda+0x00000189cf1c5000
instanceKlass  @bci com/android/tools/r8/internal/B5 p (Lcom/android/tools/r8/graph/u1;)V 712 <appendix> argL0 ; # com/android/tools/r8/internal/B5$$Lambda+0x00000189cf1c7dc0
instanceKlass  @bci com/android/tools/r8/internal/B5 p (Lcom/android/tools/r8/graph/u1;)V 655 <appendix> argL0 ; # com/android/tools/r8/internal/B5$$Lambda+0x00000189cf1c7ba0
instanceKlass  @bci com/android/tools/r8/internal/B5 p (Lcom/android/tools/r8/graph/u1;)V 598 <appendix> argL0 ; # com/android/tools/r8/internal/B5$$Lambda+0x00000189cf1c7980
instanceKlass  @bci com/android/tools/r8/internal/B5 p (Lcom/android/tools/r8/graph/u1;)V 541 <appendix> argL0 ; # com/android/tools/r8/internal/B5$$Lambda+0x00000189cf1c7760
instanceKlass  @bci com/android/tools/r8/internal/B5 p (Lcom/android/tools/r8/graph/u1;)V 484 <appendix> argL0 ; # com/android/tools/r8/internal/B5$$Lambda+0x00000189cf1c7540
instanceKlass  @bci com/android/tools/r8/internal/B5 p (Lcom/android/tools/r8/graph/u1;)V 416 <appendix> argL0 ; # com/android/tools/r8/internal/B5$$Lambda+0x00000189cf1c7320
instanceKlass  @bci com/android/tools/r8/internal/B5 p (Lcom/android/tools/r8/graph/u1;)V 309 <appendix> argL0 ; # com/android/tools/r8/internal/B5$$Lambda+0x00000189cf1c7100
instanceKlass  @bci com/android/tools/r8/internal/B5 p (Lcom/android/tools/r8/graph/u1;)V 202 <appendix> argL0 ; # com/android/tools/r8/internal/B5$$Lambda+0x00000189cf1c6ee0
instanceKlass  @bci com/android/tools/r8/internal/B5 p (Lcom/android/tools/r8/graph/u1;)V 90 <appendix> argL0 ; # com/android/tools/r8/internal/B5$$Lambda+0x00000189cf1c6cc0
instanceKlass  @bci com/android/tools/r8/internal/B5 o (Lcom/android/tools/r8/graph/u1;)V 313 <appendix> argL0 ; # com/android/tools/r8/internal/B5$$Lambda+0x00000189cf1c6aa0
instanceKlass  @bci com/android/tools/r8/internal/B5 o (Lcom/android/tools/r8/graph/u1;)V 235 <appendix> argL0 ; # com/android/tools/r8/internal/B5$$Lambda+0x00000189cf1c6880
instanceKlass  @bci com/android/tools/r8/internal/B5 o (Lcom/android/tools/r8/graph/u1;)V 149 <appendix> argL0 ; # com/android/tools/r8/internal/B5$$Lambda+0x00000189cf1c6660
instanceKlass  @bci com/android/tools/r8/internal/B5 o (Lcom/android/tools/r8/graph/u1;)V 74 <appendix> argL0 ; # com/android/tools/r8/internal/B5$$Lambda+0x00000189cf1c6440
instanceKlass  @bci com/android/tools/r8/internal/B5 n (Lcom/android/tools/r8/graph/u1;)V 180 <appendix> argL0 ; # com/android/tools/r8/internal/B5$$Lambda+0x00000189cf1c6220
instanceKlass  @bci com/android/tools/r8/internal/B5 n (Lcom/android/tools/r8/graph/u1;)V 124 <appendix> argL0 ; # com/android/tools/r8/internal/B5$$Lambda+0x00000189cf1c6000
instanceKlass  @bci com/android/tools/r8/internal/B5 n (Lcom/android/tools/r8/graph/u1;)V 62 <appendix> argL0 ; # com/android/tools/r8/internal/B5$$Lambda+0x00000189cf1c3db0
instanceKlass  @bci com/android/tools/r8/internal/ko0 a ()Lcom/android/tools/r8/internal/y5; 0 <appendix> argL0 ; # com/android/tools/r8/internal/ko0$$Lambda+0x00000189cf1c3b80
instanceKlass com/android/tools/r8/internal/ko0
instanceKlass  @bci com/android/tools/r8/internal/B5 m (Lcom/android/tools/r8/graph/u1;)V 569 <appendix> argL0 ; # com/android/tools/r8/internal/B5$$Lambda+0x00000189cf1c3758
instanceKlass  @bci com/android/tools/r8/internal/B5 m (Lcom/android/tools/r8/graph/u1;)V 487 <appendix> argL0 ; # com/android/tools/r8/internal/B5$$Lambda+0x00000189cf1c3538
instanceKlass  @bci com/android/tools/r8/internal/B5 m (Lcom/android/tools/r8/graph/u1;)V 406 <appendix> argL0 ; # com/android/tools/r8/internal/B5$$Lambda+0x00000189cf1c3318
instanceKlass  @bci com/android/tools/r8/internal/B5 m (Lcom/android/tools/r8/graph/u1;)V 331 <appendix> argL0 ; # com/android/tools/r8/internal/B5$$Lambda+0x00000189cf1c30f8
instanceKlass  @bci com/android/tools/r8/internal/B5 m (Lcom/android/tools/r8/graph/u1;)V 252 <appendix> argL0 ; # com/android/tools/r8/internal/B5$$Lambda+0x00000189cf1c2ed8
instanceKlass  @bci com/android/tools/r8/internal/B5 m (Lcom/android/tools/r8/graph/u1;)V 128 <appendix> argL0 ; # com/android/tools/r8/internal/B5$$Lambda+0x00000189cf1c2cb8
instanceKlass  @bci com/android/tools/r8/internal/B5 m (Lcom/android/tools/r8/graph/u1;)V 58 <appendix> argL0 ; # com/android/tools/r8/internal/B5$$Lambda+0x00000189cf1c2a98
instanceKlass  @bci com/android/tools/r8/internal/B5 k (Lcom/android/tools/r8/graph/u1;)V 233 <appendix> argL0 ; # com/android/tools/r8/internal/B5$$Lambda+0x00000189cf1c2878
instanceKlass  @bci com/android/tools/r8/internal/B5 k (Lcom/android/tools/r8/graph/u1;)V 175 <appendix> argL0 ; # com/android/tools/r8/internal/B5$$Lambda+0x00000189cf1c2658
instanceKlass  @bci com/android/tools/r8/internal/B5 k (Lcom/android/tools/r8/graph/u1;)V 117 <appendix> argL0 ; # com/android/tools/r8/internal/B5$$Lambda+0x00000189cf1c2438
instanceKlass  @bci com/android/tools/r8/internal/B5 k (Lcom/android/tools/r8/graph/u1;)V 62 <appendix> argL0 ; # com/android/tools/r8/internal/B5$$Lambda+0x00000189cf1c2218
instanceKlass  @bci com/android/tools/r8/internal/B5 l (Lcom/android/tools/r8/graph/u1;)V 523 <appendix> argL0 ; # com/android/tools/r8/internal/B5$$Lambda+0x00000189cf1c1ff8
instanceKlass  @bci com/android/tools/r8/internal/B5 l (Lcom/android/tools/r8/graph/u1;)V 460 <appendix> argL0 ; # com/android/tools/r8/internal/B5$$Lambda+0x00000189cf1c1dd8
instanceKlass  @bci com/android/tools/r8/internal/B5 l (Lcom/android/tools/r8/graph/u1;)V 398 <appendix> form vmentry <vmtarget> ; # java/lang/invoke/LambdaForm$DMH+0x00000189cf1c4800
instanceKlass  @bci com/android/tools/r8/internal/B5 l (Lcom/android/tools/r8/graph/u1;)V 398 <appendix> member <vmtarget> ; # com/android/tools/r8/internal/B5$$Lambda+0x00000189cf1c1bb0
instanceKlass  @cpi com/android/tools/r8/internal/B5 903 form vmentry <vmtarget> ; # java/lang/invoke/LambdaForm$DMH+0x00000189cf1c4400
instanceKlass  @bci com/android/tools/r8/internal/B5 l (Lcom/android/tools/r8/graph/u1;)V 318 <appendix> argL0 ; # com/android/tools/r8/internal/B5$$Lambda+0x00000189cf1c1990
instanceKlass  @bci com/android/tools/r8/internal/B5 l (Lcom/android/tools/r8/graph/u1;)V 260 <appendix> member <vmtarget> ; # com/android/tools/r8/internal/B5$$Lambda+0x00000189cf1c1770
instanceKlass  @bci com/android/tools/r8/internal/B5 l (Lcom/android/tools/r8/graph/u1;)V 183 <appendix> argL0 ; # com/android/tools/r8/internal/B5$$Lambda+0x00000189cf1c1550
instanceKlass  @bci com/android/tools/r8/internal/B5 l (Lcom/android/tools/r8/graph/u1;)V 125 <appendix> member <vmtarget> ; # com/android/tools/r8/internal/B5$$Lambda+0x00000189cf1c1330
instanceKlass  @cpi com/android/tools/r8/internal/H2 15 form vmentry <vmtarget> ; # java/lang/invoke/LambdaForm$DMH+0x00000189cf1c4000
instanceKlass  @bci com/android/tools/r8/internal/bf <clinit> ()V 16 <appendix> argL0 ; # com/android/tools/r8/internal/bf$$Lambda+0x00000189cf1c1100
instanceKlass  @bci com/android/tools/r8/internal/bf <clinit> ()V 8 <appendix> argL0 ; # com/android/tools/r8/internal/bf$$Lambda+0x00000189cf1c0ed0
instanceKlass  @bci com/android/tools/r8/internal/bf <clinit> ()V 0 <appendix> argL0 ; # com/android/tools/r8/internal/bf$$Lambda+0x00000189cf1c0ca0
instanceKlass com/android/tools/r8/internal/bf
instanceKlass  @bci com/android/tools/r8/internal/B5 i (Lcom/android/tools/r8/graph/u1;)V 31 <appendix> argL0 ; # com/android/tools/r8/internal/B5$$Lambda+0x00000189cf1c0878
instanceKlass  @bci com/android/tools/r8/internal/sW a ()Lcom/android/tools/r8/internal/y5; 0 <appendix> argL0 ; # com/android/tools/r8/internal/sW$$Lambda+0x00000189cf1c0648
instanceKlass com/android/tools/r8/internal/sW
instanceKlass  @bci com/android/tools/r8/internal/B5 g (Lcom/android/tools/r8/graph/u1;)V 1590 <appendix> argL0 ; # com/android/tools/r8/internal/B5$$Lambda+0x00000189cf1c0220
instanceKlass  @bci com/android/tools/r8/internal/B5 g (Lcom/android/tools/r8/graph/u1;)V 1510 <appendix> argL0 ; # com/android/tools/r8/internal/B5$$Lambda+0x00000189cf1c0000
instanceKlass  @bci com/android/tools/r8/internal/B5 g (Lcom/android/tools/r8/graph/u1;)V 1424 <appendix> argL0 ; # com/android/tools/r8/internal/B5$$Lambda+0x00000189cf1bc400
instanceKlass  @bci com/android/tools/r8/internal/B5 g (Lcom/android/tools/r8/graph/u1;)V 1361 <appendix> argL0 ; # com/android/tools/r8/internal/B5$$Lambda+0x00000189cf1bcc40
instanceKlass  @bci com/android/tools/r8/internal/B5 g (Lcom/android/tools/r8/graph/u1;)V 1282 <appendix> argL0 ; # com/android/tools/r8/internal/B5$$Lambda+0x00000189cf1bca20
instanceKlass  @bci com/android/tools/r8/internal/B5 g (Lcom/android/tools/r8/graph/u1;)V 1212 <appendix> argL0 ; # com/android/tools/r8/internal/B5$$Lambda+0x00000189cf1bc800
instanceKlass  @bci com/android/tools/r8/internal/B5 g (Lcom/android/tools/r8/graph/u1;)V 1132 <appendix> argL0 ; # com/android/tools/r8/internal/B5$$Lambda+0x00000189cf1bdcc0
instanceKlass  @bci com/android/tools/r8/internal/B5 g (Lcom/android/tools/r8/graph/u1;)V 1063 <appendix> argL0 ; # com/android/tools/r8/internal/B5$$Lambda+0x00000189cf1bdaa0
instanceKlass  @bci com/android/tools/r8/internal/B5 g (Lcom/android/tools/r8/graph/u1;)V 989 <appendix> argL0 ; # com/android/tools/r8/internal/B5$$Lambda+0x00000189cf1bd880
instanceKlass  @bci com/android/tools/r8/internal/B5 g (Lcom/android/tools/r8/graph/u1;)V 918 <appendix> argL0 ; # com/android/tools/r8/internal/B5$$Lambda+0x00000189cf1bd660
instanceKlass  @bci com/android/tools/r8/internal/B5 g (Lcom/android/tools/r8/graph/u1;)V 842 <appendix> argL0 ; # com/android/tools/r8/internal/B5$$Lambda+0x00000189cf1bd440
instanceKlass  @bci com/android/tools/r8/internal/B5 g (Lcom/android/tools/r8/graph/u1;)V 769 <appendix> argL0 ; # com/android/tools/r8/internal/B5$$Lambda+0x00000189cf1bd220
instanceKlass  @bci com/android/tools/r8/internal/B5 g (Lcom/android/tools/r8/graph/u1;)V 699 <appendix> argL0 ; # com/android/tools/r8/internal/B5$$Lambda+0x00000189cf1bd000
instanceKlass  @bci com/android/tools/r8/internal/B5 g (Lcom/android/tools/r8/graph/u1;)V 622 <appendix> argL0 ; # com/android/tools/r8/internal/B5$$Lambda+0x00000189cf1bfdc0
instanceKlass  @bci com/android/tools/r8/internal/B5 g (Lcom/android/tools/r8/graph/u1;)V 553 <appendix> argL0 ; # com/android/tools/r8/internal/B5$$Lambda+0x00000189cf1bfba0
instanceKlass  @bci com/android/tools/r8/internal/B5 g (Lcom/android/tools/r8/graph/u1;)V 484 <appendix> argL0 ; # com/android/tools/r8/internal/B5$$Lambda+0x00000189cf1bf980
instanceKlass  @bci com/android/tools/r8/internal/B5 g (Lcom/android/tools/r8/graph/u1;)V 413 <appendix> argL0 ; # com/android/tools/r8/internal/B5$$Lambda+0x00000189cf1bf760
instanceKlass  @bci com/android/tools/r8/internal/B5 g (Lcom/android/tools/r8/graph/u1;)V 342 <appendix> argL0 ; # com/android/tools/r8/internal/B5$$Lambda+0x00000189cf1bf540
instanceKlass  @bci com/android/tools/r8/internal/B5 g (Lcom/android/tools/r8/graph/u1;)V 267 <appendix> argL0 ; # com/android/tools/r8/internal/B5$$Lambda+0x00000189cf1bf320
instanceKlass  @bci com/android/tools/r8/internal/B5 g (Lcom/android/tools/r8/graph/u1;)V 199 <appendix> argL0 ; # com/android/tools/r8/internal/B5$$Lambda+0x00000189cf1bf100
instanceKlass  @bci com/android/tools/r8/internal/B5 g (Lcom/android/tools/r8/graph/u1;)V 126 <appendix> argL0 ; # com/android/tools/r8/internal/B5$$Lambda+0x00000189cf1beee0
instanceKlass  @bci com/android/tools/r8/internal/B5 g (Lcom/android/tools/r8/graph/u1;)V 58 <appendix> argL0 ; # com/android/tools/r8/internal/B5$$Lambda+0x00000189cf1becc0
instanceKlass  @bci com/android/tools/r8/internal/B5 f (Lcom/android/tools/r8/graph/u1;)V 114 <appendix> argL0 ; # com/android/tools/r8/internal/B5$$Lambda+0x00000189cf1beaa0
instanceKlass  @bci com/android/tools/r8/internal/B5 f (Lcom/android/tools/r8/graph/u1;)V 57 <appendix> argL0 ; # com/android/tools/r8/internal/B5$$Lambda+0x00000189cf1be880
instanceKlass  @bci com/android/tools/r8/internal/B5 a (Lcom/android/tools/r8/graph/u1;Lcom/android/tools/r8/graph/M2;)V 343 <appendix> argL0 ; # com/android/tools/r8/internal/B5$$Lambda+0x00000189cf1be660
instanceKlass  @bci com/android/tools/r8/internal/B5 a (Lcom/android/tools/r8/graph/u1;Lcom/android/tools/r8/graph/M2;)V 284 <appendix> argL0 ; # com/android/tools/r8/internal/B5$$Lambda+0x00000189cf1be440
instanceKlass  @bci com/android/tools/r8/internal/B5 a (Lcom/android/tools/r8/graph/u1;Lcom/android/tools/r8/graph/M2;)V 225 <appendix> argL0 ; # com/android/tools/r8/internal/B5$$Lambda+0x00000189cf1be220
instanceKlass  @bci com/android/tools/r8/internal/B5 a (Lcom/android/tools/r8/graph/u1;Lcom/android/tools/r8/graph/M2;)V 166 <appendix> argL0 ; # com/android/tools/r8/internal/B5$$Lambda+0x00000189cf1be000
instanceKlass  @bci com/android/tools/r8/internal/B5 a (Lcom/android/tools/r8/graph/u1;Lcom/android/tools/r8/graph/M2;)V 107 <appendix> argL0 ; # com/android/tools/r8/internal/B5$$Lambda+0x00000189cf1bbd70
instanceKlass  @bci com/android/tools/r8/internal/B5 a (Lcom/android/tools/r8/graph/u1;Lcom/android/tools/r8/graph/M2;)V 48 <appendix> argL0 ; # com/android/tools/r8/internal/B5$$Lambda+0x00000189cf1bbb50
instanceKlass  @bci com/android/tools/r8/internal/B5 d (Lcom/android/tools/r8/graph/u1;)V 2725 <appendix> argL0 ; # com/android/tools/r8/internal/B5$$Lambda+0x00000189cf1bb930
instanceKlass  @bci com/android/tools/r8/internal/B5 d (Lcom/android/tools/r8/graph/u1;)V 2650 <appendix> argL0 ; # com/android/tools/r8/internal/B5$$Lambda+0x00000189cf1bb710
instanceKlass  @bci com/android/tools/r8/internal/B5 d (Lcom/android/tools/r8/graph/u1;)V 2573 <appendix> argL0 ; # com/android/tools/r8/internal/B5$$Lambda+0x00000189cf1bb4f0
instanceKlass  @bci com/android/tools/r8/internal/B5 d (Lcom/android/tools/r8/graph/u1;)V 2496 <appendix> argL0 ; # com/android/tools/r8/internal/B5$$Lambda+0x00000189cf1bb2d0
instanceKlass  @bci com/android/tools/r8/internal/B5 d (Lcom/android/tools/r8/graph/u1;)V 2424 <appendix> argL0 ; # com/android/tools/r8/internal/B5$$Lambda+0x00000189cf1bb0b0
instanceKlass  @bci com/android/tools/r8/internal/B5 d (Lcom/android/tools/r8/graph/u1;)V 2352 <appendix> argL0 ; # com/android/tools/r8/internal/B5$$Lambda+0x00000189cf1bae90
instanceKlass  @bci com/android/tools/r8/internal/B5 d (Lcom/android/tools/r8/graph/u1;)V 2275 <appendix> argL0 ; # com/android/tools/r8/internal/B5$$Lambda+0x00000189cf1bac70
instanceKlass  @bci com/android/tools/r8/internal/B5 d (Lcom/android/tools/r8/graph/u1;)V 2198 <appendix> argL0 ; # com/android/tools/r8/internal/B5$$Lambda+0x00000189cf1baa50
instanceKlass  @bci com/android/tools/r8/internal/B5 d (Lcom/android/tools/r8/graph/u1;)V 2121 <appendix> argL0 ; # com/android/tools/r8/internal/B5$$Lambda+0x00000189cf1ba830
instanceKlass  @bci com/android/tools/r8/internal/B5 d (Lcom/android/tools/r8/graph/u1;)V 2044 <appendix> argL0 ; # com/android/tools/r8/internal/B5$$Lambda+0x00000189cf1ba610
instanceKlass  @bci com/android/tools/r8/internal/B5 d (Lcom/android/tools/r8/graph/u1;)V 1967 <appendix> argL0 ; # com/android/tools/r8/internal/B5$$Lambda+0x00000189cf1ba3f0
instanceKlass  @bci com/android/tools/r8/internal/B5 d (Lcom/android/tools/r8/graph/u1;)V 1890 <appendix> argL0 ; # com/android/tools/r8/internal/B5$$Lambda+0x00000189cf1ba1d0
instanceKlass  @bci com/android/tools/r8/internal/B5 d (Lcom/android/tools/r8/graph/u1;)V 1813 <appendix> argL0 ; # com/android/tools/r8/internal/B5$$Lambda+0x00000189cf1b9fb0
instanceKlass  @bci com/android/tools/r8/internal/B5 d (Lcom/android/tools/r8/graph/u1;)V 1430 <appendix> argL0 ; # com/android/tools/r8/internal/B5$$Lambda+0x00000189cf1b9d90
instanceKlass  @bci com/android/tools/r8/internal/i7 a (Lcom/android/tools/r8/internal/sa;)Lcom/android/tools/r8/internal/y5; 1 <appendix> member <vmtarget> ; # com/android/tools/r8/internal/i7$$Lambda+0x00000189cf1b9b58
instanceKlass com/android/tools/r8/internal/i7
instanceKlass  @bci com/android/tools/r8/internal/B5 d (Lcom/android/tools/r8/graph/u1;)V 1147 <appendix> argL0 ; # com/android/tools/r8/internal/B5$$Lambda+0x00000189cf1b9730
instanceKlass  @bci com/android/tools/r8/internal/B5 d (Lcom/android/tools/r8/graph/u1;)V 1076 <appendix> argL0 ; # com/android/tools/r8/internal/B5$$Lambda+0x00000189cf1b9510
instanceKlass  @bci com/android/tools/r8/internal/Rx a ()Lcom/android/tools/r8/internal/y5; 0 <appendix> argL0 ; # com/android/tools/r8/internal/Rx$$Lambda+0x00000189cf1b92e0
instanceKlass com/android/tools/r8/internal/Rx
instanceKlass  @bci com/android/tools/r8/internal/B5 d (Lcom/android/tools/r8/graph/u1;)V 736 <appendix> argL0 ; # com/android/tools/r8/internal/B5$$Lambda+0x00000189cf1b8eb8
instanceKlass  @bci com/android/tools/r8/internal/B5 d (Lcom/android/tools/r8/graph/u1;)V 465 <appendix> argL0 ; # com/android/tools/r8/internal/B5$$Lambda+0x00000189cf1b8c98
instanceKlass  @cpi com/android/tools/r8/internal/bf 39 form vmentry <vmtarget> ; # java/lang/invoke/LambdaForm$DMH+0x00000189cf1bc000
instanceKlass com/android/tools/r8/internal/K5
instanceKlass com/android/tools/r8/internal/H5
instanceKlass com/android/tools/r8/internal/s5
instanceKlass  @bci com/android/tools/r8/internal/G20 a ()Lcom/android/tools/r8/internal/y5; 0 <appendix> argL0 ; # com/android/tools/r8/internal/G20$$Lambda+0x00000189cf1b8460
instanceKlass  @bci com/android/tools/r8/internal/G20 b ()Lcom/android/tools/r8/internal/y5; 0 <appendix> argL0 ; # com/android/tools/r8/internal/G20$$Lambda+0x00000189cf1b8230
instanceKlass com/android/tools/r8/internal/G20
instanceKlass com/android/tools/r8/internal/v5
instanceKlass com/android/tools/r8/internal/y5
instanceKlass com/android/tools/r8/internal/z5
instanceKlass com/android/tools/r8/internal/B5
instanceKlass com/android/tools/r8/internal/J5
instanceKlass com/android/tools/r8/internal/ZZ
instanceKlass com/android/tools/r8/internal/E9
instanceKlass com/android/tools/r8/internal/XZ
instanceKlass com/android/tools/r8/internal/Z9
instanceKlass com/android/tools/r8/internal/aa
instanceKlass java/util/Collections$2
instanceKlass  @bci com/android/tools/r8/internal/xB <init> (Lcom/android/tools/r8/graph/y;)V 628 <appendix> member <vmtarget> ; # com/android/tools/r8/internal/xB$$Lambda+0x00000189cf1b4d68
instanceKlass com/android/tools/r8/internal/fA
instanceKlass com/android/tools/r8/ir/optimize/M
instanceKlass  @bci com/android/tools/r8/ir/optimize/f <init> (Lcom/android/tools/r8/graph/y;)V 93 <appendix> member <vmtarget> ; # com/android/tools/r8/ir/optimize/f$$Lambda+0x00000189cf1b40a0
instanceKlass java/util/ArrayList$ArrayListSpliterator
instanceKlass com/android/tools/r8/ir/optimize/d
instanceKlass com/android/tools/r8/ir/optimize/e
instanceKlass com/android/tools/r8/ir/optimize/F
instanceKlass com/android/tools/r8/ir/optimize/w
instanceKlass com/android/tools/r8/internal/Be
instanceKlass com/android/tools/r8/ir/optimize/y0
instanceKlass com/android/tools/r8/internal/I7
instanceKlass com/android/tools/r8/internal/LE
instanceKlass com/android/tools/r8/internal/Jq0
instanceKlass com/android/tools/r8/internal/Kq0
instanceKlass com/android/tools/r8/internal/Zj
instanceKlass com/android/tools/r8/internal/fK
instanceKlass com/android/tools/r8/internal/zx0
instanceKlass com/android/tools/r8/internal/De
instanceKlass com/android/tools/r8/internal/oH
instanceKlass com/android/tools/r8/ir/optimize/x
instanceKlass com/android/tools/r8/graph/R5
instanceKlass com/android/tools/r8/graph/P5
instanceKlass com/android/tools/r8/graph/d
instanceKlass com/android/tools/r8/shaking/j
instanceKlass com/android/tools/r8/graph/h3
instanceKlass com/android/tools/r8/graph/w5
instanceKlass com/android/tools/r8/graph/t5
instanceKlass com/android/tools/r8/shaking/z1
instanceKlass com/android/tools/r8/internal/ui
instanceKlass com/android/tools/r8/internal/Sa
instanceKlass com/android/tools/r8/internal/Wa
instanceKlass com/android/tools/r8/internal/m5
instanceKlass com/android/tools/r8/internal/n5
instanceKlass com/android/tools/r8/internal/Km
instanceKlass com/android/tools/r8/internal/Mm
instanceKlass com/android/tools/r8/internal/Om
instanceKlass com/android/tools/r8/internal/iJ
instanceKlass com/android/tools/r8/internal/Am
instanceKlass com/android/tools/r8/internal/ym
instanceKlass com/android/tools/r8/internal/Pc
instanceKlass com/android/tools/r8/internal/sX
instanceKlass com/android/tools/r8/internal/bU
instanceKlass com/android/tools/r8/internal/yB
instanceKlass com/android/tools/r8/internal/jE
instanceKlass com/android/tools/r8/internal/ex
instanceKlass com/android/tools/r8/internal/Ep0
instanceKlass com/android/tools/r8/internal/vv
instanceKlass com/android/tools/r8/internal/Wn
instanceKlass com/android/tools/r8/internal/d2
instanceKlass com/android/tools/r8/internal/h60
instanceKlass com/android/tools/r8/internal/mY
instanceKlass com/android/tools/r8/internal/kY
instanceKlass com/android/tools/r8/internal/lD
instanceKlass com/android/tools/r8/internal/RX
instanceKlass com/android/tools/r8/internal/Ae
instanceKlass com/android/tools/r8/internal/NW
instanceKlass com/android/tools/r8/internal/t20
instanceKlass com/android/tools/r8/internal/Ju
instanceKlass com/android/tools/r8/internal/H50
instanceKlass com/android/tools/r8/internal/ca
instanceKlass com/android/tools/r8/internal/xB
instanceKlass com/android/tools/r8/internal/Zy
instanceKlass com/android/tools/r8/internal/i60
instanceKlass com/android/tools/r8/internal/f2
instanceKlass com/android/tools/r8/internal/p7
instanceKlass com/android/tools/r8/internal/Iy0
instanceKlass com/android/tools/r8/internal/J9
instanceKlass com/android/tools/r8/internal/KF
instanceKlass com/android/tools/r8/internal/M
instanceKlass com/android/tools/r8/internal/RF
instanceKlass com/android/tools/r8/internal/G70
instanceKlass com/android/tools/r8/internal/Q5
instanceKlass com/android/tools/r8/internal/RD
instanceKlass com/android/tools/r8/internal/An0
instanceKlass com/android/tools/r8/internal/vy
instanceKlass com/android/tools/r8/internal/o80
instanceKlass com/android/tools/r8/internal/ND
instanceKlass com/android/tools/r8/internal/DI
instanceKlass com/android/tools/r8/internal/yG
instanceKlass com/android/tools/r8/internal/H9$a
instanceKlass  @bci java/util/ArrayDeque copyElements (Ljava/util/Collection;)V 2 <appendix> member <vmtarget> ; # java/util/ArrayDeque$$Lambda+0x00000189cf05a9e0
instanceKlass com/android/tools/r8/internal/dA
instanceKlass com/android/tools/r8/internal/L
instanceKlass com/android/tools/r8/internal/Mb
instanceKlass com/android/tools/r8/internal/wG
instanceKlass com/android/tools/r8/position/TextRange
instanceKlass com/android/tools/r8/internal/SF
instanceKlass com/android/tools/r8/internal/vb
instanceKlass com/android/tools/r8/position/TextPosition
instanceKlass com/android/tools/r8/internal/v8
instanceKlass com/android/tools/r8/internal/io0
instanceKlass com/android/tools/r8/graph/g6
instanceKlass com/android/tools/r8/internal/P8
instanceKlass com/android/tools/r8/graph/G$a
# instanceKlass com/android/tools/r8/graph/w4$$Lambda+0x00000189cf1748c0
instanceKlass com/android/tools/r8/internal/M9
# instanceKlass com/android/tools/r8/graph/w4$$Lambda+0x00000189cf174678
# instanceKlass com/android/tools/r8/graph/w4$$Lambda+0x00000189cf1741d8
instanceKlass  @bci com/android/tools/r8/graph/w4 a (Lcom/android/tools/r8/graph/j0;)Lcom/android/tools/r8/graph/j0; 6 <appendix> member <vmtarget> ; # com/android/tools/r8/graph/w4$$Lambda+0x00000189cf173f90
instanceKlass com/android/tools/r8/internal/Dr0
instanceKlass com/android/tools/r8/graph/j0
instanceKlass com/android/tools/r8/internal/X
instanceKlass com/android/tools/r8/internal/D1
instanceKlass com/android/tools/r8/internal/Lt0
instanceKlass com/android/tools/r8/internal/ub
instanceKlass com/android/tools/r8/internal/Na
instanceKlass com/android/tools/r8/internal/La
# instanceKlass com/android/tools/r8/graph/w4$$Lambda+0x00000189cf16f6d8
# instanceKlass com/android/tools/r8/graph/w4$$Lambda+0x00000189cf16f498
# instanceKlass com/android/tools/r8/graph/w4$$Lambda+0x00000189cf16f258
# instanceKlass com/android/tools/r8/graph/w4$$Lambda+0x00000189cf16f018
# instanceKlass com/android/tools/r8/graph/w4$$Lambda+0x00000189cf16edd8
# instanceKlass com/android/tools/r8/graph/w4$$Lambda+0x00000189cf16eb98
# instanceKlass com/android/tools/r8/graph/w4$$Lambda+0x00000189cf16e958
instanceKlass  @bci com/android/tools/r8/graph/w4 b (Lcom/android/tools/r8/internal/DR;)Lcom/android/tools/r8/internal/ma; 5 <appendix> argL0 ; # com/android/tools/r8/graph/w4$$Lambda+0x00000189cf16e718
instanceKlass com/android/tools/r8/internal/hI
instanceKlass com/android/tools/r8/internal/UH
# instanceKlass com/android/tools/r8/graph/s4$$Lambda+0x00000189cf16e0f0
# instanceKlass com/android/tools/r8/graph/s4$$Lambda+0x00000189cf16dec8
# instanceKlass com/android/tools/r8/graph/s4$$Lambda+0x00000189cf16dca0
# instanceKlass com/android/tools/r8/graph/s4$$Lambda+0x00000189cf16da78
# instanceKlass com/android/tools/r8/graph/s4$$Lambda+0x00000189cf16d628
# instanceKlass com/android/tools/r8/graph/s4$$Lambda+0x00000189cf16d850
# instanceKlass com/android/tools/r8/graph/s4$$Lambda+0x00000189cf16d400
instanceKlass  @bci com/android/tools/r8/graph/s4 a (ILjava/lang/String;Ljava/lang/String;Ljava/lang/String;[Ljava/lang/String;)Lcom/android/tools/r8/internal/rY; 82 <appendix> member <vmtarget> ; # com/android/tools/r8/graph/s4$$Lambda+0x00000189cf16d1d8
instanceKlass com/android/tools/r8/internal/H70
instanceKlass com/android/tools/r8/internal/wy
instanceKlass com/android/tools/r8/internal/gI
instanceKlass com/android/tools/r8/internal/Nb
instanceKlass com/android/tools/r8/graph/u4
instanceKlass com/android/tools/r8/internal/bL
instanceKlass  @bci com/android/tools/r8/internal/ss0 a ()Ljava/util/ArrayList; 19 <appendix> member <vmtarget> ; # com/android/tools/r8/internal/ss0$$Lambda+0x00000189cf161298
# instanceKlass com/android/tools/r8/graph/S4$$Lambda+0x00000189cf161040
instanceKlass  @bci com/android/tools/r8/graph/S4 k ()Ljava/util/Iterator; 16 <appendix> member <vmtarget> ; # com/android/tools/r8/graph/S4$$Lambda+0x00000189cf160de8
instanceKlass  @cpi com/android/tools/r8/dex/n0 209 form vmentry <vmtarget> ; # java/lang/invoke/LambdaForm$DMH+0x00000189cf164000
instanceKlass com/android/tools/r8/graph/t4
# instanceKlass com/android/tools/r8/graph/S4$$Lambda+0x00000189cf15e8f0
# instanceKlass com/android/tools/r8/graph/x4$$Lambda+0x00000189cf15dc00
instanceKlass  @bci com/android/tools/r8/graph/x4 V ()Lcom/android/tools/r8/graph/G; 12 <appendix> member <vmtarget> ; # com/android/tools/r8/graph/x4$$Lambda+0x00000189cf15fcd8
instanceKlass com/android/tools/r8/graph/f3
instanceKlass  @bci com/android/tools/r8/graph/S4 c ()Ljava/lang/Iterable; 1 <appendix> member <vmtarget> ; # com/android/tools/r8/graph/S4$$Lambda+0x00000189cf15e6a8
instanceKlass  @bci com/android/tools/r8/ir/optimize/b0 a (Lcom/android/tools/r8/internal/ME;)Z 246 <adapter> ; # java/lang/invoke/LambdaForm$MH+0x00000189cf15d800
# instanceKlass java/lang/invoke/LambdaForm$DMH+0x00000189cf15d400
instanceKlass  @bci com/android/tools/r8/ir/optimize/b0 a (Lcom/android/tools/r8/internal/ME;)Z 246 <appendix> form vmentry <vmtarget> ; # java/lang/invoke/LambdaForm$DMH+0x00000189cf15d000
instanceKlass  @bci com/android/tools/r8/internal/Fs0 a (Lcom/android/tools/r8/internal/ss0;Lcom/android/tools/r8/internal/Xs0;ILjava/lang/Object;)V 5 <appendix> member <vmtarget> ; # com/android/tools/r8/internal/Fs0$$Lambda+0x00000189cf15e480
instanceKlass  @bci com/android/tools/r8/internal/my a (Lcom/android/tools/r8/internal/mI;)V 9 <appendix> member <vmtarget> ; # com/android/tools/r8/internal/my$$Lambda+0x00000189cf15e248
instanceKlass com/android/tools/r8/internal/VH
instanceKlass  @bci com/android/tools/r8/internal/Fs0 a (Lcom/android/tools/r8/internal/my;Lcom/android/tools/r8/internal/Xs0;Ljava/util/function/Predicate;Lcom/android/tools/r8/threading/ThreadingModule;Ljava/util/concurrent/ExecutorService;)Ljava/util/ArrayList; 20 <appendix> member <vmtarget> ; # com/android/tools/r8/internal/Fs0$$Lambda+0x00000189cf15bc88
instanceKlass  @cpi com/android/tools/r8/internal/Fs0 71 form vmentry <vmtarget> ; # java/lang/invoke/LambdaForm$DMH+0x00000189cf15cc00
instanceKlass com/android/tools/r8/internal/mI
instanceKlass  @bci com/android/tools/r8/internal/Fs0 a (Lcom/android/tools/r8/internal/my;Lcom/android/tools/r8/internal/Ws0;Lcom/android/tools/r8/threading/ThreadingModule;Ljava/util/concurrent/ExecutorService;)V 2 <appendix> member <vmtarget> ; # com/android/tools/r8/internal/Fs0$$Lambda+0x00000189cf15b860
instanceKlass com/android/tools/r8/internal/Xs0
instanceKlass  @bci com/android/tools/r8/internal/Fs0 a (Ljava/util/Collection;Lcom/android/tools/r8/internal/nU;Lcom/android/tools/r8/threading/ThreadingModule;Ljava/util/concurrent/ExecutorService;Lcom/android/tools/r8/internal/Fs0$a;)V 26 <appendix> member <vmtarget> ; # com/android/tools/r8/internal/Fs0$$Lambda+0x00000189cf15b438
instanceKlass  @cpi com/android/tools/r8/internal/Fs0 121 form vmentry <vmtarget> ; # java/lang/invoke/LambdaForm$DMH+0x00000189cf15c800
instanceKlass com/android/tools/r8/internal/Ws0
instanceKlass  @bci com/android/tools/r8/internal/Fs0 a (Ljava/util/Collection;Lcom/android/tools/r8/internal/nU;Lcom/android/tools/r8/threading/ThreadingModule;Ljava/util/concurrent/ExecutorService;Lcom/android/tools/r8/internal/Fs0$a;)V 15 <appendix> member <vmtarget> ; # com/android/tools/r8/internal/Fs0$$Lambda+0x00000189cf15b000
instanceKlass  @cpi com/android/tools/r8/internal/i80 694 form vmentry <vmtarget> ; # java/lang/invoke/LambdaForm$DMH+0x00000189cf15c400
instanceKlass com/android/tools/r8/internal/my
instanceKlass  @bci com/android/tools/r8/internal/Fs0 a (Ljava/util/Collection;Ljava/util/function/Consumer;Lcom/android/tools/r8/threading/ThreadingModule;Ljava/util/concurrent/ExecutorService;)V 2 <appendix> member <vmtarget> ; # com/android/tools/r8/internal/Fs0$$Lambda+0x00000189cf15a990
instanceKlass  @cpi com/android/tools/r8/internal/Gf0 132 form vmentry <vmtarget> ; # java/lang/invoke/LambdaForm$DMH+0x00000189cf15c000
instanceKlass com/android/tools/r8/internal/nU
instanceKlass  @bci com/android/tools/r8/D8 d (Lcom/android/tools/r8/utils/i;Lcom/android/tools/r8/internal/QJ;Ljava/util/concurrent/ExecutorService;)V 337 <appendix> member <vmtarget> ; # com/android/tools/r8/D8$$Lambda+0x00000189cf15a558
instanceKlass  @bci java/util/stream/Collectors toList ()Ljava/util/stream/Collector; 14 <appendix> argL0 ; # java/util/stream/Collectors$$Lambda+0x00000189cf0c4a48
instanceKlass  @bci java/util/stream/Collectors toList ()Ljava/util/stream/Collector; 9 <appendix> argL0 ; # java/util/stream/Collectors$$Lambda+0x00000189cf04f9d0
instanceKlass  @bci java/util/stream/Collectors toList ()Ljava/util/stream/Collector; 4 <appendix> argL0 ; # java/util/stream/Collectors$$Lambda+0x00000189cf04f560
instanceKlass  @bci com/android/tools/r8/internal/Yc <init> (Lcom/android/tools/r8/graph/y;)V 50 <appendix> member <vmtarget> ; # com/android/tools/r8/internal/Yc$$Lambda+0x00000189cf15a310
instanceKlass com/android/tools/r8/references/MethodReference
instanceKlass com/android/tools/r8/internal/Z40
instanceKlass com/android/tools/r8/internal/GX
instanceKlass com/android/tools/r8/internal/Gw
instanceKlass com/android/tools/r8/internal/X9
instanceKlass com/android/tools/r8/internal/Ma
instanceKlass com/android/tools/r8/internal/Yc
instanceKlass com/android/tools/r8/internal/o00
instanceKlass com/android/tools/r8/internal/zt0
instanceKlass com/android/tools/r8/internal/Ad0
instanceKlass com/android/tools/r8/internal/u1
instanceKlass com/android/tools/r8/internal/yd0
instanceKlass com/android/tools/r8/internal/Jw
instanceKlass com/android/tools/r8/ir/optimize/f
instanceKlass com/android/tools/r8/synthesis/l
instanceKlass  @bci com/android/tools/r8/synthesis/E a (Lcom/android/tools/r8/graph/y;Lcom/android/tools/r8/synthesis/c;)V 18 <appendix> member <vmtarget> ; # com/android/tools/r8/synthesis/E$$Lambda+0x00000189cf151ba8
instanceKlass com/android/tools/r8/synthesis/c
instanceKlass  @bci com/android/tools/r8/internal/GV a (Ljava/util/function/Supplier;)Ljava/util/function/Function; 1 <appendix> member <vmtarget> ; # com/android/tools/r8/internal/GV$$Lambda+0x00000189cf150770
instanceKlass  @bci com/android/tools/r8/shaking/k a (Lcom/android/tools/r8/graph/w2;)Lcom/android/tools/r8/internal/H4; 5 <appendix> argL0 ; # com/android/tools/r8/shaking/k$$Lambda+0x00000189cf150550
instanceKlass com/android/tools/r8/internal/I4
instanceKlass com/android/tools/r8/internal/cg
instanceKlass com/android/tools/r8/internal/Kx0
instanceKlass  @bci com/android/tools/r8/graph/y <init> (Lcom/android/tools/r8/graph/h;Lcom/android/tools/r8/internal/o4;Lcom/android/tools/r8/internal/kp0;ILcom/android/tools/r8/internal/at0;)V 623 <appendix> member <vmtarget> ; # com/android/tools/r8/graph/y$$Lambda+0x00000189cf14f8b8
instanceKlass com/android/tools/r8/androidapi/f$a
instanceKlass  @bci com/android/tools/r8/graph/y <init> (Lcom/android/tools/r8/graph/h;Lcom/android/tools/r8/internal/o4;Lcom/android/tools/r8/internal/kp0;ILcom/android/tools/r8/internal/at0;)V 602 <appendix> member <vmtarget> ; # com/android/tools/r8/graph/y$$Lambda+0x00000189cf14eb38
instanceKlass com/android/tools/r8/androidapi/a
instanceKlass  @bci com/android/tools/r8/graph/y <init> (Lcom/android/tools/r8/graph/h;Lcom/android/tools/r8/internal/o4;Lcom/android/tools/r8/internal/kp0;ILcom/android/tools/r8/internal/at0;)V 581 <appendix> member <vmtarget> ; # com/android/tools/r8/graph/y$$Lambda+0x00000189cf14e6c8
instanceKlass com/android/tools/r8/internal/Cb0
instanceKlass  @bci com/android/tools/r8/internal/FS a ()V 43 <appendix> member <vmtarget> ; # com/android/tools/r8/internal/FS$$Lambda+0x00000189cf14e280
instanceKlass  @bci com/android/tools/r8/internal/FS <init> (Lcom/android/tools/r8/graph/y;Lcom/android/tools/r8/internal/at0;)V 315 <appendix> member <vmtarget> ; # com/android/tools/r8/internal/FS$$Lambda+0x00000189cf14e058
instanceKlass com/android/tools/r8/internal/GS
instanceKlass com/android/tools/r8/internal/nq0
instanceKlass com/android/tools/r8/internal/qw
instanceKlass com/android/tools/r8/internal/FE
instanceKlass com/android/tools/r8/internal/Bx0
instanceKlass  @bci com/android/tools/r8/internal/FS <init> (Lcom/android/tools/r8/graph/y;Lcom/android/tools/r8/internal/at0;)V 46 <appendix> member <vmtarget> ; # com/android/tools/r8/internal/FS$$Lambda+0x00000189cf1477d8
instanceKlass com/android/tools/r8/internal/xp0
instanceKlass com/android/tools/r8/internal/RE
instanceKlass com/android/tools/r8/internal/h80
instanceKlass com/android/tools/r8/internal/NE
instanceKlass com/android/tools/r8/internal/v00
instanceKlass com/android/tools/r8/internal/tE
instanceKlass com/android/tools/r8/internal/hE
instanceKlass com/android/tools/r8/internal/rR
instanceKlass com/android/tools/r8/internal/p
instanceKlass com/android/tools/r8/internal/HS
instanceKlass  @bci com/android/tools/r8/graph/y <init> (Lcom/android/tools/r8/graph/h;Lcom/android/tools/r8/internal/o4;Lcom/android/tools/r8/internal/kp0;ILcom/android/tools/r8/internal/at0;)V 560 <appendix> member <vmtarget> ; # com/android/tools/r8/graph/y$$Lambda+0x00000189cf1446c0
instanceKlass com/android/tools/r8/internal/FS
instanceKlass  @bci com/android/tools/r8/internal/JS a (Lcom/android/tools/r8/graph/y;Lcom/android/tools/r8/graph/u1;)Lcom/android/tools/r8/internal/AC; 134 <appendix> member <vmtarget> ; # com/android/tools/r8/internal/JS$$Lambda+0x00000189cf144258
instanceKlass  @bci com/android/tools/r8/internal/JS a (Lcom/android/tools/r8/graph/y;Lcom/android/tools/r8/graph/u1;)Lcom/android/tools/r8/internal/AC; 88 <appendix> member <vmtarget> ; # com/android/tools/r8/internal/JS$$Lambda+0x00000189cf144000
instanceKlass  @cpi com/android/tools/r8/kotlin/C 202 form vmentry <vmtarget> ; # java/lang/invoke/LambdaForm$DMH+0x00000189cf140000
instanceKlass  @bci com/android/tools/r8/internal/JS a (Lcom/android/tools/r8/graph/y;Lcom/android/tools/r8/graph/u1;)Lcom/android/tools/r8/internal/AC; 68 <appendix> member <vmtarget> ; # com/android/tools/r8/internal/JS$$Lambda+0x00000189cf138ca8
instanceKlass  @bci com/android/tools/r8/internal/JS a (Lcom/android/tools/r8/graph/y;Lcom/android/tools/r8/graph/u1;)Lcom/android/tools/r8/internal/AC; 51 <appendix> argL0 ; # com/android/tools/r8/internal/JS$$Lambda+0x00000189cf138a58
instanceKlass  @bci com/android/tools/r8/internal/JS a (Lcom/android/tools/r8/graph/y;Lcom/android/tools/r8/graph/u1;)Lcom/android/tools/r8/internal/AC; 34 <appendix> member <vmtarget> ; # com/android/tools/r8/internal/JS$$Lambda+0x00000189cf138800
instanceKlass  @cpi com/android/tools/r8/dex/p0 79 form vmentry <vmtarget> ; # java/lang/invoke/LambdaForm$DMH+0x00000189cf138400
instanceKlass  @bci com/android/tools/r8/internal/JS a (Lcom/android/tools/r8/graph/y;Lcom/android/tools/r8/graph/u1;)Lcom/android/tools/r8/internal/AC; 17 <appendix> argL0 ; # com/android/tools/r8/internal/JS$$Lambda+0x00000189cf139ca0
instanceKlass  @bci com/android/tools/r8/graph/y <init> (Lcom/android/tools/r8/graph/h;Lcom/android/tools/r8/internal/o4;Lcom/android/tools/r8/internal/kp0;ILcom/android/tools/r8/internal/at0;)V 537 <appendix> member <vmtarget> ; # com/android/tools/r8/graph/y$$Lambda+0x00000189cf139a78
instanceKlass com/android/tools/r8/internal/JS
instanceKlass  @bci com/android/tools/r8/graph/y <init> (Lcom/android/tools/r8/graph/h;Lcom/android/tools/r8/internal/o4;Lcom/android/tools/r8/internal/kp0;ILcom/android/tools/r8/internal/at0;)V 400 <appendix> argL0 ; # com/android/tools/r8/graph/y$$Lambda+0x00000189cf139648
instanceKlass com/android/tools/r8/internal/HD
instanceKlass  @bci com/android/tools/r8/graph/y <init> (Lcom/android/tools/r8/graph/h;Lcom/android/tools/r8/internal/o4;Lcom/android/tools/r8/internal/kp0;ILcom/android/tools/r8/internal/at0;)V 380 <appendix> member <vmtarget> ; # com/android/tools/r8/graph/y$$Lambda+0x00000189cf13bb88
instanceKlass com/android/tools/r8/internal/ot
instanceKlass com/android/tools/r8/internal/K1
instanceKlass com/android/tools/r8/internal/G1
instanceKlass  @bci com/android/tools/r8/graph/y <init> (Lcom/android/tools/r8/graph/h;Lcom/android/tools/r8/internal/o4;Lcom/android/tools/r8/internal/kp0;ILcom/android/tools/r8/internal/at0;)V 258 <appendix> member <vmtarget> ; # com/android/tools/r8/graph/y$$Lambda+0x00000189cf13ab50
instanceKlass com/android/tools/r8/internal/Pf
instanceKlass com/android/tools/r8/internal/St
instanceKlass com/android/tools/r8/internal/u6
instanceKlass com/android/tools/r8/internal/PA
instanceKlass com/android/tools/r8/internal/QW
instanceKlass  @bci com/android/tools/r8/internal/Vm0 <init> ()V 91 <appendix> member <vmtarget> ; # com/android/tools/r8/internal/Vm0$$Lambda+0x00000189cf13fd28
instanceKlass com/android/tools/r8/internal/e20
instanceKlass  @bci com/android/tools/r8/internal/Vm0 <init> ()V 72 <appendix> member <vmtarget> ; # com/android/tools/r8/internal/Vm0$$Lambda+0x00000189cf13f1c0
instanceKlass  @bci com/android/tools/r8/internal/Vm0 <init> ()V 53 <appendix> member <vmtarget> ; # com/android/tools/r8/internal/Vm0$$Lambda+0x00000189cf13eda0
instanceKlass  @bci com/android/tools/r8/internal/Vm0 <init> ()V 34 <appendix> member <vmtarget> ; # com/android/tools/r8/internal/Vm0$$Lambda+0x00000189cf13eb78
instanceKlass com/android/tools/r8/internal/ME
instanceKlass com/android/tools/r8/internal/rW
instanceKlass com/android/tools/r8/internal/SE
instanceKlass com/android/tools/r8/internal/TE
instanceKlass com/android/tools/r8/internal/I
instanceKlass com/android/tools/r8/internal/QF
instanceKlass  @bci com/android/tools/r8/internal/Vm0 <init> ()V 15 <appendix> member <vmtarget> ; # com/android/tools/r8/internal/Vm0$$Lambda+0x00000189cf137c90
instanceKlass com/android/tools/r8/internal/Vm0
instanceKlass com/android/tools/r8/internal/iE
instanceKlass com/android/tools/r8/internal/fY
instanceKlass com/android/tools/r8/internal/wW
instanceKlass com/android/tools/r8/internal/co
instanceKlass  @bci com/android/tools/r8/shaking/k a (Ljava/util/function/BiConsumer;)V 5 <appendix> member <vmtarget> ; # com/android/tools/r8/shaking/k$$Lambda+0x00000189cf1351d0
instanceKlass com/android/tools/r8/internal/H4
instanceKlass  @bci com/android/tools/r8/internal/GV a (Lcom/android/tools/r8/internal/g6;I)Ljava/util/IdentityHashMap; 11 <appendix> member <vmtarget> ; # com/android/tools/r8/internal/GV$$Lambda+0x00000189cf134d88
instanceKlass  @cpi com/android/tools/r8/internal/GV 94 form vmentry <vmtarget> ; # java/lang/invoke/LambdaForm$DMH+0x00000189cf138000
instanceKlass com/android/tools/r8/internal/GV
instanceKlass  @bci com/android/tools/r8/shaking/k a ()Lcom/android/tools/r8/shaking/l; 5 <appendix> member <vmtarget> ; # com/android/tools/r8/shaking/k$$Lambda+0x00000189cf134958
instanceKlass com/android/tools/r8/internal/g6
instanceKlass com/android/tools/r8/shaking/l
instanceKlass com/android/tools/r8/shaking/k
instanceKlass com/android/tools/r8/internal/l1
instanceKlass  @bci com/android/tools/r8/internal/kp0 a (Lcom/android/tools/r8/graph/x0;)Lcom/android/tools/r8/internal/kp0; 5 <appendix> member <vmtarget> ; # com/android/tools/r8/internal/kp0$$Lambda+0x00000189cf133300
instanceKlass com/android/tools/r8/startup/diagnostic/MissingStartupProfileItemsDiagnostic$a
instanceKlass com/android/tools/r8/startup/StartupProfileBuilder
instanceKlass com/android/tools/r8/internal/kp0
instanceKlass com/android/tools/r8/internal/m1
instanceKlass  @bci com/android/tools/r8/internal/v4 a ()Ljava/util/List; 88 <appendix> argL0 ; # com/android/tools/r8/internal/v4$$Lambda+0x00000189cf132530
instanceKlass com/android/tools/r8/profile/art/ArtProfileBuilder
instanceKlass com/android/tools/r8/internal/o4
instanceKlass com/android/tools/r8/internal/Jf
instanceKlass com/android/tools/r8/naming/q0
instanceKlass com/android/tools/r8/internal/X40
instanceKlass com/android/tools/r8/internal/q6
instanceKlass com/android/tools/r8/internal/m6
instanceKlass com/android/tools/r8/internal/o6
instanceKlass com/android/tools/r8/internal/l6
instanceKlass  @bci com/android/tools/r8/D8 a (Lcom/android/tools/r8/utils/i;Lcom/android/tools/r8/internal/QJ;Ljava/util/concurrent/ExecutorService;Lcom/android/tools/r8/internal/at0;)Lcom/android/tools/r8/graph/y; 74 <appendix> member <vmtarget> ; # com/android/tools/r8/D8$$Lambda+0x00000189cf129240
instanceKlass com/android/tools/r8/internal/V6
instanceKlass com/android/tools/r8/synthesis/F
instanceKlass com/android/tools/r8/synthesis/d
instanceKlass com/android/tools/r8/synthesis/b
instanceKlass com/android/tools/r8/SyntheticInfoConsumerData
instanceKlass com/android/tools/r8/synthesis/Y
instanceKlass com/android/tools/r8/synthesis/s
instanceKlass com/android/tools/r8/synthesis/t
instanceKlass com/android/tools/r8/synthesis/m
instanceKlass com/android/tools/r8/synthesis/k
instanceKlass com/android/tools/r8/synthesis/Z
instanceKlass com/android/tools/r8/internal/jy
instanceKlass com/android/tools/r8/graph/a6
instanceKlass com/android/tools/r8/graph/M4
instanceKlass com/android/tools/r8/shaking/n2
instanceKlass com/android/tools/r8/shaking/p2
instanceKlass com/android/tools/r8/internal/Uz
instanceKlass com/android/tools/r8/internal/he
instanceKlass  @bci com/android/tools/r8/synthesis/E$a e ()Lcom/android/tools/r8/synthesis/E$a; 7 <appendix> member <vmtarget> ; # com/android/tools/r8/synthesis/E$a$$Lambda+0x00000189cf0b9680
instanceKlass com/android/tools/r8/synthesis/E
instanceKlass com/android/tools/r8/synthesis/C
instanceKlass com/android/tools/r8/synthesis/A
instanceKlass com/android/tools/r8/synthesis/E$a
instanceKlass  @bci com/android/tools/r8/D8 a (Lcom/android/tools/r8/utils/i;Lcom/android/tools/r8/internal/QJ;Ljava/util/concurrent/ExecutorService;Lcom/android/tools/r8/internal/at0;)Lcom/android/tools/r8/graph/y; 58 <appendix> member <vmtarget> ; # com/android/tools/r8/D8$$Lambda+0x00000189cf112870
instanceKlass com/android/tools/r8/internal/Zs0
instanceKlass  @bci com/android/tools/r8/internal/O80 a (Ljava/util/ArrayList;Lcom/android/tools/r8/dex/b;)Lcom/android/tools/r8/internal/O80; 40 <appendix> member <vmtarget> ; # com/android/tools/r8/internal/O80$$Lambda+0x00000189cf112438
instanceKlass java/util/concurrent/ConcurrentLinkedQueue$Itr
instanceKlass com/android/tools/r8/graph/z0
instanceKlass com/android/tools/r8/dex/W
instanceKlass com/android/tools/r8/internal/qv0
instanceKlass  @bci com/android/tools/r8/graph/o4 a (ILjava/lang/String;Z)Lcom/android/tools/r8/internal/Q2; 116 <appendix> argL0 ; # com/android/tools/r8/graph/o4$$Lambda+0x00000189cf12e428
# instanceKlass com/android/tools/r8/graph/l4$$Lambda+0x00000189cf12e1f0
instanceKlass  @bci com/android/tools/r8/graph/l4 a (Ljava/lang/String;Ljava/lang/String;)Lcom/android/tools/r8/internal/Q2; 12 <appendix> member <vmtarget> ; # com/android/tools/r8/graph/l4$$Lambda+0x00000189cf12dfb8
instanceKlass  @cpi com/android/tools/r8/kotlin/m 139 form vmentry <vmtarget> ; # java/lang/invoke/LambdaForm$DMH+0x00000189cf128800
instanceKlass  @bci com/android/tools/r8/graph/J3 a ()Lcom/android/tools/r8/graph/G3$b; 16 <appendix> member <vmtarget> ; # com/android/tools/r8/graph/J3$$Lambda+0x00000189cf12dac8
# instanceKlass com/android/tools/r8/graph/o4$$Lambda+0x00000189cf12d890
instanceKlass com/android/tools/r8/graph/I3
instanceKlass  @bci com/android/tools/r8/graph/n4 a (Ljava/lang/String;Z)Lcom/android/tools/r8/internal/Q2; 219 <appendix> argL0 ; # com/android/tools/r8/graph/n4$$Lambda+0x00000189cf12cee0
# instanceKlass com/android/tools/r8/graph/o4$$Lambda+0x00000189cf12cca8
instanceKlass  @bci com/android/tools/r8/graph/o4 a ()Lcom/android/tools/r8/internal/Q2; 13 <appendix> member <vmtarget> ; # com/android/tools/r8/graph/o4$$Lambda+0x00000189cf12ca70
# instanceKlass com/android/tools/r8/graph/l4$$Lambda+0x00000189cf12c238
instanceKlass  @bci com/android/tools/r8/graph/l4 a (Ljava/lang/String;)Lcom/android/tools/r8/internal/Q2; 11 <appendix> member <vmtarget> ; # com/android/tools/r8/graph/l4$$Lambda+0x00000189cf12c000
instanceKlass  @cpi com/android/tools/r8/kotlin/s0 185 form vmentry <vmtarget> ; # java/lang/invoke/LambdaForm$DMH+0x00000189cf128000
instanceKlass  @bci com/android/tools/r8/graph/m4 a (Ljava/lang/String;Z)Lcom/android/tools/r8/internal/Q2; 136 <appendix> argL0 ; # com/android/tools/r8/graph/m4$$Lambda+0x00000189cf127d20
# instanceKlass com/android/tools/r8/graph/m4$$Lambda+0x00000189cf127af0
# instanceKlass com/android/tools/r8/graph/J3$$Lambda+0x00000189cf1278b8
# instanceKlass com/android/tools/r8/graph/J3$$Lambda+0x00000189cf127680
instanceKlass  @bci com/android/tools/r8/graph/J3 d ()Lcom/android/tools/r8/graph/G3$g; 14 <appendix> member <vmtarget> ; # com/android/tools/r8/graph/J3$$Lambda+0x00000189cf127448
# instanceKlass com/android/tools/r8/graph/J3$$Lambda+0x00000189cf127210
instanceKlass com/android/tools/r8/graph/G3$f
instanceKlass com/android/tools/r8/graph/s5
instanceKlass com/android/tools/r8/graph/J3
instanceKlass com/android/tools/r8/dex/t
instanceKlass  @bci com/android/tools/r8/graph/S4 b ([Lcom/android/tools/r8/graph/j1;)V 76 <appendix> member <vmtarget> ; # com/android/tools/r8/graph/S4$$Lambda+0x00000189cf125bf8
# instanceKlass com/android/tools/r8/graph/S4$$Lambda+0x00000189cf1259c0
instanceKlass com/android/tools/r8/graph/G2
instanceKlass com/android/tools/r8/internal/Z30
instanceKlass  @bci com/android/tools/r8/graph/s3 a ([Lcom/android/tools/r8/graph/g1;)V 1 <appendix> argL0 ; # com/android/tools/r8/graph/s3$$Lambda+0x00000189cf124c28
instanceKlass com/android/tools/r8/internal/pv
# instanceKlass com/android/tools/r8/graph/s3$$Lambda+0x00000189cf1244a0
# instanceKlass com/android/tools/r8/graph/s3$$Lambda+0x00000189cf124268
# instanceKlass com/android/tools/r8/graph/s3$$Lambda+0x00000189cf124030
# instanceKlass com/android/tools/r8/graph/s3$$Lambda+0x00000189cf123df8
instanceKlass  @bci com/android/tools/r8/graph/s3 a ([Lcom/android/tools/r8/graph/g1;Ljava/util/function/Predicate;)V 45 <appendix> member <vmtarget> ; # com/android/tools/r8/graph/s3$$Lambda+0x00000189cf123bc0
instanceKlass com/android/tools/r8/graph/m1
# instanceKlass com/android/tools/r8/graph/R4$$Lambda+0x00000189cf123618
# instanceKlass com/android/tools/r8/graph/R4$$Lambda+0x00000189cf1233d0
instanceKlass  @bci com/android/tools/r8/graph/R4 a (Ljava/util/function/Consumer;Ljava/util/function/Predicate;)V 3 <appendix> member <vmtarget> ; # com/android/tools/r8/graph/R4$$Lambda+0x00000189cf123188
# instanceKlass com/android/tools/r8/graph/S4$$Lambda+0x00000189cf122ae0
# instanceKlass com/android/tools/r8/graph/S4$$Lambda+0x00000189cf122f50
instanceKlass  @bci com/android/tools/r8/graph/S4 a ([Lcom/android/tools/r8/graph/j1;)V 76 <appendix> member <vmtarget> ; # com/android/tools/r8/graph/S4$$Lambda+0x00000189cf122d18
# instanceKlass com/android/tools/r8/graph/s3$$Lambda+0x00000189cf122890
# instanceKlass com/android/tools/r8/graph/s3$$Lambda+0x00000189cf122640
# instanceKlass com/android/tools/r8/graph/s3$$Lambda+0x00000189cf1223f0
# instanceKlass com/android/tools/r8/graph/s3$$Lambda+0x00000189cf1221a0
instanceKlass  @bci com/android/tools/r8/graph/s3 b ([Lcom/android/tools/r8/graph/g1;)V 1 <appendix> argL0 ; # com/android/tools/r8/graph/s3$$Lambda+0x00000189cf121f50
instanceKlass com/android/tools/r8/internal/B40
instanceKlass com/android/tools/r8/internal/v40
instanceKlass com/android/tools/r8/internal/k40
instanceKlass com/android/tools/r8/internal/p40
instanceKlass com/android/tools/r8/internal/b40
instanceKlass com/android/tools/r8/internal/a4
instanceKlass com/android/tools/r8/internal/fE
instanceKlass  @bci com/android/tools/r8/synthesis/z a (Ljava/util/Collection;Ljava/util/Map;Lcom/android/tools/r8/graph/y;Lcom/android/tools/r8/synthesis/v;Lcom/android/tools/r8/internal/at0;)Ljava/util/IdentityHashMap; 270 <adapter> ; # java/lang/invoke/LambdaForm$MH+0x00000189cf11d000
# instanceKlass java/lang/invoke/LambdaForm$DMH+0x00000189cf11cc00
instanceKlass  @bci com/android/tools/r8/synthesis/z a (Ljava/util/Collection;Ljava/util/Map;Lcom/android/tools/r8/graph/y;Lcom/android/tools/r8/synthesis/v;Lcom/android/tools/r8/internal/at0;)Ljava/util/IdentityHashMap; 270 <appendix> form vmentry <vmtarget> ; # java/lang/invoke/LambdaForm$DMH+0x00000189cf11c800
instanceKlass  @bci com/android/tools/r8/graph/r4 a (Ljava/lang/String;ZLjava/util/List;Lcom/android/tools/r8/graph/k4;Ljava/util/function/BiFunction;)Lcom/android/tools/r8/graph/l4; 60 <appendix> member <vmtarget> ; # com/android/tools/r8/graph/r4$$Lambda+0x00000189cf11e2b8
instanceKlass  @cpi com/android/tools/r8/graph/r4 95 form vmentry <vmtarget> ; # java/lang/invoke/LambdaForm$DMH+0x00000189cf11c400
instanceKlass com/android/tools/r8/internal/d40
instanceKlass  @bci com/android/tools/r8/graph/o4 a (Ljava/lang/String;Z)Lcom/android/tools/r8/internal/Q2; 220 <appendix> argL0 ; # com/android/tools/r8/graph/o4$$Lambda+0x00000189cf11af58
instanceKlass  @cpi com/android/tools/r8/graph/n4 211 form vmentry <vmtarget> ; # java/lang/invoke/LambdaForm$DMH+0x00000189cf11c000
instanceKlass com/android/tools/r8/internal/Mt0
# instanceKlass com/android/tools/r8/graph/Q4$a$$Lambda+0x00000189cf118ac8
# instanceKlass com/android/tools/r8/graph/Q4$a$$Lambda+0x00000189cf1188a0
# instanceKlass com/android/tools/r8/graph/Q4$a$$Lambda+0x00000189cf118450
# instanceKlass com/android/tools/r8/graph/Q4$a$$Lambda+0x00000189cf118678
# instanceKlass com/android/tools/r8/graph/Q4$a$$Lambda+0x00000189cf118228
# instanceKlass com/android/tools/r8/graph/Q4$a$$Lambda+0x00000189cf118000
instanceKlass  @bci com/android/tools/r8/graph/Q4$a a ([Lcom/android/tools/r8/graph/j1;[Lcom/android/tools/r8/graph/j1;)Lcom/android/tools/r8/graph/Q4$a; 2 <appendix> member <vmtarget> ; # com/android/tools/r8/graph/Q4$a$$Lambda+0x00000189cf113400
# instanceKlass com/android/tools/r8/graph/Q4$a$$Lambda+0x00000189cf113d48
instanceKlass com/android/tools/r8/graph/Q4
instanceKlass com/android/tools/r8/graph/R4
instanceKlass com/android/tools/r8/graph/Q4$a
# instanceKlass com/android/tools/r8/graph/q3$a$$Lambda+0x00000189cf117580
# instanceKlass com/android/tools/r8/graph/q3$a$$Lambda+0x00000189cf117358
# instanceKlass com/android/tools/r8/graph/q3$a$$Lambda+0x00000189cf117130
# instanceKlass com/android/tools/r8/graph/q3$a$$Lambda+0x00000189cf116f08
# instanceKlass com/android/tools/r8/graph/q3$a$$Lambda+0x00000189cf116ce0
# instanceKlass com/android/tools/r8/graph/q3$a$$Lambda+0x00000189cf116ab8
# instanceKlass com/android/tools/r8/graph/q3$a$$Lambda+0x00000189cf116890
instanceKlass  @bci com/android/tools/r8/graph/q3$a a ([Lcom/android/tools/r8/graph/g1;[Lcom/android/tools/r8/graph/g1;)Lcom/android/tools/r8/graph/q3$a; 2 <appendix> member <vmtarget> ; # com/android/tools/r8/graph/q3$a$$Lambda+0x00000189cf116668
instanceKlass com/android/tools/r8/graph/q3
instanceKlass com/android/tools/r8/graph/r3
instanceKlass com/android/tools/r8/graph/q3$a
# instanceKlass com/android/tools/r8/graph/m4$$Lambda+0x00000189cf115818
# instanceKlass com/android/tools/r8/graph/m4$$Lambda+0x00000189cf1155f8
# instanceKlass com/android/tools/r8/graph/m4$$Lambda+0x00000189cf114df0
# instanceKlass com/android/tools/r8/graph/m4$$Lambda+0x00000189cf114000
# instanceKlass com/android/tools/r8/graph/m4$$Lambda+0x00000189cf10fc20
# instanceKlass com/android/tools/r8/graph/m4$$Lambda+0x00000189cf10fa00
# instanceKlass com/android/tools/r8/graph/m4$$Lambda+0x00000189cf10f7e0
instanceKlass  @bci com/android/tools/r8/graph/m4 a (Lcom/android/tools/r8/graph/V;)Lcom/android/tools/r8/graph/H2$a; 52 <appendix> argL0 ; # com/android/tools/r8/graph/m4$$Lambda+0x00000189cf10f5c0
instanceKlass  @cpi com/android/tools/r8/graph/m4 759 form vmentry <vmtarget> ; # java/lang/invoke/LambdaForm$DMH+0x00000189cf111400
instanceKlass  @cpi com/android/tools/r8/internal/up 45 form vmentry <vmtarget> ; # java/lang/invoke/LambdaForm$DMH+0x00000189cf110400
instanceKlass com/android/tools/r8/internal/Wt0
instanceKlass com/android/tools/r8/graph/j1$a
instanceKlass com/android/tools/r8/internal/Qm0
instanceKlass com/android/tools/r8/internal/G8
instanceKlass com/android/tools/r8/internal/Mu
instanceKlass com/android/tools/r8/internal/sE
instanceKlass com/android/tools/r8/internal/hd
instanceKlass com/android/tools/r8/internal/JT
instanceKlass com/android/tools/r8/naming/V$c
instanceKlass com/android/tools/r8/internal/q70
instanceKlass com/android/tools/r8/internal/q70$a
instanceKlass com/android/tools/r8/internal/HX
instanceKlass com/android/tools/r8/graph/G3$h
instanceKlass com/android/tools/r8/graph/G3$g
instanceKlass com/android/tools/r8/androidapi/g
instanceKlass com/android/tools/r8/androidapi/e
instanceKlass com/android/tools/r8/kotlin/a0
instanceKlass com/android/tools/r8/kotlin/d0
instanceKlass com/android/tools/r8/kotlin/o
instanceKlass com/android/tools/r8/internal/eu
instanceKlass com/android/tools/r8/internal/jK
instanceKlass com/android/tools/r8/internal/i0
instanceKlass com/android/tools/r8/internal/v6
instanceKlass com/android/tools/r8/internal/rM
instanceKlass com/android/tools/r8/shaking/g3
instanceKlass com/android/tools/r8/kotlin/b0
instanceKlass com/android/tools/r8/internal/Gt
instanceKlass com/android/tools/r8/graph/g1$a
instanceKlass com/android/tools/r8/kotlin/F
instanceKlass com/android/tools/r8/kotlin/P
instanceKlass com/android/tools/r8/shaking/g0
instanceKlass com/android/tools/r8/internal/Hw
instanceKlass com/android/tools/r8/internal/yW
instanceKlass com/android/tools/r8/androidapi/f
instanceKlass com/android/tools/r8/internal/rv
instanceKlass com/android/tools/r8/graph/P
instanceKlass com/android/tools/r8/internal/fm
instanceKlass com/android/tools/r8/internal/NZ
instanceKlass com/android/tools/r8/internal/dd0
instanceKlass com/android/tools/r8/internal/ed0
instanceKlass com/android/tools/r8/internal/hs0
instanceKlass com/android/tools/r8/internal/md0
instanceKlass com/android/tools/r8/internal/Y9
instanceKlass com/android/tools/r8/internal/sv
# instanceKlass com/android/tools/r8/graph/k4$$Lambda+0x00000189cf0bcb68
instanceKlass com/android/tools/r8/graph/h4
# instanceKlass com/android/tools/r8/graph/k4$$Lambda+0x00000189cf0bc920
# instanceKlass com/android/tools/r8/graph/k4$$Lambda+0x00000189cf0bc6d8
instanceKlass  @bci com/android/tools/r8/dex/p0 a (Lcom/android/tools/r8/internal/kp0;)Ljava/util/function/Predicate; 1 <bsm> form vmentry <vmtarget> ; # java/lang/invoke/LambdaForm$DMH+0x00000189cf0ba000
# instanceKlass com/android/tools/r8/graph/k4$$Lambda+0x00000189cf0bc490
# instanceKlass com/android/tools/r8/graph/k4$$Lambda+0x00000189cf0bc248
# instanceKlass com/android/tools/r8/graph/k4$$Lambda+0x00000189cf0b79c8
instanceKlass  @bci com/android/tools/r8/graph/k4 d (Ljava/lang/String;)Lcom/android/tools/r8/graph/L2; 17 <appendix> member <vmtarget> ; # com/android/tools/r8/graph/k4$$Lambda+0x00000189cf0bc000
# instanceKlass com/android/tools/r8/graph/k4$$Lambda+0x00000189cf0b7c10
instanceKlass  @cpi com/android/tools/r8/internal/x5 97 form vmentry <vmtarget> ; # java/lang/invoke/LambdaForm$DMH+0x00000189cf0b8400
instanceKlass com/android/tools/r8/internal/vf0
# instanceKlass com/android/tools/r8/graph/k4$$Lambda+0x00000189cf0b7580
# instanceKlass com/android/tools/r8/graph/k4$$Lambda+0x00000189cf0b7340
# instanceKlass com/android/tools/r8/graph/k4$$Lambda+0x00000189cf0b7100
# instanceKlass com/android/tools/r8/graph/k4$$Lambda+0x00000189cf0b6ec0
# instanceKlass com/android/tools/r8/graph/k4$$Lambda+0x00000189cf0b6c80
instanceKlass  @bci com/android/tools/r8/graph/k4 a (Ljava/lang/String;)Lcom/android/tools/r8/internal/qu0; 5 <appendix> argL0 ; # com/android/tools/r8/graph/k4$$Lambda+0x00000189cf0b6a40
# instanceKlass com/android/tools/r8/graph/k4$$Lambda+0x00000189cf0b65c0
# instanceKlass com/android/tools/r8/graph/k4$$Lambda+0x00000189cf0b6800
instanceKlass com/android/tools/r8/internal/qu0
# instanceKlass com/android/tools/r8/internal/Rb$$Lambda+0x00000189cf0b6190
# instanceKlass com/android/tools/r8/internal/Rb$$Lambda+0x00000189cf0b5f70
# instanceKlass com/android/tools/r8/internal/Rb$$Lambda+0x00000189cf0b5d50
# instanceKlass com/android/tools/r8/internal/Rb$$Lambda+0x00000189cf0b5b30
# instanceKlass com/android/tools/r8/internal/Rb$$Lambda+0x00000189cf0b5910
# instanceKlass com/android/tools/r8/internal/Rb$$Lambda+0x00000189cf0b56f0
# instanceKlass com/android/tools/r8/internal/Rb$$Lambda+0x00000189cf0b54d0
instanceKlass  @bci com/android/tools/r8/internal/Rb a (Lcom/android/tools/r8/internal/Jr0;)V 9 <appendix> argL0 ; # com/android/tools/r8/internal/Rb$$Lambda+0x00000189cf0b52b0
# instanceKlass com/android/tools/r8/internal/Rb$$Lambda+0x00000189cf0b5090
# instanceKlass com/android/tools/r8/internal/Rb$$Lambda+0x00000189cf0b4e70
# instanceKlass com/android/tools/r8/internal/Rb$$Lambda+0x00000189cf0b4c50
# instanceKlass com/android/tools/r8/internal/Rb$$Lambda+0x00000189cf0b4a30
# instanceKlass com/android/tools/r8/internal/Rb$$Lambda+0x00000189cf0b4810
# instanceKlass com/android/tools/r8/internal/Rb$$Lambda+0x00000189cf0b45f0
# instanceKlass com/android/tools/r8/internal/Rb$$Lambda+0x00000189cf0b43d0
instanceKlass  @bci com/android/tools/r8/internal/Rb a (Lcom/android/tools/r8/internal/Jr0;)V 1 <appendix> argL0 ; # com/android/tools/r8/internal/Rb$$Lambda+0x00000189cf0b41b0
instanceKlass java/util/function/ToIntFunction
instanceKlass com/android/tools/r8/internal/Fr0
# instanceKlass com/android/tools/r8/internal/Rb$$Lambda+0x00000189cf0b3d90
# instanceKlass com/android/tools/r8/internal/Rb$$Lambda+0x00000189cf0b3b70
# instanceKlass com/android/tools/r8/internal/Rb$$Lambda+0x00000189cf0b3950
# instanceKlass com/android/tools/r8/internal/Rb$$Lambda+0x00000189cf0b3730
# instanceKlass com/android/tools/r8/internal/Rb$$Lambda+0x00000189cf0b3510
# instanceKlass com/android/tools/r8/internal/Rb$$Lambda+0x00000189cf0b32f0
instanceKlass  @bci com/android/tools/r8/internal/Rb m ()Lcom/android/tools/r8/internal/Hr0; 0 <appendix> argL0 ; # com/android/tools/r8/internal/Rb$$Lambda+0x00000189cf0b30d0
instanceKlass com/android/tools/r8/internal/Hr0
# instanceKlass com/android/tools/r8/internal/xj$$Lambda+0x00000189cf0b2a48
# instanceKlass com/android/tools/r8/internal/xj$$Lambda+0x00000189cf0b2828
# instanceKlass com/android/tools/r8/internal/xj$$Lambda+0x00000189cf0b2608
# instanceKlass com/android/tools/r8/internal/xj$$Lambda+0x00000189cf0b23e8
# instanceKlass com/android/tools/r8/internal/xj$$Lambda+0x00000189cf0b21c8
# instanceKlass com/android/tools/r8/internal/xj$$Lambda+0x00000189cf0b1fa8
# instanceKlass com/android/tools/r8/internal/xj$$Lambda+0x00000189cf0b1d88
instanceKlass  @bci com/android/tools/r8/internal/xj a (Lcom/android/tools/r8/internal/Gr0;Lcom/android/tools/r8/internal/Gr0;Lcom/android/tools/r8/internal/Er0;)I 7 <appendix> argL0 ; # com/android/tools/r8/internal/xj$$Lambda+0x00000189cf0b1b68
# instanceKlass com/android/tools/r8/internal/xj$$Lambda+0x00000189cf0b1948
# instanceKlass com/android/tools/r8/internal/xj$$Lambda+0x00000189cf0b1728
# instanceKlass com/android/tools/r8/internal/xj$$Lambda+0x00000189cf0b1508
# instanceKlass com/android/tools/r8/internal/xj$$Lambda+0x00000189cf0b12e8
# instanceKlass com/android/tools/r8/internal/xj$$Lambda+0x00000189cf0b10c8
# instanceKlass com/android/tools/r8/internal/xj$$Lambda+0x00000189cf0b0ea8
instanceKlass  @bci com/android/tools/r8/internal/xj a (Lcom/android/tools/r8/internal/Gr0;Lcom/android/tools/r8/internal/Gr0;Lcom/android/tools/r8/internal/Er0;)I 1 <appendix> argL0 ; # com/android/tools/r8/internal/xj$$Lambda+0x00000189cf0b0c88
# instanceKlass com/android/tools/r8/internal/xj$$Lambda+0x00000189cf0b0a68
instanceKlass com/android/tools/r8/internal/zg0
instanceKlass com/android/tools/r8/internal/xj
# instanceKlass com/android/tools/r8/internal/Gr0$$Lambda+0x00000189cf0b0440
# instanceKlass com/android/tools/r8/internal/Gr0$$Lambda+0x00000189cf0b0220
# instanceKlass com/android/tools/r8/internal/Gr0$$Lambda+0x00000189cf0b0000
# instanceKlass com/android/tools/r8/internal/Gr0$$Lambda+0x00000189cf0a9400
# instanceKlass com/android/tools/r8/internal/Gr0$$Lambda+0x00000189cf0a9c40
# instanceKlass com/android/tools/r8/internal/Gr0$$Lambda+0x00000189cf0a9a20
# instanceKlass com/android/tools/r8/internal/Gr0$$Lambda+0x00000189cf0a9800
instanceKlass  @bci com/android/tools/r8/internal/Gr0 a (Lcom/android/tools/r8/internal/Gr0;)I 7 <appendix> argL0 ; # com/android/tools/r8/internal/Gr0$$Lambda+0x00000189cf0abd08
instanceKlass  @cpi com/android/tools/r8/kotlin/O 153 form vmentry <vmtarget> ; # java/lang/invoke/LambdaForm$DMH+0x00000189cf0a8c00
instanceKlass com/android/tools/r8/internal/Er0
instanceKlass com/android/tools/r8/internal/ji
instanceKlass com/android/tools/r8/graph/c4
instanceKlass com/android/tools/r8/graph/G3$i
instanceKlass com/android/tools/r8/graph/G3
instanceKlass com/android/tools/r8/graph/q4
instanceKlass com/android/tools/r8/internal/hx
instanceKlass com/android/tools/r8/internal/rY
instanceKlass  @bci com/android/tools/r8/internal/Gs0 awaitFutures (Ljava/util/List;)V 1 <appendix> argL0 ; # com/android/tools/r8/internal/Gs0$$Lambda+0x00000189cf0ae2f0
instanceKlass com/android/tools/r8/internal/Q2
instanceKlass com/android/tools/r8/internal/x60
instanceKlass com/android/tools/r8/internal/Zc0
instanceKlass com/android/tools/r8/internal/DR
instanceKlass com/android/tools/r8/internal/M4
instanceKlass com/android/tools/r8/internal/de
# instanceKlass com/android/tools/r8/internal/xv$$Lambda+0x00000189cf0ac8a0
# instanceKlass com/android/tools/r8/graph/r4$$Lambda+0x00000189cf0ac678
instanceKlass  @bci com/android/tools/r8/internal/xv a (Lcom/android/tools/r8/origin/Origin;Lcom/android/tools/r8/position/Position;Ljava/lang/Runnable;)V 2 <appendix> member <vmtarget> ; # com/android/tools/r8/internal/xv$$Lambda+0x00000189cf0ac450
# instanceKlass com/android/tools/r8/graph/r4$$Lambda+0x00000189cf0ac228
instanceKlass  @bci com/android/tools/r8/graph/r4 b (Lcom/android/tools/r8/origin/Origin;[B)V 4 <appendix> member <vmtarget> ; # com/android/tools/r8/graph/r4$$Lambda+0x00000189cf0ac000
instanceKlass java/util/concurrent/ForkJoinPool$DefaultForkJoinWorkerThreadFactory$1
instanceKlass jdk/internal/util/random/RandomSupport
instanceKlass java/util/Random
instanceKlass java/util/random/RandomGenerator
instanceKlass java/util/concurrent/ForkJoinTask$Aux
instanceKlass java/util/concurrent/ForkJoinTask
instanceKlass java/util/concurrent/RunnableFuture
instanceKlass java/util/concurrent/Future
instanceKlass  @bci com/android/tools/r8/internal/ss0 b (Lcom/android/tools/r8/internal/Ns0;)V 2 <appendix> member <vmtarget> ; # com/android/tools/r8/internal/ss0$$Lambda+0x00000189cf0a7c20
instanceKlass java/util/concurrent/Callable
instanceKlass  @bci com/android/tools/r8/dex/a a (Ljava/util/ArrayList;Ljava/util/concurrent/ConcurrentLinkedQueue;)V 72 <appendix> member <vmtarget> ; # com/android/tools/r8/dex/a$$Lambda+0x00000189cf0a79f8
instanceKlass com/android/tools/r8/internal/Ns0
instanceKlass  @bci com/android/tools/r8/graph/V <clinit> ()V 53 <appendix> argL0 ; # com/android/tools/r8/graph/V$$Lambda+0x00000189cf0a75a8
instanceKlass  @bci com/android/tools/r8/graph/V <clinit> ()V 48 <appendix> argL0 ; # com/android/tools/r8/graph/V$$Lambda+0x00000189cf0a7388
instanceKlass  @bci com/android/tools/r8/graph/V <clinit> ()V 31 <appendix> argL0 ; # com/android/tools/r8/graph/V$$Lambda+0x00000189cf0a7138
instanceKlass  @bci com/android/tools/r8/graph/V <clinit> ()V 26 <appendix> argL0 ; # com/android/tools/r8/graph/V$$Lambda+0x00000189cf0a6ac8
instanceKlass  @bci com/android/tools/r8/graph/V <clinit> ()V 9 <appendix> argL0 ; # com/android/tools/r8/graph/V$$Lambda+0x00000189cf0a6878
instanceKlass  @cpi com/android/tools/r8/internal/VZ 113 form vmentry <vmtarget> ; # java/lang/invoke/LambdaForm$DMH+0x00000189cf0a8800
instanceKlass  @bci com/android/tools/r8/graph/V <clinit> ()V 4 <appendix> argL0 ; # com/android/tools/r8/graph/V$$Lambda+0x00000189cf0a6658
instanceKlass  @cpi com/android/tools/r8/graph/V 75 form vmentry <vmtarget> ; # java/lang/invoke/LambdaForm$DMH+0x00000189cf0a8400
# instanceKlass java/lang/invoke/LambdaForm$DMH+0x00000189cf0a8000
instanceKlass com/android/tools/r8/synthesis/K
instanceKlass com/android/tools/r8/graph/H2$a
instanceKlass com/android/tools/r8/graph/G3$b
instanceKlass com/android/tools/r8/graph/G3$d
instanceKlass com/android/tools/r8/graph/i3
instanceKlass com/android/tools/r8/graph/r5
instanceKlass com/android/tools/r8/graph/U
instanceKlass com/android/tools/r8/graph/V
instanceKlass  @bci com/android/tools/r8/dex/a a (Ljava/util/ArrayList;Ljava/util/concurrent/ConcurrentLinkedQueue;)V 28 <appendix> member <vmtarget> ; # com/android/tools/r8/dex/a$$Lambda+0x00000189cf0a4438
instanceKlass com/android/tools/r8/graph/r4
instanceKlass java/io/RandomAccessFile$1
instanceKlass com/android/tools/r8/internal/P40
instanceKlass com/android/tools/r8/ProgramResource
instanceKlass com/android/tools/r8/internal/kK
instanceKlass com/android/tools/r8/internal/d8
instanceKlass  @bci com/android/tools/r8/dex/a b ()V 8 <appendix> member <vmtarget> ; # com/android/tools/r8/dex/a$$Lambda+0x00000189cf0a26b8
instanceKlass com/android/tools/r8/internal/YJ
instanceKlass com/android/tools/r8/internal/RJ
instanceKlass com/android/tools/r8/graph/k4
instanceKlass com/android/tools/r8/graph/y0
instanceKlass java/util/concurrent/ConcurrentLinkedQueue$Node
instanceKlass com/android/tools/r8/internal/ce
instanceKlass com/android/tools/r8/internal/S0
instanceKlass com/android/tools/r8/internal/lU
instanceKlass com/android/tools/r8/internal/tZ
instanceKlass com/android/tools/r8/graph/B
instanceKlass com/android/tools/r8/dex/m
instanceKlass com/android/tools/r8/dex/a
instanceKlass com/android/tools/r8/internal/ss0
instanceKlass java/util/concurrent/atomic/AtomicReference
instanceKlass com/android/tools/r8/graph/c0
instanceKlass com/android/tools/r8/graph/c1
instanceKlass com/android/tools/r8/dex/c
instanceKlass com/android/tools/r8/internal/jt0
instanceKlass com/android/tools/r8/internal/at0
instanceKlass  @bci com/android/tools/r8/D8 a (Lcom/android/tools/r8/utils/i;Lcom/android/tools/r8/internal/QJ;)V 12 <appendix> member <vmtarget> ; # com/android/tools/r8/D8$$Lambda+0x00000189cf09a668
instanceKlass  @cpi com/android/tools/r8/kotlin/m 100 form vmentry <vmtarget> ; # java/lang/invoke/LambdaForm$DMH+0x00000189cf098400
instanceKlass java/util/concurrent/ForkJoinPool$2
instanceKlass jdk/internal/access/JavaUtilConcurrentFJPAccess
instanceKlass jdk/internal/vm/ThreadContainers
instanceKlass java/util/concurrent/ForkJoinPool$DefaultForkJoinWorkerThreadFactory
instanceKlass jdk/internal/vm/StackableScope
instanceKlass java/util/concurrent/ForkJoinPool$WorkQueue
instanceKlass java/util/concurrent/ForkJoinPool$ForkJoinWorkerThreadFactory
instanceKlass java/util/concurrent/AbstractExecutorService
instanceKlass java/util/concurrent/Executors
instanceKlass com/android/tools/r8/internal/Gs0
instanceKlass com/android/tools/r8/threading/ThreadingModule
instanceKlass com/android/tools/r8/threading/providers/blocking/ThreadingModuleBlockingProvider
instanceKlass com/android/tools/r8/threading/ThreadingModuleProvider
instanceKlass com/android/tools/r8/threading/a
instanceKlass com/android/tools/r8/internal/Fs0
instanceKlass com/android/tools/r8/internal/cI
instanceKlass com/android/tools/r8/internal/oU
instanceKlass  @bci com/android/tools/r8/BaseCompilerCommand a (Lcom/android/tools/r8/internal/At$a;)V 108 <appendix> argL0 ; # com/android/tools/r8/BaseCompilerCommand$$Lambda+0x00000189cf09f100
instanceKlass com/android/tools/r8/internal/s4
instanceKlass com/android/tools/r8/internal/Q80
instanceKlass  @bci com/android/tools/r8/internal/At$a c ()Lcom/android/tools/r8/internal/At$a; 5 <appendix> member <vmtarget> ; # com/android/tools/r8/internal/At$a$$Lambda+0x00000189cf09eaa0
instanceKlass  @bci com/android/tools/r8/internal/At$a b ()Ljava/util/Map; 16 <appendix> member <vmtarget> ; # com/android/tools/r8/internal/At$a$$Lambda+0x00000189cf09e868
instanceKlass java/util/Collections$SynchronizedCollection
instanceKlass java/util/Properties$EntrySet
instanceKlass com/android/tools/r8/internal/At$a
instanceKlass com/android/tools/r8/internal/At
instanceKlass  @bci com/android/tools/r8/internal/O80 a (Lcom/android/tools/r8/ClassConflictResolver;Lcom/android/tools/r8/internal/yg0;)Lcom/android/tools/r8/dex/b; 2 <appendix> member <vmtarget> ; # com/android/tools/r8/internal/O80$$Lambda+0x00000189cf09dbb0
instanceKlass com/android/tools/r8/dex/b
instanceKlass com/android/tools/r8/ClassConflictResolver
instanceKlass com/android/tools/r8/internal/rd
instanceKlass com/android/tools/r8/internal/dE
instanceKlass com/android/tools/r8/inspector/Inspector
instanceKlass com/android/tools/r8/AssertionsConfiguration$Builder
instanceKlass com/android/tools/r8/AssertionsConfiguration
instanceKlass com/android/tools/r8/internal/D4
instanceKlass  @bci com/android/tools/r8/D8Command b ()Lcom/android/tools/r8/internal/QJ; 295 <appendix> member <vmtarget> ; # com/android/tools/r8/D8Command$$Lambda+0x00000189cf09c208
instanceKlass com/android/tools/r8/internal/yV
instanceKlass  @bci com/android/tools/r8/D8Command b ()Lcom/android/tools/r8/internal/QJ; 282 <appendix> argL0 ; # com/android/tools/r8/D8Command$$Lambda+0x00000189cf097cc0
instanceKlass com/android/tools/r8/retrace/ProguardMapProducer
instanceKlass com/android/tools/r8/V
instanceKlass com/android/tools/r8/internal/UE
instanceKlass com/android/tools/r8/internal/tm0
instanceKlass com/android/tools/r8/internal/QJ$p$b
instanceKlass com/android/tools/r8/internal/QJ$p$a
instanceKlass  @bci com/android/tools/r8/internal/QJ$p <init> ()V 316 <appendix> argL0 ; # com/android/tools/r8/internal/QJ$p$$Lambda+0x00000189cf096bc8
instanceKlass  @bci com/android/tools/r8/internal/QJ$p <init> ()V 274 <appendix> argL0 ; # com/android/tools/r8/internal/QJ$p$$Lambda+0x00000189cf0969a8
instanceKlass com/android/tools/r8/internal/du0
instanceKlass  @bci com/android/tools/r8/internal/hi a ()Ljava/util/function/BiConsumer; 0 <appendix> argL0 ; # com/android/tools/r8/internal/hi$$Lambda+0x00000189cf096578
instanceKlass  @cpi com/android/tools/r8/dex/n0 127 form vmentry <vmtarget> ; # java/lang/invoke/LambdaForm$DMH+0x00000189cf098000
instanceKlass  @bci com/android/tools/r8/internal/QJ$p <init> ()V 248 <appendix> argL0 ; # com/android/tools/r8/internal/QJ$p$$Lambda+0x00000189cf096338
instanceKlass com/android/tools/r8/graph/y
instanceKlass com/android/tools/r8/shaking/j2
instanceKlass com/android/tools/r8/shaking/u1
instanceKlass com/android/tools/r8/internal/fg0
instanceKlass com/android/tools/r8/internal/gg0
instanceKlass  @bci com/android/tools/r8/internal/QJ$p <init> ()V 228 <appendix> argL0 ; # com/android/tools/r8/internal/QJ$p$$Lambda+0x00000189cf094c60
instanceKlass com/android/tools/r8/dex/t0
instanceKlass com/android/tools/r8/dex/Y
instanceKlass com/android/tools/r8/internal/AB
instanceKlass com/android/tools/r8/internal/s3
instanceKlass com/android/tools/r8/internal/CB
instanceKlass com/android/tools/r8/internal/u3
instanceKlass com/android/tools/r8/internal/QJ$p
instanceKlass  @bci com/android/tools/r8/internal/hi b ()Ljava/util/function/Consumer; 0 <appendix> argL0 ; # com/android/tools/r8/internal/hi$$Lambda+0x00000189cf093b50
instanceKlass com/android/tools/r8/internal/hi
instanceKlass com/android/tools/r8/internal/xo0
instanceKlass com/android/tools/r8/internal/fc
instanceKlass com/android/tools/r8/internal/Yb0
instanceKlass com/android/tools/r8/tracereferences/i
instanceKlass com/android/tools/r8/internal/K70
instanceKlass  @bci com/android/tools/r8/internal/jp0 <init> (Lcom/android/tools/r8/internal/QJ;)V 77 <appendix> argL0 ; # com/android/tools/r8/internal/jp0$$Lambda+0x00000189cf091388
instanceKlass  @bci com/android/tools/r8/internal/jp0 <init> (Lcom/android/tools/r8/internal/QJ;)V 72 <appendix> argL0 ; # com/android/tools/r8/internal/jp0$$Lambda+0x00000189cf091148
instanceKlass com/android/tools/r8/internal/jp0
instanceKlass com/android/tools/r8/internal/v4
instanceKlass com/android/tools/r8/internal/QJ$j
instanceKlass com/android/tools/r8/internal/Gm
instanceKlass com/android/tools/r8/internal/ES
instanceKlass com/android/tools/r8/internal/QJ$e
instanceKlass com/android/tools/r8/internal/G2
instanceKlass com/android/tools/r8/internal/TJ
instanceKlass com/android/tools/r8/internal/td0
instanceKlass com/android/tools/r8/internal/QJ$n
instanceKlass com/android/tools/r8/internal/QJ$k
instanceKlass com/android/tools/r8/internal/fy0
instanceKlass com/android/tools/r8/internal/QJ$g
instanceKlass com/android/tools/r8/internal/rn0
instanceKlass com/android/tools/r8/internal/QJ$h
instanceKlass com/android/tools/r8/internal/QJ$d
instanceKlass com/android/tools/r8/internal/QJ$c
instanceKlass  @bci com/android/tools/r8/internal/ps0 a (Ljava/lang/String;)Z 21 <appendix> member <vmtarget> ; # com/android/tools/r8/internal/ps0$$Lambda+0x00000189cf08e2f8
instanceKlass sun/util/logging/PlatformLogger
instanceKlass sun/util/logging/PlatformLogger$ConfigurableBridge$LoggerConfiguration
instanceKlass jdk/internal/logger/BootstrapLogger$RedirectedLoggers
instanceKlass jdk/internal/logger/LazyLoggers$LazyLoggerAccessor
instanceKlass jdk/internal/logger/LazyLoggers$LoggerAccessor
instanceKlass jdk/internal/logger/AbstractLoggerWrapper
instanceKlass java/util/ServiceLoader$ProviderImpl
instanceKlass java/util/ServiceLoader$Provider
instanceKlass java/util/ServiceLoader$1
instanceKlass sun/util/logging/internal/LoggingProviderImpl$LogManagerAccess
instanceKlass java/util/concurrent/CopyOnWriteArrayList$COWIterator
instanceKlass jdk/internal/loader/URLClassPath$1
instanceKlass java/lang/CompoundEnumeration
instanceKlass jdk/internal/loader/BuiltinClassLoader$1
instanceKlass java/util/Collections$EmptyEnumeration
instanceKlass java/util/ServiceLoader$3
instanceKlass java/util/ServiceLoader$2
instanceKlass java/util/ServiceLoader$LazyClassPathLookupIterator
instanceKlass java/util/Spliterators$1Adapter
instanceKlass java/util/Spliterators$ArraySpliterator
instanceKlass java/util/ServiceLoader$ModuleServicesLookupIterator
instanceKlass java/util/ServiceLoader
instanceKlass jdk/internal/logger/BootstrapLogger$DetectBackend$1
instanceKlass jdk/internal/logger/BootstrapLogger$DetectBackend
instanceKlass jdk/internal/logger/BootstrapLogger
instanceKlass sun/util/logging/PlatformLogger$ConfigurableBridge
instanceKlass sun/util/logging/PlatformLogger$Bridge
instanceKlass jdk/internal/logger/DefaultLoggerFinder$1
instanceKlass java/lang/System$LoggerFinder
instanceKlass jdk/internal/logger/LazyLoggers$LazyLoggerFactories
instanceKlass jdk/internal/logger/LazyLoggers$1
instanceKlass jdk/internal/logger/LazyLoggers
instanceKlass jdk/internal/event/EventHelper$ThreadTrackHolder
instanceKlass sun/security/util/MemoryCache$QueueCacheEntry
instanceKlass sun/net/www/MessageHeader
instanceKlass sun/net/www/protocol/jar/JarFileFactory
instanceKlass sun/net/www/protocol/jar/URLJarFile$URLJarFileCloseController
instanceKlass java/net/URLConnection
instanceKlass jdk/internal/loader/BuiltinClassLoader$2
instanceKlass com/android/tools/r8/internal/Yx0
instanceKlass com/android/tools/r8/Version
instanceKlass com/android/tools/r8/internal/QJ$b
instanceKlass com/android/tools/r8/internal/QJ$o
instanceKlass  @bci com/android/tools/r8/internal/ps0 a (Ljava/lang/String;Z)Z 7 <appendix> member <vmtarget> ; # com/android/tools/r8/internal/ps0$$Lambda+0x00000189cf08d878
instanceKlass java/util/function/BooleanSupplier
instanceKlass com/android/tools/r8/internal/ps0
instanceKlass com/android/tools/r8/internal/T1
instanceKlass com/android/tools/r8/internal/QJ$l
instanceKlass  @bci com/android/tools/r8/internal/QJ <init> (Lcom/android/tools/r8/graph/u1;Lcom/android/tools/r8/internal/yg0;)V 355 <appendix> argL0 ; # com/android/tools/r8/internal/QJ$$Lambda+0x00000189cf08cbc0
instanceKlass com/android/tools/r8/internal/UJ
instanceKlass java/lang/ProcessEnvironment$CheckedEntry
instanceKlass java/lang/ProcessEnvironment$CheckedEntrySet$1
instanceKlass java/lang/ProcessEnvironment$EntryComparator
instanceKlass java/lang/ProcessEnvironment$NameComparator
instanceKlass com/android/tools/r8/ResourceShrinkerConfiguration
instanceKlass java/util/concurrent/atomic/AtomicBoolean
instanceKlass com/android/tools/r8/internal/Ts
instanceKlass com/android/tools/r8/internal/Rb
instanceKlass com/android/tools/r8/internal/IL
instanceKlass com/android/tools/r8/graph/A4
instanceKlass com/android/tools/r8/graph/f0
instanceKlass com/android/tools/r8/graph/B4
instanceKlass com/android/tools/r8/graph/h0
instanceKlass com/android/tools/r8/graph/i4
instanceKlass com/android/tools/r8/graph/h
instanceKlass com/android/tools/r8/graph/J5
instanceKlass com/android/tools/r8/internal/QJ
instanceKlass com/android/tools/r8/shaking/R0
instanceKlass com/android/tools/r8/GlobalSyntheticsConsumer
instanceKlass com/android/tools/r8/synthesis/j
instanceKlass com/android/tools/r8/InputDependencyGraphConsumer
instanceKlass com/android/tools/r8/shaking/r3
instanceKlass java/util/IdentityHashMap$IdentityHashMapIterator
instanceKlass com/android/tools/r8/internal/oV
instanceKlass com/android/tools/r8/internal/pV
instanceKlass com/android/tools/r8/internal/rV
instanceKlass com/android/tools/r8/internal/kV
instanceKlass com/android/tools/r8/kotlin/f
instanceKlass com/android/tools/r8/kotlin/e
instanceKlass com/android/tools/r8/kotlin/d
instanceKlass java/util/stream/Sink$ChainedInt
instanceKlass java/util/stream/Sink$OfInt
instanceKlass java/util/function/IntConsumer
instanceKlass  @bci java/util/stream/Collectors uniqKeysMapMerger ()Ljava/util/function/BinaryOperator; 0 <appendix> argL0 ; # java/util/stream/Collectors$$Lambda+0x00000189cf07a260
instanceKlass  @bci java/util/stream/Collectors uniqKeysMapAccumulator (Ljava/util/function/Function;Ljava/util/function/Function;)Ljava/util/function/BiConsumer; 2 <appendix> member <vmtarget> ; # java/util/stream/Collectors$$Lambda+0x00000189cf07a028
instanceKlass  @bci java/util/stream/Collectors toMap (Ljava/util/function/Function;Ljava/util/function/Function;)Ljava/util/stream/Collector; 4 <appendix> argL0 ; # java/util/stream/Collectors$$Lambda+0x00000189cf079e08
instanceKlass  @bci java/util/function/Function identity ()Ljava/util/function/Function; 0 <appendix> argL0 ; # java/util/function/Function$$Lambda+0x00000189cf079bc8
instanceKlass  @bci com/android/tools/r8/kotlin/c <init> (Lcom/android/tools/r8/kotlin/b;)V 27 <appendix> member <vmtarget> ; # com/android/tools/r8/kotlin/c$$Lambda+0x00000189cf087a58
instanceKlass  @bci java/util/stream/IntPipeline boxed ()Ljava/util/stream/Stream; 1 <appendix> argL0 ; # java/util/stream/IntPipeline$$Lambda+0x00000189cf0794b0
instanceKlass java/util/function/IntFunction
instanceKlass java/util/stream/Streams$RangeIntSpliterator
instanceKlass java/util/stream/IntStream
instanceKlass com/android/tools/r8/internal/Y0
instanceKlass com/android/tools/r8/kotlin/c
instanceKlass com/android/tools/r8/kotlin/b
instanceKlass java/util/stream/Sink$ChainedReference
instanceKlass java/util/stream/ReduceOps$AccumulatingSink
instanceKlass java/util/stream/TerminalSink
instanceKlass java/util/stream/Sink
instanceKlass java/util/stream/ReduceOps$Box
instanceKlass java/util/stream/ReduceOps$ReduceOp
instanceKlass java/util/stream/TerminalOp
instanceKlass java/util/stream/ReduceOps
instanceKlass  @bci java/util/stream/Collectors castingIdentity ()Ljava/util/function/Function; 0 <appendix> argL0 ; # java/util/stream/Collectors$$Lambda+0x800000041
instanceKlass  @bci java/util/stream/Collectors toSet ()Ljava/util/stream/Collector; 14 <appendix> argL0 ; # java/util/stream/Collectors$$Lambda+0x80000003f
instanceKlass java/util/function/BinaryOperator
instanceKlass  @bci java/util/stream/Collectors toSet ()Ljava/util/stream/Collector; 9 <appendix> argL0 ; # java/util/stream/Collectors$$Lambda+0x800000038
instanceKlass java/util/function/BiConsumer
instanceKlass  @bci java/util/stream/Collectors toSet ()Ljava/util/stream/Collector; 4 <appendix> argL0 ; # java/util/stream/Collectors$$Lambda+0x800000044
instanceKlass java/util/stream/Collector
instanceKlass java/util/stream/Collectors
instanceKlass  @bci com/android/tools/r8/graph/u1 a ()Ljava/util/Set; 24 <appendix> member <vmtarget> ; # com/android/tools/r8/graph/u1$$Lambda+0x00000189cf083a08
# instanceKlass java/lang/invoke/LambdaForm$MH+0x00000189cf084000
instanceKlass sun/reflect/annotation/AnnotationParser
instanceKlass java/lang/Class$3
instanceKlass java/util/EnumMap$1
instanceKlass java/util/stream/StreamOpFlag$MaskBuilder
instanceKlass java/util/stream/Stream
instanceKlass java/util/stream/BaseStream
instanceKlass java/util/stream/PipelineHelper
instanceKlass java/util/stream/StreamSupport
instanceKlass java/util/Spliterators$IteratorSpliterator
instanceKlass java/util/Spliterator$OfDouble
instanceKlass java/util/Spliterator$OfLong
instanceKlass java/util/Spliterator$OfInt
instanceKlass java/util/Spliterator$OfPrimitive
instanceKlass java/util/Spliterators$EmptySpliterator
instanceKlass java/util/Spliterators
instanceKlass com/android/tools/r8/internal/oA
instanceKlass com/android/tools/r8/internal/K40
instanceKlass com/android/tools/r8/internal/yA
instanceKlass com/android/tools/r8/synthesis/P
instanceKlass com/android/tools/r8/internal/tA
instanceKlass com/android/tools/r8/references/TypeReference
instanceKlass com/android/tools/r8/synthesis/Q$b
instanceKlass com/android/tools/r8/synthesis/Q
instanceKlass com/android/tools/r8/graph/s2
instanceKlass com/android/tools/r8/graph/P1
instanceKlass com/android/tools/r8/graph/p2
instanceKlass com/android/tools/r8/graph/j2
instanceKlass com/android/tools/r8/graph/H1
instanceKlass com/android/tools/r8/graph/e2
instanceKlass com/android/tools/r8/graph/d2
instanceKlass com/android/tools/r8/graph/a2
instanceKlass com/android/tools/r8/graph/X1
instanceKlass com/android/tools/r8/graph/n2
instanceKlass com/android/tools/r8/graph/l2
instanceKlass com/android/tools/r8/graph/A1
instanceKlass com/android/tools/r8/graph/m2
instanceKlass com/android/tools/r8/graph/N1
instanceKlass com/android/tools/r8/graph/i2
instanceKlass com/android/tools/r8/graph/U1
instanceKlass com/android/tools/r8/graph/S1
instanceKlass com/android/tools/r8/graph/R1
instanceKlass com/android/tools/r8/graph/T1
instanceKlass com/android/tools/r8/graph/g
instanceKlass com/android/tools/r8/graph/h2
instanceKlass com/android/tools/r8/graph/I1
instanceKlass com/android/tools/r8/graph/G1
instanceKlass com/android/tools/r8/graph/z1
instanceKlass com/android/tools/r8/graph/u1$e
instanceKlass com/android/tools/r8/graph/o2
instanceKlass com/android/tools/r8/graph/D1
instanceKlass com/android/tools/r8/graph/u1$c
instanceKlass com/android/tools/r8/graph/k2
instanceKlass com/android/tools/r8/graph/r2
instanceKlass com/android/tools/r8/internal/MB
instanceKlass com/android/tools/r8/graph/G4
instanceKlass com/android/tools/r8/graph/L4
instanceKlass com/android/tools/r8/graph/G0
instanceKlass  @bci com/android/tools/r8/kotlin/n a (Lcom/android/tools/r8/graph/E0;Ljava/util/List;Lcom/android/tools/r8/graph/u1;)Lcom/android/tools/r8/internal/uC; 51 <appendix> form vmentry <vmtarget> ; # java/lang/invoke/LambdaForm$MH+0x00000189cf036c00
instanceKlass java/lang/invoke/LambdaFormEditor$1
# instanceKlass java/lang/invoke/LambdaForm$MH+0x00000189cf036800
instanceKlass  @bci com/android/tools/r8/kotlin/n a (Lcom/android/tools/r8/graph/E0;Ljava/util/List;Lcom/android/tools/r8/graph/u1;)Lcom/android/tools/r8/internal/uC; 51 <appendix> argL3 form vmentry <vmtarget> ; # java/lang/invoke/LambdaForm$MH+0x00000189cf036400
instanceKlass  @bci com/android/tools/r8/synthesis/Q a (Ljava/lang/String;Lcom/android/tools/r8/synthesis/Q$b;Ljava/lang/String;Ljava/lang/String;)Ljava/lang/String; 7 <appendix> argL3 argL2 form vmentry <vmtarget> ; # java/lang/invoke/LambdaForm$MH+0x00000189cf036000
# instanceKlass java/lang/invoke/LambdaForm$MH+0x00000189cf035c00
# instanceKlass java/lang/invoke/LambdaForm$MH+0x00000189cf035800
# instanceKlass java/lang/invoke/LambdaForm$MH+0x00000189cf035400
instanceKlass  @bci com/android/tools/r8/kotlin/n a (Lcom/android/tools/r8/graph/E0;Ljava/util/List;Lcom/android/tools/r8/graph/u1;)Lcom/android/tools/r8/internal/uC; 51 <appendix> argL1 form vmentry <vmtarget> ; # java/lang/invoke/LambdaForm$MH+0x00000189cf035000
# instanceKlass java/lang/invoke/LambdaForm$MH+0x00000189cf034c00
# instanceKlass java/lang/invoke/LambdaForm$MH+0x00000189cf034800
# instanceKlass java/lang/invoke/LambdaForm$MH+0x00000189cf034400
# instanceKlass java/lang/invoke/LambdaForm$MH+0x00000189cf034000
instanceKlass  @bci com/android/tools/r8/graph/u1 c (I)Lcom/android/tools/r8/graph/O0$b; 15 <appendix> argL0 ; # com/android/tools/r8/graph/u1$$Lambda+0x00000189cf033628
instanceKlass com/android/tools/r8/internal/wA
instanceKlass com/android/tools/r8/internal/AI
instanceKlass com/android/tools/r8/internal/WH
instanceKlass com/android/tools/r8/internal/x40
instanceKlass com/android/tools/r8/internal/l40
instanceKlass com/android/tools/r8/internal/Ge0
instanceKlass com/android/tools/r8/internal/Gl0
instanceKlass com/android/tools/r8/internal/Em0
instanceKlass com/android/tools/r8/internal/oL
instanceKlass com/android/tools/r8/internal/j40
instanceKlass com/android/tools/r8/internal/x1
instanceKlass com/android/tools/r8/internal/xf
instanceKlass com/android/tools/r8/internal/Jr0
instanceKlass com/android/tools/r8/internal/EA
instanceKlass com/android/tools/r8/internal/AA
instanceKlass com/android/tools/r8/internal/g7
instanceKlass com/android/tools/r8/internal/fH
instanceKlass com/android/tools/r8/internal/Q
instanceKlass com/android/tools/r8/internal/UG
instanceKlass com/android/tools/r8/internal/Ky
instanceKlass com/android/tools/r8/internal/mv0
instanceKlass com/android/tools/r8/graph/f2
instanceKlass com/android/tools/r8/graph/u1
instanceKlass com/android/tools/r8/DexFilePerClassFileConsumer
instanceKlass com/android/tools/r8/ClassFileConsumer
instanceKlass com/android/tools/r8/internal/q50
instanceKlass  @bci com/android/tools/r8/BaseCommand$Builder build ()Lcom/android/tools/r8/BaseCommand; 16 <appendix> member <vmtarget> ; # com/android/tools/r8/BaseCommand$Builder$$Lambda+0x00000189cf026c20
instanceKlass com/android/tools/r8/internal/xv$a
instanceKlass com/android/tools/r8/internal/E7
instanceKlass com/android/tools/r8/internal/dt
instanceKlass com/android/tools/r8/internal/V50
instanceKlass com/android/tools/r8/DexIndexedConsumer$ForwardingConsumer
instanceKlass com/android/tools/r8/internal/xg0
instanceKlass  @bci com/android/tools/r8/m b (Lcom/android/tools/r8/BaseCompilerCommand$Builder;Ljava/lang/String;[Ljava/lang/String;ILcom/android/tools/r8/origin/Origin;)I 6 <appendix> member <vmtarget> ; # com/android/tools/r8/m$$Lambda+0x00000189cf0234c8
instanceKlass com/android/tools/r8/internal/l70
instanceKlass com/android/tools/r8/position/Position
instanceKlass com/android/tools/r8/shaking/Q0
instanceKlass com/android/tools/r8/utils/ArchiveResourceProvider
instanceKlass  @bci com/android/tools/r8/BaseCommand$Builder addProgramFiles (Ljava/util/Collection;)Lcom/android/tools/r8/BaseCommand$Builder; 4 <appendix> member <vmtarget> ; # com/android/tools/r8/BaseCommand$Builder$$Lambda+0x00000189cf0229e8
instanceKlass  @bci com/android/tools/r8/dex/W <clinit> ()V 13 <appendix> form vmentry <vmtarget> ; # java/lang/invoke/LambdaForm$MH+0x00000189cf025c00
# instanceKlass java/lang/invoke/LambdaForm$MH+0x00000189cf025800
instanceKlass  @bci com/android/tools/r8/dex/W <clinit> ()V 13 <appendix> argL3 form vmentry <vmtarget> ; # java/lang/invoke/LambdaForm$MH+0x00000189cf025400
instanceKlass java/lang/invoke/MethodHandles$1
instanceKlass java/lang/Long$LongCache
# instanceKlass java/lang/invoke/LambdaForm$MH+0x00000189cf025000
instanceKlass  @bci com/android/tools/r8/kotlin/q b (Lcom/android/tools/r8/graph/R2;Ljava/lang/String;)[Ljava/lang/String; 41 <appendix> argL2 form vmentry <vmtarget> ; # java/lang/invoke/LambdaForm$MH+0x00000189cf024c00
# instanceKlass java/lang/invoke/LambdaForm$MH+0x00000189cf024800
instanceKlass  @bci com/android/tools/r8/kotlin/n a (Lcom/android/tools/r8/graph/E0;Ljava/util/List;Lcom/android/tools/r8/graph/u1;)Lcom/android/tools/r8/internal/uC; 51 <appendix> argL1 argL0 form vmentry <vmtarget> ; # java/lang/invoke/LambdaForm$MH+0x00000189cf024400
# instanceKlass java/lang/invoke/LambdaForm$MH+0x00000189cf024000
instanceKlass com/android/tools/r8/a
instanceKlass com/android/tools/r8/internal/J70
instanceKlass com/android/tools/r8/internal/Se
instanceKlass com/android/tools/r8/internal/G0
instanceKlass com/android/tools/r8/internal/h6
instanceKlass com/android/tools/r8/internal/Wy
instanceKlass com/android/tools/r8/internal/s50
instanceKlass com/android/tools/r8/internal/xC
instanceKlass com/android/tools/r8/internal/Gl
instanceKlass com/android/tools/r8/utils/u
instanceKlass java/util/zip/ZipFile$ZipEntryIterator
instanceKlass  @bci com/android/tools/r8/internal/CJ <init> (Ljava/nio/file/Path;)V 1 <appendix> argL0 ; # com/android/tools/r8/internal/CJ$$Lambda+0x00000189cf01bc60
instanceKlass com/android/tools/r8/internal/CJ
instanceKlass com/android/tools/r8/DataResourceProvider
instanceKlass com/android/tools/r8/internal/jx
instanceKlass  @bci com/android/tools/r8/BaseCommand$Builder addLibraryFiles (Ljava/util/Collection;)Lcom/android/tools/r8/BaseCommand$Builder; 4 <appendix> member <vmtarget> ; # com/android/tools/r8/BaseCommand$Builder$$Lambda+0x00000189cf01b3c0
instanceKlass  @cpi com/android/tools/r8/kotlin/C 193 form vmentry <vmtarget> ; # java/lang/invoke/LambdaForm$DMH+0x00000189cf01c800
instanceKlass sun/nio/fs/WindowsPath$1
instanceKlass  @bci com/android/tools/r8/p a ([Ljava/lang/String;Lcom/android/tools/r8/origin/Origin;Lcom/android/tools/r8/D8Command$Builder;)Lcom/android/tools/r8/D8Command$Builder; 1072 <appendix> member <vmtarget> ; # com/android/tools/r8/p$$Lambda+0x00000189cf01b188
instanceKlass  @cpi com/android/tools/r8/p 497 form vmentry <vmtarget> ; # java/lang/invoke/LambdaForm$DMH+0x00000189cf01c400
instanceKlass  @bci com/android/tools/r8/p a ([Ljava/lang/String;Lcom/android/tools/r8/origin/Origin;Lcom/android/tools/r8/D8Command$Builder;)Lcom/android/tools/r8/D8Command$Builder; 1066 <appendix> member <vmtarget> ; # com/android/tools/r8/p$$Lambda+0x00000189cf01af50
instanceKlass com/android/tools/r8/internal/tr0
instanceKlass com/android/tools/r8/internal/Gx
instanceKlass  @bci com/android/tools/r8/p a ([Ljava/lang/String;Lcom/android/tools/r8/origin/Origin;Lcom/android/tools/r8/D8Command$Builder;)Lcom/android/tools/r8/D8Command$Builder; 29 <appendix> member <vmtarget> ; # com/android/tools/r8/p$$Lambda+0x00000189cf01a6b0
instanceKlass java/util/function/Consumer
instanceKlass com/android/tools/r8/internal/jC
instanceKlass java/util/Spliterator
instanceKlass com/android/tools/r8/p$a$a
instanceKlass com/android/tools/r8/p$a
# instanceKlass java/lang/invoke/LambdaForm$DMH+0x00000189cf01c000
instanceKlass java/lang/invoke/MethodHandle$1
instanceKlass  @bci com/android/tools/r8/BaseCompilerCommand$Builder <init> (Lcom/android/tools/r8/DiagnosticsHandler;)V 69 <appendix> argL0 ; # com/android/tools/r8/BaseCompilerCommand$Builder$$Lambda+0x00000189cf0181f8
instanceKlass java/util/function/BiPredicate
instanceKlass com/android/tools/r8/utils/i$a
instanceKlass com/android/tools/r8/DataResource
instanceKlass com/android/tools/r8/internal/oe
instanceKlass com/android/tools/r8/DataResourceProvider$Visitor
instanceKlass com/android/tools/r8/utils/i
instanceKlass com/android/tools/r8/internal/yg0
instanceKlass com/android/tools/r8/o
instanceKlass com/android/tools/r8/PartitionMapConsumer
instanceKlass com/android/tools/r8/Q
instanceKlass com/android/tools/r8/DataResourceConsumer
instanceKlass com/android/tools/r8/internal/Cm
instanceKlass com/android/tools/r8/internal/Cw0
instanceKlass com/android/tools/r8/internal/DA
instanceKlass com/android/tools/r8/internal/kI
instanceKlass com/android/tools/r8/internal/lI
instanceKlass com/android/tools/r8/internal/cD
instanceKlass com/android/tools/r8/profile/art/ArtProfileProvider
instanceKlass com/android/tools/r8/profile/art/ArtProfileConsumer
instanceKlass com/android/tools/r8/StringConsumer
instanceKlass com/android/tools/r8/w0
instanceKlass com/android/tools/r8/Resource
instanceKlass com/android/tools/r8/ClassFileResourceProvider
instanceKlass com/android/tools/r8/m
instanceKlass com/android/tools/r8/naming/Q
instanceKlass com/android/tools/r8/G
instanceKlass com/android/tools/r8/internal/zt
instanceKlass com/android/tools/r8/DiagnosticsHandler
instanceKlass com/android/tools/r8/internal/xv
instanceKlass  @bci com/android/tools/r8/D8 main ([Ljava/lang/String;)V 6 <appendix> member <vmtarget> ; # com/android/tools/r8/D8$$Lambda+0x00000189cf00d680
instanceKlass  @cpi com/android/tools/r8/internal/up 110 form vmentry <vmtarget> ; # java/lang/invoke/LambdaForm$DMH+0x00000189cf010000
instanceKlass com/android/tools/r8/internal/yv
instanceKlass java/lang/PublicMethods$Key
instanceKlass java/lang/PublicMethods$MethodList
instanceKlass java/util/concurrent/ExecutorService
instanceKlass java/util/concurrent/Executor
instanceKlass com/android/tools/r8/internal/Hh
instanceKlass com/android/tools/r8/internal/F1
instanceKlass com/android/tools/r8/internal/dg
instanceKlass com/android/tools/r8/internal/r
instanceKlass com/android/tools/r8/internal/mD
instanceKlass com/android/tools/r8/internal/GT
instanceKlass com/android/tools/r8/graph/q5
instanceKlass com/android/tools/r8/internal/Gr0
instanceKlass com/android/tools/r8/internal/r50
instanceKlass com/android/tools/r8/internal/qv
instanceKlass com/android/tools/r8/graph/L5
instanceKlass com/android/tools/r8/graph/G5
instanceKlass com/android/tools/r8/graph/M5
instanceKlass com/android/tools/r8/graph/H5
instanceKlass com/android/tools/r8/graph/n1
instanceKlass com/android/tools/r8/graph/b0
instanceKlass com/android/tools/r8/graph/S
instanceKlass com/android/tools/r8/graph/o0
instanceKlass com/android/tools/r8/graph/w0
instanceKlass com/android/tools/r8/ProgramResourceProvider
instanceKlass com/android/tools/r8/dex/k
instanceKlass com/android/tools/r8/DexIndexedConsumer
instanceKlass com/android/tools/r8/ByteBufferProvider
instanceKlass com/android/tools/r8/ProgramConsumer
instanceKlass com/android/tools/r8/Diagnostic
instanceKlass com/android/tools/r8/internal/AC
instanceKlass com/android/tools/r8/graph/x0
instanceKlass com/android/tools/r8/graph/d1
instanceKlass com/android/tools/r8/BaseCommand$Builder
instanceKlass com/android/tools/r8/origin/Origin
instanceKlass com/android/tools/r8/BaseCommand
instanceKlass jdk/internal/misc/PreviewFeatures
instanceKlass jdk/internal/misc/MainMethodFinder
instanceKlass com/android/tools/r8/D8
instanceKlass java/security/SecureClassLoader$DebugHolder
instanceKlass java/security/PermissionCollection
instanceKlass java/security/SecureClassLoader$1
instanceKlass java/util/zip/Checksum$1
instanceKlass java/util/zip/CRC32
instanceKlass java/util/zip/Checksum
instanceKlass sun/nio/ByteBuffered
instanceKlass sun/security/util/ManifestEntryVerifier$SunProviderHolder
instanceKlass java/lang/Package$VersionInfo
instanceKlass java/lang/NamedPackage
instanceKlass java/util/LinkedList$Node
instanceKlass java/util/Base64$Encoder
instanceKlass java/util/Base64$Decoder
instanceKlass java/util/Base64
instanceKlass javax/crypto/SecretKey
instanceKlass sun/security/util/Length
instanceKlass sun/security/util/KeyUtil
instanceKlass java/security/interfaces/XECKey
instanceKlass java/security/interfaces/ECKey
instanceKlass sun/security/util/JarConstraintsParameters
instanceKlass sun/security/util/ConstraintsParameters
instanceKlass java/security/CodeSigner
instanceKlass java/security/Timestamp
instanceKlass sun/security/timestamp/TimestampToken
instanceKlass java/security/cert/CertPath
# instanceKlass java/lang/invoke/LambdaForm$MH+0x00000189cf001800
instanceKlass java/math/MutableBigInteger
instanceKlass sun/security/rsa/RSAPadding
instanceKlass sun/security/rsa/RSACore
instanceKlass java/security/interfaces/RSAPrivateCrtKey
instanceKlass sun/security/pkcs/PKCS8Key
instanceKlass sun/security/util/InternalPrivateKey
instanceKlass java/security/interfaces/RSAPrivateKey
instanceKlass java/security/PrivateKey
instanceKlass javax/security/auth/Destroyable
instanceKlass jdk/internal/icu/util/CodePointTrie$Data
instanceKlass jdk/internal/icu/util/CodePointMap
instanceKlass jdk/internal/icu/util/VersionInfo
instanceKlass  @bci jdk/internal/module/SystemModuleFinders$SystemModuleReader open (Ljava/lang/String;)Ljava/util/Optional; 6 <appendix> member <vmtarget> ; # jdk/internal/module/SystemModuleFinders$SystemModuleReader$$Lambda+0x00000189cf06ce00
instanceKlass jdk/internal/jimage/ImageLocation
instanceKlass jdk/internal/jimage/decompressor/Decompressor
instanceKlass jdk/internal/jimage/ImageStringsReader
instanceKlass jdk/internal/jimage/ImageStrings
instanceKlass jdk/internal/jimage/ImageHeader
instanceKlass jdk/internal/jimage/NativeImageBuffer$1
instanceKlass jdk/internal/jimage/NativeImageBuffer
instanceKlass jdk/internal/jimage/BasicImageReader$1
instanceKlass jdk/internal/jimage/BasicImageReader
instanceKlass jdk/internal/jimage/ImageReader
instanceKlass jdk/internal/jimage/ImageReaderFactory$1
instanceKlass java/nio/file/FileSystems$DefaultFileSystemHolder$1
instanceKlass java/nio/file/FileSystems$DefaultFileSystemHolder
instanceKlass java/nio/file/FileSystems
instanceKlass java/nio/file/Paths
instanceKlass jdk/internal/jimage/ImageReaderFactory
instanceKlass jdk/internal/module/SystemModuleFinders$SystemImage
instanceKlass jdk/internal/module/SystemModuleFinders$SystemModuleReader
instanceKlass java/lang/module/ModuleReader
instanceKlass jdk/internal/loader/BuiltinClassLoader$5
instanceKlass jdk/internal/module/Checks
instanceKlass jdk/internal/module/Resources
instanceKlass jdk/internal/icu/impl/ICUBinary$1
instanceKlass jdk/internal/icu/impl/ICUBinary
instanceKlass jdk/internal/icu/impl/NormalizerImpl$IsAcceptable
instanceKlass jdk/internal/icu/impl/ICUBinary$Authenticate
instanceKlass jdk/internal/icu/impl/NormalizerImpl
instanceKlass jdk/internal/icu/impl/Norm2AllModes$Norm2AllModesSingleton
instanceKlass jdk/internal/icu/impl/Norm2AllModes$NFKCSingleton
instanceKlass jdk/internal/icu/impl/Norm2AllModes
instanceKlass jdk/internal/icu/text/Normalizer2
instanceKlass jdk/internal/icu/text/NormalizerBase$ModeImpl
instanceKlass jdk/internal/icu/text/NormalizerBase$NFKDModeImpl
instanceKlass jdk/internal/icu/text/NormalizerBase$1
instanceKlass jdk/internal/icu/text/NormalizerBase$Mode
instanceKlass jdk/internal/icu/text/NormalizerBase
instanceKlass java/text/Normalizer
instanceKlass sun/security/x509/AVAKeyword
instanceKlass java/util/StringJoiner
instanceKlass java/security/Signature$1
instanceKlass jdk/internal/access/JavaSecuritySignatureAccess
instanceKlass java/security/SignatureSpi
instanceKlass sun/security/util/SignatureUtil
instanceKlass java/lang/invoke/VarHandle$AccessDescriptor
instanceKlass sun/security/provider/ByteArrayAccess$BE
instanceKlass sun/security/provider/ByteArrayAccess
instanceKlass sun/security/util/MessageDigestSpi2
instanceKlass sun/security/util/SecurityProperties
instanceKlass sun/security/util/CryptoAlgorithmConstraints$CryptoHolder
instanceKlass java/security/MessageDigestSpi
instanceKlass sun/security/pkcs/SigningCertificateInfo$ESSCertId
instanceKlass sun/security/pkcs/SigningCertificateInfo
instanceKlass sun/security/pkcs/PKCS9Attribute
instanceKlass sun/security/pkcs/PKCS9Attributes
instanceKlass java/time/Instant
instanceKlass java/time/zone/ZoneOffsetTransition
instanceKlass java/time/LocalTime
instanceKlass java/time/temporal/ValueRange
instanceKlass java/time/Duration
instanceKlass java/time/temporal/TemporalAmount
instanceKlass java/time/temporal/TemporalUnit
instanceKlass java/time/temporal/TemporalField
instanceKlass java/time/LocalDate
instanceKlass java/time/chrono/ChronoLocalDate
instanceKlass java/time/ZonedDateTime
instanceKlass java/time/chrono/ChronoZonedDateTime
instanceKlass java/time/LocalDateTime
instanceKlass java/time/chrono/ChronoLocalDateTime
instanceKlass java/time/temporal/Temporal
instanceKlass java/time/zone/ZoneOffsetTransitionRule
instanceKlass java/time/zone/ZoneRules
instanceKlass java/time/temporal/TemporalAdjuster
instanceKlass java/time/temporal/TemporalAccessor
instanceKlass java/time/ZoneId
instanceKlass  @bci java/util/regex/Pattern Single (I)Ljava/util/regex/Pattern$BmpCharPredicate; 1 <appendix> member <vmtarget> ; # java/util/regex/Pattern$$Lambda+0x800000028
instanceKlass  @bci java/util/regex/CharPredicates ASCII_DIGIT ()Ljava/util/regex/Pattern$BmpCharPredicate; 0 <appendix> argL0 ; # java/util/regex/CharPredicates$$Lambda+0x800000024
instanceKlass  @bci java/util/regex/CharPredicates ASCII_SPACE ()Ljava/util/regex/Pattern$BmpCharPredicate; 0 <appendix> argL0 ; # java/util/regex/CharPredicates$$Lambda+0x800000025
instanceKlass java/util/regex/Pattern$BmpCharPredicate
instanceKlass java/util/regex/CharPredicates
instanceKlass sun/security/util/DisabledAlgorithmConstraints$Constraints$Holder
instanceKlass sun/security/util/DisabledAlgorithmConstraints$Constraint
instanceKlass java/util/StringTokenizer
instanceKlass java/util/Collections$UnmodifiableCollection
instanceKlass java/security/spec/ECFieldF2m
instanceKlass java/security/spec/ECParameterSpec
instanceKlass java/security/spec/ECPoint
instanceKlass java/security/spec/EllipticCurve
instanceKlass java/security/spec/ECFieldFp
instanceKlass java/security/spec/ECField
instanceKlass sun/security/util/CurveDB
instanceKlass sun/security/util/DisabledAlgorithmConstraints$Constraints
instanceKlass java/util/regex/IntHashSet
instanceKlass java/util/regex/Matcher
instanceKlass java/util/regex/MatchResult
instanceKlass java/util/TreeMap$PrivateEntryIterator
instanceKlass java/util/Arrays$ArrayItr
instanceKlass java/util/NavigableSet
instanceKlass java/util/SortedSet
instanceKlass sun/security/util/AbstractAlgorithmConstraints$1
instanceKlass sun/security/util/AlgorithmDecomposer
instanceKlass sun/security/util/DisabledAlgorithmConstraints$JarHolder
instanceKlass java/util/regex/Pattern$TreeInfo
instanceKlass  @bci java/util/regex/Pattern DOT ()Ljava/util/regex/Pattern$CharPredicate; 0 <appendix> argL0 ; # java/util/regex/Pattern$$Lambda+0x00000189cf05f7b8
instanceKlass java/util/regex/Pattern$CharPredicate
instanceKlass java/util/regex/ASCII
instanceKlass java/util/regex/Pattern$Node
instanceKlass java/util/regex/Pattern
instanceKlass sun/security/util/AbstractAlgorithmConstraints
instanceKlass java/security/AlgorithmConstraints
instanceKlass sun/security/pkcs/SignerInfo
instanceKlass java/security/cert/PolicyQualifierInfo
instanceKlass sun/security/x509/CertificatePolicyId
instanceKlass sun/security/x509/PolicyInformation
instanceKlass sun/security/x509/DistributionPoint
instanceKlass sun/security/util/HostnameChecker
instanceKlass sun/security/x509/DNSName
instanceKlass java/net/URI$Parser
instanceKlass sun/security/x509/URIName
instanceKlass sun/security/x509/GeneralName
instanceKlass sun/security/x509/AccessDescription
instanceKlass sun/security/x509/GeneralNames
instanceKlass java/lang/invoke/VarForm
instanceKlass java/lang/invoke/VarHandleGuards
instanceKlass java/lang/invoke/VarHandles
instanceKlass java/lang/System$Logger
instanceKlass jdk/internal/event/EventHelper
instanceKlass sun/security/jca/JCAUtil
instanceKlass sun/security/util/MemoryCache$CacheEntry
instanceKlass sun/security/x509/KeyIdentifier
instanceKlass java/util/TreeMap$Entry
# instanceKlass java/lang/invoke/LambdaForm$MH+0x00000189cf001400
instanceKlass  @bci com/android/tools/r8/kotlin/n a (Lcom/android/tools/r8/graph/y;Lcom/android/tools/r8/graph/E0;)Lcom/android/tools/r8/internal/d60; 588 <appendix> form vmentry <vmtarget> ; # java/lang/invoke/LambdaForm$MH+0x00000189cf001000
instanceKlass sun/security/x509/OIDMap$OIDInfo
instanceKlass sun/security/x509/PKIXExtensions
instanceKlass sun/security/x509/OIDMap
instanceKlass sun/security/x509/Extension
instanceKlass java/security/cert/Extension
instanceKlass java/util/Collections$SynchronizedMap
instanceKlass java/util/NavigableMap
instanceKlass java/util/SortedMap
instanceKlass sun/security/x509/CertificateExtensions
instanceKlass sun/security/rsa/RSAUtil
instanceKlass java/security/interfaces/RSAPublicKey
instanceKlass java/security/interfaces/RSAKey
instanceKlass java/security/spec/PSSParameterSpec
instanceKlass java/security/spec/AlgorithmParameterSpec
instanceKlass java/security/spec/RSAPrivateKeySpec
instanceKlass java/security/spec/RSAPublicKeySpec
instanceKlass java/security/KeyFactorySpi
instanceKlass sun/security/rsa/SunRsaSignEntries
instanceKlass sun/security/jca/ProviderList$ServiceList$1
instanceKlass java/security/KeyFactory
instanceKlass  @bci java/security/spec/EncodedKeySpec <clinit> ()V 0 <appendix> argL0 ; # java/security/spec/EncodedKeySpec$$Lambda+0x00000189cf055540
instanceKlass  @cpi java/security/spec/EncodedKeySpec 79 form vmentry <vmtarget> ; # java/lang/invoke/LambdaForm$DMH+0x00000189cf000c00
instanceKlass jdk/internal/access/JavaSecuritySpecAccess
instanceKlass java/security/spec/EncodedKeySpec
instanceKlass java/security/spec/KeySpec
instanceKlass sun/security/util/BitArray
instanceKlass sun/security/x509/X509Key
instanceKlass java/security/PublicKey
instanceKlass java/security/Key
instanceKlass sun/security/x509/CertificateX509Key
instanceKlass java/util/Date
instanceKlass sun/util/calendar/CalendarUtils
instanceKlass sun/util/calendar/CalendarDate
instanceKlass sun/util/calendar/CalendarSystem$GregorianHolder
instanceKlass sun/util/calendar/CalendarSystem
instanceKlass sun/security/x509/CertificateValidity
instanceKlass sun/security/x509/AVA
instanceKlass sun/security/x509/RDN
instanceKlass javax/security/auth/x500/X500Principal
instanceKlass  @bci sun/security/x509/X500Name <clinit> ()V 153 <appendix> argL0 ; # sun/security/x509/X500Name$$Lambda+0x00000189cf052e40
instanceKlass sun/security/x509/X500Name
instanceKlass sun/security/x509/GeneralNameInterface
instanceKlass sun/security/x509/CertificateAlgorithmId
instanceKlass sun/security/x509/SerialNumber
instanceKlass sun/security/x509/CertificateSerialNumber
instanceKlass sun/security/x509/CertificateVersion
instanceKlass sun/security/x509/X509CertInfo
instanceKlass sun/security/util/Cache$EqualByteArray
instanceKlass java/security/cert/X509Extension
instanceKlass java/lang/Byte$ByteCache
instanceKlass  @bci sun/security/util/DerInputStream seeOptionalContextSpecific (I)Z 2 <appendix> member <vmtarget> ; # sun/security/util/DerInputStream$$Lambda+0x00000189cf050770
instanceKlass  @cpi com/android/tools/r8/internal/sB 851 form vmentry <vmtarget> ; # java/lang/invoke/LambdaForm$DMH+0x00000189cf000800
instanceKlass java/util/function/Predicate
instanceKlass sun/security/jca/GetInstance$Instance
instanceKlass jdk/internal/reflect/MethodHandleAccessorFactory$LazyStaticHolder
instanceKlass sun/security/util/Cache
instanceKlass jdk/internal/event/Event
instanceKlass sun/security/jca/GetInstance
instanceKlass java/security/cert/CertificateFactorySpi
instanceKlass java/security/cert/CertificateFactory
instanceKlass sun/security/x509/AlgorithmId
instanceKlass sun/security/util/ByteArrayTagOrder
instanceKlass sun/security/util/ByteArrayLexOrder
instanceKlass sun/security/util/DerValue
instanceKlass sun/security/util/ObjectIdentifier
instanceKlass sun/security/pkcs/ContentInfo
instanceKlass sun/security/util/DerEncoder
instanceKlass sun/security/util/DerInputStream
instanceKlass sun/security/pkcs/PKCS7
instanceKlass java/util/Collections$EmptyIterator
instanceKlass java/util/LinkedHashMap$LinkedHashIterator
instanceKlass sun/security/util/SecurityProviderConstants
instanceKlass java/security/Provider$UString
instanceKlass java/security/Provider$Service
instanceKlass sun/security/provider/NativePRNG$NonBlocking
instanceKlass sun/security/provider/NativePRNG$Blocking
instanceKlass sun/security/provider/NativePRNG
instanceKlass sun/security/provider/SunEntries$1
instanceKlass sun/security/provider/SunEntries
instanceKlass java/security/Permission
instanceKlass java/security/Guard
instanceKlass sun/security/util/SecurityConstants
instanceKlass java/security/Security$1
instanceKlass jdk/internal/access/JavaSecurityPropertiesAccess
instanceKlass java/util/concurrent/ConcurrentHashMap$MapEntry
instanceKlass java/io/FileInputStream$1
instanceKlass java/util/Properties$LineReader
instanceKlass  @bci java/security/Security <clinit> ()V 9 <appendix> argL0 ; # java/security/Security$$Lambda+0x80000000b
instanceKlass java/security/Security
instanceKlass sun/security/jca/ProviderList$2
instanceKlass java/util/SequencedSet
instanceKlass jdk/internal/math/FloatingDecimal$ASCIIToBinaryBuffer
instanceKlass jdk/internal/math/FloatingDecimal$PreparedASCIIToBinaryBuffer
instanceKlass jdk/internal/math/FloatingDecimal$ASCIIToBinaryConverter
instanceKlass jdk/internal/math/FloatingDecimal$BinaryToASCIIBuffer
instanceKlass jdk/internal/math/FloatingDecimal$ExceptionalBinaryToASCIIBuffer
instanceKlass jdk/internal/math/FloatingDecimal$BinaryToASCIIConverter
instanceKlass jdk/internal/math/FloatingDecimal
instanceKlass javax/security/auth/login/Configuration$Parameters
instanceKlass java/security/Policy$Parameters
instanceKlass java/security/cert/CertStoreParameters
instanceKlass java/security/SecureRandomParameters
instanceKlass java/security/Provider$EngineDescription
instanceKlass java/security/Provider$ServiceKey
instanceKlass sun/security/jca/ProviderConfig
instanceKlass sun/security/jca/ProviderList
instanceKlass sun/security/jca/Providers
instanceKlass  @bci com/android/tools/r8/kotlin/C b (Ljava/util/function/Consumer;Lcom/android/tools/r8/graph/y;)Z 136 <appendix> form vmentry <vmtarget> ; # java/lang/invoke/LambdaForm$MH+0x00000189cf000400
instanceKlass jdk/internal/org/objectweb/asm/FieldVisitor
instanceKlass java/lang/invoke/InvokerBytecodeGenerator$ClassData
instanceKlass jdk/internal/org/objectweb/asm/Frame
instanceKlass java/lang/invoke/LambdaFormBuffer
instanceKlass java/lang/invoke/LambdaFormEditor$TransformKey
instanceKlass java/lang/invoke/LambdaFormEditor
instanceKlass java/lang/invoke/DelegatingMethodHandle$Holder
instanceKlass java/lang/invoke/DirectMethodHandle$2
instanceKlass java/lang/invoke/ClassSpecializer$Factory
instanceKlass java/lang/invoke/ClassSpecializer$SpeciesData
instanceKlass java/lang/invoke/ClassSpecializer$1
instanceKlass java/lang/invoke/ClassSpecializer
instanceKlass sun/invoke/empty/Empty
instanceKlass sun/invoke/util/VerifyType
instanceKlass  @bci sun/security/util/ManifestDigester <init> ([B)V 350 <appendix> argL0 ; # sun/security/util/ManifestDigester$$Lambda+0x00000189cf044178
instanceKlass java/lang/invoke/MethodHandles$Lookup$ClassDefiner
instanceKlass java/lang/invoke/MethodHandles$Lookup$ClassFile
instanceKlass jdk/internal/org/objectweb/asm/AnnotationVisitor
instanceKlass jdk/internal/org/objectweb/asm/Attribute
instanceKlass jdk/internal/org/objectweb/asm/Handler
instanceKlass jdk/internal/org/objectweb/asm/Label
instanceKlass jdk/internal/org/objectweb/asm/MethodVisitor
instanceKlass java/lang/invoke/LambdaProxyClassArchive
instanceKlass jdk/internal/org/objectweb/asm/ByteVector
instanceKlass jdk/internal/org/objectweb/asm/Symbol
instanceKlass jdk/internal/org/objectweb/asm/SymbolTable
instanceKlass jdk/internal/org/objectweb/asm/ClassVisitor
instanceKlass java/lang/invoke/InfoFromMemberName
instanceKlass java/lang/invoke/MethodHandleInfo
instanceKlass jdk/internal/org/objectweb/asm/ConstantDynamic
instanceKlass sun/invoke/util/BytecodeDescriptor
instanceKlass jdk/internal/org/objectweb/asm/Handle
instanceKlass sun/security/action/GetBooleanAction
instanceKlass jdk/internal/org/objectweb/asm/Type
instanceKlass java/lang/invoke/AbstractValidatingLambdaMetafactory
instanceKlass java/lang/invoke/MethodHandleImpl$1
instanceKlass jdk/internal/access/JavaLangInvokeAccess
instanceKlass java/lang/invoke/Invokers$Holder
instanceKlass java/lang/invoke/BootstrapMethodInvoker
instanceKlass java/lang/invoke/InvokerBytecodeGenerator$1
instanceKlass java/lang/invoke/InvokerBytecodeGenerator
instanceKlass java/lang/invoke/LambdaForm$Holder
instanceKlass java/lang/invoke/LambdaForm$Name
instanceKlass java/lang/invoke/Invokers
instanceKlass java/lang/invoke/MethodHandleImpl
instanceKlass sun/invoke/util/ValueConversions
instanceKlass java/lang/invoke/DirectMethodHandle$Holder
instanceKlass java/lang/invoke/LambdaForm$NamedFunction
instanceKlass sun/invoke/util/Wrapper$Format
instanceKlass java/lang/invoke/MethodTypeForm
instanceKlass java/lang/Void
instanceKlass jdk/internal/util/StrongReferenceKey
instanceKlass jdk/internal/util/ReferenceKey
instanceKlass jdk/internal/util/ReferencedKeyMap
instanceKlass java/lang/invoke/MethodType$1
instanceKlass java/lang/invoke/LambdaMetafactory
instanceKlass sun/security/util/ManifestDigester$Section
instanceKlass sun/security/util/ManifestDigester$Entry
instanceKlass sun/security/util/ManifestDigester$Position
instanceKlass sun/security/util/ManifestDigester
instanceKlass sun/security/util/ManifestEntryVerifier
instanceKlass jdk/internal/misc/ThreadTracker
instanceKlass java/util/jar/JarFile$ThreadTrackHolder
instanceKlass java/lang/reflect/Array
instanceKlass java/util/jar/Attributes$Name
instanceKlass java/util/SequencedMap
instanceKlass java/util/jar/Attributes
instanceKlass java/util/jar/JarVerifier
instanceKlass jdk/internal/loader/Resource
instanceKlass java/util/ArrayList$Itr
instanceKlass sun/security/action/GetIntegerAction
instanceKlass sun/security/util/Debug
instanceKlass sun/security/util/SignatureFileVerifier
instanceKlass java/util/zip/ZipFile$InflaterCleanupAction
instanceKlass java/util/zip/Inflater$InflaterZStreamRef
instanceKlass java/util/zip/Inflater
instanceKlass java/util/zip/ZipEntry
instanceKlass java/util/zip/ZipFile$2
instanceKlass java/nio/Bits$1
instanceKlass jdk/internal/misc/VM$BufferPool
instanceKlass java/nio/Bits
instanceKlass sun/nio/ch/DirectBuffer
instanceKlass jdk/internal/perf/PerfCounter$CoreCounters
instanceKlass jdk/internal/perf/Perf
instanceKlass jdk/internal/perf/Perf$GetPerfAction
instanceKlass jdk/internal/perf/PerfCounter
instanceKlass sun/util/locale/LocaleUtils
instanceKlass sun/util/locale/BaseLocale
instanceKlass java/util/Locale
instanceKlass java/nio/file/attribute/FileTime
instanceKlass java/util/zip/ZipUtils
instanceKlass java/util/zip/ZipFile$Source$End
instanceKlass java/io/RandomAccessFile$2
instanceKlass jdk/internal/access/JavaIORandomAccessFileAccess
instanceKlass java/io/RandomAccessFile
instanceKlass java/io/DataInput
instanceKlass java/io/DataOutput
instanceKlass sun/nio/fs/WindowsNativeDispatcher$CompletionStatus
instanceKlass sun/nio/fs/WindowsNativeDispatcher$AclInformation
instanceKlass sun/nio/fs/WindowsNativeDispatcher$Account
instanceKlass sun/nio/fs/WindowsNativeDispatcher$DiskFreeSpace
instanceKlass sun/nio/fs/WindowsNativeDispatcher$VolumeInformation
instanceKlass sun/nio/fs/WindowsNativeDispatcher$FirstStream
instanceKlass sun/nio/fs/WindowsNativeDispatcher$FirstFile
instanceKlass java/util/Enumeration
instanceKlass java/util/concurrent/ConcurrentHashMap$Traverser
instanceKlass jdk/internal/loader/NativeLibraries$3
instanceKlass jdk/internal/loader/NativeLibrary
instanceKlass java/util/ArrayDeque$DeqIterator
instanceKlass jdk/internal/loader/NativeLibraries$NativeLibraryContext$1
instanceKlass jdk/internal/loader/NativeLibraries$NativeLibraryContext
instanceKlass jdk/internal/loader/NativeLibraries$2
instanceKlass jdk/internal/loader/NativeLibraries$1
instanceKlass jdk/internal/loader/NativeLibraries$LibraryPaths
instanceKlass sun/nio/fs/WindowsNativeDispatcher
instanceKlass sun/nio/fs/NativeBuffer$Deallocator
instanceKlass sun/nio/fs/NativeBuffer
instanceKlass java/lang/ThreadLocal$ThreadLocalMap
instanceKlass java/lang/ThreadLocal
instanceKlass sun/nio/fs/NativeBuffers
instanceKlass sun/nio/fs/WindowsFileAttributes
instanceKlass java/nio/file/attribute/DosFileAttributes
instanceKlass sun/nio/fs/AbstractBasicFileAttributeView
instanceKlass sun/nio/fs/DynamicFileAttributeView
instanceKlass sun/nio/fs/WindowsFileAttributeViews
instanceKlass sun/nio/fs/Util
instanceKlass java/nio/file/attribute/BasicFileAttributeView
instanceKlass java/nio/file/attribute/FileAttributeView
instanceKlass java/nio/file/attribute/AttributeView
instanceKlass java/nio/file/Files
instanceKlass java/nio/file/CopyOption
instanceKlass java/nio/file/attribute/BasicFileAttributes
instanceKlass sun/nio/fs/WindowsPath
instanceKlass java/nio/file/Path
instanceKlass java/nio/file/Watchable
instanceKlass java/util/concurrent/ForkJoinPool$ManagedBlocker
instanceKlass java/util/zip/ZipFile$Source$Key
instanceKlass java/util/concurrent/locks/AbstractQueuedSynchronizer$Node
instanceKlass sun/nio/fs/WindowsPathParser$Result
instanceKlass sun/nio/fs/WindowsPathParser
instanceKlass java/nio/file/FileSystem
instanceKlass java/nio/file/OpenOption
instanceKlass java/nio/file/spi/FileSystemProvider
instanceKlass sun/nio/fs/DefaultFileSystemProvider
instanceKlass java/util/zip/ZipFile$Source
instanceKlass java/lang/ref/Cleaner$Cleanable
instanceKlass jdk/internal/ref/CleanerImpl
instanceKlass java/lang/ref/Cleaner$1
instanceKlass java/lang/ref/Cleaner
instanceKlass jdk/internal/ref/CleanerFactory$1
instanceKlass java/util/concurrent/ThreadFactory
instanceKlass jdk/internal/ref/CleanerFactory
instanceKlass java/util/zip/ZipCoder
instanceKlass java/util/zip/ZipFile$CleanableResource
instanceKlass java/lang/Runtime$Version
instanceKlass java/util/jar/JavaUtilJarAccessImpl
instanceKlass jdk/internal/access/JavaUtilJarAccess
instanceKlass java/nio/charset/CoderResult
instanceKlass java/lang/Readable
instanceKlass jdk/internal/loader/FileURLMapper
instanceKlass jdk/internal/loader/URLClassPath$JarLoader$1
instanceKlass java/util/zip/ZipFile$1
instanceKlass jdk/internal/access/JavaUtilZipFileAccess
instanceKlass java/util/zip/ZipFile
instanceKlass java/util/zip/ZipConstants
instanceKlass jdk/internal/loader/URLClassPath$Loader
instanceKlass jdk/internal/loader/URLClassPath$3
instanceKlass java/security/PrivilegedExceptionAction
instanceKlass sun/net/util/URLUtil
instanceKlass java/lang/StringCoding
instanceKlass sun/nio/cs/ArrayDecoder
instanceKlass java/nio/charset/CharsetDecoder
instanceKlass sun/launcher/LauncherHelper
instanceKlass java/lang/invoke/StringConcatFactory
instanceKlass java/lang/ModuleLayer$Controller
instanceKlass java/util/concurrent/CopyOnWriteArrayList
instanceKlass jdk/internal/module/ServicesCatalog$ServiceProvider
instanceKlass jdk/internal/loader/AbstractClassLoaderValue$Memoizer
instanceKlass java/util/ImmutableCollections$ListItr
instanceKlass java/util/ListIterator
instanceKlass java/lang/ModuleLayer
instanceKlass jdk/internal/module/ModuleLoaderMap$Modules
instanceKlass jdk/internal/module/ModuleLoaderMap$Mapper
instanceKlass jdk/internal/module/ModuleLoaderMap
instanceKlass java/util/AbstractMap$1$1
instanceKlass java/lang/module/ResolvedModule
instanceKlass java/lang/module/Configuration
instanceKlass jdk/internal/loader/BuiltinClassLoader$LoadedModule
instanceKlass jdk/internal/loader/AbstractClassLoaderValue
instanceKlass jdk/internal/module/ServicesCatalog
instanceKlass java/util/Deque
instanceKlass java/util/Queue
instanceKlass sun/net/util/IPAddressUtil$MASKS
instanceKlass sun/net/util/IPAddressUtil
instanceKlass java/net/URLStreamHandler
instanceKlass sun/net/www/ParseUtil
instanceKlass java/net/URL$3
instanceKlass jdk/internal/access/JavaNetURLAccess
instanceKlass java/net/URL$DefaultFactory
instanceKlass java/net/URLStreamHandlerFactory
instanceKlass jdk/internal/loader/URLClassPath
instanceKlass java/security/Principal
instanceKlass java/security/ProtectionDomain$Key
instanceKlass java/security/ProtectionDomain$JavaSecurityAccessImpl
instanceKlass jdk/internal/access/JavaSecurityAccess
instanceKlass java/lang/ClassLoader$ParallelLoaders
instanceKlass java/security/cert/Certificate
instanceKlass jdk/internal/loader/ArchivedClassLoaders
instanceKlass java/util/concurrent/ConcurrentHashMap$CollectionView
instanceKlass jdk/internal/loader/ClassLoaderHelper
instanceKlass jdk/internal/loader/NativeLibraries
instanceKlass java/lang/Module$EnableNativeAccess
instanceKlass jdk/internal/loader/BootLoader
instanceKlass java/util/Optional
instanceKlass jdk/internal/module/SystemModuleFinders$SystemModuleFinder
instanceKlass java/lang/module/ModuleFinder
instanceKlass jdk/internal/module/SystemModuleFinders$3
instanceKlass jdk/internal/module/ModuleHashes$HashSupplier
instanceKlass jdk/internal/module/SystemModuleFinders$2
instanceKlass java/util/function/Supplier
instanceKlass java/lang/module/ModuleReference
instanceKlass jdk/internal/module/ModuleResolution
instanceKlass java/util/Collections$UnmodifiableMap
instanceKlass jdk/internal/module/ModuleHashes$Builder
instanceKlass jdk/internal/module/ModuleHashes
instanceKlass jdk/internal/module/ModuleTarget
instanceKlass java/util/ImmutableCollections$Set12$1
instanceKlass java/lang/reflect/AccessFlag$18
instanceKlass java/lang/reflect/AccessFlag$17
instanceKlass java/lang/reflect/AccessFlag$16
instanceKlass java/lang/reflect/AccessFlag$15
instanceKlass java/lang/reflect/AccessFlag$14
instanceKlass java/lang/reflect/AccessFlag$13
instanceKlass java/lang/reflect/AccessFlag$12
instanceKlass java/lang/reflect/AccessFlag$11
instanceKlass java/lang/reflect/AccessFlag$10
instanceKlass java/lang/reflect/AccessFlag$9
instanceKlass java/lang/reflect/AccessFlag$8
instanceKlass java/lang/reflect/AccessFlag$7
instanceKlass java/lang/reflect/AccessFlag$6
instanceKlass java/lang/reflect/AccessFlag$5
instanceKlass java/lang/reflect/AccessFlag$4
instanceKlass java/lang/reflect/AccessFlag$3
instanceKlass java/lang/reflect/AccessFlag$2
instanceKlass java/lang/reflect/AccessFlag$1
instanceKlass java/lang/module/ModuleDescriptor$Version
instanceKlass java/lang/module/ModuleDescriptor$Provides
instanceKlass java/lang/module/ModuleDescriptor$Opens
instanceKlass java/util/ImmutableCollections$SetN$SetNIterator
instanceKlass java/lang/module/ModuleDescriptor$Exports
instanceKlass java/lang/module/ModuleDescriptor$Requires
instanceKlass jdk/internal/module/Builder
instanceKlass jdk/internal/module/SystemModules$default
instanceKlass jdk/internal/module/SystemModules
instanceKlass jdk/internal/module/SystemModulesMap
instanceKlass java/net/URI$1
instanceKlass jdk/internal/access/JavaNetUriAccess
instanceKlass java/net/URI
instanceKlass jdk/internal/module/SystemModuleFinders
instanceKlass jdk/internal/module/ArchivedModuleGraph
instanceKlass jdk/internal/module/ArchivedBootLayer
instanceKlass jdk/internal/module/ModuleBootstrap$Counters
instanceKlass jdk/internal/module/ModulePatcher
instanceKlass java/io/FileSystem
instanceKlass java/io/DefaultFileSystem
instanceKlass java/io/File
instanceKlass java/lang/module/ModuleDescriptor$1
instanceKlass jdk/internal/access/JavaLangModuleAccess
instanceKlass sun/invoke/util/VerifyAccess
instanceKlass java/util/KeyValueHolder
instanceKlass java/util/ImmutableCollections$MapN$MapNIterator
instanceKlass java/lang/StrictMath
instanceKlass java/lang/invoke/MethodHandles$Lookup
instanceKlass java/lang/invoke/MemberName$Factory
instanceKlass java/lang/invoke/MethodHandles
instanceKlass java/lang/module/ModuleDescriptor
instanceKlass jdk/internal/module/ModuleBootstrap
instanceKlass java/lang/Character$CharacterCache
instanceKlass java/util/HexFormat
instanceKlass jdk/internal/util/ClassFileDumper
instanceKlass sun/security/action/GetPropertyAction
instanceKlass java/lang/invoke/MethodHandleStatics
instanceKlass jdk/internal/misc/Blocker
instanceKlass java/util/concurrent/locks/AbstractQueuedSynchronizer$ConditionObject
instanceKlass java/util/concurrent/locks/Condition
instanceKlass java/util/Collections
instanceKlass java/lang/Thread$ThreadIdentifiers
instanceKlass sun/io/Win32ErrorMode
instanceKlass jdk/internal/misc/OSEnvironment
instanceKlass java/lang/Integer$IntegerCache
instanceKlass jdk/internal/misc/Signal$NativeHandler
instanceKlass java/util/Hashtable$Entry
instanceKlass jdk/internal/misc/Signal
instanceKlass java/lang/Terminator$1
instanceKlass jdk/internal/misc/Signal$Handler
instanceKlass java/lang/Terminator
instanceKlass java/nio/ByteOrder
instanceKlass java/nio/Buffer$2
instanceKlass jdk/internal/access/JavaNioAccess
instanceKlass java/nio/Buffer$1
instanceKlass jdk/internal/misc/ScopedMemoryAccess
instanceKlass java/nio/charset/CodingErrorAction
instanceKlass sun/nio/cs/SingleByte
instanceKlass java/lang/StringUTF16
instanceKlass sun/nio/cs/MS1252$Holder
instanceKlass sun/nio/cs/ArrayEncoder
instanceKlass java/nio/charset/CharsetEncoder
instanceKlass java/io/Writer
instanceKlass java/io/PrintStream$1
instanceKlass jdk/internal/access/JavaIOPrintStreamAccess
instanceKlass jdk/internal/misc/InternalLock
instanceKlass java/io/OutputStream
instanceKlass java/io/Flushable
instanceKlass java/io/FileDescriptor$1
instanceKlass jdk/internal/access/JavaIOFileDescriptorAccess
instanceKlass java/io/FileDescriptor
instanceKlass jdk/internal/util/StaticProperty
instanceKlass jdk/internal/reflect/MethodHandleAccessorFactory
instanceKlass java/lang/reflect/Modifier
instanceKlass java/lang/Class$1
instanceKlass java/lang/Class$Atomic
instanceKlass java/lang/Class$ReflectionData
instanceKlass java/nio/charset/StandardCharsets
instanceKlass sun/nio/cs/HistoricallyNamedCharset
instanceKlass java/nio/charset/spi/CharsetProvider
instanceKlass java/nio/charset/Charset
instanceKlass java/util/HashMap$HashIterator
instanceKlass java/util/concurrent/locks/LockSupport
instanceKlass java/util/concurrent/ConcurrentHashMap$Node
instanceKlass java/util/concurrent/ConcurrentHashMap$CounterCell
instanceKlass java/util/concurrent/locks/ReentrantLock
instanceKlass java/util/concurrent/locks/Lock
instanceKlass java/lang/CharacterData
instanceKlass java/util/Arrays
instanceKlass jdk/internal/util/Preconditions$3
instanceKlass jdk/internal/util/Preconditions$2
instanceKlass jdk/internal/util/Preconditions$4
instanceKlass java/util/function/BiFunction
instanceKlass jdk/internal/util/Preconditions$1
instanceKlass java/util/function/Function
instanceKlass jdk/internal/util/Preconditions
instanceKlass java/lang/Runtime
instanceKlass java/lang/VersionProps
instanceKlass java/lang/StringConcatHelper
instanceKlass java/util/HashMap$Node
instanceKlass java/util/Map$Entry
instanceKlass jdk/internal/util/ArraysSupport
instanceKlass jdk/internal/util/SystemProps$Raw
instanceKlass jdk/internal/util/SystemProps
instanceKlass java/lang/System$2
instanceKlass jdk/internal/access/JavaLangAccess
instanceKlass java/lang/ref/NativeReferenceQueue$Lock
instanceKlass java/lang/ref/ReferenceQueue
instanceKlass java/lang/ref/Reference$1
instanceKlass jdk/internal/access/JavaLangRefAccess
instanceKlass jdk/internal/reflect/ReflectionFactory
instanceKlass java/lang/Math
instanceKlass java/lang/StringLatin1
instanceKlass jdk/internal/reflect/Reflection
instanceKlass jdk/internal/reflect/ReflectionFactory$GetReflectionFactoryAction
instanceKlass java/security/PrivilegedAction
instanceKlass jdk/internal/access/SharedSecrets
instanceKlass java/lang/reflect/ReflectAccess
instanceKlass jdk/internal/access/JavaLangReflectAccess
instanceKlass java/util/ImmutableCollections
instanceKlass java/util/Objects
instanceKlass java/util/Set
instanceKlass jdk/internal/misc/CDS
instanceKlass java/lang/Module$ArchivedData
instanceKlass jdk/internal/misc/VM
instanceKlass java/lang/String$CaseInsensitiveComparator
instanceKlass java/util/Comparator
instanceKlass java/io/ObjectStreamField
instanceKlass jdk/internal/vm/FillerObject
instanceKlass jdk/internal/vm/vector/VectorSupport$VectorPayload
instanceKlass jdk/internal/vm/vector/VectorSupport
instanceKlass java/lang/reflect/RecordComponent
instanceKlass java/util/Iterator
instanceKlass java/lang/Number
instanceKlass java/lang/Character
instanceKlass java/lang/Boolean
instanceKlass java/util/concurrent/locks/AbstractOwnableSynchronizer
instanceKlass java/lang/LiveStackFrame
instanceKlass java/lang/StackFrameInfo
instanceKlass java/lang/StackWalker$StackFrame
instanceKlass java/lang/StackStreamFactory$AbstractStackWalker
instanceKlass java/lang/StackWalker
instanceKlass java/nio/Buffer
instanceKlass java/lang/StackTraceElement
instanceKlass java/util/RandomAccess
instanceKlass java/util/List
instanceKlass java/util/SequencedCollection
instanceKlass java/util/AbstractCollection
instanceKlass java/util/Collection
instanceKlass java/lang/Iterable
instanceKlass java/util/concurrent/ConcurrentMap
instanceKlass java/util/AbstractMap
instanceKlass java/security/CodeSource
instanceKlass jdk/internal/loader/ClassLoaders
instanceKlass java/util/jar/Manifest
instanceKlass java/lang/Enum
instanceKlass java/net/URL
instanceKlass java/io/InputStream
instanceKlass java/io/Closeable
instanceKlass java/lang/AutoCloseable
instanceKlass jdk/internal/module/Modules
instanceKlass jdk/internal/misc/Unsafe
instanceKlass jdk/internal/misc/UnsafeConstants
instanceKlass java/lang/AbstractStringBuilder
instanceKlass java/lang/Appendable
instanceKlass java/lang/AssertionStatusDirectives
instanceKlass jdk/internal/foreign/abi/ABIDescriptor
instanceKlass jdk/internal/foreign/abi/NativeEntryPoint
instanceKlass java/lang/invoke/CallSite
instanceKlass java/lang/invoke/MethodType
instanceKlass java/lang/invoke/TypeDescriptor$OfMethod
instanceKlass java/lang/invoke/LambdaForm
instanceKlass java/lang/invoke/MethodHandleNatives
instanceKlass java/lang/invoke/ResolvedMethodName
instanceKlass java/lang/invoke/MemberName
instanceKlass java/lang/invoke/VarHandle
instanceKlass java/lang/invoke/MethodHandle
instanceKlass jdk/internal/reflect/CallerSensitive
instanceKlass java/lang/annotation/Annotation
instanceKlass jdk/internal/reflect/FieldAccessor
instanceKlass jdk/internal/reflect/ConstantPool
instanceKlass jdk/internal/reflect/ConstructorAccessor
instanceKlass jdk/internal/reflect/MethodAccessor
instanceKlass jdk/internal/reflect/MagicAccessorImpl
instanceKlass jdk/internal/vm/StackChunk
instanceKlass jdk/internal/vm/Continuation
instanceKlass jdk/internal/vm/ContinuationScope
instanceKlass java/lang/reflect/Parameter
instanceKlass java/lang/reflect/Member
instanceKlass java/lang/reflect/AccessibleObject
instanceKlass java/lang/Module
instanceKlass java/util/Map
instanceKlass java/util/Dictionary
instanceKlass java/lang/ThreadGroup
instanceKlass java/lang/Thread$UncaughtExceptionHandler
instanceKlass java/lang/Thread$Constants
instanceKlass java/lang/Thread$FieldHolder
instanceKlass java/lang/Thread
instanceKlass java/lang/Runnable
instanceKlass java/lang/ref/Reference
instanceKlass java/lang/Record
instanceKlass java/security/AccessController
instanceKlass java/security/AccessControlContext
instanceKlass java/security/ProtectionDomain
instanceKlass java/lang/SecurityManager
instanceKlass java/lang/Throwable
instanceKlass java/lang/System
instanceKlass java/lang/ClassLoader
instanceKlass java/lang/Cloneable
instanceKlass java/lang/Class
instanceKlass java/lang/invoke/TypeDescriptor$OfField
instanceKlass java/lang/invoke/TypeDescriptor
instanceKlass java/lang/reflect/Type
instanceKlass java/lang/reflect/GenericDeclaration
instanceKlass java/lang/reflect/AnnotatedElement
instanceKlass java/lang/String
instanceKlass java/lang/constant/ConstantDesc
instanceKlass java/lang/constant/Constable
instanceKlass java/lang/CharSequence
instanceKlass java/lang/Comparable
instanceKlass java/io/Serializable
ciInstanceKlass java/lang/Object 1 1 124 7 1 10 12 1 1 10 7 12 1 1 1 10 7 12 1 1 1 10 12 1 1 8 1 10 12 1 1 10 7 12 1 1 1 10 12 1 10 12 1 1 10 7 12 1 1 1 10 12 1 10 12 1 100 1 10 7 12 1 1 1 10 12 1 1 10 12 1 100 1 8 1 10 12 1 3 8 1 7 1 5 0 1 1 1 1 1 1 1 1 1 1 1 1 1 1 1 1 100 1 1 1 1 1 1 1 1 1 1 7 1 1 1 1 1 1 1 1 1 1 3 1 1
ciMethod java/lang/Object equals (Ljava/lang/Object;)Z 534 0 554203 0 88
ciInstanceKlass java/io/Serializable 1 0 7 100 1 100 1 1 1
ciInstanceKlass java/lang/System 1 1 834 10 7 12 1 1 1 9 7 12 1 1 1 10 12 1 10 12 1 1 10 12 1 1 10 12 1 9 12 1 1 10 7 12 1 1 1 11 100 12 1 1 1 10 100 12 1 1 1 10 12 1 1 10 12 1 1 100 1 8 1 10 12 1 10 7 12 1 1 1 10 7 12 1 1 1 18 12 1 1 10 7 12 1 1 1 7 1 10 12 1 1 10 7 12 1 1 1 10 12 1 10 7 12 1 1 1 9 100 12 1 1 1 10 7 12 1 1 1 11 7 12 1 1 1 10 12 1 1 10 7 12 1 1 1 7 1 10 10 12 1 1 8 1 10 12 1 8 1 10 12 1 9 12 1 1 8 1 10 7 12 1 1 1 10 12 1 1 100 1 8 1 10 9 12 1 1 8 1 10 12 1 1 10 100 12 1 1 1 8 1 10 12 1 7 1 10 12 1 8 1 10 12 1 10 12 1 1 100 1 10 12 10 12 1 9 12 1 1 9 12 1 1 10 7 12 1 1 1 10 7 12 1 1 1 10 12 1 1 10 12 1 10 12 1 10 7 12 1 1 1 10 12 1 100 1 100 1 8 1 10 12 1 10 12 1 1 7 1 10 12 1 100 1 8 1 10 10 12 1 100 1 8 1 10 8 1 10 7 12 1 1 8 1 10 12 100 1 8 1 10 10 12 1 1 10 7 12 1 1 1 100 1 18 12 1 100 1 9 100 12 1 1 1 10 12 1 100 1 10 12 1 1 10 12 1 1 10 7 12 1 1 1 10 12 1 1 10 12 1 10 12 1 10 12 1 1 10 12 1 7 1 10 12 1 9 7 12 1 1 1 10 7 12 1 1 1 10 12 1 10 12 1 10 7 12 1 1 1 7 1 8 1 10 9 12 1 9 12 1 10 12 1 10 7 12 1 1 10 12 1 10 12 1 1 8 1 10 12 1 1 8 1 11 12 1 10 12 11 12 1 1 11 7 12 1 1 1 11 7 12 1 1 11 12 1 1 7 1 11 12 1 10 12 1 8 1 10 12 1 1 8 1 8 1 8 1 8 1 11 12 1 10 12 1 10 12 1 10 12 1 8 1 10 12 1 1 8 1 9 12 1 8 1 10 7 12 1 1 8 1 7 1 9 7 12 1 1 1 10 12 1 7 1 9 12 10 9 12 7 1 10 12 9 12 1 1 8 1 10 12 1 1 8 1 10 7 12 1 1 10 12 1 10 12 1 1 11 7 12 1 1 10 12 10 7 12 1 1 1 9 12 1 1 7 1 8 1 10 12 1 1 10 7 12 1 1 1 7 1 10 12 1 1 10 12 1 8 1 8 1 10 8 1 8 1 8 1 8 1 10 10 7 12 1 1 10 12 1 10 12 1 1 10 12 1 1 10 12 1 10 100 12 1 1 1 10 7 1 8 1 10 10 10 12 1 1 10 12 1 1 8 1 10 12 1 8 1 8 1 10 12 1 10 7 12 1 1 1 10 12 1 1 7 1 10 10 12 1 10 12 1 9 12 1 1 3 1 3 1 1 1 1 1 1 1 1 1 1 1 1 100 1 1 100 1 1 1 1 1 1 1 1 1 1 1 100 1 7 1 1 1 1 1 1 1 1 1 1 1 1 1 1 1 1 1 1 1 1 1 1 1 1 1 1 1 1 1 1 1 1 1 1 1 1 1 1 1 1 1 1 1 1 1 1 1 1 1 1 1 1 1 1 1 1 1 1 100 1 1 1 1 1 1 1 1 1 1 1 1 1 1 1 1 1 1 1 1 1 1 1 1 1 1 1 1 1 1 1 1 1 100 1 1 16 15 10 12 1 1 16 15 10 12 16 1 15 10 100 12 1 1 1 1 1 1 1 1 1 100 1 100 1 1
staticfield java/lang/System in Ljava/io/InputStream; java/io/BufferedInputStream
staticfield java/lang/System out Ljava/io/PrintStream; java/io/PrintStream
staticfield java/lang/System err Ljava/io/PrintStream; java/io/PrintStream
ciInstanceKlass java/lang/SecurityManager 0 0 576 10 7 12 1 1 1 9 7 12 1 1 1 10 7 12 1 1 1 100 1 8 1 10 12 1 10 12 1 1 10 7 12 1 1 1 10 7 1 10 100 1 10 9 100 12 1 1 1 10 7 12 1 1 1 10 12 1 1 10 7 12 1 1 100 1 8 1 10 9 12 1 1 9 12 1 8 1 9 12 1 7 1 10 8 1 10 12 1 1 10 12 1 10 12 1 1 100 1 10 10 12 1 1 100 1 8 1 10 12 1 8 1 8 1 8 1 8 1 8 1 8 1 10 12 1 8 1 8 1 8 1 8 1 8 1 10 7 12 1 1 1 10 12 1 1 8 1 100 1 8 1 10 8 1 8 1 8 1 8 1 8 1 10 100 12 1 1 8 1 100 1 8 1 8 1 10 8 1 10 12 1 100 1 8 1 10 10 12 1 1 10 12 1 10 12 1 10 12 1 10 100 12 1 1 1 10 12 1 10 100 12 1 1 11 100 12 1 1 1 18 12 1 1 11 100 12 1 1 1 18 12 1 1 11 12 1 1 18 18 11 12 1 18 12 1 11 12 1 1 9 12 1 1 9 12 1 9 12 1 9 12 1 100 1 10 100 12 1 1 10 12 1 10 12 1 18 12 1 18 10 100 12 1 1 1 18 12 1 10 12 1 18 18 8 1 10 12 1 9 12 1 1 11 7 12 1 1 1 8 1 100 1 10 12 1 10 12 1 1 10 12 1 1 9 12 1 1 10 12 1 10 12 1 1 8 1 100 1 10 9 12 1 8 1 10 12 1 8 1 100 1 10 10 100 12 1 1 10 100 1 9 7 12 1 1 1 11 12 1 1 10 12 1 11 12 1 10 12 1 7 1 10 10 12 1 1 10 12 1 1 1 1 1 1 1 1 1 1 1 7 1 1 1 1 1 1 1 1 1 1 1 1 1 1 1 1 1 1 1 1 1 1 1 1 1 1 1 1 1 1 1 1 1 1 1 1 1 1 1 1 1 1 1 1 1 1 1 1 1 1 1 1 1 1 1 1 3 1 1 1 1 1 1 1 1 1 1 100 1 1 1 1 1 1 1 1 1 1 1 1 1 1 1 1 1 1 1 1 1 1 1 1 1 1 1 1 1 1 1 1 1 1 1 1 1 1 16 15 10 7 12 1 1 1 16 1 16 15 10 12 16 1 15 10 12 16 15 11 7 1 16 1 16 1 15 10 12 16 15 10 12 16 15 10 12 1 16 1 15 11 12 1 15 10 12 16 15 10 16 1 15 10 100 12 1 1 1 1 1 1 100 1 100 1 1
ciInstanceKlass java/security/AccessController 1 1 295 10 7 12 1 1 1 10 7 12 1 1 1 10 7 12 1 1 1 10 12 1 1 10 12 1 1 10 7 12 1 1 1 10 12 1 1 10 12 1 10 12 1 1 10 12 1 100 1 8 1 10 12 1 10 12 1 10 12 1 1 10 12 1 7 1 7 1 10 12 1 1 10 12 1 10 12 1 10 12 1 1 10 7 12 1 1 1 10 12 1 1 9 100 12 1 1 1 10 7 12 1 1 1 10 12 1 10 12 1 9 100 12 1 1 1 10 12 1 10 12 1 1 9 12 1 1 10 100 1 10 11 7 12 1 1 1 10 7 12 1 1 11 7 1 100 1 10 12 1 10 12 1 10 12 1 8 1 10 12 1 1 8 1 10 100 12 1 1 1 8 1 7 1 10 10 12 1 1 10 12 1 10 7 12 1 1 1 10 12 1 8 1 10 7 12 1 1 8 1 8 1 10 12 1 8 1 10 12 1 10 12 1 1 10 12 1 1 1 1 1 1 1 1 1 1 1 1 1 1 1 1 1 1 1 1 1 1 1 1 1 1 1 1 100 1 1 1 1 1 1 1 1 1 1 1 1 1 1 1 1 1 1 1 1 1 1 1 1 1 1 1 1 1 1 1 1 1 1 100 1 100 1 1 1 1 1 1 1 1 1 3 1 1 1
staticfield java/security/AccessController $assertionsDisabled Z 1
ciInstanceKlass java/security/ProtectionDomain 1 1 348 10 7 12 1 1 1 9 7 12 1 1 1 7 1 10 9 12 1 1 9 12 1 1 9 12 1 1 10 7 12 1 1 7 1 9 12 1 9 12 1 1 7 1 9 12 1 1 9 12 1 10 100 12 1 1 10 100 12 1 1 1 10 12 1 1 10 12 1 9 12 1 9 100 12 1 1 10 12 1 1 10 100 1 10 12 1 1 8 1 7 1 8 1 10 12 1 10 11 10 7 12 1 1 1 10 12 1 1 8 1 11 8 1 10 12 1 8 1 8 1 10 12 1 1 10 12 1 10 12 1 1 10 12 1 8 1 10 12 1 8 1 8 1 10 7 12 1 1 1 9 100 12 1 1 1 10 12 1 1 9 100 12 1 1 1 10 7 12 1 1 1 100 1 18 12 1 1 10 7 12 1 1 1 10 7 1 10 12 1 10 12 1 1 11 100 12 1 1 11 12 1 100 1 11 7 12 1 1 1 10 12 1 10 11 12 1 1 11 12 1 1 10 12 1 10 7 12 1 1 10 100 12 1 1 11 12 1 10 12 10 12 1 8 1 8 1 10 7 12 1 1 1 7 1 10 10 7 12 1 1 1 1 1 1 1 1 1 1 7 1 1 7 1 1 1 1 1 1 1 1 1 1 1 1 1 1 1 1 1 1 1 1 1 1 1 1 1 1 1 1 1 1 1 1 1 1 1 1 1 1 1 1 1 1 1 1 7 1 1 1 1 1 1 100 1 1 16 15 10 12 16 15 10 100 12 1 1 1 1 1 1 1 100 1 100 1 1
staticfield java/security/ProtectionDomain filePermCompatInPD Z 0
ciInstanceKlass java/security/CodeSource 1 1 398 10 7 12 1 1 1 9 7 12 1 1 1 9 12 1 1 9 12 1 1 9 12 1 1 10 7 12 1 1 1 9 12 1 1 10 7 12 1 1 10 7 10 7 12 1 1 1 10 100 12 1 1 1 10 12 1 1 7 1 10 10 7 12 1 1 1 10 7 12 1 1 1 10 12 1 1 7 1 10 12 1 1 10 12 1 1 10 12 1 1 10 12 1 10 10 10 12 1 1 10 7 12 1 1 1 10 12 1 10 12 1 10 12 1 8 1 10 12 1 10 12 1 10 12 1 1 10 12 1 8 1 10 12 1 1 10 7 1 10 10 12 1 1 8 1 10 12 1 10 12 1 10 12 1 8 1 8 1 9 12 1 1 100 1 8 1 10 12 1 10 12 1 1 8 1 10 12 1 8 1 8 1 8 1 10 100 12 1 1 10 12 1 1 10 12 1 10 12 1 1 10 12 1 1 10 12 1 1 100 1 100 1 10 12 1 10 12 10 12 1 1 10 100 12 1 1 10 12 1 7 1 10 12 10 100 12 1 1 1 10 8 1 10 12 1 10 12 1 10 12 1 1 100 1 10 12 1 1 100 1 7 1 8 1 8 1 10 10 12 1 1 10 100 12 1 1 1 7 1 10 12 10 12 1 1 11 7 12 1 1 10 10 12 1 11 10 12 1 8 1 100 1 10 12 1 10 12 1 1 10 12 1 11 12 1 1 7 1 1 1 1 5 0 1 1 1 1 1 1 1 1 1 1 1 1 1 1 1 1 1 1 1 1 1 1 1 1 1 1 1 1 1 1 1 1 1 1 1 1 1 1 1 1 1 1 1 1 1 1 1 1 1 1 1 1 1 1 1 1 1 1 1 1 1 1 1 1 1 1 100 1 1 1 1 1 1 1
ciInstanceKlass java/lang/Boolean 1 1 152 10 7 12 1 1 1 9 7 12 1 1 1 10 12 1 1 10 12 1 8 1 10 7 12 1 1 9 12 1 1 9 12 1 10 12 1 1 10 12 1 1 10 12 1 1 10 7 12 1 1 1 100 1 100 1 10 12 1 1 9 100 12 1 1 9 12 10 100 12 1 1 1 10 12 1 1 8 1 10 7 12 1 1 1 9 12 1 1 7 1 7 1 7 1 1 1 1 1 1 5 0 1 1 1 1 1 1 1 1 1 1 3 1 1 1 1 1 1 1 1 1 1 1 1 1 1 1 1 1 1 7 1 1 1 1 1 1 1 1 1 1 100 1 1 1 1 1 1 1 1 1
staticfield java/lang/Boolean TRUE Ljava/lang/Boolean; java/lang/Boolean
staticfield java/lang/Boolean FALSE Ljava/lang/Boolean; java/lang/Boolean
staticfield java/lang/Boolean TYPE Ljava/lang/Class; java/lang/Class
ciInstanceKlass java/lang/Comparable 1 0 12 100 1 100 1 1 1 1 1 1 1 1
ciInstanceKlass java/lang/constant/Constable 1 0 11 100 1 100 1 1 1 1 1 1 1
ciInstanceKlass java/util/Map 1 1 263 11 7 12 1 1 1 11 12 1 1 10 7 12 1 1 11 12 1 1 11 7 12 1 1 1 11 7 12 1 1 1 11 12 1 1 7 1 11 12 1 11 12 1 100 1 100 1 10 12 1 1 11 7 12 1 1 1 11 7 12 1 1 1 11 12 1 11 12 1 10 12 1 1 11 12 1 11 7 12 1 9 7 12 1 1 1 100 1 10 12 7 1 7 1 10 12 1 7 1 10 7 1 11 12 1 11 12 1 1 11 12 1 1 7 1 11 12 1 1 1 1 1 1 1 1 1 1 1 1 1 1 1 1 1 1 1 1 1 1 1 1 1 1 1 1 1 1 1 1 1 1 1 1 1 1 1 1 1 1 1 1 1 1 1 1 1 1 1 1 1 1 1 1 1 1 1 1 1 1 1 1 1 1 1 1 1 1 1 1 1 1 1 1 1 1 1 1 1 1 1 1 1 1 1 1 1 1 1 1 1 1 1 1 1 1 1 1 1 1 1 1 1 1 1 1 1 1 1 1 1 1 1 1 1 1 1 1 1 1 1 1 1 1 100 1 1 1 1 1 1 1 1 1 1 1 1 1 1 1 1 1 1
ciInstanceKlass java/lang/Class 1 1 1687 10 7 12 1 1 1 9 7 12 1 1 1 9 12 1 1 10 12 1 1 8 1 10 12 1 8 1 8 1 10 12 1 1 10 7 12 1 1 1 10 12 1 7 1 10 10 12 1 10 12 1 1 10 12 1 1 10 12 1 1 10 100 12 1 1 10 12 1 10 12 1 10 12 1 8 1 10 12 1 8 1 10 12 1 8 1 8 1 10 12 1 1 10 100 12 1 1 1 18 12 1 1 11 100 12 1 1 1 8 1 8 1 8 1 10 100 12 1 1 1 11 12 1 1 8 1 10 12 1 10 11 100 12 1 1 1 11 7 12 1 1 1 11 8 1 18 8 1 10 12 1 10 7 12 1 1 10 12 1 1 10 7 12 1 1 1 10 12 1 1 10 12 1 1 10 7 12 1 1 1 10 12 9 100 12 1 1 1 10 7 12 1 1 1 10 12 1 10 7 12 1 1 1 10 12 1 1 18 12 1 1 10 7 12 1 1 1 10 7 12 1 10 12 1 1 10 7 1 7 1 10 12 1 1 9 12 1 1 100 1 8 1 10 12 1 10 12 1 1 10 12 1 1 10 7 12 1 1 1 7 1 10 12 1 100 1 100 1 10 10 12 1 1 10 12 1 1 100 1 10 7 12 1 1 1 10 12 1 1 10 12 1 1 9 12 1 1 10 12 1 10 12 1 1 9 12 1 1 9 12 1 1 10 12 1 1 10 7 1 10 12 1 10 12 1 10 12 1 1 10 9 12 1 10 12 1 8 1 10 12 1 1 10 12 1 1 10 12 1 10 12 1 1 10 12 1 1 10 12 1 1 9 7 12 1 1 1 10 100 12 1 1 10 12 10 12 1 10 12 1 10 12 1 10 12 1 9 100 12 1 1 1 9 12 1 10 12 1 10 100 12 1 1 1 10 12 1 1 10 100 12 1 1 10 12 1 10 12 1 1 10 100 12 1 1 1 10 12 1 10 12 1 1 10 12 1 10 12 1 10 12 1 1 10 7 1 10 10 10 12 1 1 10 12 1 1 10 12 10 10 12 1 1 7 1 8 1 10 10 12 1 1 10 12 1 100 1 11 12 1 10 100 12 1 1 10 12 1 10 12 1 10 100 12 1 1 10 10 12 1 1 8 1 10 12 1 10 12 1 1 8 1 10 12 1 9 12 1 10 12 1 10 12 1 10 12 1 10 12 7 1 9 12 1 10 12 1 9 12 1 10 12 1 10 12 1 10 12 1 10 10 12 1 10 12 1 10 100 12 1 1 10 12 1 10 12 1 10 12 1 1 10 12 1 10 12 1 10 12 1 100 1 10 12 1 10 12 1 1 10 12 1 1 10 12 1 1 10 12 1 1 10 12 1 1 10 12 1 1 100 1 10 10 12 1 1 10 12 1 1 10 12 1 1 10 10 12 1 10 12 1 1 10 12 1 1 10 12 1 1 10 12 1 1 7 1 10 10 12 11 7 12 1 1 10 12 1 10 12 1 10 7 12 1 1 1 10 12 1 1 10 10 12 1 1 7 1 10 10 12 1 1 10 7 12 1 1 1 100 1 100 1 10 12 1 1 10 12 1 10 10 12 1 1 10 12 1 10 12 1 10 12 1 10 100 12 1 1 1 11 100 12 1 1 10 12 1 10 12 1 9 12 1 10 12 1 1 10 12 1 9 100 12 1 1 1 9 12 1 10 100 12 1 1 1 10 12 1 10 12 1 10 100 12 1 1 1 10 12 1 10 12 10 12 1 1 100 1 10 8 1 10 12 1 11 11 12 1 1 11 7 12 1 1 11 12 1 8 1 10 12 1 10 12 1 1 9 12 1 9 12 1 1 10 7 12 1 1 9 12 1 10 12 1 1 10 10 12 1 10 7 12 1 1 1 10 7 12 1 1 10 7 12 1 1 9 12 1 1 10 12 1 9 12 1 10 12 1 10 12 1 1 9 12 1 1 9 12 1 10 12 1 10 12 1 1 9 12 1 100 1 10 10 12 1 1 7 1 10 12 1 1 100 11 7 1 9 12 1 1 9 12 1 7 1 10 12 1 9 12 1 1 9 12 1 10 12 1 10 12 1 1 9 12 1 100 1 10 10 12 1 1 10 10 12 1 10 12 10 10 12 1 9 12 1 10 12 1 1 10 7 12 1 1 1 10 12 1 1 10 12 1 8 10 100 8 1 18 8 1 8 1 10 12 1 9 12 1 9 12 1 1 10 12 1 7 1 7 1 10 12 1 9 12 1 1 7 1 10 10 12 1 10 7 1 9 12 1 8 1 10 12 1 7 1 10 12 1 10 12 1 1 100 1 7 1 9 12 1 100 1 8 1 10 10 7 12 1 1 1 10 12 11 7 12 1 1 1 10 12 1 10 12 1 1 10 8 1 8 1 10 12 1 1 9 100 12 1 1 11 12 7 1 11 7 12 1 1 9 12 1 10 100 12 1 1 1 10 100 12 1 1 10 12 1 1 9 12 1 9 10 12 1 1 10 12 1 1 10 12 1 1 10 12 1 1 10 12 1 1 11 12 1 100 1 11 12 1 10 100 12 1 1 1 10 12 1 11 12 1 10 100 12 1 1 1 10 12 1 10 100 12 1 1 1 11 12 1 11 12 1 1 10 12 1 10 12 1 1 9 12 1 1 9 100 12 1 1 10 12 1 10 100 12 1 1 1 10 12 1 1 10 12 1 10 12 1 10 12 1 10 7 12 1 1 1 10 12 1 8 1 10 12 1 10 12 1 10 12 1 100 1 10 12 10 100 12 1 1 1 11 100 12 1 1 1 10 12 1 1 10 12 1 18 12 1 1 11 12 1 1 18 11 12 1 18 12 1 11 12 1 10 12 1 1 10 12 1 10 12 1 10 12 1 10 12 1 10 12 10 12 1 8 1 10 12 1 7 1 9 12 1 1 7 1 7 1 7 1 7 1 1 1 3 1 3 1 3 1 1 1 1 1 1 1 5 0 1 1 1 1 1 1 1 1 1 1 1 1 1 1 1 1 1 1 1 1 1 1 1 1 100 1 1 1 1 1 1 1 100 1 1 1 1 1 7 1 1 1 1 1 1 1 1 1 1 1 1 1 1 1 1 1 1 1 1 1 1 1 1 1 1 1 1 1 1 1 1 1 1 1 1 1 1 1 1 1 1 100 1 1 1 1 1 1 1 1 1 1 1 1 1 1 1 1 1 1 1 1 1 1 1 1 1 1 1 1 1 1 1 100 1 1 1 1 1 1 1 1 1 1 1 1 1 1 1 1 1 1 1 1 3 1 1 1 1 1 1 1 1 1 1 1 1 1 1 1 1 1 1 1 1 1 1 1 1 1 1 1 1 1 1 1 1 1 1 1 7 1 7 1 1 1 1 1 1 1 7 1 1 1 1 1 1 1 1 1 1 1 1 1 1 1 1 1 1 1 1 1 1 1 1 1 1 1 1 1 1 1 1 1 1 1 1 1 1 1 1 1 1 1 1 1 1 1 1 1 1 1 1 1 1 1 1 1 1 1 1 1 1 1 1 1 1 1 1 1 1 1 1 1 1 1 1 1 1 1 1 1 1 1 1 1 1 1 1 1 1 1 1 1 1 1 1 1 1 1 1 1 1 1 1 1 1 1 1 1 1 1 1 1 1 1 1 1 1 1 1 1 1 1 1 16 15 10 12 16 15 11 12 16 1 16 15 16 15 10 12 16 16 15 10 12 16 15 16 1 15 10 12 16 15 10 100 12 1 1 1 1 1 1 1 1 1 1 1 1 1 7 1 1 100 1 100 1 1 100 1 100 1 1 100 1 100 1 1
staticfield java/lang/Class EMPTY_CLASS_ARRAY [Ljava/lang/Class; 0 [Ljava/lang/Class;
staticfield java/lang/Class serialPersistentFields [Ljava/io/ObjectStreamField; 0 [Ljava/io/ObjectStreamField;
ciInstanceKlass java/lang/reflect/AnnotatedElement 1 1 164 11 7 12 1 1 1 11 12 1 1 7 1 10 100 12 1 1 1 10 12 1 1 10 12 1 1 10 12 1 10 100 12 1 1 1 11 12 1 1 11 7 12 1 1 10 7 12 1 1 1 10 12 1 10 100 12 1 1 1 18 12 1 1 11 100 12 1 1 18 12 1 18 12 1 1 10 100 12 1 1 1 11 100 12 1 1 1 7 1 10 100 12 1 1 1 1 1 1 1 1 1 1 1 1 1 1 1 1 1 1 1 1 1 1 1 1 1 100 1 1 1 1 1 1 1 1 1 1 1 16 15 16 1 16 1 15 11 12 16 16 1 15 10 100 12 1 1 1 16 1 15 10 100 12 1 1 1 1 100 1 100 1 1
ciInstanceKlass java/lang/invoke/TypeDescriptor 1 0 17 100 1 100 1 1 1 1 1 1 100 1 100 1 1 1 1
ciInstanceKlass java/lang/reflect/GenericDeclaration 1 0 30 7 1 7 1 7 1 1 1 1 1 1 1 1 100 1 8 1 1 12 10 1 1 1 8 1 1 1 8 1
ciInstanceKlass java/lang/reflect/Type 1 1 17 11 100 12 1 1 1 100 1 1 1 1 1 1 1 1 1
ciInstanceKlass java/lang/invoke/TypeDescriptor$OfField 1 0 21 100 1 100 1 100 1 1 1 1 1 1 1 1 1 1 1 1 1 1 1
ciMethod java/lang/Class isPrimitive ()Z 256 0 128 0 -1
ciInstanceKlass java/lang/StringBuilder 1 1 422 10 7 12 1 1 1 10 12 1 10 12 1 10 12 1 1 10 7 12 1 1 1 10 7 12 1 1 1 10 12 1 10 12 1 10 12 1 10 12 1 10 12 1 10 12 1 10 12 1 10 12 1 10 12 1 10 12 1 10 12 1 10 12 1 10 12 1 10 12 1 1 10 12 1 10 12 1 1 10 12 1 1 10 12 1 10 12 1 10 12 1 10 12 1 10 12 1 10 12 1 10 12 1 10 12 10 12 1 10 12 1 10 12 1 10 12 1 1 10 12 1 10 12 1 10 12 10 12 1 1 10 12 1 10 12 1 10 12 1 10 100 12 1 1 1 9 12 1 1 10 12 1 10 12 1 1 10 12 1 1 9 12 1 1 10 100 12 1 1 1 10 100 1 10 12 1 1 10 100 12 1 1 10 12 1 10 12 1 1 100 1 100 1 8 1 10 10 12 1 1 10 12 1 10 12 1 10 12 1 1 10 12 1 10 12 1 10 12 1 10 12 1 10 12 1 10 12 10 12 1 10 12 1 10 12 1 10 12 1 10 12 1 10 12 1 10 12 1 10 12 1 10 12 1 1 10 12 1 1 10 12 1 10 12 1 10 12 1 10 12 10 12 10 12 1 10 12 1 10 12 1 10 12 10 12 1 10 12 1 10 12 1 10 12 1 10 12 1 10 12 1 10 12 1 10 12 1 10 12 1 1 10 12 1 10 12 1 1 10 12 1 10 12 1 1 10 12 1 10 12 1 1 10 12 1 10 12 1 10 12 1 10 10 12 1 10 12 1 7 1 7 1 7 1 7 1 1 1 1 5 0 1 1 1 1 1 1 1 1 1 1 1 1 1 1 1 1 1 1 1 1 1 1 1 1 1 1 1 1 1 1 1 1 1 1 1 1 1 1 1 1 1 1 1 1 100 1 1 1 7 1 1 1 1 1 1 1 1 1 1 1
instanceKlass java/lang/StringBuilder
instanceKlass java/lang/StringBuffer
ciInstanceKlass java/lang/AbstractStringBuilder 1 1 609 7 1 10 7 12 1 1 1 9 7 12 1 1 1 9 12 1 9 12 1 1 9 12 1 1 10 100 12 1 1 1 10 12 1 1 7 1 3 3 10 12 1 10 12 1 1 11 7 1 100 1 7 1 10 8 1 10 12 1 10 12 1 10 12 1 1 10 12 1 10 12 1 9 12 1 10 12 1 9 12 1 1 10 12 1 1 10 7 12 1 1 1 10 10 12 1 10 12 1 10 12 1 1 10 12 1 1 10 7 12 1 1 1 10 7 12 1 1 1 7 1 8 1 10 10 12 1 1 100 1 10 12 10 12 1 1 10 10 7 12 1 1 1 10 12 1 1 10 12 1 1 10 12 1 1 10 12 1 1 10 10 7 12 1 1 1 10 12 1 100 1 10 10 7 12 1 1 1 9 12 1 1 9 12 1 10 12 1 1 10 10 12 1 1 10 12 10 12 1 10 12 1 1 10 12 1 1 10 12 1 1 10 12 1 10 12 1 1 10 12 1 1 10 12 1 10 12 1 1 8 1 10 12 1 1 10 12 1 10 12 1 10 12 1 10 12 1 10 12 1 10 12 1 10 7 12 1 1 10 12 1 10 12 1 10 100 12 1 1 1 100 1 100 1 10 12 1 10 100 12 1 1 10 12 1 10 12 1 1 10 12 1 10 12 1 1 10 12 1 10 12 1 1 10 12 1 1 10 10 7 12 1 1 1 10 12 1 10 12 1 10 12 1 1 10 12 1 10 12 1 10 12 1 10 12 1 10 12 1 10 12 1 10 12 1 10 12 1 1 10 12 1 10 12 1 10 12 10 12 1 1 18 12 1 1 100 1 10 100 12 1 1 1 18 10 12 1 1 10 12 1 1 10 12 1 10 12 1 1 11 12 1 1 10 12 1 10 12 10 10 10 12 1 10 5 0 10 10 12 1 1 100 1 8 1 10 10 12 1 1 10 100 12 1 1 1 10 12 1 10 12 1 1 100 1 10 12 100 1 10 100 1 10 7 1 1 1 1 1 1 1 1 1 1 1 100 1 1 1 1 1 1 1 1 1 1 1 1 1 1 1 1 1 1 1 1 1 1 1 1 1 1 1 1 1 1 1 1 1 1 1 1 1 1 1 1 1 1 1 1 1 1 1 1 1 1 1 1 1 1 1 1 1 1 1 1 1 1 1 1 1 1 1 1 1 1 1 1 1 1 1 1 1 1 1 1 1 1 1 1 1 1 1 1 1 1 1 1 1 1 1 1 1 1 1 100 1 1 1 1 1 1 1 1 1 1 1 1 1 1 1 1 1 100 1 1 1 1 1 1 7 1 1 16 1 15 10 12 16 15 10 12 15 10 100 12 1 1 1 1 1 1 1 100 1 100 1 1
staticfield java/lang/AbstractStringBuilder EMPTYVALUE [B 0
ciInstanceKlass java/lang/Appendable 1 0 14 100 1 100 1 1 1 1 100 1 1 1 1 1
ciInstanceKlass java/lang/CharSequence 1 1 131 11 7 12 1 1 1 18 12 1 1 100 1 10 100 12 1 1 1 18 10 100 12 1 1 1 11 12 1 1 11 7 1 11 12 1 1 10 100 12 1 1 1 11 12 1 1 100 1 10 12 1 1 10 100 12 1 1 1 100 1 10 10 12 1 1 7 1 1 1 1 1 1 1 1 1 1 1 1 1 1 1 1 1 1 1 1 1 1 1 1 1 1 1 1 1 1 1 1 1 16 1 15 11 12 16 15 11 12 15 10 100 12 1 1 1 1 1 100 1 100 1 1 100 1 1 100 1 100 1 1
ciInstanceKlass java/lang/AutoCloseable 1 0 12 100 1 100 1 1 1 1 100 1 1 1
ciInstanceKlass java/io/Closeable 1 0 14 100 1 100 1 100 1 1 1 1 100 1 1 1
instanceKlass java/net/URISyntaxException
instanceKlass com/android/tools/r8/kotlin/V
instanceKlass java/security/GeneralSecurityException
instanceKlass java/lang/InterruptedException
instanceKlass com/android/tools/r8/shaking/g4
instanceKlass java/lang/CloneNotSupportedException
instanceKlass com/android/tools/r8/internal/Sf0
instanceKlass sun/nio/fs/WindowsException
instanceKlass com/android/tools/r8/ResourceException
instanceKlass com/android/tools/r8/CompilationFailedException
instanceKlass java/util/concurrent/ExecutionException
instanceKlass java/io/IOException
instanceKlass java/lang/ReflectiveOperationException
instanceKlass java/lang/RuntimeException
ciInstanceKlass java/lang/Exception 1 1 40 10 7 12 1 1 1 10 12 1 10 12 1 10 12 1 10 12 1 100 1 1 1 1 5 0 1 1 1 1 1 1 1 1 1 1 1 1 1 1
instanceKlass java/lang/Exception
instanceKlass java/lang/Error
ciInstanceKlass java/lang/Throwable 1 1 404 10 7 12 1 1 1 9 7 12 1 1 1 9 12 1 1 9 12 1 9 12 1 1 9 12 1 10 12 1 1 9 12 1 1 10 12 1 1 10 12 1 100 1 7 1 10 8 1 10 12 1 1 8 1 10 100 12 1 1 10 10 12 1 100 1 8 1 10 10 12 1 1 10 7 12 1 1 10 12 1 8 1 9 7 12 1 1 1 10 12 1 1 100 1 10 12 10 12 1 10 100 12 1 1 1 100 1 10 12 10 12 1 10 12 1 100 1 10 10 7 12 1 1 1 11 100 12 1 1 1 10 12 1 1 10 12 1 1 8 1 10 12 1 10 12 1 1 8 1 8 1 10 12 1 1 10 12 1 8 1 8 1 9 12 1 1 10 12 1 1 100 1 10 11 12 1 8 1 8 1 10 7 12 1 1 8 1 10 12 1 8 1 100 1 10 12 1 9 12 1 1 10 12 1 10 100 12 1 9 12 1 1 10 12 1 1 100 1 8 1 10 12 1 10 100 12 1 1 10 12 1 1 7 1 10 100 12 1 1 1 10 12 1 11 7 12 1 1 1 11 7 12 1 1 11 12 1 8 1 10 12 1 1 8 1 10 10 9 100 12 1 1 1 8 1 10 12 1 1 11 10 100 1 8 1 10 11 12 1 1 8 1 9 12 1 10 100 12 1 1 11 9 12 1 1 11 12 1 1 100 10 12 1 10 12 1 1 7 1 1 1 1 5 0 1 1 1 1 1 1 1 1 1 1 1 1 1 7 1 1 1 1 1 1 1 1 1 1 1 1 1 1 1 1 1 1 1 1 1 1 1 1 1 1 1 1 1 1 1 1 1 1 1 1 1 1 1 1 1 1 1 1 100 1 7 1 1 1 1 1 1 1 1 1 1 1 1 1 1 1 1 1 1
staticfield java/lang/Throwable UNASSIGNED_STACK [Ljava/lang/StackTraceElement; 0 [Ljava/lang/StackTraceElement;
staticfield java/lang/Throwable SUPPRESSED_SENTINEL Ljava/util/List; java/util/Collections$EmptyList
staticfield java/lang/Throwable EMPTY_THROWABLE_ARRAY [Ljava/lang/Throwable; 0 [Ljava/lang/Throwable;
staticfield java/lang/Throwable $assertionsDisabled Z 1
instanceKlass java/security/Provider
ciInstanceKlass java/util/Properties 1 1 690 10 7 12 1 1 1 100 1 10 7 12 1 1 7 1 10 12 1 9 12 1 1 9 12 1 1 9 12 1 1 10 7 12 1 1 1 10 12 1 1 8 1 10 7 12 1 1 1 7 1 10 12 1 10 12 1 1 8 1 10 12 1 7 1 10 12 10 12 1 1 9 12 1 1 10 12 1 1 7 1 10 12 1 10 12 1 10 12 1 1 100 1 8 1 10 12 1 10 12 1 10 12 1 1 10 12 1 7 1 3 10 10 100 12 1 1 1 10 12 1 10 12 1 1 8 1 10 12 1 10 12 1 1 8 1 10 100 12 1 1 10 12 1 1 10 12 1 10 12 1 1 100 1 10 12 1 10 12 1 1 100 1 9 100 12 1 1 1 10 12 1 10 12 1 1 10 12 1 1 10 12 1 1 100 1 9 12 1 1 7 1 7 1 10 12 1 7 1 11 7 12 1 1 1 11 12 1 1 11 7 12 1 1 1 11 7 12 1 1 1 11 12 1 1 11 12 1 11 12 1 10 12 1 1 8 1 10 12 1 10 100 12 1 1 10 12 1 100 1 10 10 12 1 10 12 1 100 1 10 10 12 1 1 10 7 12 1 1 9 100 12 1 1 10 12 1 1 10 100 12 1 1 1 100 1 100 1 100 1 10 8 1 8 1 10 12 1 10 12 1 10 12 1 1 10 10 12 1 1 10 12 1 1 7 1 10 10 12 1 11 7 12 1 1 10 7 12 1 1 1 8 1 10 100 12 1 1 11 11 7 1 8 1 10 100 1 11 10 12 1 10 10 12 1 10 12 1 1 10 12 1 1 10 12 1 1 10 12 1 10 12 1 10 10 12 1 10 12 1 10 12 1 10 10 12 1 1 10 12 1 1 10 10 12 1 10 12 1 10 12 1 10 12 1 10 12 1 1 10 12 1 1 10 12 1 10 12 1 10 12 1 1 10 12 10 12 1 1 10 12 1 1 10 12 1 10 12 1 1 10 12 1 1 10 12 10 11 12 1 4 11 10 12 1 1 10 100 12 1 1 11 12 1 10 12 1 1 10 100 12 1 1 10 12 1 100 1 8 1 10 12 1 10 10 100 12 1 1 1 100 1 6 0 10 12 1 1 11 100 12 1 1 1 10 12 1 10 12 1 1 1 1 1 5 0 1 1 1 1 1 1 1 1 1 1 1 1 1 1 1 1 1 1 1 1 1 1 1 1 1 1 1 1 1 1 1 1 1 1 1 1 1 1 1 100 1 1 1 1 1 1 1 1 1 1 1 1 1 1 1 1 1 1 1 1 100 1 1 1 1 1 1 1 1 1 1 1 1 7 1 7 1 1 1 1 1 100 1 1 1 1 1 1 1 1 1 1 1 1 1 1 1 1 1 1 1 1 1 1 1 1 1 1 1 1 1 1 1 1 1 1 1 1 1 1 1 1 1 1 1 1 1 1 1 1 1 1 1 1 1 1 1 1 1 1 1 1 1 1 1 1 1 1 1 1 1 1 1 1 1 1 1 1 1 7 1 1 1 1 1 1 1 1 1 1 1 100 1 1
staticfield java/util/Properties UNSAFE Ljdk/internal/misc/Unsafe; jdk/internal/misc/Unsafe
instanceKlass java/util/Hashtable
ciInstanceKlass java/util/Dictionary 1 1 36 10 7 12 1 1 1 100 1 1 1 1 1 1 1 1 1 1 1 1 1 1 1 1 1 1 1 1 1 1 1 1 1 1 1 1
instanceKlass java/util/Properties
ciInstanceKlass java/util/Hashtable 1 1 516 7 1 10 7 12 1 1 1 9 7 12 1 1 1 100 1 7 1 10 8 1 10 12 1 1 10 12 1 10 12 1 1 10 12 1 10 7 12 1 1 1 8 1 10 12 1 9 12 1 1 7 1 9 12 1 1 4 10 7 12 1 1 1 9 12 1 4 10 12 1 11 7 12 1 1 1 10 12 1 1 10 12 1 1 9 12 1 10 12 1 1 100 1 10 9 12 1 1 10 7 12 1 1 1 9 12 1 1 10 12 1 10 12 1 3 9 12 1 9 12 1 3 10 12 1 10 12 1 10 12 1 1 11 12 1 1 11 100 12 1 1 1 11 7 12 1 1 1 11 12 1 100 1 11 12 1 11 12 1 10 12 1 1 10 12 1 1 10 12 1 9 12 1 1 9 12 9 12 1 1 10 100 1 7 1 10 12 1 10 8 1 10 10 12 1 8 1 10 8 1 10 100 12 1 1 1 7 1 10 12 1 10 12 1 100 1 10 12 1 10 12 1 1 100 1 10 100 1 10 10 12 1 1 11 12 1 1 11 12 1 7 1 10 10 10 100 12 1 1 11 100 12 1 1 1 100 1 10 11 100 12 1 1 11 100 12 1 10 12 1 10 12 1 1 10 100 12 1 1 10 12 1 1 10 12 1 1 10 12 1 1 10 100 12 1 1 1 8 10 100 12 1 1 100 1 8 1 10 4 4 10 12 1 1 10 12 1 8 1 4 10 12 10 100 12 1 1 1 100 1 11 100 12 1 1 1 10 100 12 1 1 1 10 12 1 10 12 1 1 10 7 1 7 1 1 1 1 1 1 5 0 1 1 1 1 1 3 1 3 1 3 1 1 1 1 1 1 1 1 1 1 1 1 1 1 1 1 1 1 1 1 1 1 1 1 1 100 1 1 1 1 1 1 1 1 1 1 1 1 1 1 1 1 1 1 1 1 1 1 1 1 1 1 1 1 1 7 1 1 1 1 1 1 1 1 1 1 1 1 1 1 7 1 1 1 1 1 1 1 1 1 1 1 1 1 1 1 1 1 1 1 1 1 1 1 1 1 1 1 1 1 1 1 1 1 1 1 1 1 1 1 1 1 1 1 1 100 1 1 1 7 1 1 1 1 1 7 1 1 1 1 1 1 1 1 1 1 1 1 1 1 1 1 1 1
ciInstanceKlass java/lang/String 1 1 1451 10 7 12 1 1 1 8 1 9 7 12 1 1 1 9 12 1 1 9 12 1 1 9 12 1 1 10 12 1 10 12 1 1 10 12 1 1 9 12 1 10 7 12 1 1 1 10 12 1 1 10 12 1 10 7 12 1 1 1 10 12 1 1 10 12 1 1 10 12 1 10 12 1 1 10 12 1 10 7 12 1 1 1 7 1 9 7 12 1 1 1 10 7 12 1 1 1 10 12 1 1 10 12 1 1 10 7 12 1 1 1 10 12 1 1 9 7 12 1 1 10 12 9 7 12 1 1 10 12 1 1 3 10 12 1 1 7 1 11 12 1 1 11 12 1 11 12 1 1 10 100 12 1 1 1 10 12 1 1 9 100 12 1 1 1 10 12 1 1 10 12 1 11 12 1 1 10 12 1 10 12 10 12 1 1 10 7 12 1 1 1 10 7 12 1 1 1 10 12 1 1 100 1 7 1 10 12 1 10 12 1 10 12 1 1 10 12 1 1 100 1 10 12 1 1 100 1 10 12 1 1 10 12 1 1 10 12 1 10 10 12 1 100 1 100 1 100 1 10 12 1 10 12 1 1 10 12 1 1 10 12 1 10 12 1 1 10 12 1 1 10 100 12 1 1 100 1 11 10 7 12 1 1 11 12 1 11 12 1 10 12 1 1 10 12 1 10 12 10 12 1 1 10 10 100 12 1 1 1 10 100 12 1 1 10 12 1 1 10 100 12 1 1 10 12 1 10 12 1 1 10 12 1 1 10 12 1 10 12 1 10 12 1 1 100 1 10 12 1 1 10 12 10 12 1 10 12 1 1 10 12 1 1 10 7 12 1 1 1 10 12 1 10 12 1 1 10 12 1 10 12 1 3 3 10 12 1 1 10 12 1 10 12 1 1 10 12 1 1 10 12 1 1 10 12 1 10 12 1 1 10 12 1 1 10 12 1 10 12 1 10 12 1 10 12 1 1 10 12 1 10 12 1 10 12 1 10 12 1 10 12 1 10 12 1 10 7 1 10 8 1 10 12 1 1 10 12 1 8 1 10 12 1 1 10 12 10 12 1 8 1 10 10 12 1 1 10 12 1 1 10 12 1 1 10 7 1 10 10 12 1 10 12 1 10 12 1 10 10 12 1 10 12 1 10 12 1 10 12 1 10 12 1 10 12 1 10 12 1 1 10 12 1 1 10 12 1 1 10 10 12 1 1 10 10 12 1 100 1 10 10 12 1 1 10 12 1 1 10 7 1 10 12 1 10 12 1 10 7 12 1 1 1 10 12 1 10 12 1 1 10 12 1 11 7 1 11 12 10 12 1 10 12 1 1 10 12 1 1 10 10 12 1 10 12 1 9 12 1 1 11 7 12 1 1 1 10 12 10 10 12 1 10 12 1 1 10 10 12 1 10 12 1 10 12 1 1 10 12 1 1 10 10 12 1 1 10 12 1 10 10 12 1 10 12 10 10 12 10 10 12 1 10 12 1 10 10 12 10 7 12 1 1 1 10 12 10 10 12 10 12 1 10 12 10 12 10 10 12 1 10 12 1 1 10 12 1 1 10 10 12 1 10 7 12 1 1 1 10 12 1 1 10 10 100 12 1 1 1 11 10 12 1 10 12 1 1 10 12 1 1 10 100 12 1 1 1 10 12 1 10 12 1 10 12 1 10 12 1 10 12 1 10 12 1 100 1 7 1 8 1 10 10 10 12 1 10 12 1 1 8 1 10 12 1 3 3 10 12 1 10 12 1 1 10 12 7 1 10 10 12 1 1 10 12 1 10 12 1 10 12 1 1 10 12 1 1 11 7 12 1 1 1 7 1 10 12 1 10 12 1 1 8 1 10 12 1 1 10 12 1 11 7 12 1 1 1 11 7 12 1 1 11 12 1 10 12 1 10 12 1 1 10 10 100 12 1 1 1 10 12 1 10 12 1 10 10 12 10 12 1 1 10 10 12 1 10 10 12 1 10 10 12 1 10 10 12 1 10 12 1 1 10 10 12 1 8 1 10 12 1 1 18 12 1 1 11 100 12 1 1 1 7 1 3 18 12 1 18 12 1 8 1 10 100 12 1 1 1 11 12 1 1 10 12 10 10 12 1 10 11 12 1 1 10 12 1 1 11 12 1 18 3 11 10 12 1 11 11 10 12 1 10 12 1 1 8 1 10 12 1 10 12 1 10 12 1 1 10 10 12 1 11 100 12 1 100 1 100 1 10 12 100 1 10 10 100 12 1 1 1 100 1 10 7 1 10 10 12 1 10 10 12 1 8 1 10 10 12 1 8 1 8 1 10 12 1 10 12 1 10 10 12 10 7 12 1 1 10 7 12 1 1 10 7 12 1 1 8 1 10 12 1 10 12 1 10 9 12 1 10 12 9 7 12 1 1 1 10 12 1 10 12 1 10 12 1 10 12 10 12 1 10 12 1 8 1 10 100 12 1 1 1 10 12 10 12 1 1 10 12 10 10 12 10 12 7 1 9 12 1 1 7 1 10 7 1 7 1 7 1 7 1 1 1 1 1 1 5 0 1 1 1 1 1 3 1 3 1 1 1 1 1 1 1 1 1 1 1 1 1 1 1 100 1 1 1 1 1 1 1 1 1 1 1 1 1 1 1 1 1 1 1 1 1 1 1 1 1 1 1 1 1 1 1 100 1 1 1 1 1 1 1 1 1 1 1 1 7 1 1 1 1 1 1 1 1 1 1 1 1 1 1 1 1 1 1 1 1 1 1 1 1 1 1 1 1 1 1 1 1 1 1 1 1 1 1 1 1 1 1 1 1 1 1 1 1 1 1 1 1 1 1 1 1 1 1 1 1 1 1 1 1 1 1 1 1 1 1 1 1 1 1 1 1 1 1 1 1 1 1 1 1 1 1 1 1 1 1 1 1 1 1 1 1 1 1 1 1 1 1 1 1 1 1 1 1 1 1 1 1 1 1 1 1 1 1 1 1 1 1 1 1 1 1 1 1 1 1 1 1 1 1 1 1 1 1 1 1 1 1 1 1 1 1 1 1 1 1 1 1 1 1 1 1 1 1 1 1 1 1 1 1 1 1 1 1 1 1 1 1 1 1 100 1 1 1 1 1 1 1 1 1 1 1 1 1 1 1 1 1 1 1 1 1 1 1 100 1 1 1 1 1 1 1 1 1 1 1 1 1 1 1 7 1 1 1 1 1 1 1 1 1 1 1 1 1 1 1 16 15 10 12 16 15 10 12 15 10 12 15 10 12 15 10 100 12 1 1 1 1 1 1 1 100 1 100 1 1 1
staticfield java/lang/String COMPACT_STRINGS Z 1
staticfield java/lang/String serialPersistentFields [Ljava/io/ObjectStreamField; 0 [Ljava/io/ObjectStreamField;
staticfield java/lang/String CASE_INSENSITIVE_ORDER Ljava/util/Comparator; java/lang/String$CaseInsensitiveComparator
ciMethod java/lang/String equals (Ljava/lang/Object;)Z 952 0 38133 0 -1
ciMethod java/lang/String hashCode ()I 522 0 24892 0 -1
ciInstanceKlass java/lang/constant/ConstantDesc 1 0 37 100 1 100 1 1 1 1 100 1 1 1 1 100 1 100 1 100 1 100 1 100 1 100 1 100 1 100 1 100 1 1 100 1 100 1 1
ciInstanceKlass java/lang/InternalError 0 0 34 10 100 12 1 1 1 10 12 1 10 12 1 10 12 1 100 1 1 1 1 5 0 1 1 1 1 1 1 1 1 1 1 1
instanceKlass com/android/tools/r8/internal/yR
instanceKlass java/lang/AssertionError
instanceKlass java/lang/VirtualMachineError
instanceKlass java/lang/LinkageError
ciInstanceKlass java/lang/Error 1 1 40 10 7 12 1 1 1 10 12 1 10 12 1 10 12 1 10 12 1 100 1 1 1 1 5 0 1 1 1 1 1 1 1 1 1 1 1 1 1 1
instanceKlass java/lang/StackOverflowError
instanceKlass java/lang/OutOfMemoryError
instanceKlass java/lang/InternalError
ciInstanceKlass java/lang/VirtualMachineError 1 1 34 10 100 12 1 1 1 10 12 1 10 12 1 10 12 1 100 1 1 1 1 5 0 1 1 1 1 1 1 1 1 1 1 1
ciInstanceKlass java/util/Iterator 1 1 53 100 1 8 1 10 12 1 1 10 7 12 1 1 1 11 7 12 1 1 1 11 12 1 1 11 7 12 1 1 1 7 1 1 1 1 1 1 1 1 1 1 1 1 1 1 1 1 1 1 1 1 1
instanceKlass java/util/jar/JarVerifier$VerifierStream
instanceKlass java/util/zip/ZipFile$ZipFileInputStream
instanceKlass java/io/FilterInputStream
instanceKlass java/io/FileInputStream
instanceKlass java/io/ByteArrayInputStream
ciInstanceKlass java/io/InputStream 1 1 195 7 1 10 7 12 1 1 1 100 1 10 10 7 12 1 1 1 10 7 12 1 1 1 10 12 1 100 1 3 10 12 1 1 100 1 8 1 10 12 1 10 7 12 1 1 1 3 7 1 8 1 10 10 7 12 1 1 1 7 1 10 11 7 12 1 1 1 10 12 1 1 11 12 1 1 11 7 12 1 1 1 11 12 1 1 7 1 10 7 12 1 1 1 5 0 10 12 1 10 12 1 1 100 1 10 8 1 10 8 1 8 1 10 12 1 1 10 100 12 1 1 1 7 1 5 0 10 12 1 100 1 7 1 1 1 1 3 1 3 1 1 1 1 1 1 1 1 1 1 1 1 1 1 1 1 1 1 1 1 1 1 1 1 1 1 1 1 1 1 1 1 1 1 1 1 1 1 1 1 1 1 1 1 1 1 1 1 1 1 1 1 1 1 1
ciInstanceKlass jdk/internal/misc/Unsafe 1 1 1287 10 7 12 1 1 1 9 7 12 1 1 1 9 12 1 1 10 12 1 1 10 7 12 1 1 1 10 12 1 1 10 12 1 1 10 12 1 1 10 12 1 1 10 12 1 1 10 12 1 1 10 12 1 1 10 12 1 1 10 12 1 1 10 12 1 1 10 12 1 1 10 12 1 1 10 12 1 1 10 12 1 10 12 1 100 1 10 10 12 1 1 10 12 1 1 5 0 10 12 1 1 10 12 1 1 10 7 12 1 1 1 10 12 1 1 10 12 1 10 12 1 10 12 1 1 10 12 1 1 10 12 1 10 12 1 7 1 7 1 10 8 1 10 12 1 1 10 12 1 8 1 10 12 1 1 10 12 1 10 12 1 10 12 1 1 10 12 1 10 12 1 1 10 12 1 1 10 12 1 10 12 1 10 12 1 10 12 1 1 10 12 1 10 12 1 10 12 1 1 10 12 1 5 0 5 0 5 0 10 12 1 10 12 1 10 12 1 10 12 1 10 12 1 10 12 1 10 12 1 10 12 1 10 12 1 1 10 12 1 10 12 1 7 1 8 1 10 100 1 10 10 12 1 1 10 12 1 1 10 12 1 10 12 1 1 10 12 1 1 10 12 1 10 12 1 1 10 12 1 9 7 12 1 1 9 12 1 100 1 10 10 12 1 1 8 1 10 8 1 8 1 10 12 1 1 9 7 12 1 1 1 9 7 1 9 7 1 9 7 1 9 9 7 1 9 7 1 9 7 1 10 12 1 1 10 12 1 1 10 12 1 1 10 12 1 1 5 0 5 0 9 12 1 1 10 12 1 10 12 1 10 12 1 1 10 12 1 1 10 12 1 8 1 3 10 12 1 1 10 12 1 1 10 12 1 10 12 1 1 10 12 1 1 10 12 1 10 12 1 10 12 1 10 12 1 10 12 1 10 12 1 1 10 12 1 1 10 12 1 10 12 1 10 12 1 10 12 1 10 12 1 10 12 1 1 10 12 1 1 10 12 1 10 12 1 10 12 1 10 12 1 10 12 1 10 12 1 1 10 12 1 1 10 12 1 1 10 12 1 1 10 12 1 10 12 1 10 12 1 10 12 1 10 12 1 10 12 1 10 12 1 1 10 12 1 1 10 12 1 10 12 1 10 12 1 10 12 1 10 12 1 10 12 1 10 12 1 1 10 12 1 1 10 12 1 10 12 1 10 12 1 10 12 1 10 12 1 10 12 1 10 12 1 10 12 1 1 10 12 1 10 12 1 10 12 1 10 12 1 10 12 1 1 10 12 1 10 12 1 10 12 1 10 12 1 10 12 1 10 12 1 10 12 1 10 12 1 1 10 12 1 10 12 1 10 12 1 10 12 1 10 12 1 10 12 1 1 10 12 1 10 12 1 10 12 1 1 10 12 1 10 12 1 10 12 1 10 12 1 10 12 1 10 12 1 10 12 1 10 12 1 10 12 1 10 12 1 10 12 1 10 12 1 10 12 1 10 12 1 10 12 1 10 12 1 10 12 1 10 12 1 10 12 1 10 12 1 10 12 1 10 12 1 10 12 1 100 1 10 100 1 10 9 12 1 5 0 10 12 1 1 5 0 10 12 1 5 0 10 12 1 10 12 1 10 12 1 1 10 12 1 1 10 12 1 10 12 1 10 12 1 10 12 1 1 10 12 1 10 12 1 10 12 1 10 12 1 10 12 1 1 10 12 1 10 12 1 10 12 1 10 12 1 1 10 12 1 10 12 1 10 12 1 1 10 12 1 10 12 1 10 12 1 10 12 1 1 10 12 1 10 10 12 1 1 10 12 1 10 12 1 1 10 12 1 10 12 5 0 5 0 5 0 10 12 1 1 10 12 1 10 12 1 10 12 10 100 12 1 1 8 1 100 1 11 12 1 1 8 1 11 12 1 1 10 100 12 1 1 10 12 1 10 12 1 10 12 1 10 12 1 10 12 1 1 10 12 1 10 12 1 10 12 1 10 12 1 10 12 1 10 12 1 10 7 1 10 12 1 9 12 1 7 1 9 12 1 7 1 9 12 1 7 1 9 12 1 7 1 9 12 1 7 1 9 12 1 7 1 9 12 1 7 1 9 12 1 7 1 9 12 1 10 12 1 9 12 1 9 12 1 9 12 1 9 12 1 9 12 1 9 12 1 9 12 1 9 12 1 9 12 1 9 12 1 1 1 3 1 1 1 1 1 1 1 1 1 1 1 1 1 1 1 1 1 1 1 1 1 1 1 1 1 1 1 1 1 1 1 1 1 1 1 1 1 1 1 1 1 1 1 1 1 1 1 1 1 1 1 1 1 1 1 1 1 1 1 1 1 1 1 1 1 1 1 1 1 1 1 1 1 1 1 1 1 1 1 1 1 1 1 1 1 1 1 1 1 100 1 1 1 1 1 1 1 1 1 1 1 1 1 1 1 1 1 1 1 1 1 1 1 1 1 1 1 1 1 1 1 1 1 1 1 1 1 1 1 1 1 1 1 1 1 1 1 1 1 1 1 1 1 1 1 1 1 1 1 1 1 1 1 1 1 1 1 1 1 1 1 1 1 1 1 1 1 1 1 1 1 1 1 1 1 1 1 1 1 1 1 1 1 1 1 1 1 1 1 1 1 1 1 1 1 1 1 1 1 1 1 1 1 1 1 1 1 1 1 1 1 1 1 1 1 1 1 1 1 1 1 1 1 1 1 1 1 1 1 1 1 1 1 1 1 1 1 1 1 1 1 1 1 1 1 1 1 1 1 1 1 1 1 1 1 1 1 1 1 1 1 1 1 1 1 1 1 1 1 1 1 1 1 1 1 1 1 1 1 1 1 1 1 1 1 1 1 1 1 1 1 1 1 1 1 1 3 1 1 1 1 1 1 1 1 1 1 1 1 1 1 1 1 1 1 1 1 1
staticfield jdk/internal/misc/Unsafe theUnsafe Ljdk/internal/misc/Unsafe; jdk/internal/misc/Unsafe
staticfield jdk/internal/misc/Unsafe ARRAY_BOOLEAN_BASE_OFFSET I 16
staticfield jdk/internal/misc/Unsafe ARRAY_BYTE_BASE_OFFSET I 16
staticfield jdk/internal/misc/Unsafe ARRAY_SHORT_BASE_OFFSET I 16
staticfield jdk/internal/misc/Unsafe ARRAY_CHAR_BASE_OFFSET I 16
staticfield jdk/internal/misc/Unsafe ARRAY_INT_BASE_OFFSET I 16
staticfield jdk/internal/misc/Unsafe ARRAY_LONG_BASE_OFFSET I 16
staticfield jdk/internal/misc/Unsafe ARRAY_FLOAT_BASE_OFFSET I 16
staticfield jdk/internal/misc/Unsafe ARRAY_DOUBLE_BASE_OFFSET I 16
staticfield jdk/internal/misc/Unsafe ARRAY_OBJECT_BASE_OFFSET I 16
staticfield jdk/internal/misc/Unsafe ARRAY_BOOLEAN_INDEX_SCALE I 1
staticfield jdk/internal/misc/Unsafe ARRAY_BYTE_INDEX_SCALE I 1
staticfield jdk/internal/misc/Unsafe ARRAY_SHORT_INDEX_SCALE I 2
staticfield jdk/internal/misc/Unsafe ARRAY_CHAR_INDEX_SCALE I 2
staticfield jdk/internal/misc/Unsafe ARRAY_INT_INDEX_SCALE I 4
staticfield jdk/internal/misc/Unsafe ARRAY_LONG_INDEX_SCALE I 8
staticfield jdk/internal/misc/Unsafe ARRAY_FLOAT_INDEX_SCALE I 4
staticfield jdk/internal/misc/Unsafe ARRAY_DOUBLE_INDEX_SCALE I 8
staticfield jdk/internal/misc/Unsafe ARRAY_OBJECT_INDEX_SCALE I 4
staticfield jdk/internal/misc/Unsafe ADDRESS_SIZE I 8
instanceKlass jdk/internal/reflect/DelegatingClassLoader
instanceKlass java/security/SecureClassLoader
ciInstanceKlass java/lang/ClassLoader 1 1 1108 9 7 12 1 1 1 10 7 12 1 1 1 9 12 1 1 10 7 12 1 1 1 7 1 10 12 1 1 10 12 1 1 9 12 1 1 10 12 1 1 100 1 10 12 1 10 12 1 1 10 7 12 1 1 1 100 1 8 1 10 12 1 10 7 12 1 1 1 10 7 12 1 10 7 1 10 7 1 7 1 7 1 10 12 1 10 12 1 9 12 1 1 10 10 7 12 1 1 1 9 12 1 1 9 12 1 9 12 1 1 9 12 1 9 12 1 1 9 12 1 1 7 1 10 12 1 9 12 1 1 10 12 1 1 10 7 12 1 1 1 9 12 1 9 12 1 1 9 12 1 10 12 1 1 9 12 10 12 1 1 7 1 10 8 1 10 12 1 1 10 12 1 10 7 1 7 1 10 12 1 1 10 7 12 1 1 1 8 1 10 12 1 10 12 1 10 12 1 1 10 12 1 1 10 12 1 1 10 12 1 1 10 12 1 1 10 12 1 7 1 10 12 1 10 100 12 1 1 1 10 12 1 1 10 12 1 10 12 1 10 12 1 10 12 1 10 12 1 1 10 10 12 1 10 12 1 10 100 12 1 1 10 12 1 1 10 12 1 1 10 12 1 100 1 10 12 1 7 1 10 12 1 10 7 12 1 1 1 10 10 12 1 1 10 12 1 1 7 1 8 1 10 8 1 10 12 1 10 12 1 100 1 8 1 10 12 1 1 10 12 1 1 10 10 12 1 1 10 12 1 1 10 12 1 1 10 7 1 10 12 1 1 10 12 1 1 10 12 1 1 10 12 1 1 10 12 1 1 10 12 1 1 10 12 1 10 100 12 1 1 1 10 12 1 10 12 1 10 12 1 1 10 12 1 10 12 1 10 12 1 10 12 1 1 10 12 1 10 12 1 1 8 1 9 12 1 10 12 1 1 8 1 8 1 10 7 12 1 1 100 1 10 10 12 10 12 1 10 12 1 10 12 1 10 12 1 1 10 7 12 1 1 10 12 1 10 7 1 7 1 10 12 1 1 10 12 1 10 7 1 10 12 1 100 1 18 12 1 10 100 12 1 1 1 10 100 12 1 1 1 10 7 12 1 1 10 12 1 10 12 1 100 1 10 12 1 8 1 10 10 12 1 1 10 12 1 10 12 1 1 100 1 10 12 1 10 12 1 1 10 7 12 1 1 10 12 1 8 1 100 1 10 10 12 1 9 12 1 10 7 12 1 1 10 12 1 7 1 8 1 10 12 1 10 8 1 8 1 10 12 1 1 10 12 1 1 10 12 1 1 10 7 12 1 1 7 1 100 1 10 12 1 1 7 1 7 1 10 7 12 1 1 10 12 1 10 12 1 1 10 12 1 10 12 1 1 10 12 1 1 9 100 12 1 1 1 10 12 1 1 10 12 1 10 12 1 10 12 1 1 10 12 1 8 1 7 1 18 12 1 1 10 12 1 1 10 12 1 10 12 1 10 12 1 8 1 10 12 1 10 12 1 18 12 1 11 100 12 1 1 1 100 1 10 12 1 1 10 12 1 10 11 12 1 1 10 18 10 12 1 1 11 7 12 1 18 12 1 11 12 1 1 10 12 10 12 1 1 10 12 1 1 100 1 8 1 10 10 12 1 8 1 8 1 10 100 12 1 1 10 12 1 100 1 10 10 12 1 8 1 8 1 8 1 10 12 1 10 12 1 1 10 12 1 10 7 12 1 1 1 11 7 12 1 1 100 1 10 11 10 12 1 10 12 1 10 12 1 1 9 7 12 1 1 9 12 1 1 9 12 9 12 1 9 12 1 9 12 1 8 10 12 1 1 10 7 12 1 1 1 10 12 1 1 10 12 1 1 10 12 1 10 10 12 1 11 12 1 1 10 100 12 1 1 1 100 1 10 12 1 10 12 1 10 12 1 1 1 1 1 1 1 1 1 1 1 1 1 1 1 1 1 1 1 1 1 1 1 1 1 1 1 1 100 1 1 1 1 1 1 1 1 1 1 1 1 1 1 1 1 1 1 1 1 1 100 1 1 1 1 1 1 1 1 1 1 100 1 1 1 1 1 1 1 1 1 1 1 1 1 1 1 1 1 1 1 1 1 1 1 1 1 1 1 1 1 1 1 1 1 1 1 1 1 1 1 1 1 100 1 1 1 1 1 1 1 1 1 1 1 1 1 1 1 1 1 1 1 7 1 1 1 1 1 1 1 1 1 1 1 1 1 1 1 1 1 1 1 1 1 1 1 1 1 1 1 1 1 1 1 1 1 1 1 1 1 1 1 1 1 1 1 1 1 1 1 1 1 1 100 1 1 1 1 1 1 1 1 1 1 1 1 1 1 1 1 1 1 1 1 1 1 1 1 1 1 1 1 1 1 1 1 1 1 1 1 1 1 1 1 1 1 1 1 1 1 16 1 15 10 12 16 1 16 15 10 12 16 1 16 1 15 10 12 16 15 10 12 16 15 10 12 16 15 10 100 12 1 1 1 1 1 100 1 100 1 1
staticfield java/lang/ClassLoader nocerts [Ljava/security/cert/Certificate; 0 [Ljava/security/cert/Certificate;
staticfield java/lang/ClassLoader $assertionsDisabled Z 1
ciInstanceKlass java/lang/reflect/Constructor 1 1 439 10 100 12 1 1 1 10 100 12 1 1 9 7 12 1 1 1 10 12 1 1 10 12 1 1 10 100 12 1 1 9 12 1 1 10 7 12 1 1 1 9 12 1 1 9 12 1 1 9 12 1 9 12 1 1 9 12 1 9 12 1 1 9 12 1 1 9 12 1 100 1 8 1 10 12 1 10 12 1 9 12 1 1 10 7 12 1 1 10 7 12 1 1 1 10 12 1 1 10 12 1 1 10 12 1 7 1 100 1 8 1 10 10 12 1 10 12 1 10 12 1 1 10 12 1 1 9 100 12 1 1 1 10 7 12 1 1 10 12 1 1 10 12 1 10 12 1 1 10 7 12 1 1 1 10 100 12 1 1 10 12 1 1 10 12 1 10 7 12 1 1 1 8 1 10 10 12 1 100 1 8 1 10 12 1 10 12 1 1 10 12 1 1 10 12 1 10 12 1 10 12 1 1 10 12 1 1 9 12 1 1 10 12 1 1 10 12 1 1 10 12 1 1 11 7 12 1 1 1 10 12 1 1 10 12 1 10 12 1 10 12 1 8 1 9 12 1 1 10 7 12 1 1 1 10 7 12 1 1 10 12 1 1 10 12 1 1 10 12 1 1 10 12 1 1 10 12 1 9 7 12 1 1 10 12 1 10 12 1 10 12 1 100 1 8 1 10 10 12 1 1 10 12 1 10 10 12 1 1 10 12 1 1 10 100 12 1 1 1 11 100 12 1 1 1 10 12 1 1 9 100 12 1 1 1 10 100 12 1 1 1 10 12 1 1 1 1 1 1 1 1 1 1 1 1 1 1 1 1 1 1 1 1 1 1 1 1 1 1 1 1 1 1 1 1 1 1 1 1 1 1 1 1 1 1 1 1 1 1 1 1 1 1 1 1 100 1 100 1 100 1 100 1 1 1 1 1 1 1 1 1 1 1 1 1 1 1 1 1 1 1 1 1 1 1 1 1 1 1 1 1 1 1 1 1 100 1 1
instanceKlass java/lang/reflect/Executable
instanceKlass java/lang/reflect/Field
ciInstanceKlass java/lang/reflect/AccessibleObject 1 1 400 10 7 12 1 1 1 9 100 12 1 1 1 10 7 12 1 1 1 10 7 12 1 1 10 7 12 1 1 1 10 100 12 1 1 1 10 12 1 1 10 12 1 1 9 12 1 1 7 1 10 7 12 1 1 1 11 12 1 7 1 10 12 1 7 1 100 1 10 12 1 10 12 1 1 10 12 1 1 10 12 1 1 10 12 1 1 7 1 10 7 12 1 1 1 10 12 1 1 11 10 7 12 1 1 1 10 12 1 1 10 12 1 10 12 1 10 12 1 1 10 12 1 8 1 7 1 7 1 10 10 12 1 1 8 1 10 12 1 10 12 1 8 1 8 1 8 1 8 1 8 1 8 1 8 1 8 1 8 1 100 1 10 12 1 10 12 1 9 12 1 1 10 12 1 1 10 12 1 10 7 1 100 1 8 1 10 8 1 10 12 1 8 1 10 12 1 10 12 1 1 10 100 1 8 1 10 11 7 12 1 1 1 10 12 1 1 10 12 1 1 10 12 1 1 9 12 1 1 100 1 10 12 1 7 1 10 12 1 10 12 1 1 10 100 1 10 12 1 10 12 10 12 1 10 12 1 10 12 1 1 10 12 1 9 12 1 10 100 12 1 1 8 1 10 100 12 1 1 1 8 1 10 7 12 1 1 1 9 12 1 7 1 10 7 1 10 10 7 12 1 1 1 7 1 10 10 7 12 1 1 1 7 1 9 12 1 1 1 1 1 1 1 1 1 1 1 1 1 1 1 1 1 1 1 1 1 1 1 1 1 1 1 1 1 1 1 1 1 1 1 1 1 1 1 1 1 1 1 1 1 1 1 1 1 1 1 1 1 1 1 1 1 1 1 1 1 1 1 1 1 1 1 1 1 1 1 1 1 1 1 1 1 1 1 1 1 1 1 1
staticfield java/lang/reflect/AccessibleObject reflectionFactory Ljdk/internal/reflect/ReflectionFactory; jdk/internal/reflect/ReflectionFactory
instanceKlass java/lang/reflect/Constructor
instanceKlass java/lang/reflect/Method
ciInstanceKlass java/lang/reflect/Executable 1 1 581 10 7 12 1 1 1 10 7 12 1 1 1 10 7 12 1 1 1 11 7 12 1 1 1 10 7 12 1 1 1 10 12 1 1 10 100 12 1 1 1 10 7 12 1 1 1 10 12 1 8 1 10 10 12 1 1 10 12 1 1 10 100 12 1 1 1 18 12 1 1 11 100 12 1 1 1 8 1 8 1 8 1 10 100 12 1 1 1 11 12 1 1 7 1 8 1 8 1 10 12 1 7 1 8 1 10 12 1 8 1 11 100 12 1 1 1 7 1 11 7 12 1 1 1 11 12 1 8 1 18 8 1 10 12 1 10 12 1 1 18 8 1 10 12 1 100 1 10 12 1 10 12 1 11 12 1 10 12 1 1 8 1 8 1 10 12 1 1 10 12 1 1 10 10 12 1 9 100 12 1 1 1 10 100 12 1 1 1 10 12 1 10 12 1 1 10 100 12 1 1 10 12 1 10 12 1 10 12 1 10 7 12 1 1 7 1 10 100 12 1 1 1 10 12 1 1 10 7 12 1 1 10 12 1 10 12 1 1 9 100 12 1 1 1 10 100 10 12 1 8 1 10 12 1 10 12 1 3 100 1 8 1 10 12 1 10 12 1 10 10 12 1 10 12 1 1 8 1 8 1 8 1 9 12 1 1 9 12 1 10 12 1 100 1 8 1 10 12 1 10 12 1 10 12 1 1 10 12 1 1 10 12 1 10 12 10 12 1 100 1 10 12 1 10 12 1 1 100 1 10 7 12 1 1 1 7 1 10 7 12 1 1 1 10 12 1 1 11 7 12 1 1 10 12 1 10 100 12 1 1 1 10 12 1 1 9 12 1 10 12 1 1 10 12 1 10 12 1 1 9 100 12 1 1 1 10 100 12 1 1 1 10 12 1 10 12 1 1 9 12 1 10 10 10 10 100 12 1 1 1 10 12 1 9 12 1 10 12 1 1 9 12 1 7 1 7 1 1 1 1 1 1 1 1 1 1 1 1 1 1 1 1 1 1 1 1 1 1 1 1 1 1 1 1 1 1 1 1 1 1 1 1 100 1 1 1 1 1 1 1 1 1 1 1 1 1 1 1 1 1 1 1 100 1 1 1 1 1 1 1 1 1 1 1 1 1 1 1 1 1 1 1 1 1 1 1 1 1 1 1 1 1 1 1 1 1 1 1 1 1 1 1 1 1 1 1 7 1 1 1 1 1 1 1 1 1 1 1 1 1 1 1 1 1 1 1 1 1 1 7 1 1 16 15 16 1 16 1 15 10 12 16 15 10 100 12 1 1 1 1 1 1 100 1 1 100 1 100 1 1
ciInstanceKlass java/lang/reflect/Member 1 1 37 100 1 10 12 1 1 100 1 100 1 1 1 1 3 1 3 1 1 1 1 1 1 1 1 1 1 1 1 1 1 1 1 1 1 1 1
instanceKlass java/util/logging/LogManager$Cleaner
instanceKlass jdk/internal/misc/InnocuousThread
instanceKlass java/util/concurrent/ForkJoinWorkerThread
instanceKlass java/lang/ref/Finalizer$FinalizerThread
instanceKlass java/lang/ref/Reference$ReferenceHandler
instanceKlass java/lang/BaseVirtualThread
ciInstanceKlass java/lang/Thread 1 1 870 10 7 12 1 1 1 9 12 1 1 10 7 12 1 1 10 12 1 10 100 12 1 1 100 1 8 1 10 12 1 1 9 12 1 9 12 1 1 9 12 1 1 7 1 10 12 1 1 10 12 1 10 100 12 1 1 1 10 12 9 12 1 1 10 12 1 7 1 10 12 1 100 1 8 1 10 9 100 12 1 1 1 10 12 1 1 10 12 1 1 10 12 1 1 10 12 1 10 12 1 1 3 8 1 7 1 5 0 10 7 12 1 1 1 9 12 1 10 12 1 1 10 7 12 1 1 1 10 7 12 1 1 1 10 12 1 1 10 12 1 1 9 12 1 1 10 7 1 8 1 10 7 1 10 12 1 9 12 1 1 10 7 12 1 1 1 10 10 12 1 1 9 100 12 1 1 1 10 12 1 1 10 12 1 1 10 7 12 1 1 10 12 1 10 12 1 10 7 12 1 1 9 12 1 10 7 12 1 1 1 10 12 1 1 9 12 1 1 9 12 1 1 10 7 12 1 1 1 9 12 1 1 10 100 12 1 1 10 100 12 1 1 1 10 12 1 10 12 1 10 7 12 1 1 9 12 1 8 1 9 7 12 1 1 9 12 1 1 5 0 100 1 10 100 1 10 100 1 10 7 1 10 8 1 10 12 1 1 10 100 12 1 10 12 1 10 12 1 100 1 8 1 10 10 12 1 10 12 1 1 10 100 12 1 1 1 10 100 12 1 1 1 10 12 1 7 1 9 12 1 1 100 1 10 10 12 1 9 12 1 1 10 12 1 1 10 12 1 1 10 12 1 10 12 1 9 12 1 1 10 10 12 1 1 10 12 1 1 11 7 12 1 1 10 7 12 1 1 9 12 1 9 12 1 1 9 12 1 1 10 100 12 1 1 10 12 1 1 9 100 12 1 1 1 10 100 12 1 1 10 12 1 10 12 1 100 1 10 10 12 9 12 1 1 10 12 1 11 100 12 1 1 10 12 1 10 12 1 10 12 1 9 12 1 10 10 12 1 10 12 1 1 9 12 1 9 12 10 12 1 8 1 10 12 1 10 12 1 10 12 1 10 12 1 10 12 1 1 10 12 1 10 12 1 1 10 12 1 10 12 1 10 12 1 10 12 1 10 12 1 1 9 7 12 1 1 1 8 1 10 9 12 1 10 12 1 7 1 8 1 10 10 12 1 8 1 10 12 1 1 9 12 10 12 8 1 10 10 12 1 10 12 1 8 1 10 12 1 10 8 1 10 100 12 1 1 10 12 1 1 100 1 8 1 10 9 12 1 9 12 1 1 10 12 1 1 10 10 12 1 10 12 1 100 10 7 12 1 1 1 9 12 1 10 12 1 1 10 12 1 1 10 100 12 1 1 1 11 7 12 1 1 1 9 100 12 1 1 1 10 100 12 1 1 1 7 1 10 12 1 100 1 10 12 1 10 12 1 1 10 12 1 1 8 1 9 12 1 10 12 1 10 12 1 1 11 7 12 1 1 1 10 12 1 1 1 1 3 1 3 1 3 1 3 1 1 1 1 1 1 1 1 1 1 1 1 1 1 1 1 1 1 1 1 1 7 1 1 1 1 1 1 1 1 1 1 1 1 1 1 1 1 1 1 1 1 1 1 100 1 1 1 1 1 1 1 1 1 1 1 1 1 1 1 1 7 1 7 1 1 1 1 1 1 1 1 1 1 1 1 1 1 1 1 1 1 1 1 1 1 1 1 1 1 1 1 1 1 1 1 1 1 1 1 1 1 1 1 1 1 1 1 1 1 1 1 1 1 1 1 1 1 1 1 1 1 1 1 1 1 1 1 1 1 1 1 1 1 1 1 1 1 1 1 100 100 1 1 1 1 1 1 1 1 1 1 1 1 1 1 1 1 1 1 1 1 1 1 1 1 1 1 100 1 100 1 100 1 100 1 100 1 1 100 1 1 1 1 1 1 1 1 1 1 1 1 1 1 1
staticfield java/lang/Thread NEW_THREAD_BINDINGS Ljava/lang/Object; java/lang/Class
staticfield java/lang/Thread EMPTY_STACK_TRACE [Ljava/lang/StackTraceElement; 0 [Ljava/lang/StackTraceElement;
ciInstanceKlass java/lang/Runnable 1 0 11 100 1 100 1 1 1 1 1 1 1
ciInstanceKlass java/net/URL 1 1 771 10 7 12 1 1 1 10 12 1 10 7 12 1 1 9 12 1 1 9 12 1 10 7 12 1 1 1 10 12 1 1 10 12 1 1 9 12 1 1 10 7 12 1 1 1 8 1 10 12 1 1 7 1 10 10 12 1 1 8 1 10 12 1 1 9 12 1 100 1 8 1 10 12 1 10 12 1 8 1 9 12 1 10 12 1 1 9 12 1 10 12 1 10 12 1 9 12 1 9 12 1 8 1 9 12 1 10 12 1 1 8 1 9 12 1 1 10 12 1 1 10 7 12 1 1 1 8 1 10 12 1 7 1 10 12 1 10 12 1 10 12 1 10 12 1 1 10 12 1 1 8 1 10 12 1 1 10 12 1 8 1 9 12 1 8 1 10 12 1 10 7 12 1 1 1 7 1 10 12 1 10 12 1 1 10 100 12 1 1 1 100 1 8 1 10 10 12 1 8 1 10 12 1 1 10 12 1 10 12 1 10 12 1 10 12 1 10 12 1 10 12 1 8 1 10 12 1 8 1 10 10 100 1 10 10 12 1 8 1 10 7 12 1 1 1 10 12 1 9 100 12 1 1 1 10 7 12 1 1 1 9 12 1 1 10 12 1 10 100 12 1 1 1 100 1 100 1 10 12 1 10 12 1 10 12 1 10 12 1 10 12 1 10 12 10 10 12 1 10 12 1 10 12 1 1 8 1 9 100 12 1 1 1 10 100 12 1 1 1 10 12 1 1 9 100 12 1 1 1 10 12 1 1 100 1 10 12 1 10 12 1 10 10 12 1 1 10 12 1 1 10 12 1 10 12 1 10 12 1 10 7 12 1 1 1 10 12 1 1 10 12 1 9 12 1 1 9 12 1 1 7 1 8 1 10 10 12 1 9 12 1 1 10 7 12 1 1 8 1 10 100 12 1 1 8 1 10 12 1 1 10 12 1 8 1 8 1 10 7 12 1 1 1 7 1 10 7 12 1 1 1 10 12 1 10 12 1 100 1 10 9 100 12 1 1 1 10 100 12 1 1 10 12 1 1 10 12 1 8 1 100 1 10 10 7 12 1 1 1 10 12 1 8 9 100 12 1 1 1 10 12 1 1 10 12 1 10 12 1 1 10 100 12 1 1 11 7 12 1 1 10 12 1 10 12 1 9 12 1 10 12 1 1 10 100 12 1 1 10 100 12 1 1 1 8 10 100 12 1 1 100 1 10 8 8 10 12 1 8 8 8 100 1 10 12 1 9 12 1 1 10 12 1 10 12 1 1 10 12 1 10 12 10 12 1 1 10 12 1 1 10 10 10 12 1 10 12 1 10 12 1 10 12 1 10 12 1 10 10 12 1 100 1 8 1 10 10 10 12 1 1 10 12 1 10 12 1 1 8 1 7 1 10 10 7 1 10 12 1 9 7 12 1 1 1 9 12 1 1 7 1 10 10 7 12 1 1 1 7 1 1 1 1 1 5 0 1 1 1 1 1 1 1 1 1 1 1 1 1 1 1 1 1 1 1 1 1 1 1 1 1 1 1 1 1 1 1 1 1 1 1 1 1 1 1 1 1 1 1 1 1 1 1 1 7 1 1 1 1 1 1 1 1 1 1 1 1 1 1 1 1 1 1 1 1 1 1 1 1 1 1 1 1 1 1 1 1 1 1 1 1 1 100 1 1 1 1 1 1 1 1 1 1 1 1 1 1 1 1 1 100 1 1 1 1 1 1 1 1 1 1 1 1 1 1 1 1 1 1 1
staticfield java/net/URL defaultFactory Ljava/net/URLStreamHandlerFactory; java/net/URL$DefaultFactory
staticfield java/net/URL streamHandlerLock Ljava/lang/Object; java/lang/Object
staticfield java/net/URL serialPersistentFields [Ljava/io/ObjectStreamField; 7 [Ljava/io/ObjectStreamField;
ciInstanceKlass java/lang/Module 1 1 1070 10 7 12 1 1 1 9 7 12 1 1 1 10 7 12 1 1 1 9 12 1 9 12 1 1 9 12 1 1 10 12 1 1 10 12 1 10 12 1 1 10 7 12 1 1 1 7 1 10 7 12 1 1 1 10 12 1 1 11 7 12 1 1 1 10 12 1 1 10 7 12 1 1 1 10 12 1 1 10 7 12 1 1 1 9 100 12 1 1 1 10 7 12 1 1 1 10 12 1 8 1 10 7 12 1 1 1 10 7 12 1 1 1 10 7 12 1 1 1 10 12 1 10 12 1 9 12 1 1 10 100 12 1 1 100 1 7 1 10 8 1 10 12 1 1 10 12 1 10 12 10 12 1 10 7 12 1 1 8 1 8 1 10 8 1 8 1 9 12 1 1 8 1 10 100 12 1 1 1 10 12 1 9 12 1 1 11 12 1 9 100 12 1 1 10 100 12 1 1 1 10 100 12 1 1 1 10 12 1 1 8 1 10 12 1 1 10 12 1 10 12 1 1 9 7 12 1 1 1 10 12 1 1 10 12 1 1 9 12 1 10 12 1 10 12 1 9 12 1 1 11 7 12 1 1 10 12 1 1 9 12 1 9 12 1 10 12 1 10 12 1 100 1 8 1 10 10 12 1 1 10 12 1 8 1 10 12 1 1 8 1 8 1 10 12 1 1 10 12 1 10 12 1 1 18 12 1 1 10 12 1 1 11 12 1 9 12 1 11 12 10 100 12 1 1 100 1 8 1 10 11 12 1 1 10 7 12 1 1 1 10 12 1 10 12 1 1 11 12 1 1 11 7 12 1 1 11 12 1 1 9 12 1 11 12 1 10 12 1 1 10 12 1 1 9 12 1 10 12 10 7 12 1 1 10 7 1 18 12 1 1 11 100 12 1 1 1 18 12 1 11 12 1 1 10 100 12 1 1 1 11 12 1 1 10 7 12 1 1 7 1 11 12 1 7 1 7 1 10 12 1 10 7 12 1 1 1 10 11 7 12 1 8 1 10 10 12 1 1 10 7 12 1 1 10 12 1 10 12 1 7 1 10 12 1 10 11 12 1 1 10 12 10 12 1 1 9 12 1 1 100 1 10 10 12 1 1 11 7 1 10 12 1 1 11 12 1 10 10 12 1 11 10 12 1 1 10 12 1 1 10 12 1 1 10 7 12 1 1 10 12 1 10 12 1 1 10 10 12 1 1 10 12 1 18 12 1 11 12 1 18 12 1 10 12 1 10 12 1 10 12 7 1 10 12 1 10 12 1 10 12 1 9 12 1 7 1 10 10 10 10 12 1 10 12 1 10 12 1 10 12 1 1 10 12 1 1 10 12 1 9 12 1 18 12 1 1 10 7 12 1 1 1 100 1 8 1 10 12 1 1 10 12 1 1 10 7 12 1 1 7 1 10 12 1 1 7 1 8 1 10 12 1 1 100 1 11 12 1 1 10 100 12 1 1 1 18 12 1 1 11 100 12 1 1 1 100 1 10 12 1 10 12 1 1 7 1 7 1 10 12 8 1 10 12 1 1 10 12 1 1 10 100 12 1 1 10 12 1 1 10 12 1 10 12 10 12 1 1 7 1 10 10 12 1 1 10 7 12 1 1 1 100 1 10 12 1 1 10 7 12 1 1 8 1 18 12 1 1 100 1 100 1 9 12 1 1 9 12 1 9 12 1 11 100 12 1 1 1 100 1 11 12 1 1 100 1 10 12 1 8 1 10 12 1 10 12 10 12 1 8 1 10 10 100 12 1 1 7 1 10 10 12 1 10 7 12 1 1 9 12 1 9 12 1 9 12 1 9 12 1 10 12 11 12 1 10 12 1 7 1 1 1 1 1 1 1 1 1 1 1 1 1 1 1 1 1 1 1 100 1 1 1 1 1 1 1 1 1 1 1 1 1 1 1 1 1 1 1 1 1 1 1 1 1 1 1 1 1 1 1 1 1 1 1 1 1 1 1 1 1 1 1 1 1 1 1 1 1 1 1 1 1 1 1 1 1 1 1 1 1 1 1 1 1 1 1 1 1 1 1 1 1 1 1 1 1 1 1 1 1 1 1 1 1 1 1 1 1 1 1 1 1 1 1 100 100 1 1 1 1 1 1 1 1 1 1 1 1 1 1 1 1 1 1 1 1 1 1 1 1 1 1 1 100 1 100 1 1 1 1 1 1 1 1 1 1 1 1 1 1 1 1 1 1 1 1 100 1 1 1 1 1 1 1 1 1 1 1 1 1 1 1 1 1 1 1 1 1 1 1 16 15 10 12 16 16 15 10 12 16 16 15 10 16 1 15 10 12 16 1 15 10 12 16 1 16 15 10 12 16 16 1 15 10 12 16 15 10 100 12 1 1 1 15 10 100 12 1 1 1 1 1 1 1 1 1 1 1 100 1 100 1 1 100 1 100 1 1
staticfield java/lang/Module ALL_UNNAMED_MODULE Ljava/lang/Module; java/lang/Module
staticfield java/lang/Module ALL_UNNAMED_MODULE_SET Ljava/util/Set; java/util/ImmutableCollections$Set12
staticfield java/lang/Module EVERYONE_MODULE Ljava/lang/Module; java/lang/Module
staticfield java/lang/Module EVERYONE_SET Ljava/util/Set; java/util/ImmutableCollections$Set12
staticfield java/lang/Module $assertionsDisabled Z 1
ciInstanceKlass java/lang/Math 1 1 460 7 1 10 7 12 1 1 1 10 7 12 1 1 1 10 12 1 10 12 1 10 12 1 10 12 1 10 12 1 6 0 6 0 10 12 1 10 12 1 10 12 1 10 12 1 10 12 1 10 12 1 1 10 12 1 10 12 1 10 12 1 10 12 1 10 12 1 10 7 12 1 1 1 100 1 3 3 3 10 7 12 1 1 1 100 1 5 0 5 0 5 0 5 0 5 0 9 100 12 1 1 1 10 100 12 1 1 1 100 1 8 1 10 12 1 8 1 10 12 1 1 10 12 1 1 7 1 5 0 5 0 7 1 3 5 0 3 5 0 10 12 1 10 12 1 10 12 1 10 12 1 10 12 1 8 1 10 12 1 8 1 10 12 1 1 10 12 1 1 9 12 1 1 9 12 1 100 1 7 1 10 10 12 1 1 8 1 10 12 1 10 12 1 1 10 10 12 1 10 12 1 10 12 1 10 12 1 1 8 1 8 1 10 12 1 1 10 12 1 10 12 10 12 10 12 1 10 12 1 10 12 1 10 12 1 10 12 6 0 10 12 1 9 12 1 1 100 1 10 10 12 1 100 1 10 12 1 10 12 1 1 10 12 1 10 12 1 10 12 10 12 1 1 10 12 1 1 10 12 1 1 10 12 6 0 10 12 1 1 10 12 10 12 1 4 10 12 1 10 12 1 10 12 10 12 1 10 12 1 10 12 1 10 12 1 10 12 1 10 12 1 5 0 6 0 4 6 0 4 6 0 4 10 12 1 9 12 1 1 10 12 9 12 1 10 7 12 1 1 1 4 6 0 1 1 6 0 1 6 0 1 6 0 1 1 1 1 1 1 1 1 1 1 1 1 1 1 1 1 1 1 1 1 1 1 1 1 1 1 1 1 1 1 1 1 1 1 1 1 1 1 1 1 1 1 1 1 1 1 1 1 1 1 1 1 1 1 1 1 1 1 1 1 1 1 1 1 1 1 1 1 1 1 1 1 1 1 1 1 1 1 1 1 1 1 1 1 1 1 1 1 1 1 1 1 1 1 1 1
staticfield java/lang/Math negativeZeroFloatBits J -2147483648
staticfield java/lang/Math negativeZeroDoubleBits J -9223372036854775808
staticfield java/lang/Math $assertionsDisabled Z 1
ciInstanceKlass jdk/internal/util/ArraysSupport 1 1 378 7 1 7 1 8 1 10 12 1 1 10 12 1 1 10 7 12 1 1 9 7 12 1 1 1 9 12 1 1 10 7 12 1 1 1 9 12 1 1 10 7 12 1 1 1 9 12 1 10 12 9 12 1 10 12 1 1 10 12 7 1 10 12 1 1 10 12 1 100 1 10 12 1 1 10 12 100 1 10 12 1 100 1 10 12 1 100 1 7 1 10 8 1 10 12 1 1 10 12 1 10 12 1 1 10 9 12 1 1 11 100 12 1 1 1 9 12 1 9 12 1 10 12 1 1 9 12 1 9 12 1 9 12 1 9 12 1 9 12 1 9 12 1 9 12 1 10 12 1 1 10 7 12 1 1 1 9 12 1 9 12 1 10 12 1 1 10 12 1 9 12 1 10 12 1 10 7 12 1 1 1 9 12 1 9 12 1 10 12 1 10 12 1 10 7 12 1 1 1 3 10 12 1 7 1 8 1 8 1 8 1 10 10 100 12 1 1 1 11 7 12 1 1 1 10 12 1 10 7 12 1 1 1 10 12 1 1 10 12 1 1 9 12 1 10 12 1 9 12 1 9 12 1 9 12 1 9 12 1 9 12 1 9 12 1 9 12 1 7 1 10 7 12 1 1 1 1 1 3 1 3 1 3 1 3 1 3 1 3 1 3 1 3 1 1 1 1 1 1 1 1 1 1 1 1 1 1 1 1 1 1 1 1 1 1 1 1 1 1 1 1 1 1 1 1 1 1 1 1 1 1 1 1 1 1 1 1 1 1 1 1 1 1 1 1 1 1 1 1 1 1 1 1 1 1 1 1 1 1 1 1 1 1 1 1 1 1 1 1 1 1 1 100 1 1 1 1
staticfield jdk/internal/util/ArraysSupport U Ljdk/internal/misc/Unsafe; jdk/internal/misc/Unsafe
staticfield jdk/internal/util/ArraysSupport BIG_ENDIAN Z 0
staticfield jdk/internal/util/ArraysSupport LOG2_ARRAY_BOOLEAN_INDEX_SCALE I 0
staticfield jdk/internal/util/ArraysSupport LOG2_ARRAY_BYTE_INDEX_SCALE I 0
staticfield jdk/internal/util/ArraysSupport LOG2_ARRAY_CHAR_INDEX_SCALE I 1
staticfield jdk/internal/util/ArraysSupport LOG2_ARRAY_SHORT_INDEX_SCALE I 1
staticfield jdk/internal/util/ArraysSupport LOG2_ARRAY_INT_INDEX_SCALE I 2
staticfield jdk/internal/util/ArraysSupport LOG2_ARRAY_LONG_INDEX_SCALE I 3
staticfield jdk/internal/util/ArraysSupport LOG2_ARRAY_FLOAT_INDEX_SCALE I 2
staticfield jdk/internal/util/ArraysSupport LOG2_ARRAY_DOUBLE_INDEX_SCALE I 3
staticfield jdk/internal/util/ArraysSupport LOG2_BYTE_BIT_SIZE I 3
staticfield jdk/internal/util/ArraysSupport JLA Ljdk/internal/access/JavaLangAccess; java/lang/System$2
ciInstanceKlass java/lang/Character 1 1 604 7 1 7 1 100 1 9 12 1 1 8 1 9 12 1 1 7 1 9 12 1 1 10 7 12 1 1 1 10 100 12 1 1 1 10 100 12 1 1 1 10 7 12 1 1 1 9 7 12 1 1 1 10 12 1 10 12 1 1 10 12 1 1 10 7 12 1 1 10 12 1 1 3 3 3 3 3 10 12 1 1 10 12 1 3 11 7 12 1 1 1 11 12 1 1 10 12 1 1 10 12 1 1 100 1 10 10 12 1 3 10 12 1 1 10 12 1 10 12 1 1 100 1 8 1 10 12 1 1 10 12 1 10 12 1 10 12 1 10 100 12 1 1 1 10 12 1 10 12 1 10 12 1 1 10 12 1 10 7 12 1 1 10 10 12 1 10 10 12 1 10 12 1 1 10 12 1 10 10 12 1 10 12 1 10 12 1 10 12 1 10 12 1 10 12 1 10 12 1 10 12 10 10 12 10 10 12 1 10 10 12 1 10 10 12 1 10 10 12 1 10 12 1 10 12 1 10 12 1 10 12 1 10 12 1 10 12 1 10 10 12 1 10 10 12 1 10 10 12 1 1 10 10 12 1 10 5 0 10 12 1 10 12 1 10 10 12 1 10 10 12 1 1 10 10 12 1 10 10 12 1 9 12 1 1 100 1 10 10 12 1 10 12 1 1 3 10 100 12 1 1 1 10 12 1 10 100 12 1 1 7 1 10 10 12 1 1 10 12 1 1 10 12 1 1 8 1 10 12 1 9 100 12 1 1 1 10 12 1 10 10 12 1 10 12 1 1 10 12 1 10 10 12 1 1 10 10 12 1 1 7 1 8 1 10 12 1 1 10 7 12 1 1 1 8 1 10 12 1 1 9 12 1 1 7 1 7 1 7 1 1 1 1 3 1 3 1 3 1 3 1 1 1 1 1 3 1 1 3 1 3 1 3 1 3 1 3 1 3 1 3 1 3 1 3 1 3 1 3 1 3 1 3 1 3 1 3 1 3 1 3 1 3 1 3 1 3 1 3 1 3 1 3 1 3 1 3 1 3 1 3 1 3 1 1 1 1 1 1 1 1 1 1 1 1 1 1 1 1 1 1 1 3 1 1 1 1 1 1 1 3 1 1 3 1 1 1 1 1 3 1 1 5 0 1 1 1 1 1 1 1 1 1 1 1 1 1 1 1 1 1 1 1 1 1 1 1 1 1 1 1 1 1 1 1 1 1 1 1 1 1 1 1 1 1 1 1 1 1 1 1 1 1 1 1 1 1 1 1 1 1 1 1 1 1 1 1 1 1 1 1 1 1 1 1 1 1 1 1 1 1 1 1 1 1 1 1 1 1 1 1 1 1 1 100 1 100 1 1 1 1 1 1
staticfield java/lang/Character TYPE Ljava/lang/Class; java/lang/Class
staticfield java/lang/Character $assertionsDisabled Z 1
ciInstanceKlass java/util/Arrays 1 1 1029 10 7 12 1 1 1 10 100 12 1 1 1 10 7 12 1 1 1 10 12 1 10 12 1 10 12 1 10 12 1 10 12 1 10 12 1 10 100 12 1 1 1 100 1 7 1 10 8 1 10 12 1 1 10 12 1 8 1 8 1 10 12 1 1 10 12 1 100 1 10 12 1 9 100 12 1 1 1 10 7 12 1 1 100 1 10 12 1 1 10 7 12 1 1 10 7 12 1 1 1 100 1 10 12 1 10 12 1 1 7 1 9 7 12 1 1 1 10 12 1 1 10 7 12 1 1 10 12 1 10 12 1 1 10 12 1 10 12 1 1 7 1 11 12 1 1 10 12 1 10 7 12 1 1 1 10 12 10 12 1 10 12 1 10 12 10 12 1 11 100 12 1 1 1 10 7 12 1 1 1 100 1 10 12 1 10 100 1 10 12 1 10 100 1 10 12 1 10 100 1 10 12 1 10 10 12 1 1 10 12 1 10 12 1 10 12 1 10 12 1 10 12 1 10 7 12 1 1 1 10 12 1 10 7 12 1 1 1 10 12 1 10 12 1 10 7 12 1 1 1 10 12 1 10 12 1 10 12 1 10 12 1 10 12 1 10 12 1 10 12 1 10 12 1 10 12 1 10 12 1 10 12 1 10 12 1 10 12 1 10 12 1 10 12 1 10 12 1 1 10 12 1 1 10 7 12 1 1 1 10 7 1 10 100 1 10 7 1 10 100 1 10 100 1 10 100 1 10 100 1 10 100 1 10 12 1 8 1 10 12 1 1 10 12 1 1 10 12 1 1 10 12 1 1 10 12 1 1 10 12 1 1 10 12 1 1 10 12 1 1 10 12 1 1 7 1 10 12 10 12 1 1 10 12 1 10 12 1 1 10 12 1 1 9 7 12 1 1 1 10 12 1 9 7 1 10 12 1 9 7 1 10 12 1 9 7 1 10 12 1 9 7 1 10 12 1 9 7 1 10 12 1 9 10 12 1 10 12 1 10 12 1 9 12 1 100 1 10 10 12 1 1 10 12 1 10 12 1 10 12 1 10 12 1 10 12 1 10 12 1 10 12 1 10 12 1 10 12 1 8 1 8 1 10 12 1 10 12 1 8 1 10 12 1 10 12 1 10 12 1 10 7 12 1 1 1 3 10 7 1 10 10 12 1 1 11 100 12 1 1 10 12 1 1 10 12 1 10 12 1 10 12 1 10 12 1 10 12 1 10 12 1 10 12 1 10 12 1 11 12 1 8 1 10 11 12 1 11 100 12 1 1 1 11 100 12 1 1 1 11 12 1 1 18 12 1 1 11 12 1 1 11 100 12 1 1 1 18 12 1 11 100 12 1 1 1 18 12 1 11 100 12 1 1 1 18 12 1 100 1 10 100 12 1 1 1 10 12 1 10 12 1 10 12 1 10 12 1 10 12 1 10 12 1 10 12 1 10 12 1 1 10 12 1 10 100 12 1 1 10 12 1 10 12 1 10 12 1 1 10 12 1 10 12 1 10 12 1 1 10 12 1 10 12 1 10 12 1 1 10 12 1 10 12 1 10 12 1 10 12 1 10 12 10 12 1 10 12 10 12 10 12 1 10 12 10 12 1 10 12 1 10 12 1 1 1 1 3 1 3 1 1 1 1 1 1 1 1 1 1 1 1 1 1 1 1 1 1 1 1 1 1 1 1 1 1 1 1 1 1 1 1 1 1 1 1 1 1 1 1 1 1 1 1 1 1 1 1 1 1 1 1 1 1 1 1 1 1 1 1 1 1 1 1 1 1 1 1 1 1 1 1 1 1 1 1 1 1 1 1 1 1 1 1 1 1 1 1 1 1 1 1 1 1 1 1 1 1 1 1 1 1 1 1 1 1 1 1 1 1 1 1 1 1 1 1 1 1 1 1 1 1 1 1 1 1 1 1 1 1 1 1 1 1 1 1 1 1 1 1 1 1 1 1 1 1 1 1 1 1 1 1 1 1 1 1 1 1 1 1 1 1 1 1 1 1 1 1 1 1 1 1 1 1 1 1 1 1 1 1 1 1 1 1 1 1 1 1 1 1 1 1 1 1 1 1 1 1 1 1 1 1 1 1 1 1 1 1 1 1 1 1 1 1 1 1 1 1 1 1 1 1 1 1 1 1 1 1 1 1 1 1 1 1 1 1 1 1 1 1 1 1 1 1 1 1 1 1 1 1 1 1 1 1 100 1 1 16 15 10 12 15 10 12 15 10 12 15 10 12 15 10 100 12 1 1 1 1 1 100 1 100 1 1 1 1 100 1 1 1 1 1 1 100 1 1 100 1 1 100 1 1 1 100 1 100 1 1
staticfield java/util/Arrays $assertionsDisabled Z 1
ciInstanceKlass java/lang/OutOfMemoryError 1 1 26 10 100 12 1 1 1 10 12 1 100 1 1 1 1 5 0 1 1 1 1 1 1 1 1 1
ciInstanceKlass java/lang/Integer 1 1 453 7 1 7 1 7 1 7 1 10 12 1 1 9 12 1 1 9 12 1 1 10 100 12 1 1 1 10 12 1 1 10 100 12 1 1 1 10 10 12 1 1 10 7 12 1 1 1 10 12 1 10 12 1 1 10 7 12 1 1 1 10 12 1 1 10 12 1 1 10 12 1 10 12 1 10 12 1 1 10 10 12 1 9 12 1 1 9 12 1 100 1 8 1 10 12 1 7 1 10 12 1 8 1 10 12 1 1 10 12 1 8 1 10 12 1 8 1 10 12 1 1 3 10 12 1 1 3 10 12 1 1 10 12 1 1 10 7 12 1 1 1 11 7 1 10 12 1 1 11 10 12 1 1 8 1 10 12 1 1 8 1 7 1 10 12 1 1 10 12 1 1 5 0 8 1 10 12 1 10 12 1 10 12 1 10 12 1 1 7 1 9 12 1 1 9 12 1 1 10 12 1 10 7 1 9 12 1 10 12 1 10 12 1 10 12 1 1 10 7 12 1 1 1 100 1 100 1 10 12 1 1 10 12 1 1 8 1 8 1 10 12 1 1 8 1 8 1 8 1 8 1 8 1 8 1 10 12 1 10 12 1 5 0 3 3 3 3 10 12 1 10 12 1 3 10 12 1 10 100 12 1 1 1 10 12 1 1 10 12 1 1 8 1 10 7 12 1 1 1 9 12 1 1 7 1 7 1 7 1 1 1 1 3 1 1 1 3 1 3 1 1 5 0 1 1 1 1 1 1 1 1 1 100 1 1 1 1 1 1 1 1 1 1 1 1 1 1 1 1 1 1 1 1 1 1 1 1 1 1 1 1 1 1 1 1 1 1 1 1 1 1 1 1 3 1 1 1 1 1 1 1 1 1 1 1 1 1 1 1 1 7 1 1 1 1 1 1 1 1 1 1 1 1 1 1 1 1 1 1 1 1 1 1 1 1 1 1 1 1 1 1 1 1 1 1 1 1 1 1 1 1 1 1 1 1 1 1 7 1 1 1 1 1 1 1 1 1 100 1 100 1 1
staticfield java/lang/Integer TYPE Ljava/lang/Class; java/lang/Class
staticfield java/lang/Integer digits [C 36
staticfield java/lang/Integer DigitTens [B 100
staticfield java/lang/Integer DigitOnes [B 100
instanceKlass java/math/BigDecimal
instanceKlass com/android/tools/r8/internal/YR
instanceKlass java/math/BigInteger
instanceKlass java/util/concurrent/atomic/AtomicLong
instanceKlass java/util/concurrent/atomic/AtomicInteger
instanceKlass java/lang/Long
instanceKlass java/lang/Integer
instanceKlass java/lang/Short
instanceKlass java/lang/Byte
instanceKlass java/lang/Double
instanceKlass java/lang/Float
ciInstanceKlass java/lang/Number 1 1 37 10 7 12 1 1 1 10 100 12 1 1 1 100 1 1 1 1 5 0 1 1 1 1 1 1 1 1 1 1 1 1 1 1 1 1 1
ciMethod java/lang/Integer intValue ()I 256 0 128 0 -1
ciInstanceKlass java/lang/Thread$FieldHolder 1 1 48 10 7 12 1 1 1 9 7 12 1 1 1 9 12 1 1 9 12 1 1 9 12 1 1 9 12 1 1 1 1 1 1 1 1 1 1 100 1 100 1 1 1 1 100 1 1 1
ciInstanceKlass java/lang/Thread$Constants 0 0 59 7 1 10 7 12 1 1 1 100 1 10 10 7 12 1 1 1 7 1 8 1 10 12 1 9 7 12 1 1 1 7 1 7 1 10 12 1 10 12 1 9 12 1 1 1 1 1 1 1 1 1 1 1 1 1 1 1 1
ciInstanceKlass java/lang/ThreadGroup 1 1 411 10 7 12 1 1 1 9 7 12 1 1 1 8 1 9 12 1 1 7 1 9 12 1 1 9 12 1 1 10 7 12 1 1 1 10 12 1 1 10 12 1 10 12 1 10 12 1 10 12 1 1 10 12 1 1 10 12 1 10 12 1 1 10 12 1 10 12 1 10 100 12 1 1 1 10 12 1 1 18 12 1 1 11 7 12 1 1 1 10 7 12 1 1 1 10 7 12 1 10 12 1 1 10 12 1 1 10 12 1 1 10 100 12 1 1 1 10 12 1 11 12 1 1 11 7 12 1 1 11 12 1 1 10 12 1 1 10 12 1 10 12 1 11 12 1 11 12 1 1 100 1 10 10 12 1 100 1 10 18 12 1 1 11 7 12 1 1 1 11 12 1 1 9 12 1 1 10 12 1 1 8 1 10 7 12 1 1 1 10 100 12 1 1 1 10 12 1 1 11 12 10 12 1 1 10 12 1 1 11 7 1 9 12 1 7 1 10 8 1 10 12 1 1 10 12 1 1 8 1 10 12 1 10 7 12 1 1 1 10 12 1 1 10 7 1 8 1 10 8 1 10 12 1 10 12 1 8 1 9 12 1 1 9 12 1 10 100 12 1 1 1 100 9 12 1 1 7 1 9 12 1 10 12 10 12 1 1 100 10 12 9 12 1 10 12 1 100 1 10 11 12 1 1 7 1 10 10 12 1 10 12 1 1 1 1 1 1 1 1 1 1 1 1 1 1 1 1 1 1 3 1 1 1 1 1 1 1 1 1 1 1 1 100 1 1 1 1 1 1 1 1 1 1 1 1 1 1 1 1 1 1 1 1 1 1 1 1 1 1 1 1 1 1 1 1 1 1 1 1 1 1 1 1 1 1 1 16 15 10 12 16 16 15 10 12 16 15 10 100 12 1 1 1 1 1 100 1 100 1 1
staticfield java/lang/ThreadGroup $assertionsDisabled Z 1
ciInstanceKlass java/lang/Thread$UncaughtExceptionHandler 1 0 16 100 1 100 1 1 1 1 1 1 1 1 100 1 1 1
ciInstanceKlass java/security/AccessControlContext 1 1 374 9 7 12 1 1 1 9 12 1 1 10 100 12 1 1 1 8 1 10 100 12 1 1 1 10 7 12 1 1 1 9 12 1 9 12 1 1 9 12 1 1 10 7 12 1 1 7 1 10 12 1 11 7 12 1 1 1 11 12 1 11 12 1 11 12 1 1 7 1 11 12 1 1 10 12 1 10 7 12 1 1 1 9 100 12 1 1 1 10 7 12 1 1 1 11 100 12 1 1 1 10 7 1 100 1 8 1 10 12 1 10 12 1 1 7 1 10 7 12 1 1 1 9 12 1 9 12 1 9 12 1 9 12 1 1 9 12 1 1 9 12 1 9 12 1 10 7 12 1 1 1 9 12 1 10 12 1 1 10 12 1 1 8 1 10 12 1 1 10 12 1 1 10 7 12 1 1 1 7 1 10 10 12 1 1 10 7 12 1 1 1 10 8 1 10 7 12 1 1 8 1 10 7 12 1 1 8 1 8 1 10 12 1 8 1 10 12 1 8 1 10 12 1 10 12 1 10 12 1 1 8 1 8 1 100 1 10 12 1 10 12 1 1 100 1 10 12 1 8 1 10 12 1 10 12 1 10 8 1 10 12 1 1 10 12 1 1 10 12 1 1 10 12 1 1 10 12 1 10 12 1 11 10 12 1 10 12 1 1 10 10 10 12 1 1 1 1 1 1 1 1 1 1 1 1 1 1 1 1 1 1 1 1 1 1 1 1 100 1 1 1 1 1 1 1 1 1 1 1 1 1 1 1 1 1 1 1 1 1 1 1 1 1 1 1 1 1 1 1 1 1 1 1 1 1 1 1 1 1 1 1 1 1 1 1 1 1 1 1 1 3 1 1
instanceKlass java/lang/ThreadBuilders$BoundVirtualThread
instanceKlass java/lang/VirtualThread
ciInstanceKlass java/lang/BaseVirtualThread 0 0 36 10 100 12 1 1 1 100 1 1 1 1 1 1 1 1 1 1 1 1 1 1 1 1 1 1 1 1 100 1 100 1 1 100 1 1
ciInstanceKlass java/lang/VirtualThread 0 0 907 9 7 12 1 1 1 10 7 12 1 1 1 10 100 12 1 1 1 10 7 12 1 1 1 9 12 1 1 9 12 1 1 100 1 10 12 1 9 12 1 1 18 12 1 1 9 12 1 1 10 12 1 1 100 1 10 12 1 10 12 1 1 10 12 1 1 10 12 1 1 10 12 1 10 7 12 1 10 12 1 10 12 1 10 12 1 10 12 1 11 100 12 1 1 1 100 1 10 12 1 1 10 100 12 1 1 1 10 100 12 1 1 1 10 12 1 100 1 10 10 12 1 10 12 1 1 9 12 1 1 10 12 1 1 9 12 1 1 10 12 1 9 12 1 1 9 12 1 100 1 10 10 12 1 10 100 12 1 1 10 9 10 10 12 1 1 10 12 1 1 10 100 12 1 1 10 100 1 10 9 10 10 12 1 7 1 10 12 1 1 10 12 1 10 12 1 10 12 1 1 9 12 1 10 12 1 10 12 1 9 12 1 1 10 12 1 10 12 1 9 12 1 1 10 12 1 10 12 1 10 12 1 11 100 12 1 1 10 12 1 1 10 12 1 1 10 12 1 1 9 12 1 10 100 1 10 12 1 1 10 12 1 1 10 12 1 10 12 1 10 12 1 10 12 9 12 1 1 10 100 12 1 1 10 12 1 10 12 1 1 10 100 12 1 1 10 12 1 100 1 8 1 10 12 1 10 12 1 1 10 12 1 10 12 1 10 100 12 1 1 10 12 1 10 12 1 1 10 12 1 10 12 1 1 10 7 12 1 1 10 12 1 1 10 12 1 1 100 1 10 10 12 1 7 1 9 12 1 1 10 7 12 1 1 10 9 12 1 1 18 9 100 12 1 1 1 11 100 12 1 1 1 11 100 1 11 12 10 12 1 10 12 1 1 10 12 1 100 1 10 10 12 1 10 12 1 1 10 12 1 1 10 12 1 10 12 1 10 12 1 9 12 1 1 11 100 12 1 1 10 12 9 100 12 1 1 1 9 12 1 10 12 1 1 9 12 1 9 12 1 9 12 1 7 1 10 10 12 1 1 10 12 1 10 12 7 1 7 1 10 8 1 10 12 1 1 10 12 1 10 12 1 10 10 12 1 8 1 10 10 12 1 10 12 1 10 7 12 1 1 8 1 8 1 10 9 100 12 1 1 1 10 12 1 1 10 12 1 10 10 10 12 9 12 1 10 12 1 1 9 12 1 10 12 1 1 9 12 1 10 12 1 1 18 12 1 1 18 12 1 10 7 12 1 1 1 8 1 10 100 12 1 1 1 10 7 12 1 1 1 18 12 1 10 100 12 1 1 1 100 1 10 12 1 8 1 10 12 1 8 1 10 12 1 1 8 1 8 1 10 100 12 1 1 8 1 10 12 1 8 1 8 1 10 100 12 1 1 1 10 12 1 10 12 1 1 10 12 1 18 12 1 1 18 12 1 1 5 0 9 12 1 10 12 1 18 12 1 100 1 10 12 10 7 12 1 1 10 12 1 1 7 1 8 1 10 10 12 1 10 12 1 1 10 12 1 9 12 1 8 10 12 1 1 8 8 9 12 1 8 10 12 1 1 3 1 3 1 3 1 3 1 3 1 3 1 3 1 3 1 3 1 3 1 3 1 3 3 1 3 1 1 1 1 1 1 1 1 1 1 1 1 1 1 7 1 1 1 1 1 1 1 1 1 1 1 1 1 1 7 1 1 1 1 1 1 1 1 1 1 1 7 1 1 1 1 1 1 1 1 1 1 1 1 1 1 1 1 1 1 1 1 1 1 1 1 1 1 1 1 1 1 1 1 1 1 1 1 1 1 1 100 1 1 1 1 1 1 1 1 1 1 1 1 1 1 1 1 1 1 1 1 1 1 1 1 1 1 1 1 1 1 1 1 1 1 1 100 1 1 1 1 1 1 1 1 1 1 1 1 1 1 100 1 1 16 15 10 12 15 16 15 10 12 16 15 10 12 16 16 15 10 12 16 15 10 12 16 15 10 12 16 15 10 12 16 1 15 10 100 12 1 1 1 1 1 1 1 7 1 1 100 1 100 1 1
ciInstanceKlass java/lang/ThreadBuilders$BoundVirtualThread 0 0 132 10 7 12 1 1 1 9 7 12 1 1 1 10 7 12 1 1 1 9 12 1 1 10 12 1 1 10 12 1 1 9 12 1 1 10 7 12 1 1 1 10 12 1 1 7 1 8 1 10 12 1 10 12 1 1 10 12 1 1 10 12 1 1 10 7 12 1 1 1 8 1 10 12 1 8 1 10 12 1 1 10 100 12 1 1 9 100 12 1 1 1 10 12 1 1 10 10 12 1 1 1 1 1 1 1 1 1 1 1 1 1 1 1 1 1 1 1 1 1 1 1 1 1 1 1 1 100 1 1 1 1
ciInstanceKlass jdk/internal/vm/ContinuationScope 0 0 50 10 100 12 1 1 1 10 100 12 1 1 1 100 1 9 100 12 1 1 1 10 12 1 1 10 100 12 1 1 1 10 12 1 1 10 12 1 1 1 1 1 1 1 1 1 1 1 1 1
ciInstanceKlass jdk/internal/vm/StackChunk 0 0 32 10 100 12 1 1 1 9 100 12 1 1 1 9 12 1 1 9 12 1 1 1 1 1 1 1 1 1 1 1 1 1
ciInstanceKlass java/lang/Float 1 1 279 7 1 7 1 10 100 12 1 1 1 10 100 12 1 1 1 4 7 1 10 12 1 1 10 12 1 1 8 1 8 1 10 7 12 1 1 1 10 12 1 1 10 12 1 1 10 100 1 4 10 7 12 1 1 9 12 1 1 10 12 1 1 10 12 1 10 10 12 1 1 10 12 1 10 12 1 3 3 100 1 4 4 4 3 10 12 1 1 9 12 1 1 100 1 10 3 3 4 4 10 12 1 3 3 3 10 12 1 1 10 12 1 1 10 12 1 10 100 12 1 1 1 10 12 1 1 10 12 1 1 10 7 12 1 1 1 8 1 10 12 1 1 9 12 1 1 7 1 7 1 7 1 1 1 1 4 1 4 1 1 1 4 1 1 3 1 3 1 3 1 3 1 3 1 1 1 1 5 0 1 1 1 1 1 1 1 1 1 1 100 1 1 1 1 1 1 1 1 1 1 1 1 1 3 1 1 1 1 1 1 1 1 1 1 1 1 1 1 1 1 1 1 1 1 1 1 1 1 1 1 1 1 1 1 1 1 1 1 1 1 1 1 1 1 1 1 1 1 1 1 1 1 1 1 1 1 1 1 1 1 1 1 1 1 1 7 1 1 1 1 1 1 1 100 1 100 1 1
staticfield java/lang/Float TYPE Ljava/lang/Class; java/lang/Class
staticfield java/lang/Float $assertionsDisabled Z 1
ciInstanceKlass java/lang/Double 1 1 290 7 1 7 1 10 100 12 1 1 1 10 12 1 1 10 7 1 10 12 1 1 10 100 12 1 1 1 6 0 8 1 10 12 1 1 8 1 10 12 1 1 8 1 6 0 10 12 1 1 100 1 5 0 5 0 8 1 8 1 10 7 12 1 1 1 10 7 12 1 1 1 8 1 10 12 1 1 8 1 8 1 8 1 10 12 1 1 10 12 1 10 12 1 1 10 12 1 10 12 1 10 12 1 1 10 12 1 10 7 1 6 0 10 7 12 1 1 9 12 1 1 10 12 1 10 12 1 10 12 1 10 12 1 10 12 1 5 0 10 12 1 1 10 12 1 10 12 1 10 100 12 1 1 1 10 12 1 1 10 12 1 1 8 1 10 7 12 1 1 1 9 12 1 1 7 1 7 1 7 1 1 1 6 0 1 6 0 1 6 0 1 1 1 6 0 1 1 3 1 3 1 3 1 3 1 3 1 1 1 1 5 0 1 1 1 1 1 1 1 1 1 1 1 1 1 1 1 1 100 1 1 1 1 1 1 1 1 1 1 1 1 3 1 1 1 1 1 1 1 1 1 1 1 1 1 1 1 1 1 1 1 1 1 1 1 1 1 1 1 1 1 1 1 1 1 1 7 1 1 1 1 1 1 1 100 1 100 1 1
staticfield java/lang/Double TYPE Ljava/lang/Class; java/lang/Class
ciInstanceKlass java/lang/Byte 1 1 213 7 1 100 1 10 7 12 1 1 1 9 12 1 1 8 1 9 12 1 1 7 1 10 12 1 1 10 12 1 1 10 100 12 1 1 1 10 100 12 1 1 1 9 7 12 1 1 1 10 12 1 1 100 1 7 1 10 12 1 1 8 1 10 12 1 1 8 1 10 12 1 10 12 1 10 12 1 10 12 1 1 10 12 1 10 12 1 10 12 1 1 10 8 1 8 1 10 7 1 9 12 1 1 10 12 1 1 10 12 1 1 10 12 1 1 10 12 1 5 0 10 12 1 1 8 1 10 7 12 1 1 1 9 12 1 1 7 1 7 1 1 1 3 1 3 1 1 1 1 3 1 3 1 1 5 0 1 1 1 1 1 1 1 1 1 1 1 1 1 1 1 1 1 1 1 1 1 1 1 1 1 1 1 1 1 1 1 1 1 1 1 1 1 1 1 1 1 1 1 1 1 1 1 1 1 1 1 1 1 1 1 1
staticfield java/lang/Byte TYPE Ljava/lang/Class; java/lang/Class
ciInstanceKlass java/lang/Short 1 1 222 7 1 7 1 100 1 10 7 12 1 1 1 10 12 1 1 100 1 7 1 10 12 1 1 8 1 10 12 1 1 8 1 10 12 1 10 12 1 10 12 1 10 12 1 1 10 12 1 1 10 12 1 9 12 1 1 8 1 9 12 1 1 7 1 10 12 1 1 10 12 1 10 100 12 1 1 1 10 100 12 1 1 1 9 100 12 1 1 1 10 12 1 10 12 1 1 10 8 1 8 1 10 7 1 9 12 1 1 10 12 1 1 10 12 1 1 10 12 1 1 10 12 1 3 3 5 0 10 12 1 1 8 1 10 7 12 1 1 1 9 12 1 1 7 1 7 1 1 1 3 1 3 1 1 1 1 3 1 3 1 1 5 0 1 1 1 1 1 1 1 1 1 1 1 1 1 1 1 1 1 1 1 1 1 1 1 1 1 1 1 3 1 1 1 1 1 1 1 1 1 1 1 1 1 1 1 1 1 1 1 1 1 1 1 1 1 1 1 1 1 1
staticfield java/lang/Short TYPE Ljava/lang/Class; java/lang/Class
ciInstanceKlass java/lang/Integer$IntegerCache 1 1 100 10 7 12 1 1 1 7 1 10 7 12 1 1 1 9 7 12 1 1 1 8 1 10 7 12 1 1 1 10 12 1 1 10 100 12 1 1 1 3 10 12 1 100 1 9 12 1 1 10 7 12 1 1 1 9 12 1 1 10 12 1 1 100 1 10 10 12 1 9 12 1 1 1 3 1 1 1 1 1 1 1 1 1 1 1 1 1 1 1 1 1 7 1 100 1 1 1 1 1
staticfield java/lang/Integer$IntegerCache high I 127
staticfield java/lang/Integer$IntegerCache cache [Ljava/lang/Integer; 256 [Ljava/lang/Integer;
staticfield java/lang/Integer$IntegerCache $assertionsDisabled Z 1
ciInstanceKlass java/lang/Long 1 1 524 7 1 7 1 7 1 7 1 10 12 1 1 9 12 1 1 9 7 12 1 1 1 10 100 12 1 1 1 10 12 1 1 10 100 12 1 1 1 10 10 12 10 12 1 10 12 1 10 12 1 5 0 5 0 7 1 10 12 1 1 10 12 1 1 10 12 1 10 12 1 10 12 1 10 12 1 1 10 100 12 1 1 10 12 1 10 12 1 1 10 12 1 1 10 12 1 1 10 12 1 1 10 7 12 1 1 1 10 12 1 1 10 12 1 10 12 1 10 12 1 10 12 1 1 10 10 12 1 5 0 5 0 9 12 1 1 9 12 1 5 0 100 1 8 1 10 12 1 8 1 10 12 1 8 1 8 1 10 12 1 1 5 0 10 12 1 1 5 0 10 12 1 1 10 12 1 1 10 100 12 1 1 1 11 7 1 10 12 1 1 11 10 12 1 1 8 1 10 12 1 1 8 1 7 1 10 12 1 1 10 12 1 8 1 8 1 11 12 1 1 10 12 1 10 12 1 10 12 1 5 0 5 0 9 7 12 1 1 1 10 12 1 10 12 1 1 8 1 8 1 10 12 1 1 8 1 8 1 8 1 8 1 8 1 8 1 10 12 1 10 7 1 9 12 1 1 10 12 1 10 12 1 1 10 12 1 1 10 7 12 1 1 1 100 1 100 1 10 12 1 1 10 12 1 1 5 0 10 12 1 10 12 1 5 0 5 0 5 0 10 12 1 1 10 12 1 5 0 5 0 10 12 1 10 12 1 10 100 12 1 1 1 10 12 1 1 10 12 1 1 8 1 10 7 12 1 1 1 9 12 1 1 7 1 7 1 7 1 1 1 1 5 0 1 1 1 1 3 1 3 1 5 0 1 1 1 1 1 1 1 1 1 100 1 1 1 1 1 1 1 1 1 1 1 1 1 1 1 1 1 1 1 1 1 1 1 1 1 1 1 1 1 1 1 1 1 1 1 1 1 1 1 1 1 1 1 1 1 1 1 1 1 1 1 1 1 1 1 3 1 1 1 1 1 1 1 1 1 1 1 1 1 1 1 7 1 1 1 1 1 1 1 1 1 1 1 1 1 1 1 1 1 1 1 1 1 1 1 1 1 1 1 1 1 1 1 1 1 1 1 1 1 1 1 1 1 1 1 7 1 1 1 1 1 1 1 1 1 100 1 100 1 1
staticfield java/lang/Long TYPE Ljava/lang/Class; java/lang/Class
ciInstanceKlass jdk/internal/vm/vector/VectorSupport 0 0 573 100 1 10 100 12 1 1 1 9 12 1 1 10 12 1 1 100 1 10 12 1 11 100 12 1 1 1 11 100 12 1 1 1 11 100 12 1 1 11 100 12 1 1 11 100 12 1 1 1 11 100 12 1 1 11 100 12 1 1 11 100 12 1 1 11 100 12 1 1 11 100 12 1 1 11 100 12 1 1 11 100 12 1 1 1 11 100 12 1 1 11 100 12 1 1 1 11 100 12 1 1 1 11 100 12 1 1 11 100 12 1 1 1 11 100 12 1 1 100 1 10 12 1 1 11 100 12 1 1 11 100 12 1 1 11 100 12 1 1 11 100 12 1 1 11 100 12 1 1 11 100 12 1 1 9 12 1 1 10 100 12 1 1 11 100 12 1 1 10 12 1 1 10 100 12 1 1 1 10 12 1 10 12 1 1 10 12 1 1 1 1 1 3 1 3 1 3 1 3 1 3 1 3 1 3 1 3 1 3 1 3 1 3 1 3 1 3 1 3 1 3 1 3 1 3 1 3 1 3 1 3 1 3 1 3 1 3 1 3 1 3 1 3 1 3 1 3 1 3 1 3 1 3 1 3 1 3 1 3 1 3 1 3 1 3 1 3 1 3 1 3 1 3 1 3 1 3 1 3 1 3 1 3 1 3 1 3 1 3 1 3 1 3 1 3 1 3 1 1 1 1 1 1 1 1 1 1 1 1 1 1 1 1 1 1 1 1 1 1 1 1 1 1 1 1 1 1 1 1 1 1 1 1 1 1 1 1 1 1 1 1 1 1 1 1 1 1 1 1 1 1 1 1 1 1 1 1 1 1 1 1 1 1 1 1 1 1 1 1 1 1 1 1 1 1 1 1 1 1 1 1 1 1 1 1 1 1 1 1 1 1 1 1 1 1 1 1 1 1 1 1 1 1 1 1 1 1 1 1 1 1 1 1 1 1 1 1 1 1 1 1 1 1 1 1 1 1 1 1 1 1 1 1 1 1 1 1 1 1 1 1 1 1 1 1 1 1 1 1 1 1 1 1 1 1 1 1 1 1 1 1 1 1 1 1 1 1 1 1 1 1 1 1 1 1 1 1 1 1 1 1 1 1 1 1 1 1 1 1 1 1 1 1 1 1 1 1 1 1 1 1 1 1 1 1 1 1 1 1 1 1 1 1 1 1 1 1 1 1 1 1 1 1 1 1 1 1 1 1 1 1 1 100 1 100 1 100 1 100 1 100 1 1 1 1 1 1 1 1 1 1 1 1 1 1 1 1 1 1 1 1 1 1 1 1 1 1 1 1 1 1 1
instanceKlass jdk/internal/vm/vector/VectorSupport$VectorShuffle
instanceKlass jdk/internal/vm/vector/VectorSupport$VectorMask
instanceKlass jdk/internal/vm/vector/VectorSupport$Vector
ciInstanceKlass jdk/internal/vm/vector/VectorSupport$VectorPayload 0 0 32 10 100 12 1 1 1 9 100 12 1 1 1 10 100 12 1 1 1 1 1 1 1 1 1 1 1 1 1 1 1 1
ciInstanceKlass jdk/internal/vm/vector/VectorSupport$Vector 0 0 28 10 100 12 1 1 1 100 1 1 1 1 1 1 1 1 1 1 1 1 1 1 1 100 1 1 1 1
ciInstanceKlass jdk/internal/vm/vector/VectorSupport$VectorMask 0 0 28 10 100 12 1 1 1 100 1 1 1 1 1 1 1 1 1 1 1 1 1 1 1 100 1 1 1 1
ciInstanceKlass jdk/internal/vm/vector/VectorSupport$VectorShuffle 0 0 28 10 100 12 1 1 1 100 1 1 1 1 1 1 1 1 1 1 1 1 1 1 1 100 1 1 1 1
ciInstanceKlass jdk/internal/vm/FillerObject 0 0 16 10 100 12 1 1 1 100 1 1 1 1 1 1 1 1
instanceKlass java/lang/ref/PhantomReference
instanceKlass java/lang/ref/FinalReference
instanceKlass java/lang/ref/WeakReference
instanceKlass java/lang/ref/SoftReference
ciInstanceKlass java/lang/ref/Reference 1 1 190 9 7 12 1 1 1 9 7 12 1 1 10 12 1 1 10 12 1 1 9 12 1 1 10 12 1 1 9 12 1 1 9 12 1 1 7 1 10 12 1 10 7 12 1 1 10 12 1 10 12 1 1 10 12 1 7 1 8 1 10 12 1 1 7 1 10 12 1 1 10 12 1 1 10 12 1 9 12 1 10 12 1 1 10 12 1 10 12 1 9 12 1 7 1 100 1 10 12 9 12 1 9 12 1 100 1 10 10 12 1 10 10 7 12 1 1 7 1 10 10 7 12 1 1 1 1 1 1 1 1 1 1 1 1 1 1 1 1 1 1 1 7 1 1 1 100 1 1 1 1 1 1 1 1 1 1 1 1 1 1 1 1 1 1 1 1 1 1 1 1 1 1 1 1 1 1 1 1 1 1 1 7 1 7 1 7 1 1 1
staticfield java/lang/ref/Reference processPendingLock Ljava/lang/Object; java/lang/Object
staticfield java/lang/ref/Reference $assertionsDisabled Z 1
instanceKlass sun/security/util/MemoryCache$SoftCacheEntry
instanceKlass java/lang/invoke/LambdaFormEditor$Transform
ciInstanceKlass java/lang/ref/SoftReference 1 1 47 10 7 12 1 1 1 9 7 12 1 1 1 9 12 1 10 12 1 10 12 1 1 1 1 1 1 1 1 1 1 1 1 1 1 1 1 1 1 1 1 100 1 1 1 1 1
instanceKlass java/util/logging/LogManager$LoggerWeakRef
instanceKlass java/util/logging/Level$KnownLevel
instanceKlass jdk/internal/util/WeakReferenceKey
instanceKlass java/lang/ThreadLocal$ThreadLocalMap$Entry
instanceKlass java/util/WeakHashMap$Entry
ciInstanceKlass java/lang/ref/WeakReference 1 1 31 10 7 12 1 1 1 10 12 1 100 1 1 1 1 1 1 1 1 1 1 1 1 1 1 1 1 1 1 1 1
instanceKlass java/lang/ref/Finalizer
ciInstanceKlass java/lang/ref/FinalReference 1 1 50 10 7 12 1 1 1 10 7 12 1 1 1 10 12 1 1 7 1 8 1 10 12 1 1 1 1 1 1 1 1 1 1 1 1 1 1 1 1 1 1 1 1 1 1 1 1 1 7 1
instanceKlass jdk/internal/ref/PhantomCleanable
instanceKlass jdk/internal/ref/Cleaner
ciInstanceKlass java/lang/ref/PhantomReference 1 1 39 10 100 12 1 1 1 10 7 12 1 1 1 1 1 1 1 1 1 1 1 1 1 1 1 1 1 1 1 1 1 1 1 1 1 1 1 1 1
ciInstanceKlass java/lang/ref/Finalizer 1 1 155 9 7 12 1 1 1 10 7 12 1 1 1 9 12 1 1 9 12 1 1 9 12 1 9 12 1 9 12 1 1 10 12 1 7 1 8 1 10 12 1 10 12 1 1 9 12 1 100 1 10 12 1 7 1 11 100 12 1 1 10 12 1 7 1 10 12 1 100 1 10 12 1 10 7 12 1 1 1 10 100 12 1 1 1 100 1 10 10 12 1 7 1 10 12 1 7 1 10 12 1 1 10 12 1 1 10 12 1 10 7 12 1 1 1 7 1 10 7 1 10 10 12 1 1 1 1 1 1 1 1 1 1 1 1 1 1 1 1 1 1 1 1 1 1 1 1 1 1 1 1 1 1 1 1
staticfield java/lang/ref/Finalizer lock Ljava/lang/Object; java/lang/Object
staticfield java/lang/ref/Finalizer ENABLED Z 1
staticfield java/lang/ref/Finalizer $assertionsDisabled Z 1
instanceKlass com/android/tools/r8/internal/mL
instanceKlass java/util/Locale$Category
instanceKlass com/android/tools/r8/internal/vW
instanceKlass com/android/tools/r8/internal/pd
instanceKlass com/android/tools/r8/internal/Cy0
instanceKlass com/android/tools/r8/internal/vY
instanceKlass com/android/tools/r8/internal/ca0
instanceKlass com/android/tools/r8/internal/F90
instanceKlass com/android/tools/r8/internal/da0
instanceKlass com/android/tools/r8/internal/Wa0
instanceKlass com/android/tools/r8/internal/lR
instanceKlass com/android/tools/r8/internal/Q90
instanceKlass com/android/tools/r8/internal/P90
instanceKlass com/android/tools/r8/internal/X90
instanceKlass com/android/tools/r8/internal/Ra0
instanceKlass com/android/tools/r8/internal/Qa0
instanceKlass com/android/tools/r8/internal/y90
instanceKlass com/android/tools/r8/internal/xa0
instanceKlass com/android/tools/r8/internal/QM
instanceKlass com/android/tools/r8/internal/Ga0
instanceKlass com/android/tools/r8/internal/Xy0
instanceKlass com/android/tools/r8/internal/Vy0
instanceKlass com/android/tools/r8/internal/Yy
instanceKlass java/util/stream/MatchOps$MatchKind
instanceKlass com/android/tools/r8/internal/If0
instanceKlass com/android/tools/r8/internal/SS
instanceKlass com/android/tools/r8/internal/Gx0
instanceKlass com/android/tools/r8/internal/vw
instanceKlass com/android/tools/r8/internal/U60$a
instanceKlass com/android/tools/r8/internal/W5
instanceKlass com/android/tools/r8/internal/XJ
instanceKlass com/android/tools/r8/internal/tX
instanceKlass com/android/tools/r8/internal/oy
instanceKlass com/android/tools/r8/internal/PK
instanceKlass com/android/tools/r8/internal/H6
instanceKlass com/android/tools/r8/internal/ze$a
instanceKlass com/android/tools/r8/internal/LY
instanceKlass com/android/tools/r8/internal/W8$a
instanceKlass com/android/tools/r8/internal/Ox0
instanceKlass com/android/tools/r8/graph/V2
instanceKlass com/android/tools/r8/internal/sa
instanceKlass com/android/tools/r8/internal/nb$a
instanceKlass com/android/tools/r8/internal/Eb$a
instanceKlass com/android/tools/r8/internal/aC
instanceKlass com/android/tools/r8/internal/MW
instanceKlass com/android/tools/r8/internal/I20
instanceKlass com/android/tools/r8/internal/Mx0
instanceKlass com/android/tools/r8/internal/Fs0$a
instanceKlass com/android/tools/r8/graph/k1
instanceKlass com/android/tools/r8/ir/optimize/N$a
instanceKlass com/android/tools/r8/graph/G3$k
instanceKlass com/android/tools/r8/internal/Ac0
instanceKlass com/android/tools/r8/ProgramResource$Kind
instanceKlass com/android/tools/r8/graph/C2
instanceKlass com/android/tools/r8/dex/W$b
instanceKlass com/android/tools/r8/AssertionsConfiguration$a
instanceKlass com/android/tools/r8/internal/QJ$i
instanceKlass com/android/tools/r8/internal/S70
instanceKlass sun/util/logging/PlatformLogger$Level
instanceKlass jdk/internal/logger/BootstrapLogger$LoggingBackend
instanceKlass com/android/tools/r8/internal/O40
instanceKlass com/android/tools/r8/internal/Vs
instanceKlass com/android/tools/r8/dex/W$a
instanceKlass java/util/stream/Collector$Characteristics
instanceKlass java/util/stream/StreamShape
instanceKlass java/util/stream/StreamOpFlag$Type
instanceKlass java/util/stream/StreamOpFlag
instanceKlass com/android/tools/r8/internal/B2
instanceKlass com/android/tools/r8/internal/ZV
instanceKlass java/nio/file/AccessMode
instanceKlass com/android/tools/r8/CompilationMode
instanceKlass com/android/tools/r8/internal/QJ$f
instanceKlass com/android/tools/r8/OutputMode
instanceKlass com/android/tools/r8/DiagnosticsLevel
instanceKlass java/math/RoundingMode
instanceKlass com/android/tools/r8/l
instanceKlass jdk/internal/icu/util/CodePointTrie$ValueWidth
instanceKlass jdk/internal/icu/util/CodePointTrie$Type
instanceKlass java/text/Normalizer$Form
instanceKlass java/time/temporal/ChronoUnit
instanceKlass java/time/temporal/ChronoField
instanceKlass java/util/regex/Pattern$Qtype
instanceKlass sun/security/util/DisabledAlgorithmConstraints$Constraint$Operator
instanceKlass java/lang/System$Logger$Level
instanceKlass sun/security/rsa/RSAUtil$KeyType
instanceKlass sun/security/util/KnownOIDs
instanceKlass java/lang/invoke/MethodHandles$Lookup$ClassOption
instanceKlass java/lang/invoke/VarHandle$AccessType
instanceKlass java/lang/invoke/VarHandle$AccessMode
instanceKlass java/lang/invoke/MethodHandleImpl$Intrinsic
instanceKlass java/lang/invoke/LambdaForm$BasicType
instanceKlass java/lang/invoke/LambdaForm$Kind
instanceKlass sun/invoke/util/Wrapper
instanceKlass java/util/zip/ZipCoder$Comparison
instanceKlass java/nio/file/LinkOption
instanceKlass java/util/concurrent/TimeUnit
instanceKlass sun/nio/fs/WindowsPathType
instanceKlass java/nio/file/StandardOpenOption
instanceKlass java/io/File$PathStatus
instanceKlass java/lang/module/ModuleDescriptor$Requires$Modifier
instanceKlass java/lang/reflect/AccessFlag$Location
instanceKlass java/lang/reflect/AccessFlag
instanceKlass java/lang/module/ModuleDescriptor$Modifier
instanceKlass java/lang/reflect/ClassFileFormatVersion
instanceKlass java/lang/Thread$State
ciInstanceKlass java/lang/Enum 1 1 204 9 7 12 1 1 1 9 12 1 1 10 7 12 1 1 1 9 12 1 10 7 12 1 1 1 100 1 10 10 12 1 1 10 12 1 7 1 10 10 7 12 1 1 10 12 1 1 18 12 1 1 10 100 12 1 1 1 10 12 1 1 11 7 12 1 1 1 100 1 8 1 10 12 1 100 1 7 1 10 8 1 10 12 1 1 10 12 1 1 8 1 10 12 1 10 100 1 8 1 10 10 12 1 1 10 100 12 1 1 1 7 1 7 1 7 1 1 1 1 1 1 1 1 1 1 1 1 1 1 1 1 1 1 1 1 1 1 1 1 1 1 1 1 1 1 1 1 1 1 1 1 1 1 1 1 1 1 1 1 1 1 1 3 1 1 1 1 100 1 7 1 1 100 1 1 1 1 1 1 1 1 1 1 1 16 15 10 12 16 15 10 100 12 1 1 1 1 1 100 1 100 1 1
ciInstanceKlass java/lang/reflect/Method 1 1 472 9 7 12 1 1 1 10 100 12 1 1 1 10 100 12 1 1 9 12 1 1 10 12 1 1 10 12 1 1 10 100 12 1 1 10 7 12 1 1 1 9 12 1 1 9 12 1 9 12 1 1 9 12 1 9 12 1 9 12 1 1 9 12 1 9 12 1 1 9 12 1 9 12 1 9 12 1 1 100 1 8 1 10 12 1 10 12 1 9 12 1 1 8 1 10 7 12 1 1 10 7 12 1 1 1 10 12 1 1 10 12 1 1 10 12 1 10 12 1 1 10 12 1 1 9 100 12 1 1 1 10 12 1 1 10 12 10 100 12 1 1 10 12 1 1 10 12 1 10 12 1 10 12 1 10 7 12 1 1 1 10 12 1 1 10 7 1 10 7 12 1 1 1 10 100 12 1 1 10 12 1 1 10 12 1 1 10 12 1 10 7 12 1 1 1 10 12 1 10 8 1 10 12 1 10 12 1 100 1 8 1 8 1 8 1 10 12 1 10 12 1 1 10 12 1 1 10 10 12 1 1 10 12 1 11 7 1 10 12 1 9 12 1 1 10 12 1 1 10 12 1 10 12 1 1 10 12 1 1 11 7 12 1 1 1 11 12 1 9 12 1 1 10 12 1 10 12 1 10 12 1 10 12 1 10 12 1 10 12 1 9 12 1 1 10 7 12 1 1 1 10 7 12 1 1 10 12 1 1 10 100 12 1 1 1 10 100 12 1 1 1 10 100 12 1 1 1 11 100 12 1 1 1 10 100 12 1 1 1 100 1 100 1 100 1 10 12 1 10 12 1 1 10 12 1 100 1 8 1 10 12 1 10 10 12 1 1 10 12 1 1 10 12 1 1 10 12 1 1 8 1 10 12 1 1 1 1 1 1 1 1 1 1 1 1 1 1 1 1 1 1 1 1 1 1 1 1 1 1 1 1 1 1 1 1 1 1 1 1 1 1 1 1 1 1 1 1 1 1 1 1 1 1 1 1 1 100 1 100 1 100 1 1 1 1 1 1 1 1 1 1 1 1 1 1 1 1 1 1 1 1 1 1 1 1 1 1 1 1 1 1
ciInstanceKlass java/lang/reflect/Field 1 1 457 9 7 12 1 1 1 10 12 1 1 10 100 12 1 1 1 10 100 12 1 1 9 12 1 1 10 12 1 1 10 12 1 1 10 100 12 1 1 10 7 12 1 1 1 9 12 1 1 9 12 1 9 12 1 9 12 1 1 9 12 1 1 9 12 1 9 12 1 1 9 12 1 1 100 1 8 1 10 12 1 10 12 1 9 12 1 1 9 12 1 10 12 1 10 7 12 1 1 10 12 1 1 10 12 1 1 10 12 1 10 12 1 1 9 100 12 1 1 1 10 100 12 1 1 1 100 1 10 12 1 1 10 12 1 1 10 12 1 1 10 12 1 10 12 1 10 7 1 10 7 12 1 1 7 1 10 8 1 10 12 1 1 10 12 1 1 8 1 10 12 10 12 1 8 1 8 1 10 11 7 1 9 12 1 10 12 1 1 10 12 1 1 11 7 12 1 1 1 10 12 1 11 12 1 1 11 12 1 1 11 12 1 1 11 12 1 1 11 12 1 1 11 12 1 1 11 12 1 1 11 12 1 1 11 12 1 1 11 12 1 1 11 12 1 1 11 12 1 1 11 12 1 1 11 12 1 1 11 12 1 1 11 12 1 1 11 12 1 1 10 12 1 10 7 12 1 1 10 12 1 10 12 1 10 12 1 9 12 1 1 10 100 12 1 1 1 10 12 1 1 10 12 1 10 100 12 1 1 10 12 1 1 11 7 1 10 12 1 7 1 10 100 12 1 1 1 10 100 12 1 1 1 9 12 1 10 100 12 1 1 1 11 100 12 1 1 1 10 12 1 1 10 12 1 1 9 100 12 1 1 10 100 12 1 1 1 10 12 1 1 7 1 1 1 1 1 1 1 1 1 1 1 1 1 1 1 1 1 1 1 1 1 1 1 1 1 1 1 1 1 1 1 1 1 1 1 1 1 1 1 100 1 1 1 1 1 1 1 1 1 1 1 1 1 1 1 1 1 1 1 1 1 1 1 1 1 1 1 1 1 1 1 1 7 1 1 1 1 1 1 1 1 1 100 1 1
ciInstanceKlass java/lang/reflect/Parameter 0 0 243 10 7 12 1 1 1 9 7 12 1 1 1 9 12 1 1 9 12 1 1 9 12 1 10 12 1 1 10 12 1 1 10 7 12 1 1 1 7 1 10 10 12 1 1 11 7 12 1 1 1 10 12 1 10 100 12 1 1 1 10 12 1 1 10 12 1 10 12 1 8 1 8 1 10 7 12 1 1 1 10 12 1 10 12 9 100 12 1 1 1 10 100 12 1 1 1 10 12 1 8 1 10 12 1 9 12 1 1 10 12 1 1 9 12 1 1 10 12 1 1 10 12 1 1 10 12 1 1 10 12 1 10 10 12 1 10 100 12 1 1 1 10 12 1 1 11 7 12 1 1 10 7 12 1 1 7 1 10 100 12 1 1 1 10 12 1 1 10 12 1 1 10 12 1 1 10 12 1 1 9 12 1 100 1 10 11 12 1 1 11 12 1 1 7 1 1 1 1 1 1 1 1 1 1 1 1 1 1 1 1 1 1 1 1 1 1 1 1 1 1 1 1 1 1 1 1 1 1 1 1 1 1 1 1 1 100 1 1 1 1 1 1
ciInstanceKlass java/lang/reflect/RecordComponent 0 0 196 10 7 12 1 1 1 9 7 12 1 1 1 9 12 1 1 9 12 1 10 12 1 1 10 12 1 1 10 100 12 1 1 1 10 12 1 1 9 12 1 1 10 12 1 1 10 12 1 1 10 12 1 10 100 12 1 1 10 100 12 1 1 9 12 1 1 10 100 12 1 1 1 11 100 12 1 1 1 10 9 100 12 1 1 1 10 100 12 1 1 1 9 12 1 1 10 100 12 1 1 1 10 12 1 1 11 7 12 1 1 10 7 12 1 1 7 1 9 12 1 9 12 1 1 9 12 1 10 100 12 1 1 1 10 12 1 1 10 12 1 1 7 1 10 10 12 1 10 12 1 1 8 1 10 12 1 10 12 1 9 12 1 7 1 1 1 1 1 1 1 1 1 1 1 1 1 1 1 1 1 1 1 1 1 1 7 1 1 1 1 1 1 100 1 1
ciInstanceKlass java/lang/StringBuffer 1 1 483 10 7 12 1 1 1 10 12 1 10 12 1 10 12 1 1 9 7 12 1 1 1 10 12 1 1 10 12 1 10 12 1 1 9 12 1 1 10 12 1 10 12 1 1 10 12 1 1 10 12 1 10 12 1 1 10 12 1 10 12 1 1 10 12 1 1 10 7 12 1 1 1 10 12 1 1 10 12 1 10 12 1 10 12 1 10 12 1 10 12 1 10 12 1 10 12 1 10 12 1 10 12 1 10 12 1 10 12 1 10 12 1 10 12 1 10 12 1 1 10 12 1 10 12 1 1 10 12 1 1 10 10 12 1 1 10 12 1 10 12 1 10 12 1 10 12 1 10 12 1 10 12 1 10 12 10 12 1 10 12 1 10 12 1 10 12 1 1 10 12 1 10 12 1 10 10 12 1 1 10 12 1 10 12 1 10 12 1 10 10 100 12 1 1 1 10 10 12 1 1 9 12 1 1 10 100 12 1 1 10 100 1 8 10 100 12 1 1 1 8 10 12 1 8 1 10 12 1 10 12 1 10 100 12 1 1 1 10 100 12 1 1 1 7 1 10 12 100 1 8 1 10 10 12 1 1 10 12 1 1 10 12 1 10 12 1 10 12 1 1 10 12 1 10 12 1 10 12 1 10 12 1 10 12 1 10 12 10 12 1 10 12 1 10 12 1 10 12 1 10 12 1 10 12 1 10 12 1 10 12 1 10 12 1 10 12 1 10 12 10 12 10 12 1 10 12 1 10 12 1 10 12 10 12 1 10 12 1 10 12 1 10 12 1 10 12 1 10 12 1 10 12 1 10 12 1 10 12 1 10 12 1 10 12 1 7 1 10 12 1 9 7 12 1 1 1 9 7 1 9 12 1 1 7 1 7 1 7 1 7 1 1 1 1 5 0 1 1 1 1 1 1 1 1 1 1 1 1 1 1 1 1 1 1 1 1 1 1 1 1 1 1 1 1 1 1 1 1 1 1 1 1 1 1 1 1 1 1 1 1 1 1 1 1 1 1 1 1 1 1 1 1 1 1 1 1 1 100 1 1 1 1 1 7 1 1 1 1 1 1 1 1 1 1 1 1 1 1 1 1 1 1
staticfield java/lang/StringBuffer serialPersistentFields [Ljava/io/ObjectStreamField; 3 [Ljava/io/ObjectStreamField;
instanceKlass jdk/internal/loader/BuiltinClassLoader
ciInstanceKlass java/security/SecureClassLoader 1 1 102 10 7 12 1 1 1 7 1 10 12 1 9 7 12 1 1 1 10 12 1 10 12 1 10 12 1 1 10 12 1 1 10 12 1 7 1 10 7 1 10 12 1 7 1 10 12 1 11 7 12 1 1 1 7 1 11 12 1 10 12 1 1 1 1 1 1 1 1 1 1 1 1 1 1 1 1 1 1 1 1 1 1 1 1 1 1 1 1 1 1 1 1 1 1 1 1 100 1 1 1 1
ciInstanceKlass java/util/jar/Manifest 1 1 339 10 7 12 1 1 1 7 1 10 9 7 12 1 1 1 7 1 10 9 12 1 1 9 12 1 1 10 12 1 10 12 1 1 10 12 1 1 10 12 1 1 10 12 1 1 11 7 1 11 12 1 1 10 12 1 1 10 100 12 1 1 1 100 1 7 1 10 8 1 10 12 1 1 10 12 1 1 10 12 1 10 12 1 11 100 1 10 12 1 10 12 1 1 11 12 1 1 10 12 1 11 12 1 1 11 100 12 1 1 1 11 7 12 1 1 11 12 1 1 100 1 10 12 1 8 1 11 12 1 7 1 10 12 1 1 11 12 1 10 12 1 10 12 1 10 7 12 1 1 1 8 1 10 12 1 1 10 9 7 12 1 1 1 10 12 1 1 10 100 12 1 10 12 1 10 12 1 9 100 12 1 1 1 8 1 10 12 1 8 1 8 1 7 1 10 12 1 10 12 1 10 12 1 1 100 1 8 1 10 12 1 1 8 1 10 10 12 1 1 8 1 10 12 1 1 10 7 12 1 1 1 10 12 1 10 11 12 1 1 10 12 1 10 7 12 1 1 1 10 12 1 1 10 12 1 10 12 1 1 11 10 12 1 11 10 12 1 7 1 1 1 1 1 1 1 1 1 1 1 1 1 1 1 1 1 1 1 1 1 1 1 1 1 1 1 1 1 1 1 1 1 1 1 1 1 1 1 1 1 1 1 100 1 1 1 1 1 1 1 1 1 1 1 1 1 1 7 1 1 1 1 1 1 1 1 1 1 1
ciInstanceKlass java/io/ByteArrayInputStream 1 1 117 10 7 12 1 1 1 9 7 12 1 1 1 9 12 1 1 9 12 1 9 12 1 10 100 12 1 1 1 10 7 12 1 1 1 10 7 12 1 1 1 10 100 12 1 1 1 10 12 1 1 3 10 100 1 10 100 12 1 1 1 9 12 1 1 100 1 10 10 7 12 1 1 1 1 1 1 1 1 1 1 1 1 1 1 1 1 1 1 1 1 1 1 1 1 1 1 1 1 1 1 1 100 1 1 1 1 1 1 1 1 1 1 1 1 1 1
staticfield java/io/ByteArrayInputStream $assertionsDisabled Z 1
instanceKlass java/nio/IntBuffer
instanceKlass java/nio/LongBuffer
instanceKlass java/nio/CharBuffer
instanceKlass java/nio/ByteBuffer
ciInstanceKlass java/nio/Buffer 1 1 256 100 1 10 7 12 1 1 1 9 7 12 1 1 1 9 12 1 9 12 1 1 9 12 1 9 12 1 1 10 12 1 1 10 12 1 1 10 12 100 1 7 1 10 8 1 10 12 1 1 10 12 1 8 1 8 1 10 12 1 1 10 12 1 8 1 9 12 1 1 100 1 8 1 10 12 1 8 1 8 1 9 12 10 12 1 8 1 8 1 8 1 10 12 1 8 1 8 1 8 1 100 1 10 100 1 10 100 1 10 9 12 1 1 10 7 12 1 1 1 100 1 10 12 1 1 10 12 1 10 100 12 1 1 10 7 12 1 1 1 10 7 12 1 1 1 9 12 1 1 10 7 12 1 1 1 9 12 1 1 7 1 10 10 12 1 1 7 1 10 10 7 12 1 1 1 1 1 3 1 1 1 1 1 1 1 1 1 1 1 1 1 1 100 1 1 1 1 1 1 1 7 1 1 1 1 1 1 1 1 1 1 1 1 1 1 1 1 1 1 1 1 1 1 1 1 1 1 1 1 1 1 1 1 1 1 1 1 1 1 1 100 1 100 1 100 1 100 1 100 1 100 1 100 1 1
staticfield java/nio/Buffer UNSAFE Ljdk/internal/misc/Unsafe; jdk/internal/misc/Unsafe
staticfield java/nio/Buffer SCOPED_MEMORY_ACCESS Ljdk/internal/misc/ScopedMemoryAccess; jdk/internal/misc/ScopedMemoryAccess
staticfield java/nio/Buffer IOOBE_FORMATTER Ljava/util/function/BiFunction; jdk/internal/util/Preconditions$4
staticfield java/nio/Buffer $assertionsDisabled Z 1
ciInstanceKlass java/util/Objects 1 1 184 10 7 12 1 1 1 100 1 8 1 10 12 1 10 12 1 1 10 7 12 1 1 1 10 12 1 1 10 12 1 10 7 12 1 1 1 10 12 1 1 10 7 12 1 1 1 7 1 10 10 12 1 1 10 7 12 1 1 10 12 1 1 8 1 10 7 12 1 1 1 10 7 12 1 1 1 10 11 100 12 1 1 1 100 1 10 10 12 1 8 1 10 12 1 8 1 100 1 11 12 1 1 8 1 10 7 12 1 1 1 10 12 1 1 10 12 1 10 12 1 10 12 1 10 12 1 1 1 1 1 1 1 1 1 1 1 1 1 1 1 1 1 1 1 1 1 1 1 1 1 1 1 1 1 1 1 1 1 1 1 1 1 1 1 1 1 1 1 1 1 1 1 1 1 1 1 1 1 1 1 1 1 1
ciMethod java/util/Objects requireNonNull (Ljava/lang/Object;)Ljava/lang/Object; 746 0 5586168 0 -1
instanceKlass java/util/Collections$CopiesList
instanceKlass java/util/Collections$SingletonList
instanceKlass java/util/ArrayList$SubList
instanceKlass java/util/Vector
instanceKlass sun/security/jca/ProviderList$ServiceList
instanceKlass java/util/Arrays$ArrayList
instanceKlass sun/security/jca/ProviderList$3
instanceKlass java/util/AbstractSequentialList
instanceKlass java/util/Collections$EmptyList
instanceKlass java/util/ArrayList
ciInstanceKlass java/util/AbstractList 1 1 218 10 7 12 1 1 1 9 7 12 1 1 1 10 12 1 1 10 12 1 1 100 1 10 10 12 1 1 11 100 12 1 1 1 11 12 1 1 11 12 1 10 7 12 1 1 1 10 12 1 11 12 1 11 12 1 11 12 1 10 12 1 1 10 12 1 1 11 7 12 1 1 1 11 7 1 11 100 1 10 12 1 100 1 10 12 1 10 12 1 1 7 1 100 1 10 12 1 100 1 10 100 1 7 1 10 8 1 10 12 1 1 10 12 1 10 12 1 1 10 12 1 8 1 100 1 8 1 8 1 8 1 10 7 1 11 10 10 12 1 11 12 1 10 12 1 1 8 1 8 1 1 1 1 1 1 1 1 1 1 1 1 1 1 1 1 1 1 1 1 1 1 1 1 1 1 1 1 1 1 1 1 1 1 1 1 1 1 1 1 1 1 1 1 1 1 1 1 1 1 1 1 1 1 1 1 1 1 100 1 100 1 1 1 1 1 1 1
ciInstanceKlass java/util/List 1 1 251 10 100 12 1 1 1 11 100 12 1 1 1 11 100 12 1 1 1 11 12 1 1 11 100 12 1 1 11 12 1 1 11 12 1 1 10 100 12 1 1 1 100 1 100 1 10 12 1 1 100 1 10 100 12 1 1 1 11 12 1 1 11 12 1 11 12 1 100 1 10 12 1 11 12 1 1 11 12 1 1 11 12 1 10 100 12 1 1 1 9 7 12 1 1 1 7 1 10 12 10 12 1 7 1 10 12 1 1 10 12 1 10 12 1 1 11 12 1 1 100 1 1 1 1 1 1 1 1 1 1 1 1 1 1 1 1 1 1 1 1 1 1 1 1 1 1 1 1 1 1 1 1 1 1 1 1 1 1 1 1 1 1 1 1 100 1 100 1 1 1 1 1 1 1 1 1 1 1 1 1 1 1 1 1 1 1 1 1 1 1 1 1 1 1 1 1 1 1 1 1 1 1 1 1 1 1 1 1 1 1 1 1 1 1 1 1 1 1 1 1 1 1 1 1 1 1 1 1 1 1 1 1 1 1 1 1 1 1 1 1 1 1 1 100 1 1 100 1 1 1
ciInstanceKlass java/util/SequencedCollection 1 1 109 100 1 10 12 1 1 11 7 12 1 1 1 11 7 12 1 1 1 11 12 1 1 11 12 1 7 1 7 1 1 1 1 1 1 1 1 1 1 1 1 1 1 1 1 1 1 1 1 1 1 1 1 1 1 1 1 1 100 1 8 1 1 12 10 1 1 1 8 1 1 1 8 1 1 1 8 1 1 1 8 1 1 8 1 1 1 8 1 1 8 1 1 1 8 1 1 8 1 1 1 8 1 1 8 1 1 8 1
ciInstanceKlass java/util/Collection 1 1 115 11 100 12 1 1 1 100 1 11 7 12 1 1 1 10 7 12 1 1 1 11 12 1 1 11 7 12 1 1 1 11 12 1 1 11 7 12 1 1 1 11 12 1 1 10 100 12 1 1 1 11 12 1 10 7 12 1 1 1 100 1 100 1 1 1 1 1 1 1 1 1 1 1 1 1 1 1 1 1 1 1 1 1 1 1 1 1 1 1 1 1 1 1 1 1 1 1 1 1 1 1 1 1 1 1 1 1 1 1 1 1 1 1 1
ciInstanceKlass java/lang/Iterable 1 1 62 10 7 12 1 1 1 11 7 12 1 1 1 11 7 12 1 1 1 11 12 1 1 11 7 12 1 1 1 10 100 12 1 1 1 100 1 1 1 1 1 1 1 1 1 1 1 1 1 1 1 1 1 1 1 1 1 1 1 1 1 1
ciMethod java/util/List isEmpty ()Z 0 0 1 0 -1
ciMethod java/util/List add (Ljava/lang/Object;)Z 0 0 1 0 -1
ciMethod java/util/List iterator ()Ljava/util/Iterator; 0 0 1 0 -1
instanceKlass com/android/tools/r8/internal/x0
instanceKlass com/android/tools/r8/internal/V0
instanceKlass java/util/IdentityHashMap$Values
instanceKlass com/android/tools/r8/internal/W
instanceKlass com/android/tools/r8/internal/y1
instanceKlass com/android/tools/r8/internal/b1
instanceKlass java/util/AbstractQueue
instanceKlass java/util/HashMap$Values
instanceKlass com/android/tools/r8/internal/kC
instanceKlass java/util/LinkedHashMap$LinkedValues
instanceKlass java/util/ArrayDeque
instanceKlass java/util/AbstractSet
instanceKlass java/util/ImmutableCollections$AbstractImmutableCollection
instanceKlass java/util/AbstractList
ciInstanceKlass java/util/AbstractCollection 1 1 160 10 7 12 1 1 1 10 7 12 1 1 1 10 12 1 1 11 7 12 1 1 1 11 12 1 1 10 12 1 1 10 100 12 1 1 1 10 12 1 1 10 12 1 1 10 7 12 1 1 10 7 12 1 1 1 7 1 10 7 12 1 1 1 10 100 12 1 1 1 100 1 10 11 12 1 11 7 1 10 12 1 10 12 1 10 7 12 1 1 1 11 8 1 7 1 10 10 12 1 1 8 1 10 12 1 10 12 1 1 1 1 1 1 1 1 1 1 1 1 1 1 1 1 1 1 1 1 1 1 1 1 1 1 1 1 1 1 1 1 1 1 1 1 1 1 1 1 1 1 1 1 1 1 1 1 1 1 1 1
ciMethod java/util/AbstractCollection size ()I 0 0 1 0 -1
ciMethod java/util/AbstractCollection isEmpty ()Z 784 0 1617333 0 120
ciInstanceKlass java/lang/AssertionStatusDirectives 0 0 24 10 100 12 1 1 1 100 1 1 1 1 1 1 1 1 1 1 1 1 1 1 1 1
instanceKlass com/android/tools/r8/internal/r10
instanceKlass java/lang/SecurityException
instanceKlass com/android/tools/r8/internal/ew0
instanceKlass com/android/tools/r8/kotlin/p
instanceKlass com/android/tools/r8/graph/v4
instanceKlass com/android/tools/r8/internal/cw0
instanceKlass com/android/tools/r8/internal/hw0
instanceKlass com/android/tools/r8/internal/ML
instanceKlass com/android/tools/r8/internal/Wv0
instanceKlass com/android/tools/r8/internal/lK
instanceKlass java/util/ConcurrentModificationException
instanceKlass java/util/NoSuchElementException
instanceKlass java/lang/IndexOutOfBoundsException
instanceKlass com/android/tools/r8/internal/mK
instanceKlass com/android/tools/r8/internal/g
instanceKlass com/android/tools/r8/internal/Qf
instanceKlass java/lang/UnsupportedOperationException
instanceKlass java/io/UncheckedIOException
instanceKlass java/lang/IllegalStateException
instanceKlass com/android/tools/r8/internal/zv
instanceKlass com/android/tools/r8/internal/J8
instanceKlass java/lang/IllegalArgumentException
instanceKlass java/lang/ArithmeticException
instanceKlass java/lang/NullPointerException
instanceKlass java/lang/IllegalMonitorStateException
instanceKlass java/lang/ArrayStoreException
instanceKlass java/lang/ClassCastException
ciInstanceKlass java/lang/RuntimeException 1 1 40 10 7 12 1 1 1 10 12 1 10 12 1 10 12 1 10 12 1 100 1 1 1 1 5 0 1 1 1 1 1 1 1 1 1 1 1 1 1 1
instanceKlass java/util/stream/Collectors$CollectorImpl
instanceKlass java/security/SecureClassLoader$CodeSourceKey
instanceKlass sun/security/pkcs/SignerInfo$AlgorithmInfo
instanceKlass jdk/internal/misc/ThreadTracker$ThreadRef
instanceKlass jdk/internal/reflect/ReflectionFactory$Config
instanceKlass jdk/internal/foreign/abi/UpcallLinker$CallRegs
instanceKlass jdk/internal/foreign/abi/VMStorage
ciInstanceKlass java/lang/Record 1 1 22 10 7 12 1 1 1 100 1 1 1 1 1 1 1 1 1 1 1 1 1 1
ciInstanceKlass java/lang/invoke/MethodType 1 1 780 7 1 10 7 12 1 1 1 9 12 1 1 9 12 1 1 9 12 1 1 10 7 12 1 1 1 9 7 12 1 1 8 1 10 100 12 1 1 1 9 7 1 9 7 1 10 12 1 1 7 1 10 8 1 10 12 1 1 10 12 1 10 12 1 1 7 1 8 1 10 12 1 100 1 10 10 12 1 10 12 1 1 10 12 1 1 11 7 12 1 1 1 9 12 1 11 12 1 1 7 10 12 1 1 10 12 1 1 7 1 7 1 10 7 12 1 1 1 10 12 1 10 12 1 9 12 1 1 10 7 12 1 1 10 12 1 1 10 7 12 1 1 1 10 7 12 1 1 1 10 12 1 9 12 1 1 10 12 1 1 10 12 1 1 10 12 1 1 10 12 1 1 10 12 1 1 10 12 1 10 12 1 10 12 1 1 10 12 1 8 1 8 1 10 12 1 1 9 12 1 1 100 1 10 10 12 1 1 10 12 1 10 12 1 1 10 12 1 1 10 12 1 10 12 1 10 12 1 8 1 10 12 1 1 10 100 12 1 1 1 10 12 1 10 12 1 1 10 12 1 10 12 1 10 12 1 1 10 12 1 10 12 1 9 12 1 10 12 1 10 10 12 1 1 10 12 1 9 12 1 1 10 12 1 1 11 12 1 1 10 12 1 1 10 12 1 10 12 1 100 1 8 1 8 1 8 1 10 12 1 10 12 1 10 12 1 1 10 10 12 1 11 12 1 1 11 12 1 10 100 12 1 1 1 9 12 1 10 12 1 10 12 1 1 10 12 1 1 10 12 1 10 12 1 10 100 12 1 1 1 10 12 1 1 10 12 1 10 12 1 10 12 1 10 9 12 1 1 7 1 10 12 1 10 12 1 1 9 100 12 1 1 1 10 7 12 1 1 1 10 7 12 1 1 1 10 12 1 1 10 7 12 1 1 1 10 12 1 1 8 1 10 7 12 1 1 1 11 12 1 1 9 12 1 1 10 12 1 1 10 12 1 10 12 1 1 10 12 1 1 10 100 12 1 1 100 1 10 12 1 1 11 100 12 1 1 18 12 1 1 11 12 1 1 18 12 1 11 12 1 100 1 11 100 12 1 1 10 12 1 100 1 10 12 1 10 100 12 1 1 10 12 1 1 9 12 1 1 9 100 12 1 1 1 10 7 12 1 1 1 9 12 1 10 100 12 1 1 10 12 1 100 10 12 1 1 10 12 1 7 1 10 10 12 1 1 7 1 7 1 9 12 1 1 7 1 7 1 7 1 1 1 5 0 1 1 1 1 1 1 1 3 1 3 1 3 1 1 1 1 1 1 1 1 1 1 1 1 1 1 1 1 1 1 1 1 1 1 1 1 1 1 1 1 1 1 1 1 1 1 1 1 1 1 1 1 1 1 1 1 1 1 1 1 1 1 1 1 1 1 1 1 1 1 1 1 1 1 1 1 1 1 1 1 1 1 1 1 1 1 1 1 1 1 1 1 1 1 1 1 1 1 1 1 1 1 1 1 1 1 1 1 1 1 1 1 1 1 1 1 1 1 1 1 1 1 1 1 1 1 1 1 1 1 1 1 1 1 1 1 1 1 1 1 1 1 100 1 100 1 1 1 1 1 1 1 1 1 1 1 1 1 100 1 1 1 7 1 1 1 1 1 1 1 1 1 1 1 1 1 1 1 1 1 1 1 1 1 1 16 15 10 12 16 16 15 10 12 16 15 10 100 12 1 1 1 1 1 7 1 1 7 1 1 100 1 100 1 1
staticfield java/lang/invoke/MethodType internTable Ljdk/internal/util/ReferencedKeySet; jdk/internal/util/ReferencedKeySet
staticfield java/lang/invoke/MethodType NO_PTYPES [Ljava/lang/Class; 0 [Ljava/lang/Class;
staticfield java/lang/invoke/MethodType objectOnlyTypes [Ljava/lang/invoke/MethodType; 20 [Ljava/lang/invoke/MethodType;
staticfield java/lang/invoke/MethodType METHOD_HANDLE_ARRAY [Ljava/lang/Class; 1 [Ljava/lang/Class;
staticfield java/lang/invoke/MethodType serialPersistentFields [Ljava/io/ObjectStreamField; 0 [Ljava/io/ObjectStreamField;
staticfield java/lang/invoke/MethodType $assertionsDisabled Z 1
ciInstanceKlass java/lang/invoke/TypeDescriptor$OfMethod 1 0 43 100 1 100 1 100 1 1 1 1 1 1 1 1 1 1 1 1 1 1 1 1 1 1 1 1 1 1 1 1 1 1 1 1 1 1 1 1 1 1 100 1 1
instanceKlass java/lang/InstantiationException
instanceKlass java/lang/IllegalAccessException
instanceKlass java/lang/reflect/InvocationTargetException
instanceKlass java/lang/NoSuchFieldException
instanceKlass java/lang/NoSuchMethodException
instanceKlass java/lang/ClassNotFoundException
ciInstanceKlass java/lang/ReflectiveOperationException 1 1 34 10 7 12 1 1 1 10 12 1 10 12 1 10 12 1 100 1 1 1 1 5 0 1 1 1 1 1 1 1 1 1 1 1
instanceKlass java/lang/invoke/DelegatingMethodHandle
instanceKlass java/lang/invoke/BoundMethodHandle
instanceKlass java/lang/invoke/DirectMethodHandle
ciInstanceKlass java/lang/invoke/MethodHandle 1 1 733 100 1 9 7 12 1 1 1 10 7 12 1 1 1 10 7 12 1 1 1 7 1 7 1 10 12 1 1 9 12 1 1 10 12 1 10 12 1 1 10 12 1 1 10 100 12 1 1 1 10 12 1 1 10 12 1 1 11 7 12 1 1 1 10 12 1 1 10 12 1 10 12 1 10 12 1 1 9 12 1 1 9 12 1 1 10 7 12 1 1 1 10 12 1 1 10 12 1 10 12 1 100 1 7 1 10 8 1 10 12 1 1 10 12 1 8 1 10 12 1 1 10 12 1 10 7 12 1 1 1 10 12 1 1 10 12 1 1 10 12 1 1 10 7 12 1 1 1 10 12 1 1 10 12 1 1 10 12 1 10 12 1 1 10 7 12 1 1 10 7 12 1 1 10 12 1 10 12 1 10 12 1 1 10 12 1 1 10 12 1 1 10 12 1 1 10 7 12 1 1 1 10 100 12 1 1 1 10 12 1 1 10 12 1 1 10 12 1 1 8 1 10 7 12 1 1 1 8 1 10 12 1 10 12 1 1 10 12 1 1 10 12 1 8 1 10 12 1 1 8 1 10 12 1 8 1 10 7 12 1 1 1 9 12 1 1 100 1 10 9 7 12 1 1 1 9 7 1 8 1 10 12 1 1 10 12 1 10 12 1 1 10 12 1 10 12 1 1 10 12 1 10 12 1 1 10 12 1 10 12 1 1 10 12 1 1 8 1 10 12 1 1 8 1 10 12 1 10 12 1 1 10 12 1 10 12 1 10 12 1 1 9 100 12 1 1 1 10 12 1 1 11 12 1 10 12 1 10 12 1 1 10 100 12 1 1 100 1 11 12 1 10 100 1 11 12 1 7 1 10 12 1 11 12 1 9 100 12 1 1 1 11 12 1 1 11 100 12 1 1 1 10 12 1 1 9 12 1 11 12 1 9 12 1 9 12 1 9 12 1 11 12 1 1 9 12 1 9 12 1 9 12 1 9 12 1 9 12 1 9 12 1 9 12 1 8 1 10 12 1 10 12 1 8 1 10 12 1 10 12 1 10 12 1 1 10 10 10 7 12 1 1 10 12 1 1 100 1 100 1 8 1 8 1 10 10 12 1 1 10 12 1 10 12 1 7 1 10 100 12 1 1 1 10 9 7 12 1 1 1 10 12 1 1 10 12 1 1 8 1 8 1 10 7 12 1 1 9 12 1 9 12 1 1 9 12 1 1 10 12 1 7 1 10 12 1 10 12 1 1 9 12 1 1 9 12 1 1 10 7 12 1 1 1 11 7 12 1 1 9 12 1 10 12 1 1 9 12 1 10 12 1 8 10 12 1 1 8 1 1 1 1 1 1 1 1 7 1 1 1 1 1 1 1 1 1 1 1 1 1 1 1 1 1 1 1 1 1 1 1 1 1 1 1 1 1 1 100 1 1 1 1 1 1 1 1 1 1 1 1 1 1 1 1 1 1 1 1 1 1 1 1 1 1 1 1 1 1 1 1 1 1 1 1 1 1 1 1 1 1 1 1 1 1 1 1 1 1 1 1 1 1 1 1 1 1 1 1 1 1 1 1 1 1 1 1 1 1 1 1 1 1 1 1 1 1 1 1 1 1 1 1 1 1 100 1 1 100 1 7 1 100 1 1 100 1 1 100 1 1 1 1
staticfield java/lang/invoke/MethodHandle FORM_OFFSET J 20
staticfield java/lang/invoke/MethodHandle UPDATE_OFFSET J 13
staticfield java/lang/invoke/MethodHandle $assertionsDisabled Z 1
ciInstanceKlass java/util/concurrent/ConcurrentHashMap 1 1 1210 7 1 7 1 3 10 12 1 1 3 7 1 10 7 12 1 1 1 7 1 10 7 12 1 1 1 7 1 11 12 1 1 11 12 1 11 12 1 1 9 12 1 1 9 12 1 1 9 12 1 10 7 12 1 1 1 7 1 10 12 1 1 10 12 1 1 10 7 12 1 1 1 4 10 12 1 9 12 1 10 12 1 1 100 1 10 5 0 10 12 1 10 12 1 1 5 0 10 12 1 1 10 12 1 9 12 1 1 10 12 1 1 9 12 1 9 12 1 1 10 12 1 1 9 12 1 10 12 1 1 9 12 1 1 10 12 1 1 100 1 10 7 1 10 12 1 10 12 1 1 10 12 1 1 10 12 1 1 10 12 1 10 12 1 1 10 12 1 1 7 1 10 12 1 1 7 1 100 1 8 1 10 12 1 10 12 1 1 10 12 1 1 11 7 12 1 1 10 12 1 1 11 12 1 1 11 7 12 1 1 1 11 7 12 1 1 1 11 12 1 7 1 11 12 1 11 12 1 10 12 1 1 10 12 1 1 9 12 1 1 10 7 12 1 1 1 9 10 12 1 1 9 12 1 10 12 1 1 5 0 9 12 1 1 7 1 10 12 1 9 12 1 1 7 1 10 12 1 9 12 1 7 1 10 7 1 10 10 12 1 1 8 1 10 12 1 10 12 1 1 11 100 1 10 12 1 10 100 12 1 1 1 8 1 10 100 12 1 1 1 8 1 10 12 1 8 1 10 12 1 10 12 1 1 10 100 12 1 1 10 12 1 10 12 1 10 12 1 9 12 1 9 10 12 1 9 12 1 1 11 7 12 1 1 1 11 7 12 1 1 1 100 1 10 12 11 100 12 1 1 10 11 7 12 1 10 12 1 100 1 10 12 1 100 1 10 10 9 7 12 1 1 1 10 12 3 10 7 12 1 1 9 12 1 10 12 1 1 9 12 1 1 9 12 1 10 12 1 1 10 7 12 1 1 9 12 1 9 7 12 1 1 10 12 1 1 10 12 1 3 9 12 1 9 12 1 10 12 1 1 7 1 9 3 9 12 1 7 1 10 12 1 9 12 1 10 12 1 9 12 1 10 12 1 9 12 1 10 100 12 1 1 1 100 10 12 1 7 1 5 0 10 100 12 1 1 100 1 10 12 1 1 10 12 1 10 12 1 100 1 10 12 1 10 100 1 100 1 10 10 12 1 10 100 1 10 12 1 10 100 1 10 12 1 10 7 1 10 12 1 1 100 1 10 12 1 10 10 12 1 100 1 10 12 1 10 10 12 1 100 1 10 12 1 10 100 1 10 12 1 10 100 1 10 12 1 10 100 1 10 12 1 10 100 1 10 12 1 10 100 1 10 12 1 10 100 1 10 12 1 10 100 1 10 12 1 10 100 1 10 10 100 1 10 10 100 1 10 10 100 1 10 12 1 10 100 1 10 12 1 10 100 1 10 12 1 10 100 1 10 12 1 10 100 1 10 12 1 10 100 1 10 10 100 1 10 10 100 1 10 10 100 1 10 12 1 10 100 1 10 12 1 10 100 1 10 12 1 10 100 1 10 12 1 10 100 1 10 12 1 10 10 12 1 10 7 12 1 1 1 10 12 1 7 1 7 1 10 12 1 9 12 1 1 9 12 1 1 10 12 1 1 8 10 12 1 1 8 8 8 8 7 10 12 1 1 10 12 1 100 1 8 1 10 7 1 7 1 7 1 1 1 5 0 1 1 3 1 3 1 1 1 1 3 1 3 1 3 1 1 1 1 1 3 1 3 1 3 1 1 1 1 1 1 1 1 1 1 1 1 1 1 1 1 1 1 1 1 1 1 1 1 1 100 1 1 1 1 1 1 1 1 1 1 1 1 1 1 1 1 1 1 1 1 1 1 1 1 1 1 1 1 1 1 1 1 1 1 1 1 1 1 1 1 1 1 1 1 1 1 1 1 1 1 1 1 1 1 1 1 1 1 1 1 1 1 1 1 1 1 1 1 1 1 1 1 1 1 1 1 1 1 1 1 1 1 1 1 100 1 1 1 1 1 1 1 1 1 1 1 7 1 1 1 1 1 1 1 1 1 1 1 1 1 1 1 1 1 1 1 1 1 1 1 1 1 1 1 1 1 1 1 1 1 1 1 1 1 1 1 1 1 1 1 1 1 1 1 1 1 1 1 1 1 1 1 1 1 1 1 1 1 1 1 1 1 1 1 1 1 1 1 1 1 1 1 1 1 1 1 1 1 1 1 1 1 1 1 1 1 1 1 1 1 1 1 1 1 1 1 1 1 1 1 1 1 1 1 1 1 1 1 1 1 1 1 1 1 1 1 1 1 1 1 1 1 1 1 1 1 1 1 1 1 1 1 1 1 1 1 1 1 1 1 1 1 1 1 1 1 1 1 1 1 1 1 1 1 1 1 1 1 1 1 1 1 1 1 1 1 1 1 1 1 1 1 1 1 1 1 1 1 1 1 1 1 1 1 1 1 1 1 1 1 1 1 1 1 1 1 1 1 1 1 1 1 1 1 1 1 1 1 1 1 1 1 1 1 1 1 1 1 1 1 100 1 100 1 100 1 100 1 100 1 100 1 100 1 100 1 100 1 1 1 1 1 1 1 1 1 1 1 1 1 1 1 1 1 1 1 1 1 1 1 1 1 1 1 1 1 1 1 1 1 1 1 1 1 1 1 1 1 1 1 1 1 1 1 1 1 1 1 1 1 1 1 1 1 1
staticfield java/util/concurrent/ConcurrentHashMap NCPU I 8
staticfield java/util/concurrent/ConcurrentHashMap serialPersistentFields [Ljava/io/ObjectStreamField; 3 [Ljava/io/ObjectStreamField;
staticfield java/util/concurrent/ConcurrentHashMap U Ljdk/internal/misc/Unsafe; jdk/internal/misc/Unsafe
staticfield java/util/concurrent/ConcurrentHashMap SIZECTL J 20
staticfield java/util/concurrent/ConcurrentHashMap TRANSFERINDEX J 32
staticfield java/util/concurrent/ConcurrentHashMap BASECOUNT J 24
staticfield java/util/concurrent/ConcurrentHashMap CELLSBUSY J 36
staticfield java/util/concurrent/ConcurrentHashMap CELLVALUE J 144
staticfield java/util/concurrent/ConcurrentHashMap ABASE I 16
staticfield java/util/concurrent/ConcurrentHashMap ASHIFT I 2
instanceKlass java/util/Collections$SingletonMap
instanceKlass com/android/tools/r8/internal/On0
instanceKlass com/android/tools/r8/internal/nT
instanceKlass java/util/EnumMap
instanceKlass com/android/tools/r8/internal/cW
instanceKlass java/util/TreeMap
instanceKlass java/util/IdentityHashMap
instanceKlass java/util/WeakHashMap
instanceKlass java/util/Collections$EmptyMap
instanceKlass sun/util/PreHashedMap
instanceKlass java/util/HashMap
instanceKlass java/util/ImmutableCollections$AbstractImmutableMap
instanceKlass java/util/concurrent/ConcurrentHashMap
ciInstanceKlass java/util/AbstractMap 1 1 196 10 7 12 1 1 1 10 7 12 1 1 1 11 7 12 1 1 1 10 11 12 1 1 11 7 12 1 1 1 11 12 1 1 7 1 11 12 1 10 12 1 1 11 12 1 100 1 10 11 12 1 11 7 1 10 12 1 1 11 12 1 9 12 1 1 7 1 10 12 1 9 12 1 1 100 1 10 11 11 12 1 1 11 12 1 7 1 100 1 11 12 1 8 1 7 1 10 10 12 1 1 8 1 10 12 1 10 12 1 1 10 12 1 1 1 1 1 1 1 1 1 1 1 1 1 1 1 1 1 1 1 1 1 1 1 1 1 1 1 1 1 1 1 1 1 1 1 1 1 1 1 1 7 1 1 1 1 1 1 1 7 1 1 1 1 1 1 1 1 1 100 1 1 1 1 1 1 1 1 1 100 1 100 1 100 1 100 1 100 1 1 1 1 1 1
ciInstanceKlass java/util/concurrent/ConcurrentMap 1 1 208 11 7 12 1 1 1 10 100 12 1 1 11 12 1 1 11 100 12 1 1 1 11 7 12 1 1 1 11 12 1 1 100 1 11 12 1 11 12 1 100 1 11 100 12 1 1 1 18 12 1 11 12 1 1 11 100 12 1 1 11 12 1 1 11 100 12 1 11 12 1 1 11 12 1 1 7 1 7 1 1 1 1 1 1 1 1 1 1 1 1 1 1 1 1 1 1 1 1 1 1 1 1 1 1 1 1 1 1 1 1 1 1 1 1 1 1 1 1 1 1 1 1 1 1 1 1 1 1 1 1 1 1 1 1 1 1 1 1 16 15 11 12 15 10 100 12 1 1 1 1 1 100 1 100 1 1 1 100 1 8 1 1 12 10 1 1 1 8 1 1 1 8 1 1 8 1 1 1 8 1 1 1 8 1 1 1 8 1 1 1 8 1 1 1 8 1 1 1 8 1 1 1 8 1 1 8 1
ciInstanceKlass jdk/internal/loader/ClassLoaders 1 1 183 10 7 12 1 1 1 10 7 12 1 1 1 10 12 1 1 10 100 12 1 1 1 9 7 12 1 1 1 9 12 1 1 9 12 1 1 7 1 11 100 12 1 1 1 100 1 11 12 1 1 11 12 1 1 10 100 12 1 1 1 10 100 12 1 1 1 100 1 100 1 10 7 12 1 1 1 9 12 1 1 10 12 1 1 7 1 10 12 1 1 10 12 1 7 1 8 1 10 7 12 1 1 1 10 12 1 1 7 1 10 12 1 10 12 1 10 12 1 8 1 10 7 12 1 1 8 1 8 1 10 12 1 7 1 10 12 1 10 12 1 10 12 1 1 1 1 1 1 1 1 1 1 1 1 1 1 1 1 1 1 1 1 7 1 1 1 1 1 1 1 1 1 1 1 1 1 1 1 1 1 1 1
staticfield jdk/internal/loader/ClassLoaders JLA Ljdk/internal/access/JavaLangAccess; java/lang/System$2
staticfield jdk/internal/loader/ClassLoaders BOOT_LOADER Ljdk/internal/loader/ClassLoaders$BootClassLoader; jdk/internal/loader/ClassLoaders$BootClassLoader
staticfield jdk/internal/loader/ClassLoaders PLATFORM_LOADER Ljdk/internal/loader/ClassLoaders$PlatformClassLoader; jdk/internal/loader/ClassLoaders$PlatformClassLoader
staticfield jdk/internal/loader/ClassLoaders APP_LOADER Ljdk/internal/loader/ClassLoaders$AppClassLoader; jdk/internal/loader/ClassLoaders$AppClassLoader
instanceKlass jdk/internal/loader/ClassLoaders$BootClassLoader
instanceKlass jdk/internal/loader/ClassLoaders$PlatformClassLoader
instanceKlass jdk/internal/loader/ClassLoaders$AppClassLoader
ciInstanceKlass jdk/internal/loader/BuiltinClassLoader 1 1 737 9 7 12 1 1 1 10 7 12 1 1 1 10 7 12 1 1 1 9 12 1 1 9 12 1 1 7 1 10 12 1 9 12 1 10 12 1 9 12 1 10 7 12 1 1 1 10 7 12 1 1 1 10 7 12 1 1 1 11 7 12 1 1 1 7 1 7 1 10 10 12 1 1 8 1 10 12 1 10 12 7 1 10 12 1 10 12 1 1 11 7 12 1 1 1 11 7 12 1 1 1 11 12 1 1 7 1 8 1 8 1 10 9 12 1 1 10 7 12 1 1 11 12 1 1 10 12 1 1 10 12 1 1 10 12 1 1 10 7 12 1 1 1 10 12 1 10 7 12 1 1 1 10 12 1 1 11 7 12 1 1 1 10 7 12 1 1 7 1 10 7 12 1 1 1 10 12 1 100 1 8 1 10 12 1 1 10 8 1 10 12 1 1 10 12 1 1 10 12 1 1 11 7 12 1 1 11 12 1 7 1 10 11 12 1 1 11 10 12 1 1 7 1 10 12 1 10 7 12 1 10 12 1 7 1 10 12 1 10 7 12 1 1 1 100 1 10 12 1 1 11 12 1 100 1 100 1 10 12 1 10 12 1 1 100 1 100 1 10 12 1 10 12 1 18 12 1 1 10 12 1 10 12 1 1 18 100 1 10 7 12 1 1 1 7 1 10 10 12 1 1 10 12 1 1 10 12 1 1 10 12 1 9 12 1 1 100 1 10 10 12 1 1 10 12 1 1 10 12 1 10 12 10 12 1 1 10 12 1 1 10 12 1 1 10 12 1 10 12 1 1 18 12 1 7 1 10 12 1 1 10 12 1 10 12 1 1 10 12 1 100 1 10 12 1 100 1 10 12 1 10 7 12 1 1 1 10 12 1 11 12 1 100 1 10 12 1 7 1 100 1 10 12 1 10 12 1 11 12 1 1 10 12 1 1 10 12 1 1 10 12 1 1 10 12 1 1 10 12 1 10 12 1 10 12 1 10 12 1 8 1 10 12 1 1 10 7 12 1 1 10 12 1 100 1 8 1 8 1 10 10 12 1 8 1 8 1 10 7 12 1 1 1 11 7 12 1 1 1 9 7 12 1 1 1 10 7 12 1 1 1 9 12 1 9 12 1 9 12 1 9 12 1 9 12 1 9 12 1 10 7 12 1 1 1 8 1 10 12 1 7 1 10 12 1 1 10 12 1 7 1 10 11 12 1 1 10 12 10 12 1 10 12 1 100 1 10 12 1 10 12 1 10 10 12 1 10 7 12 1 1 8 1 10 7 12 1 1 10 12 1 1 1 1 1 1 1 1 1 1 1 1 1 1 1 1 1 1 1 1 1 1 1 1 1 1 1 1 1 1 1 1 1 1 1 1 1 1 1 1 1 1 1 1 1 1 1 1 1 1 1 1 1 1 1 1 7 1 1 1 1 1 1 1 1 1 1 1 1 1 1 1 1 1 1 7 1 7 1 1 1 1 1 1 1 1 1 1 1 1 1 1 1 1 1 1 1 1 1 1 1 1 1 1 1 1 1 1 1 1 1 1 1 1 1 1 1 1 1 1 1 1 1 1 1 1 1 1 1 100 1 1 16 15 10 12 16 15 10 12 16 15 10 12 16 1 15 10 100 12 1 1 1 1 1 100 1 1 1 1 1 100 1 100 1 1
staticfield jdk/internal/loader/BuiltinClassLoader packageToModule Ljava/util/Map; java/util/concurrent/ConcurrentHashMap
staticfield jdk/internal/loader/BuiltinClassLoader $assertionsDisabled Z 1
ciInstanceKlass jdk/internal/loader/ClassLoaders$AppClassLoader 1 1 119 8 1 10 7 12 1 1 1 10 7 12 1 1 1 10 7 12 1 1 1 10 12 1 1 10 7 12 1 1 1 10 12 1 1 10 12 1 1 7 1 8 1 10 12 10 7 12 1 1 1 10 7 12 1 1 10 12 1 1 10 12 1 1 10 7 12 1 1 1 7 1 10 12 1 1 1 1 1 1 1 1 1 1 1 1 1 1 1 1 1 1 1 1 1 7 1 1 1 1 1 1 1 1 1 1 1 1 1 1 1 1 1 1 1 7 1 1 1
ciInstanceKlass jdk/internal/loader/ClassLoaders$PlatformClassLoader 1 1 42 8 1 10 7 12 1 1 1 10 7 12 1 1 1 7 1 10 12 1 7 1 1 1 1 1 1 1 1 1 1 1 1 1 1 7 1 1 1 100 1 1
ciInstanceKlass java/lang/ArithmeticException 1 1 26 10 100 12 1 1 1 10 12 1 100 1 1 1 1 5 0 1 1 1 1 1 1 1 1 1
ciInstanceKlass java/lang/ArrayStoreException 1 1 26 10 100 12 1 1 1 10 12 1 100 1 1 1 1 5 0 1 1 1 1 1 1 1 1 1
ciInstanceKlass java/lang/ClassCastException 1 1 26 10 100 12 1 1 1 10 12 1 100 1 1 1 1 5 0 1 1 1 1 1 1 1 1 1
ciInstanceKlass java/lang/ClassNotFoundException 1 1 96 7 1 10 7 12 1 1 1 10 12 1 10 12 1 1 10 100 12 1 1 1 8 1 10 100 12 1 1 1 10 7 12 1 1 10 100 12 1 1 1 10 100 12 1 1 1 10 12 1 1 7 1 10 12 1 9 12 1 1 1 1 1 5 0 1 1 1 1 1 1 1 1 1 1 1 1 1 1 1 1 1 1 100 1 1 1 1 1 1 1 1 1 1 1 1
staticfield java/lang/ClassNotFoundException serialPersistentFields [Ljava/io/ObjectStreamField; 1 [Ljava/io/ObjectStreamField;
ciInstanceKlass java/lang/IllegalMonitorStateException 1 1 26 10 100 12 1 1 1 10 12 1 100 1 1 1 1 5 0 1 1 1 1 1 1 1 1 1
ciInstanceKlass java/lang/BootstrapMethodError 0 0 45 10 100 12 1 1 1 10 12 1 10 12 1 10 100 12 1 1 1 10 100 12 1 1 1 1 1 1 5 0 1 1 1 1 1 1 1 1 1 1 1 100 1 1 1
instanceKlass java/lang/ClassFormatError
instanceKlass java/lang/IncompatibleClassChangeError
instanceKlass java/lang/BootstrapMethodError
instanceKlass java/lang/NoClassDefFoundError
ciInstanceKlass java/lang/LinkageError 1 1 31 10 7 12 1 1 1 10 12 1 10 12 1 100 1 1 1 1 5 0 1 1 1 1 1 1 1 1 1 1 1
ciInstanceKlass java/lang/NullPointerException 1 1 52 10 100 12 1 1 1 10 12 1 9 100 12 1 1 1 10 12 1 1 9 12 1 1 10 12 1 1 10 12 1 1 1 1 5 0 1 1 1 1 1 1 1 1 100 1 100 1 100 1 1 1
ciInstanceKlass java/lang/NoClassDefFoundError 0 0 26 10 100 12 1 1 1 10 12 1 100 1 1 1 1 5 0 1 1 1 1 1 1 1 1 1
ciInstanceKlass java/lang/StackOverflowError 1 1 26 10 100 12 1 1 1 10 12 1 100 1 1 1 1 5 0 1 1 1 1 1 1 1 1 1
ciInstanceKlass java/lang/StackTraceElement 0 0 235 10 7 12 1 1 1 10 7 12 1 1 9 12 1 1 9 12 1 1 9 12 1 9 12 1 8 1 10 100 12 1 1 1 7 1 9 12 1 8 1 9 12 1 9 12 1 9 12 1 1 10 12 1 1 10 12 1 8 1 10 100 12 1 1 1 7 1 10 12 1 10 12 1 1 10 12 1 10 12 1 1 10 12 1 10 12 1 10 10 12 1 8 1 10 12 1 10 12 1 1 10 12 1 1 10 12 1 10 12 1 10 12 1 9 12 1 1 10 7 12 1 1 1 10 12 1 1 7 1 10 12 1 1 10 100 12 1 1 10 100 12 1 1 1 10 7 12 1 1 10 100 12 1 1 10 10 12 1 1 10 12 1 1 10 12 1 1 10 12 1 7 1 1 1 1 1 1 1 3 1 3 1 1 5 0 1 1 1 1 1 1 1 1 1 1 1 1 1 1 1 1 1 1 1 1 1 1 1 1 1 1 1 1 1 7 1 7 1 1 1 1 1 1 1 100 1 1 1 1 1 1 1 1 1
instanceKlass java/util/concurrent/locks/AbstractQueuedSynchronizer
ciInstanceKlass java/util/concurrent/locks/AbstractOwnableSynchronizer 1 1 32 10 7 12 1 1 1 9 7 12 1 1 1 100 1 1 1 1 5 0 1 1 1 1 1 1 1 1 1 1 1 1
ciInstanceKlass jdk/internal/vm/Continuation 0 0 549 9 100 12 1 1 1 9 12 1 9 12 1 100 1 7 1 10 12 1 1 8 1 10 12 1 1 10 12 1 10 12 1 1 10 12 1 9 7 12 1 1 1 11 100 12 1 1 1 10 7 1 9 12 1 1 9 12 1 1 10 8 1 10 12 1 9 12 1 1 10 11 12 1 1 100 1 10 100 12 1 1 1 10 12 1 1 10 12 1 10 12 1 1 11 12 1 1 9 12 1 1 10 12 1 1 18 12 1 1 10 7 12 1 1 1 100 1 10 12 1 11 100 12 1 1 1 10 12 1 9 12 1 10 12 1 1 100 1 8 1 10 12 1 10 12 1 1 9 12 1 1 11 12 1 1 9 12 1 1 8 1 10 11 12 1 1 11 12 1 1 10 12 1 1 10 12 1 1 9 12 1 10 12 1 10 10 12 1 8 1 10 12 1 8 1 8 1 10 7 12 1 1 1 10 7 12 1 1 1 10 12 1 9 12 1 11 12 1 7 1 10 12 1 10 12 1 1 9 12 1 1 7 1 10 12 1 1 9 12 1 1 10 12 1 10 12 1 11 7 12 1 1 10 7 1 10 12 1 8 1 9 12 1 10 12 1 1 9 12 1 1 10 7 12 1 1 8 1 8 1 8 1 8 1 10 12 1 1 10 12 1 10 12 1 10 12 1 10 12 1 1 10 12 1 1 8 1 10 12 1 1 9 12 1 1 10 12 1 1 9 12 1 8 1 10 7 12 1 1 1 10 12 1 8 1 100 1 8 1 10 9 12 1 1 8 1 10 7 12 1 1 10 100 12 1 1 8 1 8 1 10 12 10 100 12 1 1 1 10 7 1 10 7 12 1 1 1 18 11 100 12 1 1 1 18 12 1 11 12 1 1 7 1 10 7 12 1 1 10 12 1 1 8 10 12 1 1 10 100 12 1 1 1 10 100 12 1 1 10 12 1 8 1 10 12 1 7 1 7 1 10 12 1 1 1 1 1 1 1 1 1 1 1 1 1 1 1 1 1 1 1 1 1 1 1 1 1 1 1 1 1 1 1 1 1 1 1 1 1 1 1 1 1 1 1 1 1 1 1 1 1 1 1 1 1 1 1 1 1 1 1 1 1 1 1 1 1 1 1 1 1 1 1 1 1 1 1 100 1 1 16 1 15 10 12 16 15 11 7 12 1 1 1 16 1 16 1 15 10 12 16 15 10 100 12 1 1 1 1 1 1 1 1 100 1 100 1 1
ciInstanceKlass jdk/internal/misc/UnsafeConstants 1 1 34 10 100 12 1 1 1 9 7 12 1 1 1 9 12 1 9 12 1 1 9 12 1 9 12 1 1 1 1 1 1 1 1 1
staticfield jdk/internal/misc/UnsafeConstants ADDRESS_SIZE0 I 8
staticfield jdk/internal/misc/UnsafeConstants PAGE_SIZE I 4096
staticfield jdk/internal/misc/UnsafeConstants BIG_ENDIAN Z 0
staticfield jdk/internal/misc/UnsafeConstants UNALIGNED_ACCESS Z 1
staticfield jdk/internal/misc/UnsafeConstants DATA_CACHE_LINE_FLUSH_SIZE I 0
ciInstanceKlass java/lang/invoke/MethodHandleStatics 1 1 320 10 7 12 1 1 1 9 7 12 1 1 1 9 12 1 1 10 7 12 1 1 1 9 12 1 9 12 1 9 12 1 9 12 1 9 7 12 1 1 1 7 1 10 8 1 10 12 1 1 10 7 12 1 1 1 8 1 10 7 12 1 1 1 10 12 1 1 8 1 8 1 10 12 1 10 100 12 1 1 1 10 7 12 1 1 8 1 10 12 1 1 8 1 8 1 8 1 8 1 10 12 1 1 7 1 10 12 10 12 1 10 12 1 100 1 10 10 12 1 1 100 1 10 10 12 1 7 1 7 1 8 1 8 1 10 12 1 8 1 10 7 12 1 1 1 9 12 1 1 10 7 12 1 1 1 10 12 1 1 9 12 1 1 10 7 12 1 1 1 8 1 10 7 12 1 1 10 7 12 1 1 1 8 1 8 1 8 1 8 1 8 1 10 12 1 10 7 12 1 1 1 9 12 1 8 1 8 1 8 1 8 1 9 12 1 8 1 9 12 1 8 1 8 1 9 12 1 8 1 8 1 9 12 1 8 1 9 12 1 8 1 9 12 1 8 1 8 1 9 12 1 8 1 8 1 10 12 1 1 8 1 10 12 1 1 1 1 1 1 1 1 1 1 1 1 1 1 1 1 1 1 1 1 1 1 1 7 1 7 1 7 1 1 1 1 1 1 1 1 1 1 1 1 1 1 1 1 1 1 1 1 1 1 1 1 1 1 1 1
staticfield java/lang/invoke/MethodHandleStatics UNSAFE Ljdk/internal/misc/Unsafe; jdk/internal/misc/Unsafe
staticfield java/lang/invoke/MethodHandleStatics CLASSFILE_VERSION I 65
staticfield java/lang/invoke/MethodHandleStatics DEBUG_METHOD_HANDLE_NAMES Z 0
staticfield java/lang/invoke/MethodHandleStatics TRACE_INTERPRETER Z 0
staticfield java/lang/invoke/MethodHandleStatics TRACE_METHOD_LINKAGE Z 0
staticfield java/lang/invoke/MethodHandleStatics TRACE_RESOLVE Z 0
staticfield java/lang/invoke/MethodHandleStatics COMPILE_THRESHOLD I 0
staticfield java/lang/invoke/MethodHandleStatics LOG_LF_COMPILATION_FAILURE Z 0
staticfield java/lang/invoke/MethodHandleStatics DONT_INLINE_THRESHOLD I 30
staticfield java/lang/invoke/MethodHandleStatics PROFILE_LEVEL I 0
staticfield java/lang/invoke/MethodHandleStatics PROFILE_GWT Z 1
staticfield java/lang/invoke/MethodHandleStatics CUSTOMIZE_THRESHOLD I 127
staticfield java/lang/invoke/MethodHandleStatics VAR_HANDLE_GUARDS Z 1
staticfield java/lang/invoke/MethodHandleStatics MAX_ARITY I 255
staticfield java/lang/invoke/MethodHandleStatics VAR_HANDLE_IDENTITY_ADAPT Z 0
staticfield java/lang/invoke/MethodHandleStatics DUMP_CLASS_FILES Ljdk/internal/util/ClassFileDumper; jdk/internal/util/ClassFileDumper
ciInstanceKlass java/lang/Void 1 1 31 10 7 12 1 1 1 8 1 10 7 12 1 1 1 9 7 12 1 1 1 1 1 1 1 1 1 1 1 1 1
staticfield java/lang/Void TYPE Ljava/lang/Class; java/lang/Class
ciInstanceKlass java/lang/invoke/LambdaForm 1 1 1059 7 1 100 1 10 7 12 1 1 1 9 12 1 1 9 12 1 9 12 1 9 12 1 1 9 12 1 1 9 12 1 1 9 12 1 1 9 12 1 1 9 12 1 10 7 12 1 1 9 12 1 10 12 1 1 100 1 10 10 12 1 1 10 12 1 10 12 1 10 12 1 1 10 12 1 9 12 1 9 12 1 10 12 1 1 10 7 12 1 1 1 10 12 1 1 9 100 12 1 1 1 10 12 1 1 9 7 12 1 1 10 12 1 10 12 1 1 10 12 1 1 10 12 1 1 7 1 10 7 12 1 1 1 10 12 1 1 10 12 1 10 12 1 1 9 12 1 1 9 12 1 9 12 1 1 10 12 1 9 12 1 10 100 12 1 1 1 10 12 1 1 7 1 10 12 1 9 12 1 1 10 7 12 1 1 1 10 12 1 10 12 1 7 1 10 12 1 10 12 1 10 12 1 1 10 12 1 1 10 12 1 10 12 1 10 12 1 10 12 1 1 8 1 10 12 1 10 12 1 10 10 12 1 8 1 8 1 9 12 1 9 12 1 1 10 12 1 1 10 12 1 9 12 1 10 12 1 1 10 7 12 1 1 1 10 12 1 1 10 12 1 10 12 1 10 100 12 1 1 1 9 12 1 10 12 1 8 1 8 1 8 1 8 1 8 1 8 1 8 1 8 1 10 12 1 9 12 1 7 1 10 12 1 1 9 12 1 10 12 1 10 12 1 1 10 12 10 12 1 10 12 1 1 10 12 1 1 10 10 12 1 1 10 12 1 1 7 1 8 1 10 12 1 1 10 12 1 10 12 1 1 10 8 1 10 12 1 1 8 1 8 1 8 1 10 12 1 10 12 1 10 12 1 1 100 1 10 12 1 1 10 12 1 1 10 7 12 1 1 1 10 12 1 1 9 12 1 1 8 1 10 100 12 1 1 1 10 7 12 1 1 10 12 10 12 1 1 10 12 1 1 9 12 1 8 10 12 1 1 100 1 10 12 1 1 10 12 1 9 7 12 1 1 9 7 12 1 1 1 8 1 10 100 12 1 1 10 12 1 1 7 1 7 1 10 10 12 1 1 10 12 1 1 8 1 8 1 7 1 8 1 10 12 10 12 1 10 12 1 10 12 1 1 8 1 8 1 10 12 1 10 12 1 1 8 1 8 1 8 1 7 1 8 1 7 1 8 1 7 1 8 1 10 12 1 8 1 9 10 7 12 1 1 1 10 12 1 9 12 1 1 10 12 1 10 10 12 1 10 12 1 10 12 1 10 12 1 1 10 12 1 10 12 1 1 10 12 1 1 10 12 1 1 10 12 1 1 8 1 100 10 12 1 10 12 1 9 12 1 1 10 7 12 1 1 8 1 8 1 7 1 8 1 8 1 8 1 8 1 8 1 8 1 8 1 8 1 10 12 1 1 10 12 1 1 10 12 1 10 12 1 10 12 1 10 12 1 8 1 8 1 8 1 10 12 1 8 1 10 12 1 8 1 8 1 8 1 8 1 8 1 10 12 1 10 12 1 10 12 1 1 10 7 12 1 1 1 10 12 1 10 12 1 10 12 1 10 12 1 10 12 1 10 12 1 10 12 1 9 12 1 1 8 1 10 12 1 1 9 12 1 1 10 12 1 1 9 12 1 9 12 1 1 9 12 1 9 12 1 1 7 1 10 7 12 1 1 1 9 12 1 10 12 1 10 12 1 8 1 10 12 1 9 12 1 1 7 1 10 7 12 1 1 1 8 1 100 1 10 12 1 9 12 1 9 12 1 10 12 1 10 12 1 10 7 12 1 1 1 10 12 1 9 7 12 1 1 10 12 1 1 10 12 1 10 12 1 10 12 1 9 12 10 12 1 10 10 12 1 9 12 1 9 9 12 1 7 9 12 1 1 10 12 1 1 9 12 1 10 12 1 10 7 1 9 1 1 1 1 3 1 3 1 1 3 1 3 1 1 1 1 1 1 1 1 1 1 1 1 1 1 1 1 1 1 1 1 1 1 1 1 1 1 1 1 1 1 1 1 1 1 1 1 1 1 1 1 1 1 1 1 1 1 1 1 1 1 1 100 1 1 1 1 1 1 1 1 1 1 1 1 1 1 1 1 1 1 1 1 1 1 1 1 1 1 1 1 1 1 1 1 1 1 1 1 1 1 1 1 1 1 1 1 1 1 1 1 1 1 1 1 1 1 1 1 1 1 1 1 1 1 100 1 1 1 1 1 1 1 1 1 1 1 1 1 1 1 1 1 1 1 1 1 1 1 1 1 1 1 1 1 1 1 1 1 1 7 1 1 1 1 1 1 1 1 1 1 1 1 1 1 1 1 1 1 1 1 1 1 100 1 1 1 100 1 1 7 1 1 1 1 1 1 1 1 1 1 1
staticfield java/lang/invoke/LambdaForm DEFAULT_CUSTOMIZED Ljava/lang/invoke/MethodHandle; 
staticfield java/lang/invoke/LambdaForm DEFAULT_KIND Ljava/lang/invoke/LambdaForm$Kind; java/lang/invoke/LambdaForm$Kind
staticfield java/lang/invoke/LambdaForm COMPILE_THRESHOLD I 0
staticfield java/lang/invoke/LambdaForm INTERNED_ARGUMENTS [[Ljava/lang/invoke/LambdaForm$Name; 5 [[Ljava/lang/invoke/LambdaForm$Name;
staticfield java/lang/invoke/LambdaForm IMPL_NAMES Ljava/lang/invoke/MemberName$Factory; java/lang/invoke/MemberName$Factory
staticfield java/lang/invoke/LambdaForm LF_identity [Ljava/lang/invoke/LambdaForm; 6 [Ljava/lang/invoke/LambdaForm;
staticfield java/lang/invoke/LambdaForm LF_zero [Ljava/lang/invoke/LambdaForm; 6 [Ljava/lang/invoke/LambdaForm;
staticfield java/lang/invoke/LambdaForm NF_identity [Ljava/lang/invoke/LambdaForm$NamedFunction; 6 [Ljava/lang/invoke/LambdaForm$NamedFunction;
staticfield java/lang/invoke/LambdaForm NF_zero [Ljava/lang/invoke/LambdaForm$NamedFunction; 6 [Ljava/lang/invoke/LambdaForm$NamedFunction;
staticfield java/lang/invoke/LambdaForm createFormsLock Ljava/lang/Object; java/lang/Object
staticfield java/lang/invoke/LambdaForm DEBUG_NAME_COUNTERS Ljava/util/HashMap; 
staticfield java/lang/invoke/LambdaForm DEBUG_NAMES Ljava/util/HashMap; 
staticfield java/lang/invoke/LambdaForm TRACE_INTERPRETER Z 0
staticfield java/lang/invoke/LambdaForm $assertionsDisabled Z 1
ciInstanceKlass java/lang/invoke/MemberName 1 1 724 7 1 7 1 100 1 9 12 1 1 10 7 12 1 1 1 9 12 1 1 10 12 1 1 10 12 1 1 10 12 1 1 10 12 1 10 12 1 1 10 7 12 1 1 1 10 12 1 9 7 12 1 1 10 12 1 7 1 7 1 10 12 1 8 1 10 12 1 1 10 12 1 10 12 1 1 10 12 1 9 12 1 1 8 1 10 100 12 1 1 1 7 1 10 10 12 1 1 7 1 7 1 10 12 1 9 12 1 1 100 1 8 1 10 12 1 10 12 1 10 12 1 10 12 1 10 12 1 1 10 12 1 10 12 1 10 12 1 1 8 1 8 1 10 12 1 8 1 9 12 1 1 3 10 12 1 10 12 1 10 12 1 10 10 7 12 1 1 1 10 12 1 10 12 1 10 12 1 10 12 1 7 1 8 10 12 1 1 10 12 1 1 8 1 9 7 1 8 9 7 1 10 12 1 1 10 12 1 10 12 1 8 1 10 12 1 1 10 12 1 10 12 1 10 12 1 10 12 1 1 7 1 10 12 1 1 10 12 1 8 1 10 12 1 10 12 1 8 1 10 12 1 1 10 12 1 1 7 1 10 12 1 1 10 12 8 1 8 1 7 1 10 12 1 10 100 12 1 1 1 100 1 10 12 10 12 1 10 12 1 10 12 1 10 12 1 10 10 12 1 10 12 1 10 12 1 3 10 12 1 3 10 12 1 3 3 3 3 3 3 10 12 1 3 9 12 1 10 12 1 1 3 10 12 1 10 10 7 12 1 1 1 10 12 1 1 10 7 12 1 1 10 10 12 1 10 12 1 1 10 12 1 10 10 12 1 1 10 12 1 10 12 1 10 12 1 7 1 10 10 10 12 100 1 10 10 10 12 1 1 10 12 1 1 10 10 12 1 8 10 7 1 10 12 1 10 7 1 10 12 1 10 12 1 10 12 1 10 10 12 1 10 12 1 1 10 12 1 1 10 12 1 10 12 1 10 12 1 100 1 10 12 1 1 100 1 8 1 10 7 1 10 12 1 10 12 10 12 1 1 10 12 1 10 12 1 8 1 8 1 8 1 8 1 10 12 1 10 12 1 10 7 12 1 1 1 8 1 8 1 10 12 1 8 1 10 10 10 12 1 10 12 1 8 1 8 1 10 10 12 1 8 1 10 100 12 1 1 1 8 1 100 1 10 12 1 10 12 1 1 10 12 1 8 1 8 1 8 1 8 1 100 1 10 8 1 8 1 8 1 8 1 10 12 1 100 1 100 1 100 1 10 100 1 10 7 1 10 7 12 1 1 1 9 7 12 1 1 1 7 1 7 1 1 1 1 1 1 1 3 1 3 1 3 1 3 1 3 1 3 1 1 1 1 1 1 1 1 3 1 3 1 1 1 1 1 1 1 1 1 1 1 1 1 1 1 1 1 1 1 1 1 1 1 1 1 1 1 1 1 1 1 1 1 1 1 1 1 1 1 1 1 1 1 1 1 1 1 1 1 1 1 1 1 1 1 1 1 1 1 1 1 1 1 1 1 1 1 1 1 1 1 1 1 1 1 1 1 1 1 1 1 1 1 1 1 1 1 1 1 1 1 1 1 1 1 1 7 1 1 1 1 1 1 1 1 1 1 1 1 1 1 1
staticfield java/lang/invoke/MemberName $assertionsDisabled Z 1
instanceKlass java/lang/invoke/VarHandleByteArrayAsDoubles$ByteArrayViewVarHandle
instanceKlass java/lang/invoke/VarHandleByteArrayAsFloats$ByteArrayViewVarHandle
instanceKlass java/lang/invoke/VarHandleByteArrayAsChars$ByteArrayViewVarHandle
instanceKlass java/lang/invoke/VarHandleByteArrayAsShorts$ByteArrayViewVarHandle
instanceKlass java/lang/invoke/VarHandleReferences$FieldInstanceReadOnly
instanceKlass java/lang/invoke/VarHandleBooleans$FieldInstanceReadOnly
instanceKlass java/lang/invoke/VarHandleInts$FieldInstanceReadOnly
instanceKlass java/lang/invoke/VarHandleByteArrayAsLongs$ByteArrayViewVarHandle
instanceKlass java/lang/invoke/VarHandleByteArrayAsInts$ByteArrayViewVarHandle
instanceKlass java/lang/invoke/VarHandleReferences$FieldStaticReadOnly
ciInstanceKlass java/lang/invoke/VarHandle 1 1 474 10 7 12 1 1 1 10 7 12 1 1 9 12 1 1 9 12 1 1 100 1 10 8 1 10 12 1 1 10 7 12 1 1 1 10 12 1 1 10 7 12 1 1 1 9 100 12 1 1 1 10 12 1 1 10 7 12 1 1 1 10 12 1 1 9 12 1 10 12 1 9 12 1 1 10 7 12 1 1 10 12 1 9 7 12 1 1 1 9 12 1 1 10 12 1 1 100 1 7 1 10 8 1 10 12 1 1 10 12 1 8 1 10 12 1 10 12 1 9 12 1 1 9 12 1 10 12 1 10 12 1 1 10 12 1 10 10 100 12 1 1 1 10 12 1 1 10 12 1 1 10 7 12 1 1 1 10 100 12 1 1 1 10 100 12 1 1 1 9 12 1 1 9 10 12 1 10 12 1 1 10 12 1 1 10 12 1 10 7 12 1 1 1 9 12 1 1 10 12 1 1 9 12 1 10 12 1 10 12 1 10 7 12 1 1 100 1 10 9 7 12 1 1 1 9 12 1 1 10 7 12 1 1 1 10 12 1 10 12 1 10 12 1 10 12 1 10 12 1 10 12 1 1 8 10 12 1 1 7 1 10 12 1 1 7 1 1 1 1 1 1 1 1 1 1 1 1 1 1 1 1 1 1 1 1 1 1 1 1 1 1 1 1 1 1 1 1 1 1 1 1 1 1 1 1 1 1 1 1 1 1 1 1 1 1 1 1 1 1 1 1 1 1 1 1 1 1 1 1 1 1 1 1 100 1 1 1 1 1 1 1 1 100 1 1 1 1 1 1 1 1 1 1 1 1 100 1 100 1 1 100 1 100 1 100 1 100 1 100 1 100 1 100 1 100 1 100 1 100 1 100 1 100 1 100 1 100 1 100 1 100 1 100 1 100 1 100 1 100 1 100 1 100 1 100 1 100 1 100 1 100 1 100 1 100 1 100 1 100 1 100 1 100 1 100 1 100 1 100 1 1 1 1 1 1 100 1 1 1 100 1 1 100 1 100 1 100 1 100 1 100 1 100 1 1 1 1 100 1 100 1 100 1 100 1 100 1 100 1 100 1 100 1
staticfield java/lang/invoke/VarHandle VFORM_OFFSET J 16
staticfield java/lang/invoke/VarHandle $assertionsDisabled Z 1
instanceKlass jdk/internal/reflect/FieldAccessorImpl
instanceKlass jdk/internal/reflect/ConstructorAccessorImpl
instanceKlass jdk/internal/reflect/MethodAccessorImpl
ciInstanceKlass jdk/internal/reflect/MagicAccessorImpl 1 1 16 10 7 12 1 1 1 100 1 1 1 1 1 1 1 1
instanceKlass jdk/internal/reflect/DirectMethodHandleAccessor
ciInstanceKlass jdk/internal/reflect/MethodAccessorImpl 1 1 38 10 7 12 1 1 1 10 100 12 1 1 1 100 1 1 1 1 1 1 1 100 1 100 1 1 1 1 1 1 1 1 1 1 1 1 1 1
ciInstanceKlass jdk/internal/reflect/MethodAccessor 1 0 17 100 1 100 1 1 1 1 100 1 100 1 1 1 1 1 1
instanceKlass jdk/internal/reflect/DirectConstructorHandleAccessor$NativeAccessor
instanceKlass jdk/internal/reflect/DirectConstructorHandleAccessor
instanceKlass jdk/internal/reflect/NativeConstructorAccessorImpl
ciInstanceKlass jdk/internal/reflect/ConstructorAccessorImpl 1 1 27 10 7 12 1 1 1 100 1 100 1 1 1 1 1 1 1 1 1 100 1 100 1 100 1 1 1
ciInstanceKlass jdk/internal/reflect/ConstructorAccessor 1 0 16 100 1 100 1 1 1 1 100 1 100 1 100 1 1 1
ciInstanceKlass jdk/internal/reflect/DelegatingClassLoader 0 0 18 10 100 12 1 1 1 100 1 1 1 1 1 1 1 1 1 1
ciInstanceKlass jdk/internal/reflect/CallerSensitive 0 0 17 100 1 100 1 100 1 1 1 1 1 1 1 1 1 1 1
ciInstanceKlass jdk/internal/reflect/NativeConstructorAccessorImpl 0 0 125 10 7 12 1 1 1 9 7 12 1 1 1 100 1 10 12 1 9 12 1 1 9 12 1 1 10 100 12 1 1 1 10 7 12 1 1 1 10 7 12 1 1 1 9 12 1 9 12 1 1 9 12 1 1 10 7 12 1 1 1 100 1 10 10 12 1 1 10 12 1 10 12 1 1 10 12 1 7 1 10 12 1 1 10 12 1 1 8 10 12 1 1 1 1 1 1 1 1 1 1 1 1 1 1 1 1 1 1 1 1 1 1 100 1 100 1 100 1 1 1 1 1 1 1
ciInstanceKlass jdk/internal/reflect/ConstantPool 1 1 142 10 7 12 1 1 1 9 7 12 1 1 1 10 12 1 1 10 12 1 1 10 12 1 10 12 1 1 10 12 1 1 10 12 1 10 12 1 1 10 12 1 10 12 1 1 10 12 1 10 12 1 10 12 1 10 12 1 1 10 12 1 1 10 12 1 1 10 12 1 1 10 12 1 10 12 1 1 10 100 12 1 1 1 8 11 7 12 1 1 1 10 7 12 1 1 1 1 1 1 1 1 1 1 1 1 1 1 1 1 1 1 1 1 1 1 1 1 1 1 1 1 1 1 1 1 1 1 1 1 1 1 1 1 1 1 1 1 1 1 1 1
ciInstanceKlass jdk/internal/reflect/UnsafeStaticFieldAccessorImpl 0 0 47 10 7 12 1 1 1 9 7 12 1 1 1 10 7 12 1 1 1 9 12 1 1 8 11 100 12 1 1 1 10 100 12 1 1 1 1 1 1 1 1 1 1 1 1 1 1
ciInstanceKlass jdk/internal/reflect/FieldAccessor 0 0 48 100 1 100 1 1 1 1 100 1 1 1 1 1 1 1 1 1 1 1 1 1 1 1 1 1 1 1 100 1 1 1 1 1 1 1 1 1 1 1 1 1 1 1 1 1 1 1
instanceKlass jdk/internal/reflect/UnsafeFieldAccessorImpl
ciInstanceKlass jdk/internal/reflect/FieldAccessorImpl 0 0 269 10 7 12 1 1 1 9 7 12 1 1 1 10 7 12 1 1 1 10 7 12 1 1 10 7 12 1 1 1 10 12 1 1 7 1 10 10 12 1 1 10 12 1 1 8 1 10 10 12 1 100 1 8 1 10 12 1 8 1 10 12 1 8 1 10 12 1 100 1 10 12 1 1 10 8 1 10 12 1 1 8 1 10 7 12 1 1 8 1 10 7 12 1 1 8 1 10 7 12 1 1 8 1 10 7 12 1 1 8 1 10 7 12 1 1 8 1 10 7 12 1 1 8 1 10 7 12 1 1 8 1 10 7 12 1 1 10 12 1 1 8 1 10 12 1 1 10 100 12 1 1 1 8 1 10 12 1 8 1 8 1 8 1 8 1 10 7 12 1 1 1 8 1 8 1 8 1 10 12 7 1 1 1 1 1 1 1 1 1 1 1 1 1 1 1 1 1 1 1 1 1 1 1 1 1 1 1 1 1 1 1 1 1 1 1 1 1 1 1 1 1 1 1 1 1 1 1 1 1 1 1 1 1 1 1 1 1 1 1 1 1 1 1 1 1 1 1 1 1 1 1 1 1 1 1 1 1 1 1 1 1 1 1 1 1 1 1 1
instanceKlass jdk/internal/reflect/UnsafeStaticFieldAccessorImpl
ciInstanceKlass jdk/internal/reflect/UnsafeFieldAccessorImpl 0 0 62 10 100 12 1 1 1 10 100 12 1 1 1 10 100 12 1 1 1 9 100 12 1 1 10 12 1 9 12 1 1 10 100 12 1 1 1 9 12 1 1 10 12 1 10 12 1 1 1 1 1 1 1 1 1 1 1 1 1 1 1 1
instanceKlass java/lang/invoke/VolatileCallSite
instanceKlass java/lang/invoke/MutableCallSite
instanceKlass java/lang/invoke/ConstantCallSite
ciInstanceKlass java/lang/invoke/CallSite 1 1 296 10 7 12 1 1 1 10 7 12 1 1 1 9 12 1 1 10 7 12 1 1 1 10 12 1 7 1 10 12 1 1 10 12 1 1 9 100 12 1 1 1 10 7 12 1 1 10 12 1 1 100 1 7 1 10 10 7 12 1 1 1 10 12 1 1 8 1 10 12 1 10 12 1 1 10 12 1 10 12 1 1 10 12 1 1 10 10 100 12 1 1 10 12 1 1 9 12 1 9 100 12 1 1 1 8 1 10 7 12 1 1 1 10 12 1 1 7 1 10 12 1 1 9 12 1 8 1 100 1 10 12 1 10 12 1 100 1 8 1 10 10 12 1 10 12 1 1 100 1 10 12 1 1 10 12 1 10 12 1 10 12 1 1 10 12 1 1 9 12 1 1 8 10 12 1 1 9 12 1 1 100 1 10 10 12 1 10 7 12 1 1 1 10 12 1 1 10 12 1 1 10 12 1 10 7 12 1 1 1 7 1 8 1 10 10 12 10 12 1 1 7 1 7 1 7 1 8 1 10 12 1 10 7 12 1 1 1 1 1 1 1 1 1 1 1 1 1 1 1 1 1 1 1 1 1 1 1 1 1 1 1 1 1 1 1 1 1 1 1 1 1 1 1 1 1 1 1 1 1 1 1 1 1 1 1 1 1 1 1 7 1 7 1 1 1
staticfield java/lang/invoke/CallSite $assertionsDisabled Z 1
ciInstanceKlass java/lang/invoke/ConstantCallSite 1 1 65 10 7 12 1 1 1 9 7 12 1 1 1 9 12 1 1 10 7 12 1 1 1 10 12 1 100 1 10 12 9 12 1 1 100 1 10 10 12 1 1 10 12 1 1 1 1 1 1 1 1 1 1 1 1 1 100 1 1 1 1 1 1 1 1
staticfield java/lang/invoke/ConstantCallSite UNSAFE Ljdk/internal/misc/Unsafe; jdk/internal/misc/Unsafe
instanceKlass java/lang/invoke/DirectMethodHandle$Interface
instanceKlass java/lang/invoke/DirectMethodHandle$Special
instanceKlass java/lang/invoke/DirectMethodHandle$Accessor
instanceKlass java/lang/invoke/DirectMethodHandle$Constructor
ciInstanceKlass java/lang/invoke/DirectMethodHandle 1 1 923 7 1 7 1 100 1 7 1 7 1 10 7 12 1 1 1 10 7 12 1 1 1 7 1 10 12 1 10 12 1 1 10 7 12 1 1 10 12 1 1 10 12 1 10 12 1 7 1 10 12 1 1 10 12 1 1 10 12 1 10 12 1 1 10 7 12 1 1 1 10 12 1 9 12 1 1 100 1 10 9 12 1 1 9 12 1 10 12 1 10 12 1 10 12 1 1 10 12 1 10 12 1 10 12 1 10 7 12 1 1 1 10 12 1 10 12 1 1 8 1 10 12 1 1 7 1 10 12 1 7 1 10 10 12 1 10 12 1 10 12 1 10 7 12 1 1 1 10 12 1 1 100 1 10 12 1 10 12 1 7 1 10 12 1 10 12 1 1 10 12 1 1 10 12 1 8 10 7 12 1 1 1 10 12 1 10 12 1 10 12 1 1 10 12 1 9 7 12 1 1 1 7 1 10 12 1 10 7 12 1 1 1 10 12 1 10 12 1 1 9 12 1 1 7 1 10 8 1 10 12 1 1 10 12 1 1 8 1 10 12 1 10 12 1 10 10 12 1 10 12 1 10 12 1 10 12 1 10 12 1 1 10 12 1 10 12 1 1 10 12 1 10 12 1 1 10 10 7 12 1 1 1 10 12 1 10 12 1 1 10 12 1 10 12 1 1 8 1 9 7 12 1 1 1 8 1 9 12 1 9 12 1 8 1 9 12 1 9 12 1 8 1 9 12 1 9 12 1 8 1 10 12 1 10 12 1 1 9 12 1 1 7 1 10 12 1 1 7 1 10 7 12 1 1 1 10 12 1 1 10 12 1 10 12 1 1 7 1 10 12 1 1 10 12 1 10 12 1 1 7 1 10 12 1 1 10 12 1 10 7 12 1 1 1 10 12 1 10 12 1 1 10 12 1 9 12 1 1 10 7 1 9 12 9 12 1 10 7 12 1 1 1 10 12 1 7 1 7 1 7 1 9 12 1 1 10 7 12 1 1 1 10 12 10 12 1 100 1 10 12 1 10 12 1 1 8 1 9 12 1 9 12 1 10 12 1 1 9 12 1 1 10 100 12 1 1 1 9 12 1 1 9 12 1 1 10 12 1 10 12 1 10 12 1 10 12 1 1 10 12 1 9 12 1 10 12 1 10 12 1 10 12 1 10 12 1 1 10 12 1 1 9 12 1 1 10 12 1 1 9 7 12 1 1 1 9 12 1 9 12 1 9 12 1 9 12 1 9 12 1 9 12 1 9 12 1 9 12 1 9 12 1 9 12 1 9 12 1 9 12 1 9 12 1 9 12 1 9 12 1 9 12 1 9 12 1 9 12 1 9 12 1 9 12 1 9 12 1 9 12 1 9 12 1 9 12 1 9 12 1 9 12 1 9 12 1 9 12 1 9 12 1 9 12 1 9 12 1 9 12 1 9 12 1 9 12 1 9 12 1 9 12 1 8 1 9 12 1 1 9 12 1 1 10 12 1 10 12 1 1 9 7 1 10 12 1 9 12 1 1 10 12 10 12 1 10 12 1 10 12 1 10 12 1 10 8 1 8 1 8 1 8 1 10 12 1 1 9 12 1 1 10 12 1 10 100 12 1 1 1 8 9 12 1 1 10 12 1 1 8 1 8 8 9 12 1 8 1 8 8 8 8 8 1 8 10 12 1 7 1 10 12 1 8 1 8 1 10 12 1 10 12 1 10 12 1 10 12 1 1 7 1 1 1 1 3 1 3 1 3 1 3 1 3 1 3 1 3 1 3 1 3 1 3 1 1 1 1 1 1 1 1 1 1 3 1 3 1 1 1 1 3 1 1 1 1 1 1 1 1 1 1 1 1 1 1 1 1 1 1 1 1 1 1 1 1 1 1 1 1 1 1 1 1 1 1 1 1 1 1 1 1 1 1 1 1 1 1 1 1 1 1 1 1 1 1 1 1 1 100 1 1 1 1 1 1 1 1 1 100 1 1 1 1 1 1 1 1 1 1 1 1 1 1 1 1 1 1 1 1 1 1 1 1 1 1 1 1 1 1 1 1 1 1 1 1 1 1 1 1 1 1 1 1 1 1 1 1 1 1 1 1
staticfield java/lang/invoke/DirectMethodHandle IMPL_NAMES Ljava/lang/invoke/MemberName$Factory; java/lang/invoke/MemberName$Factory
staticfield java/lang/invoke/DirectMethodHandle FT_UNCHECKED_REF I 8
staticfield java/lang/invoke/DirectMethodHandle ACCESSOR_FORMS [Ljava/lang/invoke/LambdaForm; 132 [Ljava/lang/invoke/LambdaForm;
staticfield java/lang/invoke/DirectMethodHandle ALL_WRAPPERS [Lsun/invoke/util/Wrapper; 10 [Lsun/invoke/util/Wrapper;
staticfield java/lang/invoke/DirectMethodHandle NFS [Ljava/lang/invoke/LambdaForm$NamedFunction; 12 [Ljava/lang/invoke/LambdaForm$NamedFunction;
staticfield java/lang/invoke/DirectMethodHandle OBJ_OBJ_TYPE Ljava/lang/invoke/MethodType; java/lang/invoke/MethodType
staticfield java/lang/invoke/DirectMethodHandle LONG_OBJ_TYPE Ljava/lang/invoke/MethodType; java/lang/invoke/MethodType
staticfield java/lang/invoke/DirectMethodHandle $assertionsDisabled Z 1
ciMethod java/lang/invoke/DirectMethodHandle allocateInstance (Ljava/lang/Object;)Ljava/lang/Object; 4216 0 9886196 0 408
ciMethod java/lang/invoke/DirectMethodHandle constructorMethod (Ljava/lang/Object;)Ljava/lang/Object; 4216 0 9984999 0 128
ciInstanceKlass java/lang/invoke/MutableCallSite 0 0 63 10 100 12 1 1 1 10 12 1 9 100 12 1 1 1 10 12 1 10 12 1 1 9 12 1 1 10 100 12 1 1 1 10 100 12 1 1 1 10 12 1 1 1 1 1 1 1 1 1 1 1 1 1 1 1 1 1 1 100 1 1 1
ciInstanceKlass java/lang/invoke/VolatileCallSite 0 0 37 10 100 12 1 1 1 10 12 1 10 100 12 1 1 1 10 12 1 10 12 1 1 1 1 1 1 1 1 1 1 1 1 1 1 1 1
ciInstanceKlass java/lang/invoke/ResolvedMethodName 1 1 16 10 100 12 1 1 1 100 1 1 1 1 1 1 1 1
ciInstanceKlass java/lang/invoke/MethodHandleNatives 1 1 685 100 1 10 7 12 1 1 1 9 7 12 1 1 1 10 12 1 1 100 1 10 10 12 1 1 10 12 1 10 12 1 8 1 8 1 8 1 8 1 8 1 8 1 8 1 8 1 8 1 8 1 10 12 1 1 7 1 10 7 12 1 1 1 10 7 12 1 1 1 7 1 10 10 12 1 1 8 1 10 12 1 8 1 10 12 1 1 8 1 10 12 1 1 9 7 12 1 1 1 8 1 10 100 12 1 1 1 7 1 10 12 100 1 100 1 8 1 7 1 10 10 12 1 7 1 9 7 12 1 1 10 12 1 1 10 12 1 10 7 12 1 1 1 10 12 1 1 9 12 1 8 1 10 12 1 1 10 12 1 8 1 10 12 1 1 7 1 10 12 1 10 7 12 1 1 1 10 12 1 10 12 1 1 10 12 1 1 8 1 10 12 1 1 8 1 10 12 1 8 1 8 1 8 1 7 1 10 12 1 8 1 10 7 12 1 1 1 10 12 1 1 10 7 12 1 1 10 10 12 1 1 10 12 1 10 100 12 1 1 1 100 1 8 1 10 100 12 1 1 1 7 1 8 1 10 12 1 8 1 8 1 8 1 8 1 8 1 10 12 1 1 10 12 1 1 10 12 1 10 12 1 1 10 12 1 1 7 1 10 12 1 7 1 7 1 10 12 1 10 12 1 8 1 8 1 10 10 12 1 1 10 12 1 1 8 1 10 7 12 1 1 8 1 8 1 10 12 1 1 10 7 12 1 1 1 100 1 10 12 1 1 7 1 9 12 1 1 10 7 12 1 1 1 10 10 12 1 9 12 1 10 12 1 9 12 1 9 12 1 10 12 1 1 10 12 1 10 12 1 1 7 1 7 1 10 12 1 1 10 12 1 10 12 1 1 10 7 12 1 1 1 10 12 1 8 1 10 12 1 10 12 1 10 12 1 1 10 12 1 10 7 12 1 1 1 10 12 1 1 100 1 8 1 10 9 7 12 1 1 1 10 12 1 1 10 12 1 1 7 1 10 12 1 1 10 12 1 1 100 1 100 1 10 10 100 1 100 1 10 100 1 10 10 12 1 1 10 7 1 10 12 1 10 12 1 1 10 12 1 1 10 12 1 1 10 12 1 10 12 1 1 10 8 1 10 12 1 10 12 1 10 12 1 10 12 1 10 12 1 1 10 12 1 10 12 1 10 12 1 10 10 7 12 1 1 10 12 1 1 1 1 1 1 1 1 1 1 1 1 1 7 1 1 1 1 1 1 1 1 1 1 1 1 1 1 1 1 1 1 1 1 1 1 1 1 1 1 1 1 1 1 1 1 1 1 1 1 1 1 1 1 1 1 1 1 1 1 1 1 1 1 1 1 1 1 1 1 1 1 1 1 1 1 1 100 1 1 1 1 1 1 1 1 1 1 1 1 1 1 1 1 1 1 1 1 1 1 1 1 1 1 1 1 1 1 1 1 1 100 1 1 1 1 1 1 1 1 1 1 1 1 1 1 1 1 1 1 1 1 1 1 1 1 1 1 1 1 1 1 1 1 100 1 1
staticfield java/lang/invoke/MethodHandleNatives $assertionsDisabled Z 1
ciInstanceKlass jdk/internal/foreign/abi/NativeEntryPoint 0 0 194 10 7 12 1 1 1 9 7 12 1 1 1 9 12 1 1 100 1 8 1 10 12 1 10 12 1 1 100 1 10 100 12 1 1 1 10 12 1 9 12 1 1 18 12 1 1 10 100 12 1 1 1 10 7 12 1 1 1 9 7 12 1 1 1 7 1 10 8 1 10 12 1 1 10 12 1 10 12 1 1 8 1 10 12 1 1 7 1 8 1 10 12 1 10 12 1 1 10 12 1 9 12 1 1 18 12 1 1 10 100 12 1 1 1 10 12 1 1 10 12 1 10 100 12 1 1 1 10 1 1 1 1 1 1 1 1 1 1 1 1 1 1 1 1 1 1 1 1 1 1 1 1 1 1 1 1 1 1 1 1 1 1 1 1 1 16 1 15 10 12 16 1 16 15 10 12 15 10 100 12 1 1 1 1 1 100 1 1 100 1 100 1 1
ciInstanceKlass jdk/internal/foreign/abi/ABIDescriptor 0 0 55 10 100 12 1 1 1 9 100 12 1 1 1 9 12 1 1 9 12 1 9 12 1 9 12 1 1 9 12 1 9 12 1 1 9 12 1 9 12 1 9 12 1 9 12 1 1 1 1 1 1 1 1 1 1
ciInstanceKlass jdk/internal/foreign/abi/VMStorage 0 0 91 10 7 12 1 1 1 9 7 12 1 1 1 9 12 1 1 9 12 1 1 9 12 1 1 7 1 10 8 1 10 12 1 1 10 12 1 10 12 1 1 10 12 1 18 12 1 18 12 1 1 18 12 1 1 1 1 1 1 1 1 1 1 1 1 1 1 1 1 1 1 1 8 1 15 15 15 15 15 10 100 12 1 1 1 1 100 1 100 1 1
ciInstanceKlass jdk/internal/foreign/abi/UpcallLinker$CallRegs 0 0 66 10 7 12 1 1 1 9 7 12 1 1 1 9 12 1 18 12 1 1 18 12 1 1 18 12 1 1 1 1 1 1 1 1 1 1 1 1 1 1 1 1 1 1 100 1 1 1 8 1 15 15 15 10 100 12 1 1 1 1 1 100 1 100 1 1
ciInstanceKlass java/lang/StackWalker 0 0 271 9 7 12 1 1 1 100 1 10 100 12 1 1 1 10 12 1 1 10 100 12 1 1 1 10 12 1 1 10 12 1 11 100 12 1 1 1 10 12 1 1 10 12 1 1 10 12 1 1 100 1 8 1 10 12 1 10 12 1 10 12 1 10 7 12 1 1 9 12 1 1 9 12 1 1 9 12 1 1 9 12 1 1 10 12 1 1 9 12 1 1 9 12 1 1 9 12 1 1 10 7 12 1 1 1 11 12 1 1 100 1 8 1 10 10 7 12 1 1 9 12 1 1 10 12 1 1 10 100 12 1 1 1 10 100 12 1 1 1 18 12 1 1 100 1 8 1 10 8 1 10 12 1 1 10 100 12 1 1 1 10 12 1 1 9 100 12 1 1 11 100 12 1 1 1 10 12 1 1 1 1 1 1 1 1 1 1 1 1 1 1 1 1 1 1 1 1 1 1 1 1 1 1 1 1 1 1 1 1 1 1 1 1 1 1 1 1 1 1 1 1 1 1 1 1 1 1 1 1 1 1 1 1 1 1 1 1 1 1 1 1 1 1 7 1 1 16 15 10 12 16 1 15 10 100 12 1 1 1 1 1 1 1 1 1 100 1 100 1 1
ciInstanceKlass java/lang/StackWalker$StackFrame 0 0 41 100 1 10 12 1 1 100 1 100 1 1 1 1 1 1 1 1 1 1 1 1 1 1 1 1 1 1 1 1 1 1 1 1 1 1 1 100 1 1 1
instanceKlass java/lang/LiveStackFrameInfo
ciInstanceKlass java/lang/StackFrameInfo 0 0 142 10 7 12 1 1 1 9 7 12 1 1 1 9 7 1 9 12 1 1 11 100 12 1 1 1 9 12 1 1 11 12 1 1 10 12 1 1 10 7 12 1 1 1 10 12 1 11 12 1 11 12 1 1 11 12 1 10 12 1 1 9 12 1 1 10 12 1 1 10 7 12 1 1 10 12 1 1 11 12 1 1 9 12 1 1 10 7 1 10 12 1 9 12 1 1 10 12 1 1 100 1 8 1 10 12 1 10 100 12 1 1 1 7 1 1 1 1 1 1 1 1 1 1 1 1 1 1 1 1 1 1 7 1 1 7 1 1 1 1 1 1
ciInstanceKlass java/lang/LiveStackFrameInfo 0 0 97 10 7 12 1 1 1 9 7 12 1 1 1 9 12 1 9 12 1 9 12 1 9 12 1 1 7 1 10 12 1 1 10 12 1 8 1 10 12 1 1 8 1 8 1 8 1 10 100 1 10 12 1 100 1 10 12 1 7 1 7 1 1 1 3 1 3 1 1 1 1 1 1 1 1 1 1 1 1 1 1 1 1 1 1 1 1 1 1 1 1 1 1 1 100 1 1
ciInstanceKlass java/lang/LiveStackFrame 0 0 135 100 1 10 100 12 1 1 1 11 7 12 1 1 1 11 12 1 10 7 12 1 1 1 100 1 8 1 10 12 1 1 10 7 12 1 1 1 9 100 12 1 1 1 10 7 12 1 1 1 10 7 12 1 1 1 11 12 1 10 12 1 7 1 7 1 1 1 1 1 1 1 1 1 1 1 1 1 1 1 1 1 1 1 1 1 1 1 1 1 1 1 1 100 1 1 1 1 1 1 1 100 1 8 1 1 12 10 1 1 1 8 1 1 1 8 1 1 1 8 1 1 1 8 1 1 8 1 1 1 8 1 1 8 1
ciInstanceKlass java/lang/StackStreamFactory$AbstractStackWalker 1 0 375 100 1 7 1 3 10 7 12 1 1 1 10 7 12 1 1 10 7 12 1 1 1 9 12 1 1 10 12 1 1 9 12 1 1 9 12 1 1 9 12 1 1 9 12 1 10 7 12 1 1 1 10 12 1 1 10 7 12 1 1 9 12 1 1 9 12 1 1 10 12 1 1 9 100 12 1 1 1 10 12 1 1 10 12 1 9 12 1 1 10 100 12 1 1 1 10 12 1 1 9 12 1 1 9 7 12 1 1 1 7 1 10 8 1 10 12 1 1 10 12 1 8 1 10 12 1 1 10 100 12 1 1 1 100 1 8 1 10 12 1 8 1 10 12 10 100 12 1 1 9 12 1 8 1 5 0 8 1 8 1 9 12 1 1 10 12 1 1 18 12 1 1 10 7 12 1 1 1 10 12 1 1 10 12 1 10 12 1 9 12 1 10 12 1 10 12 1 10 12 1 10 12 1 10 12 1 10 12 1 1 8 1 10 12 1 10 12 1 10 12 1 10 12 1 1 8 1 10 12 1 1 10 12 1 1 10 12 1 1 10 12 1 10 12 1 10 100 12 1 1 1 10 12 1 10 12 1 9 12 1 8 1 10 12 1 10 12 1 10 12 1 1 10 12 1 10 12 1 10 12 1 1 10 12 1 10 12 1 10 12 1 10 12 1 10 12 1 10 12 1 1 10 12 1 1 10 12 1 8 1 1 1 1 1 1 1 1 1 1 1 1 1 7 1 1 1 1 1 1 1 7 1 1 1 1 7 1 1 1 1 1 1 1 1 1 1 1 1 1 1 1 1 1 1 1 16 15 15 10 100 12 1 1 1 1 1 1 1 1 100 1 100 1 1
ciInstanceKlass jdk/internal/module/Modules 1 1 504 10 7 12 1 1 1 9 7 12 1 1 1 11 7 12 1 1 1 11 12 1 1 11 12 1 1 11 12 1 1 11 12 1 11 12 1 11 12 1 11 12 1 11 12 1 1 10 7 12 1 1 1 10 100 12 1 1 1 18 12 1 1 10 7 12 1 1 1 7 1 10 7 12 1 1 1 10 100 12 1 1 1 10 100 12 1 1 10 12 1 1 11 12 1 9 12 1 1 11 100 12 1 1 1 10 12 1 1 10 10 12 1 10 9 12 1 1 10 100 12 1 1 10 12 1 1 10 100 12 1 1 100 1 11 100 12 1 1 1 10 100 12 1 1 1 11 100 12 1 1 10 12 1 1 10 100 12 1 1 10 100 12 1 1 1 10 12 1 1 10 12 1 1 11 12 1 1 18 12 1 1 11 100 12 1 1 10 100 12 1 1 1 11 100 12 1 1 1 7 1 11 12 1 1 11 7 12 1 1 1 11 12 1 1 10 12 1 1 10 100 12 1 1 18 12 1 1 11 12 1 1 18 12 1 1 11 12 1 1 10 12 1 18 18 10 12 1 1 9 12 1 1 11 7 12 1 1 1 100 1 10 11 12 1 11 12 1 1 11 12 1 1 10 100 1 10 12 1 1 10 100 12 1 1 10 12 1 1 11 12 10 12 1 1 7 1 10 18 12 1 10 12 1 1 7 1 8 1 10 12 1 10 100 12 1 1 18 12 1 11 11 12 10 12 1 10 10 100 1 18 12 1 10 10 10 7 12 1 1 10 7 12 1 1 1 10 12 1 1 1 1 1 1 1 1 1 1 1 1 1 1 1 1 1 1 1 1 1 1 1 1 1 1 1 1 1 1 1 1 1 100 1 1 1 1 1 1 1 1 1 1 1 1 1 1 1 1 1 1 1 1 1 1 1 1 1 1 1 1 1 1 1 1 1 1 1 7 1 1 1 1 1 1 1 1 1 1 1 1 1 1 1 1 1 1 1 1 1 1 1 16 15 10 12 1 16 16 15 10 12 1 16 1 16 1 15 10 12 1 16 1 16 1 15 10 12 16 1 15 10 16 1 15 10 12 16 1 15 10 12 16 15 10 12 16 15 10 12 15 10 100 12 1 1 1 1 1 1 100 1 100 1 1
staticfield jdk/internal/module/Modules JLA Ljdk/internal/access/JavaLangAccess; java/lang/System$2
staticfield jdk/internal/module/Modules JLMA Ljdk/internal/access/JavaLangModuleAccess; java/lang/module/ModuleDescriptor$1
staticfield jdk/internal/module/Modules $assertionsDisabled Z 1
ciInstanceKlass java/lang/invoke/Invokers$Holder 1 1 128 1 100 1 100 1 1 1 1 1 1 1 7 1 7 1 7 1 1 12 10 1 1 12 10 1 1 12 10 1 1 100 1 1 12 9 1 1 1 12 10 1 1 1 12 10 1 1 12 10 1 1 12 10 1 12 10 1 1 1 12 10 1 1 100 1 1 12 10 1 12 10 1 1 12 10 1 12 10 1 1 12 10 1 1 12 10 1 12 10 1 1 12 10 1 1 12 10 1 1 12 10 1 12 10 12 10 12 10 12 10 12 10 1 1 12 10 1 1 12 10 1 1 12 10 1 1 1
ciMethod java/lang/invoke/Invokers$Holder linkToTargetMethod (Ljava/lang/Object;)Ljava/lang/Object; 1024 0 9794081 0 -1
ciMethod java/lang/invoke/Invokers$Holder linkToTargetMethod (Ljava/lang/Object;Ljava/lang/Object;)Ljava/lang/Object; 1024 0 6188394 0 -1
ciMethod java/lang/invoke/Invokers$Holder linkToTargetMethod (Ljava/lang/Object;Ljava/lang/Object;Ljava/lang/Object;)Ljava/lang/Object; 4800 0 2099064 0 -1
ciInstanceKlass java/lang/invoke/DirectMethodHandle$Holder 1 1 548 1 100 1 100 1 1 1 1 1 1 1 7 1 1 12 10 1 12 10 1 7 1 7 1 1 12 10 1 1 1 1 12 10 1 1 12 10 1 1 12 10 1 1 12 10 1 1 12 10 1 1 12 10 1 1 12 10 1 1 12 10 1 1 12 10 1 1 12 10 1 1 12 10 1 1 12 10 1 1 12 10 1 1 12 10 1 1 12 10 1 1 12 10 1 1 12 10 1 1 12 10 1 1 12 10 1 1 12 10 1 1 12 10 1 1 12 10 1 1 12 10 1 1 12 10 1 1 12 10 1 1 12 10 1 1 12 10 1 1 12 10 1 1 12 10 1 1 12 10 1 1 12 10 1 1 12 10 1 1 12 10 1 1 12 10 1 1 12 10 1 1 12 10 1 1 12 10 1 1 12 10 1 1 12 10 1 1 12 10 1 1 12 10 1 1 12 10 1 1 12 10 1 1 12 10 1 1 12 10 1 1 12 10 1 1 12 10 1 1 12 10 1 1 12 10 1 1 12 10 1 1 12 10 12 10 12 10 1 1 12 10 12 10 1 1 12 10 1 1 12 10 12 10 12 10 12 10 1 1 12 10 12 10 1 1 12 10 12 10 1 1 12 10 1 1 12 10 12 10 12 10 12 10 12 10 1 1 12 10 1 1 12 10 1 1 12 10 1 1 12 10 1 1 12 10 1 1 12 10 1 1 12 10 1 1 12 10 1 1 12 10 1 1 12 10 1 1 12 10 1 1 12 10 1 1 12 10 1 1 12 10 12 10 12 10 12 10 1 12 10 1 1 12 10 1 1 12 10 1 1 1 1 12 10 12 10 1 1 12 10 1 12 10 12 10 1 1 12 10 1 12 10 12 10 1 1 1 12 10 1 12 10 1 100 1 1 12 9 1 100 1 12 10 1 12 10 1 1 1 12 10 1 12 10 1 1 12 10 1 12 10 1 1 1 12 10 1 12 10 1 1 12 10 1 12 10 1 1 12 10 1 12 10 1 1 12 10 1 12 10 1 1 12 10 1 12 10 1 1 12 10 1 12 10 1 1 12 10 1 12 10 1 1 12 10 1 12 10 1 1 1 12 10 1 12 10 1 1 1 12 10 1 12 10 1 1 1 1 12 10 1 12 10 1 1 1 12 10 1 12 10 1 1 1 1 1 12 10 1 12 10 1 1 1 12 10 1 12 10 1 1 1 12 10 1 12 10 1 1 12 10 1 12 10 1 1 1
ciMethod java/lang/invoke/DirectMethodHandle$Holder newInvokeSpecial (Ljava/lang/Object;Ljava/lang/Object;Ljava/lang/Object;)Ljava/lang/Object; 530 0 2093684 0 -1
ciMethod java/lang/invoke/DirectMethodHandle$Holder newInvokeSpecial (Ljava/lang/Object;Ljava/lang/Object;)Ljava/lang/Object; 512 0 6094987 0 -1
ciInstanceKlass java/util/ArrayList 1 1 509 10 7 12 1 1 1 7 1 9 7 12 1 1 1 9 12 1 100 1 7 1 10 8 1 10 12 1 1 10 12 1 10 12 1 1 10 12 1 9 12 1 11 7 12 1 1 1 9 12 1 1 11 12 1 1 7 10 7 12 1 1 1 9 12 1 10 12 1 10 12 1 1 10 7 12 1 1 1 10 7 12 1 1 1 10 12 1 1 10 12 1 1 10 12 1 1 10 12 1 10 12 1 1 100 1 7 1 10 12 1 10 10 7 12 1 1 1 10 7 12 1 1 10 12 1 100 1 10 10 12 10 12 1 1 10 12 1 1 10 12 1 10 12 10 12 1 1 7 1 10 12 1 1 10 12 1 1 10 12 1 100 1 10 11 12 1 1 11 7 12 1 1 1 11 12 1 10 12 1 10 12 1 10 12 1 1 100 1 10 12 1 1 10 10 12 1 1 10 12 1 8 1 8 1 8 1 8 1 10 12 1 1 10 12 1 1 11 12 1 7 1 10 100 12 1 1 10 12 1 10 12 1 1 10 100 12 1 1 10 12 1 10 100 12 1 1 1 11 100 12 1 1 1 10 12 1 100 1 8 1 10 7 1 10 12 1 7 1 10 12 1 10 12 1 1 7 1 10 12 1 10 12 1 1 11 7 12 1 1 7 1 10 12 1 10 12 1 1 11 100 12 1 1 10 12 1 1 10 12 1 1 10 12 1 1 10 12 1 1 11 100 12 1 1 10 12 1 1 7 1 7 1 7 1 1 1 1 5 0 1 3 1 1 1 1 1 1 1 1 1 1 1 1 1 1 1 1 1 1 1 1 1 1 1 1 1 1 1 1 1 1 1 1 1 1 1 1 1 1 1 1 1 1 1 1 1 1 1 1 1 1 1 1 1 1 1 1 1 1 1 1 1 1 1 1 1 1 1 1 1 1 1 1 1 1 1 1 1 1 1 1 1 1 1 1 1 1 1 1 1 1 1 1 1 1 1 1 1 1 1 1 1 1 1 1 100 1 1 1 1 7 1 1 1 1 1 1 1 1 1 1 1 1 1 1 1 1 1 1 1 1 1 1 1 1 1 1 1 1 1 100 1 1 1 1 1 1 1 1 1 1 1 1 1 1 1 1 1 1 100 1 100 1 1 1 1 1 1
staticfield java/util/ArrayList EMPTY_ELEMENTDATA [Ljava/lang/Object; 0 [Ljava/lang/Object;
staticfield java/util/ArrayList DEFAULTCAPACITY_EMPTY_ELEMENTDATA [Ljava/lang/Object; 0 [Ljava/lang/Object;
ciInstanceKlass java/util/RandomAccess 1 0 7 100 1 100 1 1 1
ciMethod java/util/ArrayList add (Ljava/lang/Object;)Z 542 0 7711594 0 1432
ciMethod java/util/ArrayList iterator ()Ljava/util/Iterator; 388 0 6435804 0 200
ciMethod java/util/ArrayList <init> (I)V 4396 0 40100 0 -1
ciMethod java/util/ArrayList add (Ljava/lang/Object;[Ljava/lang/Object;I)V 544 0 7722735 0 0
ciMethod java/util/ArrayList grow ()[Ljava/lang/Object; 236 0 1541471 0 0
ciMethod java/util/ArrayList grow (I)[Ljava/lang/Object; 240 0 68945 0 1592
ciInstanceKlass java/util/function/Consumer 1 1 59 10 7 12 1 1 1 18 12 1 1 11 7 12 1 1 7 1 1 1 1 1 1 1 1 1 1 1 1 1 1 1 1 1 1 1 1 1 1 1 1 1 16 15 11 12 15 10 7 12 1 1 1 1 100 1 100 1 1
ciInstanceKlass java/lang/annotation/Annotation 1 0 17 100 1 100 1 1 1 1 1 1 1 1 1 1 1 1 1
ciInstanceKlass java/lang/invoke/DirectMethodHandle$Constructor 1 1 91 10 7 12 1 1 1 9 7 12 1 1 1 9 12 1 1 9 12 1 1 10 100 12 1 1 1 100 1 10 12 1 9 12 1 9 12 1 10 12 1 10 12 1 1 9 12 1 1 10 12 1 1 10 7 12 1 1 1 1 1 1 1 1 1 1 1 1 1 1 100 1 100 1 1 1 1 1 1 1 1 1 1 1 1 1 1 1 1 1 1
staticfield java/lang/invoke/DirectMethodHandle$Constructor $assertionsDisabled Z 1
instanceKlass java/util/ArrayList$ListItr
ciInstanceKlass java/util/ArrayList$Itr 1 1 104 9 7 12 1 1 1 10 7 12 1 1 1 9 12 1 1 9 7 12 1 1 9 12 1 9 12 1 9 12 1 10 12 1 100 1 10 9 12 1 1 100 1 10 100 1 10 10 12 1 1 100 1 10 100 12 1 1 1 10 12 1 1 11 100 12 1 1 1 100 1 1 1 1 1 1 1 1 1 1 1 1 1 1 1 1 100 1 1 1 1 1 1 1 1 1 1 1 1 1 1 1 1 1
ciMethod java/util/ArrayList$Itr hasNext ()Z 4096 0 3905116 0 120
ciMethod java/util/ArrayList$Itr next ()Ljava/lang/Object; 6962 0 9611 0 272
ciMethod java/util/ArrayList$Itr <init> (Ljava/util/ArrayList;)V 388 0 6455291 0 0
ciMethod java/util/ArrayList$Itr checkForComodification ()V 618 0 6452 0 0
ciInstanceKlass java/util/Collections$1 1 1 67 9 7 12 1 1 1 10 7 12 1 1 1 9 12 1 1 100 1 10 100 1 10 10 100 12 1 1 1 11 100 12 1 1 1 100 1 1 1 1 1 1 1 1 1 1 1 1 1 1 1 1 1 1 1 1 1 1 1 1 100 1 12 1 1 1 1
ciInstanceKlass java/lang/invoke/BoundMethodHandle$Species_L 1 1 126 10 7 12 1 1 1 9 7 12 1 1 1 9 12 1 1 10 12 1 9 7 12 1 1 1 10 7 12 1 1 1 10 12 1 1 10 7 12 1 1 1 100 1 10 100 12 1 1 1 9 12 1 10 12 1 9 12 1 10 12 1 9 12 1 10 12 1 9 12 1 10 12 1 10 12 1 1 10 12 1 1 1 1 1 1 1 1 1 1 1 1 1 1 1 1 1 1 1 1 1 1 1 1 1 1 1 1 1 1 1 1 1 1 1 1 1 1 1 1 1 1 1 100 1 1
ciInstanceKlass java/lang/invoke/BoundMethodHandle$Species_LLLLL 1 1 82 1 7 1 7 1 1 1 1 1 1 1 1 1 1 1 12 9 1 1 1 12 10 12 9 12 9 12 9 12 9 12 9 1 1 12 10 1 1 1 100 1 7 1 1 12 10 1 7 1 1 12 10 1 1 1 12 10 1 1 1 12 10 1 1 1 12 10 1 1 1 12 10 1 1 1 12 10 1 1 1 1
ciMethod java/lang/Number intValue ()I 0 0 1 0 -1
ciMethod java/util/function/Consumer accept (Ljava/lang/Object;)V 0 0 1 0 -1
ciMethod java/lang/Iterable iterator ()Ljava/util/Iterator; 0 0 1 0 -1
ciMethod java/util/Collection iterator ()Ljava/util/Iterator; 0 0 1 0 -1
ciMethod java/lang/Integer valueOf (I)Ljava/lang/Integer; 30 0 6337982 0 216
ciMethod java/lang/Integer <init> (I)V 514 0 1066353 0 0
ciMethod java/lang/Number <init> ()V 3342 0 1086948 0 0
ciMethod java/util/Arrays copyOf ([Ljava/lang/Object;I)[Ljava/lang/Object; 4106 0 605101 0 680
ciMethod java/util/Arrays copyOf ([Ljava/lang/Object;ILjava/lang/Class;)[Ljava/lang/Object; 4116 0 106549 0 -1
ciMethod jdk/internal/util/ArraysSupport hugeLength (II)I 0 0 1 0 -1
ciMethod jdk/internal/util/ArraysSupport newLength (III)I 610 0 261012 0 128
ciMethod java/lang/Math max (II)I 586 0 2117884 0 -1
ciMethod jdk/internal/misc/Unsafe allocateInstance (Ljava/lang/Class;)Ljava/lang/Object; 256 0 128 0 -1
ciMethod java/util/Iterator next ()Ljava/lang/Object; 0 0 1 0 -1
ciMethod java/util/Iterator hasNext ()Z 0 0 1 0 -1
ciMethod java/lang/Class getName ()Ljava/lang/String; 4096 0 127151 0 -1
ciMethod java/lang/Boolean valueOf (Z)Ljava/lang/Boolean; 4100 0 54725 0 0
ciMethod java/lang/Boolean booleanValue ()Z 256 0 128 0 -1
ciMethod java/lang/Object getClass ()Ljava/lang/Class; 256 0 128 0 -1
ciMethod java/lang/Object <init> ()V 1024 0 66953692 0 80
ciInstanceKlass  @bci com/android/tools/r8/kotlin/C b (Ljava/util/function/Consumer;Lcom/android/tools/r8/graph/y;)Z 136 <appendix> form vmentry <vmtarget> ; 1 1 35 1 7 1 100 1 1 1 1 1 1 1 7 1 1 12 9 1 1 1 1 1 7 1 1 12 10 1 7 12 9 1 1 1 1
staticfield  @bci com/android/tools/r8/kotlin/C b (Ljava/util/function/Consumer;Lcom/android/tools/r8/graph/y;)Z 136 <appendix> form vmentry <vmtarget> ; _D_0 Ljava/lang/invoke/LambdaForm; java/lang/invoke/LambdaForm
ciInstanceKlass com/android/tools/r8/graph/d1 1 1 80 1 8 1 1 7 1 100 1 1 1 7 1 1 12 9 1 1 12 11 1 1 1 1 1 1 1 1 7 1 12 9 1 100 12 11 1 1 100 1 1 12 10 12 11 1 1 1 7 1 1 12 10 12 10 1 1 12 10 1 12 11 1 1 1 7 1 12 10 1 12 9 1 1 1 1 1 1 1 1
instanceKlass com/android/tools/r8/internal/Uf0
instanceKlass com/android/tools/r8/internal/tC
instanceKlass com/android/tools/r8/internal/sC
instanceKlass com/android/tools/r8/internal/Mn0
instanceKlass com/android/tools/r8/internal/gC
instanceKlass com/android/tools/r8/internal/Rf0
ciInstanceKlass com/android/tools/r8/internal/uC 1 1 248 1 8 1 1 7 1 7 1 7 1 7 1 1 1 1 1 1 12 10 1 7 1 7 1 1 12 10 1 1 12 10 1 1 1 7 1 1 12 10 1 1 12 11 1 7 1 1 12 11 1 1 11 1 1 12 10 1 1 12 10 1 1 1 100 1 1 12 10 1 7 1 12 9 1 7 12 10 1 12 10 1 100 10 1 1 1 100 1 12 10 1 1 1 1 1 1 1 1 1 1 1 1 16 15 1 100 1 1 12 10 15 1 1 12 18 1 100 1 12 10 1 1 7 1 12 10 1 7 1 12 10 1 12 11 1 100 1 1 12 11 1 1 12 11 1 12 10 1 1 12 10 1 1 1 1 1 7 1 12 10 1 1 12 10 1 1 1 1 1 1 1 1 3 1 8 1 7 1 1 12 10 1 100 1 100 1 12 10 1 12 10 1 12 10 1 12 9 1 1 12 10 1 7 1 12 11 10 1 1 1 100 1 12 10 1 1 7 1 1 12 10 100 1 12 10 1 7 1 1 12 10 1 1 1 1 1 1 1 100 1 8 1 1 12 10 1 1
staticfield com/android/tools/r8/internal/uC c I 0
ciInstanceKlass com/android/tools/r8/internal/Rf0 1 1 62 1 8 1 1 7 1 7 1 1 1 1 1 1 1 12 10 12 9 1 1 7 12 10 12 9 1 1 1 1 1 1 1 1 1 1 7 1 1 12 10 1 1 1 1 1 7 1 12 10 1 1 1 7 1 12 10 1 1 1 1 1
staticfield com/android/tools/r8/internal/Rf0 e Lcom/android/tools/r8/internal/Rf0; com/android/tools/r8/internal/Rf0
ciInstanceKlass com/android/tools/r8/internal/Mn0 1 1 91 1 8 1 1 7 1 7 1 1 1 1 1 12 10 1 7 1 1 12 10 12 9 1 1 1 7 1 1 12 10 1 1 1 7 12 10 1 1 1 7 1 1 12 10 1 7 12 11 1 1 1 1 1 12 10 1 100 1 12 9 1 1 1 100 1 8 1 12 10 12 10 1 1 12 10 1 12 10 10 1 1 1 1 12 10 1 1 1 1 1
ciInstanceKlass com/android/tools/r8/internal/kL 1 1 32 1 8 1 1 7 1 7 1 1 1 1 1 1 1 12 10 12 9 1 1 1 7 12 10 12 9 1 1 1 1 1
staticfield com/android/tools/r8/internal/kL e Lcom/android/tools/r8/internal/kL; com/android/tools/r8/internal/kL
ciInstanceKlass com/android/tools/r8/internal/jL 1 1 32 1 8 1 1 7 1 7 1 1 1 1 1 1 12 9 1 12 10 1 1 12 9 1 1 1 100 10 1 1 1 1
ciInstanceKlass sun/security/util/ManifestDigester$Section 1 1 55 10 7 12 1 1 1 9 7 12 1 1 1 9 12 1 9 12 1 9 12 1 1 10 100 12 1 1 1 1 1 1 1 1 1 1 1 1 1 1 1 1 1 1 1 1 1 100 1 1 1 100 1 1 1
ciInstanceKlass sun/security/jca/ProviderConfig 1 1 220 10 7 12 1 1 1 7 1 8 1 10 7 12 1 1 1 8 1 10 12 1 1 10 12 1 9 12 1 1 10 12 1 1 9 12 1 8 1 10 12 1 10 100 12 1 1 1 9 12 1 1 100 1 10 12 1 10 100 12 1 1 1 100 1 9 12 1 1 9 12 1 1 10 12 1 1 10 12 1 1 10 12 1 100 1 10 10 12 1 1 8 1 8 1 10 12 1 10 12 1 8 1 8 1 7 1 10 8 1 8 1 7 1 10 8 1 8 1 100 1 10 8 1 100 1 10 8 1 8 1 100 1 10 9 12 1 1 9 12 1 1 8 1 10 12 1 10 7 12 1 1 1 100 1 8 1 10 12 10 12 1 10 12 1 1 100 1 10 8 1 10 12 1 1 100 1 10 8 1 8 1 10 12 1 1 1 1 1 1 3 1 1 1 1 1 1 1 1 1 1 1 1 1 1 1 1 100 1 1 1 1 1 1 100 1 100 1 1 1
staticfield sun/security/jca/ProviderConfig debug Lsun/security/util/Debug; 
ciInstanceKlass java/util/Collections$SingletonList 1 1 131 10 7 12 1 1 1 9 7 12 1 1 1 10 7 12 1 1 1 10 12 1 1 100 1 100 1 10 8 1 10 12 1 1 10 12 1 8 1 10 12 1 1 10 12 1 11 7 12 1 1 1 100 1 10 10 12 1 1 10 100 12 1 1 1 100 1 100 1 1 1 1 5 0 1 1 1 1 1 1 1 1 1 1 1 1 1 1 1 1 1 1 1 1 1 1 1 1 1 1 1 1 1 1 1 1 1 1 1 1 1 1 1 1 1 1 1 1 1 1 1 1 1 1 1 1 1 1 1 1 1
ciInstanceKlass java/lang/AssertionError 0 0 79 10 100 12 1 1 1 10 12 1 10 100 12 1 1 1 10 100 1 100 1 10 12 1 1 10 12 1 10 12 1 10 12 1 10 12 1 10 12 1 10 12 1 10 12 1 1 1 1 5 0 1 1 1 1 1 1 1 1 1 1 100 1 1 1 1 1 1 1 1 1 1 1 1 1 1 1 1 1
instanceKlass com/android/tools/r8/internal/EJ
ciInstanceKlass java/lang/IllegalStateException 0 0 35 10 100 12 1 1 1 10 12 1 10 12 1 10 12 1 100 1 1 1 1 5 0 1 1 1 1 1 1 1 1 1 1 1 1
ciInstanceKlass java/util/NoSuchElementException 0 0 34 10 100 12 1 1 1 10 12 1 10 12 1 10 12 1 100 1 1 1 1 5 0 1 1 1 1 1 1 1 1 1 1 1
ciInstanceKlass java/util/ConcurrentModificationException 0 0 34 10 100 12 1 1 1 10 12 1 10 12 1 10 12 1 100 1 1 1 1 5 0 1 1 1 1 1 1 1 1 1 1 1
ciInstanceKlass com/android/tools/r8/shaking/j2 1 0 32 1 8 1 1 100 1 100 1 1 1 1 16 1 12 11 15 1 100 1 1 12 10 15 1 12 18 1 1 1 1 1
ciInstanceKlass com/android/tools/r8/graph/y 1 1 1365 1 8 1 1 7 1 1 7 1 100 1 100 1 100 1 100 1 100 1 100 1 100 1 100 1 100 1 100 1 100 1 100 1 100 1 100 1 100 1 100 1 1 100 1 100 1 1 7 1 7 1 1 100 1 1 100 1 100 1 7 1 1 1 1 1 1 1 1 1 1 1 1 1 1 1 1 1 1 1 1 1 1 1 1 1 1 1 1 1 1 1 1 1 1 1 1 1 1 1 1 1 1 1 1 1 1 1 1 1 1 1 1 1 1 1 1 1 1 1 1 1 1 1 1 1 1 1 1 1 1 1 1 1 1 1 1 1 1 1 1 1 1 1 1 1 1 1 1 100 1 12 11 1 12 10 1 1 12 11 1 12 10 1 1 1 12 11 1 12 10 1 100 1 12 10 1 12 9 1 12 10 1 7 1 12 10 1 1 12 10 1 1 12 10 1 12 10 1 1 12 10 1 100 12 10 1 100 1 12 10 1 1 12 10 1 12 9 1 12 10 1 12 9 1 100 1 8 1 12 10 1 100 1 1 12 10 12 9 12 9 12 9 12 9 12 9 1 100 1 12 10 1 1 7 1 12 10 1 1 7 1 12 10 1 1 12 10 1 7 1 12 10 1 1 7 1 12 10 1 12 9 12 9 1 100 1 1 12 11 1 1 12 10 1 7 12 10 1 1 1 1 12 9 12 9 12 10 1 100 1 12 10 1 12 10 12 10 1 12 10 12 9 1 7 12 9 1 12 10 1 1 1 12 9 1 7 10 12 10 1 100 12 9 12 9 1 1 12 10 1 12 10 12 10 1 12 10 1 12 10 1 12 10 12 10 12 10 1 100 1 12 10 12 10 1 12 10 1 12 10 1 7 12 10 1 12 10 1 7 1 12 10 1 12 9 1 1 12 9 1 1 12 9 1 1 12 9 12 9 1 100 1 12 10 12 9 1 100 1 12 11 1 12 10 10 1 12 11 10 1 12 9 1 100 10 12 9 1 12 9 1 7 1 1 12 10 12 9 1 7 12 9 1 12 10 9 1 12 10 12 9 1 8 1 12 10 1 12 9 1 12 9 1 100 1 12 11 12 9 1 1 12 10 1 7 12 9 12 9 1 12 10 12 10 1 1 1 12 9 1 12 9 1 1 1 1 1 12 11 1 16 12 10 15 1 16 1 7 1 1 12 10 15 1 1 12 18 12 10 15 1 16 18 12 10 15 1 16 18 1 100 1 12 10 1 100 1 100 1 12 10 1 100 1 100 1 12 10 1 12 10 1 100 1 100 10 1 12 10 1 12 9 1 1 100 10 12 9 1 7 1 12 9 1 100 1 12 11 1 12 9 1 100 1 12 10 12 9 1 12 10 1 12 9 1 7 1 12 11 1 12 9 12 9 1 12 10 1 100 1 100 1 12 9 1 12 10 1 12 9 1 1 1 12 10 1 7 1 12 10 1 100 1 12 9 1 12 9 12 9 1 1 12 9 1 12 9 1 100 12 9 1 100 1 1 12 10 1 12 9 1 100 11 1 1 7 10 1 12 9 1 100 1 7 1 8 1 12 10 1 12 10 1 12 10 1 12 10 1 100 1 12 10 12 10 1 7 1 12 10 1 7 1 12 10 12 9 1 8 1 100 1 12 10 1 100 12 9 1 1 12 11 1 100 1 12 11 1 1 12 11 12 9 11 1 12 10 1 12 10 1 12 9 1 12 10 1 7 1 12 10 12 9 1 100 1 12 10 1 7 1 12 10 12 10 1 1 100 12 9 1 12 10 12 10 1 1 12 10 9 12 9 1 100 1 100 1 1 12 10 1 100 12 10 1 12 10 1 100 1 12 10 12 9 1 1 12 9 1 100 1 12 11 1 100 1 12 10 1 1 1 12 9 1 100 12 11 12 9 1 1 12 9 1 100 1 12 10 1 1 12 11 12 9 12 10 1 8 1 100 1 1 12 10 15 1 12 18 12 10 1 8 18 1 12 10 1 12 10 16 1 12 10 15 16 1 12 18 1 1 12 10 1 1 100 12 9 1 1 12 10 12 10 12 10 1 12 10 1 1 1 1 12 10 1 1 1 100 1 12 10 1 12 9 1 100 9 1 1 12 9 1 100 1 12 10 1 100 1 12 9 12 10 1 12 9 1 12 10 1 12 11 1 12 10 12 10 1 1 1 8 1 100 1 100 16 12 10 15 1 16 1 12 18 10 1 12 10 1 12 10 1 12 10 1 12 10 1 1 1 12 10 1 100 12 10 1 12 10 1 12 10 15 1 16 1 12 18 1 12 10 1 100 1 12 10 1 12 9 1 12 10 1 12 10 15 16 18 12 10 12 10 1 100 1 12 10 1 8 1 12 10 1 100 1 12 11 1 12 10 1 12 10 10 1 12 10 10 10 10 10 10 10 10 10 1 100 1 100 12 11 1 100 1 12 10 1 12 10 11 1 100 1 12 10 12 10 1 100 9 1 100 1 1 12 10 1 1 12 10 1 100 1 12 10 9 1 12 11 1 12 11 12 11 1 1 7 1 12 10 10 1 7 10 1 12 10 12 9 12 9 1 7 12 10 1 7 12 9 12 9 1 7 10 12 9 1 7 10 12 9 12 9 1 7 1 12 9 1 7 10 1 12 10 9 1 7 1 12 9 1 7 12 9 1 7 1 12 9 1 7 10 12 9 12 9 12 9 16 12 10 15 16 1 12 18 1 8 1 12 10 1 7 10 12 9 1 7 10 12 9 1 100 10 12 9 1 100 10 12 9 12 10 15 16 18 1 8 1 7 1 12 10 15 16 1 12 18 1 8 12 9 1 8 1 12 10 12 9 12 10 9 1 100 10 12 9 12 10 1 100 1 12 10 12 10 15 16 18 1 8 12 9 12 10 15 1 16 1 12 18 1 8 12 10 15 16 18 1 8 12 10 15 16 18 1 8 12 10 15 16 18 1 8 1 7 12 9 1 1 12 9 1 12 9 1 100 1 8 1 100 12 9 1 12 9 1 100 11 1 12 10 1 12 10 10 12 9 1 8 12 10 12 10 16 12 10 15 1 12 18 1 100 11 1 1 1 1 1 1 1 1 1 1
staticfield com/android/tools/r8/graph/y W Z 1
ciInstanceKlass com/android/tools/r8/internal/du0 1 0 16 1 8 1 1 100 1 1 100 1 1 1 1 1 1 1
ciInstanceKlass com/android/tools/r8/shaking/g0 1 0 11 1 8 1 1 100 1 100 1 1 1
ciInstanceKlass com/android/tools/r8/kotlin/b0 1 1 325 1 8 1 1 7 1 100 1 7 1 1 1 1 1 1 1 1 1 7 1 8 1 1 12 10 1 7 1 1 12 9 1 7 1 1 12 9 1 7 1 12 9 100 1 7 1 1 12 10 1 1 12 10 1 8 1 1 12 9 1 7 1 7 1 1 12 9 1 7 1 12 10 10 1 12 10 1 12 10 1 8 1 7 1 1 12 10 15 1 12 18 1 12 9 1 8 1 7 1 1 12 10 1 8 18 1 1 12 10 1 1 7 1 12 10 1 100 1 1 12 10 1 12 10 1 7 1 1 100 1 12 10 1 12 10 1 100 1 12 9 1 100 1 12 10 1 100 1 1 12 10 1 1 12 10 1 100 1 1 12 10 1 100 1 1 12 10 1 7 1 1 12 11 1 7 1 12 11 1 1 12 11 1 100 1 12 9 1 12 10 1 1 12 10 1 100 1 12 10 1 1 12 10 1 100 1 12 10 1 100 1 1 12 10 1 100 1 12 9 1 1 12 10 1 100 12 9 1 100 1 12 10 1 100 1 12 10 1 12 10 1 8 18 12 10 1 1 7 1 12 11 1 7 1 12 10 1 12 9 1 12 11 1 100 1 12 10 1 7 1 1 12 10 1 16 1 1 12 11 15 1 7 1 1 12 10 15 1 1 12 18 1 12 10 1 100 1 1 7 1 12 10 1 7 1 12 10 12 9 1 8 10 12 9 1 8 12 9 1 1 1 1 1 1
staticfield com/android/tools/r8/kotlin/b0 a Lcom/android/tools/r8/internal/rM; com/android/tools/r8/internal/rM
staticfield com/android/tools/r8/kotlin/b0 b Lcom/android/tools/r8/kotlin/a0; com/android/tools/r8/kotlin/a0
staticfield com/android/tools/r8/kotlin/b0 c Lcom/android/tools/r8/kotlin/a0; com/android/tools/r8/kotlin/a0
staticfield com/android/tools/r8/kotlin/b0 d Z 1
ciInstanceKlass com/android/tools/r8/internal/jK 1 1 113 1 8 1 1 100 1 7 1 1 1 100 1 1 12 10 1 100 1 1 12 10 1 12 10 1 1 100 1 12 10 1 8 1 8 1 100 1 12 10 1 100 10 1 1 8 1 1 12 10 1 1 100 1 1 12 10 1 1 12 10 1 100 1 100 1 12 10 1 1 12 10 1 12 10 1 100 1 8 10 1 1 12 10 1 8 1 8 1 12 10 1 1 10 1 100 10 1 100 1 100 1 1 12 10 1 1 12 10 1 1 1 1
instanceKlass com/android/tools/r8/internal/lf
ciInstanceKlass com/android/tools/r8/internal/kf 1 1 28 1 8 1 1 100 1 100 1 1 1 8 1 7 1 1 12 10 1 7 1 1 12 11 1 1 1 1
ciInstanceKlass com/android/tools/r8/internal/mX 1 1 20 1 8 1 1 7 1 100 1 1 1 1 1 7 12 9 9 1 1 1
staticfield com/android/tools/r8/internal/mX a Lcom/android/tools/r8/internal/lX; com/android/tools/r8/internal/lX
ciInstanceKlass com/android/tools/r8/internal/lX 1 1 93 1 8 1 1 7 1 7 1 1 1 1 1 1 12 10 1 1 7 1 7 1 1 12 10 1 7 1 1 12 10 1 8 1 7 1 12 10 1 7 1 12 10 1 7 1 1 12 11 1 100 1 8 1 12 10 1 10 12 9 1 16 12 10 15 16 1 7 1 1 12 10 15 1 12 18 1 8 1 12 10 1 7 1 12 10 12 9 1 1 1 1 1
staticfield com/android/tools/r8/internal/lX a Lcom/android/tools/r8/internal/lX; com/android/tools/r8/internal/lX
staticfield com/android/tools/r8/internal/lX b Lcom/android/tools/r8/internal/fs0; com/android/tools/r8/internal/fs0
ciInstanceKlass com/android/tools/r8/internal/fs0 1 1 64 1 8 1 1 7 1 7 1 100 1 1 1 1 1 1 1 1 8 1 7 1 12 10 1 12 10 12 9 1 7 1 1 12 9 12 9 12 9 1 1 12 10 1 7 12 11 1 100 1 1 10 1 100 1 1 12 10 1 8 1 1 1 1
ciInstanceKlass com/android/tools/r8/internal/oM 1 1 79 1 8 1 1 100 1 7 1 100 1 1 12 10 1 1 1 7 1 1 12 9 1 7 10 1 7 1 12 10 1 1 12 10 1 8 1 7 1 1 12 10 1 7 1 12 9 1 7 1 12 10 1 12 9 1 12 9 1 1 12 9 1 12 9 1 12 10 1 1 12 10 1 100 10 1 1 1 1
ciInstanceKlass com/android/tools/r8/internal/SQ 1 0 11 1 8 1 1 100 1 100 1 1 1
ciInstanceKlass com/android/tools/r8/internal/TQ 1 1 62 1 8 1 1 7 1 7 1 1 1 1 1 12 10 12 9 1 1 1 7 1 12 10 1 1 1 1 12 10 1 100 1 12 10 12 10 1 1 1 8 1 1 12 10 1 100 12 11 1 8 12 10 1 100 1 12 10 1 1 1 1
ciInstanceKlass com/android/tools/r8/internal/Mc 1 0 11 1 8 1 1 100 1 100 1 1 1
ciInstanceKlass com/android/tools/r8/internal/bN 1 0 9 1 8 1 1 100 1 100 1
ciInstanceKlass com/android/tools/r8/internal/ee 1 1 373 1 8 1 1 7 1 7 1 7 1 100 1 1 1 1 1 12 9 1 1 1 7 1 12 10 12 10 1 1 12 10 1 1 1 7 1 1 12 10 1 1 12 10 1 8 1 12 10 12 10 1 10 1 1 7 1 7 1 7 1 7 1 7 1 7 1 7 1 7 1 7 1 7 1 7 1 7 1 7 1 7 1 7 1 7 1 7 1 7 1 7 1 7 1 7 1 7 1 7 1 7 1 7 1 12 10 1 7 1 7 1 12 10 1 12 10 1 7 1 1 12 11 1 7 1 1 12 11 1 1 12 11 1 7 1 1 12 10 1 7 1 12 10 1 12 10 1 100 1 8 1 12 10 1 7 1 12 10 12 9 1 7 10 1 8 1 8 1 1 12 10 1 8 1 8 1 8 1 8 1 8 1 8 1 8 1 8 1 8 1 8 1 8 1 8 1 8 1 8 1 8 1 8 1 8 1 8 1 8 1 8 1 8 1 8 1 8 1 8 1 8 1 8 1 8 1 8 1 8 1 8 1 8 1 8 1 8 1 8 1 8 1 8 1 8 1 8 1 8 1 8 1 8 1 8 1 8 1 8 1 8 1 8 1 8 1 8 1 8 1 8 1 8 1 8 1 8 1 8 1 8 1 8 1 8 1 8 1 8 1 8 1 1 12 10 1 1 12 10 1 8 1 7 1 12 10 1 7 1 8 10 1 12 10 1 7 1 12 10 1 8 1 8 1 1 12 10 1 7 1 1 12 11 1 7 11 1 7 1 12 11 1 12 11 1 7 1 12 10 1 12 10 1 8 1 12 10 1 7 1 12 10 1 12 10 10 10 11 1 1 1 1
staticfield com/android/tools/r8/internal/ee b Ljava/util/Map; java/util/LinkedHashMap
ciInstanceKlass com/android/tools/r8/internal/Ay 1 0 11 1 8 1 1 100 1 100 1 1 1
ciInstanceKlass com/android/tools/r8/internal/eR 1 1 175 1 8 1 1 7 1 7 1 1 3 3 3 1 1 3 1 1 1 1 1 1 1 1 1 1 1 1 1 1 1 1 1 1 1 1 1 1 1 1 1 1 1 1 1 1 1 1 1 1 1 1 1 1 1 1 1 1 1 1 1 1 1 1 1 1 1 1 1 1 1 12 10 12 9 1 7 12 10 12 9 1 7 1 12 9 1 1 12 10 1 7 1 12 9 1 7 1 12 10 1 7 1 7 1 12 10 1 7 1 1 12 11 1 7 1 1 12 11 1 12 11 1 7 1 7 10 1 1 12 10 12 9 1 12 9 8 1 100 1 12 10 1 1 12 9 1 12 9 1 12 9 1 1 100 12 10 1 8 1 12 10 12 10 1 12 10 12 10 1 1 1 1 1 1
ciInstanceKlass com/android/tools/r8/internal/lR 1 1 53 1 8 1 1 7 1 1 7 1 1 3 3 3 1 1 3 1 1 1 1 1 1 1 1 1 1 1 1 1 1 1 1 12 10 1 1 8 12 10 12 9 8 12 9 8 12 9 1 1 1 1 1
staticfield com/android/tools/r8/internal/lR b Lcom/android/tools/r8/internal/lR; com/android/tools/r8/internal/lR
staticfield com/android/tools/r8/internal/lR c Lcom/android/tools/r8/internal/lR; com/android/tools/r8/internal/lR
staticfield com/android/tools/r8/internal/lR d Lcom/android/tools/r8/internal/lR; com/android/tools/r8/internal/lR
ciInstanceKlass com/android/tools/r8/internal/gR 1 0 11 1 8 1 1 100 1 100 1 100 1
ciInstanceKlass com/android/tools/r8/internal/XM 1 1 80 1 8 1 1 7 1 7 1 100 1 1 1 1 1 1 1 1 12 10 1 7 10 12 9 1 1 7 1 7 1 12 9 1 1 12 10 1 7 1 12 10 1 12 10 12 9 1 1 1 1 1 100 12 10 1 8 1 100 1 12 10 12 9 1 12 10 1 1 1 100 1 12 10 12 10 1 1 1 1
staticfield com/android/tools/r8/internal/XM c Lcom/android/tools/r8/internal/TQ; com/android/tools/r8/internal/TQ
ciInstanceKlass com/android/tools/r8/internal/Fv 1 1 64 1 8 1 1 100 1 100 1 1 1 7 1 1 12 11 1 7 1 100 1 7 1 1 12 11 1 1 12 11 1 1 12 11 1 7 1 12 10 1 100 1 100 1 8 1 1 12 10 1 1 12 10 1 1 12 10 10 1 8 1 1 1 1
ciInstanceKlass com/android/tools/r8/internal/dM 1 1 83 1 8 1 1 100 1 100 1 1 1 8 1 7 1 1 12 10 1 7 1 12 11 1 7 1 1 12 10 1 1 12 10 1 100 1 1 12 10 1 8 1 1 12 10 1 100 1 8 1 100 1 8 1 100 1 8 1 100 1 8 1 100 1 8 1 100 1 8 1 100 1 8 1 100 1 8 1 100 1 1 1 1
ciInstanceKlass com/android/tools/r8/internal/jR 1 1 106 1 8 1 1 7 1 7 1 1 3 3 3 1 1 3 1 1 1 1 1 1 1 1 1 1 1 1 1 1 1 1 1 1 1 1 1 1 1 1 1 1 1 1 1 1 1 1 1 1 1 1 12 10 12 9 12 9 1 12 10 12 9 1 1 1 1 100 1 8 1 12 10 1 1 12 10 1 8 1 12 10 1 12 10 12 10 1 1 100 12 10 1 100 10 1 1 100 1 12 10 1 1 1 1 1
staticfield com/android/tools/r8/internal/jR c Lcom/android/tools/r8/internal/jR; com/android/tools/r8/internal/jR
ciInstanceKlass com/android/tools/r8/internal/aN 1 0 9 1 8 1 1 100 1 100 1
instanceKlass com/android/tools/r8/internal/ZL
instanceKlass com/android/tools/r8/internal/YL
instanceKlass com/android/tools/r8/internal/aM
instanceKlass com/android/tools/r8/internal/V4
instanceKlass com/android/tools/r8/internal/U4
instanceKlass com/android/tools/r8/internal/Dx
instanceKlass com/android/tools/r8/internal/h5
instanceKlass com/android/tools/r8/internal/W4
instanceKlass com/android/tools/r8/internal/Cx
instanceKlass com/android/tools/r8/internal/Ax
instanceKlass com/android/tools/r8/internal/b5
instanceKlass com/android/tools/r8/internal/g5
instanceKlass com/android/tools/r8/internal/X4
instanceKlass com/android/tools/r8/internal/a5
instanceKlass com/android/tools/r8/internal/f5
instanceKlass com/android/tools/r8/internal/zx
instanceKlass com/android/tools/r8/internal/d5
instanceKlass com/android/tools/r8/internal/e5
instanceKlass com/android/tools/r8/internal/Z4
instanceKlass com/android/tools/r8/internal/yx
instanceKlass com/android/tools/r8/internal/j5
instanceKlass com/android/tools/r8/internal/xx
instanceKlass com/android/tools/r8/internal/Y4
instanceKlass com/android/tools/r8/internal/i5
instanceKlass com/android/tools/r8/internal/c5
instanceKlass com/android/tools/r8/internal/R4
instanceKlass com/android/tools/r8/internal/Q4
instanceKlass com/android/tools/r8/internal/P4
instanceKlass com/android/tools/r8/internal/O4
instanceKlass com/android/tools/r8/internal/N4
instanceKlass com/android/tools/r8/internal/T4
instanceKlass com/android/tools/r8/internal/S4
instanceKlass com/android/tools/r8/internal/Bx
ciInstanceKlass com/android/tools/r8/internal/LZ 1 1 110 1 8 1 1 7 1 7 1 100 1 100 1 1 1 1 1 12 10 12 9 1 1 1 1 12 10 1 1 1 12 10 1 1 12 10 1 100 12 10 1 100 1 8 1 12 10 1 100 1 12 9 1 100 1 1 12 10 12 10 1 12 9 12 10 1 1 1 12 10 12 10 1 12 9 1 100 10 12 9 1 1 12 10 10 1 100 1 12 9 1 1 12 10 1 100 1 8 10 1 1 12 10 1 8 10 1 1 1 1
ciInstanceKlass com/android/tools/r8/internal/k5 1 1 936 1 8 1 1 7 1 7 1 1 3 3 3 1 1 3 1 1 1 1 1 1 1 1 1 1 1 1 1 1 1 1 1 1 1 1 1 1 1 1 1 1 1 1 1 1 1 1 1 1 1 1 1 1 1 1 1 1 1 1 1 1 1 1 1 1 1 1 1 1 1 1 1 1 1 1 1 1 1 1 1 1 1 1 1 1 1 1 1 1 1 1 1 1 1 1 1 1 1 1 1 1 1 1 1 1 1 1 1 1 1 1 1 1 1 1 1 1 1 1 1 1 1 1 1 1 1 1 1 1 1 1 1 1 1 1 1 1 1 1 1 1 1 1 1 1 1 1 1 1 1 1 1 1 1 1 1 1 1 1 1 1 1 1 1 1 1 1 1 1 1 1 1 1 1 1 1 1 1 1 1 1 1 1 1 1 1 1 1 1 1 1 1 1 1 1 1 1 1 1 1 1 1 1 1 1 1 1 1 1 1 1 1 1 1 1 1 1 1 1 1 1 1 1 1 1 1 1 1 1 1 1 1 1 1 1 1 1 1 1 1 1 1 1 1 1 1 1 1 1 1 1 1 1 1 1 1 1 1 1 1 1 1 1 1 1 1 1 1 1 1 1 1 1 1 1 8 1 7 1 12 10 12 9 12 9 1 7 1 12 10 1 1 1 7 8 1 8 1 1 12 10 1 7 1 12 9 1 1 12 10 1 8 1 8 1 8 1 8 1 8 1 8 8 1 8 8 1 8 8 1 8 8 1 8 8 1 8 8 1 8 8 1 8 8 1 8 8 1 8 8 1 8 1 8 8 1 8 8 1 8 1 8 1 8 1 8 8 1 8 8 1 8 8 1 8 8 1 8 1 8 8 1 8 1 8 1 8 1 8 1 8 1 8 8 1 8 8 1 8 8 1 8 8 1 8 1 8 8 1 8 1 8 1 8 1 8 8 1 8 1 8 1 8 8 1 8 1 8 8 1 8 8 1 8 1 8 8 1 8 8 1 8 8 1 8 8 1 8 8 1 8 1 7 1 12 9 1 7 1 12 10 12 9 1 7 1 12 9 12 9 1 7 1 12 9 12 9 1 7 1 12 9 12 9 1 7 1 12 9 12 9 1 7 1 12 9 12 9 1 7 1 12 9 12 9 1 7 1 12 9 1 12 10 12 9 1 7 1 12 9 12 10 12 9 1 7 1 12 9 1 7 1 12 9 1 8 12 10 1 7 1 12 9 1 7 1 7 1 12 10 1 12 10 1 7 1 12 10 1 100 1 100 1 1 12 10 1 1 12 10 1 12 9 1 1 12 10 1 7 1 12 10 12 9 1 7 1 12 9 1 8 1 12 10 1 7 1 12 9 1 12 10 12 9 12 9 1 8 12 9 12 9 1 8 12 9 12 9 1 8 12 9 12 9 1 8 12 9 12 9 1 8 12 9 12 9 1 8 12 9 1 7 1 12 9 12 9 12 9 1 8 1 7 1 12 9 12 9 12 9 1 8 12 9 1 7 1 12 9 12 9 1 8 1 7 9 9 12 9 1 7 1 12 9 12 9 1 7 1 12 9 12 9 12 9 1 8 1 7 1 12 9 12 9 12 9 1 8 12 9 12 9 1 8 12 9 12 9 1 8 12 9 12 9 1 8 12 9 12 9 1 8 12 9 12 9 1 8 12 9 12 9 1 8 12 9 1 7 1 12 9 12 9 1 7 1 12 9 12 9 1 7 1 12 9 12 9 12 9 1 8 1 7 1 12 9 12 9 12 9 1 8 12 9 12 9 1 8 12 9 12 9 1 8 12 9 12 9 1 8 12 9 12 9 1 8 12 9 12 9 1 8 12 9 1 7 1 12 9 12 9 1 7 1 12 9 12 9 12 9 1 8 1 7 1 12 9 12 9 12 9 1 8 12 9 12 9 1 8 12 9 1 12 10 1 7 1 12 9 12 9 12 9 12 9 1 7 12 9 12 9 12 9 1 7 1 12 9 12 9 1 7 1 12 9 12 9 12 9 1 8 1 7 1 12 9 12 9 1 8 12 9 12 9 1 8 12 9 1 7 1 12 9 12 9 1 8 12 9 1 7 1 12 9 12 9 1 8 12 9 1 1 1 1 1
staticfield com/android/tools/r8/internal/k5 a [Lcom/android/tools/r8/internal/LZ; 56 [Lcom/android/tools/r8/internal/LZ;
staticfield com/android/tools/r8/internal/k5 b Lcom/android/tools/r8/internal/Z6; com/android/tools/r8/internal/Z6
staticfield com/android/tools/r8/internal/k5 c Lcom/android/tools/r8/internal/Z6; com/android/tools/r8/internal/Z6
staticfield com/android/tools/r8/internal/k5 d Lcom/android/tools/r8/internal/Z6; com/android/tools/r8/internal/Z6
staticfield com/android/tools/r8/internal/k5 e Lcom/android/tools/r8/internal/Z6; com/android/tools/r8/internal/Z6
staticfield com/android/tools/r8/internal/k5 f Lcom/android/tools/r8/internal/Z6; com/android/tools/r8/internal/Z6
staticfield com/android/tools/r8/internal/k5 g Lcom/android/tools/r8/internal/Z6; com/android/tools/r8/internal/Z6
staticfield com/android/tools/r8/internal/k5 h Lcom/android/tools/r8/internal/Z6; com/android/tools/r8/internal/Z6
staticfield com/android/tools/r8/internal/k5 i Lcom/android/tools/r8/internal/Bu; com/android/tools/r8/internal/Bu
staticfield com/android/tools/r8/internal/k5 j Lcom/android/tools/r8/internal/Bu; com/android/tools/r8/internal/Bu
staticfield com/android/tools/r8/internal/k5 k Lcom/android/tools/r8/internal/Bu; com/android/tools/r8/internal/Bu
staticfield com/android/tools/r8/internal/k5 l Lcom/android/tools/r8/internal/Z6; com/android/tools/r8/internal/Z6
staticfield com/android/tools/r8/internal/k5 m Lcom/android/tools/r8/internal/Z6; com/android/tools/r8/internal/Z6
staticfield com/android/tools/r8/internal/k5 n Lcom/android/tools/r8/internal/Z6; com/android/tools/r8/internal/Z6
staticfield com/android/tools/r8/internal/k5 o Lcom/android/tools/r8/internal/Z6; com/android/tools/r8/internal/Z6
staticfield com/android/tools/r8/internal/k5 p Lcom/android/tools/r8/internal/Z6; com/android/tools/r8/internal/Z6
staticfield com/android/tools/r8/internal/k5 q Lcom/android/tools/r8/internal/Z6; com/android/tools/r8/internal/Z6
staticfield com/android/tools/r8/internal/k5 r Lcom/android/tools/r8/internal/Z6; com/android/tools/r8/internal/Z6
staticfield com/android/tools/r8/internal/k5 s Lcom/android/tools/r8/internal/Bu; com/android/tools/r8/internal/Bu
staticfield com/android/tools/r8/internal/k5 t Lcom/android/tools/r8/internal/Z6; com/android/tools/r8/internal/Z6
staticfield com/android/tools/r8/internal/k5 u Lcom/android/tools/r8/internal/Z6; com/android/tools/r8/internal/Z6
staticfield com/android/tools/r8/internal/k5 v Lcom/android/tools/r8/internal/Bu; com/android/tools/r8/internal/Bu
staticfield com/android/tools/r8/internal/k5 w Lcom/android/tools/r8/internal/Bu; com/android/tools/r8/internal/Bu
staticfield com/android/tools/r8/internal/k5 x Lcom/android/tools/r8/internal/Bu; com/android/tools/r8/internal/Bu
staticfield com/android/tools/r8/internal/k5 y Lcom/android/tools/r8/internal/Z6; com/android/tools/r8/internal/Z6
staticfield com/android/tools/r8/internal/k5 z Lcom/android/tools/r8/internal/Z6; com/android/tools/r8/internal/Z6
staticfield com/android/tools/r8/internal/k5 A Lcom/android/tools/r8/internal/Z6; com/android/tools/r8/internal/Z6
staticfield com/android/tools/r8/internal/k5 B Lcom/android/tools/r8/internal/Z6; com/android/tools/r8/internal/Z6
staticfield com/android/tools/r8/internal/k5 C Lcom/android/tools/r8/internal/Z6; com/android/tools/r8/internal/Z6
staticfield com/android/tools/r8/internal/k5 D Lcom/android/tools/r8/internal/Z6; com/android/tools/r8/internal/Z6
staticfield com/android/tools/r8/internal/k5 E Lcom/android/tools/r8/internal/Z6; com/android/tools/r8/internal/Z6
staticfield com/android/tools/r8/internal/k5 F Lcom/android/tools/r8/internal/Z6; com/android/tools/r8/internal/Z6
staticfield com/android/tools/r8/internal/k5 G Lcom/android/tools/r8/internal/Bu; com/android/tools/r8/internal/Bu
staticfield com/android/tools/r8/internal/k5 H Lcom/android/tools/r8/internal/Bu; com/android/tools/r8/internal/Bu
staticfield com/android/tools/r8/internal/k5 I Lcom/android/tools/r8/internal/Bu; com/android/tools/r8/internal/Bu
staticfield com/android/tools/r8/internal/k5 J Lcom/android/tools/r8/internal/Z6; com/android/tools/r8/internal/Z6
staticfield com/android/tools/r8/internal/k5 K Lcom/android/tools/r8/internal/Z6; com/android/tools/r8/internal/Z6
staticfield com/android/tools/r8/internal/k5 L Lcom/android/tools/r8/internal/Z6; com/android/tools/r8/internal/Z6
staticfield com/android/tools/r8/internal/k5 M Lcom/android/tools/r8/internal/Z6; com/android/tools/r8/internal/Z6
staticfield com/android/tools/r8/internal/k5 N Lcom/android/tools/r8/internal/Z6; com/android/tools/r8/internal/Z6
staticfield com/android/tools/r8/internal/k5 O Lcom/android/tools/r8/internal/Z6; com/android/tools/r8/internal/Z6
staticfield com/android/tools/r8/internal/k5 P Lcom/android/tools/r8/internal/Z6; com/android/tools/r8/internal/Z6
staticfield com/android/tools/r8/internal/k5 Q Lcom/android/tools/r8/internal/Bu; com/android/tools/r8/internal/Bu
staticfield com/android/tools/r8/internal/k5 R Lcom/android/tools/r8/internal/Bu; com/android/tools/r8/internal/Bu
staticfield com/android/tools/r8/internal/k5 S Lcom/android/tools/r8/internal/Z6; com/android/tools/r8/internal/Z6
staticfield com/android/tools/r8/internal/k5 T Lcom/android/tools/r8/internal/Z6; com/android/tools/r8/internal/Z6
staticfield com/android/tools/r8/internal/k5 U Lcom/android/tools/r8/internal/Z6; com/android/tools/r8/internal/Z6
staticfield com/android/tools/r8/internal/k5 V Lcom/android/tools/r8/internal/Z6; com/android/tools/r8/internal/Z6
staticfield com/android/tools/r8/internal/k5 W Lcom/android/tools/r8/internal/Z6; com/android/tools/r8/internal/Z6
staticfield com/android/tools/r8/internal/k5 X Lcom/android/tools/r8/internal/Z6; com/android/tools/r8/internal/Z6
staticfield com/android/tools/r8/internal/k5 Y Lcom/android/tools/r8/internal/Z6; com/android/tools/r8/internal/Z6
staticfield com/android/tools/r8/internal/k5 Z Lcom/android/tools/r8/internal/Bu; com/android/tools/r8/internal/Bu
staticfield com/android/tools/r8/internal/k5 a0 Lcom/android/tools/r8/internal/Z6; com/android/tools/r8/internal/Z6
staticfield com/android/tools/r8/internal/k5 b0 Lcom/android/tools/r8/internal/Z6; com/android/tools/r8/internal/Z6
staticfield com/android/tools/r8/internal/k5 c0 Lcom/android/tools/r8/internal/Z6; com/android/tools/r8/internal/Z6
staticfield com/android/tools/r8/internal/k5 d0 Lcom/android/tools/r8/internal/Z6; com/android/tools/r8/internal/Z6
staticfield com/android/tools/r8/internal/k5 e0 Lcom/android/tools/r8/internal/Z6; com/android/tools/r8/internal/Z6
ciInstanceKlass com/android/tools/r8/internal/Hx 1 1 38 1 8 1 1 7 1 7 1 1 1 1 1 1 1 12 10 12 9 12 9 12 9 1 1 8 1 7 1 12 10 1 7 9 9 1 1 1
ciInstanceKlass com/android/tools/r8/internal/Z6 1 1 91 1 8 1 1 7 1 7 1 1 1 1 1 1 1 1 1 8 1 7 1 12 10 1 12 10 12 9 12 9 1 7 12 9 12 9 12 9 9 1 100 1 8 1 12 10 1 1 12 10 1 8 1 12 10 1 1 12 10 1 100 10 10 1 1 8 1 7 1 12 10 1 7 1 1 12 10 1 1 7 1 1 12 10 1 12 10 1 1 1 1
ciInstanceKlass com/android/tools/r8/internal/N4 1 1 48 1 8 1 1 7 1 7 1 1 1 1 1 7 1 8 1 8 1 12 10 1 12 10 12 9 1 1 1 1 12 9 1 7 1 1 12 10 1 1 7 1 1 12 10 1 1 1
staticfield com/android/tools/r8/internal/N4 h Lcom/android/tools/r8/internal/N4; com/android/tools/r8/internal/N4
ciInstanceKlass com/android/tools/r8/internal/CM 1 1 101 1 8 1 1 7 1 7 1 100 1 1 3 3 3 1 1 3 1 1 1 1 1 1 1 1 1 1 1 1 1 1 1 1 1 1 1 1 1 1 1 1 1 1 1 1 1 1 1 1 1 1 1 1 1 1 1 1 1 1 1 1 1 1 1 1 1 1 1 12 10 1 1 7 1 7 1 12 9 1 1 12 10 1 7 1 12 10 1 12 10 12 9 1 12 9 1 1 1 1 1
staticfield com/android/tools/r8/internal/CM g Lcom/android/tools/r8/internal/TQ; com/android/tools/r8/internal/TQ
ciInstanceKlass com/android/tools/r8/internal/Q4 1 1 48 1 8 1 1 7 1 7 1 1 1 1 1 7 1 8 1 8 1 12 10 1 12 10 12 9 1 1 1 1 12 9 1 7 1 1 12 10 1 1 7 1 1 12 10 1 1 1
staticfield com/android/tools/r8/internal/Q4 h Lcom/android/tools/r8/internal/Q4; com/android/tools/r8/internal/Q4
ciInstanceKlass com/android/tools/r8/internal/zx 1 1 48 1 8 1 1 7 1 7 1 1 1 1 1 7 1 8 1 8 1 12 10 1 12 10 12 9 1 1 1 1 12 9 1 7 1 1 12 10 1 1 7 1 1 12 10 1 1 1
staticfield com/android/tools/r8/internal/zx h Lcom/android/tools/r8/internal/zx; com/android/tools/r8/internal/zx
ciInstanceKlass com/android/tools/r8/internal/Cx 1 1 48 1 8 1 1 7 1 7 1 1 1 1 1 7 1 8 1 8 1 12 10 1 12 10 12 9 1 1 1 1 12 9 1 7 1 1 12 10 1 1 7 1 1 12 10 1 1 1
staticfield com/android/tools/r8/internal/Cx h Lcom/android/tools/r8/internal/Cx; com/android/tools/r8/internal/Cx
ciInstanceKlass com/android/tools/r8/internal/Dx 1 1 48 1 8 1 1 7 1 7 1 1 1 1 1 7 1 8 1 8 1 12 10 1 12 10 12 9 1 1 1 1 12 9 1 7 1 1 12 10 1 1 7 1 1 12 10 1 1 1
staticfield com/android/tools/r8/internal/Dx h Lcom/android/tools/r8/internal/Dx; com/android/tools/r8/internal/Dx
ciInstanceKlass  @bci com/android/tools/r8/kotlin/b0 a (Lcom/android/tools/r8/graph/y;Ljava/util/List;Ljava/util/List;Lcom/android/tools/r8/internal/du0;)Z 34 <appendix> member <vmtarget> ; 1 1 26 1 7 1 7 1 100 1 1 1 1 1 12 10 12 9 1 1 1 7 1 1 12 11 1 1
ciInstanceKlass com/android/tools/r8/kotlin/r 1 1 100 1 8 1 1 7 1 7 1 100 1 100 1 1 7 1 100 1 1 1 1 1 1 12 10 12 9 12 9 1 1 16 1 12 10 15 1 16 1 7 1 1 12 10 15 1 1 12 18 1 8 1 7 1 12 10 1 12 10 1 1 12 9 1 7 1 1 12 10 1 7 1 1 12 10 1 7 1 12 10 12 10 1 7 1 1 12 10 1 7 1 12 9 1 1 1 1 1 1 1
ciInstanceKlass com/android/tools/r8/kotlin/t 1 1 37 1 8 1 1 7 1 7 1 7 1 100 1 1 1 1 1 1 12 10 12 9 1 12 10 1 7 1 1 12 9 1 1 1 1 1 1
ciInstanceKlass com/android/tools/r8/internal/gM 1 1 170 1 8 1 1 100 1 100 1 1 3 3 3 1 1 3 1 1 1 1 1 1 1 1 1 1 1 1 1 1 1 1 1 1 1 1 1 1 1 1 1 1 1 1 1 1 1 1 1 1 1 1 1 1 1 1 1 1 1 1 1 1 1 1 1 1 1 1 1 1 1 1 1 1 1 1 1 1 1 1 1 1 1 1 1 1 1 1 1 1 1 1 8 1 7 1 1 12 10 1 7 1 12 10 1 7 1 12 9 1 1 12 10 1 7 1 1 12 9 1 12 9 1 12 9 1 1 7 1 12 9 1 8 1 7 1 12 9 1 7 1 12 10 1 7 9 1 1 7 12 9 1 7 1 12 9 1 7 1 12 9 1 1 12 9 1 1 1 1 1
ciInstanceKlass com/android/tools/r8/kotlin/p0 1 1 392 1 8 1 1 7 1 7 1 100 1 1 1 1 1 1 1 1 1 1 1 1 1 1 1 1 1 1 1 12 10 12 9 12 9 12 9 12 9 12 9 12 9 12 9 12 9 1 1 7 1 12 9 1 7 1 12 10 1 8 1 7 1 1 12 10 1 1 12 10 1 7 1 1 12 10 1 12 10 1 7 1 7 1 12 10 1 12 10 1 100 1 12 10 1 100 1 100 1 100 1 7 1 7 10 10 1 7 1 7 1 12 10 1 12 10 1 12 10 1 100 1 12 10 1 1 12 10 1 100 10 1 7 1 12 10 12 10 12 10 1 12 10 1 7 1 1 12 11 12 9 1 7 1 12 9 1 1 12 11 1 100 1 7 1 12 11 1 1 12 11 1 7 1 7 1 12 10 10 1 12 10 1 7 1 12 10 1 7 1 1 12 10 1 12 10 1 7 1 12 10 1 7 1 12 10 1 12 10 1 7 12 9 1 7 12 10 10 1 12 10 1 12 10 12 10 1 1 100 1 1 12 10 1 16 1 12 10 15 16 1 7 1 1 12 10 15 1 12 18 1 10 15 12 18 1 1 7 12 9 1 10 1 7 12 11 1 7 1 12 9 1 1 12 9 1 7 1 12 10 1 12 10 1 12 9 1 12 9 1 12 10 1 12 10 15 16 1 12 18 1 16 12 10 15 1 16 1 12 18 1 7 1 12 10 12 10 15 18 10 15 1 16 18 1 12 10 1 12 10 15 16 18 10 1 100 10 15 1 16 18 1 7 1 12 9 1 8 1 7 1 12 10 1 12 9 1 7 1 12 10 1 7 12 9 11 10 16 12 10 15 16 1 1 12 18 1 100 1 12 10 10 12 10 15 16 18 1 1 1 1 1
staticfield com/android/tools/r8/kotlin/p0 i Lcom/android/tools/r8/internal/Rf0; com/android/tools/r8/internal/Rf0
instanceKlass com/android/tools/r8/kotlin/v
instanceKlass com/android/tools/r8/kotlin/t
instanceKlass com/android/tools/r8/kotlin/s
instanceKlass com/android/tools/r8/kotlin/u
instanceKlass com/android/tools/r8/kotlin/r
ciInstanceKlass com/android/tools/r8/kotlin/w 1 1 42 1 8 1 1 100 1 7 1 100 1 100 1 100 1 100 1 100 1 100 1 100 1 100 1 1 100 1 1 100 1 1 1 12 10 1 1 1 1 1 1 1
ciInstanceKlass com/android/tools/r8/kotlin/I 1 1 96 1 8 1 1 7 1 7 1 100 1 1 1 1 1 1 1 1 1 1 1 12 10 12 9 12 9 12 9 1 8 1 100 1 1 12 10 1 100 10 1 1 7 1 1 12 10 12 10 12 9 1 1 7 1 100 1 7 1 16 1 12 10 15 1 16 1 7 1 1 12 10 15 1 1 12 18 12 10 1 1 100 12 10 1 7 1 12 10 12 11 1 1 1 1 1
staticfield com/android/tools/r8/kotlin/I c Lcom/android/tools/r8/kotlin/I; com/android/tools/r8/kotlin/I
staticfield com/android/tools/r8/kotlin/I d Z 1
ciInstanceKlass com/android/tools/r8/kotlin/r0 1 1 68 1 8 1 1 7 1 7 1 100 1 1 1 1 1 1 1 12 10 12 9 12 9 1 1 7 1 1 12 9 1 7 1 1 12 11 16 1 12 10 15 1 16 1 7 1 1 12 10 15 1 12 18 1 7 12 10 1 12 10 1 12 10 1 1 1 1 1
ciInstanceKlass  @bci com/android/tools/r8/kotlin/p0 b (Ljava/util/function/Consumer;Lcom/android/tools/r8/graph/y;)Z 134 <appendix> member <vmtarget> ; 1 1 25 1 7 1 7 1 100 1 1 1 1 1 12 10 12 9 1 1 1 7 1 12 10 1 1
ciInstanceKlass  @bci com/android/tools/r8/kotlin/p0 b (Ljava/util/function/Consumer;Lcom/android/tools/r8/graph/y;)Z 141 <appendix> argL0 ; 1 1 31 1 7 1 7 1 100 1 1 12 10 1 1 1 7 1 7 1 7 1 1 12 10 1 7 1 1 12 10 1 1
ciInstanceKlass  @bci com/android/tools/r8/kotlin/p0 b (Ljava/util/function/Consumer;Lcom/android/tools/r8/graph/y;)Z 157 <appendix> member <vmtarget> ; 1 1 25 1 7 1 7 1 100 1 1 1 1 1 12 10 12 9 1 1 1 7 1 12 10 1 1
ciInstanceKlass  @bci com/android/tools/r8/kotlin/p0 b (Ljava/util/function/Consumer;Lcom/android/tools/r8/graph/y;)Z 164 <appendix> argL0 ; 1 1 31 1 7 1 7 1 100 1 1 12 10 1 1 1 7 1 100 1 100 1 1 12 10 1 100 1 1 12 10 1 1
ciInstanceKlass  @bci com/android/tools/r8/kotlin/p0 b (Ljava/util/function/Consumer;Lcom/android/tools/r8/graph/y;)Z 185 <appendix> argL0 ; 1 1 31 1 7 1 7 1 100 1 1 12 10 1 1 1 7 1 7 1 7 1 1 12 10 1 7 1 1 12 10 1 1
ciInstanceKlass  @bci com/android/tools/r8/kotlin/p0 b (Ljava/util/function/Consumer;Lcom/android/tools/r8/graph/y;)Z 199 <appendix> member <vmtarget> ; 1 1 28 1 7 1 7 1 100 1 1 1 1 1 12 10 12 9 1 1 1 7 1 7 1 1 12 10 1 1
ciInstanceKlass  @bci com/android/tools/r8/kotlin/J a (Ljava/util/function/Consumer;Lcom/android/tools/r8/graph/j1;Lcom/android/tools/r8/graph/y;)Z 499 <appendix> argL0 ; 1 1 31 1 7 1 7 1 100 1 1 12 10 1 1 1 7 1 7 1 7 1 1 12 10 1 7 1 1 12 10 1 1
ciInstanceKlass  @bci com/android/tools/r8/kotlin/r0 b (Ljava/util/function/Consumer;Lcom/android/tools/r8/graph/y;)Z 31 <appendix> member <vmtarget> ; 1 1 32 1 7 1 7 1 100 1 1 1 1 1 1 1 12 10 12 9 12 9 1 1 1 7 1 7 1 1 12 10 1 1
ciInstanceKlass  @bci com/android/tools/r8/kotlin/n a (Lcom/android/tools/r8/graph/y;Lcom/android/tools/r8/graph/E0;)Lcom/android/tools/r8/internal/d60; 1316 <appendix> member <vmtarget> ; 1 1 28 1 7 1 7 1 100 1 1 1 1 1 12 10 12 9 1 1 1 7 1 7 1 1 12 11 1 1
ciInstanceKlass  @bci com/android/tools/r8/kotlin/p0 b (Ljava/util/function/Consumer;Lcom/android/tools/r8/graph/y;)Z 243 <appendix> argL0 ; 1 1 31 1 7 1 7 1 100 1 1 12 10 1 1 1 7 1 7 1 7 1 1 12 10 1 7 1 1 12 10 1 1
ciInstanceKlass  @bci com/android/tools/r8/kotlin/a a (Ljava/util/function/Consumer;Lcom/android/tools/r8/graph/g1;Lcom/android/tools/r8/graph/j1;Lcom/android/tools/r8/graph/j1;Lcom/android/tools/r8/graph/j1;Lcom/android/tools/r8/graph/y;)Z 503 <appendix> member <vmtarget> ; 1 1 28 1 7 1 7 1 100 1 1 1 1 1 12 10 12 9 1 1 1 7 1 7 1 1 12 10 1 1
ciInstanceKlass  @bci com/android/tools/r8/kotlin/a a (Ljava/util/function/Consumer;Lcom/android/tools/r8/graph/g1;Lcom/android/tools/r8/graph/j1;Lcom/android/tools/r8/graph/j1;Lcom/android/tools/r8/graph/j1;Lcom/android/tools/r8/graph/y;)Z 508 <appendix> argL0 ; 1 1 31 1 7 1 7 1 100 1 1 12 10 1 1 1 7 1 7 1 7 1 1 12 10 1 7 1 1 12 10 1 1
ciInstanceKlass  @bci com/android/tools/r8/kotlin/a a (Ljava/util/function/Consumer;Lcom/android/tools/r8/graph/g1;Lcom/android/tools/r8/graph/j1;Lcom/android/tools/r8/graph/j1;Lcom/android/tools/r8/graph/j1;Lcom/android/tools/r8/graph/y;)Z 528 <appendix> argL0 ; 1 1 31 1 7 1 7 1 100 1 1 12 10 1 1 1 7 1 7 1 7 1 1 12 10 1 7 1 1 12 10 1 1
ciInstanceKlass  @bci com/android/tools/r8/kotlin/I b (Ljava/util/function/Consumer;Lcom/android/tools/r8/graph/y;)Z 37 <appendix> member <vmtarget> ; 1 1 32 1 7 1 7 1 100 1 1 1 1 1 1 1 12 10 12 9 12 9 1 1 1 7 1 7 1 1 12 10 1 1
ciMethodData java/lang/Object <init> ()V 2 66953207 orig 80 0 0 0 0 0 0 0 0 0 0 0 0 0 0 0 0 0 0 0 0 0 0 0 0 0 0 0 0 0 0 0 0 0 0 0 0 0 0 0 0 0 0 0 0 0 0 0 0 0 0 0 0 0 0 0 0 0 0 0 0 0 0 0 0 0 0 0 0 0 0 0 0 0 0 0 0 0 0 0 0 data 4 0x0 0x9 0x1 0x0 oops 0 methods 0
ciMethodData java/util/Objects requireNonNull (Ljava/lang/Object;)Ljava/lang/Object; 2 5585797 orig 80 0 0 0 0 0 0 0 0 0 0 0 0 0 0 0 0 0 0 0 0 0 0 0 0 0 0 0 0 0 0 0 0 0 0 0 0 0 0 0 0 0 0 0 0 0 0 0 0 0 0 0 0 0 0 0 0 0 0 0 0 0 0 0 0 0 0 0 0 0 0 0 0 0 0 0 0 0 0 0 0 data 15 0x10007 0x55dc16 0x30 0x0 0x80002 0x0 0x0 0x0 0x0 0x0 0x0 0x0 0x9 0x1 0x0 oops 0 methods 0
ciMethodData java/lang/Integer valueOf (I)Ljava/lang/Integer; 2 6337967 orig 80 0 0 0 0 0 0 0 0 0 0 0 0 0 0 0 0 0 0 0 0 0 0 0 0 0 0 0 0 0 0 0 0 0 0 0 0 0 0 0 0 0 0 0 0 0 0 0 0 0 0 0 0 0 0 0 0 0 0 0 0 0 0 0 0 0 0 0 0 0 0 0 0 0 0 0 0 0 0 0 0 data 17 0x30007 0xdcd3 0x40 0x604fad 0xa0007 0xf682b 0x20 0x510534 0x1c0002 0x10448c 0x0 0x0 0x0 0x0 0x9 0x1 0x0 oops 0 methods 0
ciMethodData java/lang/Integer <init> (I)V 2 1066096 orig 80 0 0 0 0 0 0 0 0 0 0 0 0 0 0 0 0 0 0 0 0 0 0 0 0 0 0 0 0 0 0 0 0 0 0 0 0 0 0 0 0 0 0 0 0 0 0 0 0 0 0 0 0 0 0 0 0 0 0 0 0 0 0 0 0 0 0 0 0 0 0 0 0 0 0 0 0 0 0 0 0 data 10 0x10002 0x1044ab 0x0 0x0 0x0 0x0 0x9 0x2 0x6 0x0 oops 0 methods 0
ciMethodData java/lang/Number <init> ()V 2 1085277 orig 80 0 0 0 0 0 0 0 0 0 0 0 0 0 0 0 0 0 0 0 0 0 0 0 0 0 0 0 0 0 0 0 0 0 0 0 0 0 0 0 0 0 0 0 0 0 0 0 0 0 0 0 0 0 0 0 0 0 0 0 0 0 0 0 0 0 0 0 0 0 0 0 0 0 0 0 0 0 0 0 0 data 7 0x10002 0x108ff0 0x0 0x0 0x9 0x1 0x0 oops 0 methods 0
ciMethodData java/util/ArrayList add (Ljava/lang/Object;)Z 2 7711338 orig 80 1 0 0 0 0 0 0 0 0 0 0 0 0 0 0 0 0 0 0 0 0 0 0 0 0 0 0 0 0 0 0 0 0 0 0 0 0 0 0 0 0 0 0 0 0 0 0 0 0 0 0 0 0 0 0 0 0 0 0 0 0 0 0 0 0 0 0 0 0 0 0 0 0 0 0 0 0 0 0 0 data 17 0x140005 0x75f0f6 0x0 0x0 0x0 0x0 0x0 0x0 0x0 0x0 0x0 0x0 0x0 0x9 0x2 0xe 0x0 oops 0 methods 0
ciMethodData java/util/ArrayList add (Ljava/lang/Object;[Ljava/lang/Object;I)V 2 7722463 orig 80 0 0 0 0 0 0 0 0 0 0 0 0 0 0 0 0 0 0 0 0 0 0 0 0 0 0 0 0 0 0 0 0 0 0 0 0 0 0 0 0 0 0 0 0 0 0 0 0 0 0 0 0 0 0 0 0 0 0 0 0 0 0 0 0 0 0 0 0 0 0 0 0 0 0 0 0 0 0 0 0 data 30 0x30007 0x5eae49 0x58 0x17861e 0x70005 0x1786ff 0x0 0x0 0x0 0x0 0x0 0xe0104 0x0 0x0 0x18a182c9e48 0x374f 0x18a182c9ef8 0x1d 0x0 0x0 0x0 0x0 0x0 0x0 0x9 0x4 0xc 0x0 0xffffffffffffffff 0x0 oops 2 14 sun/security/util/ManifestDigester$Section 16 sun/security/jca/ProviderConfig methods 0
ciMethodData java/util/ArrayList grow ()[Ljava/lang/Object; 2 1541353 orig 80 0 0 0 0 0 0 0 0 0 0 0 0 0 0 0 0 0 0 0 0 0 0 0 0 0 0 0 0 0 0 0 0 0 0 0 0 0 0 0 0 0 0 0 0 0 0 0 0 0 0 0 0 0 0 0 0 0 0 0 0 0 0 0 0 0 0 0 0 0 0 0 0 0 0 0 0 0 0 0 0 data 16 0x70005 0x178694 0x0 0x0 0x0 0x0 0x0 0x0 0x0 0x0 0x0 0x0 0x0 0x9 0x1 0xc oops 0 methods 0
ciMethodData java/util/ArrayList grow (I)[Ljava/lang/Object; 2 68825 orig 80 1 0 0 0 1 0 0 0 0 0 0 0 0 0 0 0 0 0 0 0 0 0 0 0 0 0 0 0 0 0 0 0 0 0 0 0 0 0 0 6 0 0 0 0 0 0 0 0 0 0 0 0 0 0 0 0 0 0 0 0 0 0 0 0 0 0 0 0 0 0 0 0 0 0 0 0 0 0 0 0 data 24 0x70007 0x4d44 0x40 0xbfa9 0x8000000600110007 0x747a 0x40 0x4b3f 0x1b0002 0x987c 0x250002 0x9882 0x310002 0x747b 0x0 0x0 0x0 0x0 0x0 0x0 0x9 0x2 0xc 0x0 oops 0 methods 0
ciMethodData jdk/internal/util/ArraysSupport newLength (III)I 2 260707 orig 80 0 0 0 0 0 0 0 0 0 0 0 0 0 0 0 0 0 0 0 0 0 0 0 0 0 0 0 0 0 0 0 0 0 0 0 0 0 0 0 0 0 0 0 0 0 0 0 0 0 0 0 0 0 0 0 0 0 0 0 0 0 0 0 0 0 0 0 0 0 0 0 0 0 0 0 0 0 0 0 0 data 23 0x30002 0x3faa3 0xa0007 0x0 0x40 0x3faf9 0x100007 0x0 0x20 0x3fb35 0x170002 0x0 0x0 0x0 0x0 0x0 0x0 0x0 0x9 0x3 0x0 0x0 0x0 oops 0 methods 0
ciMethodData java/util/Arrays copyOf ([Ljava/lang/Object;I)[Ljava/lang/Object; 2 603048 orig 80 0 0 0 0 0 0 0 0 0 0 0 0 0 0 0 0 0 0 0 0 0 0 0 0 0 0 0 0 0 0 0 0 0 0 0 0 0 0 0 0 0 0 0 0 0 0 0 0 0 0 0 0 0 0 0 0 0 0 0 0 0 0 0 0 0 0 0 0 0 0 0 0 0 0 0 0 0 0 0 0 data 19 0x30005 0x93416 0x0 0x0 0x0 0x0 0x0 0x60002 0x9347b 0x0 0x0 0x0 0x0 0x0 0x0 0x9 0x2 0xffffffffffffffff 0x0 oops 0 methods 0
ciMethodData java/lang/invoke/Invokers$Holder linkToTargetMethod (Ljava/lang/Object;)Ljava/lang/Object; 2 9793569 orig 80 0 0 0 0 0 0 0 0 0 0 0 0 0 0 0 0 0 0 0 0 0 0 0 0 0 0 0 0 0 0 0 0 0 0 0 0 0 0 0 0 0 0 0 0 0 0 0 0 0 0 0 0 0 0 0 0 0 0 0 0 0 0 0 0 0 0 0 0 0 0 0 0 0 0 0 0 0 0 0 0 data 29 0x10004 0x0 0x0 0x18a15da4fd0 0x4191 0x0 0x0 0x4000b 0x95c304 0x0 0x0 0x0 0x0 0x0 0x1 0x2 0x0 0x0 0x0 0x0 0x0 0x0 0x9 0x1 0x0 0xc 0x2 0x0 0x18a15da4fd0 oops 2 3 java/lang/invoke/BoundMethodHandle$Species_L 28 java/lang/invoke/BoundMethodHandle$Species_L methods 0
ciMethodData java/util/ArrayList$Itr hasNext ()Z 2 3903068 orig 80 0 0 0 0 0 0 0 0 0 0 0 0 0 0 0 0 0 0 0 0 0 0 0 0 0 0 0 0 0 0 0 0 0 0 0 0 0 0 0 0 0 0 0 0 0 0 0 0 0 0 0 0 0 0 0 0 0 0 0 0 0 0 0 0 0 0 0 0 0 0 0 0 0 0 0 0 0 0 0 0 data 14 0xb0007 0x18a94a 0x38 0x23058f 0xf0003 0x230605 0x18 0x0 0x0 0x0 0x0 0x9 0x1 0x0 oops 0 methods 0
ciMethodData java/util/ArrayList$Itr next ()Ljava/lang/Object; 2 6130 orig 80 0 0 0 0 0 0 0 0 0 0 0 0 0 0 0 0 0 0 0 0 0 0 0 0 0 0 0 0 0 0 0 0 0 0 0 0 0 0 0 0 0 0 0 0 0 0 0 0 0 0 0 0 0 0 0 0 0 0 0 0 0 0 0 0 0 0 0 0 0 0 0 0 0 0 0 0 0 0 0 0 data 28 0x10005 0x17f2 0x0 0x0 0x0 0x0 0x0 0x110007 0x17f2 0x30 0x0 0x180002 0x0 0x270007 0x17f2 0x30 0x0 0x2e0002 0x0 0x0 0x0 0x0 0x0 0x0 0x0 0x9 0x1 0x6 oops 0 methods 0
ciMethodData java/util/ArrayList$Itr checkForComodification ()V 2 6143 orig 80 0 0 0 0 0 0 0 0 0 0 0 0 0 0 0 0 0 0 0 0 0 0 0 0 0 0 0 0 0 0 0 0 0 0 0 0 0 0 0 0 0 0 0 0 0 0 0 0 0 0 0 0 0 0 0 0 0 0 0 0 0 0 0 0 0 0 0 0 0 0 0 0 0 0 0 0 0 0 0 0 data 13 0xb0007 0x17ff 0x30 0x0 0x120002 0x0 0x0 0x0 0x0 0x0 0x9 0x1 0x0 oops 0 methods 0
ciMethod java/lang/AssertionError <init> ()V 0 0 1 0 -1
ciMethodData java/lang/invoke/DirectMethodHandle allocateInstance (Ljava/lang/Object;)Ljava/lang/Object; 2 9884088 orig 80 0 0 0 0 0 0 0 0 0 0 0 0 0 0 0 0 0 0 0 0 0 0 0 0 0 0 0 0 0 0 0 0 0 0 0 0 0 0 0 0 0 0 0 0 0 0 0 0 0 0 0 0 0 0 0 0 0 0 0 0 0 0 0 0 0 0 0 0 0 0 0 0 0 0 0 0 0 0 0 0 data 23 0x10004 0x0 0x0 0x18a163b5608 0x340c 0x0 0x0 0xc0005 0x9799bc 0x0 0x0 0x0 0x0 0x0 0x0 0x0 0x0 0x0 0x0 0x0 0x9 0x1 0x0 oops 1 3 java/lang/invoke/DirectMethodHandle$Constructor methods 0
ciMethodData java/lang/invoke/DirectMethodHandle constructorMethod (Ljava/lang/Object;)Ljava/lang/Object; 2 9982892 orig 80 0 0 0 0 0 0 0 0 0 0 0 0 0 0 0 0 0 0 0 0 0 0 0 0 0 0 0 0 0 0 0 0 0 0 0 0 0 0 0 0 0 0 0 0 0 0 0 0 0 0 0 0 0 0 0 0 0 0 0 0 0 0 0 0 0 0 0 0 0 0 0 0 0 0 0 0 0 0 0 0 data 16 0x10004 0x0 0x0 0x18a163b5608 0x340a 0x0 0x0 0x0 0x0 0x0 0x0 0x0 0x0 0x9 0x1 0x0 oops 1 3 java/lang/invoke/DirectMethodHandle$Constructor methods 0
ciMethodData java/lang/invoke/Invokers$Holder linkToTargetMethod (Ljava/lang/Object;Ljava/lang/Object;)Ljava/lang/Object; 2 6187882 orig 80 0 0 0 0 0 0 0 0 0 0 0 0 0 0 0 0 0 0 0 0 0 0 0 0 0 0 0 0 0 0 0 0 0 0 0 0 0 0 0 0 0 0 0 0 0 0 0 0 0 0 0 0 0 0 0 0 0 0 0 0 0 0 0 0 0 0 0 0 0 0 0 0 0 0 0 0 0 0 0 0 data 34 0x10004 0x0 0x0 0x18a15da0db0 0x7dc 0x18a163b5608 0x170 0x5000b 0x5ee199 0x0 0x0 0x0 0x0 0x0 0x3 0x1 0x2 0x2 0x0 0x0 0x0 0x0 0x0 0x0 0x9 0x2 0x0 0x0 0xc 0x4 0x0 0x2 0x1 0x2 oops 2 3 java/lang/invoke/BoundMethodHandle$Species_LLLLL 5 java/lang/invoke/DirectMethodHandle$Constructor methods 0
ciMethodData java/util/ArrayList iterator ()Ljava/util/Iterator; 2 6435610 orig 80 0 0 0 0 0 0 0 0 0 0 0 0 0 0 0 0 0 0 0 0 0 0 0 0 0 0 0 0 0 0 0 0 0 0 0 0 0 0 0 0 0 0 0 0 0 0 0 0 0 0 0 0 0 0 0 0 0 0 0 0 0 0 0 0 0 0 0 0 0 0 0 0 0 0 0 0 0 0 0 0 data 8 0x50002 0x627f20 0x0 0x0 0x0 0x9 0x1 0x0 oops 0 methods 0
ciMethodData java/util/ArrayList$Itr <init> (Ljava/util/ArrayList;)V 2 6455097 orig 80 0 0 0 0 0 0 0 0 0 0 0 0 0 0 0 0 0 0 0 0 0 0 0 0 0 0 0 0 0 0 0 0 0 0 0 0 0 0 0 0 0 0 0 0 0 0 0 0 0 0 0 0 0 0 0 0 0 0 0 0 0 0 0 0 0 0 0 0 0 0 0 0 0 0 0 0 0 0 0 0 data 10 0x60002 0x62838c 0x0 0x0 0x0 0x0 0x9 0x2 0xc 0x0 oops 0 methods 0
ciMethodData java/lang/Object equals (Ljava/lang/Object;)Z 2 553942 orig 80 0 0 0 0 0 0 0 0 0 0 0 0 0 0 0 0 0 0 0 0 0 0 0 0 0 0 0 0 0 0 0 0 0 0 0 0 0 0 0 0 0 0 0 0 0 0 0 0 0 0 0 0 0 0 0 0 0 0 0 0 0 0 0 0 0 0 0 0 0 0 0 0 0 0 0 0 0 0 0 0 data 17 0x20007 0xdf31 0x38 0x7957f 0x60003 0x7958f 0x18 0x0 0x0 0x0 0x0 0x0 0x0 0x9 0x2 0x0 0x0 oops 0 methods 0
ciMethodData java/util/AbstractCollection isEmpty ()Z 2 1616941 orig 80 0 0 0 0 0 0 0 0 0 0 0 0 0 0 0 0 0 0 0 0 0 0 0 0 0 0 0 0 0 0 0 0 0 0 0 0 0 0 0 0 0 0 0 0 0 0 0 0 0 0 0 0 0 0 0 0 0 0 0 0 0 0 0 0 0 0 0 0 0 0 0 0 0 0 0 0 0 0 0 0 data 23 0x10005 0xf41e 0x0 0x18a131fe028 0xa935 0x18a131fe0d8 0x418a 0x40007 0xf9c5b 0x38 0x91538 0x80003 0x9157f 0x18 0x0 0x0 0x0 0x0 0x0 0x0 0x9 0x1 0xffffffffffffffff oops 2 3 com/android/tools/r8/internal/Rf0 5 com/android/tools/r8/internal/Mn0 methods 0
ciMethodData java/lang/invoke/DirectMethodHandle$Holder newInvokeSpecial (Ljava/lang/Object;Ljava/lang/Object;Ljava/lang/Object;)Ljava/lang/Object; 2 2093419 orig 80 0 0 0 0 0 0 0 0 0 0 0 0 0 0 0 0 0 0 0 0 0 0 0 0 0 0 0 0 0 0 0 0 0 0 0 0 0 0 0 0 0 0 0 0 0 0 0 0 0 0 0 0 0 0 0 0 0 0 0 0 0 0 0 0 0 0 0 0 0 0 0 0 0 0 0 0 0 0 0 0 data 43 0x1000a 0x1ff412 0x3 0x0 0x18a163b5608 0x2 0x6000a 0x200318 0x3 0x0 0x18a163b5608 0x189cd899458 0x100004 0x0 0x0 0x0 0x0 0x0 0x0 0x13000a 0x1ffefe 0x4 0x0 0x2 0x1 0x2 0x0 0x0 0x0 0x0 0x0 0x0 0x9 0x3 0x0 0x0 0x0 0xc 0x4 0x0 0x18a163b5608 0x1 0x2 oops 4 4 java/lang/invoke/DirectMethodHandle$Constructor 10 java/lang/invoke/DirectMethodHandle$Constructor 11 java/lang/invoke/MemberName 40 java/lang/invoke/DirectMethodHandle$Constructor methods 0
ciMethodData java/lang/invoke/Invokers$Holder linkToTargetMethod (Ljava/lang/Object;Ljava/lang/Object;Ljava/lang/Object;)Ljava/lang/Object; 2 2096664 orig 80 1 0 0 0 0 0 0 0 0 0 0 0 0 0 0 0 0 0 0 0 4 0 0 0 0 0 0 0 0 0 0 0 0 0 0 0 0 0 0 0 0 0 0 0 0 0 0 0 0 0 0 0 0 0 0 0 0 0 0 0 0 0 0 0 0 0 0 0 0 0 0 0 0 0 0 0 0 0 0 0 data 37 0x8000000400010004 0x0 0x0 0x18a163b5608 0x18be 0x18a15da0db0 0x4 0x6000b 0x2001e6 0x0 0x0 0x0 0x0 0x0 0x5 0x1 0x2 0x2 0x2 0x2 0x0 0x0 0x0 0x0 0x0 0x0 0x9 0x3 0x0 0x0 0x0 0xc 0x4 0x0 0x2 0x1 0x3 oops 2 3 java/lang/invoke/DirectMethodHandle$Constructor 5 java/lang/invoke/BoundMethodHandle$Species_LLLLL methods 0
ciMethodData java/lang/invoke/DirectMethodHandle$Holder newInvokeSpecial (Ljava/lang/Object;Ljava/lang/Object;)Ljava/lang/Object; 2 6094731 orig 80 0 0 0 0 0 0 0 0 0 0 0 0 0 0 0 0 0 0 0 0 0 0 0 0 0 0 0 0 0 0 0 0 0 0 0 0 0 0 0 0 0 0 0 0 0 0 0 0 0 0 0 0 0 0 0 0 0 0 0 0 0 0 0 0 0 0 0 0 0 0 0 0 0 0 0 0 0 0 0 0 data 42 0x1000a 0x5d28a3 0x3 0x0 0x18a163b5608 0x2 0x6000a 0x5dcab7 0x3 0x0 0x18a163b5608 0x189cd899458 0xd0004 0x0 0x0 0x0 0x0 0x0 0x0 0x10000a 0x5db244 0x4 0x0 0x2 0x1 0x2 0x0 0x0 0x0 0x0 0x0 0x0 0x9 0x2 0x0 0x0 0xc 0x4 0x0 0x18a163b5608 0x1 0x2 oops 4 4 java/lang/invoke/DirectMethodHandle$Constructor 10 java/lang/invoke/DirectMethodHandle$Constructor 11 java/lang/invoke/MemberName 39 java/lang/invoke/DirectMethodHandle$Constructor methods 0
ciMethod  @bci com/android/tools/r8/kotlin/C b (Ljava/util/function/Consumer;Lcom/android/tools/r8/graph/y;)Z 136 <appendix> form vmentry <vmtarget> ; invoke (Ljava/lang/Object;)Ljava/lang/Object; 1024 0 9765775 0 -1
ciMethodData  @bci com/android/tools/r8/kotlin/C b (Ljava/util/function/Consumer;Lcom/android/tools/r8/graph/y;)Z 136 <appendix> form vmentry <vmtarget> ; invoke (Ljava/lang/Object;)Ljava/lang/Object; 2 9765263 orig 80 0 0 0 0 0 0 0 0 0 0 0 0 0 0 0 0 0 0 0 0 0 0 0 0 0 0 0 0 0 0 0 0 0 0 0 0 0 0 0 0 0 0 0 0 0 0 0 0 0 0 0 0 0 0 0 0 0 0 0 0 0 0 0 0 0 0 0 0 0 0 0 0 0 0 0 0 0 0 0 0 data 20 0x10004 0x0 0x0 0x18a15da4fd0 0x4190 0x0 0x0 0x0 0x0 0x0 0x0 0x0 0x0 0x9 0x1 0x0 0xc 0x2 0x0 0x18a15da4fd0 oops 2 3 java/lang/invoke/BoundMethodHandle$Species_L 19 java/lang/invoke/BoundMethodHandle$Species_L methods 0
ciMethod com/android/tools/r8/internal/Rf0 size ()I 840 0 1488 0 104
ciMethod com/android/tools/r8/internal/Mn0 size ()I 306 0 153 0 0
ciMethod com/android/tools/r8/internal/du0 a (Ljava/lang/Object;Ljava/lang/Object;Ljava/lang/Object;)Ljava/lang/Object; 0 0 1 0 -1
ciMethodData com/android/tools/r8/internal/Rf0 size ()I 2 1068 orig 80 0 0 0 0 0 0 0 0 0 0 0 0 0 0 0 0 0 0 0 0 0 0 0 0 0 0 0 0 0 0 0 0 0 0 0 0 0 0 0 0 0 0 0 0 0 0 0 0 0 0 0 0 0 0 0 0 0 0 0 0 0 0 0 0 0 0 0 0 0 0 0 0 0 0 0 0 0 0 0 0 data 7 0x0 0x0 0x0 0x0 0x9 0x1 0x0 oops 0 methods 0
ciMethod com/android/tools/r8/kotlin/b0 a (Lcom/android/tools/r8/graph/y;Ljava/lang/Object;Ljava/util/function/Consumer;Lcom/android/tools/r8/internal/du0;)Z 1024 0 179388 0 176
ciMethod com/android/tools/r8/kotlin/b0 a (Lcom/android/tools/r8/graph/y;Ljava/util/List;Ljava/util/List;Lcom/android/tools/r8/internal/du0;)Z 4278 0 131484 0 488
ciMethod com/android/tools/r8/kotlin/b0 a (Lcom/android/tools/r8/graph/y;Ljava/util/List;Ljava/util/function/Consumer;Lcom/android/tools/r8/internal/du0;)Z 4498 1148 86469 0 320
ciMethod com/android/tools/r8/internal/jK c (Ljava/lang/Object;Ljava/lang/String;)V 598 0 5582 0 104
ciMethod com/android/tools/r8/internal/jK a (Ljava/lang/Object;Ljava/lang/Object;)Z 516 0 61055 0 0
ciMethod com/android/tools/r8/internal/kf a (Ljava/lang/Iterable;)I 624 0 228005 0 -1
ciMethod com/android/tools/r8/internal/fs0 a ()Ljava/lang/Object; 564 0 159887 0 -1
ciMethod com/android/tools/r8/internal/SQ getType ()Lcom/android/tools/r8/internal/TQ; 0 0 1 0 -1
ciMethod com/android/tools/r8/internal/TQ equals (Ljava/lang/Object;)Z 560 0 16718 0 0
ciMethod com/android/tools/r8/internal/Mc a ()Ljava/lang/Class; 0 0 1 0 -1
ciMethod com/android/tools/r8/internal/ee a ()Ljava/lang/Class; 256 0 128 0 0
ciMethod com/android/tools/r8/internal/ee equals (Ljava/lang/Object;)Z 566 0 16718 0 272
ciMethodData com/android/tools/r8/internal/jK c (Ljava/lang/Object;Ljava/lang/String;)V 2 5283 orig 80 0 0 0 0 0 0 0 0 0 0 0 0 0 0 0 0 0 0 0 0 0 0 0 0 0 0 0 0 0 0 0 0 0 0 0 0 0 0 0 0 0 0 0 0 0 0 0 0 0 0 0 0 0 0 0 0 0 0 0 0 0 0 0 0 0 0 0 0 0 0 0 0 0 0 0 0 0 0 0 0 data 148 0x10007 0x14a3 0x450 0x0 0x80002 0x0 0xb0005 0x0 0x0 0x0 0x0 0x0 0x0 0x110005 0x0 0x0 0x0 0x0 0x0 0x0 0x1c0005 0x0 0x0 0x0 0x0 0x0 0x0 0x200005 0x0 0x0 0x0 0x0 0x0 0x0 0x230007 0x0 0x38 0x0 0x290003 0x0 0xffffffffffffff70 0x300005 0x0 0x0 0x0 0x0 0x0 0x0 0x340005 0x0 0x0 0x0 0x0 0x0 0x0 0x370007 0x0 0x38 0x0 0x3d0003 0x0 0xffffffffffffff70 0x470005 0x0 0x0 0x0 0x0 0x0 0x0 0x4b0005 0x0 0x0 0x0 0x0 0x0 0x0 0x560002 0x0 0x590005 0x0 0x0 0x0 0x0 0x0 0x0 0x5e0005 0x0 0x0 0x0 0x0 0x0 0x0 0x620005 0x0 0x0 0x0 0x0 0x0 0x0 0x670005 0x0 0x0 0x0 0x0 0x0 0x0 0x6b0005 0x0 0x0 0x0 0x0 0x0 0x0 0x6e0005 0x0 0x0 0x0 0x0 0x0 0x0 0x710002 0x0 0x760005 0x0 0x0 0x0 0x0 0x0 0x0 0x790002 0x0 0x7c0004 0x0 0x0 0x0 0x0 0x0 0x0 0x0 0x0 0x0 0x0 0x0 0x0 0x9 0x2 0x0 0x0 oops 0 methods 0
ciMethod com/android/tools/r8/internal/eR <init> (I)V 4592 4588 32865 0 3744
ciMethod com/android/tools/r8/internal/eR b ()Ljava/util/List; 276 0 138 0 0
ciMethod com/android/tools/r8/internal/eR a (Lcom/android/tools/r8/internal/eR;)V 398 0 199 0 0
ciMethod com/android/tools/r8/internal/XM <init> ()V 1024 0 31109 0 -1
ciMethod com/android/tools/r8/internal/Fv a (Ljava/util/Collection;Lcom/android/tools/r8/internal/TQ;)Lcom/android/tools/r8/internal/SQ; 784 788 16713 0 1296
ciMethod com/android/tools/r8/internal/dM a (Lcom/android/tools/r8/internal/bN;)Ljava/lang/Class; 522 0 25950 0 176
ciMethod com/android/tools/r8/internal/jR <init> (Lcom/android/tools/r8/internal/lR;Lcom/android/tools/r8/internal/eR;)V 1024 0 35518 0 0
ciMethod com/android/tools/r8/internal/LZ b (Ljava/lang/Object;)Ljava/lang/Object; 0 0 1 0 -1
ciMethod com/android/tools/r8/internal/LZ a (Ljava/lang/Integer;Ljava/lang/Object;)V 0 0 1 0 -1
ciMethodData com/android/tools/r8/internal/jK a (Ljava/lang/Object;Ljava/lang/Object;)Z 2 60797 orig 80 0 0 0 0 0 0 0 0 0 0 0 0 0 0 0 0 0 0 0 0 0 0 0 0 0 0 0 0 0 0 0 0 0 0 0 0 0 0 0 0 0 0 0 0 0 0 0 0 0 0 0 0 0 0 0 0 0 0 0 0 0 0 0 0 0 0 0 0 0 0 0 0 0 0 0 0 0 0 0 0 data 25 0x10007 0xed82 0x40 0x0 0x50007 0x0 0x20 0x0 0xe0005 0xebb4 0x0 0x18a161d78a0 0x13b 0x18a14ad45c0 0x9b 0x0 0x0 0x0 0x0 0x0 0x0 0x9 0x2 0x0 0x0 oops 2 11 com/android/tools/r8/internal/TQ 13 com/android/tools/r8/internal/ee methods 0
ciMethodData com/android/tools/r8/internal/dM a (Lcom/android/tools/r8/internal/bN;)Ljava/lang/Class; 2 25689 orig 80 0 0 0 0 0 0 0 0 0 0 0 0 0 0 0 0 0 0 0 0 0 0 0 0 0 0 0 0 0 0 0 0 0 0 0 0 0 0 0 0 0 0 0 0 0 0 0 0 0 0 0 0 0 0 0 0 0 0 0 0 0 0 0 0 0 0 0 0 0 0 0 0 0 0 0 0 0 0 0 0 data 204 0x40002 0x6459 0x70004 0x0 0x0 0x18a14ad45c0 0x6461 0x0 0x0 0xa0005 0x0 0x0 0x18a14ad45c0 0x645f 0x0 0x0 0x110005 0x6466 0x0 0x0 0x0 0x0 0x0 0x140007 0x0 0x38 0x646a 0x170003 0x646a 0x528 0x1b0005 0x0 0x0 0x0 0x0 0x0 0x0 0x200005 0x0 0x0 0x0 0x0 0x0 0x0 0x230008 0x14 0x0 0xb0 0x0 0x448 0x0 0x3d8 0x0 0x368 0x0 0x2f8 0x0 0x288 0x0 0x218 0x0 0x1a8 0x0 0x138 0x0 0xc8 0x740003 0x0 0x3f0 0x7a0005 0x0 0x0 0x0 0x0 0x0 0x0 0x7d0007 0x0 0x38 0x0 0x800003 0x0 0x380 0x890005 0x0 0x0 0x0 0x0 0x0 0x0 0x8c0007 0x0 0x38 0x0 0x8f0003 0x0 0x310 0x980005 0x0 0x0 0x0 0x0 0x0 0x0 0x9b0007 0x0 0x38 0x0 0x9e0003 0x0 0x2a0 0xa70005 0x0 0x0 0x0 0x0 0x0 0x0 0xaa0007 0x0 0x38 0x0 0xad0003 0x0 0x230 0xb60005 0x0 0x0 0x0 0x0 0x0 0x0 0xb90007 0x0 0x38 0x0 0xbc0003 0x0 0x1c0 0xc50005 0x0 0x0 0x0 0x0 0x0 0x0 0xc80007 0x0 0x38 0x0 0xcb0003 0x0 0x150 0xd40005 0x0 0x0 0x0 0x0 0x0 0x0 0xd70007 0x0 0x38 0x0 0xda0003 0x0 0xe0 0xe30005 0x0 0x0 0x0 0x0 0x0 0x0 0xe60007 0x0 0x38 0x0 0xe90003 0x0 0x70 0xf20005 0x0 0x0 0x0 0x0 0x0 0x0 0xf50007 0x0 0x20 0x0 0x0 0x0 0x0 0x0 0x0 0x0 0x0 0x0 0x0 0x9 0x1 0x0 oops 2 5 com/android/tools/r8/internal/ee 12 com/android/tools/r8/internal/ee methods 0
ciMethod com/android/tools/r8/internal/Z6 a (Ljava/lang/Object;Lcom/android/tools/r8/internal/LZ;)Z 514 0 20619 0 256
ciMethod com/android/tools/r8/internal/Z6 a (Ljava/lang/Object;Lcom/android/tools/r8/internal/LZ;Z)V 1024 0 16004 0 496
ciMethodData com/android/tools/r8/internal/TQ equals (Ljava/lang/Object;)Z 2 16438 orig 80 0 0 0 0 0 0 0 0 0 0 0 0 0 0 0 0 0 0 0 0 0 0 0 0 0 0 0 0 0 0 0 0 0 0 0 0 0 0 0 0 0 0 0 0 0 0 0 0 0 0 0 0 0 0 0 0 0 0 0 0 0 0 0 0 0 0 0 0 0 0 0 0 0 0 0 0 0 0 0 0 data 34 0x10004 0x0 0x0 0x18a161d78a0 0x4037 0x0 0x0 0x40007 0x0 0x88 0x4038 0xc0004 0x0 0x0 0x18a161d78a0 0xa5 0x0 0x0 0x120002 0x4039 0x150007 0x0 0x20 0x403c 0x0 0x0 0x0 0x0 0x0 0x0 0x9 0x2 0x0 0x0 oops 2 3 com/android/tools/r8/internal/TQ 14 com/android/tools/r8/internal/TQ methods 0
ciMethodData com/android/tools/r8/internal/ee equals (Ljava/lang/Object;)Z 2 16435 orig 80 0 0 0 0 0 0 0 0 0 0 0 0 0 0 0 0 0 0 0 0 0 0 0 0 0 0 0 0 0 0 0 0 0 0 0 0 0 0 0 0 0 0 0 0 0 0 0 0 0 0 0 0 0 0 0 0 0 0 0 0 0 0 0 0 0 0 0 0 0 0 0 0 0 0 0 0 0 0 0 0 data 43 0x10004 0x0 0x0 0x18a14ad45c0 0x4031 0x0 0x0 0x40007 0x0 0xd0 0x4033 0x80002 0x4033 0xc0004 0x0 0x0 0x18a14ad45c0 0x3f92 0x0 0x0 0xf0002 0x4035 0x120005 0x0 0x0 0x189cd896e98 0x4038 0x0 0x0 0x150007 0x0 0x20 0x4039 0x0 0x0 0x0 0x0 0x0 0x0 0x9 0x2 0x0 0x0 oops 3 3 com/android/tools/r8/internal/ee 16 com/android/tools/r8/internal/ee 25 java/lang/Class methods 0
ciMethodData com/android/tools/r8/internal/Fv a (Ljava/util/Collection;Lcom/android/tools/r8/internal/TQ;)Lcom/android/tools/r8/internal/SQ; 2 16321 orig 80 0 0 0 0 0 0 0 0 0 0 0 0 0 0 0 0 0 0 0 0 0 0 0 0 0 0 0 0 0 0 0 0 0 0 0 0 0 0 0 0 0 0 0 0 0 0 0 0 0 0 0 0 0 0 0 0 0 0 0 0 0 0 0 0 0 0 0 0 0 0 0 0 0 0 0 0 0 0 0 0 data 102 0x30005 0x0 0x0 0x189cd89a748 0x3fc2 0x0 0x0 0xa0005 0x0 0x0 0x189cda611a0 0x7f61 0x0 0x0 0xf0007 0x3fcb 0x1c0 0x3fc4 0x130005 0x0 0x0 0x189cda611a0 0x3fc5 0x0 0x0 0x180004 0x0 0x0 0x18a131fe238 0x2236 0x18a1781d488 0x98c 0x1d0005 0x140f 0x0 0x18a131fe238 0x2236 0x18a1781d488 0x98c 0x230002 0x3fc8 0x260007 0x0 0xfffffffffffffef0 0x3fca 0x2a0007 0x0 0x38 0x3fcc 0x2f0003 0x3fcb 0xfffffffffffffeb0 0x3e0002 0x0 0x410005 0x0 0x0 0x0 0x0 0x0 0x0 0x440005 0x0 0x0 0x0 0x0 0x0 0x0 0x470002 0x0 0x4c0007 0x0 0x20 0x3fc8 0x5d0002 0x0 0x600005 0x0 0x0 0x0 0x0 0x0 0x0 0x630005 0x0 0x0 0x0 0x0 0x0 0x0 0x660002 0x0 0x0 0x0 0x0 0x0 0x0 0x0 0x9 0x2 0xffffffffffffffff 0xffffffffffffffff oops 7 3 java/util/ArrayList 10 java/util/ArrayList$Itr 21 java/util/ArrayList$Itr 28 com/android/tools/r8/internal/XM 30 com/android/tools/r8/internal/CM 35 com/android/tools/r8/internal/XM 37 com/android/tools/r8/internal/CM methods 0
ciMethod com/android/tools/r8/kotlin/p0 b (Ljava/util/function/Consumer;Lcom/android/tools/r8/graph/y;)Z 1024 0 68512 0 0
ciMethod com/android/tools/r8/kotlin/w a (Lcom/android/tools/r8/internal/eR;Lcom/android/tools/r8/graph/y;)Z 0 0 1 0 -1
ciMethod com/android/tools/r8/internal/gM a (Lcom/android/tools/r8/internal/eR;)Ljava/util/List; 250 0 44436 0 0
ciMethod com/android/tools/r8/kotlin/I b (Ljava/util/function/Consumer;Lcom/android/tools/r8/graph/y;)Z 1024 0 68533 0 248
ciMethod com/android/tools/r8/kotlin/r0 b (Ljava/util/function/Consumer;Lcom/android/tools/r8/graph/y;)Z 4162 0 19381 0 0
ciMethod com/android/tools/r8/kotlin/r0 a (Ljava/util/function/Consumer;Lcom/android/tools/r8/internal/eR;)V 4148 0 18742 0 0
ciMethodData com/android/tools/r8/internal/Z6 a (Ljava/lang/Object;Lcom/android/tools/r8/internal/LZ;)Z 2 20362 orig 80 0 0 0 0 0 0 0 0 0 0 0 0 0 0 0 0 0 0 0 0 0 0 0 0 0 0 0 0 0 0 0 0 0 0 0 0 0 0 0 0 0 0 0 0 0 0 0 0 0 0 0 0 0 0 0 0 0 0 0 0 0 0 0 0 0 0 0 0 0 0 0 0 0 0 0 0 0 0 0 0 data 38 0x50002 0x4f94 0x100005 0x3b6f 0x0 0x18a163adb90 0x206 0x18a163adc40 0x1224 0x130004 0x0 0x0 0x189cd89b118 0x4f8d 0x0 0x0 0x160005 0x0 0x0 0x189cd89b118 0x4f92 0x0 0x0 0x2c0007 0x4aec 0x20 0x4aa 0x0 0x0 0x0 0x0 0x0 0x0 0x9 0x3 0x0 0xffffffffffffffff 0x0 oops 4 5 com/android/tools/r8/internal/N4 7 com/android/tools/r8/internal/zx 12 java/lang/Integer 19 java/lang/Integer methods 0
ciMethod  @bci com/android/tools/r8/kotlin/p0 b (Ljava/util/function/Consumer;Lcom/android/tools/r8/graph/y;)Z 134 <appendix> member <vmtarget> ; <init> (Lcom/android/tools/r8/internal/eR;)V 1024 0 68558 0 0
ciMethod  @bci com/android/tools/r8/kotlin/p0 b (Ljava/util/function/Consumer;Lcom/android/tools/r8/graph/y;)Z 134 <appendix> member <vmtarget> ; accept (Ljava/lang/Object;)V 2170 0 1085 0 0
ciMethodData com/android/tools/r8/internal/gM a (Lcom/android/tools/r8/internal/eR;)Ljava/util/List; 2 44311 orig 80 0 0 0 0 0 0 0 0 0 0 0 0 0 0 0 0 0 0 0 0 0 0 0 0 0 0 0 0 0 0 0 0 0 0 0 0 0 0 0 0 0 0 0 0 0 0 0 0 0 0 0 0 0 0 0 0 0 0 0 0 0 0 0 0 0 0 0 0 0 0 0 0 0 0 0 0 0 0 0 0 data 29 0x40002 0xad19 0xe0002 0xad1a 0x150002 0xad1b 0x180004 0x0 0x0 0x18a131fe238 0xad28 0x0 0x0 0x1b0004 0x0 0x0 0x18a131fe238 0xad2b 0x0 0x0 0x0 0x0 0x0 0x0 0x0 0x0 0x9 0x1 0x0 oops 2 9 com/android/tools/r8/internal/XM 16 com/android/tools/r8/internal/XM methods 0
ciMethod  @bci com/android/tools/r8/kotlin/p0 b (Ljava/util/function/Consumer;Lcom/android/tools/r8/graph/y;)Z 141 <appendix> argL0 ; a (Ljava/lang/Object;Ljava/lang/Object;Ljava/lang/Object;)Ljava/lang/Object; 30 0 1085 0 0
ciMethod  @bci com/android/tools/r8/kotlin/p0 b (Ljava/util/function/Consumer;Lcom/android/tools/r8/graph/y;)Z 157 <appendix> member <vmtarget> ; <init> (Lcom/android/tools/r8/internal/eR;)V 1024 0 68545 0 0
ciMethod  @bci com/android/tools/r8/kotlin/p0 b (Ljava/util/function/Consumer;Lcom/android/tools/r8/graph/y;)Z 164 <appendix> argL0 ; a (Ljava/lang/Object;Ljava/lang/Object;Ljava/lang/Object;)Ljava/lang/Object; 0 0 32 0 0
ciMethod  @bci com/android/tools/r8/kotlin/p0 b (Ljava/util/function/Consumer;Lcom/android/tools/r8/graph/y;)Z 185 <appendix> argL0 ; a (Ljava/lang/Object;Ljava/lang/Object;Ljava/lang/Object;)Ljava/lang/Object; 4172 0 19383 0 0
ciMethod  @bci com/android/tools/r8/kotlin/b0 a (Lcom/android/tools/r8/graph/y;Ljava/util/List;Ljava/util/List;Lcom/android/tools/r8/internal/du0;)Z 34 <appendix> member <vmtarget> ; <init> (Ljava/util/List;)V 1024 0 140926 0 0
ciMethod  @bci com/android/tools/r8/kotlin/b0 a (Lcom/android/tools/r8/graph/y;Ljava/util/List;Ljava/util/List;Lcom/android/tools/r8/internal/du0;)Z 34 <appendix> member <vmtarget> ; accept (Ljava/lang/Object;)V 1024 0 46789 0 0
ciMethod  @bci com/android/tools/r8/kotlin/p0 b (Ljava/util/function/Consumer;Lcom/android/tools/r8/graph/y;)Z 199 <appendix> member <vmtarget> ; <init> (Lcom/android/tools/r8/internal/eR;)V 1024 0 68566 0 0
ciMethod  @bci com/android/tools/r8/kotlin/r0 b (Ljava/util/function/Consumer;Lcom/android/tools/r8/graph/y;)Z 31 <appendix> member <vmtarget> ; <init> (Lcom/android/tools/r8/kotlin/r0;Ljava/util/function/Consumer;)V 1384 0 17230 0 0
ciMethod  @bci com/android/tools/r8/kotlin/r0 b (Ljava/util/function/Consumer;Lcom/android/tools/r8/graph/y;)Z 31 <appendix> member <vmtarget> ; accept (Ljava/lang/Object;)V 4166 0 18739 0 0
ciMethodData com/android/tools/r8/internal/Z6 a (Ljava/lang/Object;Lcom/android/tools/r8/internal/LZ;Z)V 2 15492 orig 80 0 0 0 0 0 0 0 0 0 0 0 0 0 0 0 0 0 0 0 0 0 0 0 0 0 0 0 0 0 0 0 0 0 0 0 0 0 0 0 0 0 0 0 0 0 0 0 0 0 0 0 0 0 0 0 0 0 0 0 0 0 0 0 0 0 0 0 0 0 0 0 0 0 0 0 0 0 0 0 0 data 72 0x40002 0x3c86 0x70007 0x3959 0xe0 0x331 0xf0005 0x28b 0x0 0x18a163b2928 0x2b 0x18a163b29d8 0x7b 0x120004 0x0 0x0 0x189cd89b118 0x331 0x0 0x0 0x150005 0x0 0x0 0x189cd89b118 0x331 0x0 0x0 0x1e0003 0x331 0xc0 0x260005 0x21e8 0x0 0x18a163b29d8 0x1557 0x18a163b2a88 0x21d 0x290004 0x0 0x0 0x189cd89b118 0x3953 0x0 0x0 0x2c0005 0x0 0x0 0x189cd89b118 0x3959 0x0 0x0 0x3c0002 0x3c8a 0x400005 0x249d 0x0 0x18a163b29d8 0x15d2 0x18a163b2a88 0x21f 0x0 0x0 0x0 0x0 0x0 0x0 0x9 0x4 0x0 0x0 0x0 0x0 oops 10 9 com/android/tools/r8/internal/Dx 11 com/android/tools/r8/internal/Cx 16 java/lang/Integer 23 java/lang/Integer 33 com/android/tools/r8/internal/Cx 35 com/android/tools/r8/internal/Q4 40 java/lang/Integer 47 java/lang/Integer 56 com/android/tools/r8/internal/Cx 58 com/android/tools/r8/internal/Q4 methods 0
ciMethodData com/android/tools/r8/internal/eR <init> (I)V 2 30569 orig 80 0 0 0 0 0 0 0 0 0 0 0 0 0 0 0 0 0 0 0 0 0 0 0 0 0 0 0 0 0 0 0 0 0 0 0 0 0 0 0 0 0 0 0 0 0 0 0 0 0 0 0 0 0 0 0 0 0 0 0 0 0 0 0 0 0 0 0 0 0 0 0 0 0 0 0 0 0 0 0 0 data 97 0x40002 0x7770 0xf0002 0x7771 0x180005 0x7770 0x0 0x0 0x0 0x0 0x0 0x1f0005 0x7779 0x0 0x0 0x0 0x0 0x0 0x220004 0x0 0x0 0x18a161dd118 0x777f 0x0 0x0 0x2d0002 0x777e 0x300002 0x7788 0x330005 0x0 0x0 0x18a161dd118 0x7788 0x0 0x0 0x3a0005 0x0 0x0 0x18a161dd1c8 0xeea3 0x0 0x0 0x3f0007 0x778c 0x160 0x778b 0x440005 0x0 0x0 0x18a161dd1c8 0x7790 0x0 0x0 0x490004 0x0 0x0 0x18a161dc8b0 0x7790 0x0 0x0 0x4c0004 0x0 0x0 0x18a161dc8b0 0x778e 0x0 0x0 0x4f0005 0x778b 0x0 0x0 0x0 0x0 0x0 0x570002 0x778c 0x5a0005 0x0 0x0 0x189cd89a748 0x7787 0x0 0x0 0x5e0003 0x778b 0xfffffffffffffe80 0x0 0x0 0x0 0x0 0x0 0x0 0x9 0x2 0x3e 0x0 oops 7 21 java/util/Collections$SingletonList 32 java/util/Collections$SingletonList 39 java/util/Collections$1 50 java/util/Collections$1 57 com/android/tools/r8/internal/oM 64 com/android/tools/r8/internal/oM 80 java/util/ArrayList methods 0
ciMethodData com/android/tools/r8/kotlin/b0 a (Lcom/android/tools/r8/graph/y;Ljava/lang/Object;Ljava/util/function/Consumer;Lcom/android/tools/r8/internal/du0;)Z 2 178876 orig 80 0 0 0 0 0 0 0 0 0 0 0 0 0 0 0 0 0 0 0 0 0 0 0 0 0 0 0 0 0 0 0 0 0 0 0 0 0 0 0 0 0 0 0 0 0 0 0 0 0 0 0 0 0 0 0 0 0 0 0 0 0 0 0 0 0 0 0 0 0 0 0 0 0 0 0 0 0 0 0 0 data 37 0x10007 0x2944c 0xc8 0x26af 0x80005 0x1e2 0x0 0x18a16818d50 0xb0c 0x18a16818e00 0x93 0xd0004 0x0 0x0 0x189cd89ad08 0x26af 0x0 0x0 0x100005 0x26af 0x0 0x0 0x0 0x0 0x0 0x0 0x0 0x0 0x0 0x0 0x0 0x9 0x4 0x0 0x0 0x0 0x0 oops 3 7  @bci com/android/tools/r8/kotlin/a a (Ljava/util/function/Consumer;Lcom/android/tools/r8/graph/g1;Lcom/android/tools/r8/graph/j1;Lcom/android/tools/r8/graph/j1;Lcom/android/tools/r8/graph/j1;Lcom/android/tools/r8/graph/y;)Z 508 <appendix> argL0 ; 9  @bci com/android/tools/r8/kotlin/a a (Ljava/util/function/Consumer;Lcom/android/tools/r8/graph/g1;Lcom/android/tools/r8/graph/j1;Lcom/android/tools/r8/graph/j1;Lcom/android/tools/r8/graph/j1;Lcom/android/tools/r8/graph/y;)Z 528 <appendix> argL0 ; 14 java/lang/Boolean methods 0
ciMethodData com/android/tools/r8/kotlin/b0 a (Lcom/android/tools/r8/graph/y;Ljava/util/List;Ljava/util/function/Consumer;Lcom/android/tools/r8/internal/du0;)Z 2 84220 orig 80 1 0 0 0 0 0 0 0 0 0 0 0 0 0 0 0 0 0 0 0 0 0 0 0 0 0 0 0 0 0 0 0 0 1 0 0 0 0 0 0 0 0 0 0 0 0 0 0 0 0 0 0 0 0 0 0 0 0 0 0 0 0 0 0 0 0 0 0 0 0 0 0 0 0 0 0 0 0 0 0 data 61 0x30005 0x346a 0x0 0x18a131fe028 0xe7d7 0x189cd89a748 0x2d08 0xc0005 0x68c5 0x0 0x189cda610f0 0x11d8c 0x189cda611a0 0x2d06 0x110007 0x14932 0x118 0x6a2d 0x180005 0x1 0x0 0x189cda610f0 0x35d0 0x189cda61250 0x3463 0x1f0005 0x18d6 0x0 0x189cda61300 0x2444 0x18a131fdec8 0x2d21 0x240004 0x0 0x0 0x189cd89ad08 0x6a32 0x0 0x0 0x270005 0x6a34 0x0 0x0 0x0 0x0 0x0 0x2c0003 0x6a37 0xfffffffffffffec8 0x0 0x0 0x0 0x0 0x0 0x0 0x9 0x4 0xffffffffffffffff 0xffffffffffffffff 0xffffffffffffffff 0xffffffffffffffff oops 9 3 com/android/tools/r8/internal/Rf0 5 java/util/ArrayList 10 com/android/tools/r8/internal/kL 12 java/util/ArrayList$Itr 21 com/android/tools/r8/internal/kL 23 com/android/tools/r8/internal/jL 28  @bci com/android/tools/r8/kotlin/J a (Ljava/util/function/Consumer;Lcom/android/tools/r8/graph/j1;Lcom/android/tools/r8/graph/y;)Z 499 <appendix> argL0 ; 30  @bci com/android/tools/r8/kotlin/p0 b (Ljava/util/function/Consumer;Lcom/android/tools/r8/graph/y;)Z 185 <appendix> argL0 ; 35 java/lang/Boolean methods 0
ciMethodData com/android/tools/r8/kotlin/b0 a (Lcom/android/tools/r8/graph/y;Ljava/util/List;Ljava/util/List;Lcom/android/tools/r8/internal/du0;)Z 2 129345 orig 80 0 0 0 0 0 0 0 0 0 0 0 0 0 0 0 0 0 0 0 0 0 0 0 0 0 0 0 0 0 0 0 0 0 0 0 0 0 0 0 0 0 0 0 0 0 0 0 0 0 0 0 0 0 0 0 0 0 0 0 0 0 0 0 0 0 0 0 0 0 0 0 0 0 0 0 0 0 0 0 0 data 42 0x30007 0x223cc 0xa0 0x0 0x70005 0x0 0x0 0x0 0x0 0x0 0x0 0xc0007 0x0 0x38 0x0 0xf0003 0x0 0x28 0x160002 0x0 0x1e0002 0x223cf 0x22000a 0x22415 0x3 0x0 0x189cd89a748 0x18a15cfb890 0x280002 0x2247b 0x0 0x0 0x0 0x0 0x0 0x0 0x9 0x4 0xffffffffffffffff 0xffffffffffffffff 0x0 0xffffffffffffffff oops 2 26 java/util/ArrayList 27  @bci com/android/tools/r8/kotlin/b0 a (Lcom/android/tools/r8/graph/y;Ljava/util/List;Ljava/util/List;Lcom/android/tools/r8/internal/du0;)Z 34 <appendix> member <vmtarget> ; methods 0
ciMethodData  @bci com/android/tools/r8/kotlin/b0 a (Lcom/android/tools/r8/graph/y;Ljava/util/List;Ljava/util/List;Lcom/android/tools/r8/internal/du0;)Z 34 <appendix> member <vmtarget> ; <init> (Ljava/util/List;)V 2 140414 orig 80 0 0 0 0 0 0 0 0 0 0 0 0 0 0 0 0 0 0 0 0 0 0 0 0 0 0 0 0 0 0 0 0 0 0 0 0 0 0 0 0 0 0 0 0 0 0 0 0 0 0 0 0 0 0 0 0 0 0 0 0 0 0 0 0 0 0 0 0 0 0 0 0 0 0 0 0 0 0 0 0 data 10 0x10002 0x2249d 0x0 0x0 0x0 0x0 0x9 0x2 0x6 0x0 oops 0 methods 0
ciMethodData com/android/tools/r8/kotlin/p0 b (Ljava/util/function/Consumer;Lcom/android/tools/r8/graph/y;)Z 2 68000 orig 80 0 0 0 0 0 0 0 0 0 0 0 0 0 0 0 0 0 0 0 0 0 0 0 0 0 0 0 0 0 0 0 0 0 0 0 0 0 0 0 0 0 0 0 0 0 0 0 0 0 0 0 0 0 0 0 0 0 0 0 0 0 0 0 0 0 0 0 0 0 0 0 0 0 0 0 0 0 0 0 0 data 164 0xb0002 0x10995 0xe0005 0xef64 0x0 0x18a131fd898 0x1114 0x18a131fd948 0x95c 0x300005 0x109bd 0x0 0x0 0x0 0x0 0x0 0x3a0005 0x109e0 0x0 0x0 0x0 0x0 0x0 0x4e0005 0x109c4 0x0 0x0 0x0 0x0 0x0 0x580005 0x109cd 0x0 0x0 0x0 0x0 0x0 0x6c0005 0x109dd 0x0 0x0 0x0 0x0 0x0 0x740005 0x109db 0x0 0x0 0x0 0x0 0x0 0x7c0005 0x43d 0x0 0x18a131fd9f8 0xd327 0x18a131fdaa8 0x3288 0x86000a 0x109b9 0x3 0x0 0x18a131fdb58 0x18a131fdc08 0x8d000a 0x109bb 0x1 0x18a131fdcb8 0x920002 0x109b2 0x9d000a 0x109b7 0x3 0x0 0x18a131fdb58 0x18a131fdd68 0xa4000a 0x109b1 0x1 0x18a131fde18 0xa90002 0x109bc 0xb40005 0x109bf 0x0 0x0 0x0 0x0 0x0 0xb9000a 0x109bd 0x1 0x18a131fdec8 0xbe0002 0x109b9 0xc7000a 0x109cd 0x3 0x0 0x18a131fdb58 0x18a131fdf78 0xcd0005 0x109c4 0x0 0x0 0x0 0x0 0x0 0xd50005 0x0 0x0 0x18a131fe028 0x102a7 0x18a131fe0d8 0x728 0xda0007 0x728 0x40 0x10290 0xe10007 0x0 0x20 0x102a7 0xee0002 0x728 0xf3000a 0x728 0x1 0x18a131fe188 0xfa0002 0x727 0x10c0002 0x728 0x1130002 0x728 0x1160004 0x0 0x0 0x18a131fe238 0x728 0x0 0x0 0x1190004 0x0 0x0 0x18a131fe238 0x728 0x0 0x0 0x0 0x0 0x0 0x0 0x0 0x0 0x0 0x0 0x0 0x0 0x9 0x3 0x0 0x0 0x0 oops 18 5  @bci com/android/tools/r8/kotlin/a a (Ljava/util/function/Consumer;Lcom/android/tools/r8/graph/g1;Lcom/android/tools/r8/graph/j1;Lcom/android/tools/r8/graph/j1;Lcom/android/tools/r8/graph/j1;Lcom/android/tools/r8/graph/y;)Z 503 <appendix> member <vmtarget> ; 7  @bci com/android/tools/r8/kotlin/n a (Lcom/android/tools/r8/graph/y;Lcom/android/tools/r8/graph/E0;)Lcom/android/tools/r8/internal/d60; 1316 <appendix> member <vmtarget> ; 54 com/android/tools/r8/kotlin/r 56 com/android/tools/r8/kotlin/t 62 com/android/tools/r8/internal/eR 63  @bci com/android/tools/r8/kotlin/p0 b (Ljava/util/function/Consumer;Lcom/android/tools/r8/graph/y;)Z 134 <appendix> member <vmtarget> ; 67  @bci com/android/tools/r8/kotlin/p0 b (Ljava/util/function/Consumer;Lcom/android/tools/r8/graph/y;)Z 141 <appendix> argL0 ; 74 com/android/tools/r8/internal/eR 75  @bci com/android/tools/r8/kotlin/p0 b (Ljava/util/function/Consumer;Lcom/android/tools/r8/graph/y;)Z 157 <appendix> member <vmtarget> ; 79  @bci com/android/tools/r8/kotlin/p0 b (Ljava/util/function/Consumer;Lcom/android/tools/r8/graph/y;)Z 164 <appendix> argL0 ; 92  @bci com/android/tools/r8/kotlin/p0 b (Ljava/util/function/Consumer;Lcom/android/tools/r8/graph/y;)Z 185 <appendix> argL0 ; 99 com/android/tools/r8/internal/eR 100  @bci com/android/tools/r8/kotlin/p0 b (Ljava/util/function/Consumer;Lcom/android/tools/r8/graph/y;)Z 199 <appendix> member <vmtarget> ; 111 com/android/tools/r8/internal/Rf0 113 com/android/tools/r8/internal/Mn0 128  @bci com/android/tools/r8/kotlin/p0 b (Ljava/util/function/Consumer;Lcom/android/tools/r8/graph/y;)Z 243 <appendix> argL0 ; 138 com/android/tools/r8/internal/XM 145 com/android/tools/r8/internal/XM methods 0
ciMethodData  @bci com/android/tools/r8/kotlin/p0 b (Ljava/util/function/Consumer;Lcom/android/tools/r8/graph/y;)Z 199 <appendix> member <vmtarget> ; <init> (Lcom/android/tools/r8/internal/eR;)V 2 68054 orig 80 0 0 0 0 0 0 0 0 0 0 0 0 0 0 0 0 0 0 0 0 0 0 0 0 0 0 0 0 0 0 0 0 0 0 0 0 0 0 0 0 0 0 0 0 0 0 0 0 0 0 0 0 0 0 0 0 0 0 0 0 0 0 0 0 0 0 0 0 0 0 0 0 0 0 0 0 0 0 0 0 data 10 0x10002 0x109d5 0x0 0x0 0x0 0x0 0x9 0x2 0x6 0x0 oops 0 methods 0
ciMethodData com/android/tools/r8/kotlin/I b (Ljava/util/function/Consumer;Lcom/android/tools/r8/graph/y;)Z 2 68021 orig 80 0 0 0 0 0 0 0 0 0 0 0 0 0 0 0 0 0 0 0 0 0 0 0 0 0 0 0 0 0 0 0 0 0 0 0 0 0 0 0 0 0 0 0 0 0 0 0 0 0 0 0 0 0 0 0 0 0 0 0 0 0 0 0 0 0 0 0 0 0 0 0 0 0 0 0 0 0 0 0 0 data 40 0x40007 0x1c 0x20 0x1099e 0xf0007 0x1c 0x50 0x0 0x150007 0x0 0x20 0x0 0x1e0002 0x0 0x25000a 0x0 0x5 0x0 0x0 0x1 0x0 0x189cda90ce0 0x2b0005 0x1c 0x0 0x0 0x0 0x0 0x0 0x0 0x0 0x0 0x0 0x0 0x0 0x9 0x3 0x0 0x0 0xffffffffffffffff oops 1 21  @bci com/android/tools/r8/kotlin/I b (Ljava/util/function/Consumer;Lcom/android/tools/r8/graph/y;)Z 37 <appendix> member <vmtarget> ; methods 0
ciMethodData  @bci com/android/tools/r8/kotlin/p0 b (Ljava/util/function/Consumer;Lcom/android/tools/r8/graph/y;)Z 134 <appendix> member <vmtarget> ; <init> (Lcom/android/tools/r8/internal/eR;)V 2 68046 orig 80 0 0 0 0 0 0 0 0 0 0 0 0 0 0 0 0 0 0 0 0 0 0 0 0 0 0 0 0 0 0 0 0 0 0 0 0 0 0 0 0 0 0 0 0 0 0 0 0 0 0 0 0 0 0 0 0 0 0 0 0 0 0 0 0 0 0 0 0 0 0 0 0 0 0 0 0 0 0 0 0 data 10 0x10002 0x109cd 0x0 0x0 0x0 0x0 0x9 0x2 0x6 0x0 oops 0 methods 0
ciMethodData  @bci com/android/tools/r8/kotlin/p0 b (Ljava/util/function/Consumer;Lcom/android/tools/r8/graph/y;)Z 157 <appendix> member <vmtarget> ; <init> (Lcom/android/tools/r8/internal/eR;)V 2 68033 orig 80 0 0 0 0 0 0 0 0 0 0 0 0 0 0 0 0 0 0 0 0 0 0 0 0 0 0 0 0 0 0 0 0 0 0 0 0 0 0 0 0 0 0 0 0 0 0 0 0 0 0 0 0 0 0 0 0 0 0 0 0 0 0 0 0 0 0 0 0 0 0 0 0 0 0 0 0 0 0 0 0 data 10 0x10002 0x109c2 0x0 0x0 0x0 0x0 0x9 0x2 0x6 0x0 oops 0 methods 0
ciMethodData  @bci com/android/tools/r8/kotlin/b0 a (Lcom/android/tools/r8/graph/y;Ljava/util/List;Ljava/util/List;Lcom/android/tools/r8/internal/du0;)Z 34 <appendix> member <vmtarget> ; accept (Ljava/lang/Object;)V 2 46277 orig 80 0 0 0 0 0 0 0 0 0 0 0 0 0 0 0 0 0 0 0 0 0 0 0 0 0 0 0 0 0 0 0 0 0 0 0 0 0 0 0 0 0 0 0 0 0 0 0 0 0 0 0 0 0 0 0 0 0 0 0 0 0 0 0 0 0 0 0 0 0 0 0 0 0 0 0 0 0 0 0 0 data 17 0x50005 0x0 0x0 0x189cd89a748 0xb4cb 0x0 0x0 0x0 0x0 0x0 0x0 0x0 0x0 0x9 0x2 0x0 0x0 oops 1 3 java/util/ArrayList methods 0
ciMethodData com/android/tools/r8/internal/jR <init> (Lcom/android/tools/r8/internal/lR;Lcom/android/tools/r8/internal/eR;)V 2 35006 orig 80 0 0 0 0 0 0 0 0 0 0 0 0 0 0 0 0 0 0 0 0 0 0 0 0 0 0 0 0 0 0 0 0 0 0 0 0 0 0 0 0 0 0 0 0 0 0 0 0 0 0 0 0 0 0 0 0 0 0 0 0 0 0 0 0 0 0 0 0 0 0 0 0 0 0 0 0 0 0 0 0 data 11 0x30002 0x88bf 0x0 0x0 0x0 0x0 0x9 0x3 0x6 0x0 0x0 oops 0 methods 0
ciMethodData  @bci com/android/tools/r8/kotlin/p0 b (Ljava/util/function/Consumer;Lcom/android/tools/r8/graph/y;)Z 141 <appendix> argL0 ; a (Ljava/lang/Object;Ljava/lang/Object;Ljava/lang/Object;)Ljava/lang/Object; 2 1070 orig 80 0 0 0 0 0 0 0 0 0 0 0 0 0 0 0 0 0 0 0 0 0 0 0 0 0 0 0 0 0 0 0 0 0 0 0 0 0 0 0 0 0 0 0 0 0 0 0 0 0 0 0 0 0 0 0 0 0 0 0 0 0 0 0 0 0 0 0 0 0 0 0 0 0 0 0 0 0 0 0 0 data 42 0x10004 0x0 0x0 0x0 0x0 0x0 0x0 0x50004 0x0 0x0 0x18a131fdc08 0x42e 0x0 0x0 0x90004 0x0 0x0 0x0 0x0 0x0 0x0 0xc0005 0x42e 0x0 0x0 0x0 0x0 0x0 0xf0002 0x42e 0x0 0x0 0x0 0x0 0x0 0x0 0x9 0x4 0x0 0x0 0x0 0x0 oops 1 10  @bci com/android/tools/r8/kotlin/p0 b (Ljava/util/function/Consumer;Lcom/android/tools/r8/graph/y;)Z 134 <appendix> member <vmtarget> ; methods 0
ciMethodData  @bci com/android/tools/r8/kotlin/p0 b (Ljava/util/function/Consumer;Lcom/android/tools/r8/graph/y;)Z 164 <appendix> argL0 ; a (Ljava/lang/Object;Ljava/lang/Object;Ljava/lang/Object;)Ljava/lang/Object; 1 32 orig 80 0 0 0 0 0 0 0 0 0 0 0 0 0 0 0 0 0 0 0 0 0 0 0 0 0 0 0 0 0 0 0 0 0 0 0 0 0 0 0 0 0 0 0 0 0 0 0 0 0 0 0 0 0 0 0 0 0 0 0 0 0 0 0 0 0 0 0 0 0 0 0 0 0 0 0 0 0 0 0 0 data 42 0x10004 0x0 0x0 0x0 0x0 0x0 0x0 0x50004 0x0 0x0 0x18a131fdd68 0x20 0x0 0x0 0x90004 0x0 0x0 0x0 0x0 0x0 0x0 0xc0005 0x20 0x0 0x0 0x0 0x0 0x0 0xf0002 0x20 0x0 0x0 0x0 0x0 0x0 0x0 0x9 0x4 0x0 0x0 0x0 0x0 oops 1 10  @bci com/android/tools/r8/kotlin/p0 b (Ljava/util/function/Consumer;Lcom/android/tools/r8/graph/y;)Z 157 <appendix> member <vmtarget> ; methods 0
ciMethod  @bci com/android/tools/r8/kotlin/I b (Ljava/util/function/Consumer;Lcom/android/tools/r8/graph/y;)Z 37 <appendix> member <vmtarget> ; <init> (Lcom/android/tools/r8/kotlin/I;Ljava/util/function/Consumer;)V 56 0 28 0 0
ciMethodData  @bci com/android/tools/r8/kotlin/p0 b (Ljava/util/function/Consumer;Lcom/android/tools/r8/graph/y;)Z 185 <appendix> argL0 ; a (Ljava/lang/Object;Ljava/lang/Object;Ljava/lang/Object;)Ljava/lang/Object; 2 17297 orig 80 0 0 0 0 0 0 0 0 0 0 0 0 0 0 0 0 0 0 0 0 0 0 0 0 0 0 0 0 0 0 0 0 0 0 0 0 0 0 0 0 0 0 0 0 0 0 0 0 0 0 0 0 0 0 0 0 0 0 0 0 0 0 0 0 0 0 0 0 0 0 0 0 0 0 0 0 0 0 0 0 data 42 0x10004 0x0 0x0 0x189cda62740 0x4392 0x0 0x0 0x50004 0x0 0x0 0x18a15cfb890 0x4392 0x0 0x0 0x90004 0x0 0x0 0x18a131fd218 0x4392 0x0 0x0 0xc0005 0x4392 0x0 0x0 0x0 0x0 0x0 0xf0002 0x4398 0x0 0x0 0x0 0x0 0x0 0x0 0x9 0x4 0x0 0x0 0x0 0x0 oops 3 3 com/android/tools/r8/kotlin/r0 10  @bci com/android/tools/r8/kotlin/b0 a (Lcom/android/tools/r8/graph/y;Ljava/util/List;Ljava/util/List;Lcom/android/tools/r8/internal/du0;)Z 34 <appendix> member <vmtarget> ; 17 com/android/tools/r8/graph/y methods 0
ciMethodData com/android/tools/r8/kotlin/r0 b (Ljava/util/function/Consumer;Lcom/android/tools/r8/graph/y;)Z 2 17300 orig 80 0 0 0 0 0 0 0 0 0 0 0 0 0 0 0 0 0 0 0 0 0 0 0 0 0 0 0 0 0 0 0 0 0 0 0 0 0 0 0 0 0 0 0 0 0 0 0 0 0 0 0 0 0 0 0 0 0 0 0 0 0 0 0 0 0 0 0 0 0 0 0 0 0 0 0 0 0 0 0 0 data 41 0x40007 0x4176 0x78 0x220 0xb0007 0x0 0x58 0x220 0x120005 0x0 0x0 0x18a15cfb890 0x220 0x0 0x0 0x1f000a 0x4176 0x5 0x0 0x189cda62740 0x1 0x18a15cfb890 0x189cda64550 0x250005 0x417a 0x0 0x0 0x0 0x0 0x0 0x0 0x0 0x0 0x0 0x0 0x0 0x9 0x3 0x0 0x0 0x0 oops 4 11  @bci com/android/tools/r8/kotlin/b0 a (Lcom/android/tools/r8/graph/y;Ljava/util/List;Ljava/util/List;Lcom/android/tools/r8/internal/du0;)Z 34 <appendix> member <vmtarget> ; 19 com/android/tools/r8/kotlin/r0 21  @bci com/android/tools/r8/kotlin/b0 a (Lcom/android/tools/r8/graph/y;Ljava/util/List;Ljava/util/List;Lcom/android/tools/r8/internal/du0;)Z 34 <appendix> member <vmtarget> ; 22  @bci com/android/tools/r8/kotlin/r0 b (Ljava/util/function/Consumer;Lcom/android/tools/r8/graph/y;)Z 31 <appendix> member <vmtarget> ; methods 0
ciMethodData  @bci com/android/tools/r8/kotlin/r0 b (Ljava/util/function/Consumer;Lcom/android/tools/r8/graph/y;)Z 31 <appendix> member <vmtarget> ; <init> (Lcom/android/tools/r8/kotlin/r0;Ljava/util/function/Consumer;)V 2 16538 orig 80 0 0 0 0 0 0 0 0 0 0 0 0 0 0 0 0 0 0 0 0 0 0 0 0 0 0 0 0 0 0 0 0 0 0 0 0 0 0 0 0 0 0 0 0 0 0 0 0 0 0 0 0 0 0 0 0 0 0 0 0 0 0 0 0 0 0 0 0 0 0 0 0 0 0 0 0 0 0 0 0 data 11 0x10002 0x409b 0x0 0x0 0x0 0x0 0x9 0x3 0x6 0x0 0x0 oops 0 methods 0
ciMethodData  @bci com/android/tools/r8/kotlin/r0 b (Ljava/util/function/Consumer;Lcom/android/tools/r8/graph/y;)Z 31 <appendix> member <vmtarget> ; accept (Ljava/lang/Object;)V 2 16656 orig 80 0 0 0 0 0 0 0 0 0 0 0 0 0 0 0 0 0 0 0 0 0 0 0 0 0 0 0 0 0 0 0 0 0 0 0 0 0 0 0 0 0 0 0 0 0 0 0 0 0 0 0 0 0 0 0 0 0 0 0 0 0 0 0 0 0 0 0 0 0 0 0 0 0 0 0 0 0 0 0 0 data 24 0x90004 0x0 0x0 0x18a131fdb58 0x4112 0x0 0x0 0xc0005 0x4114 0x0 0x0 0x0 0x0 0x0 0x0 0x0 0x0 0x0 0x0 0x0 0x9 0x2 0x0 0x0 oops 1 3 com/android/tools/r8/internal/eR methods 0
ciMethodData com/android/tools/r8/kotlin/r0 a (Ljava/util/function/Consumer;Lcom/android/tools/r8/internal/eR;)V 2 16668 orig 80 0 0 0 0 0 0 0 0 0 0 0 0 0 0 0 0 0 0 0 0 0 0 0 0 0 0 0 0 0 0 0 0 0 0 0 0 0 0 0 0 0 0 0 0 0 0 0 0 0 0 0 0 0 0 0 0 0 0 0 0 0 0 0 0 0 0 0 0 0 0 0 0 0 0 0 0 0 0 0 0 data 20 0xa0002 0x411b 0xd0005 0x0 0x0 0x18a15cfb890 0x411b 0x0 0x0 0x0 0x0 0x0 0x0 0x0 0x0 0x9 0x3 0x0 0x0 0x0 oops 1 5  @bci com/android/tools/r8/kotlin/b0 a (Lcom/android/tools/r8/graph/y;Ljava/util/List;Ljava/util/List;Lcom/android/tools/r8/internal/du0;)Z 34 <appendix> member <vmtarget> ; methods 0
ciMethodData  @bci com/android/tools/r8/kotlin/p0 b (Ljava/util/function/Consumer;Lcom/android/tools/r8/graph/y;)Z 134 <appendix> member <vmtarget> ; accept (Ljava/lang/Object;)V 1 0 orig 80 0 0 0 0 0 0 0 0 0 0 0 0 0 0 0 0 0 0 0 0 0 0 0 0 0 0 0 0 0 0 0 0 0 0 0 0 0 0 0 0 0 0 0 0 0 0 0 0 0 0 0 0 0 0 0 0 0 0 0 0 0 0 0 0 0 0 0 0 0 0 0 0 0 0 0 0 0 0 0 0 data 24 0x50004 0x0 0x0 0x0 0x0 0x0 0x0 0x80005 0x0 0x0 0x0 0x0 0x0 0x0 0x0 0x0 0x0 0x0 0x0 0x0 0x9 0x2 0x0 0x0 oops 0 methods 0
compile com/android/tools/r8/kotlin/p0 b (Ljava/util/function/Consumer;Lcom/android/tools/r8/graph/y;)Z -1 4 inline 357 0 -1 0 com/android/tools/r8/kotlin/p0 b (Ljava/util/function/Consumer;Lcom/android/tools/r8/graph/y;)Z 1 48 0 com/android/tools/r8/internal/Z6 a (Ljava/lang/Object;Lcom/android/tools/r8/internal/LZ;)Z 2 5 0 com/android/tools/r8/internal/jK c (Ljava/lang/Object;Ljava/lang/String;)V 2 22 0 java/lang/Integer intValue ()I 1 58 0 com/android/tools/r8/internal/Z6 a (Ljava/lang/Object;Lcom/android/tools/r8/internal/LZ;Z)V 2 4 0 com/android/tools/r8/internal/jK c (Ljava/lang/Object;Ljava/lang/String;)V 2 21 0 java/lang/Integer intValue ()I 2 44 0 java/lang/Integer intValue ()I 2 60 0 java/lang/Integer valueOf (I)Ljava/lang/Integer; 3 28 0 java/lang/Integer <init> (I)V 4 1 0 java/lang/Number <init> ()V 5 1 0 java/lang/Object <init> ()V 1 78 0 com/android/tools/r8/internal/Z6 a (Ljava/lang/Object;Lcom/android/tools/r8/internal/LZ;)Z 2 5 0 com/android/tools/r8/internal/jK c (Ljava/lang/Object;Ljava/lang/String;)V 2 22 0 java/lang/Integer intValue ()I 1 88 0 com/android/tools/r8/internal/Z6 a (Ljava/lang/Object;Lcom/android/tools/r8/internal/LZ;Z)V 2 4 0 com/android/tools/r8/internal/jK c (Ljava/lang/Object;Ljava/lang/String;)V 2 21 0 java/lang/Integer intValue ()I 2 44 0 java/lang/Integer intValue ()I 2 60 0 java/lang/Integer valueOf (I)Ljava/lang/Integer; 3 28 0 java/lang/Integer <init> (I)V 4 1 0 java/lang/Number <init> ()V 5 1 0 java/lang/Object <init> ()V 1 108 0 com/android/tools/r8/internal/Z6 a (Ljava/lang/Object;Lcom/android/tools/r8/internal/LZ;)Z 2 5 0 com/android/tools/r8/internal/jK c (Ljava/lang/Object;Ljava/lang/String;)V 2 22 0 java/lang/Integer intValue ()I 1 116 0 com/android/tools/r8/internal/Z6 a (Ljava/lang/Object;Lcom/android/tools/r8/internal/LZ;Z)V 2 4 0 com/android/tools/r8/internal/jK c (Ljava/lang/Object;Ljava/lang/String;)V 2 21 0 java/lang/Integer intValue ()I 2 44 0 java/lang/Integer intValue ()I 2 60 0 java/lang/Integer valueOf (I)Ljava/lang/Integer; 3 28 0 java/lang/Integer <init> (I)V 4 1 0 java/lang/Number <init> ()V 5 1 0 java/lang/Object <init> ()V 1 134 0 java/lang/invoke/Invokers$Holder linkToTargetMethod (Ljava/lang/Object;Ljava/lang/Object;)Ljava/lang/Object; 2 5 0 java/lang/invoke/DirectMethodHandle$Holder newInvokeSpecial (Ljava/lang/Object;Ljava/lang/Object;)Ljava/lang/Object; 3 1 0 java/lang/invoke/DirectMethodHandle allocateInstance (Ljava/lang/Object;)Ljava/lang/Object; 3 6 0 java/lang/invoke/DirectMethodHandle constructorMethod (Ljava/lang/Object;)Ljava/lang/Object; 3 16 0  @bci com/android/tools/r8/kotlin/p0 b (Ljava/util/function/Consumer;Lcom/android/tools/r8/graph/y;)Z 134 <appendix> member <vmtarget> ; <init> (Lcom/android/tools/r8/internal/eR;)V 4 1 0 java/lang/Object <init> ()V 1 141 0 java/lang/invoke/Invokers$Holder linkToTargetMethod (Ljava/lang/Object;)Ljava/lang/Object; 2 4 0  @bci com/android/tools/r8/kotlin/C b (Ljava/util/function/Consumer;Lcom/android/tools/r8/graph/y;)Z 136 <appendix> form vmentry <vmtarget> ; invoke (Ljava/lang/Object;)Ljava/lang/Object; 1 146 0 com/android/tools/r8/kotlin/b0 a (Lcom/android/tools/r8/graph/y;Ljava/lang/Object;Ljava/util/function/Consumer;Lcom/android/tools/r8/internal/du0;)Z 2 8 0  @bci com/android/tools/r8/kotlin/p0 b (Ljava/util/function/Consumer;Lcom/android/tools/r8/graph/y;)Z 141 <appendix> argL0 ; a (Ljava/lang/Object;Ljava/lang/Object;Ljava/lang/Object;)Ljava/lang/Object; 3 12 0 com/android/tools/r8/kotlin/p0 b (Ljava/util/function/Consumer;Lcom/android/tools/r8/graph/y;)Z 4 14 0  @bci com/android/tools/r8/kotlin/p0 b (Ljava/util/function/Consumer;Lcom/android/tools/r8/graph/y;)Z 134 <appendix> member <vmtarget> ; accept (Ljava/lang/Object;)V 5 8 0 com/android/tools/r8/internal/eR a (Lcom/android/tools/r8/internal/eR;)V 4 48 0 com/android/tools/r8/internal/Z6 a (Ljava/lang/Object;Lcom/android/tools/r8/internal/LZ;)Z 5 5 0 com/android/tools/r8/internal/jK c (Ljava/lang/Object;Ljava/lang/String;)V 5 22 0 java/lang/Integer intValue ()I 4 58 0 com/android/tools/r8/internal/Z6 a (Ljava/lang/Object;Lcom/android/tools/r8/internal/LZ;Z)V 5 4 0 com/android/tools/r8/internal/jK c (Ljava/lang/Object;Ljava/lang/String;)V 5 21 0 java/lang/Integer intValue ()I 5 44 0 java/lang/Integer intValue ()I 5 60 0 java/lang/Integer valueOf (I)Ljava/lang/Integer; 6 28 0 java/lang/Integer <init> (I)V 7 1 0 java/lang/Number <init> ()V 8 1 0 java/lang/Object <init> ()V 4 78 0 com/android/tools/r8/internal/Z6 a (Ljava/lang/Object;Lcom/android/tools/r8/internal/LZ;)Z 5 5 0 com/android/tools/r8/internal/jK c (Ljava/lang/Object;Ljava/lang/String;)V 5 22 0 java/lang/Integer intValue ()I 4 88 0 com/android/tools/r8/internal/Z6 a (Ljava/lang/Object;Lcom/android/tools/r8/internal/LZ;Z)V 5 4 0 com/android/tools/r8/internal/jK c (Ljava/lang/Object;Ljava/lang/String;)V 5 21 0 java/lang/Integer intValue ()I 5 44 0 java/lang/Integer intValue ()I 5 60 0 java/lang/Integer valueOf (I)Ljava/lang/Integer; 6 28 0 java/lang/Integer <init> (I)V 7 1 0 java/lang/Number <init> ()V 8 1 0 java/lang/Object <init> ()V 4 108 0 com/android/tools/r8/internal/Z6 a (Ljava/lang/Object;Lcom/android/tools/r8/internal/LZ;)Z 5 5 0 com/android/tools/r8/internal/jK c (Ljava/lang/Object;Ljava/lang/String;)V 5 22 0 java/lang/Integer intValue ()I 4 116 0 com/android/tools/r8/internal/Z6 a (Ljava/lang/Object;Lcom/android/tools/r8/internal/LZ;Z)V 5 4 0 com/android/tools/r8/internal/jK c (Ljava/lang/Object;Ljava/lang/String;)V 5 21 0 java/lang/Integer intValue ()I 5 44 0 java/lang/Integer intValue ()I 5 60 0 java/lang/Integer valueOf (I)Ljava/lang/Integer; 6 28 0 java/lang/Integer <init> (I)V 7 1 0 java/lang/Number <init> ()V 8 1 0 java/lang/Object <init> ()V 4 134 0 java/lang/invoke/Invokers$Holder linkToTargetMethod (Ljava/lang/Object;Ljava/lang/Object;)Ljava/lang/Object; 5 5 0 java/lang/invoke/DirectMethodHandle$Holder newInvokeSpecial (Ljava/lang/Object;Ljava/lang/Object;)Ljava/lang/Object; 6 1 0 java/lang/invoke/DirectMethodHandle allocateInstance (Ljava/lang/Object;)Ljava/lang/Object; 6 6 0 java/lang/invoke/DirectMethodHandle constructorMethod (Ljava/lang/Object;)Ljava/lang/Object; 6 16 0  @bci com/android/tools/r8/kotlin/p0 b (Ljava/util/function/Consumer;Lcom/android/tools/r8/graph/y;)Z 134 <appendix> member <vmtarget> ; <init> (Lcom/android/tools/r8/internal/eR;)V 7 1 0 java/lang/Object <init> ()V 4 141 0 java/lang/invoke/Invokers$Holder linkToTargetMethod (Ljava/lang/Object;)Ljava/lang/Object; 5 4 0  @bci com/android/tools/r8/kotlin/C b (Ljava/util/function/Consumer;Lcom/android/tools/r8/graph/y;)Z 136 <appendix> form vmentry <vmtarget> ; invoke (Ljava/lang/Object;)Ljava/lang/Object; 4 146 0 com/android/tools/r8/kotlin/b0 a (Lcom/android/tools/r8/graph/y;Ljava/lang/Object;Ljava/util/function/Consumer;Lcom/android/tools/r8/internal/du0;)Z 5 8 0  @bci com/android/tools/r8/kotlin/p0 b (Ljava/util/function/Consumer;Lcom/android/tools/r8/graph/y;)Z 141 <appendix> argL0 ; a (Ljava/lang/Object;Ljava/lang/Object;Ljava/lang/Object;)Ljava/lang/Object; 6 15 0 java/lang/Boolean valueOf (Z)Ljava/lang/Boolean; 5 16 0 java/lang/Boolean booleanValue ()Z 4 157 0 java/lang/invoke/Invokers$Holder linkToTargetMethod (Ljava/lang/Object;Ljava/lang/Object;)Ljava/lang/Object; 5 5 0 java/lang/invoke/DirectMethodHandle$Holder newInvokeSpecial (Ljava/lang/Object;Ljava/lang/Object;)Ljava/lang/Object; 6 1 0 java/lang/invoke/DirectMethodHandle allocateInstance (Ljava/lang/Object;)Ljava/lang/Object; 6 6 0 java/lang/invoke/DirectMethodHandle constructorMethod (Ljava/lang/Object;)Ljava/lang/Object; 6 16 0  @bci com/android/tools/r8/kotlin/p0 b (Ljava/util/function/Consumer;Lcom/android/tools/r8/graph/y;)Z 157 <appendix> member <vmtarget> ; <init> (Lcom/android/tools/r8/internal/eR;)V 7 1 0 java/lang/Object <init> ()V 4 164 0 java/lang/invoke/Invokers$Holder linkToTargetMethod (Ljava/lang/Object;)Ljava/lang/Object; 5 4 0  @bci com/android/tools/r8/kotlin/C b (Ljava/util/function/Consumer;Lcom/android/tools/r8/graph/y;)Z 136 <appendix> form vmentry <vmtarget> ; invoke (Ljava/lang/Object;)Ljava/lang/Object; 4 169 0 com/android/tools/r8/kotlin/b0 a (Lcom/android/tools/r8/graph/y;Ljava/lang/Object;Ljava/util/function/Consumer;Lcom/android/tools/r8/internal/du0;)Z 5 8 0  @bci com/android/tools/r8/kotlin/p0 b (Ljava/util/function/Consumer;Lcom/android/tools/r8/graph/y;)Z 164 <appendix> argL0 ; a (Ljava/lang/Object;Ljava/lang/Object;Ljava/lang/Object;)Ljava/lang/Object; 5 16 0 java/lang/Boolean booleanValue ()Z 4 180 0 com/android/tools/r8/internal/eR b ()Ljava/util/List; 4 185 0 java/lang/invoke/Invokers$Holder linkToTargetMethod (Ljava/lang/Object;)Ljava/lang/Object; 5 4 0  @bci com/android/tools/r8/kotlin/C b (Ljava/util/function/Consumer;Lcom/android/tools/r8/graph/y;)Z 136 <appendix> form vmentry <vmtarget> ; invoke (Ljava/lang/Object;)Ljava/lang/Object; 4 190 0 com/android/tools/r8/kotlin/b0 a (Lcom/android/tools/r8/graph/y;Ljava/util/List;Ljava/util/List;Lcom/android/tools/r8/internal/du0;)Z 5 30 0 java/util/Objects requireNonNull (Ljava/lang/Object;)Ljava/lang/Object; 5 34 0 java/lang/invoke/Invokers$Holder linkToTargetMethod (Ljava/lang/Object;Ljava/lang/Object;)Ljava/lang/Object; 6 5 0 java/lang/invoke/DirectMethodHandle$Holder newInvokeSpecial (Ljava/lang/Object;Ljava/lang/Object;)Ljava/lang/Object; 7 1 0 java/lang/invoke/DirectMethodHandle allocateInstance (Ljava/lang/Object;)Ljava/lang/Object; 7 6 0 java/lang/invoke/DirectMethodHandle constructorMethod (Ljava/lang/Object;)Ljava/lang/Object; 7 16 0  @bci com/android/tools/r8/kotlin/b0 a (Lcom/android/tools/r8/graph/y;Ljava/util/List;Ljava/util/List;Lcom/android/tools/r8/internal/du0;)Z 34 <appendix> member <vmtarget> ; <init> (Ljava/util/List;)V 8 1 0 java/lang/Object <init> ()V 5 40 0 com/android/tools/r8/kotlin/b0 a (Lcom/android/tools/r8/graph/y;Ljava/util/List;Ljava/util/function/Consumer;Lcom/android/tools/r8/internal/du0;)Z 6 31 0  @bci com/android/tools/r8/kotlin/p0 b (Ljava/util/function/Consumer;Lcom/android/tools/r8/graph/y;)Z 185 <appendix> argL0 ; a (Ljava/lang/Object;Ljava/lang/Object;Ljava/lang/Object;)Ljava/lang/Object; 7 12 0 com/android/tools/r8/kotlin/r0 b (Ljava/util/function/Consumer;Lcom/android/tools/r8/graph/y;)Z 8 18 0  @bci com/android/tools/r8/kotlin/b0 a (Lcom/android/tools/r8/graph/y;Ljava/util/List;Ljava/util/List;Lcom/android/tools/r8/internal/du0;)Z 34 <appendix> member <vmtarget> ; accept (Ljava/lang/Object;)V 9 5 0 java/util/ArrayList add (Ljava/lang/Object;)Z 10 20 0 java/util/ArrayList add (Ljava/lang/Object;[Ljava/lang/Object;I)V 11 7 0 java/util/ArrayList grow ()[Ljava/lang/Object; 12 7 0 java/util/ArrayList grow (I)[Ljava/lang/Object; 13 27 0 jdk/internal/util/ArraysSupport newLength (III)I 13 37 0 java/util/Arrays copyOf ([Ljava/lang/Object;I)[Ljava/lang/Object; 8 31 0 java/lang/invoke/Invokers$Holder linkToTargetMethod (Ljava/lang/Object;Ljava/lang/Object;Ljava/lang/Object;)Ljava/lang/Object; 9 6 0 java/lang/invoke/DirectMethodHandle$Holder newInvokeSpecial (Ljava/lang/Object;Ljava/lang/Object;Ljava/lang/Object;)Ljava/lang/Object; 10 1 0 java/lang/invoke/DirectMethodHandle allocateInstance (Ljava/lang/Object;)Ljava/lang/Object; 10 6 0 java/lang/invoke/DirectMethodHandle constructorMethod (Ljava/lang/Object;)Ljava/lang/Object; 10 19 0  @bci com/android/tools/r8/kotlin/r0 b (Ljava/util/function/Consumer;Lcom/android/tools/r8/graph/y;)Z 31 <appendix> member <vmtarget> ; <init> (Lcom/android/tools/r8/kotlin/r0;Ljava/util/function/Consumer;)V 11 1 0 java/lang/Object <init> ()V 7 15 0 java/lang/Boolean valueOf (Z)Ljava/lang/Boolean; 6 39 0 java/lang/Boolean booleanValue ()Z 4 199 0 java/lang/invoke/Invokers$Holder linkToTargetMethod (Ljava/lang/Object;Ljava/lang/Object;)Ljava/lang/Object; 5 5 0 java/lang/invoke/DirectMethodHandle$Holder newInvokeSpecial (Ljava/lang/Object;Ljava/lang/Object;)Ljava/lang/Object; 6 1 0 java/lang/invoke/DirectMethodHandle allocateInstance (Ljava/lang/Object;)Ljava/lang/Object; 6 6 0 java/lang/invoke/DirectMethodHandle constructorMethod (Ljava/lang/Object;)Ljava/lang/Object; 6 16 0  @bci com/android/tools/r8/kotlin/p0 b (Ljava/util/function/Consumer;Lcom/android/tools/r8/graph/y;)Z 199 <appendix> member <vmtarget> ; <init> (Lcom/android/tools/r8/internal/eR;)V 7 1 0 java/lang/Object <init> ()V 4 205 0 com/android/tools/r8/kotlin/I b (Ljava/util/function/Consumer;Lcom/android/tools/r8/graph/y;)Z 5 37 0 java/lang/invoke/Invokers$Holder linkToTargetMethod (Ljava/lang/Object;Ljava/lang/Object;Ljava/lang/Object;)Ljava/lang/Object; 6 6 0 java/lang/invoke/DirectMethodHandle$Holder newInvokeSpecial (Ljava/lang/Object;Ljava/lang/Object;Ljava/lang/Object;)Ljava/lang/Object; 7 1 0 java/lang/invoke/DirectMethodHandle allocateInstance (Ljava/lang/Object;)Ljava/lang/Object; 7 6 0 java/lang/invoke/DirectMethodHandle constructorMethod (Ljava/lang/Object;)Ljava/lang/Object; 7 19 0  @bci com/android/tools/r8/kotlin/I b (Ljava/util/function/Consumer;Lcom/android/tools/r8/graph/y;)Z 37 <appendix> member <vmtarget> ; <init> (Lcom/android/tools/r8/kotlin/I;Ljava/util/function/Consumer;)V 8 1 0 java/lang/Object <init> ()V 4 213 0 java/util/AbstractCollection isEmpty ()Z 5 1 0 com/android/tools/r8/internal/Mn0 size ()I 5 1 0 com/android/tools/r8/internal/Rf0 size ()I 4 238 0 com/android/tools/r8/internal/gM a (Lcom/android/tools/r8/internal/eR;)Ljava/util/List; 5 4 0 com/android/tools/r8/internal/jK c (Ljava/lang/Object;Ljava/lang/String;)V 5 14 0 com/android/tools/r8/internal/jK c (Ljava/lang/Object;Ljava/lang/String;)V 5 21 0 com/android/tools/r8/internal/Fv a (Ljava/util/Collection;Lcom/android/tools/r8/internal/TQ;)Lcom/android/tools/r8/internal/SQ; 6 3 0 java/util/ArrayList iterator ()Ljava/util/Iterator; 7 5 0 java/util/ArrayList$Itr <init> (Ljava/util/ArrayList;)V 8 6 0 java/lang/Object <init> ()V 6 10 0 java/util/ArrayList$Itr hasNext ()Z 6 19 0 java/util/ArrayList$Itr next ()Ljava/lang/Object; 7 1 0 java/util/ArrayList$Itr checkForComodification ()V 6 35 0 com/android/tools/r8/internal/jK a (Ljava/lang/Object;Ljava/lang/Object;)Z 7 14 0 com/android/tools/r8/internal/TQ equals (Ljava/lang/Object;)Z 8 18 0 com/android/tools/r8/internal/jK a (Ljava/lang/Object;Ljava/lang/Object;)Z 9 14 0 com/android/tools/r8/internal/ee equals (Ljava/lang/Object;)Z 10 8 0 com/android/tools/r8/internal/dM a (Lcom/android/tools/r8/internal/bN;)Ljava/lang/Class; 11 4 0 com/android/tools/r8/internal/jK c (Ljava/lang/Object;Ljava/lang/String;)V 11 10 0 com/android/tools/r8/internal/ee a ()Ljava/lang/Class; 10 15 0 com/android/tools/r8/internal/dM a (Lcom/android/tools/r8/internal/bN;)Ljava/lang/Class; 11 4 0 com/android/tools/r8/internal/jK c (Ljava/lang/Object;Ljava/lang/String;)V 11 10 0 com/android/tools/r8/internal/ee a ()Ljava/lang/Class; 10 18 0 java/lang/Object equals (Ljava/lang/Object;)Z 4 243 0 java/lang/invoke/Invokers$Holder linkToTargetMethod (Ljava/lang/Object;)Ljava/lang/Object; 5 4 0  @bci com/android/tools/r8/kotlin/C b (Ljava/util/function/Consumer;Lcom/android/tools/r8/graph/y;)Z 136 <appendix> form vmentry <vmtarget> ; invoke (Ljava/lang/Object;)Ljava/lang/Object; 3 15 0 java/lang/Boolean valueOf (Z)Ljava/lang/Boolean; 2 16 0 java/lang/Boolean booleanValue ()Z 1 157 0 java/lang/invoke/Invokers$Holder linkToTargetMethod (Ljava/lang/Object;Ljava/lang/Object;)Ljava/lang/Object; 2 5 0 java/lang/invoke/DirectMethodHandle$Holder newInvokeSpecial (Ljava/lang/Object;Ljava/lang/Object;)Ljava/lang/Object; 3 1 0 java/lang/invoke/DirectMethodHandle allocateInstance (Ljava/lang/Object;)Ljava/lang/Object; 3 6 0 java/lang/invoke/DirectMethodHandle constructorMethod (Ljava/lang/Object;)Ljava/lang/Object; 3 16 0  @bci com/android/tools/r8/kotlin/p0 b (Ljava/util/function/Consumer;Lcom/android/tools/r8/graph/y;)Z 157 <appendix> member <vmtarget> ; <init> (Lcom/android/tools/r8/internal/eR;)V 4 1 0 java/lang/Object <init> ()V 1 164 0 java/lang/invoke/Invokers$Holder linkToTargetMethod (Ljava/lang/Object;)Ljava/lang/Object; 2 4 0  @bci com/android/tools/r8/kotlin/C b (Ljava/util/function/Consumer;Lcom/android/tools/r8/graph/y;)Z 136 <appendix> form vmentry <vmtarget> ; invoke (Ljava/lang/Object;)Ljava/lang/Object; 1 169 0 com/android/tools/r8/kotlin/b0 a (Lcom/android/tools/r8/graph/y;Ljava/lang/Object;Ljava/util/function/Consumer;Lcom/android/tools/r8/internal/du0;)Z 2 8 0  @bci com/android/tools/r8/kotlin/p0 b (Ljava/util/function/Consumer;Lcom/android/tools/r8/graph/y;)Z 164 <appendix> argL0 ; a (Ljava/lang/Object;Ljava/lang/Object;Ljava/lang/Object;)Ljava/lang/Object; 2 16 0 java/lang/Boolean booleanValue ()Z 1 180 0 com/android/tools/r8/internal/eR b ()Ljava/util/List; 1 185 0 java/lang/invoke/Invokers$Holder linkToTargetMethod (Ljava/lang/Object;)Ljava/lang/Object; 2 4 0  @bci com/android/tools/r8/kotlin/C b (Ljava/util/function/Consumer;Lcom/android/tools/r8/graph/y;)Z 136 <appendix> form vmentry <vmtarget> ; invoke (Ljava/lang/Object;)Ljava/lang/Object; 1 190 0 com/android/tools/r8/kotlin/b0 a (Lcom/android/tools/r8/graph/y;Ljava/util/List;Ljava/util/List;Lcom/android/tools/r8/internal/du0;)Z 2 30 0 java/util/Objects requireNonNull (Ljava/lang/Object;)Ljava/lang/Object; 2 34 0 java/lang/invoke/Invokers$Holder linkToTargetMethod (Ljava/lang/Object;Ljava/lang/Object;)Ljava/lang/Object; 3 5 0 java/lang/invoke/DirectMethodHandle$Holder newInvokeSpecial (Ljava/lang/Object;Ljava/lang/Object;)Ljava/lang/Object; 4 1 0 java/lang/invoke/DirectMethodHandle allocateInstance (Ljava/lang/Object;)Ljava/lang/Object; 4 6 0 java/lang/invoke/DirectMethodHandle constructorMethod (Ljava/lang/Object;)Ljava/lang/Object; 4 16 0  @bci com/android/tools/r8/kotlin/b0 a (Lcom/android/tools/r8/graph/y;Ljava/util/List;Ljava/util/List;Lcom/android/tools/r8/internal/du0;)Z 34 <appendix> member <vmtarget> ; <init> (Ljava/util/List;)V 5 1 0 java/lang/Object <init> ()V 2 40 0 com/android/tools/r8/kotlin/b0 a (Lcom/android/tools/r8/graph/y;Ljava/util/List;Ljava/util/function/Consumer;Lcom/android/tools/r8/internal/du0;)Z 3 31 0  @bci com/android/tools/r8/kotlin/p0 b (Ljava/util/function/Consumer;Lcom/android/tools/r8/graph/y;)Z 185 <appendix> argL0 ; a (Ljava/lang/Object;Ljava/lang/Object;Ljava/lang/Object;)Ljava/lang/Object; 4 12 0 com/android/tools/r8/kotlin/r0 b (Ljava/util/function/Consumer;Lcom/android/tools/r8/graph/y;)Z 5 18 0  @bci com/android/tools/r8/kotlin/b0 a (Lcom/android/tools/r8/graph/y;Ljava/util/List;Ljava/util/List;Lcom/android/tools/r8/internal/du0;)Z 34 <appendix> member <vmtarget> ; accept (Ljava/lang/Object;)V 6 5 0 java/util/ArrayList add (Ljava/lang/Object;)Z 7 20 0 java/util/ArrayList add (Ljava/lang/Object;[Ljava/lang/Object;I)V 8 7 0 java/util/ArrayList grow ()[Ljava/lang/Object; 9 7 0 java/util/ArrayList grow (I)[Ljava/lang/Object; 10 27 0 jdk/internal/util/ArraysSupport newLength (III)I 10 37 0 java/util/Arrays copyOf ([Ljava/lang/Object;I)[Ljava/lang/Object; 5 31 0 java/lang/invoke/Invokers$Holder linkToTargetMethod (Ljava/lang/Object;Ljava/lang/Object;Ljava/lang/Object;)Ljava/lang/Object; 6 6 0 java/lang/invoke/DirectMethodHandle$Holder newInvokeSpecial (Ljava/lang/Object;Ljava/lang/Object;Ljava/lang/Object;)Ljava/lang/Object; 7 1 0 java/lang/invoke/DirectMethodHandle allocateInstance (Ljava/lang/Object;)Ljava/lang/Object; 7 6 0 java/lang/invoke/DirectMethodHandle constructorMethod (Ljava/lang/Object;)Ljava/lang/Object; 7 19 0  @bci com/android/tools/r8/kotlin/r0 b (Ljava/util/function/Consumer;Lcom/android/tools/r8/graph/y;)Z 31 <appendix> member <vmtarget> ; <init> (Lcom/android/tools/r8/kotlin/r0;Ljava/util/function/Consumer;)V 8 1 0 java/lang/Object <init> ()V 5 37 0 com/android/tools/r8/kotlin/p0 b (Ljava/util/function/Consumer;Lcom/android/tools/r8/graph/y;)Z 6 14 0  @bci com/android/tools/r8/kotlin/r0 b (Ljava/util/function/Consumer;Lcom/android/tools/r8/graph/y;)Z 31 <appendix> member <vmtarget> ; accept (Ljava/lang/Object;)V 7 12 0 com/android/tools/r8/kotlin/r0 a (Ljava/util/function/Consumer;Lcom/android/tools/r8/internal/eR;)V 8 10 0 com/android/tools/r8/internal/jR <init> (Lcom/android/tools/r8/internal/lR;Lcom/android/tools/r8/internal/eR;)V 9 3 0 java/lang/Object <init> ()V 8 13 0  @bci com/android/tools/r8/kotlin/b0 a (Lcom/android/tools/r8/graph/y;Ljava/util/List;Ljava/util/List;Lcom/android/tools/r8/internal/du0;)Z 34 <appendix> member <vmtarget> ; accept (Ljava/lang/Object;)V 9 5 0 java/util/ArrayList add (Ljava/lang/Object;)Z 10 20 0 java/util/ArrayList add (Ljava/lang/Object;[Ljava/lang/Object;I)V 11 7 0 java/util/ArrayList grow ()[Ljava/lang/Object; 12 7 0 java/util/ArrayList grow (I)[Ljava/lang/Object; 13 27 0 jdk/internal/util/ArraysSupport newLength (III)I 13 37 0 java/util/Arrays copyOf ([Ljava/lang/Object;I)[Ljava/lang/Object; 6 48 0 com/android/tools/r8/internal/Z6 a (Ljava/lang/Object;Lcom/android/tools/r8/internal/LZ;)Z 7 5 0 com/android/tools/r8/internal/jK c (Ljava/lang/Object;Ljava/lang/String;)V 7 22 0 java/lang/Integer intValue ()I 6 58 0 com/android/tools/r8/internal/Z6 a (Ljava/lang/Object;Lcom/android/tools/r8/internal/LZ;Z)V 7 4 0 com/android/tools/r8/internal/jK c (Ljava/lang/Object;Ljava/lang/String;)V 7 21 0 java/lang/Integer intValue ()I 7 44 0 java/lang/Integer intValue ()I 7 60 0 java/lang/Integer valueOf (I)Ljava/lang/Integer; 8 28 0 java/lang/Integer <init> (I)V 9 1 0 java/lang/Number <init> ()V 10 1 0 java/lang/Object <init> ()V 6 78 0 com/android/tools/r8/internal/Z6 a (Ljava/lang/Object;Lcom/android/tools/r8/internal/LZ;)Z 7 5 0 com/android/tools/r8/internal/jK c (Ljava/lang/Object;Ljava/lang/String;)V 7 22 0 java/lang/Integer intValue ()I 6 88 0 com/android/tools/r8/internal/Z6 a (Ljava/lang/Object;Lcom/android/tools/r8/internal/LZ;Z)V 7 4 0 com/android/tools/r8/internal/jK c (Ljava/lang/Object;Ljava/lang/String;)V 7 21 0 java/lang/Integer intValue ()I 7 44 0 java/lang/Integer intValue ()I 7 60 0 java/lang/Integer valueOf (I)Ljava/lang/Integer; 8 28 0 java/lang/Integer <init> (I)V 9 1 0 java/lang/Number <init> ()V 10 1 0 java/lang/Object <init> ()V 6 108 0 com/android/tools/r8/internal/Z6 a (Ljava/lang/Object;Lcom/android/tools/r8/internal/LZ;)Z 7 5 0 com/android/tools/r8/internal/jK c (Ljava/lang/Object;Ljava/lang/String;)V 7 22 0 java/lang/Integer intValue ()I 6 116 0 com/android/tools/r8/internal/Z6 a (Ljava/lang/Object;Lcom/android/tools/r8/internal/LZ;Z)V 7 4 0 com/android/tools/r8/internal/jK c (Ljava/lang/Object;Ljava/lang/String;)V 7 21 0 java/lang/Integer intValue ()I 7 44 0 java/lang/Integer intValue ()I 7 60 0 java/lang/Integer valueOf (I)Ljava/lang/Integer; 8 28 0 java/lang/Integer <init> (I)V 9 1 0 java/lang/Number <init> ()V 10 1 0 java/lang/Object <init> ()V 6 134 0 java/lang/invoke/Invokers$Holder linkToTargetMethod (Ljava/lang/Object;Ljava/lang/Object;)Ljava/lang/Object; 7 5 0 java/lang/invoke/DirectMethodHandle$Holder newInvokeSpecial (Ljava/lang/Object;Ljava/lang/Object;)Ljava/lang/Object; 8 1 0 java/lang/invoke/DirectMethodHandle allocateInstance (Ljava/lang/Object;)Ljava/lang/Object; 8 6 0 java/lang/invoke/DirectMethodHandle constructorMethod (Ljava/lang/Object;)Ljava/lang/Object; 8 16 0  @bci com/android/tools/r8/kotlin/p0 b (Ljava/util/function/Consumer;Lcom/android/tools/r8/graph/y;)Z 134 <appendix> member <vmtarget> ; <init> (Lcom/android/tools/r8/internal/eR;)V 9 1 0 java/lang/Object <init> ()V 6 141 0 java/lang/invoke/Invokers$Holder linkToTargetMethod (Ljava/lang/Object;)Ljava/lang/Object; 7 4 0  @bci com/android/tools/r8/kotlin/C b (Ljava/util/function/Consumer;Lcom/android/tools/r8/graph/y;)Z 136 <appendix> form vmentry <vmtarget> ; invoke (Ljava/lang/Object;)Ljava/lang/Object; 6 146 0 com/android/tools/r8/kotlin/b0 a (Lcom/android/tools/r8/graph/y;Ljava/lang/Object;Ljava/util/function/Consumer;Lcom/android/tools/r8/internal/du0;)Z 7 8 0  @bci com/android/tools/r8/kotlin/p0 b (Ljava/util/function/Consumer;Lcom/android/tools/r8/graph/y;)Z 141 <appendix> argL0 ; a (Ljava/lang/Object;Ljava/lang/Object;Ljava/lang/Object;)Ljava/lang/Object; 8 15 0 java/lang/Boolean valueOf (Z)Ljava/lang/Boolean; 7 16 0 java/lang/Boolean booleanValue ()Z 6 157 0 java/lang/invoke/Invokers$Holder linkToTargetMethod (Ljava/lang/Object;Ljava/lang/Object;)Ljava/lang/Object; 7 5 0 java/lang/invoke/DirectMethodHandle$Holder newInvokeSpecial (Ljava/lang/Object;Ljava/lang/Object;)Ljava/lang/Object; 8 1 0 java/lang/invoke/DirectMethodHandle allocateInstance (Ljava/lang/Object;)Ljava/lang/Object; 8 6 0 java/lang/invoke/DirectMethodHandle constructorMethod (Ljava/lang/Object;)Ljava/lang/Object; 8 16 0  @bci com/android/tools/r8/kotlin/p0 b (Ljava/util/function/Consumer;Lcom/android/tools/r8/graph/y;)Z 157 <appendix> member <vmtarget> ; <init> (Lcom/android/tools/r8/internal/eR;)V 9 1 0 java/lang/Object <init> ()V 6 164 0 java/lang/invoke/Invokers$Holder linkToTargetMethod (Ljava/lang/Object;)Ljava/lang/Object; 7 4 0  @bci com/android/tools/r8/kotlin/C b (Ljava/util/function/Consumer;Lcom/android/tools/r8/graph/y;)Z 136 <appendix> form vmentry <vmtarget> ; invoke (Ljava/lang/Object;)Ljava/lang/Object; 6 169 0 com/android/tools/r8/kotlin/b0 a (Lcom/android/tools/r8/graph/y;Ljava/lang/Object;Ljava/util/function/Consumer;Lcom/android/tools/r8/internal/du0;)Z 7 8 0  @bci com/android/tools/r8/kotlin/p0 b (Ljava/util/function/Consumer;Lcom/android/tools/r8/graph/y;)Z 164 <appendix> argL0 ; a (Ljava/lang/Object;Ljava/lang/Object;Ljava/lang/Object;)Ljava/lang/Object; 7 16 0 java/lang/Boolean booleanValue ()Z 6 180 0 com/android/tools/r8/internal/eR b ()Ljava/util/List; 6 185 0 java/lang/invoke/Invokers$Holder linkToTargetMethod (Ljava/lang/Object;)Ljava/lang/Object; 7 4 0  @bci com/android/tools/r8/kotlin/C b (Ljava/util/function/Consumer;Lcom/android/tools/r8/graph/y;)Z 136 <appendix> form vmentry <vmtarget> ; invoke (Ljava/lang/Object;)Ljava/lang/Object; 6 190 0 com/android/tools/r8/kotlin/b0 a (Lcom/android/tools/r8/graph/y;Ljava/util/List;Ljava/util/List;Lcom/android/tools/r8/internal/du0;)Z 7 30 0 java/util/Objects requireNonNull (Ljava/lang/Object;)Ljava/lang/Object; 7 34 0 java/lang/invoke/Invokers$Holder linkToTargetMethod (Ljava/lang/Object;Ljava/lang/Object;)Ljava/lang/Object; 8 5 0 java/lang/invoke/DirectMethodHandle$Holder newInvokeSpecial (Ljava/lang/Object;Ljava/lang/Object;)Ljava/lang/Object; 9 1 0 java/lang/invoke/DirectMethodHandle allocateInstance (Ljava/lang/Object;)Ljava/lang/Object; 9 6 0 java/lang/invoke/DirectMethodHandle constructorMethod (Ljava/lang/Object;)Ljava/lang/Object; 9 16 0  @bci com/android/tools/r8/kotlin/b0 a (Lcom/android/tools/r8/graph/y;Ljava/util/List;Ljava/util/List;Lcom/android/tools/r8/internal/du0;)Z 34 <appendix> member <vmtarget> ; <init> (Ljava/util/List;)V 10 1 0 java/lang/Object <init> ()V 7 40 0 com/android/tools/r8/kotlin/b0 a (Lcom/android/tools/r8/graph/y;Ljava/util/List;Ljava/util/function/Consumer;Lcom/android/tools/r8/internal/du0;)Z 8 31 0  @bci com/android/tools/r8/kotlin/p0 b (Ljava/util/function/Consumer;Lcom/android/tools/r8/graph/y;)Z 185 <appendix> argL0 ; a (Ljava/lang/Object;Ljava/lang/Object;Ljava/lang/Object;)Ljava/lang/Object; 9 12 0 com/android/tools/r8/kotlin/r0 b (Ljava/util/function/Consumer;Lcom/android/tools/r8/graph/y;)Z 10 18 0  @bci com/android/tools/r8/kotlin/b0 a (Lcom/android/tools/r8/graph/y;Ljava/util/List;Ljava/util/List;Lcom/android/tools/r8/internal/du0;)Z 34 <appendix> member <vmtarget> ; accept (Ljava/lang/Object;)V 11 5 0 java/util/ArrayList add (Ljava/lang/Object;)Z 12 20 0 java/util/ArrayList add (Ljava/lang/Object;[Ljava/lang/Object;I)V 13 7 0 java/util/ArrayList grow ()[Ljava/lang/Object; 14 7 0 java/util/ArrayList grow (I)[Ljava/lang/Object; 15 27 0 jdk/internal/util/ArraysSupport newLength (III)I 15 37 0 java/util/Arrays copyOf ([Ljava/lang/Object;I)[Ljava/lang/Object; 10 31 0 java/lang/invoke/Invokers$Holder linkToTargetMethod (Ljava/lang/Object;Ljava/lang/Object;Ljava/lang/Object;)Ljava/lang/Object; 11 6 0 java/lang/invoke/DirectMethodHandle$Holder newInvokeSpecial (Ljava/lang/Object;Ljava/lang/Object;Ljava/lang/Object;)Ljava/lang/Object; 12 1 0 java/lang/invoke/DirectMethodHandle allocateInstance (Ljava/lang/Object;)Ljava/lang/Object; 12 6 0 java/lang/invoke/DirectMethodHandle constructorMethod (Ljava/lang/Object;)Ljava/lang/Object; 12 19 0  @bci com/android/tools/r8/kotlin/r0 b (Ljava/util/function/Consumer;Lcom/android/tools/r8/graph/y;)Z 31 <appendix> member <vmtarget> ; <init> (Lcom/android/tools/r8/kotlin/r0;Ljava/util/function/Consumer;)V 13 1 0 java/lang/Object <init> ()V 9 15 0 java/lang/Boolean valueOf (Z)Ljava/lang/Boolean; 8 39 0 java/lang/Boolean booleanValue ()Z 6 199 0 java/lang/invoke/Invokers$Holder linkToTargetMethod (Ljava/lang/Object;Ljava/lang/Object;)Ljava/lang/Object; 7 5 0 java/lang/invoke/DirectMethodHandle$Holder newInvokeSpecial (Ljava/lang/Object;Ljava/lang/Object;)Ljava/lang/Object; 8 1 0 java/lang/invoke/DirectMethodHandle allocateInstance (Ljava/lang/Object;)Ljava/lang/Object; 8 6 0 java/lang/invoke/DirectMethodHandle constructorMethod (Ljava/lang/Object;)Ljava/lang/Object; 8 16 0  @bci com/android/tools/r8/kotlin/p0 b (Ljava/util/function/Consumer;Lcom/android/tools/r8/graph/y;)Z 199 <appendix> member <vmtarget> ; <init> (Lcom/android/tools/r8/internal/eR;)V 9 1 0 java/lang/Object <init> ()V 6 205 0 com/android/tools/r8/kotlin/I b (Ljava/util/function/Consumer;Lcom/android/tools/r8/graph/y;)Z 7 37 0 java/lang/invoke/Invokers$Holder linkToTargetMethod (Ljava/lang/Object;Ljava/lang/Object;Ljava/lang/Object;)Ljava/lang/Object; 8 6 0 java/lang/invoke/DirectMethodHandle$Holder newInvokeSpecial (Ljava/lang/Object;Ljava/lang/Object;Ljava/lang/Object;)Ljava/lang/Object; 9 1 0 java/lang/invoke/DirectMethodHandle allocateInstance (Ljava/lang/Object;)Ljava/lang/Object; 9 6 0 java/lang/invoke/DirectMethodHandle constructorMethod (Ljava/lang/Object;)Ljava/lang/Object; 9 19 0  @bci com/android/tools/r8/kotlin/I b (Ljava/util/function/Consumer;Lcom/android/tools/r8/graph/y;)Z 37 <appendix> member <vmtarget> ; <init> (Lcom/android/tools/r8/kotlin/I;Ljava/util/function/Consumer;)V 10 1 0 java/lang/Object <init> ()V 6 213 0 java/util/AbstractCollection isEmpty ()Z 7 1 0 com/android/tools/r8/internal/Mn0 size ()I 7 1 0 com/android/tools/r8/internal/Rf0 size ()I 6 238 0 com/android/tools/r8/internal/gM a (Lcom/android/tools/r8/internal/eR;)Ljava/util/List; 7 4 0 com/android/tools/r8/internal/jK c (Ljava/lang/Object;Ljava/lang/String;)V 7 14 0 com/android/tools/r8/internal/jK c (Ljava/lang/Object;Ljava/lang/String;)V 7 21 0 com/android/tools/r8/internal/Fv a (Ljava/util/Collection;Lcom/android/tools/r8/internal/TQ;)Lcom/android/tools/r8/internal/SQ; 8 3 0 java/util/ArrayList iterator ()Ljava/util/Iterator; 9 5 0 java/util/ArrayList$Itr <init> (Ljava/util/ArrayList;)V 10 6 0 java/lang/Object <init> ()V 8 10 0 java/util/ArrayList$Itr hasNext ()Z 8 19 0 java/util/ArrayList$Itr next ()Ljava/lang/Object; 9 1 0 java/util/ArrayList$Itr checkForComodification ()V 8 35 0 com/android/tools/r8/internal/jK a (Ljava/lang/Object;Ljava/lang/Object;)Z 9 14 0 com/android/tools/r8/internal/TQ equals (Ljava/lang/Object;)Z 10 18 0 com/android/tools/r8/internal/jK a (Ljava/lang/Object;Ljava/lang/Object;)Z 11 14 0 com/android/tools/r8/internal/ee equals (Ljava/lang/Object;)Z 12 8 0 com/android/tools/r8/internal/dM a (Lcom/android/tools/r8/internal/bN;)Ljava/lang/Class; 13 4 0 com/android/tools/r8/internal/jK c (Ljava/lang/Object;Ljava/lang/String;)V 13 10 0 com/android/tools/r8/internal/ee a ()Ljava/lang/Class; 12 15 0 com/android/tools/r8/internal/dM a (Lcom/android/tools/r8/internal/bN;)Ljava/lang/Class; 13 4 0 com/android/tools/r8/internal/jK c (Ljava/lang/Object;Ljava/lang/String;)V 13 10 0 com/android/tools/r8/internal/ee a ()Ljava/lang/Class; 12 18 0 java/lang/Object equals (Ljava/lang/Object;)Z 6 243 0 java/lang/invoke/Invokers$Holder linkToTargetMethod (Ljava/lang/Object;)Ljava/lang/Object; 7 4 0  @bci com/android/tools/r8/kotlin/C b (Ljava/util/function/Consumer;Lcom/android/tools/r8/graph/y;)Z 136 <appendix> form vmentry <vmtarget> ; invoke (Ljava/lang/Object;)Ljava/lang/Object; 4 15 0 java/lang/Boolean valueOf (Z)Ljava/lang/Boolean; 3 39 0 java/lang/Boolean booleanValue ()Z 1 199 1 java/lang/invoke/Invokers$Holder linkToTargetMethod (Ljava/lang/Object;Ljava/lang/Object;)Ljava/lang/Object; 2 5 0 java/lang/invoke/DirectMethodHandle$Holder newInvokeSpecial (Ljava/lang/Object;Ljava/lang/Object;)Ljava/lang/Object; 3 1 0 java/lang/invoke/DirectMethodHandle allocateInstance (Ljava/lang/Object;)Ljava/lang/Object; 3 6 0 java/lang/invoke/DirectMethodHandle constructorMethod (Ljava/lang/Object;)Ljava/lang/Object; 3 16 0  @bci com/android/tools/r8/kotlin/p0 b (Ljava/util/function/Consumer;Lcom/android/tools/r8/graph/y;)Z 199 <appendix> member <vmtarget> ; <init> (Lcom/android/tools/r8/internal/eR;)V 4 1 0 java/lang/Object <init> ()V 1 243 1 java/lang/invoke/Invokers$Holder linkToTargetMethod (Ljava/lang/Object;)Ljava/lang/Object; 2 4 0  @bci com/android/tools/r8/kotlin/C b (Ljava/util/function/Consumer;Lcom/android/tools/r8/graph/y;)Z 136 <appendix> form vmentry <vmtarget> ; invoke (Ljava/lang/Object;)Ljava/lang/Object;
