version 2
JvmtiExport can_access_local_variables 0
JvmtiExport can_hotswap_or_post_breakpoint 0
JvmtiExport can_post_on_exceptions 0
# 367 ciObject found
instanceKlass com/android/tools/r8/graph/E0
ciInstanceKlass java/lang/Cloneable 1 0 7 100 1 100 1 1 1
instanceKlass  @bci com/android/tools/r8/dex/U a (Lcom/android/tools/r8/internal/Up;Lcom/android/tools/r8/internal/Up;)V 214 <appendix> member <vmtarget> ; # com/android/tools/r8/dex/U$$Lambda+0x000002679b374ae8
instanceKlass com/android/tools/r8/dex/T
instanceKlass  @bci com/android/tools/r8/dex/U a (Lcom/android/tools/r8/internal/Up;Lcom/android/tools/r8/internal/Up;)V 33 <appendix> member <vmtarget> ; # com/android/tools/r8/dex/U$$Lambda+0x000002679b374678
instanceKlass java/util/function/UnaryOperator
instanceKlass  @bci com/android/tools/r8/graph/J0 a (Lcom/android/tools/r8/graph/K5;Lcom/android/tools/r8/graph/z5;Lcom/android/tools/r8/graph/y;Z)Lcom/android/tools/r8/graph/f3; 215 <appendix> member <vmtarget> ; # com/android/tools/r8/graph/J0$$Lambda+0x000002679b374450
instanceKlass com/android/tools/r8/dex/U
instanceKlass  @bci com/android/tools/r8/dex/k a (Lcom/android/tools/r8/graph/z5;Ljava/util/Collection;)V 57 <appendix> member <vmtarget> ; # com/android/tools/r8/dex/k$$Lambda+0x000002679b374000
instanceKlass  @bci com/android/tools/r8/dex/k a (Lcom/android/tools/r8/graph/z5;Ljava/util/Collection;)V 51 <appendix> argL0 ; # com/android/tools/r8/dex/k$$Lambda+0x000002679b3e7c78
instanceKlass com/android/tools/r8/internal/tj
instanceKlass  @bci com/android/tools/r8/graph/z5 <init> (Lcom/android/tools/r8/graph/y;Lcom/android/tools/r8/graph/z5;Lcom/android/tools/r8/internal/yS;Ljava/util/Set;Ljava/util/Map;Ljava/util/Collection;Ljava/util/Collection;Ljava/util/Collection;Ljava/util/Collection;Ljava/util/Collection;Ljava/util/Collection;ILcom/android/tools/r8/internal/kp0;Lcom/android/tools/r8/dex/t0;Lcom/android/tools/r8/internal/at0;)V 739 <appendix> member <vmtarget> ; # com/android/tools/r8/graph/z5$$Lambda+0x000002679b3e7840
instanceKlass  @bci com/android/tools/r8/graph/z5 <init> (Lcom/android/tools/r8/graph/y;Lcom/android/tools/r8/graph/z5;Lcom/android/tools/r8/internal/yS;Ljava/util/Set;Ljava/util/Map;Ljava/util/Collection;Ljava/util/Collection;Ljava/util/Collection;Ljava/util/Collection;Ljava/util/Collection;Ljava/util/Collection;ILcom/android/tools/r8/internal/kp0;Lcom/android/tools/r8/dex/t0;Lcom/android/tools/r8/internal/at0;)V 733 <appendix> member <vmtarget> ; # com/android/tools/r8/graph/z5$$Lambda+0x000002679b3e7618
instanceKlass  @bci com/android/tools/r8/graph/z5 <init> (Lcom/android/tools/r8/graph/y;Lcom/android/tools/r8/graph/z5;Lcom/android/tools/r8/internal/yS;Ljava/util/Set;Ljava/util/Map;Ljava/util/Collection;Ljava/util/Collection;Ljava/util/Collection;Ljava/util/Collection;Ljava/util/Collection;Ljava/util/Collection;ILcom/android/tools/r8/internal/kp0;Lcom/android/tools/r8/dex/t0;Lcom/android/tools/r8/internal/at0;)V 698 <appendix> member <vmtarget> ; # com/android/tools/r8/graph/z5$$Lambda+0x000002679b3e7170
instanceKlass  @bci com/android/tools/r8/graph/z5 <init> (Lcom/android/tools/r8/graph/y;Lcom/android/tools/r8/graph/z5;Lcom/android/tools/r8/internal/yS;Ljava/util/Set;Ljava/util/Map;Ljava/util/Collection;Ljava/util/Collection;Ljava/util/Collection;Ljava/util/Collection;Ljava/util/Collection;Ljava/util/Collection;ILcom/android/tools/r8/internal/kp0;Lcom/android/tools/r8/dex/t0;Lcom/android/tools/r8/internal/at0;)V 669 <appendix> member <vmtarget> ; # com/android/tools/r8/graph/z5$$Lambda+0x000002679b3e6f38
instanceKlass  @bci com/android/tools/r8/graph/z5 <init> (Lcom/android/tools/r8/graph/y;Lcom/android/tools/r8/graph/z5;Lcom/android/tools/r8/internal/yS;Ljava/util/Set;Ljava/util/Map;Ljava/util/Collection;Ljava/util/Collection;Ljava/util/Collection;Ljava/util/Collection;Ljava/util/Collection;Ljava/util/Collection;ILcom/android/tools/r8/internal/kp0;Lcom/android/tools/r8/dex/t0;Lcom/android/tools/r8/internal/at0;)V 640 <appendix> member <vmtarget> ; # com/android/tools/r8/graph/z5$$Lambda+0x000002679b3e6d00
instanceKlass  @bci com/android/tools/r8/graph/z5 <init> (Lcom/android/tools/r8/graph/y;Lcom/android/tools/r8/graph/z5;Lcom/android/tools/r8/internal/yS;Ljava/util/Set;Ljava/util/Map;Ljava/util/Collection;Ljava/util/Collection;Ljava/util/Collection;Ljava/util/Collection;Ljava/util/Collection;Ljava/util/Collection;ILcom/android/tools/r8/internal/kp0;Lcom/android/tools/r8/dex/t0;Lcom/android/tools/r8/internal/at0;)V 611 <appendix> member <vmtarget> ; # com/android/tools/r8/graph/z5$$Lambda+0x000002679b3e6ac8
instanceKlass  @bci com/android/tools/r8/graph/z5 <init> (Lcom/android/tools/r8/graph/y;Lcom/android/tools/r8/graph/z5;Lcom/android/tools/r8/internal/yS;Ljava/util/Set;Ljava/util/Map;Ljava/util/Collection;Ljava/util/Collection;Ljava/util/Collection;Ljava/util/Collection;Ljava/util/Collection;Ljava/util/Collection;ILcom/android/tools/r8/internal/kp0;Lcom/android/tools/r8/dex/t0;Lcom/android/tools/r8/internal/at0;)V 582 <appendix> member <vmtarget> ; # com/android/tools/r8/graph/z5$$Lambda+0x000002679b3e6890
instanceKlass  @bci com/android/tools/r8/graph/E0 a (Lcom/android/tools/r8/graph/d1;Ljava/util/function/BiPredicate;Ljava/util/function/BiConsumer;)V 4 <appendix> member <vmtarget> ; # com/android/tools/r8/graph/E0$$Lambda+0x000002679b3e6658
instanceKlass  @bci com/android/tools/r8/graph/z5 a (Ljava/util/Set;Ljava/util/LinkedHashSet;Lcom/android/tools/r8/graph/H2;)V 27 <appendix> member <vmtarget> ; # com/android/tools/r8/graph/z5$$Lambda+0x000002679b3e6420
instanceKlass  @bci com/android/tools/r8/graph/z5 a (Ljava/util/Set;Ljava/util/LinkedHashSet;Lcom/android/tools/r8/graph/H2;)V 18 <appendix> member <vmtarget> ; # com/android/tools/r8/graph/z5$$Lambda+0x000002679b3e61c8
instanceKlass  @bci com/android/tools/r8/graph/z5 a (Ljava/util/Set;Ljava/util/LinkedHashSet;Lcom/android/tools/r8/internal/Df;)V 85 <appendix> member <vmtarget> ; # com/android/tools/r8/graph/z5$$Lambda+0x000002679b3e5f90
instanceKlass  @bci com/android/tools/r8/graph/z5 a (Ljava/util/Set;Ljava/util/LinkedHashSet;Lcom/android/tools/r8/internal/Df;)V 76 <appendix> member <vmtarget> ; # com/android/tools/r8/graph/z5$$Lambda+0x000002679b3e5cf0
instanceKlass  @bci com/android/tools/r8/graph/z5 a (Ljava/util/Set;Ljava/util/LinkedHashSet;Lcom/android/tools/r8/internal/kp0;)V 4 <appendix> member <vmtarget> ; # com/android/tools/r8/graph/z5$$Lambda+0x000002679b3e5ab8
instanceKlass com/android/tools/r8/internal/sp0
instanceKlass com/android/tools/r8/internal/r1
instanceKlass  @bci com/android/tools/r8/graph/z5 <init> (Lcom/android/tools/r8/graph/y;Lcom/android/tools/r8/graph/z5;Lcom/android/tools/r8/internal/yS;Ljava/util/Set;Ljava/util/Map;Ljava/util/Collection;Ljava/util/Collection;Ljava/util/Collection;Ljava/util/Collection;Ljava/util/Collection;Ljava/util/Collection;ILcom/android/tools/r8/internal/kp0;Lcom/android/tools/r8/dex/t0;Lcom/android/tools/r8/internal/at0;)V 379 <appendix> member <vmtarget> ; # com/android/tools/r8/graph/z5$$Lambda+0x000002679b3e5428
instanceKlass  @bci com/android/tools/r8/graph/z5 <init> (Lcom/android/tools/r8/graph/y;Lcom/android/tools/r8/graph/z5;Lcom/android/tools/r8/internal/yS;Ljava/util/Set;Ljava/util/Map;Ljava/util/Collection;Ljava/util/Collection;Ljava/util/Collection;Ljava/util/Collection;Ljava/util/Collection;Ljava/util/Collection;ILcom/android/tools/r8/internal/kp0;Lcom/android/tools/r8/dex/t0;Lcom/android/tools/r8/internal/at0;)V 373 <appendix> member <vmtarget> ; # com/android/tools/r8/graph/z5$$Lambda+0x000002679b3e5200
instanceKlass  @bci com/android/tools/r8/graph/z5 <init> (Lcom/android/tools/r8/graph/y;Lcom/android/tools/r8/graph/z5;Lcom/android/tools/r8/internal/yS;Ljava/util/Set;Ljava/util/Map;Ljava/util/Collection;Ljava/util/Collection;Ljava/util/Collection;Ljava/util/Collection;Ljava/util/Collection;Ljava/util/Collection;ILcom/android/tools/r8/internal/kp0;Lcom/android/tools/r8/dex/t0;Lcom/android/tools/r8/internal/at0;)V 341 <appendix> member <vmtarget> ; # com/android/tools/r8/graph/z5$$Lambda+0x000002679b3e4fc8
instanceKlass  @bci com/android/tools/r8/graph/z5 a (Lcom/android/tools/r8/internal/Bf;)Ljava/util/Comparator; 1 <appendix> member <vmtarget> ; # com/android/tools/r8/graph/z5$$Lambda+0x000002679b3e4d28
instanceKlass  @bci com/android/tools/r8/graph/z5 <init> (Lcom/android/tools/r8/graph/y;Lcom/android/tools/r8/graph/z5;Lcom/android/tools/r8/internal/yS;Ljava/util/Set;Ljava/util/Map;Ljava/util/Collection;Ljava/util/Collection;Ljava/util/Collection;Ljava/util/Collection;Ljava/util/Collection;Ljava/util/Collection;ILcom/android/tools/r8/internal/kp0;Lcom/android/tools/r8/dex/t0;Lcom/android/tools/r8/internal/at0;)V 318 <appendix> member <vmtarget> ; # com/android/tools/r8/graph/z5$$Lambda+0x000002679b3e4b00
instanceKlass com/android/tools/r8/internal/Qe0
instanceKlass com/android/tools/r8/internal/je0
# instanceKlass com/android/tools/r8/graph/z5$$Lambda+0x000002679b3e4290
instanceKlass  @bci com/android/tools/r8/graph/z5 <init> (Lcom/android/tools/r8/graph/y;Lcom/android/tools/r8/graph/z5;Lcom/android/tools/r8/internal/yS;Ljava/util/Set;Ljava/util/Map;Ljava/util/Collection;Ljava/util/Collection;Ljava/util/Collection;Ljava/util/Collection;Ljava/util/Collection;Ljava/util/Collection;ILcom/android/tools/r8/internal/kp0;Lcom/android/tools/r8/dex/t0;Lcom/android/tools/r8/internal/at0;)V 254 <appendix> member <vmtarget> ; # com/android/tools/r8/graph/z5$$Lambda+0x000002679b3e44c8
# instanceKlass com/android/tools/r8/graph/z5$$Lambda+0x000002679b3e3d60
instanceKlass  @bci com/android/tools/r8/graph/z5 <init> (Lcom/android/tools/r8/graph/y;Lcom/android/tools/r8/graph/z5;Lcom/android/tools/r8/internal/yS;Ljava/util/Set;Ljava/util/Map;Ljava/util/Collection;Ljava/util/Collection;Ljava/util/Collection;Ljava/util/Collection;Ljava/util/Collection;Ljava/util/Collection;ILcom/android/tools/r8/internal/kp0;Lcom/android/tools/r8/dex/t0;Lcom/android/tools/r8/internal/at0;)V 248 <appendix> argL0 ; # com/android/tools/r8/graph/z5$$Lambda+0x000002679b3e3ff8
instanceKlass com/android/tools/r8/graph/z5
instanceKlass  @bci com/android/tools/r8/dex/k a (Ljava/util/concurrent/ExecutorService;Ljava/util/List;Ljava/util/ArrayList;)Ljava/util/ArrayList; 3 <appendix> member <vmtarget> ; # com/android/tools/r8/dex/k$$Lambda+0x000002679b3e3448
instanceKlass  @bci com/android/tools/r8/graph/e1 l0 ()V 48 <appendix> argL0 ; # com/android/tools/r8/graph/e1$$Lambda+0x000002679b3e31b0
instanceKlass  @bci com/android/tools/r8/graph/q5 a (Lcom/android/tools/r8/graph/q5;Lcom/android/tools/r8/naming/q0;)I 12 <appendix> argL0 ; # com/android/tools/r8/graph/q5$$Lambda+0x000002679b3e2f90
instanceKlass  @bci com/android/tools/r8/graph/H2 b (Lcom/android/tools/r8/dex/X;)V 119 <appendix> member <vmtarget> ; # com/android/tools/r8/graph/H2$$Lambda+0x000002679b3e2d58
instanceKlass  @bci com/android/tools/r8/graph/n1 a (Lcom/android/tools/r8/dex/X;[Lcom/android/tools/r8/graph/n1;)V 2 <appendix> member <vmtarget> ; # com/android/tools/r8/graph/n1$$Lambda+0x000002679b3e2b20
instanceKlass  @bci com/android/tools/r8/graph/u0 a (Lcom/android/tools/r8/naming/q0;)V 49 <appendix> member <vmtarget> ; # com/android/tools/r8/graph/u0$$Lambda+0x000002679b3e2880
instanceKlass  @bci com/android/tools/r8/graph/H2 b (Lcom/android/tools/r8/dex/X;)V 98 <appendix> member <vmtarget> ; # com/android/tools/r8/graph/H2$$Lambda+0x000002679b3e2648
instanceKlass  @bci com/android/tools/r8/dex/k a (Lcom/android/tools/r8/utils/i;Ljava/util/concurrent/ExecutorService;)V 484 <appendix> member <vmtarget> ; # com/android/tools/r8/dex/k$$Lambda+0x000002679b3e2410
instanceKlass  @bci com/android/tools/r8/internal/a00 b (Lcom/android/tools/r8/internal/uw;)Lcom/android/tools/r8/internal/uw; 256 <appendix> member <vmtarget> ; # com/android/tools/r8/internal/a00$$Lambda+0x000002679b3e21c8
instanceKlass  @bci com/android/tools/r8/internal/a00 b (Lcom/android/tools/r8/internal/uw;)Lcom/android/tools/r8/internal/uw; 247 <appendix> member <vmtarget> ; # com/android/tools/r8/internal/a00$$Lambda+0x000002679b3e1f80
instanceKlass  @bci com/android/tools/r8/internal/G10 a (Lcom/android/tools/r8/graph/l1;Lcom/android/tools/r8/internal/Uz;Lcom/android/tools/r8/internal/Sz;)Lcom/android/tools/r8/internal/uw; 22 <appendix> member <vmtarget> ; # com/android/tools/r8/internal/G10$$Lambda+0x000002679b3e1d58
instanceKlass  @bci com/android/tools/r8/internal/Uz e (Lcom/android/tools/r8/internal/Uz;Lcom/android/tools/r8/graph/l1;)Lcom/android/tools/r8/internal/uw; 2 <appendix> argL0 ; # com/android/tools/r8/internal/Uz$$Lambda+0x000002679b3e1b38
instanceKlass com/android/tools/r8/internal/Sz
instanceKlass  @bci com/android/tools/r8/dex/n0 a (Lcom/android/tools/r8/graph/l1;)Z 36 <appendix> member <vmtarget> ; # com/android/tools/r8/dex/n0$$Lambda+0x000002679b3e16e0
instanceKlass  @bci com/android/tools/r8/internal/a4 a ([Ljava/lang/Object;Ljava/util/function/Predicate;[Ljava/lang/Object;)[Ljava/lang/Object; 2 <appendix> member <vmtarget> ; # com/android/tools/r8/internal/a4$$Lambda+0x000002679b3e1080
instanceKlass  @bci com/android/tools/r8/graph/W0 a (Lcom/android/tools/r8/graph/W0;)Lcom/android/tools/r8/graph/Z0; 27 <appendix> argL0 ; # com/android/tools/r8/graph/W0$$Lambda+0x000002679b3e0e30
instanceKlass  @bci com/android/tools/r8/internal/G10 a (Lcom/android/tools/r8/graph/B2;Lcom/android/tools/r8/graph/B2;Lcom/android/tools/r8/internal/PK;Lcom/android/tools/r8/internal/i50;Lcom/android/tools/r8/internal/Uz;Lcom/android/tools/r8/internal/Tz;)Lcom/android/tools/r8/internal/BX; 40 <appendix> member <vmtarget> ; # com/android/tools/r8/internal/G10$$Lambda+0x000002679b3e0220
instanceKlass  @bci com/android/tools/r8/internal/G10 a (Lcom/android/tools/r8/graph/B2;Lcom/android/tools/r8/graph/B2;Lcom/android/tools/r8/internal/PK;Lcom/android/tools/r8/internal/Uz;Lcom/android/tools/r8/internal/i50;)Lcom/android/tools/r8/internal/BX; 136 <appendix> argL0 ; # com/android/tools/r8/internal/G10$$Lambda+0x000002679b3e0000
instanceKlass com/android/tools/r8/internal/Tz
instanceKlass  @bci com/android/tools/r8/dex/t0 a (Lcom/android/tools/r8/graph/I2;Ljava/util/AbstractMap;Ljava/util/HashMap;Ljava/util/function/Consumer;Lcom/android/tools/r8/graph/u1;)Z 28 <appendix> member <vmtarget> ; # com/android/tools/r8/dex/t0$$Lambda+0x000002679b3dfb38
instanceKlass  @bci com/android/tools/r8/dex/n0 b (Lcom/android/tools/r8/graph/I2;)Z 15 <appendix> member <vmtarget> ; # com/android/tools/r8/dex/n0$$Lambda+0x000002679b3df900
instanceKlass  @bci com/android/tools/r8/dex/n0 a (Lcom/android/tools/r8/graph/I2;)Z 28 <appendix> member <vmtarget> ; # com/android/tools/r8/dex/n0$$Lambda+0x000002679b3df6a8
instanceKlass  @bci com/android/tools/r8/dex/n0 a (Lcom/android/tools/r8/graph/B2;)Z 36 <appendix> member <vmtarget> ; # com/android/tools/r8/dex/n0$$Lambda+0x000002679b3df450
instanceKlass  @bci com/android/tools/r8/graph/H2 a (Lcom/android/tools/r8/graph/y;Lcom/android/tools/r8/dex/M;Lcom/android/tools/r8/internal/yS;)V 461 <appendix> member <vmtarget> ; # com/android/tools/r8/graph/H2$$Lambda+0x000002679b3df218
instanceKlass  @bci com/android/tools/r8/graph/H2 a (Lcom/android/tools/r8/graph/y;Lcom/android/tools/r8/dex/M;Lcom/android/tools/r8/internal/yS;)V 450 <appendix> member <vmtarget> ; # com/android/tools/r8/graph/H2$$Lambda+0x000002679b3defe0
instanceKlass  @bci com/android/tools/r8/dex/n0 a (Lcom/android/tools/r8/graph/M2;)Z 53 <appendix> member <vmtarget> ; # com/android/tools/r8/dex/n0$$Lambda+0x000002679b3ded88
instanceKlass  @bci com/android/tools/r8/dex/n0 a (Lcom/android/tools/r8/graph/H2;)Z 41 <appendix> member <vmtarget> ; # com/android/tools/r8/dex/n0$$Lambda+0x000002679b3deb30
instanceKlass com/android/tools/r8/internal/iL
instanceKlass com/android/tools/r8/internal/eL
instanceKlass com/android/tools/r8/dex/r0
instanceKlass  @bci com/android/tools/r8/dex/p0 a (Lcom/android/tools/r8/internal/kp0;)Ljava/util/function/Predicate; 1 <appendix> member <vmtarget> ; # com/android/tools/r8/dex/p0$$Lambda+0x000002679b3ddbe0
instanceKlass  @bci com/android/tools/r8/dex/p0 a (Ljava/util/Map;)Ljava/util/Comparator; 1 <appendix> member <vmtarget> ; # com/android/tools/r8/dex/p0$$Lambda+0x000002679b3dd940
instanceKlass com/android/tools/r8/dex/p0
instanceKlass com/android/tools/r8/dex/q0
instanceKlass  @bci com/android/tools/r8/internal/Uz a (Lcom/android/tools/r8/internal/Uz;Lcom/android/tools/r8/graph/M2;)Lcom/android/tools/r8/graph/M2; 2 <appendix> argL0 ; # com/android/tools/r8/internal/Uz$$Lambda+0x000002679b3dd2f0
instanceKlass  @bci com/android/tools/r8/dex/t0 a (Ljava/util/Collection;Lcom/android/tools/r8/internal/Uz;Lcom/android/tools/r8/naming/b;)Ljava/util/IdentityHashMap; 19 <appendix> member <vmtarget> ; # com/android/tools/r8/dex/t0$$Lambda+0x000002679b3dd0b8
instanceKlass com/android/tools/r8/naming/b
instanceKlass  @bci com/android/tools/r8/dex/n0 a ()V 161 <appendix> member <vmtarget> ; # com/android/tools/r8/dex/n0$$Lambda+0x000002679b3dcc30
instanceKlass  @bci com/android/tools/r8/dex/n0 a ()V 141 <appendix> member <vmtarget> ; # com/android/tools/r8/dex/n0$$Lambda+0x000002679b3dc9e8
instanceKlass  @bci com/android/tools/r8/dex/n0 a ()V 121 <appendix> member <vmtarget> ; # com/android/tools/r8/dex/n0$$Lambda+0x000002679b3dc7a0
instanceKlass  @bci com/android/tools/r8/dex/n0 a ()V 101 <appendix> member <vmtarget> ; # com/android/tools/r8/dex/n0$$Lambda+0x000002679b3dc558
instanceKlass  @bci com/android/tools/r8/dex/n0 a ()V 81 <appendix> member <vmtarget> ; # com/android/tools/r8/dex/n0$$Lambda+0x000002679b3dc310
instanceKlass  @bci com/android/tools/r8/dex/n0 a ()V 58 <appendix> member <vmtarget> ; # com/android/tools/r8/dex/n0$$Lambda+0x000002679b3dc0c8
instanceKlass  @bci com/android/tools/r8/dex/n0 a ()V 38 <appendix> member <vmtarget> ; # com/android/tools/r8/dex/n0$$Lambda+0x000002679b3dbe80
instanceKlass  @bci com/android/tools/r8/dex/n0 a (Ljava/util/Set;Ljava/util/function/Function;)V 3 <appendix> member <vmtarget> ; # com/android/tools/r8/dex/n0$$Lambda+0x000002679b3dbc48
instanceKlass  @bci com/android/tools/r8/dex/n0 a ()V 18 <appendix> member <vmtarget> ; # com/android/tools/r8/dex/n0$$Lambda+0x000002679b3dba00
instanceKlass  @bci com/android/tools/r8/dex/n0 a (Lcom/android/tools/r8/graph/L2;)Z 45 <appendix> member <vmtarget> ; # com/android/tools/r8/dex/n0$$Lambda+0x000002679b3db7a8
instanceKlass com/android/tools/r8/dex/m0
instanceKlass com/android/tools/r8/internal/yS
instanceKlass com/android/tools/r8/dex/n0
instanceKlass com/android/tools/r8/dex/s0
instanceKlass com/android/tools/r8/dex/M
# instanceKlass com/android/tools/r8/dex/k$$Lambda+0x000002679b3dac80
# instanceKlass com/android/tools/r8/dex/k$$Lambda+0x000002679b3daa50
# instanceKlass com/android/tools/r8/dex/k$$Lambda+0x000002679b3da820
# instanceKlass com/android/tools/r8/dex/k$$Lambda+0x000002679b3da5f0
# instanceKlass com/android/tools/r8/dex/k$$Lambda+0x000002679b3da3c0
# instanceKlass com/android/tools/r8/dex/k$$Lambda+0x000002679b3da190
# instanceKlass com/android/tools/r8/dex/k$$Lambda+0x000002679b3d9f60
instanceKlass  @bci com/android/tools/r8/dex/k a (Lcom/android/tools/r8/graph/H2;)V 6 <appendix> argL0 ; # com/android/tools/r8/dex/k$$Lambda+0x000002679b3d9d30
# instanceKlass com/android/tools/r8/dex/k$$Lambda+0x000002679b3d9ae0
# instanceKlass com/android/tools/r8/dex/k$$Lambda+0x000002679b3d9890
# instanceKlass com/android/tools/r8/dex/k$$Lambda+0x000002679b3d9640
# instanceKlass com/android/tools/r8/dex/k$$Lambda+0x000002679b3d93f0
# instanceKlass com/android/tools/r8/dex/k$$Lambda+0x000002679b3d91a0
# instanceKlass com/android/tools/r8/dex/k$$Lambda+0x000002679b3d8f50
# instanceKlass com/android/tools/r8/dex/k$$Lambda+0x000002679b3d8d00
instanceKlass  @bci com/android/tools/r8/dex/k a (Lcom/android/tools/r8/graph/H2;)V 1 <appendix> argL0 ; # com/android/tools/r8/dex/k$$Lambda+0x000002679b3d8ab0
instanceKlass  @bci com/android/tools/r8/dex/k b (Ljava/util/concurrent/ExecutorService;)V 13 <appendix> member <vmtarget> ; # com/android/tools/r8/dex/k$$Lambda+0x000002679b3d8878
instanceKlass  @bci com/android/tools/r8/graph/U3 d (Ljava/util/List;)Ljava/util/List; 14 <appendix> member <vmtarget> ; # com/android/tools/r8/graph/U3$$Lambda+0x000002679b3d8238
instanceKlass  @bci com/android/tools/r8/graph/U3 a (Ljava/util/List;)Ljava/util/List; 3 <appendix> member <vmtarget> ; # com/android/tools/r8/graph/U3$$Lambda+0x000002679b3d8000
instanceKlass  @bci com/android/tools/r8/graph/U3 c (Ljava/util/List;)Ljava/util/List; 25 <appendix> member <vmtarget> ; # com/android/tools/r8/graph/U3$$Lambda+0x000002679b3d7bc0
instanceKlass  @bci com/android/tools/r8/dex/k b ()V 1849 <appendix> member <vmtarget> ; # com/android/tools/r8/dex/k$$Lambda+0x000002679b3d7988
instanceKlass  @bci com/android/tools/r8/dex/k b ()V 1834 <appendix> member <vmtarget> ; # com/android/tools/r8/dex/k$$Lambda+0x000002679b3d7750
instanceKlass  @bci com/android/tools/r8/graph/U3 e (Ljava/util/List;)Ljava/util/List; 3 <appendix> member <vmtarget> ; # com/android/tools/r8/graph/U3$$Lambda+0x000002679b3d7518
instanceKlass com/android/tools/r8/graph/U3
instanceKlass com/android/tools/r8/internal/Qu0
instanceKlass com/android/tools/r8/internal/Vu0
instanceKlass java/util/Currency
instanceKlass java/util/UUID
instanceKlass java/net/InetAddress
instanceKlass com/android/tools/r8/internal/Xu0
instanceKlass java/util/concurrent/atomic/AtomicIntegerArray
instanceKlass com/android/tools/r8/internal/Uu0
instanceKlass com/android/tools/r8/internal/Tu0
instanceKlass com/android/tools/r8/internal/tu0
instanceKlass com/android/tools/r8/internal/su0
instanceKlass com/android/tools/r8/internal/hv0
instanceKlass java/util/Formatter$Flags
instanceKlass java/util/Formatter$FormatSpecifier
instanceKlass java/util/Formatter$Conversion
instanceKlass java/util/Formatter$FixedString
instanceKlass java/util/Formatter$FormatString
instanceKlass  @bci java/util/regex/Pattern union (Ljava/util/regex/Pattern$CharPredicate;Ljava/util/regex/Pattern$CharPredicate;Z)Ljava/util/regex/Pattern$CharPredicate; 6 <appendix> member <vmtarget> ; # java/util/regex/Pattern$$Lambda+0x800000031
instanceKlass java/util/Formatter
instanceKlass  @bci java/util/regex/Pattern Range (II)Ljava/util/regex/Pattern$CharPredicate; 23 <appendix> member <vmtarget> ; # java/util/regex/Pattern$$Lambda+0x800000029
instanceKlass java/util/regex/Pattern$BitClass
instanceKlass com/android/tools/r8/internal/VL
instanceKlass com/android/tools/r8/internal/lT
instanceKlass  @bci com/android/tools/r8/dex/W toString ()Ljava/lang/String; 38 <appendix> member <vmtarget> ; # com/android/tools/r8/dex/W$$Lambda+0x000002679b3d1670
instanceKlass  @bci com/android/tools/r8/dex/W toString ()Ljava/lang/String; 24 <appendix> argL0 ; # com/android/tools/r8/dex/W$$Lambda+0x000002679b3d1430
instanceKlass  @bci com/android/tools/r8/dex/k a (Lcom/android/tools/r8/internal/D7;Ljava/util/ArrayList;)V 68 <appendix> member <vmtarget> ; # com/android/tools/r8/dex/k$$Lambda+0x000002679b3d0dd8
instanceKlass  @bci com/android/tools/r8/dex/k a (Lcom/android/tools/r8/internal/D7;Ljava/util/ArrayList;)V 55 <appendix> argL0 ; # com/android/tools/r8/dex/k$$Lambda+0x000002679b3d0b98
instanceKlass  @bci com/android/tools/r8/dex/k a (Lcom/android/tools/r8/internal/D7;Ljava/util/ArrayList;)V 47 <appendix> member <vmtarget> ; # com/android/tools/r8/dex/k$$Lambda+0x000002679b3d0960
instanceKlass  @bci com/android/tools/r8/internal/M70 a (Ljava/util/function/Function;)Ljava/util/function/Predicate; 1 <appendix> member <vmtarget> ; # com/android/tools/r8/internal/M70$$Lambda+0x000002679b3d0708
instanceKlass  @bci com/android/tools/r8/dex/k <init> (Lcom/android/tools/r8/graph/y;Lcom/android/tools/r8/dex/W;Lcom/android/tools/r8/DexIndexedConsumer;)V 141 <appendix> member <vmtarget> ; # com/android/tools/r8/dex/k$$Lambda+0x000002679b3d04c0
instanceKlass com/android/tools/r8/SourceFileEnvironment
instanceKlass com/android/tools/r8/internal/LJ
instanceKlass com/android/tools/r8/dex/i0
instanceKlass com/android/tools/r8/internal/z50
instanceKlass com/android/tools/r8/dex/X
instanceKlass com/android/tools/r8/dex/r
instanceKlass  @bci com/android/tools/r8/D8 d (Lcom/android/tools/r8/utils/i;Lcom/android/tools/r8/internal/QJ;Ljava/util/concurrent/ExecutorService;)V 802 <appendix> member <vmtarget> ; # com/android/tools/r8/D8$$Lambda+0x000002679b3cd450
instanceKlass com/android/tools/r8/internal/a3
instanceKlass com/android/tools/r8/internal/b3
instanceKlass com/android/tools/r8/internal/Z2
instanceKlass  @bci com/android/tools/r8/D8 a (Lcom/android/tools/r8/graph/y;Lcom/android/tools/r8/internal/at0;Ljava/util/concurrent/ExecutorService;)V 80 <appendix> member <vmtarget> ; # com/android/tools/r8/D8$$Lambda+0x000002679b3cc7e8
instanceKlass  @bci com/android/tools/r8/D8 a (Lcom/android/tools/r8/graph/y;Lcom/android/tools/r8/internal/at0;Ljava/util/concurrent/ExecutorService;)V 67 <appendix> member <vmtarget> ; # com/android/tools/r8/D8$$Lambda+0x000002679b3cc5c0
instanceKlass com/android/tools/r8/internal/JQ
instanceKlass  @bci com/android/tools/r8/kotlin/J a (Ljava/util/function/Consumer;Lcom/android/tools/r8/graph/j1;Lcom/android/tools/r8/graph/y;)Z 621 <appendix> member <vmtarget> ; # com/android/tools/r8/kotlin/J$$Lambda+0x000002679b3cc178
instanceKlass  @bci com/android/tools/r8/kotlin/n a (Lcom/android/tools/r8/graph/y;Lcom/android/tools/r8/graph/E0;)Lcom/android/tools/r8/internal/d60; 1561 <appendix> member <vmtarget> ; # com/android/tools/r8/kotlin/n$$Lambda+0x000002679b3cbf40
instanceKlass com/android/tools/r8/kotlin/E
instanceKlass  @bci com/android/tools/r8/kotlin/n a (Lcom/android/tools/r8/internal/GQ;Lcom/android/tools/r8/graph/E0;)Ljava/util/List; 43 <appendix> member <vmtarget> ; # com/android/tools/r8/kotlin/n$$Lambda+0x000002679b3cb9e8
# instanceKlass com/android/tools/r8/kotlin/C$$Lambda+0x000002679b3cb0d0
instanceKlass  @bci com/android/tools/r8/kotlin/C b (Ljava/util/function/Consumer;Lcom/android/tools/r8/graph/y;)Z 184 <appendix> argL0 ; # com/android/tools/r8/kotlin/C$$Lambda+0x000002679b3caeb0
# instanceKlass com/android/tools/r8/kotlin/C$$Lambda+0x000002679b3cac90
instanceKlass  @bci com/android/tools/r8/kotlin/C b (Ljava/util/function/Consumer;Lcom/android/tools/r8/graph/y;)Z 160 <appendix> argL0 ; # com/android/tools/r8/kotlin/C$$Lambda+0x000002679b3caa70
# instanceKlass com/android/tools/r8/kotlin/C$$Lambda+0x000002679b3ca850
instanceKlass  @bci com/android/tools/r8/kotlin/C b (Ljava/util/function/Consumer;Lcom/android/tools/r8/graph/y;)Z 136 <appendix> argL0 ; # com/android/tools/r8/kotlin/C$$Lambda+0x000002679b3ca630
# instanceKlass com/android/tools/r8/kotlin/C$$Lambda+0x000002679b3ca3f8
instanceKlass  @bci com/android/tools/r8/kotlin/C b (Ljava/util/function/Consumer;Lcom/android/tools/r8/graph/y;)Z 128 <appendix> member <vmtarget> ; # com/android/tools/r8/kotlin/C$$Lambda+0x000002679b3ca1c0
instanceKlass  @bci com/android/tools/r8/kotlin/D b (Ljava/util/function/Consumer;Lcom/android/tools/r8/graph/y;)Z 52 <appendix> argL0 ; # com/android/tools/r8/kotlin/D$$Lambda+0x000002679b3c9fa0
instanceKlass  @bci com/android/tools/r8/kotlin/D b (Ljava/util/function/Consumer;Lcom/android/tools/r8/graph/y;)Z 31 <appendix> member <vmtarget> ; # com/android/tools/r8/kotlin/D$$Lambda+0x000002679b3c9d68
instanceKlass  @bci com/android/tools/r8/kotlin/z b (Ljava/util/function/Consumer;Lcom/android/tools/r8/graph/y;)Z 36 <appendix> argL0 ; # com/android/tools/r8/kotlin/z$$Lambda+0x000002679b3c9b48
instanceKlass com/android/tools/r8/kotlin/C
instanceKlass com/android/tools/r8/kotlin/D
instanceKlass com/android/tools/r8/internal/gz0
instanceKlass com/android/tools/r8/internal/OQ
instanceKlass  @bci com/android/tools/r8/kotlin/I b (Ljava/util/function/Consumer;Lcom/android/tools/r8/graph/y;)Z 37 <appendix> member <vmtarget> ; # com/android/tools/r8/kotlin/I$$Lambda+0x000002679b3c82c8
instanceKlass com/android/tools/r8/kotlin/f0
instanceKlass  @bci com/android/tools/r8/kotlin/o0 b (Ljava/util/function/Consumer;Lcom/android/tools/r8/graph/y;)Z 173 <appendix> argL0 ; # com/android/tools/r8/kotlin/o0$$Lambda+0x000002679b3c7c80
instanceKlass  @bci com/android/tools/r8/kotlin/o0 b (Ljava/util/function/Consumer;Lcom/android/tools/r8/graph/y;)Z 152 <appendix> argL0 ; # com/android/tools/r8/kotlin/o0$$Lambda+0x000002679b3c7a60
instanceKlass  @bci com/android/tools/r8/kotlin/o0 b (Ljava/util/function/Consumer;Lcom/android/tools/r8/graph/y;)Z 130 <appendix> member <vmtarget> ; # com/android/tools/r8/kotlin/o0$$Lambda+0x000002679b3c7828
instanceKlass  @bci com/android/tools/r8/kotlin/a a (Ljava/util/function/Consumer;Lcom/android/tools/r8/graph/g1;Lcom/android/tools/r8/graph/j1;Lcom/android/tools/r8/graph/j1;Lcom/android/tools/r8/graph/j1;Lcom/android/tools/r8/graph/y;)Z 681 <appendix> member <vmtarget> ; # com/android/tools/r8/kotlin/a$$Lambda+0x000002679b3c75f0
instanceKlass  @bci com/android/tools/r8/kotlin/o0 b (Ljava/util/function/Consumer;Lcom/android/tools/r8/graph/y;)Z 116 <appendix> member <vmtarget> ; # com/android/tools/r8/kotlin/o0$$Lambda+0x000002679b3c73b8
# instanceKlass com/android/tools/r8/kotlin/e0$$Lambda+0x000002679b3c6ce8
instanceKlass  @bci com/android/tools/r8/kotlin/e0 a (Lcom/android/tools/r8/graph/y;Lcom/android/tools/r8/graph/E0;)Lcom/android/tools/r8/internal/d60; 52 <appendix> member <vmtarget> ; # com/android/tools/r8/kotlin/e0$$Lambda+0x000002679b3c6848
instanceKlass com/android/tools/r8/kotlin/e0
instanceKlass  @bci com/android/tools/r8/kotlin/N a (Lcom/android/tools/r8/graph/y;Lcom/android/tools/r8/graph/E0;Ljava/util/function/Consumer;)Z 27 <appendix> member <vmtarget> ; # com/android/tools/r8/kotlin/N$$Lambda+0x000002679b3c6340
instanceKlass com/android/tools/r8/internal/du
instanceKlass  @bci com/android/tools/r8/kotlin/g0 a (Lcom/android/tools/r8/internal/YQ;Lcom/android/tools/r8/graph/E0;Lcom/android/tools/r8/graph/y;)Z 89 <appendix> member <vmtarget> ; # com/android/tools/r8/kotlin/g0$$Lambda+0x000002679b3c5b38
instanceKlass com/android/tools/r8/internal/fu
# instanceKlass com/android/tools/r8/kotlin/g0$$Lambda+0x000002679b3c5900
instanceKlass  @bci com/android/tools/r8/kotlin/n a (Lcom/android/tools/r8/graph/y;Lcom/android/tools/r8/graph/E0;)Lcom/android/tools/r8/internal/d60; 1503 <appendix> member <vmtarget> ; # com/android/tools/r8/kotlin/n$$Lambda+0x000002679b3c56c8
# instanceKlass com/android/tools/r8/kotlin/a$$Lambda+0x000002679b3c54a8
# instanceKlass com/android/tools/r8/kotlin/a$$Lambda+0x000002679b3c5288
# instanceKlass com/android/tools/r8/kotlin/a$$Lambda+0x000002679b3c5068
# instanceKlass com/android/tools/r8/kotlin/a$$Lambda+0x000002679b3c4e48
# instanceKlass com/android/tools/r8/kotlin/a$$Lambda+0x000002679b3c4c28
instanceKlass  @bci com/android/tools/r8/kotlin/a a (Ljava/util/function/Consumer;Lcom/android/tools/r8/graph/g1;Lcom/android/tools/r8/graph/j1;Lcom/android/tools/r8/graph/j1;Lcom/android/tools/r8/graph/j1;Lcom/android/tools/r8/graph/y;)Z 738 <appendix> argL0 ; # com/android/tools/r8/kotlin/a$$Lambda+0x000002679b3c4a08
# instanceKlass com/android/tools/r8/kotlin/a$$Lambda+0x000002679b3c47d0
# instanceKlass com/android/tools/r8/kotlin/a$$Lambda+0x000002679b3c4598
instanceKlass  @bci com/android/tools/r8/kotlin/a a (Ljava/util/function/Consumer;Lcom/android/tools/r8/graph/g1;Lcom/android/tools/r8/graph/j1;Lcom/android/tools/r8/graph/j1;Lcom/android/tools/r8/graph/j1;Lcom/android/tools/r8/graph/y;)Z 709 <appendix> member <vmtarget> ; # com/android/tools/r8/kotlin/a$$Lambda+0x000002679b3c4360
# instanceKlass com/android/tools/r8/kotlin/a$$Lambda+0x000002679b3c4128
# instanceKlass com/android/tools/r8/kotlin/a$$Lambda+0x000002679b3c3ef0
instanceKlass  @bci com/android/tools/r8/kotlin/a a (Ljava/util/function/Consumer;Lcom/android/tools/r8/graph/g1;Lcom/android/tools/r8/graph/j1;Lcom/android/tools/r8/graph/j1;Lcom/android/tools/r8/graph/j1;Lcom/android/tools/r8/graph/y;)Z 733 <appendix> member <vmtarget> ; # com/android/tools/r8/kotlin/a$$Lambda+0x000002679b3c3cb8
# instanceKlass com/android/tools/r8/kotlin/K$$Lambda+0x000002679b3c3a80
# instanceKlass com/android/tools/r8/kotlin/K$$Lambda+0x000002679b3c3848
instanceKlass  @bci com/android/tools/r8/kotlin/K a (Ljava/util/function/Consumer;Lcom/android/tools/r8/graph/g1;Lcom/android/tools/r8/graph/y;)Z 83 <appendix> member <vmtarget> ; # com/android/tools/r8/kotlin/K$$Lambda+0x000002679b3c3610
# instanceKlass com/android/tools/r8/kotlin/a$$Lambda+0x000002679b3c33d8
# instanceKlass com/android/tools/r8/kotlin/a$$Lambda+0x000002679b3c31a0
# instanceKlass com/android/tools/r8/kotlin/a$$Lambda+0x000002679b3c2f68
# instanceKlass com/android/tools/r8/kotlin/a$$Lambda+0x000002679b3c2d30
instanceKlass  @bci com/android/tools/r8/kotlin/a a (Ljava/util/function/Consumer;Lcom/android/tools/r8/graph/g1;Lcom/android/tools/r8/graph/j1;Lcom/android/tools/r8/graph/j1;Lcom/android/tools/r8/graph/j1;Lcom/android/tools/r8/graph/y;)Z 654 <appendix> member <vmtarget> ; # com/android/tools/r8/kotlin/a$$Lambda+0x000002679b3c2af8
instanceKlass  @bci com/android/tools/r8/kotlin/a a (Ljava/util/function/Consumer;Lcom/android/tools/r8/graph/g1;Lcom/android/tools/r8/graph/j1;Lcom/android/tools/r8/graph/j1;Lcom/android/tools/r8/graph/j1;Lcom/android/tools/r8/graph/y;)Z 627 <appendix> member <vmtarget> ; # com/android/tools/r8/kotlin/a$$Lambda+0x000002679b3c28c0
# instanceKlass com/android/tools/r8/kotlin/a$$Lambda+0x000002679b3c26a0
# instanceKlass com/android/tools/r8/kotlin/a$$Lambda+0x000002679b3c2480
# instanceKlass com/android/tools/r8/kotlin/a$$Lambda+0x000002679b3c2260
# instanceKlass com/android/tools/r8/kotlin/a$$Lambda+0x000002679b3c2040
# instanceKlass com/android/tools/r8/kotlin/a$$Lambda+0x000002679b3c1e20
instanceKlass  @bci com/android/tools/r8/kotlin/a a (Ljava/util/function/Consumer;Lcom/android/tools/r8/graph/g1;Lcom/android/tools/r8/graph/j1;Lcom/android/tools/r8/graph/j1;Lcom/android/tools/r8/graph/j1;Lcom/android/tools/r8/graph/y;)Z 587 <appendix> argL0 ; # com/android/tools/r8/kotlin/a$$Lambda+0x000002679b3c1c00
# instanceKlass com/android/tools/r8/kotlin/a$$Lambda+0x000002679b3c19e0
# instanceKlass com/android/tools/r8/kotlin/a$$Lambda+0x000002679b3c17c0
# instanceKlass com/android/tools/r8/kotlin/a$$Lambda+0x000002679b3c15a0
# instanceKlass com/android/tools/r8/kotlin/a$$Lambda+0x000002679b3c1380
instanceKlass  @bci com/android/tools/r8/kotlin/a a (Ljava/util/function/Consumer;Lcom/android/tools/r8/graph/g1;Lcom/android/tools/r8/graph/j1;Lcom/android/tools/r8/graph/j1;Lcom/android/tools/r8/graph/j1;Lcom/android/tools/r8/graph/y;)Z 568 <appendix> argL0 ; # com/android/tools/r8/kotlin/a$$Lambda+0x000002679b3c1160
# instanceKlass com/android/tools/r8/kotlin/a$$Lambda+0x000002679b3c0f40
# instanceKlass com/android/tools/r8/kotlin/a$$Lambda+0x000002679b3c0d20
# instanceKlass com/android/tools/r8/kotlin/a$$Lambda+0x000002679b3c0b00
instanceKlass  @bci com/android/tools/r8/kotlin/a a (Ljava/util/function/Consumer;Lcom/android/tools/r8/graph/g1;Lcom/android/tools/r8/graph/j1;Lcom/android/tools/r8/graph/j1;Lcom/android/tools/r8/graph/j1;Lcom/android/tools/r8/graph/y;)Z 549 <appendix> argL0 ; # com/android/tools/r8/kotlin/a$$Lambda+0x000002679b3c08e0
# instanceKlass com/android/tools/r8/kotlin/m$$Lambda+0x000002679b3c06a8
instanceKlass  @bci com/android/tools/r8/kotlin/m a (Lcom/android/tools/r8/internal/V6;Ljava/util/Map;Lcom/android/tools/r8/graph/y;Ljava/lang/String;Lcom/android/tools/r8/kotlin/l;)V 5 <appendix> member <vmtarget> ; # com/android/tools/r8/kotlin/m$$Lambda+0x000002679b3c0470
# instanceKlass com/android/tools/r8/kotlin/a$$Lambda+0x000002679b3c0238
# instanceKlass com/android/tools/r8/kotlin/a$$Lambda+0x000002679b3c0000
# instanceKlass com/android/tools/r8/kotlin/a$$Lambda+0x000002679b3bfd00
instanceKlass  @bci com/android/tools/r8/kotlin/a a (Ljava/util/function/Consumer;Lcom/android/tools/r8/graph/g1;Lcom/android/tools/r8/graph/j1;Lcom/android/tools/r8/graph/j1;Lcom/android/tools/r8/graph/j1;Lcom/android/tools/r8/graph/y;)Z 544 <appendix> member <vmtarget> ; # com/android/tools/r8/kotlin/a$$Lambda+0x000002679b3bfac8
# instanceKlass com/android/tools/r8/kotlin/a$$Lambda+0x000002679b3bf8a8
# instanceKlass com/android/tools/r8/kotlin/m$$Lambda+0x000002679b3bf670
# instanceKlass com/android/tools/r8/kotlin/a$$Lambda+0x000002679b3bf450
# instanceKlass com/android/tools/r8/kotlin/a$$Lambda+0x000002679b3bf230
instanceKlass  @bci com/android/tools/r8/kotlin/a a (Ljava/util/function/Consumer;Lcom/android/tools/r8/graph/g1;Lcom/android/tools/r8/graph/j1;Lcom/android/tools/r8/graph/j1;Lcom/android/tools/r8/graph/j1;Lcom/android/tools/r8/graph/y;)Z 528 <appendix> argL0 ; # com/android/tools/r8/kotlin/a$$Lambda+0x000002679b3bf010
instanceKlass  @bci com/android/tools/r8/kotlin/n a (Lcom/android/tools/r8/graph/y;Lcom/android/tools/r8/graph/E0;)Lcom/android/tools/r8/internal/d60; 1621 <appendix> member <vmtarget> ; # com/android/tools/r8/kotlin/n$$Lambda+0x000002679b3bedd8
instanceKlass  @bci com/android/tools/r8/kotlin/m a (Lcom/android/tools/r8/internal/V6;Lcom/android/tools/r8/graph/y;Ljava/util/function/Consumer;Ljava/lang/String;)V 33 <appendix> member <vmtarget> ; # com/android/tools/r8/kotlin/m$$Lambda+0x000002679b3beba0
# instanceKlass com/android/tools/r8/kotlin/a$$Lambda+0x000002679b3be968
# instanceKlass com/android/tools/r8/kotlin/a$$Lambda+0x000002679b3be730
instanceKlass  @bci com/android/tools/r8/kotlin/a a (Ljava/util/function/Consumer;Lcom/android/tools/r8/graph/g1;Lcom/android/tools/r8/graph/j1;Lcom/android/tools/r8/graph/j1;Lcom/android/tools/r8/graph/j1;Lcom/android/tools/r8/graph/y;)Z 523 <appendix> member <vmtarget> ; # com/android/tools/r8/kotlin/a$$Lambda+0x000002679b3be2c0
# instanceKlass com/android/tools/r8/kotlin/a$$Lambda+0x000002679b3be4f8
instanceKlass  @bci com/android/tools/r8/kotlin/n a (Lcom/android/tools/r8/graph/y;Lcom/android/tools/r8/graph/E0;)Lcom/android/tools/r8/internal/d60; 563 <appendix> member <vmtarget> ; # com/android/tools/r8/kotlin/n$$Lambda+0x000002679b3be088
instanceKlass com/android/tools/r8/kotlin/x
# instanceKlass com/android/tools/r8/kotlin/m$$Lambda+0x000002679b3bdb30
instanceKlass  @bci com/android/tools/r8/kotlin/m b (Ljava/util/function/Consumer;Lcom/android/tools/r8/graph/y;)Z 19 <appendix> member <vmtarget> ; # com/android/tools/r8/kotlin/m$$Lambda+0x000002679b3bd8f8
instanceKlass  @bci com/android/tools/r8/kotlin/s0 a (Ljava/util/function/Consumer;Lcom/android/tools/r8/graph/y;Ljava/lang/String;)Z 23 <appendix> member <vmtarget> ; # com/android/tools/r8/kotlin/s0$$Lambda+0x000002679b3bd6c0
instanceKlass  @bci com/android/tools/r8/kotlin/a a (Ljava/util/function/Consumer;Lcom/android/tools/r8/graph/g1;Lcom/android/tools/r8/graph/j1;Lcom/android/tools/r8/graph/j1;Lcom/android/tools/r8/graph/j1;Lcom/android/tools/r8/graph/y;)Z 508 <appendix> argL0 ; # com/android/tools/r8/kotlin/a$$Lambda+0x000002679b3bd4a0
instanceKlass  @bci com/android/tools/r8/kotlin/a a (Ljava/util/function/Consumer;Lcom/android/tools/r8/graph/g1;Lcom/android/tools/r8/graph/j1;Lcom/android/tools/r8/graph/j1;Lcom/android/tools/r8/graph/j1;Lcom/android/tools/r8/graph/y;)Z 503 <appendix> member <vmtarget> ; # com/android/tools/r8/kotlin/a$$Lambda+0x000002679b3bd268
# instanceKlass com/android/tools/r8/kotlin/p0$$Lambda+0x000002679b3bd048
instanceKlass  @bci com/android/tools/r8/kotlin/n a (Lcom/android/tools/r8/graph/y;Lcom/android/tools/r8/graph/E0;)Lcom/android/tools/r8/internal/d60; 1387 <appendix> member <vmtarget> ; # com/android/tools/r8/kotlin/n$$Lambda+0x000002679b3bce10
# instanceKlass com/android/tools/r8/kotlin/O$$Lambda+0x000002679b3bcbf0
instanceKlass  @bci com/android/tools/r8/kotlin/p0 b (Ljava/util/function/Consumer;Lcom/android/tools/r8/graph/y;)Z 243 <appendix> argL0 ; # com/android/tools/r8/kotlin/p0$$Lambda+0x000002679b3bc9d0
# instanceKlass com/android/tools/r8/kotlin/O$$Lambda+0x000002679b3bc7b0
# instanceKlass com/android/tools/r8/kotlin/q0$$Lambda+0x000002679b3bc590
instanceKlass  @bci com/android/tools/r8/kotlin/O b (Ljava/util/function/Consumer;Lcom/android/tools/r8/graph/y;)Z 6 <appendix> argL0 ; # com/android/tools/r8/kotlin/O$$Lambda+0x000002679b3bc370
# instanceKlass com/android/tools/r8/kotlin/J$$Lambda+0x000002679b3bc138
# instanceKlass com/android/tools/r8/kotlin/J$$Lambda+0x000002679b3bbf00
# instanceKlass com/android/tools/r8/kotlin/J$$Lambda+0x000002679b3bbcc8
instanceKlass  @bci com/android/tools/r8/kotlin/q0 b (Ljava/util/function/Consumer;Lcom/android/tools/r8/graph/y;)Z 132 <appendix> argL0 ; # com/android/tools/r8/kotlin/q0$$Lambda+0x000002679b3bbaa8
# instanceKlass com/android/tools/r8/kotlin/J$$Lambda+0x000002679b3bb870
instanceKlass  @bci com/android/tools/r8/kotlin/J a (Ljava/util/function/Consumer;Lcom/android/tools/r8/graph/j1;Lcom/android/tools/r8/graph/y;)Z 641 <appendix> member <vmtarget> ; # com/android/tools/r8/kotlin/J$$Lambda+0x000002679b3bb638
instanceKlass com/android/tools/r8/kotlin/H
instanceKlass  @bci com/android/tools/r8/kotlin/n a (Lcom/android/tools/r8/graph/y;Lcom/android/tools/r8/graph/E0;)Lcom/android/tools/r8/internal/d60; 1651 <appendix> member <vmtarget> ; # com/android/tools/r8/kotlin/n$$Lambda+0x000002679b3bb1f8
instanceKlass  @bci com/android/tools/r8/kotlin/q0 b (Ljava/util/function/Consumer;Lcom/android/tools/r8/graph/y;)Z 112 <appendix> argL0 ; # com/android/tools/r8/kotlin/q0$$Lambda+0x000002679b3bafd8
instanceKlass  @bci com/android/tools/r8/kotlin/n a (Lcom/android/tools/r8/graph/y;Lcom/android/tools/r8/graph/E0;)Lcom/android/tools/r8/internal/d60; 1585 <appendix> argL0 ; # com/android/tools/r8/kotlin/n$$Lambda+0x000002679b3badb8
instanceKlass com/android/tools/r8/internal/MQ
instanceKlass  @bci com/android/tools/r8/kotlin/B a (Ljava/util/function/Consumer;Ljava/util/function/Consumer;Ljava/util/function/Consumer;Lcom/android/tools/r8/graph/E0;Lcom/android/tools/r8/graph/y;Lcom/android/tools/r8/kotlin/W;)Z 263 <appendix> argL0 ; # com/android/tools/r8/kotlin/B$$Lambda+0x000002679b3ba968
instanceKlass  @bci com/android/tools/r8/kotlin/t0 b (Ljava/util/function/Consumer;Lcom/android/tools/r8/graph/y;)Z 184 <appendix> argL0 ; # com/android/tools/r8/kotlin/t0$$Lambda+0x000002679b3ba748
instanceKlass  @bci com/android/tools/r8/kotlin/n a (Lcom/android/tools/r8/graph/y;Lcom/android/tools/r8/graph/E0;)Lcom/android/tools/r8/internal/d60; 1316 <appendix> member <vmtarget> ; # com/android/tools/r8/kotlin/n$$Lambda+0x000002679b3ba510
instanceKlass  @bci com/android/tools/r8/kotlin/t0 b (Ljava/util/function/Consumer;Lcom/android/tools/r8/graph/y;)Z 177 <appendix> member <vmtarget> ; # com/android/tools/r8/kotlin/t0$$Lambda+0x000002679b3ba2d8
# instanceKlass com/android/tools/r8/kotlin/B$$Lambda+0x000002679b3ba098
instanceKlass  @bci com/android/tools/r8/kotlin/n a (Lcom/android/tools/r8/graph/y;Lcom/android/tools/r8/graph/E0;)Lcom/android/tools/r8/internal/d60; 1219 <appendix> argL0 ; # com/android/tools/r8/kotlin/n$$Lambda+0x000002679b3b9e78
instanceKlass  @bci com/android/tools/r8/kotlin/B a (Ljava/util/function/Consumer;Ljava/util/function/Consumer;Ljava/util/function/Consumer;Lcom/android/tools/r8/graph/E0;Lcom/android/tools/r8/graph/y;Lcom/android/tools/r8/kotlin/W;)Z 83 <appendix> argL0 ; # com/android/tools/r8/kotlin/B$$Lambda+0x000002679b3b9c38
# instanceKlass com/android/tools/r8/kotlin/J$$Lambda+0x000002679b3b9a00
# instanceKlass com/android/tools/r8/kotlin/J$$Lambda+0x000002679b3b97c8
# instanceKlass com/android/tools/r8/kotlin/J$$Lambda+0x000002679b3b9590
instanceKlass  @bci com/android/tools/r8/kotlin/J a (Ljava/util/function/Consumer;Lcom/android/tools/r8/graph/j1;Lcom/android/tools/r8/graph/y;)Z 595 <appendix> member <vmtarget> ; # com/android/tools/r8/kotlin/J$$Lambda+0x000002679b3b9358
instanceKlass  @bci com/android/tools/r8/kotlin/r0 b (Ljava/util/function/Consumer;Lcom/android/tools/r8/graph/y;)Z 31 <appendix> member <vmtarget> ; # com/android/tools/r8/kotlin/r0$$Lambda+0x000002679b3b9120
instanceKlass  @bci com/android/tools/r8/kotlin/B a (Ljava/util/function/Consumer;Ljava/util/function/Consumer;Ljava/util/function/Consumer;Lcom/android/tools/r8/graph/E0;Lcom/android/tools/r8/graph/y;Lcom/android/tools/r8/kotlin/W;)Z 521 <appendix> argL0 ; # com/android/tools/r8/kotlin/B$$Lambda+0x000002679b3b8f00
# instanceKlass com/android/tools/r8/kotlin/J$$Lambda+0x000002679b3b8ce0
# instanceKlass com/android/tools/r8/kotlin/J$$Lambda+0x000002679b3b8ac0
# instanceKlass com/android/tools/r8/kotlin/J$$Lambda+0x000002679b3b88a0
instanceKlass com/android/tools/r8/kotlin/A
instanceKlass  @bci com/android/tools/r8/kotlin/J a (Ljava/util/function/Consumer;Lcom/android/tools/r8/graph/j1;Lcom/android/tools/r8/graph/y;)Z 555 <appendix> argL0 ; # com/android/tools/r8/kotlin/J$$Lambda+0x000002679b3b8470
# instanceKlass com/android/tools/r8/kotlin/J$$Lambda+0x000002679b3b8238
instanceKlass  @bci com/android/tools/r8/kotlin/t0 b (Ljava/util/function/Consumer;Lcom/android/tools/r8/graph/y;)Z 161 <appendix> member <vmtarget> ; # com/android/tools/r8/kotlin/t0$$Lambda+0x000002679b3b7be0
# instanceKlass com/android/tools/r8/kotlin/J$$Lambda+0x000002679b3b8000
# instanceKlass com/android/tools/r8/kotlin/J$$Lambda+0x000002679b3b79a8
instanceKlass  @bci com/android/tools/r8/kotlin/J a (Ljava/util/function/Consumer;Lcom/android/tools/r8/graph/j1;Lcom/android/tools/r8/graph/y;)Z 550 <appendix> member <vmtarget> ; # com/android/tools/r8/kotlin/J$$Lambda+0x000002679b3b7550
instanceKlass  @bci com/android/tools/r8/kotlin/B a (Ljava/util/function/Consumer;Ljava/util/function/Consumer;Ljava/util/function/Consumer;Lcom/android/tools/r8/graph/E0;Lcom/android/tools/r8/graph/y;Lcom/android/tools/r8/kotlin/W;)Z 505 <appendix> argL0 ; # com/android/tools/r8/kotlin/B$$Lambda+0x000002679b3b7788
# instanceKlass com/android/tools/r8/kotlin/J$$Lambda+0x000002679b3b7330
# instanceKlass com/android/tools/r8/kotlin/J$$Lambda+0x000002679b3b7110
# instanceKlass com/android/tools/r8/kotlin/y$$Lambda+0x000002679b3b6ef0
instanceKlass  @bci com/android/tools/r8/kotlin/J a (Ljava/util/function/Consumer;Lcom/android/tools/r8/graph/j1;Lcom/android/tools/r8/graph/y;)Z 535 <appendix> argL0 ; # com/android/tools/r8/kotlin/J$$Lambda+0x000002679b3b6cd0
instanceKlass  @bci com/android/tools/r8/kotlin/y a (Lcom/android/tools/r8/internal/GQ;Lcom/android/tools/r8/graph/j1;Lcom/android/tools/r8/graph/y;)Z 203 <appendix> argL0 ; # com/android/tools/r8/kotlin/y$$Lambda+0x000002679b3b6ab0
# instanceKlass com/android/tools/r8/kotlin/y$$Lambda+0x000002679b3b6890
# instanceKlass com/android/tools/r8/kotlin/y$$Lambda+0x000002679b3b6670
# instanceKlass com/android/tools/r8/kotlin/n$$Lambda+0x000002679b3b6438
instanceKlass  @bci com/android/tools/r8/kotlin/n a (Lcom/android/tools/r8/graph/y;Lcom/android/tools/r8/graph/E0;)Lcom/android/tools/r8/internal/d60; 1196 <appendix> member <vmtarget> ; # com/android/tools/r8/kotlin/n$$Lambda+0x000002679b3b6200
# instanceKlass com/android/tools/r8/kotlin/M$$Lambda+0x000002679b3b5b70
instanceKlass  @bci com/android/tools/r8/kotlin/M a (Ljava/util/function/Consumer;Lcom/android/tools/r8/graph/j1;Lcom/android/tools/r8/graph/y;)Z 173 <appendix> member <vmtarget> ; # com/android/tools/r8/kotlin/M$$Lambda+0x000002679b3b5fc8
# instanceKlass com/android/tools/r8/kotlin/n$$Lambda+0x000002679b3b5938
# instanceKlass com/android/tools/r8/kotlin/M$$Lambda+0x000002679b3b5700
instanceKlass  @bci com/android/tools/r8/kotlin/n a (Lcom/android/tools/r8/graph/y;Lcom/android/tools/r8/graph/E0;)Lcom/android/tools/r8/internal/d60; 1181 <appendix> member <vmtarget> ; # com/android/tools/r8/kotlin/n$$Lambda+0x000002679b3b5290
instanceKlass  @bci com/android/tools/r8/kotlin/M a (Ljava/util/function/Consumer;Lcom/android/tools/r8/graph/j1;Lcom/android/tools/r8/graph/y;)Z 204 <appendix> member <vmtarget> ; # com/android/tools/r8/kotlin/M$$Lambda+0x000002679b3b54c8
instanceKlass  @bci com/android/tools/r8/kotlin/J a (Ljava/util/function/Consumer;Lcom/android/tools/r8/graph/j1;Lcom/android/tools/r8/graph/y;)Z 517 <appendix> argL0 ; # com/android/tools/r8/kotlin/J$$Lambda+0x000002679b3b5da8
instanceKlass  @bci com/android/tools/r8/kotlin/B a (Ljava/util/function/Consumer;Ljava/util/function/Consumer;Ljava/util/function/Consumer;Lcom/android/tools/r8/graph/E0;Lcom/android/tools/r8/graph/y;Lcom/android/tools/r8/kotlin/W;)Z 9 <appendix> argL0 ; # com/android/tools/r8/kotlin/B$$Lambda+0x000002679b3b5070
# instanceKlass com/android/tools/r8/kotlin/y$$Lambda+0x000002679b3b4e38
# instanceKlass com/android/tools/r8/kotlin/n$$Lambda+0x000002679b3b4c00
instanceKlass  @bci com/android/tools/r8/kotlin/n a (Lcom/android/tools/r8/graph/y;Lcom/android/tools/r8/graph/E0;)Lcom/android/tools/r8/internal/d60; 1166 <appendix> member <vmtarget> ; # com/android/tools/r8/kotlin/n$$Lambda+0x000002679b3b49c8
# instanceKlass com/android/tools/r8/kotlin/y$$Lambda+0x000002679b3b4790
instanceKlass  @bci com/android/tools/r8/kotlin/J a (Ljava/util/function/Consumer;Lcom/android/tools/r8/graph/j1;Lcom/android/tools/r8/graph/y;)Z 499 <appendix> argL0 ; # com/android/tools/r8/kotlin/J$$Lambda+0x000002679b3b4570
# instanceKlass com/android/tools/r8/kotlin/y$$Lambda+0x000002679b3b4338
instanceKlass  @bci com/android/tools/r8/kotlin/y a (Lcom/android/tools/r8/internal/GQ;Lcom/android/tools/r8/graph/j1;Lcom/android/tools/r8/graph/y;)Z 176 <appendix> member <vmtarget> ; # com/android/tools/r8/kotlin/y$$Lambda+0x000002679b3b4100
instanceKlass com/android/tools/r8/kotlin/o0
instanceKlass  @bci com/android/tools/r8/kotlin/p0 b (Ljava/util/function/Consumer;Lcom/android/tools/r8/graph/y;)Z 199 <appendix> member <vmtarget> ; # com/android/tools/r8/kotlin/p0$$Lambda+0x000002679b3b3ca0
instanceKlass com/android/tools/r8/internal/UQ
instanceKlass com/android/tools/r8/internal/iM
instanceKlass  @bci com/android/tools/r8/kotlin/g0 a (Lcom/android/tools/r8/internal/YQ;Lcom/android/tools/r8/graph/E0;Lcom/android/tools/r8/graph/y;)Z 58 <appendix> member <vmtarget> ; # com/android/tools/r8/kotlin/g0$$Lambda+0x000002679b3b3650
instanceKlass  @bci com/android/tools/r8/kotlin/g0 a (Lcom/android/tools/r8/internal/YQ;Lcom/android/tools/r8/graph/E0;Lcom/android/tools/r8/graph/y;)Z 40 <appendix> member <vmtarget> ; # com/android/tools/r8/kotlin/g0$$Lambda+0x000002679b3b3418
instanceKlass  @bci com/android/tools/r8/kotlin/g0 a (Lcom/android/tools/r8/internal/YQ;Lcom/android/tools/r8/graph/E0;Lcom/android/tools/r8/graph/y;)Z 25 <appendix> member <vmtarget> ; # com/android/tools/r8/kotlin/g0$$Lambda+0x000002679b3b31e0
instanceKlass  @bci com/android/tools/r8/kotlin/b0 a (Lcom/android/tools/r8/graph/y;Ljava/util/List;Ljava/util/List;Lcom/android/tools/r8/internal/du0;)Z 34 <appendix> member <vmtarget> ; # com/android/tools/r8/kotlin/b0$$Lambda+0x000002679b3b2fa8
instanceKlass  @bci com/android/tools/r8/kotlin/p0 b (Ljava/util/function/Consumer;Lcom/android/tools/r8/graph/y;)Z 185 <appendix> argL0 ; # com/android/tools/r8/kotlin/p0$$Lambda+0x000002679b3b2d88
instanceKlass  @bci com/android/tools/r8/kotlin/p0 b (Ljava/util/function/Consumer;Lcom/android/tools/r8/graph/y;)Z 164 <appendix> argL0 ; # com/android/tools/r8/kotlin/p0$$Lambda+0x000002679b3b2b68
instanceKlass  @bci com/android/tools/r8/kotlin/p0 b (Ljava/util/function/Consumer;Lcom/android/tools/r8/graph/y;)Z 157 <appendix> member <vmtarget> ; # com/android/tools/r8/kotlin/p0$$Lambda+0x000002679b3b2930
instanceKlass com/android/tools/r8/kotlin/K
instanceKlass  @bci com/android/tools/r8/kotlin/p0 b (Ljava/util/function/Consumer;Lcom/android/tools/r8/graph/y;)Z 141 <appendix> argL0 ; # com/android/tools/r8/kotlin/p0$$Lambda+0x000002679b3b24e8
instanceKlass  @bci com/android/tools/r8/kotlin/p0 b (Ljava/util/function/Consumer;Lcom/android/tools/r8/graph/y;)Z 134 <appendix> member <vmtarget> ; # com/android/tools/r8/kotlin/p0$$Lambda+0x000002679b3b22b0
# instanceKlass com/android/tools/r8/kotlin/l$$Lambda+0x000002679b3b2078
instanceKlass  @bci com/android/tools/r8/kotlin/l a (Ljava/util/Map;Lcom/android/tools/r8/graph/u1;)Ljava/util/Map; 25 <appendix> member <vmtarget> ; # com/android/tools/r8/kotlin/l$$Lambda+0x000002679b3b1c00
instanceKlass  @bci com/android/tools/r8/kotlin/r a (Lcom/android/tools/r8/internal/eR;Lcom/android/tools/r8/graph/y;)Z 6 <appendix> member <vmtarget> ; # com/android/tools/r8/kotlin/r$$Lambda+0x000002679b3b1548
instanceKlass com/android/tools/r8/kotlin/i0
instanceKlass com/android/tools/r8/internal/bM
instanceKlass  @bci com/android/tools/r8/kotlin/J a (Ljava/util/function/Consumer;Lcom/android/tools/r8/graph/j1;Lcom/android/tools/r8/graph/y;)Z 480 <appendix> member <vmtarget> ; # com/android/tools/r8/kotlin/J$$Lambda+0x000002679b3b06c8
# instanceKlass com/android/tools/r8/kotlin/n$$Lambda+0x000002679b3b0480
# instanceKlass com/android/tools/r8/kotlin/n$$Lambda+0x000002679b3b0000
# instanceKlass com/android/tools/r8/kotlin/n$$Lambda+0x000002679b3a8400
instanceKlass  @bci com/android/tools/r8/kotlin/a a (Lcom/android/tools/r8/internal/bR;Lcom/android/tools/r8/graph/u1;Lcom/android/tools/r8/internal/yg0;)Lcom/android/tools/r8/kotlin/a; 207 <appendix> member <vmtarget> ; # com/android/tools/r8/kotlin/a$$Lambda+0x000002679b3a8a48
instanceKlass  @bci com/android/tools/r8/kotlin/n a (Lcom/android/tools/r8/internal/tR$a;Ljava/lang/String;Lcom/android/tools/r8/graph/E0;Lcom/android/tools/r8/graph/y;Ljava/util/function/Consumer;Ljava/util/function/BiConsumer;)Lcom/android/tools/r8/kotlin/n; 1002 <appendix> member <vmtarget> ; # com/android/tools/r8/kotlin/n$$Lambda+0x000002679b3a8800
instanceKlass com/android/tools/r8/kotlin/l
instanceKlass  @bci com/android/tools/r8/kotlin/N a (Lcom/android/tools/r8/graph/y;Lcom/android/tools/r8/graph/E0;Ljava/util/function/Consumer;)Z 92 <appendix> member <vmtarget> ; # com/android/tools/r8/kotlin/N$$Lambda+0x000002679b3a9b38
instanceKlass com/android/tools/r8/kotlin/O
instanceKlass  @bci com/android/tools/r8/kotlin/n0 a (Lcom/android/tools/r8/graph/y;Lcom/android/tools/r8/graph/E0;)Lcom/android/tools/r8/internal/d60; 66 <appendix> member <vmtarget> ; # com/android/tools/r8/kotlin/n0$$Lambda+0x000002679b3a96d8
# instanceKlass com/android/tools/r8/graph/h1$$Lambda+0x000002679b3a9490
# instanceKlass com/android/tools/r8/graph/h1$$Lambda+0x000002679b3a9248
instanceKlass  @bci com/android/tools/r8/graph/h1 a (Ljava/util/function/Consumer;Ljava/util/function/Consumer;)V 9 <appendix> member <vmtarget> ; # com/android/tools/r8/graph/h1$$Lambda+0x000002679b3a9000
# instanceKlass com/android/tools/r8/kotlin/J$$Lambda+0x000002679b3abc38
# instanceKlass com/android/tools/r8/kotlin/J$$Lambda+0x000002679b3ab9f0
# instanceKlass com/android/tools/r8/kotlin/J$$Lambda+0x000002679b3ab7a8
instanceKlass  @bci com/android/tools/r8/kotlin/J a (Lcom/android/tools/r8/internal/VQ;Lcom/android/tools/r8/graph/u1;Lcom/android/tools/r8/internal/yg0;)Lcom/android/tools/r8/kotlin/J; 172 <appendix> member <vmtarget> ; # com/android/tools/r8/kotlin/J$$Lambda+0x000002679b3ab560
instanceKlass com/android/tools/r8/kotlin/a
# instanceKlass com/android/tools/r8/graph/h1$$Lambda+0x000002679b3aaf70
# instanceKlass com/android/tools/r8/graph/h1$$Lambda+0x000002679b3aad28
instanceKlass  @bci com/android/tools/r8/graph/h1 a (Ljava/util/function/Consumer;Ljava/util/function/Consumer;)V 3 <appendix> member <vmtarget> ; # com/android/tools/r8/graph/h1$$Lambda+0x000002679b3aaae0
instanceKlass com/android/tools/r8/kotlin/h0
# instanceKlass com/android/tools/r8/kotlin/q$$Lambda+0x000002679b3aa6a8
instanceKlass  @bci com/android/tools/r8/kotlin/q a (Lcom/android/tools/r8/graph/h1;Lcom/android/tools/r8/kotlin/P;)V 9 <appendix> member <vmtarget> ; # com/android/tools/r8/kotlin/q$$Lambda+0x000002679b3aa470
# instanceKlass com/android/tools/r8/kotlin/q$$Lambda+0x000002679b3aa238
# instanceKlass com/android/tools/r8/kotlin/q$$Lambda+0x000002679b3aa000
instanceKlass com/android/tools/r8/kotlin/z
# instanceKlass com/android/tools/r8/kotlin/q$$Lambda+0x000002679b3afb18
instanceKlass  @bci com/android/tools/r8/kotlin/q a (Lcom/android/tools/r8/graph/h1;Lcom/android/tools/r8/kotlin/P;)V 3 <appendix> member <vmtarget> ; # com/android/tools/r8/kotlin/q$$Lambda+0x000002679b3af8e0
instanceKlass com/android/tools/r8/kotlin/r0
instanceKlass com/android/tools/r8/kotlin/s0
instanceKlass com/android/tools/r8/kotlin/q0
instanceKlass com/android/tools/r8/kotlin/M
instanceKlass com/android/tools/r8/kotlin/I
instanceKlass com/android/tools/r8/kotlin/y
instanceKlass com/android/tools/r8/kotlin/m
instanceKlass com/android/tools/r8/internal/gM
instanceKlass com/android/tools/r8/kotlin/B
instanceKlass com/android/tools/r8/kotlin/w
instanceKlass com/android/tools/r8/kotlin/p0
instanceKlass com/android/tools/r8/kotlin/t0
instanceKlass com/android/tools/r8/kotlin/W
instanceKlass com/android/tools/r8/kotlin/J
instanceKlass com/android/tools/r8/internal/ZJ
instanceKlass com/android/tools/r8/kotlin/n
instanceKlass com/android/tools/r8/kotlin/g0
instanceKlass com/android/tools/r8/kotlin/G
instanceKlass com/android/tools/r8/kotlin/N
instanceKlass com/android/tools/r8/internal/qs0
instanceKlass com/android/tools/r8/internal/Yn0
instanceKlass  @bci com/android/tools/r8/internal/hz0 a (Lcom/android/tools/r8/internal/ez0;Lcom/android/tools/r8/internal/nR;)Ljava/lang/Integer; 322 <appendix> member <vmtarget> ; # com/android/tools/r8/internal/hz0$$Lambda+0x000002679b3a7288
instanceKlass  @bci com/android/tools/r8/internal/hz0 a (Lcom/android/tools/r8/internal/ez0;Lcom/android/tools/r8/internal/nR;)Ljava/lang/Integer; 315 <appendix> member <vmtarget> ; # com/android/tools/r8/internal/hz0$$Lambda+0x000002679b3a7060
instanceKlass  @cpi com/android/tools/r8/internal/hz0 651 form vmentry <vmtarget> ; # java/lang/invoke/LambdaForm$DMH+0x000002679b3a8000
instanceKlass com/android/tools/r8/internal/kw0
instanceKlass com/android/tools/r8/internal/fz
instanceKlass com/android/tools/r8/internal/ZM
instanceKlass com/android/tools/r8/internal/PQ
instanceKlass com/android/tools/r8/internal/Bu
instanceKlass com/android/tools/r8/internal/f0
instanceKlass com/android/tools/r8/internal/fR
instanceKlass com/android/tools/r8/internal/Ex
instanceKlass com/android/tools/r8/internal/c60
instanceKlass com/android/tools/r8/internal/CM
instanceKlass com/android/tools/r8/internal/dR
instanceKlass com/android/tools/r8/internal/mQ
instanceKlass com/android/tools/r8/internal/cR
instanceKlass com/android/tools/r8/internal/k5
instanceKlass com/android/tools/r8/internal/Z6
instanceKlass com/android/tools/r8/internal/Cc0
instanceKlass com/android/tools/r8/internal/Hx
instanceKlass com/android/tools/r8/internal/hz0
instanceKlass com/android/tools/r8/internal/fS
instanceKlass com/android/tools/r8/internal/I8
instanceKlass com/android/tools/r8/internal/fz0
instanceKlass com/android/tools/r8/internal/mR
instanceKlass com/android/tools/r8/internal/aN
instanceKlass com/android/tools/r8/internal/Ec0
instanceKlass com/android/tools/r8/internal/iK
instanceKlass com/android/tools/r8/internal/ay0
instanceKlass com/android/tools/r8/internal/aK
instanceKlass com/android/tools/r8/internal/Zx0
instanceKlass com/android/tools/r8/internal/MZ
instanceKlass com/android/tools/r8/internal/Lx
instanceKlass com/android/tools/r8/internal/ez0
instanceKlass com/android/tools/r8/internal/qe
instanceKlass com/android/tools/r8/internal/bR
instanceKlass com/android/tools/r8/internal/WM
instanceKlass com/android/tools/r8/internal/I70
instanceKlass com/android/tools/r8/internal/nR
instanceKlass com/android/tools/r8/internal/yf0
instanceKlass com/android/tools/r8/internal/mM
instanceKlass com/android/tools/r8/internal/Eb0
instanceKlass com/android/tools/r8/internal/sd
instanceKlass com/android/tools/r8/internal/kR
instanceKlass com/android/tools/r8/internal/nM
instanceKlass com/android/tools/r8/internal/cf
instanceKlass com/android/tools/r8/internal/eM
instanceKlass com/android/tools/r8/internal/LQ
instanceKlass com/android/tools/r8/internal/KQ
instanceKlass com/android/tools/r8/internal/Xa0
instanceKlass com/android/tools/r8/internal/jR
instanceKlass com/android/tools/r8/internal/dM
instanceKlass com/android/tools/r8/internal/Fv
instanceKlass com/android/tools/r8/internal/fM
instanceKlass com/android/tools/r8/internal/YM
instanceKlass com/android/tools/r8/internal/iR
instanceKlass com/android/tools/r8/internal/XM
instanceKlass com/android/tools/r8/internal/gR
instanceKlass com/android/tools/r8/internal/hR
instanceKlass com/android/tools/r8/internal/eR
instanceKlass com/android/tools/r8/internal/pQ
instanceKlass com/android/tools/r8/internal/Dc0
instanceKlass com/android/tools/r8/internal/rI
instanceKlass com/android/tools/r8/internal/vr0
instanceKlass com/android/tools/r8/internal/e60
instanceKlass com/android/tools/r8/internal/Ny
instanceKlass com/android/tools/r8/internal/My
instanceKlass com/android/tools/r8/internal/Ly
instanceKlass com/android/tools/r8/internal/Jy
instanceKlass com/android/tools/r8/internal/Iy
instanceKlass com/android/tools/r8/internal/Hy
instanceKlass com/android/tools/r8/internal/Gy
instanceKlass com/android/tools/r8/internal/Fy
instanceKlass com/android/tools/r8/internal/Ey
instanceKlass com/android/tools/r8/internal/Dy
instanceKlass com/android/tools/r8/internal/Cy
instanceKlass com/android/tools/r8/internal/By
instanceKlass com/android/tools/r8/internal/zy
instanceKlass com/android/tools/r8/internal/Vy
instanceKlass com/android/tools/r8/internal/Uy
instanceKlass com/android/tools/r8/internal/Ty
instanceKlass com/android/tools/r8/internal/Sy
instanceKlass com/android/tools/r8/internal/Ry
instanceKlass com/android/tools/r8/internal/jM
instanceKlass com/android/tools/r8/internal/WQ
instanceKlass com/android/tools/r8/internal/Qy
instanceKlass com/android/tools/r8/internal/Py
instanceKlass com/android/tools/r8/internal/Oy
instanceKlass com/android/tools/r8/internal/VQ
instanceKlass com/android/tools/r8/internal/Ay
instanceKlass com/android/tools/r8/internal/ee
instanceKlass com/android/tools/r8/internal/mf0
instanceKlass com/android/tools/r8/internal/Kx
instanceKlass com/android/tools/r8/internal/lf0
instanceKlass com/android/tools/r8/internal/bN
instanceKlass com/android/tools/r8/internal/Mc
instanceKlass com/android/tools/r8/internal/TQ
instanceKlass com/android/tools/r8/internal/IQ
instanceKlass com/android/tools/r8/internal/BM
instanceKlass com/android/tools/r8/internal/ZQ
instanceKlass com/android/tools/r8/internal/cM
instanceKlass com/android/tools/r8/internal/HQ
instanceKlass com/android/tools/r8/internal/SQ
instanceKlass com/android/tools/r8/internal/Fc0
instanceKlass com/android/tools/r8/internal/oM
instanceKlass java/io/Reader
instanceKlass com/android/tools/r8/internal/YQ
instanceKlass com/android/tools/r8/internal/Rv0
instanceKlass com/android/tools/r8/internal/by0
instanceKlass com/android/tools/r8/internal/fs0
instanceKlass  @bci com/android/tools/r8/internal/lX <clinit> ()V 10 <appendix> argL0 ; # com/android/tools/r8/internal/lX$$Lambda+0x000002679b389b90
instanceKlass com/android/tools/r8/internal/Dv0
instanceKlass com/android/tools/r8/internal/lX
instanceKlass com/android/tools/r8/internal/Bc0
instanceKlass com/android/tools/r8/internal/mX
instanceKlass com/android/tools/r8/internal/XQ
instanceKlass com/android/tools/r8/internal/GQ
instanceKlass com/android/tools/r8/internal/Wn0
instanceKlass com/android/tools/r8/internal/iu
instanceKlass com/android/tools/r8/internal/Oe
instanceKlass com/android/tools/r8/internal/BD
instanceKlass com/android/tools/r8/internal/DD
instanceKlass com/android/tools/r8/internal/hW
instanceKlass  @bci com/android/tools/r8/internal/gf a (Ljava/util/List;)Lcom/android/tools/r8/internal/CD; 5 <appendix> member <vmtarget> ; # com/android/tools/r8/internal/gf$$Lambda+0x000002679b386528
instanceKlass com/android/tools/r8/internal/yy
instanceKlass com/android/tools/r8/internal/CD
instanceKlass com/android/tools/r8/internal/s
instanceKlass com/android/tools/r8/internal/d4
instanceKlass com/android/tools/r8/internal/hf
instanceKlass com/android/tools/r8/internal/AM
instanceKlass com/android/tools/r8/internal/OZ
instanceKlass com/android/tools/r8/internal/jz0
instanceKlass com/android/tools/r8/internal/O6
instanceKlass com/android/tools/r8/internal/Jv
instanceKlass com/android/tools/r8/internal/sJ
instanceKlass com/android/tools/r8/internal/jz
instanceKlass com/android/tools/r8/internal/Qn0
instanceKlass com/android/tools/r8/internal/Un0
instanceKlass com/android/tools/r8/internal/Ww
instanceKlass com/android/tools/r8/internal/m8
instanceKlass com/android/tools/r8/internal/dz
instanceKlass com/android/tools/r8/internal/Sn0
instanceKlass com/android/tools/r8/internal/He
instanceKlass com/android/tools/r8/internal/iz
instanceKlass com/android/tools/r8/internal/TM
instanceKlass com/android/tools/r8/internal/NQ
instanceKlass com/android/tools/r8/internal/Kv
instanceKlass com/android/tools/r8/kotlin/n0
instanceKlass com/android/tools/r8/internal/pM
instanceKlass com/android/tools/r8/internal/UM
instanceKlass com/android/tools/r8/internal/VM
instanceKlass com/android/tools/r8/internal/qM
instanceKlass com/android/tools/r8/internal/uR
instanceKlass com/android/tools/r8/internal/O0
instanceKlass com/android/tools/r8/internal/ZW
instanceKlass com/android/tools/r8/internal/j1
instanceKlass com/android/tools/r8/internal/m60
instanceKlass  @bci com/android/tools/r8/kotlin/q b (Lcom/android/tools/r8/graph/R2;Ljava/lang/String;)[Ljava/lang/String; 41 <appendix> form vmentry <vmtarget> ; # java/lang/invoke/LambdaForm$MH+0x000002679b376c00
# instanceKlass java/lang/invoke/LambdaForm$MH+0x000002679b375000
instanceKlass  @bci com/android/tools/r8/kotlin/q b (Lcom/android/tools/r8/graph/R2;Ljava/lang/String;)[Ljava/lang/String; 41 <appendix> argL3 form vmentry <vmtarget> ; # java/lang/invoke/LambdaForm$MH+0x000002679b373800
instanceKlass com/android/tools/r8/internal/tR
# instanceKlass java/lang/invoke/LambdaForm$MH+0x000002679b371c00
# instanceKlass java/lang/invoke/LambdaForm$MH+0x000002679b370800
# instanceKlass java/lang/invoke/LambdaForm$MH+0x000002679b36ec00
instanceKlass com/android/tools/r8/kotlin/Q
# instanceKlass java/lang/invoke/LambdaForm$MH+0x000002679b36d000
instanceKlass  @bci com/android/tools/r8/kotlin/q b (Lcom/android/tools/r8/graph/R2;Ljava/lang/String;)[Ljava/lang/String; 41 <appendix> argL1 form vmentry <vmtarget> ; # java/lang/invoke/LambdaForm$MH+0x000002679b36b400
# instanceKlass java/lang/invoke/LambdaForm$MH+0x000002679b369800
instanceKlass com/android/tools/r8/internal/hX
# instanceKlass java/lang/invoke/LambdaForm$MH+0x000002679b368400
# instanceKlass java/lang/invoke/LambdaForm$MH+0x000002679b368000
# instanceKlass com/android/tools/r8/kotlin/q$$Lambda+0x000002679b3628c0
# instanceKlass com/android/tools/r8/kotlin/q$$Lambda+0x000002679b362690
# instanceKlass com/android/tools/r8/kotlin/q$$Lambda+0x000002679b362460
# instanceKlass com/android/tools/r8/kotlin/q$$Lambda+0x000002679b362000
# instanceKlass com/android/tools/r8/kotlin/q$$Lambda+0x000002679b362230
# instanceKlass com/android/tools/r8/kotlin/q$$Lambda+0x000002679b367ba8
# instanceKlass com/android/tools/r8/kotlin/q$$Lambda+0x000002679b367978
instanceKlass  @bci com/android/tools/r8/kotlin/q a (Lcom/android/tools/r8/graph/y;Lcom/android/tools/r8/graph/H2;Lcom/android/tools/r8/graph/r0;Ljava/util/function/Consumer;Ljava/util/function/BooleanSupplier;)Lcom/android/tools/r8/kotlin/o; 2 <appendix> argL0 ; # com/android/tools/r8/kotlin/q$$Lambda+0x000002679b367748
instanceKlass com/android/tools/r8/kotlin/q
# instanceKlass com/android/tools/r8/kotlin/Y$$Lambda+0x000002679b3670b8
instanceKlass  @bci com/android/tools/r8/kotlin/Y b (Lcom/android/tools/r8/internal/V6;Lcom/android/tools/r8/kotlin/X;Lcom/android/tools/r8/graph/H2;)V 72 <appendix> member <vmtarget> ; # com/android/tools/r8/kotlin/Y$$Lambda+0x000002679b366e90
instanceKlass  @bci com/android/tools/r8/kotlin/Y a (Ljava/util/Collection;Ljava/util/concurrent/ExecutorService;)V 25 <appendix> member <vmtarget> ; # com/android/tools/r8/kotlin/Y$$Lambda+0x000002679b366c58
instanceKlass com/android/tools/r8/kotlin/X
instanceKlass com/android/tools/r8/kotlin/Y
instanceKlass  @bci com/android/tools/r8/D8 a (Lcom/android/tools/r8/graph/y;Lcom/android/tools/r8/internal/at0;Ljava/util/concurrent/ExecutorService;)V 54 <appendix> member <vmtarget> ; # com/android/tools/r8/D8$$Lambda+0x000002679b3663b8
# instanceKlass com/android/tools/r8/graph/V3$$Lambda+0x000002679b366160
instanceKlass  @bci com/android/tools/r8/graph/V3 a (Ljava/util/List;Ljava/util/List;Lcom/android/tools/r8/graph/M2;)V 2 <appendix> member <vmtarget> ; # com/android/tools/r8/graph/V3$$Lambda+0x000002679b365f08
# instanceKlass com/android/tools/r8/graph/V3$$Lambda+0x000002679b365cd0
instanceKlass  @bci com/android/tools/r8/graph/V3 e (Ljava/util/List;)Ljava/util/List; 50 <appendix> member <vmtarget> ; # com/android/tools/r8/graph/V3$$Lambda+0x000002679b365a98
instanceKlass  @bci com/android/tools/r8/graph/V3 a (Lcom/android/tools/r8/graph/M2;Lcom/android/tools/r8/graph/M2;Ljava/util/List;)Ljava/util/List; 48 <appendix> member <vmtarget> ; # com/android/tools/r8/graph/V3$$Lambda+0x000002679b365850
instanceKlass com/android/tools/r8/graph/L3
# instanceKlass com/android/tools/r8/graph/V3$$Lambda+0x000002679b3653f8
instanceKlass  @bci com/android/tools/r8/graph/V3 a (Ljava/util/List;)Ljava/util/List; 13 <appendix> member <vmtarget> ; # com/android/tools/r8/graph/V3$$Lambda+0x000002679b3651b0
instanceKlass  @bci com/android/tools/r8/graph/V3 d (Ljava/util/List;)Ljava/util/List; 13 <appendix> member <vmtarget> ; # com/android/tools/r8/graph/V3$$Lambda+0x000002679b364f68
# instanceKlass com/android/tools/r8/internal/Uz$$Lambda+0x000002679b364d18
# instanceKlass com/android/tools/r8/internal/Uz$$Lambda+0x000002679b364ac8
# instanceKlass com/android/tools/r8/internal/oU$$Lambda+0x000002679b3648a0
# instanceKlass com/android/tools/r8/internal/oU$$Lambda+0x000002679b364678
# instanceKlass com/android/tools/r8/internal/oU$$Lambda+0x000002679b364450
# instanceKlass com/android/tools/r8/internal/oU$$Lambda+0x000002679b364228
instanceKlass  @bci com/android/tools/r8/internal/oU a (Ljava/util/List;Ljava/util/function/Function;Ljava/util/List;)Ljava/util/List; 2 <appendix> member <vmtarget> ; # com/android/tools/r8/internal/oU$$Lambda+0x000002679b364000
instanceKlass  @bci com/android/tools/r8/internal/Uz d (Lcom/android/tools/r8/internal/Uz;Lcom/android/tools/r8/graph/M2;)Lcom/android/tools/r8/graph/M2; 7 <appendix> argL0 ; # com/android/tools/r8/internal/Uz$$Lambda+0x000002679b35fc30
instanceKlass  @cpi com/android/tools/r8/internal/oU 115 form vmentry <vmtarget> ; # java/lang/invoke/LambdaForm$DMH+0x000002679b360000
instanceKlass  @bci com/android/tools/r8/graph/V3 e (Ljava/util/List;)Ljava/util/List; 13 <appendix> member <vmtarget> ; # com/android/tools/r8/graph/V3$$Lambda+0x000002679b35f9e8
# instanceKlass com/android/tools/r8/internal/Uz$$Lambda+0x000002679b35f7b8
# instanceKlass com/android/tools/r8/graph/V3$$Lambda+0x000002679b35f570
instanceKlass  @bci com/android/tools/r8/internal/Uz d (Lcom/android/tools/r8/internal/Uz;Lcom/android/tools/r8/graph/M2;)Lcom/android/tools/r8/graph/M2; 2 <appendix> argL0 ; # com/android/tools/r8/internal/Uz$$Lambda+0x000002679b35f340
instanceKlass com/android/tools/r8/internal/oI
# instanceKlass com/android/tools/r8/internal/Mz$$Lambda+0x000002679b35ef08
# instanceKlass com/android/tools/r8/graph/V3$$Lambda+0x000002679b35ecc0
# instanceKlass com/android/tools/r8/graph/V3$$Lambda+0x000002679b35ea78
instanceKlass  @bci com/android/tools/r8/graph/V3 c (Ljava/util/List;)Ljava/util/List; 13 <appendix> member <vmtarget> ; # com/android/tools/r8/graph/V3$$Lambda+0x000002679b35e830
# instanceKlass com/android/tools/r8/internal/Mz$$Lambda+0x000002679b35e5f8
# instanceKlass com/android/tools/r8/internal/Mz$$Lambda+0x000002679b35e3c0
instanceKlass  @bci com/android/tools/r8/internal/Mz a (Ljava/util/function/Predicate;Ljava/util/function/BiPredicate;Ljava/util/function/Predicate;Lcom/android/tools/r8/graph/H2;)V 148 <appendix> member <vmtarget> ; # com/android/tools/r8/internal/Mz$$Lambda+0x000002679b35e188
instanceKlass  @bci com/android/tools/r8/internal/Mz a (Ljava/util/function/Predicate;Ljava/util/function/BiPredicate;Ljava/util/function/Predicate;Lcom/android/tools/r8/graph/H2;)V 140 <appendix> member <vmtarget> ; # com/android/tools/r8/internal/Mz$$Lambda+0x000002679b35df50
instanceKlass com/android/tools/r8/graph/T3
instanceKlass com/android/tools/r8/graph/V3
# instanceKlass com/android/tools/r8/graph/W3$$Lambda+0x000002679b35cee0
# instanceKlass com/android/tools/r8/graph/W3$$Lambda+0x000002679b35d800
# instanceKlass com/android/tools/r8/graph/W3$$Lambda+0x000002679b35d5b8
# instanceKlass com/android/tools/r8/graph/W3$$Lambda+0x000002679b35d370
# instanceKlass com/android/tools/r8/graph/W3$$Lambda+0x000002679b35d128
# instanceKlass com/android/tools/r8/graph/W3$$Lambda+0x000002679b35cc98
# instanceKlass com/android/tools/r8/graph/W3$$Lambda+0x000002679b35ca50
instanceKlass  @bci com/android/tools/r8/graph/W3 <init> (Lcom/android/tools/r8/graph/y;Lcom/android/tools/r8/graph/H2;Ljava/util/function/Predicate;)V 45 <appendix> member <vmtarget> ; # com/android/tools/r8/graph/W3$$Lambda+0x000002679b35c808
instanceKlass com/android/tools/r8/graph/W3
instanceKlass  @bci com/android/tools/r8/internal/Mz a (Ljava/util/Collection;Ljava/util/concurrent/ExecutorService;)V 119 <appendix> member <vmtarget> ; # com/android/tools/r8/internal/Mz$$Lambda+0x000002679b35c3b0
instanceKlass  @bci com/android/tools/r8/internal/Mz a (Ljava/util/Collection;Ljava/util/concurrent/ExecutorService;)V 106 <appendix> member <vmtarget> ; # com/android/tools/r8/internal/Mz$$Lambda+0x000002679b35c158
instanceKlass  @bci com/android/tools/r8/internal/Mz a (Ljava/util/Collection;Ljava/util/concurrent/ExecutorService;)V 99 <appendix> member <vmtarget> ; # com/android/tools/r8/internal/Mz$$Lambda+0x000002679b35bf00
instanceKlass  @bci com/android/tools/r8/internal/Mz a (Ljava/util/Collection;Ljava/util/concurrent/ExecutorService;)V 93 <appendix> member <vmtarget> ; # com/android/tools/r8/internal/Mz$$Lambda+0x000002679b35bca8
instanceKlass com/android/tools/r8/internal/Mz
instanceKlass  @bci com/android/tools/r8/D8 a (Lcom/android/tools/r8/graph/y;Lcom/android/tools/r8/internal/at0;Ljava/util/concurrent/ExecutorService;)V 41 <appendix> member <vmtarget> ; # com/android/tools/r8/D8$$Lambda+0x000002679b35b870
instanceKlass com/android/tools/r8/internal/i70
instanceKlass com/android/tools/r8/internal/IA
instanceKlass  @bci com/android/tools/r8/D8 a (Lcom/android/tools/r8/graph/y;Lcom/android/tools/r8/internal/at0;Ljava/util/concurrent/ExecutorService;)V 28 <appendix> member <vmtarget> ; # com/android/tools/r8/D8$$Lambda+0x000002679b35a480
instanceKlass  @bci com/android/tools/r8/graph/R5 a (Lcom/android/tools/r8/graph/J2;)Z 16 <appendix> member <vmtarget> ; # com/android/tools/r8/graph/R5$$Lambda+0x000002679b35a238
instanceKlass  @bci com/android/tools/r8/graph/R5 a (Lcom/android/tools/r8/graph/J2;)Z 10 <appendix> member <vmtarget> ; # com/android/tools/r8/graph/R5$$Lambda+0x000002679b359ff0
instanceKlass  @bci com/android/tools/r8/graph/R5 a (Lcom/android/tools/r8/graph/J2;)Z 4 <appendix> member <vmtarget> ; # com/android/tools/r8/graph/R5$$Lambda+0x000002679b359da8
instanceKlass  @bci com/android/tools/r8/shaking/l a (Lcom/android/tools/r8/graph/R5;Lcom/android/tools/r8/internal/at0;)Lcom/android/tools/r8/shaking/l; 21 <appendix> member <vmtarget> ; # com/android/tools/r8/shaking/l$$Lambda+0x000002679b359b70
instanceKlass  @bci com/android/tools/r8/shaking/p2 a (Lcom/android/tools/r8/graph/R5;)Lcom/android/tools/r8/shaking/p2; 90 <appendix> member <vmtarget> ; # com/android/tools/r8/shaking/p2$$Lambda+0x000002679b359938
instanceKlass  @bci com/android/tools/r8/shaking/p2 a (Lcom/android/tools/r8/graph/R5;)Lcom/android/tools/r8/shaking/p2; 74 <appendix> member <vmtarget> ; # com/android/tools/r8/shaking/p2$$Lambda+0x000002679b359700
instanceKlass  @bci com/android/tools/r8/shaking/p2 a (Lcom/android/tools/r8/graph/R5;)Lcom/android/tools/r8/shaking/p2; 58 <appendix> member <vmtarget> ; # com/android/tools/r8/shaking/p2$$Lambda+0x000002679b3594c8
instanceKlass  @bci com/android/tools/r8/shaking/p2 a (Lcom/android/tools/r8/graph/R5;)Lcom/android/tools/r8/shaking/p2; 25 <appendix> member <vmtarget> ; # com/android/tools/r8/shaking/p2$$Lambda+0x000002679b359290
instanceKlass  @bci com/android/tools/r8/internal/he a (Lcom/android/tools/r8/graph/R5;)Lcom/android/tools/r8/internal/he; 14 <appendix> member <vmtarget> ; # com/android/tools/r8/internal/he$$Lambda+0x000002679b359058
instanceKlass  @bci com/android/tools/r8/shaking/p2 b (Lcom/android/tools/r8/synthesis/E;Lcom/android/tools/r8/internal/Uz;)Lcom/android/tools/r8/shaking/p2; 78 <appendix> member <vmtarget> ; # com/android/tools/r8/shaking/p2$$Lambda+0x000002679b358e20
instanceKlass  @bci com/android/tools/r8/shaking/p2 b (Lcom/android/tools/r8/synthesis/E;Lcom/android/tools/r8/internal/Uz;)Lcom/android/tools/r8/shaking/p2; 61 <appendix> member <vmtarget> ; # com/android/tools/r8/shaking/p2$$Lambda+0x000002679b358be8
instanceKlass  @bci com/android/tools/r8/shaking/p2 b (Lcom/android/tools/r8/synthesis/E;Lcom/android/tools/r8/internal/Uz;)Lcom/android/tools/r8/shaking/p2; 45 <appendix> member <vmtarget> ; # com/android/tools/r8/shaking/p2$$Lambda+0x000002679b3589b0
instanceKlass  @bci com/android/tools/r8/shaking/p2 b (Lcom/android/tools/r8/synthesis/E;Lcom/android/tools/r8/internal/Uz;)Lcom/android/tools/r8/shaking/p2; 10 <appendix> member <vmtarget> ; # com/android/tools/r8/shaking/p2$$Lambda+0x000002679b358778
instanceKlass  @bci com/android/tools/r8/shaking/p2 a (Lcom/android/tools/r8/synthesis/E;Lcom/android/tools/r8/internal/Uz;Lcom/android/tools/r8/internal/at0;)Lcom/android/tools/r8/shaking/p2; 4 <appendix> member <vmtarget> ; # com/android/tools/r8/shaking/p2$$Lambda+0x000002679b358550
instanceKlass com/android/tools/r8/synthesis/x
instanceKlass  @bci com/android/tools/r8/synthesis/z a (Lcom/android/tools/r8/graph/y;Lcom/android/tools/r8/internal/at0;)Lcom/android/tools/r8/synthesis/x; 377 <appendix> member <vmtarget> ; # com/android/tools/r8/synthesis/z$$Lambda+0x000002679b358000
instanceKlass  @bci com/android/tools/r8/synthesis/z a (Lcom/android/tools/r8/synthesis/y;Ljava/util/function/Consumer;)V 6 <appendix> member <vmtarget> ; # com/android/tools/r8/synthesis/z$$Lambda+0x000002679b354c70
instanceKlass  @bci com/android/tools/r8/internal/tm0 b (Lcom/android/tools/r8/internal/my;)Lcom/android/tools/r8/internal/dD; 14 <appendix> member <vmtarget> ; # com/android/tools/r8/internal/tm0$$Lambda+0x000002679b354a38
instanceKlass  @bci com/android/tools/r8/synthesis/z a (Lcom/android/tools/r8/graph/y;Lcom/android/tools/r8/internal/at0;)Lcom/android/tools/r8/synthesis/x; 272 <appendix> member <vmtarget> ; # com/android/tools/r8/synthesis/z$$Lambda+0x000002679b354800
instanceKlass  @bci com/android/tools/r8/synthesis/d a (Ljava/util/function/Consumer;)V 24 <appendix> member <vmtarget> ; # com/android/tools/r8/synthesis/d$$Lambda+0x000002679b355bb8
instanceKlass  @bci com/android/tools/r8/synthesis/d a (Ljava/util/function/Consumer;)V 9 <appendix> member <vmtarget> ; # com/android/tools/r8/synthesis/d$$Lambda+0x000002679b355980
instanceKlass  @bci com/android/tools/r8/synthesis/z a (Lcom/android/tools/r8/graph/y;Lcom/android/tools/r8/internal/at0;)Lcom/android/tools/r8/synthesis/x; 174 <appendix> member <vmtarget> ; # com/android/tools/r8/synthesis/z$$Lambda+0x000002679b355748
instanceKlass  @bci com/android/tools/r8/graph/p3 a (Ljava/util/function/Predicate;)Ljava/lang/Iterable; 49 <appendix> member <vmtarget> ; # com/android/tools/r8/graph/p3$$Lambda+0x000002679b3554c0
instanceKlass  @bci com/android/tools/r8/graph/p3 a (Ljava/util/function/Predicate;)Ljava/lang/Iterable; 16 <appendix> member <vmtarget> ; # com/android/tools/r8/graph/p3$$Lambda+0x000002679b355238
instanceKlass  @bci com/android/tools/r8/graph/H2 f (Ljava/util/function/Consumer;Ljava/util/function/Predicate;)V 3 <appendix> member <vmtarget> ; # com/android/tools/r8/graph/H2$$Lambda+0x000002679b355000
instanceKlass  @bci com/android/tools/r8/synthesis/z a (Lcom/android/tools/r8/internal/Yt0;Lcom/android/tools/r8/synthesis/v;Lcom/android/tools/r8/synthesis/w;)V 14 <appendix> member <vmtarget> ; # com/android/tools/r8/synthesis/z$$Lambda+0x000002679b357bb8
instanceKlass  @bci com/android/tools/r8/synthesis/z a (Lcom/android/tools/r8/internal/at0;Lcom/android/tools/r8/graph/y;Ljava/util/Map;Ljava/util/Map;Lcom/android/tools/r8/synthesis/v;Ljava/util/function/BiConsumer;Ljava/util/function/BiConsumer;Ljava/util/Set;)Lcom/android/tools/r8/graph/x0; 538 <appendix> member <vmtarget> ; # com/android/tools/r8/synthesis/z$$Lambda+0x000002679b357980
instanceKlass com/android/tools/r8/internal/M70
instanceKlass  @bci com/android/tools/r8/synthesis/z a (Lcom/android/tools/r8/internal/at0;Lcom/android/tools/r8/graph/y;Ljava/util/Map;Ljava/util/Map;Lcom/android/tools/r8/synthesis/v;Ljava/util/function/BiConsumer;Ljava/util/function/BiConsumer;Ljava/util/Set;)Lcom/android/tools/r8/graph/x0; 486 <appendix> member <vmtarget> ; # com/android/tools/r8/synthesis/z$$Lambda+0x000002679b357540
instanceKlass  @bci com/android/tools/r8/synthesis/z a (Lcom/android/tools/r8/internal/at0;Lcom/android/tools/r8/graph/y;Ljava/util/Map;Ljava/util/Map;Lcom/android/tools/r8/synthesis/v;Ljava/util/function/BiConsumer;Ljava/util/function/BiConsumer;Ljava/util/Set;)Lcom/android/tools/r8/graph/x0; 474 <appendix> member <vmtarget> ; # com/android/tools/r8/synthesis/z$$Lambda+0x000002679b357308
instanceKlass com/android/tools/r8/internal/D30
instanceKlass  @bci com/android/tools/r8/graph/s3 c ()Ljava/util/List; 1 <appendix> argL0 ; # com/android/tools/r8/graph/s3$$Lambda+0x000002679b356238
instanceKlass  @bci com/android/tools/r8/graph/S4 c (Ljava/util/function/Function;)Lcom/android/tools/r8/graph/S4; 68 <appendix> member <vmtarget> ; # com/android/tools/r8/graph/S4$$Lambda+0x000002679b356000
instanceKlass  @bci com/android/tools/r8/graph/S0 a (Lcom/android/tools/r8/internal/Jr0;)V 1 <appendix> argL0 ; # com/android/tools/r8/graph/S0$$Lambda+0x000002679b353c78
instanceKlass  @bci com/android/tools/r8/graph/S0 b (Lcom/android/tools/r8/graph/O0;Lcom/android/tools/r8/internal/xf;)I 6 <appendix> argL0 ; # com/android/tools/r8/graph/S0$$Lambda+0x000002679b353a58
instanceKlass  @bci com/android/tools/r8/graph/j1 a (Lcom/android/tools/r8/graph/B2;Lcom/android/tools/r8/graph/u1;Ljava/util/function/Consumer;)Lcom/android/tools/r8/graph/j1; 7 <appendix> member <vmtarget> ; # com/android/tools/r8/graph/j1$$Lambda+0x000002679b353820
instanceKlass  @cpi com/android/tools/r8/graph/j1 861 form vmentry <vmtarget> ; # java/lang/invoke/LambdaForm$DMH+0x000002679b354400
instanceKlass  @bci com/android/tools/r8/internal/Yt0 a (Lcom/android/tools/r8/graph/H2;Lcom/android/tools/r8/graph/E0;)Lcom/android/tools/r8/graph/Q4; 6 <appendix> member <vmtarget> ; # com/android/tools/r8/internal/Yt0$$Lambda+0x000002679b3535b8
instanceKlass  @bci com/android/tools/r8/internal/Yt0 a (Lcom/android/tools/r8/graph/H2;)Lcom/android/tools/r8/graph/H2; 522 <appendix> member <vmtarget> ; # com/android/tools/r8/internal/Yt0$$Lambda+0x000002679b353390
instanceKlass  @bci com/android/tools/r8/internal/Yt0 a (Ljava/util/Collection;)Ljava/util/ArrayList; 46 <appendix> member <vmtarget> ; # com/android/tools/r8/internal/Yt0$$Lambda+0x000002679b353148
instanceKlass  @bci com/android/tools/r8/graph/w0 a (Ljava/util/AbstractCollection;)Lcom/android/tools/r8/graph/w0; 73 <appendix> member <vmtarget> ; # com/android/tools/r8/graph/w0$$Lambda+0x000002679b352f10
instanceKlass  @bci com/android/tools/r8/synthesis/z b (Lcom/android/tools/r8/graph/y;Lcom/android/tools/r8/shaking/p2;Ljava/util/Set;Ljava/util/Set;Ljava/util/List;Lcom/android/tools/r8/graph/M2;Lcom/android/tools/r8/synthesis/w;)V 57 <appendix> member <vmtarget> ; # com/android/tools/r8/synthesis/z$$Lambda+0x000002679b352cd8
instanceKlass  @bci com/android/tools/r8/synthesis/z a (Lcom/android/tools/r8/internal/at0;Lcom/android/tools/r8/graph/y;Ljava/util/Map;Ljava/util/Map;Lcom/android/tools/r8/synthesis/v;Ljava/util/function/BiConsumer;Ljava/util/function/BiConsumer;Ljava/util/Set;)Lcom/android/tools/r8/graph/x0; 75 <appendix> member <vmtarget> ; # com/android/tools/r8/synthesis/z$$Lambda+0x000002679b352aa0
instanceKlass  @bci com/android/tools/r8/synthesis/z a (Lcom/android/tools/r8/graph/y;Lcom/android/tools/r8/shaking/p2;Ljava/util/Set;Ljava/util/Set;Ljava/util/List;Lcom/android/tools/r8/graph/M2;Lcom/android/tools/r8/synthesis/w;)V 57 <appendix> member <vmtarget> ; # com/android/tools/r8/synthesis/z$$Lambda+0x000002679b352868
instanceKlass  @bci com/android/tools/r8/synthesis/w a (Lcom/android/tools/r8/shaking/p2;)Z 29 <appendix> member <vmtarget> ; # com/android/tools/r8/synthesis/w$$Lambda+0x000002679b3525e0
instanceKlass  @bci com/android/tools/r8/synthesis/z a (Lcom/android/tools/r8/internal/at0;Lcom/android/tools/r8/graph/y;Ljava/util/Map;Ljava/util/Map;Lcom/android/tools/r8/synthesis/v;Ljava/util/function/BiConsumer;Ljava/util/function/BiConsumer;Ljava/util/Set;)Lcom/android/tools/r8/graph/x0; 57 <appendix> member <vmtarget> ; # com/android/tools/r8/synthesis/z$$Lambda+0x000002679b3523a8
instanceKlass  @cpi com/android/tools/r8/synthesis/z 721 form vmentry <vmtarget> ; # java/lang/invoke/LambdaForm$DMH+0x000002679b354000
instanceKlass  @bci com/android/tools/r8/synthesis/z a (Lcom/android/tools/r8/graph/y;Lcom/android/tools/r8/internal/at0;)Lcom/android/tools/r8/synthesis/x; 129 <appendix> member <vmtarget> ; # com/android/tools/r8/synthesis/z$$Lambda+0x000002679b352170
instanceKlass  @bci com/android/tools/r8/synthesis/z a (Lcom/android/tools/r8/graph/y;Lcom/android/tools/r8/internal/at0;)Lcom/android/tools/r8/synthesis/x; 122 <appendix> member <vmtarget> ; # com/android/tools/r8/synthesis/z$$Lambda+0x000002679b351f38
instanceKlass java/lang/foreign/MemorySegment
instanceKlass jdk/internal/foreign/MemorySessionImpl
instanceKlass java/lang/foreign/MemorySegment$Scope
instanceKlass  @bci com/android/tools/r8/internal/lp b (Lcom/android/tools/r8/internal/EA;)V 0 <appendix> argL0 ; # com/android/tools/r8/internal/lp$$Lambda+0x000002679b351d18
instanceKlass  @bci com/android/tools/r8/internal/tp b (Lcom/android/tools/r8/internal/EA;)V 0 <appendix> argL0 ; # com/android/tools/r8/internal/tp$$Lambda+0x000002679b351af8
instanceKlass  @bci com/android/tools/r8/graph/g1 a (Lcom/android/tools/r8/internal/Jr0;)V 33 <appendix> argL0 ; # com/android/tools/r8/graph/g1$$Lambda+0x000002679b3518a8
instanceKlass  @bci com/android/tools/r8/graph/g1 a (Lcom/android/tools/r8/internal/Jr0;)V 25 <appendix> argL0 ; # com/android/tools/r8/graph/g1$$Lambda+0x000002679b351658
instanceKlass  @bci com/android/tools/r8/graph/g1 a (Lcom/android/tools/r8/internal/Jr0;)V 17 <appendix> argL0 ; # com/android/tools/r8/graph/g1$$Lambda+0x000002679b351418
instanceKlass  @bci com/android/tools/r8/graph/g1 a (Lcom/android/tools/r8/internal/Jr0;)V 9 <appendix> argL0 ; # com/android/tools/r8/graph/g1$$Lambda+0x000002679b3511d8
instanceKlass  @bci com/android/tools/r8/graph/g1 a (Lcom/android/tools/r8/internal/Jr0;)V 1 <appendix> argL0 ; # com/android/tools/r8/graph/g1$$Lambda+0x000002679b350f98
instanceKlass  @bci com/android/tools/r8/graph/g1 m ()Lcom/android/tools/r8/internal/Hr0; 0 <appendix> argL0 ; # com/android/tools/r8/graph/g1$$Lambda+0x000002679b350d78
instanceKlass  @bci com/android/tools/r8/graph/Q4 a ()Ljava/util/ArrayList; 29 <appendix> argL0 ; # com/android/tools/r8/graph/Q4$$Lambda+0x000002679b350b38
instanceKlass  @bci com/android/tools/r8/graph/Q4 a ()Ljava/util/ArrayList; 18 <appendix> member <vmtarget> ; # com/android/tools/r8/graph/Q4$$Lambda+0x000002679b350900
instanceKlass  @bci com/android/tools/r8/graph/H2 a (Lcom/android/tools/r8/internal/Jr0;)V 97 <appendix> argL0 ; # com/android/tools/r8/graph/H2$$Lambda+0x000002679b3506c0
instanceKlass  @bci com/android/tools/r8/graph/q3 a ()Ljava/util/ArrayList; 26 <appendix> argL0 ; # com/android/tools/r8/graph/q3$$Lambda+0x000002679b350480
instanceKlass  @bci com/android/tools/r8/graph/q3 a (Ljava/util/function/Consumer;)V 2 <appendix> member <vmtarget> ; # com/android/tools/r8/graph/q3$$Lambda+0x000002679b350238
instanceKlass  @bci com/android/tools/r8/graph/q3 a ()Ljava/util/ArrayList; 18 <appendix> member <vmtarget> ; # com/android/tools/r8/graph/q3$$Lambda+0x000002679b350000
instanceKlass  @bci com/android/tools/r8/graph/H2 a (Lcom/android/tools/r8/internal/Jr0;)V 89 <appendix> argL0 ; # com/android/tools/r8/graph/H2$$Lambda+0x000002679b34dc90
instanceKlass  @bci com/android/tools/r8/graph/H2 a (Lcom/android/tools/r8/internal/Jr0;)V 81 <appendix> argL0 ; # com/android/tools/r8/graph/H2$$Lambda+0x000002679b34da40
instanceKlass  @bci com/android/tools/r8/graph/H2 a (Lcom/android/tools/r8/internal/Jr0;)V 73 <appendix> argL0 ; # com/android/tools/r8/graph/H2$$Lambda+0x000002679b34d800
instanceKlass  @bci com/android/tools/r8/internal/Jr0 h (Ljava/util/function/Function;)Lcom/android/tools/r8/internal/Jr0; 2 <appendix> argL0 ; # com/android/tools/r8/internal/Jr0$$Lambda+0x000002679b34fd08
instanceKlass  @bci com/android/tools/r8/graph/H2 a (Lcom/android/tools/r8/internal/Jr0;)V 65 <appendix> argL0 ; # com/android/tools/r8/graph/H2$$Lambda+0x000002679b34fac8
instanceKlass  @bci com/android/tools/r8/graph/H2 a (Lcom/android/tools/r8/internal/Jr0;)V 57 <appendix> argL0 ; # com/android/tools/r8/graph/H2$$Lambda+0x000002679b34f888
instanceKlass  @bci com/android/tools/r8/graph/H2 a (Lcom/android/tools/r8/internal/Jr0;)V 49 <appendix> argL0 ; # com/android/tools/r8/graph/H2$$Lambda+0x000002679b34f638
instanceKlass  @bci com/android/tools/r8/graph/H2 a (Lcom/android/tools/r8/internal/Jr0;)V 41 <appendix> argL0 ; # com/android/tools/r8/graph/H2$$Lambda+0x000002679b34f3f8
instanceKlass  @bci com/android/tools/r8/graph/H2 a (Lcom/android/tools/r8/internal/Jr0;)V 33 <appendix> argL0 ; # com/android/tools/r8/graph/H2$$Lambda+0x000002679b34f1b8
instanceKlass  @bci com/android/tools/r8/graph/H2 a (Lcom/android/tools/r8/internal/Jr0;)V 25 <appendix> argL0 ; # com/android/tools/r8/graph/H2$$Lambda+0x000002679b34ef78
instanceKlass  @bci com/android/tools/r8/graph/H2 a (Lcom/android/tools/r8/internal/Jr0;)V 17 <appendix> argL0 ; # com/android/tools/r8/graph/H2$$Lambda+0x000002679b34ed38
instanceKlass  @bci com/android/tools/r8/graph/H2 a (Lcom/android/tools/r8/internal/Jr0;)V 9 <appendix> argL0 ; # com/android/tools/r8/graph/H2$$Lambda+0x000002679b34eaf8
instanceKlass  @bci com/android/tools/r8/graph/H2 a (Lcom/android/tools/r8/internal/Jr0;)V 1 <appendix> argL0 ; # com/android/tools/r8/graph/H2$$Lambda+0x000002679b34e8b8
instanceKlass  @bci com/android/tools/r8/graph/H2 m ()Lcom/android/tools/r8/internal/Hr0; 0 <appendix> argL0 ; # com/android/tools/r8/graph/H2$$Lambda+0x000002679b34e698
instanceKlass  @bci com/android/tools/r8/synthesis/z a (Lcom/android/tools/r8/graph/y;Lcom/android/tools/r8/internal/at0;)Lcom/android/tools/r8/synthesis/x; 106 <appendix> member <vmtarget> ; # com/android/tools/r8/synthesis/z$$Lambda+0x000002679b34e470
instanceKlass  @bci com/android/tools/r8/synthesis/z a (Lcom/android/tools/r8/synthesis/v;Lcom/android/tools/r8/graph/M2;Lcom/android/tools/r8/synthesis/w;)V 3 <appendix> member <vmtarget> ; # com/android/tools/r8/synthesis/z$$Lambda+0x000002679b34e238
instanceKlass  @bci com/android/tools/r8/synthesis/z a (Ljava/util/Collection;Ljava/util/Map;Lcom/android/tools/r8/graph/y;Lcom/android/tools/r8/synthesis/v;Lcom/android/tools/r8/internal/at0;)Ljava/util/IdentityHashMap; 282 <appendix> member <vmtarget> ; # com/android/tools/r8/synthesis/z$$Lambda+0x000002679b34e000
instanceKlass  @bci com/android/tools/r8/synthesis/z a (Lcom/android/tools/r8/synthesis/Q$b;Ljava/lang/String;Ljava/util/Map;Lcom/android/tools/r8/graph/y;Ljava/util/function/Predicate;)Lcom/android/tools/r8/graph/M2; 71 <appendix> argL0 ; # com/android/tools/r8/synthesis/z$$Lambda+0x000002679b34bc18
instanceKlass  @bci com/android/tools/r8/synthesis/z a (Lcom/android/tools/r8/graph/y;ZLjava/util/Map;Ljava/util/Map;Ljava/lang/String;Ljava/util/List;)V 319 <appendix> member <vmtarget> ; # com/android/tools/r8/synthesis/z$$Lambda+0x000002679b34b9c0
instanceKlass  @bci com/android/tools/r8/synthesis/z a (Lcom/android/tools/r8/graph/y;ZLjava/util/Map;Ljava/util/Map;Ljava/lang/String;Ljava/util/List;)V 3 <appendix> member <vmtarget> ; # com/android/tools/r8/synthesis/z$$Lambda+0x000002679b34b720
instanceKlass  @bci com/android/tools/r8/synthesis/z a (Ljava/util/Collection;Ljava/util/Map;Lcom/android/tools/r8/graph/y;Lcom/android/tools/r8/synthesis/v;Lcom/android/tools/r8/internal/at0;)Ljava/util/IdentityHashMap; 270 <appendix> member <vmtarget> ; # com/android/tools/r8/synthesis/z$$Lambda+0x000002679b34b4e8
instanceKlass  @cpi com/android/tools/r8/synthesis/z 612 form vmentry <vmtarget> ; # java/lang/invoke/LambdaForm$DMH+0x000002679b34d400
instanceKlass  @bci com/android/tools/r8/synthesis/z a (Ljava/util/Collection;Ljava/util/Map;Lcom/android/tools/r8/graph/y;Lcom/android/tools/r8/synthesis/v;Lcom/android/tools/r8/internal/at0;)Ljava/util/IdentityHashMap; 246 <appendix> member <vmtarget> ; # com/android/tools/r8/synthesis/z$$Lambda+0x000002679b34b2b0
instanceKlass  @cpi com/android/tools/r8/kotlin/m 177 form vmentry <vmtarget> ; # java/lang/invoke/LambdaForm$DMH+0x000002679b34d000
instanceKlass  @bci com/android/tools/r8/internal/kp a (Lcom/android/tools/r8/internal/Up;Lcom/android/tools/r8/internal/xf;)I 6 <appendix> argL0 ; # com/android/tools/r8/internal/kp$$Lambda+0x000002679b34b090
instanceKlass  @bci com/android/tools/r8/internal/up a (Lcom/android/tools/r8/internal/Up;Lcom/android/tools/r8/internal/xf;)I 6 <appendix> argL0 ; # com/android/tools/r8/internal/up$$Lambda+0x000002679b34ae70
instanceKlass  @bci com/android/tools/r8/synthesis/z a (Lcom/android/tools/r8/graph/y;Ljava/util/Map;Ljava/util/Map;Ljava/util/Map;Ljava/util/List;)V 209 <appendix> argL0 ; # com/android/tools/r8/synthesis/z$$Lambda+0x000002679b34ac30
instanceKlass com/android/tools/r8/synthesis/w
instanceKlass  @bci com/android/tools/r8/synthesis/z a (Lcom/android/tools/r8/graph/y;Ljava/util/List;Ljava/util/Map;)Ljava/util/List; 556 <appendix> member <vmtarget> ; # com/android/tools/r8/synthesis/z$$Lambda+0x000002679b34a7e8
instanceKlass  @bci com/android/tools/r8/internal/gp a (Lcom/android/tools/r8/internal/Up;Lcom/android/tools/r8/internal/xf;)I 6 <appendix> argL0 ; # com/android/tools/r8/internal/gp$$Lambda+0x000002679b34a5c8
instanceKlass  @bci com/android/tools/r8/internal/Gr0 a (Lcom/android/tools/r8/internal/Gr0;Lcom/android/tools/r8/internal/zg0;Lcom/android/tools/r8/internal/zg0;)I 8 <appendix> argL0 ; # com/android/tools/r8/internal/Gr0$$Lambda+0x000002679b34a3a8
instanceKlass  @bci com/android/tools/r8/synthesis/t a (Lcom/android/tools/r8/synthesis/t;ZLcom/android/tools/r8/internal/Uz;Ljava/util/Map;Lcom/android/tools/r8/internal/he;)I 317 <appendix> member <vmtarget> ; # com/android/tools/r8/synthesis/t$$Lambda+0x000002679b34a180
instanceKlass  @bci com/android/tools/r8/synthesis/t a (Lcom/android/tools/r8/synthesis/t;ZLcom/android/tools/r8/internal/Uz;Ljava/util/Map;Lcom/android/tools/r8/internal/he;)I 307 <appendix> member <vmtarget> ; # com/android/tools/r8/synthesis/t$$Lambda+0x000002679b349f58
instanceKlass  @bci com/android/tools/r8/synthesis/z a (Lcom/android/tools/r8/graph/y;Ljava/util/List;Ljava/util/Map;)Ljava/util/List; 149 <adapter> ; # java/lang/invoke/LambdaForm$MH+0x000002679b34cc00
# instanceKlass java/lang/invoke/LambdaForm$DMH+0x000002679b34c800
instanceKlass  @bci com/android/tools/r8/synthesis/z a (Lcom/android/tools/r8/graph/y;Ljava/util/List;Ljava/util/Map;)Ljava/util/List; 149 <appendix> form vmentry <vmtarget> ; # java/lang/invoke/LambdaForm$DMH+0x000002679b34c400
instanceKlass  @bci com/android/tools/r8/synthesis/z a (Lcom/android/tools/r8/graph/y;Ljava/util/List;Ljava/util/Map;)Ljava/util/List; 149 <appendix> member <vmtarget> ; # com/android/tools/r8/synthesis/z$$Lambda+0x000002679b349cb8
instanceKlass  @cpi com/android/tools/r8/synthesis/z 1036 form vmentry <vmtarget> ; # java/lang/invoke/LambdaForm$DMH+0x000002679b34c000
instanceKlass  @bci com/android/tools/r8/synthesis/z a (Ljava/util/Collection;Ljava/util/Map;Lcom/android/tools/r8/graph/y;Lcom/android/tools/r8/synthesis/v;Lcom/android/tools/r8/internal/at0;)Ljava/util/IdentityHashMap; 76 <appendix> member <vmtarget> ; # com/android/tools/r8/synthesis/z$$Lambda+0x000002679b349a80
instanceKlass  @bci com/android/tools/r8/synthesis/a h (Lcom/android/tools/r8/graph/B2;)Z 17 <appendix> argL0 ; # com/android/tools/r8/synthesis/a$$Lambda+0x000002679b349800
instanceKlass  @bci com/android/tools/r8/internal/VK b (Ljava/lang/Iterable;Ljava/util/function/Function;)Lcom/android/tools/r8/internal/XK; 6 <appendix> member <vmtarget> ; # com/android/tools/r8/internal/VK$$Lambda+0x000002679b349598
instanceKlass  @bci com/android/tools/r8/synthesis/E e (Lcom/android/tools/r8/graph/M2;)Lcom/android/tools/r8/internal/jy; 9 <appendix> argL0 ; # com/android/tools/r8/synthesis/E$$Lambda+0x000002679b349358
instanceKlass  @bci com/android/tools/r8/synthesis/z a (Ljava/util/Collection;Ljava/util/Map;Lcom/android/tools/r8/graph/y;Lcom/android/tools/r8/synthesis/v;Lcom/android/tools/r8/internal/at0;)Ljava/util/IdentityHashMap; 64 <appendix> member <vmtarget> ; # com/android/tools/r8/synthesis/z$$Lambda+0x000002679b349120
instanceKlass  @bci com/android/tools/r8/graph/J0$b$a a (Lcom/android/tools/r8/internal/Jr0;)V 9 <appendix> argL0 ; # com/android/tools/r8/graph/J0$b$a$$Lambda+0x000002679b348f00
instanceKlass  @bci com/android/tools/r8/graph/J0$b$a a (Lcom/android/tools/r8/internal/Jr0;)V 1 <appendix> argL0 ; # com/android/tools/r8/graph/J0$b$a$$Lambda+0x000002679b348cc0
instanceKlass  @bci com/android/tools/r8/graph/J0$b$a m ()Lcom/android/tools/r8/internal/Hr0; 0 <appendix> argL0 ; # com/android/tools/r8/graph/J0$b$a$$Lambda+0x000002679b348aa0
instanceKlass  @bci com/android/tools/r8/graph/J0$a a (Lcom/android/tools/r8/internal/Jr0;)V 17 <appendix> argL0 ; # com/android/tools/r8/graph/J0$a$$Lambda+0x000002679b348880
instanceKlass  @bci com/android/tools/r8/graph/J0$a a (Lcom/android/tools/r8/internal/Jr0;)V 9 <appendix> argL0 ; # com/android/tools/r8/graph/J0$a$$Lambda+0x000002679b348660
instanceKlass  @bci com/android/tools/r8/graph/J0$a a (Lcom/android/tools/r8/internal/Jr0;)V 1 <appendix> argL0 ; # com/android/tools/r8/graph/J0$a$$Lambda+0x000002679b348440
instanceKlass  @bci com/android/tools/r8/graph/J0$a m ()Lcom/android/tools/r8/internal/Hr0; 0 <appendix> argL0 ; # com/android/tools/r8/graph/J0$a$$Lambda+0x000002679b348220
instanceKlass  @bci com/android/tools/r8/internal/hp b (Lcom/android/tools/r8/internal/EA;)V 0 <appendix> argL0 ; # com/android/tools/r8/internal/hp$$Lambda+0x000002679b348000
instanceKlass  @bci com/android/tools/r8/internal/kp a (Lcom/android/tools/r8/internal/Jr0;)V 17 <appendix> argL0 ; # com/android/tools/r8/internal/kp$$Lambda+0x000002679b340400
instanceKlass  @bci com/android/tools/r8/internal/kp a (Lcom/android/tools/r8/internal/Jr0;)V 9 <appendix> argL0 ; # com/android/tools/r8/internal/kp$$Lambda+0x000002679b340c40
instanceKlass  @bci com/android/tools/r8/internal/kp a (Lcom/android/tools/r8/internal/Jr0;)V 1 <appendix> argL0 ; # com/android/tools/r8/internal/kp$$Lambda+0x000002679b340a20
instanceKlass  @bci com/android/tools/r8/internal/kp b (Lcom/android/tools/r8/internal/EA;)V 0 <appendix> argL0 ; # com/android/tools/r8/internal/kp$$Lambda+0x000002679b340800
instanceKlass  @bci com/android/tools/r8/internal/dp b (Lcom/android/tools/r8/internal/EA;)V 21 <appendix> member <vmtarget> ; # com/android/tools/r8/internal/dp$$Lambda+0x000002679b341d08
instanceKlass  @bci com/android/tools/r8/internal/EA a (Lcom/android/tools/r8/graph/J2;)V 16 <appendix> member <vmtarget> ; # com/android/tools/r8/internal/EA$$Lambda+0x000002679b341ad0
instanceKlass  @bci com/android/tools/r8/internal/EA a (Lcom/android/tools/r8/graph/J2;)V 10 <appendix> member <vmtarget> ; # com/android/tools/r8/internal/EA$$Lambda+0x000002679b341898
instanceKlass  @bci com/android/tools/r8/internal/EA a (Lcom/android/tools/r8/graph/J2;)V 4 <appendix> member <vmtarget> ; # com/android/tools/r8/internal/EA$$Lambda+0x000002679b341660
instanceKlass  @bci com/android/tools/r8/internal/ip b (Lcom/android/tools/r8/internal/EA;)V 0 <appendix> argL0 ; # com/android/tools/r8/internal/ip$$Lambda+0x000002679b341440
instanceKlass  @bci com/android/tools/r8/internal/Zo b (Lcom/android/tools/r8/internal/EA;)V 0 <appendix> argL0 ; # com/android/tools/r8/internal/Zo$$Lambda+0x000002679b341220
instanceKlass  @bci com/android/tools/r8/internal/gp a (Lcom/android/tools/r8/internal/Jr0;)V 9 <appendix> argL0 ; # com/android/tools/r8/internal/gp$$Lambda+0x000002679b341000
instanceKlass  @bci com/android/tools/r8/internal/gp a (Lcom/android/tools/r8/internal/Jr0;)V 1 <appendix> argL0 ; # com/android/tools/r8/internal/gp$$Lambda+0x000002679b343c20
instanceKlass  @bci com/android/tools/r8/internal/gp b (Lcom/android/tools/r8/internal/EA;)V 0 <appendix> argL0 ; # com/android/tools/r8/internal/gp$$Lambda+0x000002679b343a00
instanceKlass  @bci com/android/tools/r8/internal/mp b (Lcom/android/tools/r8/internal/EA;)V 0 <appendix> argL0 ; # com/android/tools/r8/internal/mp$$Lambda+0x000002679b3437e0
instanceKlass  @bci com/android/tools/r8/internal/fp b (Lcom/android/tools/r8/internal/EA;)V 0 <appendix> argL0 ; # com/android/tools/r8/internal/fp$$Lambda+0x000002679b3435c0
instanceKlass  @bci com/android/tools/r8/internal/up a (Lcom/android/tools/r8/internal/Jr0;)V 9 <appendix> argL0 ; # com/android/tools/r8/internal/up$$Lambda+0x000002679b3433a0
instanceKlass java/util/function/ToLongFunction
instanceKlass  @bci com/android/tools/r8/internal/up a (Lcom/android/tools/r8/internal/Jr0;)V 1 <appendix> argL0 ; # com/android/tools/r8/internal/up$$Lambda+0x000002679b343180
instanceKlass  @bci com/android/tools/r8/internal/up b (Lcom/android/tools/r8/internal/EA;)V 0 <appendix> argL0 ; # com/android/tools/r8/internal/up$$Lambda+0x000002679b342f60
instanceKlass  @bci com/android/tools/r8/synthesis/z a (Lcom/android/tools/r8/graph/y;Ljava/util/IdentityHashMap;)Ljava/util/Collection; 412 <appendix> argL0 ; # com/android/tools/r8/synthesis/z$$Lambda+0x000002679b342d20
instanceKlass  @bci com/android/tools/r8/internal/sp b (Lcom/android/tools/r8/internal/EA;)V 0 <appendix> argL0 ; # com/android/tools/r8/internal/sp$$Lambda+0x000002679b342b00
instanceKlass  @bci com/android/tools/r8/internal/bp b (Lcom/android/tools/r8/internal/EA;)V 0 <appendix> argL0 ; # com/android/tools/r8/internal/bp$$Lambda+0x000002679b3428e0
instanceKlass  @bci com/android/tools/r8/internal/ep b (Lcom/android/tools/r8/internal/EA;)V 0 <appendix> argL0 ; # com/android/tools/r8/internal/ep$$Lambda+0x000002679b3426c0
instanceKlass  @bci com/android/tools/r8/graph/J0 a (Lcom/android/tools/r8/internal/Jr0;)V 49 <appendix> argL0 ; # com/android/tools/r8/graph/J0$$Lambda+0x000002679b342480
instanceKlass  @bci com/android/tools/r8/graph/J0 a (Lcom/android/tools/r8/internal/Jr0;)V 41 <appendix> argL0 ; # com/android/tools/r8/graph/J0$$Lambda+0x000002679b342240
instanceKlass  @bci com/android/tools/r8/graph/J0 a (Lcom/android/tools/r8/internal/Jr0;)V 33 <appendix> argL0 ; # com/android/tools/r8/graph/J0$$Lambda+0x000002679b342000
instanceKlass  @bci com/android/tools/r8/graph/J0 a (Lcom/android/tools/r8/internal/Jr0;)V 25 <appendix> argL0 ; # com/android/tools/r8/graph/J0$$Lambda+0x000002679b347d78
instanceKlass  @bci com/android/tools/r8/graph/J0 a (Lcom/android/tools/r8/internal/Jr0;)V 17 <appendix> argL0 ; # com/android/tools/r8/graph/J0$$Lambda+0x000002679b347b58
instanceKlass  @bci com/android/tools/r8/graph/J0 a (Lcom/android/tools/r8/internal/Jr0;)V 9 <appendix> argL0 ; # com/android/tools/r8/graph/J0$$Lambda+0x000002679b347938
instanceKlass  @bci com/android/tools/r8/graph/J0 a (Lcom/android/tools/r8/internal/Jr0;)V 1 <appendix> argL0 ; # com/android/tools/r8/graph/J0$$Lambda+0x000002679b347718
instanceKlass  @bci com/android/tools/r8/graph/J0 m ()Lcom/android/tools/r8/internal/Hr0; 0 <appendix> argL0 ; # com/android/tools/r8/graph/J0$$Lambda+0x000002679b3474f8
instanceKlass  @bci com/android/tools/r8/internal/Jr0 a (Ljava/util/function/Function;Lcom/android/tools/r8/internal/Er0;Lcom/android/tools/r8/internal/Fr0;)Lcom/android/tools/r8/internal/Jr0; 1 <appendix> argL0 ; # com/android/tools/r8/internal/Jr0$$Lambda+0x000002679b3472a8
instanceKlass  @bci com/android/tools/r8/graph/j1 a (Lcom/android/tools/r8/internal/Jr0;)V 75 <appendix> argL0 ; # com/android/tools/r8/graph/j1$$Lambda+0x000002679b347088
instanceKlass  @bci com/android/tools/r8/graph/j1 a (Lcom/android/tools/r8/internal/Jr0;)V 70 <appendix> argL0 ; # com/android/tools/r8/graph/j1$$Lambda+0x000002679b346e68
instanceKlass  @bci com/android/tools/r8/graph/j1 a (Lcom/android/tools/r8/internal/Jr0;)V 65 <appendix> argL0 ; # com/android/tools/r8/graph/j1$$Lambda+0x000002679b346c28
instanceKlass  @bci com/android/tools/r8/graph/j1 a (Lcom/android/tools/r8/internal/Jr0;)V 57 <appendix> argL0 ; # com/android/tools/r8/graph/j1$$Lambda+0x000002679b3469d8
instanceKlass  @bci com/android/tools/r8/graph/j1 a (Lcom/android/tools/r8/internal/Jr0;)V 49 <appendix> argL0 ; # com/android/tools/r8/graph/j1$$Lambda+0x000002679b346798
instanceKlass  @bci com/android/tools/r8/graph/j1 a (Lcom/android/tools/r8/internal/Jr0;)V 41 <appendix> argL0 ; # com/android/tools/r8/graph/j1$$Lambda+0x000002679b346548
instanceKlass  @bci com/android/tools/r8/graph/j1 a (Lcom/android/tools/r8/internal/Jr0;)V 33 <appendix> argL0 ; # com/android/tools/r8/graph/j1$$Lambda+0x000002679b346308
instanceKlass  @bci com/android/tools/r8/graph/C5 a (Lcom/android/tools/r8/internal/Jr0;)V 9 <appendix> argL0 ; # com/android/tools/r8/graph/C5$$Lambda+0x000002679b3460e8
instanceKlass  @bci com/android/tools/r8/graph/C5 a (Lcom/android/tools/r8/internal/Jr0;)V 1 <appendix> argL0 ; # com/android/tools/r8/graph/C5$$Lambda+0x000002679b345ea8
instanceKlass  @bci com/android/tools/r8/graph/C5 m ()Lcom/android/tools/r8/internal/Hr0; 0 <appendix> argL0 ; # com/android/tools/r8/graph/C5$$Lambda+0x000002679b345c88
instanceKlass  @bci com/android/tools/r8/graph/j1 a (Lcom/android/tools/r8/internal/Jr0;)V 25 <appendix> argL0 ; # com/android/tools/r8/graph/j1$$Lambda+0x000002679b345a48
instanceKlass  @bci com/android/tools/r8/graph/u0 a (Lcom/android/tools/r8/internal/Jr0;)V 1 <appendix> argL0 ; # com/android/tools/r8/graph/u0$$Lambda+0x000002679b345808
instanceKlass  @bci com/android/tools/r8/graph/u0 m ()Lcom/android/tools/r8/internal/Hr0; 0 <appendix> argL0 ; # com/android/tools/r8/graph/u0$$Lambda+0x000002679b3455e8
instanceKlass  @bci com/android/tools/r8/graph/j1 a (Lcom/android/tools/r8/internal/Jr0;)V 17 <appendix> argL0 ; # com/android/tools/r8/graph/j1$$Lambda+0x000002679b3453a8
instanceKlass  @bci com/android/tools/r8/graph/g a (Lcom/android/tools/r8/internal/Jr0;)V 9 <appendix> argL0 ; # com/android/tools/r8/graph/g$$Lambda+0x000002679b345188
instanceKlass  @bci com/android/tools/r8/graph/g a (Lcom/android/tools/r8/internal/Jr0;)V 1 <appendix> argL0 ; # com/android/tools/r8/graph/g$$Lambda+0x000002679b344f68
instanceKlass  @bci com/android/tools/r8/graph/g m ()Lcom/android/tools/r8/internal/Hr0; 0 <appendix> argL0 ; # com/android/tools/r8/graph/g$$Lambda+0x000002679b344d48
instanceKlass  @bci com/android/tools/r8/graph/j1 a (Lcom/android/tools/r8/internal/Jr0;)V 9 <appendix> argL0 ; # com/android/tools/r8/graph/j1$$Lambda+0x000002679b344b08
instanceKlass  @bci com/android/tools/r8/graph/j1 a (Lcom/android/tools/r8/internal/Jr0;)V 1 <appendix> argL0 ; # com/android/tools/r8/graph/j1$$Lambda+0x000002679b3448c8
instanceKlass  @bci com/android/tools/r8/graph/j1 m ()Lcom/android/tools/r8/internal/Hr0; 0 <appendix> argL0 ; # com/android/tools/r8/graph/j1$$Lambda+0x000002679b3446a8
instanceKlass  @bci com/android/tools/r8/internal/Gr0 a (Lcom/android/tools/r8/internal/zA;Lcom/android/tools/r8/internal/zg0;)V 6 <appendix> argL0 ; # com/android/tools/r8/internal/Gr0$$Lambda+0x000002679b344488
instanceKlass com/android/tools/r8/shaking/h1
instanceKlass com/android/tools/r8/shaking/g1
instanceKlass com/android/tools/r8/shaking/j1
instanceKlass com/android/tools/r8/shaking/e1
instanceKlass com/android/tools/r8/shaking/s1
instanceKlass com/android/tools/r8/shaking/t1
instanceKlass  @bci com/android/tools/r8/synthesis/z a (Lcom/android/tools/r8/graph/y;Ljava/util/IdentityHashMap;)Ljava/util/Collection; 148 <appendix> member <vmtarget> ; # com/android/tools/r8/synthesis/z$$Lambda+0x000002679b33d7e0
instanceKlass  @bci com/android/tools/r8/synthesis/z a (Lcom/android/tools/r8/graph/y;Lcom/android/tools/r8/internal/AC;)Ljava/util/IdentityHashMap; 53 <appendix> member <vmtarget> ; # com/android/tools/r8/synthesis/z$$Lambda+0x000002679b33d598
instanceKlass  @bci com/android/tools/r8/internal/gy iterator ()Ljava/util/Iterator; 8 <appendix> argL0 ; # com/android/tools/r8/internal/gy$$Lambda+0x000002679b33d338
instanceKlass  @cpi com/android/tools/r8/internal/gy 28 form vmentry <vmtarget> ; # java/lang/invoke/LambdaForm$DMH+0x000002679b340000
instanceKlass  @bci com/android/tools/r8/internal/VK a (Ljava/lang/Iterable;Ljava/util/function/Function;)Ljava/lang/Iterable; 6 <appendix> member <vmtarget> ; # com/android/tools/r8/internal/VK$$Lambda+0x000002679b33ce80
instanceKlass  @bci com/android/tools/r8/synthesis/z a (Lcom/android/tools/r8/graph/y;Lcom/android/tools/r8/internal/at0;)Lcom/android/tools/r8/synthesis/x; 85 <appendix> member <vmtarget> ; # com/android/tools/r8/synthesis/z$$Lambda+0x000002679b33cc58
instanceKlass com/android/tools/r8/synthesis/v
instanceKlass com/android/tools/r8/internal/Yt0
instanceKlass com/android/tools/r8/synthesis/z
instanceKlass  @bci com/android/tools/r8/D8 a (Lcom/android/tools/r8/graph/y;Lcom/android/tools/r8/internal/at0;Ljava/util/concurrent/ExecutorService;)V 14 <appendix> member <vmtarget> ; # com/android/tools/r8/D8$$Lambda+0x000002679b33b4a8
instanceKlass  @bci com/android/tools/r8/D8 d (Lcom/android/tools/r8/utils/i;Lcom/android/tools/r8/internal/QJ;Ljava/util/concurrent/ExecutorService;)V 575 <appendix> member <vmtarget> ; # com/android/tools/r8/D8$$Lambda+0x000002679b33b020
instanceKlass  @bci com/android/tools/r8/D8 d (Lcom/android/tools/r8/utils/i;Lcom/android/tools/r8/internal/QJ;Ljava/util/concurrent/ExecutorService;)V 556 <appendix> member <vmtarget> ; # com/android/tools/r8/D8$$Lambda+0x000002679b33ab98
instanceKlass  @bci com/android/tools/r8/D8 d (Lcom/android/tools/r8/utils/i;Lcom/android/tools/r8/internal/QJ;Ljava/util/concurrent/ExecutorService;)V 537 <appendix> member <vmtarget> ; # com/android/tools/r8/D8$$Lambda+0x000002679b33a970
instanceKlass com/android/tools/r8/internal/mT
instanceKlass com/android/tools/r8/internal/gT
instanceKlass com/android/tools/r8/internal/ti
instanceKlass  @bci com/android/tools/r8/synthesis/d a (Ljava/util/Map;Lcom/android/tools/r8/graph/M2;Ljava/util/List;)V 2 <appendix> argL0 ; # com/android/tools/r8/synthesis/d$$Lambda+0x000002679b339818
instanceKlass  @bci com/android/tools/r8/internal/Pi a (Ljava/lang/Iterable;)V 2 <appendix> member <vmtarget> ; # com/android/tools/r8/internal/Pi$$Lambda+0x000002679b3395e0
instanceKlass  @bci com/android/tools/r8/internal/p5 a (Lcom/android/tools/r8/graph/B2;Lcom/android/tools/r8/graph/H2;Lcom/android/tools/r8/internal/m5;Lcom/android/tools/r8/internal/Kf;)Lcom/android/tools/r8/graph/j1; 141 <appendix> member <vmtarget> ; # com/android/tools/r8/internal/p5$$Lambda+0x000002679b3393b8
instanceKlass  @bci com/android/tools/r8/internal/Uz b (Lcom/android/tools/r8/internal/Uz;Lcom/android/tools/r8/graph/B2;)Lcom/android/tools/r8/graph/B2; 2 <appendix> argL0 ; # com/android/tools/r8/internal/Uz$$Lambda+0x000002679b339188
instanceKlass  @bci com/android/tools/r8/internal/a00 <init> (Lcom/android/tools/r8/graph/y;Lcom/android/tools/r8/internal/q6;Ljava/util/Map;Lcom/android/tools/r8/internal/m6;Lcom/android/tools/r8/internal/m6;)V 17 <appendix> member <vmtarget> ; # com/android/tools/r8/internal/a00$$Lambda+0x000002679b338f40
instanceKlass  @bci com/android/tools/r8/internal/n6 put (Ljava/lang/Object;Ljava/lang/Object;)Ljava/lang/Object; 22 <appendix> argL0 ; # com/android/tools/r8/internal/n6$$Lambda+0x000002679b338d00
instanceKlass  @bci com/android/tools/r8/internal/mJ a (Lcom/android/tools/r8/internal/jJ;Lcom/android/tools/r8/graph/H2;Lcom/android/tools/r8/internal/lJ;)V 113 <appendix> member <vmtarget> ; # com/android/tools/r8/internal/mJ$$Lambda+0x000002679b338ac8
instanceKlass  @bci com/android/tools/r8/graph/H2 J1 ()Lcom/android/tools/r8/internal/XK; 6 <appendix> member <vmtarget> ; # com/android/tools/r8/graph/H2$$Lambda+0x000002679b338860
instanceKlass  @bci com/android/tools/r8/internal/mJ a (Lcom/android/tools/r8/internal/jJ;Lcom/android/tools/r8/graph/H2;Lcom/android/tools/r8/internal/lJ;)V 87 <appendix> member <vmtarget> ; # com/android/tools/r8/internal/mJ$$Lambda+0x000002679b338628
instanceKlass  @bci com/android/tools/r8/internal/mJ a ()Lcom/android/tools/r8/internal/kJ; 19 <appendix> member <vmtarget> ; # com/android/tools/r8/internal/mJ$$Lambda+0x000002679b3383f0
instanceKlass com/android/tools/r8/internal/t6
instanceKlass com/android/tools/r8/internal/IZ
instanceKlass  @bci com/android/tools/r8/internal/Xd a (Lcom/android/tools/r8/internal/iJ;Ljava/util/concurrent/ExecutorService;)V 30 <appendix> member <vmtarget> ; # com/android/tools/r8/internal/Xd$$Lambda+0x000002679b3379b0
# instanceKlass com/android/tools/r8/internal/Xd$$Lambda+0x000002679b3374d0
# instanceKlass com/android/tools/r8/internal/Xd$$Lambda+0x000002679b337050
# instanceKlass com/android/tools/r8/internal/Xd$$Lambda+0x000002679b337290
# instanceKlass com/android/tools/r8/internal/Xd$$Lambda+0x000002679b336e10
# instanceKlass com/android/tools/r8/internal/Xd$$Lambda+0x000002679b336bd0
# instanceKlass com/android/tools/r8/internal/Xd$$Lambda+0x000002679b336990
# instanceKlass com/android/tools/r8/internal/Xd$$Lambda+0x000002679b336510
instanceKlass  @bci com/android/tools/r8/internal/Xd a (Lcom/android/tools/r8/internal/iJ;Lcom/android/tools/r8/graph/H2;Ljava/util/Map;)V 67 <appendix> argL0 ; # com/android/tools/r8/internal/Xd$$Lambda+0x000002679b336750
instanceKlass  @bci com/android/tools/r8/internal/Xd a (Lcom/android/tools/r8/internal/iJ;Ljava/util/concurrent/ExecutorService;)V 6 <appendix> member <vmtarget> ; # com/android/tools/r8/internal/Xd$$Lambda+0x000002679b3362e8
# instanceKlass com/android/tools/r8/internal/pV$$Lambda+0x000002679b336060
# instanceKlass com/android/tools/r8/internal/pV$$Lambda+0x000002679b335dd8
instanceKlass com/android/tools/r8/internal/wg0
instanceKlass com/android/tools/r8/errors/InterfaceDesugarMissingTypeDiagnostic
instanceKlass com/android/tools/r8/errors/DesugarDiagnostic
instanceKlass  @bci com/android/tools/r8/internal/pV a (Lcom/android/tools/r8/graph/M2;)Z 10 <appendix> member <vmtarget> ; # com/android/tools/r8/internal/pV$$Lambda+0x000002679b3354d8
instanceKlass com/android/tools/r8/internal/Ai
# instanceKlass com/android/tools/r8/internal/pV$$Lambda+0x000002679b335028
# instanceKlass com/android/tools/r8/internal/pV$$Lambda+0x000002679b334da0
instanceKlass  @bci com/android/tools/r8/internal/pV b (Lcom/android/tools/r8/graph/M2;)Z 10 <appendix> member <vmtarget> ; # com/android/tools/r8/internal/pV$$Lambda+0x000002679b334b18
instanceKlass com/android/tools/r8/internal/ou
instanceKlass com/android/tools/r8/internal/Vd
# instanceKlass com/android/tools/r8/internal/Xd$$Lambda+0x000002679b334270
# instanceKlass com/android/tools/r8/internal/Xd$$Lambda+0x000002679b334030
# instanceKlass com/android/tools/r8/internal/Xd$$Lambda+0x000002679b333df0
instanceKlass  @bci com/android/tools/r8/internal/Xd a (Lcom/android/tools/r8/graph/K5;Lcom/android/tools/r8/graph/H0;)V 8 <appendix> argL0 ; # com/android/tools/r8/internal/Xd$$Lambda+0x000002679b333bb0
# instanceKlass com/android/tools/r8/internal/Xd$$Lambda+0x000002679b333970
instanceKlass com/android/tools/r8/internal/OI
# instanceKlass com/android/tools/r8/graph/j$$Lambda+0x000002679b3334c0
# instanceKlass com/android/tools/r8/graph/j$$Lambda+0x000002679b333278
# instanceKlass com/android/tools/r8/graph/j$$Lambda+0x000002679b333030
instanceKlass  @bci com/android/tools/r8/graph/j c (Lcom/android/tools/r8/graph/E0;Lcom/android/tools/r8/graph/B2;)Lcom/android/tools/r8/graph/c5; 2 <appendix> member <vmtarget> ; # com/android/tools/r8/graph/j$$Lambda+0x000002679b332de8
# instanceKlass com/android/tools/r8/graph/j$$Lambda+0x000002679b332ba0
instanceKlass  @bci com/android/tools/r8/graph/S4 l ()Ljava/util/Iterator; 16 <appendix> member <vmtarget> ; # com/android/tools/r8/graph/S4$$Lambda+0x000002679b332948
instanceKlass  @bci com/android/tools/r8/graph/S4 j ()Ljava/lang/Iterable; 1 <appendix> member <vmtarget> ; # com/android/tools/r8/graph/S4$$Lambda+0x000002679b332700
instanceKlass  @bci com/android/tools/r8/graph/S4 g ()I 2 <appendix> member <vmtarget> ; # com/android/tools/r8/graph/S4$$Lambda+0x000002679b3324a8
instanceKlass  @bci com/android/tools/r8/internal/Nd a (Lcom/android/tools/r8/graph/H0;)Z 11 <appendix> member <vmtarget> ; # com/android/tools/r8/internal/Nd$$Lambda+0x000002679b332250
instanceKlass  @bci com/android/tools/r8/internal/Nd a (Lcom/android/tools/r8/graph/H0;)Z 5 <appendix> argL0 ; # com/android/tools/r8/internal/Nd$$Lambda+0x000002679b332010
instanceKlass  @bci com/android/tools/r8/graph/j b (Lcom/android/tools/r8/graph/E0;Lcom/android/tools/r8/graph/I2;Lcom/android/tools/r8/graph/L2;)Lcom/android/tools/r8/graph/c5; 12 <appendix> member <vmtarget> ; # com/android/tools/r8/graph/j$$Lambda+0x000002679b331dc8
# instanceKlass com/android/tools/r8/graph/E0$$Lambda+0x000002679b3318b8
instanceKlass  @bci com/android/tools/r8/graph/E0 i (Ljava/util/function/Predicate;)Ljava/lang/Iterable; 11 <appendix> member <vmtarget> ; # com/android/tools/r8/graph/E0$$Lambda+0x000002679b331b40
# instanceKlass com/android/tools/r8/internal/Xd$$Lambda+0x000002679b331668
instanceKlass  @bci com/android/tools/r8/internal/Xd a (Ljava/util/function/Predicate;Lcom/android/tools/r8/graph/E0;)Lcom/android/tools/r8/internal/Rd; 40 <appendix> argL0 ; # com/android/tools/r8/internal/Xd$$Lambda+0x000002679b331418
# instanceKlass com/android/tools/r8/internal/Xd$$Lambda+0x000002679b3311d0
# instanceKlass com/android/tools/r8/internal/Xd$$Lambda+0x000002679b330f88
# instanceKlass com/android/tools/r8/internal/Xd$$Lambda+0x000002679b330d40
# instanceKlass com/android/tools/r8/internal/Xd$$Lambda+0x000002679b330af8
# instanceKlass com/android/tools/r8/internal/Xd$$Lambda+0x000002679b3308b0
# instanceKlass com/android/tools/r8/internal/Xd$$Lambda+0x000002679b330668
instanceKlass  @bci com/android/tools/r8/internal/Xd b (Lcom/android/tools/r8/internal/Sd;Lcom/android/tools/r8/graph/E0;)Lcom/android/tools/r8/internal/Td; 25 <appendix> member <vmtarget> ; # com/android/tools/r8/internal/Xd$$Lambda+0x000002679b330420
instanceKlass com/android/tools/r8/internal/Td
instanceKlass com/android/tools/r8/internal/Pd
instanceKlass com/android/tools/r8/internal/Rd
instanceKlass com/android/tools/r8/internal/Od
# instanceKlass com/android/tools/r8/internal/Xd$$Lambda+0x000002679b254400
# instanceKlass com/android/tools/r8/internal/Xd$$Lambda+0x000002679b254800
# instanceKlass com/android/tools/r8/internal/Xd$$Lambda+0x000002679b2a0400
# instanceKlass com/android/tools/r8/internal/Xd$$Lambda+0x000002679b2a0800
# instanceKlass com/android/tools/r8/internal/Xd$$Lambda+0x000002679b2ac400
# instanceKlass com/android/tools/r8/internal/Xd$$Lambda+0x000002679b2ad000
# instanceKlass com/android/tools/r8/internal/Xd$$Lambda+0x000002679b2d4800
instanceKlass  @bci com/android/tools/r8/internal/Xd b (Lcom/android/tools/r8/internal/Sd;Lcom/android/tools/r8/internal/iJ;Lcom/android/tools/r8/graph/E0;)Lcom/android/tools/r8/internal/Nd; 43 <appendix> member <vmtarget> ; # com/android/tools/r8/internal/Xd$$Lambda+0x000002679b210c48
instanceKlass com/android/tools/r8/internal/Nd
instanceKlass  @bci com/android/tools/r8/internal/Xd a (Lcom/android/tools/r8/internal/iJ;Lcom/android/tools/r8/graph/H2;)V 15 <appendix> member <vmtarget> ; # com/android/tools/r8/internal/Xd$$Lambda+0x000002679b210800
instanceKlass  @bci com/android/tools/r8/internal/RI a (Ljava/util/Collection;Lcom/android/tools/r8/internal/Wa;Ljava/util/concurrent/ExecutorService;)V 14 <appendix> member <vmtarget> ; # com/android/tools/r8/internal/RI$$Lambda+0x000002679b212c60
instanceKlass  @bci com/android/tools/r8/internal/RI a (Ljava/util/Collection;Lcom/android/tools/r8/internal/Wa;Ljava/util/concurrent/ExecutorService;)V 4 <appendix> member <vmtarget> ; # com/android/tools/r8/internal/RI$$Lambda+0x000002679b212a08
instanceKlass com/android/tools/r8/internal/ff
instanceKlass  @bci com/android/tools/r8/internal/Ra a (Ljava/util/Collection;Lcom/android/tools/r8/internal/Wa;Ljava/util/concurrent/ExecutorService;Lcom/android/tools/r8/internal/at0;)V 2 <appendix> argL0 ; # com/android/tools/r8/internal/Ra$$Lambda+0x000002679b2acc68
instanceKlass com/android/tools/r8/internal/p5
instanceKlass com/android/tools/r8/internal/Sd
instanceKlass com/android/tools/r8/internal/Xd
instanceKlass  @bci com/android/tools/r8/internal/aa a (Lcom/android/tools/r8/internal/mJ;)Lcom/android/tools/r8/internal/RI; 5 <appendix> member <vmtarget> ; # com/android/tools/r8/internal/aa$$Lambda+0x000002679b213d18
instanceKlass com/android/tools/r8/internal/RI
instanceKlass com/android/tools/r8/internal/Pa
instanceKlass java/util/AbstractMap$SimpleEntry
instanceKlass  @bci com/android/tools/r8/synthesis/d a (Ljava/util/IdentityHashMap;Lcom/android/tools/r8/internal/AC;)Lcom/android/tools/r8/internal/AC; 9 <appendix> member <vmtarget> ; # com/android/tools/r8/synthesis/d$$Lambda+0x000002679b2136b8
instanceKlass  @bci com/android/tools/r8/synthesis/c a (Lcom/android/tools/r8/synthesis/O;)Lcom/android/tools/r8/synthesis/c; 32 <appendix> argL0 ; # com/android/tools/r8/synthesis/c$$Lambda+0x000002679b213478
instanceKlass  @bci com/android/tools/r8/synthesis/c a (Lcom/android/tools/r8/synthesis/X;)Lcom/android/tools/r8/synthesis/c; 29 <appendix> argL0 ; # com/android/tools/r8/synthesis/c$$Lambda+0x000002679b213238
instanceKlass  @bci com/android/tools/r8/synthesis/c a (Lcom/android/tools/r8/synthesis/t;)V 19 <appendix> member <vmtarget> ; # com/android/tools/r8/synthesis/c$$Lambda+0x000002679b213000
instanceKlass  @bci com/android/tools/r8/synthesis/c a (Lcom/android/tools/r8/synthesis/t;)V 13 <appendix> member <vmtarget> ; # com/android/tools/r8/synthesis/c$$Lambda+0x000002679b32fd48
instanceKlass  @bci com/android/tools/r8/internal/Si a (Lcom/android/tools/r8/internal/VZ;)V 16 <appendix> argL0 ; # com/android/tools/r8/internal/Si$$Lambda+0x000002679b32fb18
instanceKlass  @bci com/android/tools/r8/internal/Si b ()V 6 <appendix> argL0 ; # com/android/tools/r8/internal/Si$$Lambda+0x000002679b32f8e8
instanceKlass  @bci com/android/tools/r8/internal/Si b ()V 1 <appendix> argL0 ; # com/android/tools/r8/internal/Si$$Lambda+0x000002679b32f6b8
instanceKlass  @bci com/android/tools/r8/internal/VZ b ()Z 14 <appendix> argL0 ; # com/android/tools/r8/internal/VZ$$Lambda+0x000002679b32f438
instanceKlass  @bci com/android/tools/r8/internal/Si c ()V 9 <appendix> member <vmtarget> ; # com/android/tools/r8/internal/Si$$Lambda+0x000002679b32f200
instanceKlass  @bci com/android/tools/r8/internal/Si c ()V 3 <appendix> member <vmtarget> ; # com/android/tools/r8/internal/Si$$Lambda+0x000002679b32efc8
instanceKlass  @bci com/android/tools/r8/internal/aa a ()V 4 <appendix> argL0 ; # com/android/tools/r8/internal/aa$$Lambda+0x000002679b32ed98
instanceKlass  @bci com/android/tools/r8/internal/aa a (Lcom/android/tools/r8/internal/at0;)V 12 <appendix> argL0 ; # com/android/tools/r8/internal/aa$$Lambda+0x000002679b32eb68
instanceKlass com/android/tools/r8/internal/im
instanceKlass  @bci com/android/tools/r8/internal/Si a (Lcom/android/tools/r8/internal/Pi;Ljava/util/concurrent/ExecutorService;)V 74 <appendix> member <vmtarget> ; # com/android/tools/r8/internal/Si$$Lambda+0x000002679b32e720
instanceKlass com/android/tools/r8/internal/Qi
instanceKlass  @bci com/android/tools/r8/internal/VZ a ()Lcom/android/tools/r8/internal/XK; 26 <appendix> argL0 ; # com/android/tools/r8/internal/VZ$$Lambda+0x000002679b32e280
instanceKlass  @bci com/android/tools/r8/internal/VZ a ()Lcom/android/tools/r8/internal/XK; 5 <appendix> argL0 ; # com/android/tools/r8/internal/VZ$$Lambda+0x000002679b32e000
instanceKlass  @bci com/android/tools/r8/graph/E0 h (Ljava/util/function/Consumer;)V 29 <appendix> member <vmtarget> ; # com/android/tools/r8/graph/E0$$Lambda+0x000002679b32ddc8
instanceKlass  @bci com/android/tools/r8/internal/VZ a (Lcom/android/tools/r8/graph/y;Lcom/android/tools/r8/graph/E0;Ljava/util/function/Consumer;)Lcom/android/tools/r8/internal/VZ; 91 <appendix> member <vmtarget> ; # com/android/tools/r8/internal/VZ$$Lambda+0x000002679b32db90
instanceKlass  @bci com/android/tools/r8/internal/Si a (Lcom/android/tools/r8/internal/Pi;Ljava/util/concurrent/ExecutorService;)V 11 <appendix> member <vmtarget> ; # com/android/tools/r8/internal/Si$$Lambda+0x000002679b32d958
instanceKlass com/android/tools/r8/internal/VZ
instanceKlass  @bci com/android/tools/r8/internal/aa a (Lcom/android/tools/r8/internal/Pi;Ljava/util/concurrent/ExecutorService;Lcom/android/tools/r8/internal/at0;)V 14 <appendix> member <vmtarget> ; # com/android/tools/r8/internal/aa$$Lambda+0x000002679b32d510
instanceKlass  @bci com/android/tools/r8/internal/XZ a (Lcom/android/tools/r8/internal/ia;Lcom/android/tools/r8/internal/q70;Lcom/android/tools/r8/internal/xy;Lcom/android/tools/r8/internal/EU;Lcom/android/tools/r8/internal/E9;Lcom/android/tools/r8/internal/ga;Lcom/android/tools/r8/graph/K5;Lcom/android/tools/r8/internal/Lf;Lcom/android/tools/r8/internal/Z9;Lcom/android/tools/r8/graph/u1;)Ljava/util/Collection; 7 <appendix> member <vmtarget> ; # com/android/tools/r8/internal/XZ$$Lambda+0x000002679b32d2c8
instanceKlass  @bci com/android/tools/r8/internal/XZ a (Lcom/android/tools/r8/internal/ia;)Lcom/android/tools/r8/internal/cm; 2 <appendix> member <vmtarget> ; # com/android/tools/r8/internal/XZ$$Lambda+0x000002679b32d0a0
instanceKlass  @bci com/android/tools/r8/internal/Pc a (Lcom/android/tools/r8/internal/Qc;Ljava/util/concurrent/ExecutorService;Lcom/android/tools/r8/internal/at0;)V 737 <appendix> member <vmtarget> ; # com/android/tools/r8/internal/Pc$$Lambda+0x000002679b32ce68
instanceKlass  @bci com/android/tools/r8/internal/i80 a (Lcom/android/tools/r8/internal/ga;Ljava/util/concurrent/ExecutorService;Ljava/util/List;)V 2 <appendix> member <vmtarget> ; # com/android/tools/r8/internal/i80$$Lambda+0x000002679b32cc30
instanceKlass  @bci com/android/tools/r8/internal/da a ()Ljava/util/List; 37 <appendix> member <vmtarget> ; # com/android/tools/r8/internal/da$$Lambda+0x000002679b32c9f8
instanceKlass com/android/tools/r8/internal/zd
instanceKlass  @bci com/android/tools/r8/graph/P4 b (Lcom/android/tools/r8/graph/B2;Lcom/android/tools/r8/internal/Wy;)Lcom/android/tools/r8/graph/j1; 76 <appendix> member <vmtarget> ; # com/android/tools/r8/graph/P4$$Lambda+0x000002679b32c5b8
instanceKlass  @bci com/android/tools/r8/internal/IR a (Lcom/android/tools/r8/internal/ny;Lcom/android/tools/r8/internal/ms0;Ljava/util/function/Consumer;)Lcom/android/tools/r8/graph/K5; 31 <appendix> member <vmtarget> ; # com/android/tools/r8/internal/IR$$Lambda+0x000002679b32c350
instanceKlass  @bci com/android/tools/r8/internal/ms0 a ()Lcom/android/tools/r8/internal/ms0; 0 <appendix> argL0 ; # com/android/tools/r8/internal/ms0$$Lambda+0x000002679b32c130
instanceKlass com/android/tools/r8/internal/ms0
instanceKlass  @bci com/android/tools/r8/internal/da a (Lcom/android/tools/r8/internal/Qc;Ljava/util/function/Consumer;)V 5 <appendix> argL0 ; # com/android/tools/r8/internal/da$$Lambda+0x000002679b32bcf0
instanceKlass  @bci com/android/tools/r8/internal/da a ()Ljava/util/List; 27 <appendix> member <vmtarget> ; # com/android/tools/r8/internal/da$$Lambda+0x000002679b32bab8
instanceKlass  @bci com/android/tools/r8/internal/da a (Ljava/util/function/Consumer;)V 28 <appendix> member <vmtarget> ; # com/android/tools/r8/internal/da$$Lambda+0x000002679b32b880
instanceKlass  @bci com/android/tools/r8/internal/da a (Ljava/util/function/Consumer;)V 10 <appendix> member <vmtarget> ; # com/android/tools/r8/internal/da$$Lambda+0x000002679b32b648
instanceKlass com/android/tools/r8/internal/FK
instanceKlass  @bci com/android/tools/r8/internal/da a ()Ljava/util/List; 15 <appendix> member <vmtarget> ; # com/android/tools/r8/internal/da$$Lambda+0x000002679b32b1e8
instanceKlass  @bci com/android/tools/r8/internal/tp a (Lcom/android/tools/r8/internal/Jr0;)V 17 <appendix> argL0 ; # com/android/tools/r8/internal/tp$$Lambda+0x000002679b32afa8
instanceKlass  @bci com/android/tools/r8/internal/tp a (Lcom/android/tools/r8/internal/Jr0;)V 9 <appendix> argL0 ; # com/android/tools/r8/internal/tp$$Lambda+0x000002679b32ad88
instanceKlass  @bci com/android/tools/r8/internal/tp a (Lcom/android/tools/r8/internal/Jr0;)V 1 <appendix> argL0 ; # com/android/tools/r8/internal/tp$$Lambda+0x000002679b32ab68
instanceKlass  @bci com/android/tools/r8/internal/tp a (Lcom/android/tools/r8/internal/Up;Lcom/android/tools/r8/internal/xf;)I 6 <appendix> argL0 ; # com/android/tools/r8/internal/tp$$Lambda+0x000002679b32a948
instanceKlass  @bci com/android/tools/r8/internal/lp a (Lcom/android/tools/r8/internal/Jr0;)V 9 <appendix> argL0 ; # com/android/tools/r8/internal/lp$$Lambda+0x000002679b32a728
instanceKlass  @bci com/android/tools/r8/internal/lp a (Lcom/android/tools/r8/internal/Jr0;)V 1 <appendix> argL0 ; # com/android/tools/r8/internal/lp$$Lambda+0x000002679b32a508
instanceKlass  @bci com/android/tools/r8/internal/lp a (Lcom/android/tools/r8/internal/Up;Lcom/android/tools/r8/internal/xf;)I 6 <appendix> argL0 ; # com/android/tools/r8/internal/lp$$Lambda+0x000002679b32a2e8
instanceKlass  @bci com/android/tools/r8/internal/lo0 a (Ljava/util/List;Lcom/android/tools/r8/ir/optimize/a;Lcom/android/tools/r8/internal/V6;Ljava/util/Map$Entry;)V 121 <appendix> argL0 ; # com/android/tools/r8/internal/lo0$$Lambda+0x000002679b32a098
instanceKlass  @bci com/android/tools/r8/internal/mp a (Lcom/android/tools/r8/internal/Jr0;)V 17 <appendix> argL0 ; # com/android/tools/r8/internal/mp$$Lambda+0x000002679b329e78
instanceKlass  @bci com/android/tools/r8/internal/mp a (Lcom/android/tools/r8/internal/Jr0;)V 9 <appendix> argL0 ; # com/android/tools/r8/internal/mp$$Lambda+0x000002679b329c58
instanceKlass  @bci com/android/tools/r8/internal/mp a (Lcom/android/tools/r8/internal/Jr0;)V 1 <appendix> argL0 ; # com/android/tools/r8/internal/mp$$Lambda+0x000002679b329a38
instanceKlass  @bci com/android/tools/r8/internal/mp a (Lcom/android/tools/r8/internal/Up;Lcom/android/tools/r8/internal/xf;)I 6 <appendix> argL0 ; # com/android/tools/r8/internal/mp$$Lambda+0x000002679b329818
instanceKlass  @bci com/android/tools/r8/internal/nb c (Lcom/android/tools/r8/internal/P8;Lcom/android/tools/r8/internal/I9;Lcom/android/tools/r8/internal/H70;)Lcom/android/tools/r8/internal/I9; 11 <appendix> member <vmtarget> ; # com/android/tools/r8/internal/nb$$Lambda+0x000002679b3295e0
instanceKlass  @bci com/android/tools/r8/internal/nb c (Lcom/android/tools/r8/internal/P8;Lcom/android/tools/r8/internal/I9;Lcom/android/tools/r8/internal/H70;)Lcom/android/tools/r8/internal/I9; 5 <appendix> member <vmtarget> ; # com/android/tools/r8/internal/nb$$Lambda+0x000002679b3293b8
instanceKlass  @bci com/android/tools/r8/internal/nb a (Lcom/android/tools/r8/internal/I9;Lcom/android/tools/r8/graph/y;Lcom/android/tools/r8/internal/P8;)Lcom/android/tools/r8/internal/I9; 90 <appendix> member <vmtarget> ; # com/android/tools/r8/internal/nb$$Lambda+0x000002679b329180
instanceKlass  @bci com/android/tools/r8/internal/nb a (Lcom/android/tools/r8/internal/I9;Lcom/android/tools/r8/graph/y;Lcom/android/tools/r8/internal/P8;)Lcom/android/tools/r8/internal/I9; 84 <appendix> member <vmtarget> ; # com/android/tools/r8/internal/nb$$Lambda+0x000002679b328f58
instanceKlass com/android/tools/r8/internal/Nq0
instanceKlass  @bci com/android/tools/r8/internal/no a (Lcom/android/tools/r8/internal/Jr0;)V 1 <appendix> argL0 ; # com/android/tools/r8/internal/no$$Lambda+0x000002679b3288e8
instanceKlass  @bci com/android/tools/r8/internal/iv0 c ()V 77 <appendix> member <vmtarget> ; # com/android/tools/r8/internal/iv0$$Lambda+0x000002679b3286b0
instanceKlass  @bci com/android/tools/r8/internal/lx a (Lcom/android/tools/r8/internal/sB;)Lcom/android/tools/r8/internal/Ce; 743 <appendix> member <vmtarget> ; # com/android/tools/r8/internal/lx$$Lambda+0x000002679b328478
instanceKlass  @bci com/android/tools/r8/internal/QJ a (Lcom/android/tools/r8/graph/K5;Lcom/android/tools/r8/internal/lK;)V 26 <appendix> argL0 ; # com/android/tools/r8/internal/QJ$$Lambda+0x000002679b328238
instanceKlass com/android/tools/r8/internal/gb
instanceKlass  @bci com/android/tools/r8/internal/nb b (Lcom/android/tools/r8/internal/P8;Lcom/android/tools/r8/internal/I9;Lcom/android/tools/r8/internal/H70;)Lcom/android/tools/r8/internal/I9; 3 <appendix> member <vmtarget> ; # com/android/tools/r8/internal/nb$$Lambda+0x000002679b328000
instanceKlass  @bci com/android/tools/r8/internal/nb a (Lcom/android/tools/r8/internal/I9;Lcom/android/tools/r8/graph/y;Lcom/android/tools/r8/internal/P8;)Lcom/android/tools/r8/internal/I9; 110 <appendix> member <vmtarget> ; # com/android/tools/r8/internal/nb$$Lambda+0x000002679b324400
instanceKlass  @bci com/android/tools/r8/internal/nb a (Lcom/android/tools/r8/internal/I9;Lcom/android/tools/r8/graph/y;Lcom/android/tools/r8/internal/P8;)Lcom/android/tools/r8/internal/I9; 104 <appendix> member <vmtarget> ; # com/android/tools/r8/internal/nb$$Lambda+0x000002679b324c60
instanceKlass  @bci com/android/tools/r8/internal/qR b (Lcom/android/tools/r8/internal/sB;)Lcom/android/tools/r8/internal/De; 324 <appendix> argL0 ; # com/android/tools/r8/internal/qR$$Lambda+0x000002679b324a30
instanceKlass  @bci com/android/tools/r8/internal/LI a (Lcom/android/tools/r8/graph/j1;Lcom/android/tools/r8/synthesis/M;)V 98 <appendix> argL0 ; # com/android/tools/r8/internal/LI$$Lambda+0x000002679b325d70
instanceKlass  @bci com/android/tools/r8/internal/LI c (Lcom/android/tools/r8/graph/K5;Lcom/android/tools/r8/internal/NI;)Lcom/android/tools/r8/graph/K5; 57 <appendix> member <vmtarget> ; # com/android/tools/r8/internal/LI$$Lambda+0x000002679b325b38
instanceKlass  @bci com/android/tools/r8/internal/LI c (Lcom/android/tools/r8/graph/K5;Lcom/android/tools/r8/internal/NI;)Lcom/android/tools/r8/graph/K5; 51 <appendix> member <vmtarget> ; # com/android/tools/r8/internal/LI$$Lambda+0x000002679b325900
instanceKlass  @bci com/android/tools/r8/internal/nb a (Lcom/android/tools/r8/internal/I9;Lcom/android/tools/r8/graph/y;Lcom/android/tools/r8/internal/P8;)Lcom/android/tools/r8/internal/I9; 180 <appendix> argL0 ; # com/android/tools/r8/internal/nb$$Lambda+0x000002679b3256d0
instanceKlass  @bci com/android/tools/r8/internal/nb a (Lcom/android/tools/r8/internal/I9;Lcom/android/tools/r8/graph/y;Lcom/android/tools/r8/internal/P8;)Lcom/android/tools/r8/internal/I9; 175 <appendix> argL0 ; # com/android/tools/r8/internal/nb$$Lambda+0x000002679b3254b0
instanceKlass  @bci com/android/tools/r8/ir/optimize/u0 b (Lcom/android/tools/r8/internal/sB;Lcom/android/tools/r8/internal/QJ;)V 127 <appendix> member <vmtarget> ; # com/android/tools/r8/ir/optimize/u0$$Lambda+0x000002679b325258
instanceKlass  @bci com/android/tools/r8/internal/Y5 a (Lcom/android/tools/r8/internal/Y5;Lcom/android/tools/r8/internal/nt;Lcom/android/tools/r8/ir/optimize/a;)Ljava/util/Set; 156 <appendix> member <vmtarget> ; # com/android/tools/r8/internal/Y5$$Lambda+0x000002679b325000
instanceKlass com/android/tools/r8/internal/uL
instanceKlass com/android/tools/r8/internal/Lj
instanceKlass com/android/tools/r8/internal/Db
instanceKlass  @bci com/android/tools/r8/internal/nb d (Lcom/android/tools/r8/internal/P8;Lcom/android/tools/r8/internal/I9;Lcom/android/tools/r8/internal/H70;)Lcom/android/tools/r8/internal/I9; 11 <appendix> member <vmtarget> ; # com/android/tools/r8/internal/nb$$Lambda+0x000002679b327598
instanceKlass  @bci com/android/tools/r8/internal/nb d (Lcom/android/tools/r8/internal/P8;Lcom/android/tools/r8/internal/I9;Lcom/android/tools/r8/internal/H70;)Lcom/android/tools/r8/internal/I9; 5 <appendix> member <vmtarget> ; # com/android/tools/r8/internal/nb$$Lambda+0x000002679b327370
instanceKlass  @bci com/android/tools/r8/internal/nb a (Lcom/android/tools/r8/internal/I9;Lcom/android/tools/r8/graph/y;Lcom/android/tools/r8/internal/P8;)Lcom/android/tools/r8/internal/I9; 143 <appendix> member <vmtarget> ; # com/android/tools/r8/internal/nb$$Lambda+0x000002679b327138
instanceKlass  @bci com/android/tools/r8/internal/LI a (Lcom/android/tools/r8/graph/K5;Lcom/android/tools/r8/graph/j1;Lcom/android/tools/r8/synthesis/M;)V 590 <appendix> argL0 ; # com/android/tools/r8/internal/LI$$Lambda+0x000002679b326f18
instanceKlass  @bci com/android/tools/r8/internal/LI a (Lcom/android/tools/r8/graph/K5;Lcom/android/tools/r8/internal/NI;)Lcom/android/tools/r8/graph/K5; 59 <appendix> member <vmtarget> ; # com/android/tools/r8/internal/LI$$Lambda+0x000002679b326ce0
instanceKlass  @bci com/android/tools/r8/internal/LI a (Lcom/android/tools/r8/graph/K5;Lcom/android/tools/r8/internal/NI;)Lcom/android/tools/r8/graph/K5; 53 <appendix> member <vmtarget> ; # com/android/tools/r8/internal/LI$$Lambda+0x000002679b326aa8
instanceKlass  @bci com/android/tools/r8/internal/lo0 a (Lcom/android/tools/r8/internal/XL;)V 449 <appendix> argL0 ; # com/android/tools/r8/internal/lo0$$Lambda+0x000002679b326868
instanceKlass  @bci com/android/tools/r8/ir/optimize/F a (Ljava/util/Queue;Lcom/android/tools/r8/internal/sB;Lcom/android/tools/r8/internal/Y5;Lcom/android/tools/r8/ir/optimize/a;Lcom/android/tools/r8/internal/Hx0;)V 356 <appendix> argL0 ; # com/android/tools/r8/ir/optimize/F$$Lambda+0x000002679b326440
instanceKlass  @bci com/android/tools/r8/internal/hp a (Lcom/android/tools/r8/internal/Jr0;)V 17 <appendix> argL0 ; # com/android/tools/r8/internal/hp$$Lambda+0x000002679b326220
instanceKlass  @bci com/android/tools/r8/internal/hp a (Lcom/android/tools/r8/internal/Jr0;)V 9 <appendix> argL0 ; # com/android/tools/r8/internal/hp$$Lambda+0x000002679b326000
instanceKlass  @bci com/android/tools/r8/internal/hp a (Lcom/android/tools/r8/internal/Jr0;)V 1 <appendix> argL0 ; # com/android/tools/r8/internal/hp$$Lambda+0x000002679b1e8c00
instanceKlass  @bci com/android/tools/r8/internal/hp a (Lcom/android/tools/r8/internal/Up;Lcom/android/tools/r8/internal/xf;)I 6 <appendix> argL0 ; # com/android/tools/r8/internal/hp$$Lambda+0x000002679b1e9400
instanceKlass  @bci com/android/tools/r8/internal/bp a (Lcom/android/tools/r8/internal/Jr0;)V 9 <appendix> argL0 ; # com/android/tools/r8/internal/bp$$Lambda+0x000002679b1e8440
instanceKlass  @bci com/android/tools/r8/internal/bp a (Lcom/android/tools/r8/internal/Jr0;)V 1 <appendix> argL0 ; # com/android/tools/r8/internal/bp$$Lambda+0x000002679b1e8220
instanceKlass  @bci com/android/tools/r8/internal/bp a (Lcom/android/tools/r8/internal/Up;Lcom/android/tools/r8/internal/xf;)I 6 <appendix> argL0 ; # com/android/tools/r8/internal/bp$$Lambda+0x000002679b1e8000
instanceKlass  @bci com/android/tools/r8/internal/ep a (Lcom/android/tools/r8/internal/Jr0;)V 9 <appendix> argL0 ; # com/android/tools/r8/internal/ep$$Lambda+0x000002679b1f5440
instanceKlass  @bci com/android/tools/r8/internal/ep a (Lcom/android/tools/r8/internal/Jr0;)V 1 <appendix> argL0 ; # com/android/tools/r8/internal/ep$$Lambda+0x000002679b1f5220
instanceKlass  @bci com/android/tools/r8/internal/ep a (Lcom/android/tools/r8/internal/Up;Lcom/android/tools/r8/internal/xf;)I 6 <appendix> argL0 ; # com/android/tools/r8/internal/ep$$Lambda+0x000002679b1f5000
instanceKlass  @bci com/android/tools/r8/internal/fp a (Lcom/android/tools/r8/internal/Jr0;)V 9 <appendix> argL0 ; # com/android/tools/r8/internal/fp$$Lambda+0x000002679b1f9440
instanceKlass  @bci com/android/tools/r8/internal/fp a (Lcom/android/tools/r8/internal/Jr0;)V 1 <appendix> argL0 ; # com/android/tools/r8/internal/fp$$Lambda+0x000002679b1f9220
instanceKlass  @bci com/android/tools/r8/internal/fp a (Lcom/android/tools/r8/internal/Up;Lcom/android/tools/r8/internal/xf;)I 6 <appendix> argL0 ; # com/android/tools/r8/internal/fp$$Lambda+0x000002679b1f9000
instanceKlass  @bci com/android/tools/r8/internal/lo0 a (Ljava/util/List;Lcom/android/tools/r8/ir/optimize/a;Lcom/android/tools/r8/internal/V6;Ljava/util/Map$Entry;)V 252 <appendix> member <vmtarget> ; # com/android/tools/r8/internal/lo0$$Lambda+0x000002679b1f88d0
instanceKlass  @bci com/android/tools/r8/internal/US a (Lcom/android/tools/r8/internal/tU;ILcom/android/tools/r8/internal/Kf0;Lcom/android/tools/r8/internal/Kf0;)V 92 <adapter> ; # java/lang/invoke/LambdaForm$MH+0x000002679b1f4400
# instanceKlass java/lang/invoke/LambdaForm$DMH+0x000002679b1f5800
instanceKlass  @bci com/android/tools/r8/internal/US a (Lcom/android/tools/r8/internal/tU;ILcom/android/tools/r8/internal/Kf0;Lcom/android/tools/r8/internal/Kf0;)V 92 <appendix> form vmentry <vmtarget> ; # java/lang/invoke/LambdaForm$DMH+0x000002679b1f9800
instanceKlass  @bci com/android/tools/r8/internal/US a (Lcom/android/tools/r8/internal/tU;ILcom/android/tools/r8/internal/Kf0;Lcom/android/tools/r8/internal/Kf0;)V 92 <appendix> member <vmtarget> ; # com/android/tools/r8/internal/US$$Lambda+0x000002679b1f8698
instanceKlass com/android/tools/r8/internal/hb
instanceKlass  @cpi com/android/tools/r8/internal/US 1596 form vmentry <vmtarget> ; # java/lang/invoke/LambdaForm$DMH+0x000002679b205000
instanceKlass  @bci com/android/tools/r8/internal/kb h ()Ljava/lang/Iterable; 22 <appendix> argL0 ; # com/android/tools/r8/internal/kb$$Lambda+0x000002679b1f8250
instanceKlass  @bci com/android/tools/r8/internal/kb h ()Ljava/lang/Iterable; 12 <appendix> argL0 ; # com/android/tools/r8/internal/kb$$Lambda+0x000002679b1f8000
instanceKlass  @bci com/android/tools/r8/internal/kb a (I)Lcom/android/tools/r8/internal/q70; 31 <appendix> member <vmtarget> ; # com/android/tools/r8/internal/kb$$Lambda+0x000002679b323c88
instanceKlass  @bci com/android/tools/r8/internal/TY a (Ljava/util/HashSet;Ljava/util/HashMap;Ljava/util/HashSet;)Lcom/android/tools/r8/internal/rv; 39 <appendix> member <vmtarget> ; # com/android/tools/r8/internal/TY$$Lambda+0x000002679b323a30
instanceKlass  @bci com/android/tools/r8/internal/TY a (Lcom/android/tools/r8/internal/Y5;Ljava/util/HashSet;Ljava/util/HashMap;)V 285 <appendix> argL0 ; # com/android/tools/r8/internal/TY$$Lambda+0x000002679b323810
instanceKlass  @bci com/android/tools/r8/internal/LI b (Lcom/android/tools/r8/graph/H2;)Lcom/android/tools/r8/graph/g1; 1 <appendix> argL0 ; # com/android/tools/r8/internal/LI$$Lambda+0x000002679b3235c0
instanceKlass  @bci com/android/tools/r8/internal/LI a (Lcom/android/tools/r8/graph/H2;Lcom/android/tools/r8/synthesis/M;)V 109 <appendix> member <vmtarget> ; # com/android/tools/r8/internal/LI$$Lambda+0x000002679b323398
instanceKlass  @bci com/android/tools/r8/internal/LI a (Lcom/android/tools/r8/graph/H2;Lcom/android/tools/r8/internal/NI;)V 64 <appendix> member <vmtarget> ; # com/android/tools/r8/internal/LI$$Lambda+0x000002679b323160
instanceKlass  @bci com/android/tools/r8/internal/LI a (Lcom/android/tools/r8/graph/H2;Lcom/android/tools/r8/internal/NI;)V 56 <appendix> member <vmtarget> ; # com/android/tools/r8/internal/LI$$Lambda+0x000002679b322f28
instanceKlass  @bci com/android/tools/r8/internal/I9 a (Lcom/android/tools/r8/internal/du0;Lcom/android/tools/r8/internal/I9;Lcom/android/tools/r8/internal/H70;)Lcom/android/tools/r8/internal/I9; 3 <appendix> member <vmtarget> ; # com/android/tools/r8/internal/I9$$Lambda+0x000002679b322cf0
instanceKlass  @bci com/android/tools/r8/internal/I9 a (Ljava/util/function/BiFunction;Ljava/util/function/BiFunction;)Lcom/android/tools/r8/internal/I9; 3 <appendix> member <vmtarget> ; # com/android/tools/r8/internal/I9$$Lambda+0x000002679b322ab8
instanceKlass  @bci com/android/tools/r8/internal/I9 a (Lcom/android/tools/r8/internal/du0;Ljava/util/function/BiFunction;)Lcom/android/tools/r8/internal/I9; 2 <appendix> member <vmtarget> ; # com/android/tools/r8/internal/I9$$Lambda+0x000002679b322880
instanceKlass  @bci com/android/tools/r8/internal/nb a (Lcom/android/tools/r8/internal/I9;Lcom/android/tools/r8/graph/y;Lcom/android/tools/r8/internal/P8;)Lcom/android/tools/r8/internal/I9; 130 <appendix> member <vmtarget> ; # com/android/tools/r8/internal/nb$$Lambda+0x000002679b322648
instanceKlass  @bci com/android/tools/r8/internal/nb a (Lcom/android/tools/r8/internal/I9;Lcom/android/tools/r8/graph/y;Lcom/android/tools/r8/internal/P8;)Lcom/android/tools/r8/internal/I9; 124 <appendix> member <vmtarget> ; # com/android/tools/r8/internal/nb$$Lambda+0x000002679b322420
instanceKlass  @bci com/android/tools/r8/internal/tf b (Lcom/android/tools/r8/internal/sB;)Lcom/android/tools/r8/internal/De; 514 <appendix> argL0 ; # com/android/tools/r8/internal/tf$$Lambda+0x000002679b3221f0
instanceKlass  @bci com/android/tools/r8/internal/xB b (Lcom/android/tools/r8/graph/K5;Lcom/android/tools/r8/internal/Z40;Lcom/android/tools/r8/internal/RX;Lcom/android/tools/r8/internal/Lf;Lcom/android/tools/r8/internal/sX$a;Lcom/android/tools/r8/internal/at0;)Lcom/android/tools/r8/internal/at0; 35 <appendix> member <vmtarget> ; # com/android/tools/r8/internal/xB$$Lambda+0x000002679b3219c8
instanceKlass  @bci com/android/tools/r8/internal/lu b ()Lcom/android/tools/r8/graph/G; 78 <appendix> member <vmtarget> ; # com/android/tools/r8/internal/lu$$Lambda+0x000002679b321790
instanceKlass  @bci com/android/tools/r8/internal/o5 a (Lcom/android/tools/r8/graph/y;Lcom/android/tools/r8/synthesis/M;)V 46 <appendix> member <vmtarget> ; # com/android/tools/r8/internal/o5$$Lambda+0x000002679b321150
instanceKlass  @bci com/android/tools/r8/internal/o5 a (Lcom/android/tools/r8/graph/y;Lcom/android/tools/r8/graph/K5;Lcom/android/tools/r8/internal/n5;Ljava/util/function/Supplier;)Lcom/android/tools/r8/graph/K5; 27 <appendix> member <vmtarget> ; # com/android/tools/r8/internal/o5$$Lambda+0x000002679b320f18
instanceKlass  @bci com/android/tools/r8/internal/o5 a (Lcom/android/tools/r8/graph/y;Lcom/android/tools/r8/graph/K5;Lcom/android/tools/r8/internal/n5;Ljava/util/function/Supplier;)Lcom/android/tools/r8/graph/K5; 11 <appendix> argL0 ; # com/android/tools/r8/internal/o5$$Lambda+0x000002679b320cf8
instanceKlass  @bci com/android/tools/r8/internal/o5 a (Lcom/android/tools/r8/graph/y;Lcom/android/tools/r8/graph/K5;Lcom/android/tools/r8/internal/n5;Lcom/android/tools/r8/internal/Lf;Lcom/android/tools/r8/graph/u1;Ljava/util/LinkedHashMap;Lcom/android/tools/r8/graph/B2;)Lcom/android/tools/r8/graph/i0; 24 <appendix> member <vmtarget> ; # com/android/tools/r8/internal/o5$$Lambda+0x000002679b320ad0
instanceKlass  @bci com/android/tools/r8/internal/o5 a (Lcom/android/tools/r8/graph/u1;Lcom/android/tools/r8/graph/y;Lcom/android/tools/r8/graph/K5;Lcom/android/tools/r8/internal/n5;Lcom/android/tools/r8/internal/Lf;Ljava/util/LinkedHashMap;Lcom/android/tools/r8/synthesis/M;)V 54 <appendix> member <vmtarget> ; # com/android/tools/r8/internal/o5$$Lambda+0x000002679b320680
instanceKlass  @bci com/android/tools/r8/internal/o5 a (Lcom/android/tools/r8/graph/y;Lcom/android/tools/r8/graph/K5;Lcom/android/tools/r8/internal/ga;Lcom/android/tools/r8/internal/Lf;)Lcom/android/tools/r8/graph/B2; 49 <appendix> member <vmtarget> ; # com/android/tools/r8/internal/o5$$Lambda+0x000002679b320448
instanceKlass  @cpi com/android/tools/r8/internal/o5 240 form vmentry <vmtarget> ; # java/lang/invoke/LambdaForm$DMH+0x000002679b324000
instanceKlass  @bci com/android/tools/r8/internal/o5 a (Lcom/android/tools/r8/graph/y;Lcom/android/tools/r8/graph/K5;Lcom/android/tools/r8/internal/ga;Lcom/android/tools/r8/internal/Lf;)Lcom/android/tools/r8/graph/B2; 31 <appendix> argL0 ; # com/android/tools/r8/internal/o5$$Lambda+0x000002679b320228
instanceKlass  @bci com/android/tools/r8/internal/Pi b (Lcom/android/tools/r8/graph/K5;)V 76 <appendix> member <vmtarget> ; # com/android/tools/r8/internal/Pi$$Lambda+0x000002679b320000
instanceKlass  @bci com/android/tools/r8/internal/o5 a (Lcom/android/tools/r8/synthesis/M;)V 45 <appendix> member <vmtarget> ; # com/android/tools/r8/internal/o5$$Lambda+0x000002679b31f3d8
instanceKlass  @bci com/android/tools/r8/internal/o5 a (Lcom/android/tools/r8/graph/y;Lcom/android/tools/r8/graph/G5;Lcom/android/tools/r8/internal/n5;Ljava/util/function/Supplier;)Lcom/android/tools/r8/graph/B2; 27 <appendix> member <vmtarget> ; # com/android/tools/r8/internal/o5$$Lambda+0x000002679b31f1a0
instanceKlass  @bci com/android/tools/r8/internal/o5 a (Lcom/android/tools/r8/graph/y;Lcom/android/tools/r8/graph/G5;Lcom/android/tools/r8/internal/n5;Ljava/util/function/Supplier;)Lcom/android/tools/r8/graph/B2; 12 <appendix> argL0 ; # com/android/tools/r8/internal/o5$$Lambda+0x000002679b31ef80
instanceKlass  @bci com/android/tools/r8/internal/o5 a (Ljava/util/LinkedHashMap;Lcom/android/tools/r8/graph/y;Lcom/android/tools/r8/graph/K5;Lcom/android/tools/r8/internal/n5;Lcom/android/tools/r8/internal/Lf;Lcom/android/tools/r8/graph/M2;)V 24 <appendix> member <vmtarget> ; # com/android/tools/r8/internal/o5$$Lambda+0x000002679b31ed58
instanceKlass  @bci com/android/tools/r8/internal/o5 a (Lcom/android/tools/r8/graph/y;Lcom/android/tools/r8/graph/K5;Lcom/android/tools/r8/internal/n5;Lcom/android/tools/r8/internal/Lf;)Ljava/util/LinkedHashMap; 15 <appendix> member <vmtarget> ; # com/android/tools/r8/internal/o5$$Lambda+0x000002679b31eb20
instanceKlass com/android/tools/r8/internal/gm
instanceKlass  @bci com/android/tools/r8/internal/sB y ()V 373 <appendix> member <vmtarget> ; # com/android/tools/r8/internal/sB$$Lambda+0x000002679b31e0e0
instanceKlass com/android/tools/r8/internal/cL
instanceKlass  @bci com/android/tools/r8/internal/b6 a (Lcom/android/tools/r8/internal/Y5;)V 4 <appendix> member <vmtarget> ; # com/android/tools/r8/internal/b6$$Lambda+0x000002679b31dc80
instanceKlass com/android/tools/r8/internal/jt
instanceKlass  @bci com/android/tools/r8/ir/optimize/u0 a (Lcom/android/tools/r8/internal/sB;Lcom/android/tools/r8/internal/QJ;)V 125 <appendix> argL0 ; # com/android/tools/r8/ir/optimize/u0$$Lambda+0x000002679b31d808
instanceKlass com/android/tools/r8/internal/qF
instanceKlass com/android/tools/r8/internal/kF
instanceKlass com/android/tools/r8/internal/sF
instanceKlass com/android/tools/r8/internal/i40
instanceKlass  @bci com/android/tools/r8/internal/es a (Lcom/android/tools/r8/internal/Jr0;)V 1 <appendix> argL0 ; # com/android/tools/r8/internal/es$$Lambda+0x000002679b3194a8
instanceKlass  @bci com/android/tools/r8/internal/US b (IILcom/android/tools/r8/internal/tU;)Z 165 <appendix> member <vmtarget> ; # com/android/tools/r8/internal/US$$Lambda+0x000002679b318c50
instanceKlass  @bci com/android/tools/r8/internal/US a (Lcom/android/tools/r8/internal/tU;IZ)V 90 <appendix> member <vmtarget> ; # com/android/tools/r8/internal/US$$Lambda+0x000002679b318a18
instanceKlass com/android/tools/r8/internal/ex0
instanceKlass  @bci com/android/tools/r8/internal/Sn a (Lcom/android/tools/r8/internal/Jr0;)V 1 <appendix> argL0 ; # com/android/tools/r8/internal/Sn$$Lambda+0x000002679b316a48
instanceKlass com/android/tools/r8/internal/In
instanceKlass  @bci com/android/tools/r8/internal/US e (Lcom/android/tools/r8/internal/tU;)V 107 <appendix> member <vmtarget> ; # com/android/tools/r8/internal/US$$Lambda+0x000002679b316600
instanceKlass  @bci com/android/tools/r8/graph/u1 a (Lcom/android/tools/r8/internal/q70;)Lcom/android/tools/r8/graph/S0; 19 <appendix> argL0 ; # com/android/tools/r8/graph/u1$$Lambda+0x000002679b3163c0
instanceKlass com/android/tools/r8/internal/zo
instanceKlass com/android/tools/r8/graph/a1
instanceKlass com/android/tools/r8/graph/V0
instanceKlass com/android/tools/r8/internal/Ao
instanceKlass  @bci com/android/tools/r8/internal/mJ a (Lcom/android/tools/r8/graph/H2;)Lcom/android/tools/r8/internal/lJ; 5 <appendix> argL0 ; # com/android/tools/r8/internal/mJ$$Lambda+0x000002679b315210
instanceKlass com/android/tools/r8/internal/lJ
instanceKlass com/android/tools/r8/internal/af
instanceKlass  @bci com/android/tools/r8/graph/G2 a (Lcom/android/tools/r8/internal/Jr0;)V 9 <appendix> argL0 ; # com/android/tools/r8/graph/G2$$Lambda+0x000002679b314bb8
instanceKlass  @bci com/android/tools/r8/graph/G2 a (Lcom/android/tools/r8/internal/Jr0;)V 1 <appendix> argL0 ; # com/android/tools/r8/graph/G2$$Lambda+0x000002679b314978
instanceKlass  @bci com/android/tools/r8/graph/G2 m ()Lcom/android/tools/r8/internal/Hr0; 0 <appendix> argL0 ; # com/android/tools/r8/graph/G2$$Lambda+0x000002679b314758
instanceKlass  @bci com/android/tools/r8/internal/LI b (Lcom/android/tools/r8/graph/j1;Lcom/android/tools/r8/synthesis/M;)V 62 <appendix> argL0 ; # com/android/tools/r8/internal/LI$$Lambda+0x000002679b314538
instanceKlass com/android/tools/r8/internal/G30
instanceKlass com/android/tools/r8/internal/S30
instanceKlass  @bci com/android/tools/r8/synthesis/E a (Lcom/android/tools/r8/synthesis/Q$b;Ljava/util/function/Consumer;Ljava/util/function/Consumer;Ljava/util/function/Consumer;Lcom/android/tools/r8/synthesis/l;Lcom/android/tools/r8/graph/y;)Lcom/android/tools/r8/graph/H2; 195 <appendix> member <vmtarget> ; # com/android/tools/r8/synthesis/E$$Lambda+0x000002679b312b48
instanceKlass  @bci com/android/tools/r8/synthesis/E a (Lcom/android/tools/r8/synthesis/Q$b;Ljava/util/function/Consumer;Ljava/util/function/Consumer;Ljava/util/function/Consumer;Lcom/android/tools/r8/synthesis/l;Lcom/android/tools/r8/graph/y;)Lcom/android/tools/r8/graph/H2; 5 <appendix> member <vmtarget> ; # com/android/tools/r8/synthesis/E$$Lambda+0x000002679b312900
instanceKlass  @bci com/android/tools/r8/internal/mJ a (Lcom/android/tools/r8/graph/H2;Lcom/android/tools/r8/graph/L2;Lcom/android/tools/r8/graph/I2;Lcom/android/tools/r8/graph/y;Ljava/util/function/Consumer;Ljava/util/function/Consumer;)Lcom/android/tools/r8/graph/K5; 15 <appendix> member <vmtarget> ; # com/android/tools/r8/internal/mJ$$Lambda+0x000002679b3126c8
instanceKlass  @bci com/android/tools/r8/internal/mJ a (Lcom/android/tools/r8/graph/H2;Lcom/android/tools/r8/graph/L2;Lcom/android/tools/r8/graph/I2;Lcom/android/tools/r8/graph/y;Ljava/util/function/Consumer;Ljava/util/function/Consumer;)Lcom/android/tools/r8/graph/K5; 9 <appendix> argL0 ; # com/android/tools/r8/internal/mJ$$Lambda+0x000002679b3124a8
instanceKlass  @bci com/android/tools/r8/internal/LI d (Lcom/android/tools/r8/graph/K5;Lcom/android/tools/r8/internal/NI;)Lcom/android/tools/r8/graph/K5; 116 <appendix> member <vmtarget> ; # com/android/tools/r8/internal/LI$$Lambda+0x000002679b312270
instanceKlass  @bci com/android/tools/r8/internal/LI d (Lcom/android/tools/r8/graph/K5;Lcom/android/tools/r8/internal/NI;)Lcom/android/tools/r8/graph/K5; 110 <appendix> member <vmtarget> ; # com/android/tools/r8/internal/LI$$Lambda+0x000002679b312038
instanceKlass  @bci com/android/tools/r8/internal/XR a (Lcom/android/tools/r8/internal/PR;Lcom/android/tools/r8/graph/B2;Lcom/android/tools/r8/internal/UR;)Lcom/android/tools/r8/graph/G; 1233 <appendix> member <vmtarget> ; # com/android/tools/r8/internal/XR$$Lambda+0x000002679b311e10
instanceKlass  @bci com/android/tools/r8/internal/XR a (Lcom/android/tools/r8/internal/PR;Lcom/android/tools/r8/graph/B2;Lcom/android/tools/r8/internal/UR;)Lcom/android/tools/r8/graph/G; 1227 <appendix> member <vmtarget> ; # com/android/tools/r8/internal/XR$$Lambda+0x000002679b311be8
instanceKlass com/android/tools/r8/internal/QR
instanceKlass com/android/tools/r8/internal/QB
instanceKlass  @bci com/android/tools/r8/internal/US a (Ljava/util/List;Lcom/android/tools/r8/internal/qK;)V 36 <appendix> member <vmtarget> ; # com/android/tools/r8/internal/US$$Lambda+0x000002679b311358
instanceKlass  @bci com/android/tools/r8/internal/US c (Lcom/android/tools/r8/internal/ME;)Z 32 <appendix> member <vmtarget> ; # com/android/tools/r8/internal/US$$Lambda+0x000002679b3110d0
instanceKlass  @bci com/android/tools/r8/internal/zx0 a ()Lcom/android/tools/r8/ir/optimize/a; 10 <appendix> member <vmtarget> ; # com/android/tools/r8/internal/zx0$$Lambda+0x000002679b310480
instanceKlass  @bci com/android/tools/r8/internal/sB a (Lcom/android/tools/r8/ir/optimize/a;Ljava/util/function/Consumer;)V 57 <appendix> member <vmtarget> ; # com/android/tools/r8/internal/sB$$Lambda+0x000002679b310230
instanceKlass  @bci com/android/tools/r8/internal/sB a (Lcom/android/tools/r8/internal/nB;Lcom/android/tools/r8/ir/optimize/a;)Z 169 <appendix> argL0 ; # com/android/tools/r8/internal/sB$$Lambda+0x000002679b310000
instanceKlass  @bci com/android/tools/r8/internal/lx b (Lcom/android/tools/r8/internal/sB;Lcom/android/tools/r8/internal/f00;)Z 73 <appendix> argL0 ; # com/android/tools/r8/internal/lx$$Lambda+0x000002679b30cc00
instanceKlass  @bci com/android/tools/r8/ir/optimize/M a (Lcom/android/tools/r8/internal/sB;)V 583 <appendix> member <vmtarget> ; # com/android/tools/r8/ir/optimize/M$$Lambda+0x000002679b30bdc8
instanceKlass  @bci com/android/tools/r8/ir/optimize/M a (Lcom/android/tools/r8/internal/sB;)V 563 <appendix> argL0 ; # com/android/tools/r8/ir/optimize/M$$Lambda+0x000002679b30d738
instanceKlass  @bci com/android/tools/r8/ir/optimize/M a (Lcom/android/tools/r8/internal/sB;)V 553 <appendix> argL0 ; # com/android/tools/r8/ir/optimize/M$$Lambda+0x000002679b30d4e8
instanceKlass  @bci com/android/tools/r8/ir/optimize/M a (Lcom/android/tools/r8/internal/sB;)V 448 <appendix> argL0 ; # com/android/tools/r8/ir/optimize/M$$Lambda+0x000002679b30bb88
instanceKlass  @bci com/android/tools/r8/internal/nb a (Lcom/android/tools/r8/internal/I9;Lcom/android/tools/r8/graph/y;Lcom/android/tools/r8/internal/P8;)Lcom/android/tools/r8/internal/I9; 154 <appendix> member <vmtarget> ; # com/android/tools/r8/internal/nb$$Lambda+0x000002679b30b960
instanceKlass  @bci com/android/tools/r8/internal/sp a (Lcom/android/tools/r8/internal/Jr0;)V 49 <appendix> argL0 ; # com/android/tools/r8/internal/sp$$Lambda+0x000002679b30b720
instanceKlass  @bci com/android/tools/r8/internal/sp a (Lcom/android/tools/r8/internal/Jr0;)V 41 <appendix> argL0 ; # com/android/tools/r8/internal/sp$$Lambda+0x000002679b30b500
instanceKlass  @bci com/android/tools/r8/internal/sp a (Lcom/android/tools/r8/internal/Jr0;)V 33 <appendix> argL0 ; # com/android/tools/r8/internal/sp$$Lambda+0x000002679b30b2e0
instanceKlass  @bci com/android/tools/r8/internal/sp a (Lcom/android/tools/r8/internal/Jr0;)V 25 <appendix> argL0 ; # com/android/tools/r8/internal/sp$$Lambda+0x000002679b30b0c0
instanceKlass  @bci com/android/tools/r8/internal/sp a (Lcom/android/tools/r8/internal/Jr0;)V 17 <appendix> argL0 ; # com/android/tools/r8/internal/sp$$Lambda+0x000002679b30aea0
instanceKlass  @bci com/android/tools/r8/internal/sp a (Lcom/android/tools/r8/internal/Jr0;)V 9 <appendix> argL0 ; # com/android/tools/r8/internal/sp$$Lambda+0x000002679b30a2b0
instanceKlass  @bci com/android/tools/r8/internal/sp a (Lcom/android/tools/r8/internal/Jr0;)V 1 <appendix> argL0 ; # com/android/tools/r8/internal/sp$$Lambda+0x000002679b30a090
instanceKlass  @bci com/android/tools/r8/internal/sp a (Lcom/android/tools/r8/internal/Up;Lcom/android/tools/r8/internal/xf;)I 6 <appendix> argL0 ; # com/android/tools/r8/internal/sp$$Lambda+0x000002679b309e70
instanceKlass  @bci com/android/tools/r8/internal/pr a (Lcom/android/tools/r8/internal/Jr0;)V 1 <appendix> argL0 ; # com/android/tools/r8/internal/pr$$Lambda+0x000002679b309c30
instanceKlass  @bci com/android/tools/r8/internal/dp b (Lcom/android/tools/r8/internal/Jr0;)V 11 <appendix> member <vmtarget> ; # com/android/tools/r8/internal/dp$$Lambda+0x000002679b309a08
instanceKlass  @bci com/android/tools/r8/internal/dp b (Lcom/android/tools/r8/internal/Jr0;)V 2 <appendix> argL0 ; # com/android/tools/r8/internal/dp$$Lambda+0x000002679b3097e8
instanceKlass  @bci com/android/tools/r8/internal/dp a (Lcom/android/tools/r8/internal/Up;Lcom/android/tools/r8/internal/xf;)I 8 <appendix> member <vmtarget> ; # com/android/tools/r8/internal/dp$$Lambda+0x000002679b3095c0
instanceKlass com/android/tools/r8/internal/N70
instanceKlass  @bci com/android/tools/r8/internal/Hf0 a (Ljava/util/TreeSet;)Lcom/android/tools/r8/internal/Ef0; 31 <appendix> argL0 ; # com/android/tools/r8/internal/Hf0$$Lambda+0x000002679b3090b8
instanceKlass  @bci com/android/tools/r8/internal/Hf0 a (Ljava/util/TreeSet;)Lcom/android/tools/r8/internal/Ef0; 4 <appendix> member <vmtarget> ; # com/android/tools/r8/internal/Hf0$$Lambda+0x000002679b308be0
instanceKlass com/android/tools/r8/internal/Ff0
instanceKlass  @bci java/util/stream/MatchOps makeRef (Ljava/util/function/Predicate;Ljava/util/stream/MatchOps$MatchKind;)Ljava/util/stream/TerminalOp; 20 <appendix> member <vmtarget> ; # java/util/stream/MatchOps$$Lambda+0x000002679b0d6f20
instanceKlass java/util/stream/MatchOps$BooleanTerminalSink
instanceKlass java/util/stream/MatchOps$MatchOp
instanceKlass com/android/tools/r8/internal/S10
instanceKlass java/util/stream/MatchOps
instanceKlass  @bci com/android/tools/r8/ir/optimize/f0 a (Lcom/android/tools/r8/internal/Y5;Lcom/android/tools/r8/internal/US;Ljava/util/Set;Lcom/android/tools/r8/ir/optimize/X;)V 283 <adapter> ; # java/lang/invoke/LambdaForm$MH+0x000002679b30c800
# instanceKlass java/lang/invoke/LambdaForm$DMH+0x000002679b30c400
instanceKlass  @bci com/android/tools/r8/ir/optimize/f0 a (Lcom/android/tools/r8/internal/Y5;Lcom/android/tools/r8/internal/US;Ljava/util/Set;Lcom/android/tools/r8/ir/optimize/X;)V 283 <appendix> form vmentry <vmtarget> ; # java/lang/invoke/LambdaForm$DMH+0x000002679b30c000
instanceKlass  @bci com/android/tools/r8/ir/optimize/f0 a (Lcom/android/tools/r8/internal/Y5;Lcom/android/tools/r8/internal/US;Ljava/util/Set;Lcom/android/tools/r8/ir/optimize/X;)V 283 <appendix> member <vmtarget> ; # com/android/tools/r8/ir/optimize/f0$$Lambda+0x000002679b307b60
instanceKlass  @cpi com/android/tools/r8/ir/optimize/f0 247 form vmentry <vmtarget> ; # java/lang/invoke/LambdaForm$DMH+0x000002679b304400
instanceKlass  @bci com/android/tools/r8/graph/l1 a (Lcom/android/tools/r8/internal/Jr0;)V 17 <appendix> argL0 ; # com/android/tools/r8/graph/l1$$Lambda+0x000002679b304ce8
instanceKlass  @bci com/android/tools/r8/graph/l1 a (Lcom/android/tools/r8/internal/Jr0;)V 9 <appendix> argL0 ; # com/android/tools/r8/graph/l1$$Lambda+0x000002679b306f50
instanceKlass  @bci com/android/tools/r8/graph/l1 a (Lcom/android/tools/r8/internal/Jr0;)V 1 <appendix> argL0 ; # com/android/tools/r8/graph/l1$$Lambda+0x000002679b306d10
instanceKlass  @bci com/android/tools/r8/graph/l1 m ()Lcom/android/tools/r8/internal/Hr0; 0 <appendix> argL0 ; # com/android/tools/r8/graph/l1$$Lambda+0x000002679b306af0
instanceKlass  @bci com/android/tools/r8/internal/I9 b (Lcom/android/tools/r8/internal/du0;Lcom/android/tools/r8/internal/I9;Lcom/android/tools/r8/internal/H70;)Lcom/android/tools/r8/internal/I9; 3 <appendix> member <vmtarget> ; # com/android/tools/r8/internal/I9$$Lambda+0x000002679b3068b8
instanceKlass  @bci com/android/tools/r8/internal/ip b (Lcom/android/tools/r8/internal/Jr0;)V 17 <appendix> argL0 ; # com/android/tools/r8/internal/ip$$Lambda+0x000002679b306678
instanceKlass  @bci com/android/tools/r8/internal/I9 a (Lcom/android/tools/r8/internal/du0;)Lcom/android/tools/r8/internal/I9; 2 <appendix> member <vmtarget> ; # com/android/tools/r8/internal/I9$$Lambda+0x000002679b306440
instanceKlass  @bci com/android/tools/r8/internal/ip b (Lcom/android/tools/r8/internal/Jr0;)V 9 <appendix> argL0 ; # com/android/tools/r8/internal/ip$$Lambda+0x000002679b306220
instanceKlass  @bci com/android/tools/r8/internal/ip b (Lcom/android/tools/r8/internal/Jr0;)V 1 <appendix> argL0 ; # com/android/tools/r8/internal/ip$$Lambda+0x000002679b306000
instanceKlass  @bci com/android/tools/r8/internal/nb a (Lcom/android/tools/r8/internal/I9;Lcom/android/tools/r8/graph/y;Lcom/android/tools/r8/internal/P8;)Lcom/android/tools/r8/internal/I9; 72 <appendix> member <vmtarget> ; # com/android/tools/r8/internal/nb$$Lambda+0x000002679b303cd8
instanceKlass  @bci com/android/tools/r8/internal/ip a (Lcom/android/tools/r8/internal/Up;Lcom/android/tools/r8/internal/xf;)I 6 <appendix> argL0 ; # com/android/tools/r8/internal/ip$$Lambda+0x000002679b303ab8
instanceKlass  @bci com/android/tools/r8/internal/Zo a (Lcom/android/tools/r8/internal/Jr0;)V 9 <appendix> argL0 ; # com/android/tools/r8/internal/Zo$$Lambda+0x000002679b303898
instanceKlass  @bci com/android/tools/r8/internal/Zo a (Lcom/android/tools/r8/internal/Jr0;)V 1 <appendix> argL0 ; # com/android/tools/r8/internal/Zo$$Lambda+0x000002679b303678
instanceKlass  @bci com/android/tools/r8/internal/Zo a (Lcom/android/tools/r8/internal/Up;Lcom/android/tools/r8/internal/xf;)I 6 <appendix> argL0 ; # com/android/tools/r8/internal/Zo$$Lambda+0x000002679b303458
instanceKlass  @bci com/android/tools/r8/internal/po0 b (ILcom/android/tools/r8/internal/tU;Lcom/android/tools/r8/internal/tU;)V 32 <appendix> argL0 ; # com/android/tools/r8/internal/po0$$Lambda+0x000002679b302848
instanceKlass  @bci com/android/tools/r8/internal/Pi b (Lcom/android/tools/r8/graph/K5;Lcom/android/tools/r8/internal/ga;)V 58 <appendix> member <vmtarget> ; # com/android/tools/r8/internal/Pi$$Lambda+0x000002679b302620
instanceKlass  @bci com/android/tools/r8/synthesis/M a (Lcom/android/tools/r8/graph/V;)Lcom/android/tools/r8/graph/j1; 251 <appendix> member <vmtarget> ; # com/android/tools/r8/synthesis/M$$Lambda+0x000002679b3023e8
instanceKlass  @bci com/android/tools/r8/synthesis/M a (Lcom/android/tools/r8/graph/V;)Lcom/android/tools/r8/graph/j1; 207 <appendix> argL0 ; # com/android/tools/r8/synthesis/M$$Lambda+0x000002679b3021b8
instanceKlass  @bci com/android/tools/r8/synthesis/M a (Lcom/android/tools/r8/graph/V;)Lcom/android/tools/r8/graph/j1; 162 <appendix> member <vmtarget> ; # com/android/tools/r8/synthesis/M$$Lambda+0x000002679b301f80
instanceKlass  @bci com/android/tools/r8/internal/x5 a (Lcom/android/tools/r8/graph/y;Lcom/android/tools/r8/synthesis/M;)V 31 <appendix> member <vmtarget> ; # com/android/tools/r8/internal/x5$$Lambda+0x000002679b301b60
instanceKlass com/android/tools/r8/synthesis/L
instanceKlass  @bci java/util/function/Consumer andThen (Ljava/util/function/Consumer;)Ljava/util/function/Consumer; 7 <appendix> member <vmtarget> ; # java/util/function/Consumer$$Lambda+0x000002679b0d61a8
instanceKlass  @cpi java/util/function/Consumer 43 form vmentry <vmtarget> ; # java/lang/invoke/LambdaForm$DMH+0x000002679b304000
instanceKlass  @bci com/android/tools/r8/synthesis/E a (Lcom/android/tools/r8/synthesis/I;Lcom/android/tools/r8/graph/G5;Lcom/android/tools/r8/graph/y;Ljava/util/function/Consumer;Ljava/util/function/Supplier;)Lcom/android/tools/r8/graph/K5; 155 <appendix> argL0 ; # com/android/tools/r8/synthesis/E$$Lambda+0x000002679b301730
instanceKlass  @bci com/android/tools/r8/synthesis/E b (Lcom/android/tools/r8/synthesis/I;Lcom/android/tools/r8/internal/Of;Lcom/android/tools/r8/graph/y;Ljava/util/function/Consumer;)Lcom/android/tools/r8/graph/K5; 8 <appendix> member <vmtarget> ; # com/android/tools/r8/synthesis/E$$Lambda+0x000002679b301508
instanceKlass  @bci com/android/tools/r8/internal/x5 a (Lcom/android/tools/r8/graph/y;Lcom/android/tools/r8/internal/Lf;)Lcom/android/tools/r8/graph/K5; 21 <appendix> member <vmtarget> ; # com/android/tools/r8/internal/x5$$Lambda+0x000002679b3010a0
instanceKlass com/android/tools/r8/synthesis/M
instanceKlass  @bci com/android/tools/r8/internal/x5 a (Lcom/android/tools/r8/graph/y;Lcom/android/tools/r8/internal/Lf;)Lcom/android/tools/r8/graph/K5; 11 <appendix> member <vmtarget> ; # com/android/tools/r8/internal/x5$$Lambda+0x000002679b300738
instanceKlass com/android/tools/r8/internal/z9
instanceKlass  @bci com/android/tools/r8/internal/tU a (Lcom/android/tools/r8/internal/SS;)Lcom/android/tools/r8/internal/uU; 5 <appendix> member <vmtarget> ; # com/android/tools/r8/internal/tU$$Lambda+0x000002679b2ffc38
instanceKlass com/android/tools/r8/internal/tI
instanceKlass  @bci com/android/tools/r8/internal/US a (IZ)I 22 <appendix> member <vmtarget> ; # com/android/tools/r8/internal/US$$Lambda+0x000002679b2ff6f8
instanceKlass  @bci com/android/tools/r8/internal/tU a ()Lcom/android/tools/r8/internal/uU; 4 <appendix> argL0 ; # com/android/tools/r8/internal/tU$$Lambda+0x000002679b2ff478
instanceKlass java/util/ComparableTimSort
instanceKlass  @bci com/android/tools/r8/graph/u1 e (I)Lcom/android/tools/r8/graph/Q0; 15 <appendix> argL0 ; # com/android/tools/r8/graph/u1$$Lambda+0x000002679b2ff238
instanceKlass com/android/tools/r8/internal/TZ
instanceKlass  @bci com/android/tools/r8/internal/qo0 a (Ljava/util/ArrayList;)Ljava/util/LinkedHashMap; 276 <appendix> member <vmtarget> ; # com/android/tools/r8/internal/qo0$$Lambda+0x000002679b2fa578
instanceKlass  @cpi com/android/tools/r8/internal/qo0 255 form vmentry <vmtarget> ; # java/lang/invoke/LambdaForm$DMH+0x000002679b2f0400
instanceKlass com/android/tools/r8/internal/wa
instanceKlass sun/reflect/generics/reflectiveObjects/LazyReflectiveObjectGenerator
instanceKlass sun/reflect/generics/reflectiveObjects/ParameterizedTypeImpl
instanceKlass java/lang/reflect/ParameterizedType
instanceKlass sun/reflect/generics/visitor/Reifier
instanceKlass sun/reflect/generics/visitor/TypeTreeVisitor
instanceKlass sun/reflect/generics/tree/ClassSignature
instanceKlass sun/reflect/generics/tree/Signature
instanceKlass sun/reflect/generics/tree/ClassTypeSignature
instanceKlass sun/reflect/generics/tree/SimpleClassTypeSignature
instanceKlass sun/reflect/generics/tree/FieldTypeSignature
instanceKlass sun/reflect/generics/tree/BaseType
instanceKlass sun/reflect/generics/tree/TypeSignature
instanceKlass sun/reflect/generics/tree/ReturnType
instanceKlass sun/reflect/generics/tree/TypeArgument
instanceKlass sun/reflect/generics/tree/FormalTypeParameter
instanceKlass sun/reflect/generics/tree/TypeTree
instanceKlass sun/reflect/generics/tree/Tree
instanceKlass sun/reflect/generics/parser/SignatureParser
instanceKlass java/lang/reflect/TypeVariable
instanceKlass sun/reflect/generics/repository/AbstractRepository
instanceKlass sun/reflect/generics/factory/CoreReflectionFactory
instanceKlass sun/reflect/generics/factory/GenericsFactory
instanceKlass sun/reflect/generics/scope/AbstractScope
instanceKlass sun/reflect/generics/scope/Scope
instanceKlass com/android/tools/r8/internal/J3
instanceKlass  @bci com/android/tools/r8/internal/US e (Lcom/android/tools/r8/internal/tU;)V 38 <appendix> member <vmtarget> ; # com/android/tools/r8/internal/US$$Lambda+0x000002679b2f0a50
instanceKlass  @bci com/android/tools/r8/internal/lx a (Lcom/android/tools/r8/internal/zx0;)Z 1 <appendix> argL0 ; # com/android/tools/r8/internal/lx$$Lambda+0x000002679b2f0800
instanceKlass  @bci com/android/tools/r8/graph/J0$b a (Lcom/android/tools/r8/internal/Jr0;)V 9 <appendix> argL0 ; # com/android/tools/r8/graph/J0$b$$Lambda+0x000002679b2f1cb8
instanceKlass  @bci com/android/tools/r8/graph/J0$b a (Lcom/android/tools/r8/internal/Jr0;)V 1 <appendix> argL0 ; # com/android/tools/r8/graph/J0$b$$Lambda+0x000002679b2f1a98
instanceKlass  @bci com/android/tools/r8/graph/J0$b m ()Lcom/android/tools/r8/internal/Hr0; 0 <appendix> argL0 ; # com/android/tools/r8/graph/J0$b$$Lambda+0x000002679b2f1878
instanceKlass com/android/tools/r8/internal/IU
instanceKlass  @bci com/android/tools/r8/internal/Rn a (Lcom/android/tools/r8/internal/rA;)Ljava/util/ArrayList; 301 <appendix> argL0 ; # com/android/tools/r8/internal/Rn$$Lambda+0x000002679b2f7498
instanceKlass com/android/tools/r8/internal/Qn
instanceKlass com/android/tools/r8/internal/ye
instanceKlass com/android/tools/r8/internal/k20
instanceKlass  @bci com/android/tools/r8/internal/Y5 o ()Ljava/util/List; 27 <appendix> member <vmtarget> ; # com/android/tools/r8/internal/Y5$$Lambda+0x000002679b2f4eb8
instanceKlass  @bci com/android/tools/r8/internal/Y5 i ()Lcom/android/tools/r8/internal/O8; 27 <appendix> member <vmtarget> ; # com/android/tools/r8/internal/Y5$$Lambda+0x000002679b2ef910
instanceKlass  @cpi com/android/tools/r8/internal/Y5 889 form vmentry <vmtarget> ; # java/lang/invoke/LambdaForm$DMH+0x000002679b2f0000
instanceKlass  @bci com/android/tools/r8/internal/Fx0 a (Lcom/android/tools/r8/internal/zx0;Lcom/android/tools/r8/internal/zx0;)V 33 <appendix> argL0 ; # com/android/tools/r8/internal/Fx0$$Lambda+0x000002679b2ef6f0
instanceKlass  @bci com/android/tools/r8/internal/Fx0 a (Lcom/android/tools/r8/internal/zx0;Lcom/android/tools/r8/internal/zx0;)V 6 <appendix> argL0 ; # com/android/tools/r8/internal/Fx0$$Lambda+0x000002679b2ef4d0
instanceKlass  @bci com/android/tools/r8/internal/bz0 b (Ljava/lang/Iterable;)V 2 <appendix> member <vmtarget> ; # com/android/tools/r8/internal/bz0$$Lambda+0x000002679b2ecb58
instanceKlass  @bci com/android/tools/r8/internal/x10 a (ZLcom/android/tools/r8/internal/D7;Lcom/android/tools/r8/internal/VH;Lcom/android/tools/r8/internal/VH;Lcom/android/tools/r8/internal/w10;Lcom/android/tools/r8/internal/ga;Lcom/android/tools/r8/graph/K5;Lcom/android/tools/r8/internal/Lf;Lcom/android/tools/r8/internal/VH;Lcom/android/tools/r8/graph/G;Lcom/android/tools/r8/internal/VH;Lcom/android/tools/r8/internal/X9;)Ljava/util/Collection; 171 <appendix> member <vmtarget> ; # com/android/tools/r8/internal/x10$$Lambda+0x000002679b2eabb0
instanceKlass  @bci com/android/tools/r8/internal/VR a (Lcom/android/tools/r8/internal/ja;Lcom/android/tools/r8/internal/xy;Lcom/android/tools/r8/internal/EU;Lcom/android/tools/r8/internal/E9;Lcom/android/tools/r8/internal/ga;Lcom/android/tools/r8/graph/K5;Lcom/android/tools/r8/internal/Lf;Lcom/android/tools/r8/internal/UR;)Ljava/util/AbstractCollection; 178 <appendix> member <vmtarget> ; # com/android/tools/r8/internal/VR$$Lambda+0x000002679b2e90f0
instanceKlass  @bci com/android/tools/r8/synthesis/m b (Ljava/util/AbstractCollection;)V 17 <appendix> member <vmtarget> ; # com/android/tools/r8/synthesis/m$$Lambda+0x000002679b2e84e8
instanceKlass com/android/tools/r8/internal/qU
instanceKlass com/android/tools/r8/internal/XR
instanceKlass com/android/tools/r8/internal/ri
instanceKlass  @bci com/android/tools/r8/internal/nB a (Lcom/android/tools/r8/internal/q70;Lcom/android/tools/r8/internal/ME;)V 294 <appendix> member <vmtarget> ; # com/android/tools/r8/internal/nB$$Lambda+0x000002679b2df180
instanceKlass  @bci com/android/tools/r8/synthesis/m a (Ljava/util/AbstractCollection;)Lcom/android/tools/r8/synthesis/m; 18 <appendix> member <vmtarget> ; # com/android/tools/r8/synthesis/m$$Lambda+0x000002679b2def48
instanceKlass com/android/tools/r8/internal/Ca
instanceKlass com/android/tools/r8/internal/Pn
instanceKlass  @bci com/android/tools/r8/internal/K9 a (Lcom/android/tools/r8/internal/ma;)V 70 <appendix> member <vmtarget> ; # com/android/tools/r8/internal/K9$$Lambda+0x000002679b2de498
instanceKlass com/android/tools/r8/internal/OR
instanceKlass  @bci com/android/tools/r8/internal/Y8 a (Lcom/android/tools/r8/internal/I9;Lcom/android/tools/r8/graph/y;Lcom/android/tools/r8/internal/P8;)Lcom/android/tools/r8/internal/I9; 27 <appendix> member <vmtarget> ; # com/android/tools/r8/internal/Y8$$Lambda+0x000002679b2dd5a0
instanceKlass com/android/tools/r8/internal/PR
instanceKlass  @bci com/android/tools/r8/internal/Jr0 i (Ljava/util/function/Function;)Lcom/android/tools/r8/internal/Jr0; 7 <appendix> argL0 ; # com/android/tools/r8/internal/Jr0$$Lambda+0x000002679b2dd170
instanceKlass  @bci com/android/tools/r8/internal/Jr0 i (Ljava/util/function/Function;)Lcom/android/tools/r8/internal/Jr0; 2 <appendix> argL0 ; # com/android/tools/r8/internal/Jr0$$Lambda+0x000002679b2dcf50
instanceKlass  @bci java/util/function/Function andThen (Ljava/util/function/Function;)Ljava/util/function/Function; 7 <appendix> member <vmtarget> ; # java/util/function/Function$$Lambda+0x000002679b0d0a98
instanceKlass  @cpi java/util/function/Function 58 form vmentry <vmtarget> ; # java/lang/invoke/LambdaForm$DMH+0x000002679b2d5400
instanceKlass com/android/tools/r8/internal/q9
instanceKlass com/android/tools/r8/internal/V8
instanceKlass  @bci com/android/tools/r8/internal/Jr0 f (Ljava/util/function/Function;)Lcom/android/tools/r8/internal/Jr0; 2 <appendix> argL0 ; # com/android/tools/r8/internal/Jr0$$Lambda+0x000002679b2dc900
instanceKlass  @bci com/android/tools/r8/graph/O2 a (Lcom/android/tools/r8/internal/Jr0;)V 1 <appendix> argL0 ; # com/android/tools/r8/graph/O2$$Lambda+0x000002679b2dc6c0
instanceKlass  @bci com/android/tools/r8/graph/O2 m ()Lcom/android/tools/r8/internal/Hr0; 0 <appendix> argL0 ; # com/android/tools/r8/graph/O2$$Lambda+0x000002679b2dc4a0
instanceKlass  @bci com/android/tools/r8/internal/S9 a (Lcom/android/tools/r8/internal/I9;Lcom/android/tools/r8/graph/y;Lcom/android/tools/r8/internal/P8;)Lcom/android/tools/r8/internal/I9; 10 <appendix> argL0 ; # com/android/tools/r8/internal/S9$$Lambda+0x000002679b2dc270
instanceKlass  @bci com/android/tools/r8/graph/I2 a (Lcom/android/tools/r8/internal/Jr0;)V 9 <appendix> argL0 ; # com/android/tools/r8/graph/I2$$Lambda+0x000002679b2dc030
instanceKlass  @bci com/android/tools/r8/graph/I2 a (Lcom/android/tools/r8/internal/Jr0;)V 1 <appendix> argL0 ; # com/android/tools/r8/graph/I2$$Lambda+0x000002679b2dbdf0
instanceKlass  @bci com/android/tools/r8/graph/I2 m ()Lcom/android/tools/r8/internal/Hr0; 0 <appendix> argL0 ; # com/android/tools/r8/graph/I2$$Lambda+0x000002679b2dbbd0
instanceKlass  @bci com/android/tools/r8/graph/B2 a (Lcom/android/tools/r8/internal/Jr0;)V 17 <appendix> argL0 ; # com/android/tools/r8/graph/B2$$Lambda+0x000002679b2db990
instanceKlass  @bci com/android/tools/r8/graph/B2 a (Lcom/android/tools/r8/internal/Jr0;)V 9 <appendix> argL0 ; # com/android/tools/r8/graph/B2$$Lambda+0x000002679b2db750
instanceKlass  @bci com/android/tools/r8/internal/Jr0 e (Ljava/util/function/Function;)Lcom/android/tools/r8/internal/Jr0; 2 <appendix> argL0 ; # com/android/tools/r8/internal/Jr0$$Lambda+0x000002679b2db500
instanceKlass  @bci com/android/tools/r8/graph/B2 a (Lcom/android/tools/r8/internal/Jr0;)V 1 <appendix> argL0 ; # com/android/tools/r8/graph/B2$$Lambda+0x000002679b2db2c0
instanceKlass  @bci com/android/tools/r8/graph/B2 m ()Lcom/android/tools/r8/internal/Hr0; 0 <appendix> argL0 ; # com/android/tools/r8/graph/B2$$Lambda+0x000002679b2db0a0
instanceKlass  @bci com/android/tools/r8/internal/Gj a (Lcom/android/tools/r8/internal/Gr0;Lcom/android/tools/r8/internal/AA;Lcom/android/tools/r8/internal/Fr0;)V 1 <appendix> argL0 ; # com/android/tools/r8/internal/Gj$$Lambda+0x000002679b2dae80
instanceKlass com/android/tools/r8/internal/Gj
instanceKlass  @bci com/android/tools/r8/internal/Gr0 a (Lcom/android/tools/r8/internal/AA;)V 7 <appendix> argL0 ; # com/android/tools/r8/internal/Gr0$$Lambda+0x000002679b2daa58
instanceKlass com/android/tools/r8/internal/F
instanceKlass  @bci com/android/tools/r8/graph/u1 d (I)Lcom/android/tools/r8/graph/P0; 15 <appendix> argL0 ; # com/android/tools/r8/graph/u1$$Lambda+0x000002679b2d8eb8
instanceKlass  @bci com/android/tools/r8/internal/tU a (Ljava/util/List;)Z 32 <appendix> argL0 ; # com/android/tools/r8/internal/tU$$Lambda+0x000002679b2d7cc8
instanceKlass com/android/tools/r8/internal/E
instanceKlass  @bci com/android/tools/r8/internal/Gf0 a (Ljava/util/TreeSet;)Lcom/android/tools/r8/internal/dG; 36 <appendix> member <vmtarget> ; # com/android/tools/r8/internal/Gf0$$Lambda+0x000002679b2d70c0
instanceKlass com/android/tools/r8/internal/BA
instanceKlass  @bci com/android/tools/r8/internal/Eb a (Ljava/util/function/BiFunction;Lcom/android/tools/r8/internal/X9;Lcom/android/tools/r8/internal/I9;)Lcom/android/tools/r8/internal/Wt0; 11 <appendix> member <vmtarget> ; # com/android/tools/r8/internal/Eb$$Lambda+0x000002679b2d34b8
instanceKlass com/android/tools/r8/internal/CA
instanceKlass com/android/tools/r8/internal/Xt0
instanceKlass  @bci com/android/tools/r8/internal/US a (Lcom/android/tools/r8/internal/qK;)Z 54 <appendix> argL0 ; # com/android/tools/r8/internal/US$$Lambda+0x000002679b2d29c8
instanceKlass com/android/tools/r8/internal/zA
instanceKlass com/android/tools/r8/internal/Gf0
instanceKlass  @bci com/android/tools/r8/synthesis/E a (Lcom/android/tools/r8/synthesis/I;Lcom/android/tools/r8/internal/Of;Lcom/android/tools/r8/graph/y;Ljava/util/function/Consumer;)Lcom/android/tools/r8/graph/H2; 31 <appendix> member <vmtarget> ; # com/android/tools/r8/synthesis/E$$Lambda+0x000002679b2d1e38
# instanceKlass com/android/tools/r8/internal/Hf0$$Lambda+0x000002679b2d1be0
instanceKlass  @bci com/android/tools/r8/internal/Hf0 a (Ljava/util/ArrayDeque;Ljava/util/TreeSet;)V 4 <appendix> member <vmtarget> ; # com/android/tools/r8/internal/Hf0$$Lambda+0x000002679b2d1988
instanceKlass  @bci com/android/tools/r8/ir/optimize/f0 a (Lcom/android/tools/r8/internal/sB;Lcom/android/tools/r8/internal/Df0;I)V 591 <appendix> argL0 ; # com/android/tools/r8/ir/optimize/f0$$Lambda+0x000002679b2d1748
# instanceKlass com/android/tools/r8/internal/ZH$$Lambda+0x000002679b2d1518
instanceKlass  @bci com/android/tools/r8/internal/VR a (Lcom/android/tools/r8/internal/ja;Lcom/android/tools/r8/graph/K5;Lcom/android/tools/r8/internal/Lf;Lcom/android/tools/r8/internal/UR;Z)Lcom/android/tools/r8/internal/PR; 70 <adapter> ; # java/lang/invoke/LambdaForm$MH+0x000002679b2d5000
instanceKlass  @bci com/android/tools/r8/internal/ZH a ()Ljava/util/function/IntConsumer; 0 <appendix> argL0 ; # com/android/tools/r8/internal/ZH$$Lambda+0x000002679b2d12e8
# instanceKlass java/lang/invoke/LambdaForm$DMH+0x000002679b2d4c00
instanceKlass  @cpi com/android/tools/r8/internal/ZH 14 form vmentry <vmtarget> ; # java/lang/invoke/LambdaForm$DMH+0x000002679b2d4400
instanceKlass  @bci com/android/tools/r8/internal/VR a (Lcom/android/tools/r8/internal/ja;Lcom/android/tools/r8/graph/K5;Lcom/android/tools/r8/internal/Lf;Lcom/android/tools/r8/internal/UR;Z)Lcom/android/tools/r8/internal/PR; 70 <appendix> form vmentry <vmtarget> ; # java/lang/invoke/LambdaForm$DMH+0x000002679b2d4000
instanceKlass com/android/tools/r8/internal/ZH
# instanceKlass com/android/tools/r8/internal/Hf0$$Lambda+0x000002679b2c9a40
instanceKlass  @bci com/android/tools/r8/internal/G1 c (Lcom/android/tools/r8/graph/M2;)Lcom/android/tools/r8/internal/un0; 5 <appendix> argL0 ; # com/android/tools/r8/internal/G1$$Lambda+0x000002679b2c9800
instanceKlass  @bci com/android/tools/r8/internal/VR a (Lcom/android/tools/r8/internal/ja;Lcom/android/tools/r8/graph/K5;Lcom/android/tools/r8/internal/Lf;Lcom/android/tools/r8/internal/UR;Z)Lcom/android/tools/r8/internal/PR; 70 <appendix> member <vmtarget> ; # com/android/tools/r8/internal/VR$$Lambda+0x000002679b2cbd50
instanceKlass  @bci com/android/tools/r8/internal/Hf0 b ()V 135 <appendix> member <vmtarget> ; # com/android/tools/r8/internal/Hf0$$Lambda+0x000002679b2cbb18
# instanceKlass com/android/tools/r8/internal/Hf0$$Lambda+0x000002679b2cb8e0
instanceKlass  @bci com/android/tools/r8/internal/Hf0 b ()V 89 <appendix> member <vmtarget> ; # com/android/tools/r8/internal/Hf0$$Lambda+0x000002679b2cb6a8
instanceKlass  @cpi com/android/tools/r8/internal/VR 351 form vmentry <vmtarget> ; # java/lang/invoke/LambdaForm$DMH+0x000002679b2c9400
instanceKlass com/android/tools/r8/internal/gW
instanceKlass  @bci com/android/tools/r8/internal/qK a (Lcom/android/tools/r8/internal/K70;)Z 54 <appendix> argL0 ; # com/android/tools/r8/internal/qK$$Lambda+0x000002679b2cb028
instanceKlass java/util/logging/Logger$SystemLoggerHelper$1
instanceKlass java/util/logging/Logger$SystemLoggerHelper
instanceKlass  @cpi com/android/tools/r8/internal/Hf0 225 form vmentry <vmtarget> ; # java/lang/invoke/LambdaForm$DMH+0x000002679b2c9000
instanceKlass  @bci com/android/tools/r8/ir/optimize/u0 a (Lcom/android/tools/r8/graph/y;Lcom/android/tools/r8/internal/sB;)Z 78 <appendix> argL0 ; # com/android/tools/r8/ir/optimize/u0$$Lambda+0x000002679b2ca8d8
instanceKlass  @bci com/android/tools/r8/internal/VR a (Lcom/android/tools/r8/internal/ja;Lcom/android/tools/r8/graph/K5;Lcom/android/tools/r8/internal/Lf;Lcom/android/tools/r8/internal/UR;Z)Lcom/android/tools/r8/internal/PR; 49 <appendix> argL0 ; # com/android/tools/r8/internal/VR$$Lambda+0x000002679b2ca6b8
instanceKlass java/util/logging/LogManager$4
instanceKlass  @bci com/android/tools/r8/internal/zE a (Lcom/android/tools/r8/graph/y;Lcom/android/tools/r8/graph/K5;Lcom/android/tools/r8/internal/L1;Lcom/android/tools/r8/internal/LE;)Z 24 <appendix> argL0 ; # com/android/tools/r8/internal/zE$$Lambda+0x000002679b2ca468
instanceKlass  @bci com/android/tools/r8/internal/po0 c (ILcom/android/tools/r8/internal/tU;Lcom/android/tools/r8/internal/tU;)V 182 <appendix> argL0 ; # com/android/tools/r8/internal/po0$$Lambda+0x000002679b2ca228
instanceKlass  @bci com/android/tools/r8/internal/VR a (Lcom/android/tools/r8/internal/X9;Lcom/android/tools/r8/internal/q70;Lcom/android/tools/r8/internal/xy;Lcom/android/tools/r8/internal/EU;Lcom/android/tools/r8/internal/E9;Lcom/android/tools/r8/internal/ga;Lcom/android/tools/r8/graph/K5;Lcom/android/tools/r8/internal/Lf;Lcom/android/tools/r8/internal/Z9;Lcom/android/tools/r8/graph/u1;)Ljava/util/Collection; 16 <appendix> member <vmtarget> ; # com/android/tools/r8/internal/VR$$Lambda+0x000002679b2ca000
instanceKlass  @bci com/android/tools/r8/internal/I9 h ()Lcom/android/tools/r8/internal/I9; 1 <appendix> argL0 ; # com/android/tools/r8/internal/I9$$Lambda+0x000002679b2cfc20
instanceKlass jdk/internal/logger/BootstrapLogger$BootstrapExecutors
instanceKlass com/android/tools/r8/internal/m
instanceKlass java/io/FilePermission$1
instanceKlass jdk/internal/access/JavaIOFilePermissionAccess
instanceKlass jdk/internal/logger/LoggerFinderLoader
instanceKlass  @bci java/lang/System$LoggerFinder accessProvider ()Ljava/lang/System$LoggerFinder; 8 <appendix> argL0 ; # java/lang/System$LoggerFinder$$Lambda+0x000002679b0cfce8
instanceKlass java/util/stream/Streams
instanceKlass java/util/stream/Stream$Builder
instanceKlass java/util/stream/Streams$AbstractStreamBuilderImpl
instanceKlass  @bci java/util/stream/FindOps$FindSink$OfRef <clinit> ()V 43 <appendix> argL0 ; # java/util/stream/FindOps$FindSink$OfRef$$Lambda+0x800000047
instanceKlass  @bci java/util/stream/FindOps$FindSink$OfRef <clinit> ()V 38 <appendix> argL0 ; # java/util/stream/FindOps$FindSink$OfRef$$Lambda+0x800000049
instanceKlass  @bci java/util/stream/FindOps$FindSink$OfRef <clinit> ()V 16 <appendix> argL0 ; # java/util/stream/FindOps$FindSink$OfRef$$Lambda+0x800000048
instanceKlass  @bci java/util/stream/FindOps$FindSink$OfRef <clinit> ()V 11 <appendix> argL0 ; # java/util/stream/FindOps$FindSink$OfRef$$Lambda+0x80000004a
instanceKlass java/util/stream/FindOps$FindOp
instanceKlass java/util/stream/FindOps$FindSink
instanceKlass java/util/stream/FindOps
instanceKlass  @bci java/util/logging/Level$KnownLevel findByName (Ljava/lang/String;Ljava/util/function/Function;)Ljava/util/Optional; 29 <appendix> argL0 ; # java/util/logging/Level$KnownLevel$$Lambda+0x800000022
instanceKlass  @bci java/util/logging/Level findLevel (Ljava/lang/String;)Ljava/util/logging/Level; 13 <appendix> argL0 ; # java/util/logging/Level$$Lambda+0x800000010
instanceKlass com/android/tools/r8/internal/F7
instanceKlass java/util/Hashtable$Enumerator
instanceKlass com/android/tools/r8/internal/UR
instanceKlass  @bci com/android/tools/r8/internal/x10 a (ZLcom/android/tools/r8/internal/D7;Lcom/android/tools/r8/internal/VH;Lcom/android/tools/r8/internal/VH;Lcom/android/tools/r8/internal/w10;Lcom/android/tools/r8/internal/ga;Lcom/android/tools/r8/graph/K5;Lcom/android/tools/r8/internal/Lf;Lcom/android/tools/r8/internal/VH;Lcom/android/tools/r8/graph/G;Lcom/android/tools/r8/internal/VH;Lcom/android/tools/r8/internal/X9;)Ljava/util/Collection; 61 <appendix> member <vmtarget> ; # com/android/tools/r8/internal/x10$$Lambda+0x000002679b2cce10
instanceKlass  @bci com/android/tools/r8/internal/x10 a (ZLcom/android/tools/r8/internal/D7;Lcom/android/tools/r8/internal/VH;Lcom/android/tools/r8/internal/VH;Lcom/android/tools/r8/internal/w10;Lcom/android/tools/r8/internal/ga;Lcom/android/tools/r8/graph/K5;Lcom/android/tools/r8/internal/Lf;Lcom/android/tools/r8/internal/VH;Lcom/android/tools/r8/graph/G;Lcom/android/tools/r8/internal/VH;Lcom/android/tools/r8/internal/X9;)Ljava/util/Collection; 51 <appendix> member <vmtarget> ; # com/android/tools/r8/internal/x10$$Lambda+0x000002679b2ccbe8
instanceKlass java/util/Collections$3
instanceKlass java/util/logging/LogManager$LoggerContext$1
instanceKlass com/android/tools/r8/internal/YU
instanceKlass java/util/logging/LogManager$VisitedLoggers
instanceKlass  @bci com/android/tools/r8/internal/Y5 a (Lcom/android/tools/r8/internal/ME;)Ljava/lang/Iterable; 2 <appendix> member <vmtarget> ; # com/android/tools/r8/internal/Y5$$Lambda+0x000002679b2c7808
instanceKlass  @cpi com/android/tools/r8/internal/XR 402 form vmentry <vmtarget> ; # java/lang/invoke/LambdaForm$DMH+0x000002679b2c8c00
instanceKlass com/android/tools/r8/internal/lB
instanceKlass java/util/logging/LogManager$2
instanceKlass sun/security/util/FilePermCompat
instanceKlass  @bci com/android/tools/r8/internal/x10 a (Lcom/android/tools/r8/graph/K5;Lcom/android/tools/r8/internal/ga;Lcom/android/tools/r8/internal/Lf;)V 335 <adapter> ; # java/lang/invoke/LambdaForm$MH+0x000002679b2c8800
instanceKlass java/util/logging/LogManager$LoggingProviderAccess
instanceKlass java/lang/Shutdown$Lock
instanceKlass java/lang/Shutdown
instanceKlass com/android/tools/r8/internal/Gn
instanceKlass java/lang/ApplicationShutdownHooks$1
# instanceKlass java/lang/invoke/LambdaForm$DMH+0x000002679b2c8400
instanceKlass java/lang/ApplicationShutdownHooks
instanceKlass com/android/tools/r8/internal/F2
instanceKlass java/util/logging/LogManager$LogNode
instanceKlass java/util/logging/LogManager$LoggerContext
instanceKlass com/android/tools/r8/internal/r80
instanceKlass java/util/logging/LogManager$1
instanceKlass  @bci com/android/tools/r8/internal/x10 a (Lcom/android/tools/r8/graph/K5;Lcom/android/tools/r8/internal/ga;Lcom/android/tools/r8/internal/Lf;)V 335 <appendix> form vmentry <vmtarget> ; # java/lang/invoke/LambdaForm$DMH+0x000002679b2c8000
instanceKlass java/util/logging/LogManager
instanceKlass java/util/logging/Logger$ConfigurationData
instanceKlass  @bci com/android/tools/r8/internal/Z3 c (Lcom/android/tools/r8/internal/e20;)Lcom/android/tools/r8/internal/Z3; 19 <appendix> member <vmtarget> ; # com/android/tools/r8/internal/Z3$$Lambda+0x000002679b2c5520
instanceKlass java/util/logging/Logger$LoggerBundle
instanceKlass  @bci java/util/logging/Level$KnownLevel add (Ljava/util/logging/Level;)V 49 <appendix> argL0 ; # java/util/logging/Level$KnownLevel$$Lambda+0x800000021
instanceKlass  @bci java/util/logging/Level$KnownLevel add (Ljava/util/logging/Level;)V 19 <appendix> argL0 ; # java/util/logging/Level$KnownLevel$$Lambda+0x800000020
instanceKlass  @bci com/android/tools/r8/ir/optimize/z a (Lcom/android/tools/r8/internal/ME;)Z 429 <appendix> argL0 ; # com/android/tools/r8/ir/optimize/z$$Lambda+0x000002679b2c4ef8
instanceKlass  @bci com/android/tools/r8/internal/x10 a (Lcom/android/tools/r8/graph/K5;Lcom/android/tools/r8/internal/ga;Lcom/android/tools/r8/internal/Lf;)V 335 <appendix> member <vmtarget> ; # com/android/tools/r8/internal/x10$$Lambda+0x000002679b2c4cb0
instanceKlass java/util/logging/Level
instanceKlass java/util/logging/Handler
instanceKlass java/util/logging/Logger
instanceKlass com/android/tools/r8/internal/b70
instanceKlass com/android/tools/r8/internal/zG
instanceKlass  @cpi com/android/tools/r8/internal/x10 817 form vmentry <vmtarget> ; # java/lang/invoke/LambdaForm$DMH+0x000002679b2bc400
instanceKlass  @bci com/android/tools/r8/internal/I9 b (Ljava/util/function/BiFunction;)Lcom/android/tools/r8/internal/I9; 2 <appendix> member <vmtarget> ; # com/android/tools/r8/internal/I9$$Lambda+0x000002679b2c4390
instanceKlass com/android/tools/r8/internal/w10
instanceKlass  @bci com/android/tools/r8/internal/ME d1 ()Z 1 <appendix> argL0 ; # com/android/tools/r8/internal/ME$$Lambda+0x000002679b2c3a08
instanceKlass  @bci com/android/tools/r8/internal/Bb a (Lcom/android/tools/r8/internal/I9;Lcom/android/tools/r8/graph/y;Lcom/android/tools/r8/internal/P8;)Lcom/android/tools/r8/internal/I9; 13 <appendix> member <vmtarget> ; # com/android/tools/r8/internal/Bb$$Lambda+0x000002679b2c2f50
instanceKlass com/android/tools/r8/internal/xv0
instanceKlass com/android/tools/r8/internal/H20
instanceKlass  @bci com/android/tools/r8/internal/Bb a (Lcom/android/tools/r8/internal/I9;Lcom/android/tools/r8/graph/y;Lcom/android/tools/r8/internal/P8;)Lcom/android/tools/r8/internal/I9; 60 <appendix> member <vmtarget> ; # com/android/tools/r8/internal/Bb$$Lambda+0x000002679b2bccf8
instanceKlass  @bci com/android/tools/r8/internal/sg g ()Lcom/android/tools/r8/internal/I9; 1 <appendix> argL0 ; # com/android/tools/r8/internal/sg$$Lambda+0x000002679b2c0a30
instanceKlass com/android/tools/r8/references/ArrayReference
instanceKlass com/android/tools/r8/internal/Ab
instanceKlass com/android/tools/r8/internal/cb
instanceKlass  @bci com/android/tools/r8/internal/Hf0 a (Ljava/util/ArrayDeque;)V 6 <appendix> member <vmtarget> ; # com/android/tools/r8/internal/Hf0$$Lambda+0x000002679b2be000
instanceKlass com/android/tools/r8/internal/Ef0
instanceKlass com/android/tools/r8/graph/i1
instanceKlass com/android/tools/r8/ir/optimize/N
instanceKlass com/android/tools/r8/graph/Z0
instanceKlass com/android/tools/r8/ir/optimize/N$b
instanceKlass com/android/tools/r8/internal/Hf0
instanceKlass  @bci com/android/tools/r8/internal/po0 a (Ljava/util/Set;Ljava/util/Set;Ljava/util/Set;)V 5 <appendix> member <vmtarget> ; # com/android/tools/r8/internal/po0$$Lambda+0x000002679b2b9330
instanceKlass  @cpi com/android/tools/r8/internal/po0 271 form vmentry <vmtarget> ; # java/lang/invoke/LambdaForm$DMH+0x000002679b2bc000
instanceKlass com/android/tools/r8/graph/c3
instanceKlass  @bci com/android/tools/r8/graph/u1 b (I)Lcom/android/tools/r8/graph/O0$a; 15 <appendix> argL0 ; # com/android/tools/r8/graph/u1$$Lambda+0x000002679b2b8ee8
instanceKlass com/android/tools/r8/internal/oo0
instanceKlass  @bci com/android/tools/r8/graph/u1 a (I)Lcom/android/tools/r8/graph/N0; 15 <appendix> argL0 ; # com/android/tools/r8/graph/u1$$Lambda+0x000002679b2b7308
instanceKlass  @bci com/android/tools/r8/internal/po0 a (ILcom/android/tools/r8/internal/tU;Lcom/android/tools/r8/internal/tU;)V 32 <appendix> argL0 ; # com/android/tools/r8/internal/po0$$Lambda+0x000002679b2b6b48
instanceKlass com/android/tools/r8/internal/T5
instanceKlass  @bci com/android/tools/r8/ir/optimize/f0 a (Lcom/android/tools/r8/internal/sB;Lcom/android/tools/r8/internal/Df0;I)V 513 <appendix> argL0 ; # com/android/tools/r8/ir/optimize/f0$$Lambda+0x000002679b2b53a0
instanceKlass com/android/tools/r8/internal/hH
instanceKlass com/android/tools/r8/internal/E20
instanceKlass com/android/tools/r8/graph/U0
instanceKlass com/android/tools/r8/internal/jo
instanceKlass  @bci com/android/tools/r8/internal/qK a (Lcom/android/tools/r8/internal/US;)Z 7 <appendix> member <vmtarget> ; # com/android/tools/r8/internal/qK$$Lambda+0x000002679b2b2880
instanceKlass com/android/tools/r8/internal/x8
instanceKlass com/android/tools/r8/internal/Fn
instanceKlass  @bci com/android/tools/r8/internal/TY a (Lcom/android/tools/r8/internal/Y5;)Z 17 <appendix> argL0 ; # com/android/tools/r8/internal/TY$$Lambda+0x000002679b2b1fe0
instanceKlass com/android/tools/r8/internal/u8
instanceKlass com/android/tools/r8/internal/pB
# instanceKlass com/android/tools/r8/internal/US$$Lambda+0x000002679b2b0d90
# instanceKlass com/android/tools/r8/internal/US$$Lambda+0x000002679b2b0450
# instanceKlass com/android/tools/r8/internal/US$$Lambda+0x000002679b2b0678
# instanceKlass com/android/tools/r8/internal/US$$Lambda+0x000002679b2b0228
# instanceKlass com/android/tools/r8/internal/US$$Lambda+0x000002679b2b0000
instanceKlass  @bci com/android/tools/r8/internal/US a (Lcom/android/tools/r8/internal/tU;IZLcom/android/tools/r8/internal/Kf0;Lcom/android/tools/r8/internal/If0;)I 100 <appendix> member <vmtarget> ; # com/android/tools/r8/internal/US$$Lambda+0x000002679b2ad400
instanceKlass  @bci com/android/tools/r8/internal/US a (Lcom/android/tools/r8/internal/tU;)V 150 <appendix> member <vmtarget> ; # com/android/tools/r8/internal/US$$Lambda+0x000002679b2ad800
# instanceKlass com/android/tools/r8/internal/US$$Lambda+0x000002679b2afbf8
# instanceKlass com/android/tools/r8/internal/US$$Lambda+0x000002679b2af9a0
# instanceKlass com/android/tools/r8/internal/US$$Lambda+0x000002679b2af748
instanceKlass  @bci com/android/tools/r8/internal/US a (Lcom/android/tools/r8/internal/tU;IZLcom/android/tools/r8/internal/Kf0;Lcom/android/tools/r8/internal/If0;)I 93 <appendix> member <vmtarget> ; # com/android/tools/r8/internal/US$$Lambda+0x000002679b2af298
# instanceKlass com/android/tools/r8/internal/US$$Lambda+0x000002679b2af4f0
# instanceKlass com/android/tools/r8/internal/US$$Lambda+0x000002679b2aeb70
# instanceKlass com/android/tools/r8/internal/US$$Lambda+0x000002679b2ae948
# instanceKlass com/android/tools/r8/internal/US$$Lambda+0x000002679b2ae720
# instanceKlass com/android/tools/r8/internal/US$$Lambda+0x000002679b2ae4f8
instanceKlass  @bci com/android/tools/r8/internal/US a (Lcom/android/tools/r8/internal/tU;IZLcom/android/tools/r8/internal/Kf0;Lcom/android/tools/r8/internal/If0;)I 72 <appendix> member <vmtarget> ; # com/android/tools/r8/internal/US$$Lambda+0x000002679b2abd08
# instanceKlass com/android/tools/r8/internal/US$$Lambda+0x000002679b2ab0e0
# instanceKlass com/android/tools/r8/internal/US$$Lambda+0x000002679b2aae88
# instanceKlass com/android/tools/r8/internal/US$$Lambda+0x000002679b2aac30
# instanceKlass com/android/tools/r8/internal/US$$Lambda+0x000002679b2aa9d8
instanceKlass  @bci com/android/tools/r8/internal/US a (Lcom/android/tools/r8/internal/tU;IZLcom/android/tools/r8/internal/Kf0;Lcom/android/tools/r8/internal/If0;)I 65 <appendix> member <vmtarget> ; # com/android/tools/r8/internal/US$$Lambda+0x000002679b2aa780
# instanceKlass com/android/tools/r8/internal/US$$Lambda+0x000002679b2aa558
# instanceKlass com/android/tools/r8/internal/US$$Lambda+0x000002679b2aa330
# instanceKlass com/android/tools/r8/internal/US$$Lambda+0x000002679b2aa108
# instanceKlass com/android/tools/r8/internal/US$$Lambda+0x000002679b2a9ee0
instanceKlass  @bci com/android/tools/r8/internal/US a (Lcom/android/tools/r8/internal/tU;IZLcom/android/tools/r8/internal/Kf0;Lcom/android/tools/r8/internal/If0;)I 44 <appendix> member <vmtarget> ; # com/android/tools/r8/internal/US$$Lambda+0x000002679b2a9cb8
instanceKlass com/android/tools/r8/internal/Rn
instanceKlass  @cpi com/android/tools/r8/internal/US 1564 form vmentry <vmtarget> ; # java/lang/invoke/LambdaForm$DMH+0x000002679b2ac000
# instanceKlass com/android/tools/r8/internal/US$$Lambda+0x000002679b2a9850
instanceKlass com/android/tools/r8/internal/nI
# instanceKlass com/android/tools/r8/internal/US$$Lambda+0x000002679b2a8dc8
# instanceKlass com/android/tools/r8/internal/US$$Lambda+0x000002679b2a8b70
# instanceKlass com/android/tools/r8/internal/US$$Lambda+0x000002679b2a8918
instanceKlass  @bci com/android/tools/r8/internal/US a (Lcom/android/tools/r8/internal/tU;IZLcom/android/tools/r8/internal/Kf0;Lcom/android/tools/r8/internal/If0;)I 37 <appendix> member <vmtarget> ; # com/android/tools/r8/internal/US$$Lambda+0x000002679b2a86c0
# instanceKlass com/android/tools/r8/internal/tU$$Lambda+0x000002679b2a84a0
# instanceKlass com/android/tools/r8/internal/US$$Lambda+0x000002679b2a8250
# instanceKlass com/android/tools/r8/internal/US$$Lambda+0x000002679b2a8000
instanceKlass  @bci com/android/tools/r8/ir/optimize/b0 a (Lcom/android/tools/r8/internal/ME;)Z 246 <appendix> member <vmtarget> ; # com/android/tools/r8/ir/optimize/b0$$Lambda+0x000002679b2a1cc0
instanceKlass  @bci com/android/tools/r8/internal/US a (Lcom/android/tools/r8/internal/tU;ILcom/android/tools/r8/internal/Kf0;)Z 526 <appendix> argL0 ; # com/android/tools/r8/internal/US$$Lambda+0x000002679b2a1a70
instanceKlass  @cpi com/android/tools/r8/ir/optimize/b0 89 form vmentry <vmtarget> ; # java/lang/invoke/LambdaForm$DMH+0x000002679b2a0c00
# instanceKlass com/android/tools/r8/internal/tU$$Lambda+0x000002679b2a1850
instanceKlass  @bci com/android/tools/r8/internal/tU l ()V 37 <appendix> argL0 ; # com/android/tools/r8/internal/tU$$Lambda+0x000002679b2a1630
instanceKlass com/android/tools/r8/ir/optimize/b0
instanceKlass com/android/tools/r8/ir/optimize/f0
instanceKlass  @bci com/android/tools/r8/internal/ME a (Lcom/android/tools/r8/internal/ME;)V 36 <appendix> argL0 ; # com/android/tools/r8/internal/ME$$Lambda+0x000002679b2a7b98
instanceKlass  @bci com/android/tools/r8/internal/ME a (Lcom/android/tools/r8/internal/ME;)V 18 <appendix> argL0 ; # com/android/tools/r8/internal/ME$$Lambda+0x000002679b2a7968
# instanceKlass com/android/tools/r8/internal/ME$$Lambda+0x000002679b2a7738
instanceKlass  @bci com/android/tools/r8/internal/Y5 b ()V 9 <appendix> argL0 ; # com/android/tools/r8/internal/Y5$$Lambda+0x000002679b2a7508
# instanceKlass com/android/tools/r8/internal/Y5$$Lambda+0x000002679b2a72d8
# instanceKlass com/android/tools/r8/internal/US$$Lambda+0x000002679b2a69f0
instanceKlass  @bci com/android/tools/r8/internal/US f ()V 7 <appendix> argL0 ; # com/android/tools/r8/internal/US$$Lambda+0x000002679b2a67c0
# instanceKlass com/android/tools/r8/internal/US$$Lambda+0x000002679b2a5e80
instanceKlass  @bci com/android/tools/r8/internal/US a (Lcom/android/tools/r8/internal/uC;Ljava/util/ArrayList;Lcom/android/tools/r8/internal/Df0;Ljava/util/IdentityHashMap;)V 574 <appendix> member <vmtarget> ; # com/android/tools/r8/internal/US$$Lambda+0x000002679b2a5c28
instanceKlass com/android/tools/r8/internal/BZ
# instanceKlass com/android/tools/r8/internal/US$$Lambda+0x000002679b2a5740
instanceKlass  @bci com/android/tools/r8/internal/US a (Lcom/android/tools/r8/internal/uC;Ljava/util/ArrayList;Lcom/android/tools/r8/internal/Df0;Ljava/util/IdentityHashMap;)V 546 <appendix> argL0 ; # com/android/tools/r8/internal/US$$Lambda+0x000002679b2a54f0
instanceKlass com/android/tools/r8/internal/D0
instanceKlass  @bci com/android/tools/r8/internal/tm0 a (Ljava/lang/Iterable;)Ljava/util/Set; 18 <appendix> member <vmtarget> ; # com/android/tools/r8/internal/tm0$$Lambda+0x000002679b2a4d10
instanceKlass com/android/tools/r8/internal/qi
instanceKlass  @bci com/android/tools/r8/internal/US a (Lcom/android/tools/r8/internal/uC;Ljava/util/ArrayList;Lcom/android/tools/r8/internal/Df0;Ljava/util/IdentityHashMap;)V 271 <appendix> argL0 ; # com/android/tools/r8/internal/US$$Lambda+0x000002679b2a4678
instanceKlass com/android/tools/r8/internal/AZ
# instanceKlass com/android/tools/r8/internal/US$$Lambda+0x000002679b2a4228
instanceKlass com/android/tools/r8/internal/TS
# instanceKlass com/android/tools/r8/internal/US$$Lambda+0x000002679b29fcd8
instanceKlass  @bci com/android/tools/r8/internal/US a (Ljava/util/List;Lcom/android/tools/r8/internal/qK;)V 20 <appendix> argL0 ; # com/android/tools/r8/internal/US$$Lambda+0x000002679b29fa88
instanceKlass  @bci com/android/tools/r8/internal/US c (ILcom/android/tools/r8/internal/tU;)Lcom/android/tools/r8/internal/Kf0; 161 <appendix> member <vmtarget> ; # com/android/tools/r8/internal/US$$Lambda+0x000002679b29f438
# instanceKlass com/android/tools/r8/internal/US$$Lambda+0x000002679b29f218
instanceKlass  @bci com/android/tools/r8/internal/US a (Lcom/android/tools/r8/internal/uC;Ljava/util/ArrayList;Lcom/android/tools/r8/internal/Df0;Ljava/util/IdentityHashMap;)V 180 <appendix> argL0 ; # com/android/tools/r8/internal/US$$Lambda+0x000002679b29eff8
# instanceKlass com/android/tools/r8/internal/US$$Lambda+0x000002679b29eda8
instanceKlass  @bci com/android/tools/r8/internal/US a (Lcom/android/tools/r8/internal/tU;)V 207 <appendix> argL0 ; # com/android/tools/r8/internal/US$$Lambda+0x000002679b29eb78
instanceKlass  @bci com/android/tools/r8/internal/US a (Lcom/android/tools/r8/internal/tU;ILcom/android/tools/r8/internal/Kf0;)Z 94 <appendix> argL0 ; # com/android/tools/r8/internal/US$$Lambda+0x000002679b29e928
# instanceKlass com/android/tools/r8/internal/TY$$Lambda+0x000002679b29e6d0
instanceKlass  @bci com/android/tools/r8/internal/TY a ()V 5 <appendix> member <vmtarget> ; # com/android/tools/r8/internal/TY$$Lambda+0x000002679b29e478
instanceKlass  @cpi com/android/tools/r8/internal/US 1894 form vmentry <vmtarget> ; # java/lang/invoke/LambdaForm$DMH+0x000002679b2a0000
instanceKlass  @bci com/android/tools/r8/internal/US a (Lcom/android/tools/r8/internal/tU;)V 21 <appendix> member <vmtarget> ; # com/android/tools/r8/internal/US$$Lambda+0x000002679b29d9b8
instanceKlass com/android/tools/r8/internal/TY
# instanceKlass com/android/tools/r8/internal/US$$Lambda+0x000002679b29d520
instanceKlass com/android/tools/r8/internal/ZD
# instanceKlass com/android/tools/r8/internal/US$$Lambda+0x000002679b29d0c0
# instanceKlass com/android/tools/r8/internal/US$$Lambda+0x000002679b29ce70
# instanceKlass com/android/tools/r8/internal/US$$Lambda+0x000002679b29cc20
# instanceKlass com/android/tools/r8/internal/US$$Lambda+0x000002679b29c9d0
instanceKlass  @bci com/android/tools/r8/internal/US b (Lcom/android/tools/r8/internal/tU;)V 31 <appendix> argL0 ; # com/android/tools/r8/internal/US$$Lambda+0x000002679b29c780
# instanceKlass com/android/tools/r8/internal/US$$Lambda+0x000002679b29c530
# instanceKlass com/android/tools/r8/internal/US$$Lambda+0x000002679b29c2e0
# instanceKlass com/android/tools/r8/internal/US$$Lambda+0x000002679b29c090
instanceKlass  @bci com/android/tools/r8/internal/po0 a (I)I 131 <appendix> member <vmtarget> ; # com/android/tools/r8/internal/po0$$Lambda+0x000002679b29be38
# instanceKlass com/android/tools/r8/internal/po0$$Lambda+0x000002679b29bbe0
# instanceKlass com/android/tools/r8/internal/US$$Lambda+0x000002679b29b990
# instanceKlass com/android/tools/r8/internal/US$$Lambda+0x000002679b29b740
instanceKlass  @bci com/android/tools/r8/internal/US o (Lcom/android/tools/r8/internal/tU;)V 16 <appendix> argL0 ; # com/android/tools/r8/internal/US$$Lambda+0x000002679b29b4f0
# instanceKlass com/android/tools/r8/internal/US$$Lambda+0x000002679b29b2a0
instanceKlass  @bci com/android/tools/r8/internal/US a (Z)V 21 <appendix> argL0 ; # com/android/tools/r8/internal/US$$Lambda+0x000002679b29b050
# instanceKlass com/android/tools/r8/internal/US$$Lambda+0x000002679b29ae00
# instanceKlass com/android/tools/r8/internal/US$$Lambda+0x000002679b29abb0
instanceKlass com/android/tools/r8/internal/po0
# instanceKlass com/android/tools/r8/internal/US$$Lambda+0x000002679b29a750
instanceKlass  @bci com/android/tools/r8/internal/US n (Lcom/android/tools/r8/internal/tU;)V 16 <appendix> argL0 ; # com/android/tools/r8/internal/US$$Lambda+0x000002679b29a500
# instanceKlass com/android/tools/r8/internal/VK$$Lambda+0x000002679b29a2b8
# instanceKlass com/android/tools/r8/internal/VK$$Lambda+0x000002679b29a070
# instanceKlass com/android/tools/r8/internal/VK$$Lambda+0x000002679b299e28
# instanceKlass com/android/tools/r8/internal/VK$$Lambda+0x000002679b299be0
# instanceKlass com/android/tools/r8/internal/VK$$Lambda+0x000002679b299998
# instanceKlass com/android/tools/r8/internal/VK$$Lambda+0x000002679b299750
# instanceKlass com/android/tools/r8/internal/VK$$Lambda+0x000002679b299508
instanceKlass  @bci com/android/tools/r8/internal/VK a (Ljava/lang/Iterable;Ljava/util/function/Predicate;)Ljava/lang/Iterable; 2 <appendix> member <vmtarget> ; # com/android/tools/r8/internal/VK$$Lambda+0x000002679b2992c0
# instanceKlass com/android/tools/r8/internal/US$$Lambda+0x000002679b299068
# instanceKlass com/android/tools/r8/internal/US$$Lambda+0x000002679b298e10
# instanceKlass com/android/tools/r8/internal/US$$Lambda+0x000002679b298bb8
# instanceKlass com/android/tools/r8/internal/US$$Lambda+0x000002679b298960
instanceKlass  @bci com/android/tools/r8/internal/US n ()Z 36 <appendix> member <vmtarget> ; # com/android/tools/r8/internal/US$$Lambda+0x000002679b298708
# instanceKlass com/android/tools/r8/internal/US$$Lambda+0x000002679b2984b0
# instanceKlass com/android/tools/r8/internal/US$$Lambda+0x000002679b298258
# instanceKlass com/android/tools/r8/internal/US$$Lambda+0x000002679b298000
instanceKlass com/android/tools/r8/internal/oB
# instanceKlass com/android/tools/r8/internal/US$$Lambda+0x000002679b297aa0
# instanceKlass com/android/tools/r8/internal/US$$Lambda+0x000002679b297840
# instanceKlass com/android/tools/r8/internal/US$$Lambda+0x000002679b2975e0
# instanceKlass com/android/tools/r8/internal/US$$Lambda+0x000002679b297120
# instanceKlass com/android/tools/r8/internal/US$$Lambda+0x000002679b297380
# instanceKlass com/android/tools/r8/internal/US$$Lambda+0x000002679b296ec0
instanceKlass  @bci com/android/tools/r8/internal/US i ()Lcom/android/tools/r8/internal/XK; 8 <appendix> argL0 ; # com/android/tools/r8/internal/US$$Lambda+0x000002679b296c60
# instanceKlass com/android/tools/r8/internal/US$$Lambda+0x000002679b296a00
# instanceKlass com/android/tools/r8/internal/sB$$Lambda+0x000002679b2967b8
# instanceKlass com/android/tools/r8/internal/sB$$Lambda+0x000002679b296570
# instanceKlass com/android/tools/r8/internal/sB$$Lambda+0x000002679b296328
# instanceKlass com/android/tools/r8/internal/sB$$Lambda+0x000002679b2960e0
# instanceKlass com/android/tools/r8/internal/sB$$Lambda+0x000002679b295e98
# instanceKlass com/android/tools/r8/internal/sB$$Lambda+0x000002679b295c50
instanceKlass  @bci com/android/tools/r8/internal/sB c ()Ljava/lang/Iterable; 1 <appendix> member <vmtarget> ; # com/android/tools/r8/internal/sB$$Lambda+0x000002679b295a08
# instanceKlass com/android/tools/r8/internal/sB$$Lambda+0x000002679b2957c0
# instanceKlass com/android/tools/r8/internal/sB$$Lambda+0x000002679b295578
# instanceKlass com/android/tools/r8/internal/sB$$Lambda+0x000002679b295330
# instanceKlass com/android/tools/r8/internal/sB$$Lambda+0x000002679b2950e8
# instanceKlass com/android/tools/r8/internal/sB$$Lambda+0x000002679b294ea0
# instanceKlass com/android/tools/r8/internal/sB$$Lambda+0x000002679b294c58
# instanceKlass com/android/tools/r8/internal/sB$$Lambda+0x000002679b294a10
# instanceKlass com/android/tools/r8/internal/sB$$Lambda+0x000002679b2947c8
instanceKlass  @bci com/android/tools/r8/internal/sB a (Ljava/util/function/Predicate;)Ljava/lang/Iterable; 2 <appendix> member <vmtarget> ; # com/android/tools/r8/internal/sB$$Lambda+0x000002679b294580
# instanceKlass com/android/tools/r8/internal/qK$$Lambda+0x000002679b294330
# instanceKlass com/android/tools/r8/internal/US$$Lambda+0x000002679b2940e0
instanceKlass  @bci com/android/tools/r8/internal/qK a (Lcom/android/tools/r8/internal/K70;)Z 17 <appendix> argL0 ; # com/android/tools/r8/internal/qK$$Lambda+0x000002679b293e90
# instanceKlass com/android/tools/r8/internal/US$$Lambda+0x000002679b293c40
# instanceKlass com/android/tools/r8/internal/US$$Lambda+0x000002679b2939f0
# instanceKlass com/android/tools/r8/internal/US$$Lambda+0x000002679b2937a0
instanceKlass  @bci com/android/tools/r8/internal/US g ()V 31 <appendix> argL0 ; # com/android/tools/r8/internal/US$$Lambda+0x000002679b293550
# instanceKlass com/android/tools/r8/internal/qK$$Lambda+0x000002679b293300
# instanceKlass com/android/tools/r8/internal/zx0$$Lambda+0x000002679b2930b0
# instanceKlass com/android/tools/r8/internal/zx0$$Lambda+0x000002679b292e60
# instanceKlass com/android/tools/r8/internal/zx0$$Lambda+0x000002679b292770
# instanceKlass com/android/tools/r8/internal/zx0$$Lambda+0x000002679b2929c0
# instanceKlass com/android/tools/r8/internal/zx0$$Lambda+0x000002679b292c10
# instanceKlass com/android/tools/r8/internal/zx0$$Lambda+0x000002679b292520
# instanceKlass com/android/tools/r8/internal/zx0$$Lambda+0x000002679b2922d0
instanceKlass  @bci com/android/tools/r8/internal/zx0 H ()Z 1 <appendix> argL0 ; # com/android/tools/r8/internal/zx0$$Lambda+0x000002679b292080
# instanceKlass com/android/tools/r8/internal/sB$$Lambda+0x000002679b291de8
# instanceKlass com/android/tools/r8/internal/sB$$Lambda+0x000002679b291b50
instanceKlass com/android/tools/r8/internal/uU
# instanceKlass com/android/tools/r8/internal/sB$$Lambda+0x000002679b291698
instanceKlass  @bci com/android/tools/r8/internal/sB e ()Ljava/util/IdentityHashMap; 738 <appendix> argL0 ; # com/android/tools/r8/internal/sB$$Lambda+0x000002679b291400
instanceKlass com/android/tools/r8/internal/wU
# instanceKlass com/android/tools/r8/internal/US$$Lambda+0x000002679b290f48
# instanceKlass com/android/tools/r8/internal/US$$Lambda+0x000002679b290cb0
instanceKlass  @bci com/android/tools/r8/internal/US a (Lcom/android/tools/r8/graph/y;Lcom/android/tools/r8/internal/sB;Ljava/util/IdentityHashMap;Ljava/util/ArrayList;)V 871 <appendix> argL0 ; # com/android/tools/r8/internal/US$$Lambda+0x000002679b290a18
instanceKlass com/android/tools/r8/internal/rB
instanceKlass com/android/tools/r8/internal/tU
instanceKlass  @bci com/android/tools/r8/internal/US a (Lcom/android/tools/r8/internal/qK;)Z 17 <appendix> argL0 ; # com/android/tools/r8/internal/US$$Lambda+0x000002679b290000
instanceKlass com/android/tools/r8/internal/uI
instanceKlass com/android/tools/r8/internal/zZ
instanceKlass com/android/tools/r8/internal/Jf0
instanceKlass com/android/tools/r8/internal/US
instanceKlass  @bci com/android/tools/r8/internal/Hx0 a (Lcom/android/tools/r8/internal/bz0;Lcom/android/tools/r8/internal/V6;)Lcom/android/tools/r8/internal/zx0; 228 <appendix> member <vmtarget> ; # com/android/tools/r8/internal/Hx0$$Lambda+0x000002679b28c268
instanceKlass  @bci com/android/tools/r8/internal/VK b (Ljava/lang/Object;)Ljava/lang/Iterable; 1 <appendix> member <vmtarget> ; # com/android/tools/r8/internal/VK$$Lambda+0x000002679b28c020
# instanceKlass com/android/tools/r8/ir/optimize/u0$$Lambda+0x000002679b28bdd0
# instanceKlass com/android/tools/r8/ir/optimize/u0$$Lambda+0x000002679b28bb80
# instanceKlass com/android/tools/r8/ir/optimize/u0$$Lambda+0x000002679b28b6e0
# instanceKlass com/android/tools/r8/ir/optimize/u0$$Lambda+0x000002679b28b930
# instanceKlass com/android/tools/r8/ir/optimize/u0$$Lambda+0x000002679b28b490
# instanceKlass com/android/tools/r8/ir/optimize/u0$$Lambda+0x000002679b28aff0
instanceKlass  @bci com/android/tools/r8/ir/optimize/u0 a (Lcom/android/tools/r8/internal/sB;Lcom/android/tools/r8/internal/QJ;)V 71 <appendix> argL0 ; # com/android/tools/r8/ir/optimize/u0$$Lambda+0x000002679b28b240
instanceKlass com/android/tools/r8/internal/VK
# instanceKlass com/android/tools/r8/ir/optimize/u0$$Lambda+0x000002679b28abc0
# instanceKlass com/android/tools/r8/ir/optimize/u0$$Lambda+0x000002679b28a998
# instanceKlass com/android/tools/r8/ir/optimize/u0$$Lambda+0x000002679b28a770
# instanceKlass com/android/tools/r8/ir/optimize/u0$$Lambda+0x000002679b28a548
# instanceKlass com/android/tools/r8/ir/optimize/u0$$Lambda+0x000002679b28a320
# instanceKlass com/android/tools/r8/ir/optimize/u0$$Lambda+0x000002679b28a0f8
instanceKlass  @bci com/android/tools/r8/ir/optimize/u0 a (Lcom/android/tools/r8/internal/sB;Lcom/android/tools/r8/internal/QJ;)V 30 <appendix> member <vmtarget> ; # com/android/tools/r8/ir/optimize/u0$$Lambda+0x000002679b289ed0
instanceKlass  @bci com/android/tools/r8/internal/W3 a (Lcom/android/tools/r8/graph/y;Lcom/android/tools/r8/internal/sB;)Lcom/android/tools/r8/ir/optimize/E; 32 <appendix> argL0 ; # com/android/tools/r8/internal/W3$$Lambda+0x000002679b289c80
instanceKlass  @bci com/android/tools/r8/internal/W3 a (Lcom/android/tools/r8/graph/y;Lcom/android/tools/r8/graph/K5;Lcom/android/tools/r8/internal/L1;Lcom/android/tools/r8/internal/LE;)Z 9 <appendix> argL0 ; # com/android/tools/r8/internal/W3$$Lambda+0x000002679b289160
instanceKlass  @bci com/android/tools/r8/ir/optimize/z a ()V 1533 <appendix> argL0 ; # com/android/tools/r8/ir/optimize/z$$Lambda+0x000002679b288f10
instanceKlass  @bci com/android/tools/r8/internal/xo a (Lcom/android/tools/r8/internal/sB;Lcom/android/tools/r8/internal/Y5;Lcom/android/tools/r8/internal/ZR;Ljava/util/IdentityHashMap;Ljava/util/function/Predicate;)V 1058 <appendix> argL0 ; # com/android/tools/r8/internal/xo$$Lambda+0x000002679b288cd0
instanceKlass com/android/tools/r8/ir/optimize/u0
instanceKlass com/android/tools/r8/internal/x30
instanceKlass com/android/tools/r8/internal/z30
instanceKlass com/android/tools/r8/graph/e3
# instanceKlass java/util/stream/StreamSpliterators$WrappingSpliterator$$Lambda+0x000002679b0ce9b8
# instanceKlass java/util/stream/StreamSpliterators$WrappingSpliterator$$Lambda+0x000002679b0ce790
instanceKlass  @bci java/util/stream/StreamSpliterators$WrappingSpliterator initPartialTraversalState ()V 37 <appendix> member <vmtarget> ; # java/util/stream/StreamSpliterators$WrappingSpliterator$$Lambda+0x000002679b0ce568
# instanceKlass java/util/stream/StreamSpliterators$WrappingSpliterator$$Lambda+0x000002679b0ce340
# instanceKlass java/util/stream/StreamSpliterators$WrappingSpliterator$$Lambda+0x000002679b0cddd0
# instanceKlass java/util/stream/StreamSpliterators$WrappingSpliterator$$Lambda+0x000002679b0cd870
instanceKlass  @bci java/util/stream/StreamSpliterators$WrappingSpliterator initPartialTraversalState ()V 24 <appendix> member <vmtarget> ; # java/util/stream/StreamSpliterators$WrappingSpliterator$$Lambda+0x000002679b0cdb20
instanceKlass java/util/stream/StreamSpliterators
instanceKlass java/util/stream/AbstractSpinedBuffer
instanceKlass java/util/stream/StreamSpliterators$AbstractWrappingSpliterator
instanceKlass com/android/tools/r8/internal/w8$a
# instanceKlass java/util/stream/AbstractPipeline$$Lambda+0x000002679b0cca18
# instanceKlass java/util/stream/AbstractPipeline$$Lambda+0x000002679b0cc7f0
instanceKlass  @bci java/util/stream/AbstractPipeline spliterator ()Ljava/util/Spliterator; 103 <appendix> member <vmtarget> ; # java/util/stream/AbstractPipeline$$Lambda+0x000002679b0cc5c8
# instanceKlass java/util/stream/AbstractPipeline$$Lambda+0x000002679b0cc3a0
# instanceKlass com/android/tools/r8/internal/j6$$Lambda+0x000002679b285f80
instanceKlass  @bci com/android/tools/r8/internal/j6 a ()Ljava/util/function/BiPredicate; 0 <appendix> argL0 ; # com/android/tools/r8/internal/j6$$Lambda+0x000002679b285d30
instanceKlass com/android/tools/r8/internal/w8
instanceKlass java/util/stream/SliceOps
instanceKlass com/android/tools/r8/internal/j6
instanceKlass com/android/tools/r8/ir/optimize/L
# instanceKlass com/android/tools/r8/ir/optimize/z$$Lambda+0x000002679b285458
# instanceKlass com/android/tools/r8/ir/optimize/z$$Lambda+0x000002679b2851c0
instanceKlass  @bci com/android/tools/r8/ir/optimize/z a ()V 416 <appendix> argL0 ; # com/android/tools/r8/ir/optimize/z$$Lambda+0x000002679b284f28
# instanceKlass com/android/tools/r8/ir/optimize/z$$Lambda+0x000002679b284c90
# instanceKlass com/android/tools/r8/internal/xo$$Lambda+0x000002679b284a38
# instanceKlass com/android/tools/r8/internal/xo$$Lambda+0x000002679b2847e0
# instanceKlass com/android/tools/r8/internal/xo$$Lambda+0x000002679b284588
instanceKlass  @bci com/android/tools/r8/internal/xo a (Lcom/android/tools/r8/internal/sB;Lcom/android/tools/r8/ir/optimize/z;)V 76 <appendix> member <vmtarget> ; # com/android/tools/r8/internal/xo$$Lambda+0x000002679b284330
# instanceKlass com/android/tools/r8/ir/optimize/z$$Lambda+0x000002679b2840e0
# instanceKlass com/android/tools/r8/ir/optimize/z$$Lambda+0x000002679b283e90
# instanceKlass com/android/tools/r8/ir/optimize/z$$Lambda+0x000002679b283c40
instanceKlass  @bci com/android/tools/r8/ir/optimize/z a ()V 406 <appendix> argL0 ; # com/android/tools/r8/ir/optimize/z$$Lambda+0x000002679b2839f0
# instanceKlass com/android/tools/r8/internal/xo$$Lambda+0x000002679b2837c8
# instanceKlass com/android/tools/r8/internal/xo$$Lambda+0x000002679b283378
# instanceKlass com/android/tools/r8/internal/xo$$Lambda+0x000002679b2835a0
instanceKlass  @bci com/android/tools/r8/internal/xo a (Lcom/android/tools/r8/internal/sB;Lcom/android/tools/r8/ir/optimize/z;)V 21 <appendix> member <vmtarget> ; # com/android/tools/r8/internal/xo$$Lambda+0x000002679b283150
instanceKlass com/android/tools/r8/internal/C30
instanceKlass com/android/tools/r8/internal/nt
instanceKlass com/android/tools/r8/internal/V5
# instanceKlass com/android/tools/r8/ir/optimize/z$$Lambda+0x000002679b2822a0
# instanceKlass com/android/tools/r8/ir/optimize/z$$Lambda+0x000002679b282080
# instanceKlass com/android/tools/r8/ir/optimize/z$$Lambda+0x000002679b281e60
instanceKlass  @bci com/android/tools/r8/ir/optimize/z a ()V 298 <appendix> argL0 ; # com/android/tools/r8/ir/optimize/z$$Lambda+0x000002679b281c40
# instanceKlass com/android/tools/r8/internal/Un$$Lambda+0x000002679b2817d8
# instanceKlass com/android/tools/r8/internal/Un$$Lambda+0x000002679b2815b8
# instanceKlass com/android/tools/r8/internal/Un$$Lambda+0x000002679b281398
# instanceKlass com/android/tools/r8/internal/Un$$Lambda+0x000002679b281178
# instanceKlass com/android/tools/r8/internal/Un$$Lambda+0x000002679b280f58
# instanceKlass com/android/tools/r8/internal/Un$$Lambda+0x000002679b280d38
instanceKlass  @bci com/android/tools/r8/internal/Un k ()Lcom/android/tools/r8/internal/Un; 4 <appendix> argL0 ; # com/android/tools/r8/internal/Un$$Lambda+0x000002679b280b18
instanceKlass  @bci com/android/tools/r8/internal/Un <clinit> ()V 3 <appendix> argL0 ; # com/android/tools/r8/internal/Un$$Lambda+0x000002679b2808f8
instanceKlass  @bci com/android/tools/r8/internal/kx b (Lcom/android/tools/r8/graph/g4;)V 5 <appendix> argL0 ; # com/android/tools/r8/internal/kx$$Lambda+0x000002679b2806c8
instanceKlass  @bci com/android/tools/r8/internal/lx a (Lcom/android/tools/r8/internal/sB;Lcom/android/tools/r8/internal/a6;Lcom/android/tools/r8/internal/d00;Lcom/android/tools/r8/internal/zx0;Lcom/android/tools/r8/internal/kx;)Lcom/android/tools/r8/internal/zx0; 278 <appendix> argL0 ; # com/android/tools/r8/internal/lx$$Lambda+0x000002679b280478
instanceKlass com/android/tools/r8/ir/optimize/y
instanceKlass  @bci com/android/tools/r8/internal/kx a (Lcom/android/tools/r8/internal/zx0;)Lcom/android/tools/r8/internal/zx0; 83 <appendix> argL0 ; # com/android/tools/r8/internal/kx$$Lambda+0x000002679b280000
instanceKlass  @bci com/android/tools/r8/internal/lx a (Lcom/android/tools/r8/internal/sB;Lcom/android/tools/r8/internal/a6;Lcom/android/tools/r8/internal/d00;Lcom/android/tools/r8/internal/zx0;Lcom/android/tools/r8/internal/kx;)Lcom/android/tools/r8/internal/zx0; 34 <appendix> argL0 ; # com/android/tools/r8/internal/lx$$Lambda+0x000002679b27dc78
instanceKlass  @bci com/android/tools/r8/internal/kx a (Lcom/android/tools/r8/graph/g4;)V 5 <appendix> argL0 ; # com/android/tools/r8/internal/kx$$Lambda+0x000002679b27da48
instanceKlass com/android/tools/r8/internal/a1
instanceKlass  @bci com/android/tools/r8/internal/kx <init> (Lcom/android/tools/r8/internal/QJ$o;Lcom/android/tools/r8/internal/f00;)V 117 <appendix> argL0 ; # com/android/tools/r8/internal/kx$$Lambda+0x000002679b27d210
instanceKlass com/android/tools/r8/internal/kx
instanceKlass  @bci com/android/tools/r8/internal/oU a (Ljava/util/Collection;Ljava/util/function/Predicate;)Ljava/util/List; 18 <appendix> member <vmtarget> ; # com/android/tools/r8/internal/oU$$Lambda+0x000002679b27e000
instanceKlass  @bci com/android/tools/r8/internal/qo0 c (Lcom/android/tools/r8/internal/sB;)Ljava/util/ArrayList; 12 <appendix> argL0 ; # com/android/tools/r8/internal/qo0$$Lambda+0x000002679b27b6c8
instanceKlass com/android/tools/r8/internal/lx
instanceKlass  @bci com/android/tools/r8/internal/Z5 a (Lcom/android/tools/r8/internal/zx0;Lcom/android/tools/r8/internal/q70;Lcom/android/tools/r8/internal/NE;Lcom/android/tools/r8/internal/NE;Ljava/util/Set;)Z 547 <appendix> member <vmtarget> ; # com/android/tools/r8/internal/Z5$$Lambda+0x000002679b27b260
instanceKlass com/android/tools/r8/ir/optimize/z
instanceKlass  @bci com/android/tools/r8/internal/L7 a (Lcom/android/tools/r8/internal/sB;Lcom/android/tools/r8/internal/Y5;Lcom/android/tools/r8/internal/RB;)Z 74 <appendix> argL0 ; # com/android/tools/r8/internal/L7$$Lambda+0x000002679b27a808
instanceKlass  @bci com/android/tools/r8/internal/Z5 a (Lcom/android/tools/r8/internal/zx0;Lcom/android/tools/r8/internal/q70;Lcom/android/tools/r8/internal/NE;Lcom/android/tools/r8/internal/NE;Ljava/util/Set;)Z 95 <appendix> member <vmtarget> ; # com/android/tools/r8/internal/Z5$$Lambda+0x000002679b279c30
instanceKlass com/android/tools/r8/internal/Fx0
instanceKlass com/android/tools/r8/internal/qr0
instanceKlass  @bci java/util/function/Predicate or (Ljava/util/function/Predicate;)Ljava/util/function/Predicate; 7 <appendix> member <vmtarget> ; # java/util/function/Predicate$$Lambda+0x000002679b0cb780
instanceKlass  @cpi java/util/function/Predicate 78 form vmentry <vmtarget> ; # java/lang/invoke/LambdaForm$DMH+0x000002679b27c400
instanceKlass  @bci com/android/tools/r8/internal/Z5 a (Lcom/android/tools/r8/internal/NE;Lcom/android/tools/r8/internal/zx0;Lcom/android/tools/r8/internal/q70;Ljava/util/function/Predicate;)Lcom/android/tools/r8/internal/ME; 6 <appendix> member <vmtarget> ; # com/android/tools/r8/internal/Z5$$Lambda+0x000002679b278fb0
instanceKlass  @bci com/android/tools/r8/internal/Z5 a (Lcom/android/tools/r8/internal/zx0;Lcom/android/tools/r8/internal/q70;Lcom/android/tools/r8/internal/NE;Lcom/android/tools/r8/internal/NE;Ljava/util/Set;)Z 3 <appendix> member <vmtarget> ; # com/android/tools/r8/internal/Z5$$Lambda+0x000002679b278d58
instanceKlass  @bci com/android/tools/r8/internal/zx0 O ()Z 28 <appendix> argL0 ; # com/android/tools/r8/internal/zx0$$Lambda+0x000002679b278b08
instanceKlass  @bci com/android/tools/r8/internal/L1 <clinit> ()V 8 <appendix> argL0 ; # com/android/tools/r8/internal/L1$$Lambda+0x000002679b2788e8
instanceKlass com/android/tools/r8/internal/vj
instanceKlass  @bci com/android/tools/r8/internal/L1 <clinit> ()V 0 <appendix> argL0 ; # com/android/tools/r8/internal/L1$$Lambda+0x000002679b2784a0
instanceKlass  @cpi com/android/tools/r8/internal/L1 35 form vmentry <vmtarget> ; # java/lang/invoke/LambdaForm$DMH+0x000002679b27c000
instanceKlass  @bci com/android/tools/r8/internal/EE a (Lcom/android/tools/r8/graph/y;Lcom/android/tools/r8/internal/sB;)Lcom/android/tools/r8/ir/optimize/E; 4 <appendix> argL0 ; # com/android/tools/r8/internal/EE$$Lambda+0x000002679b278250
# instanceKlass com/android/tools/r8/internal/EE$$Lambda+0x000002679b278000
instanceKlass  @bci com/android/tools/r8/internal/L7 b (Lcom/android/tools/r8/internal/Y5;)Z 52 <appendix> argL0 ; # com/android/tools/r8/internal/L7$$Lambda+0x000002679b274c18
instanceKlass com/android/tools/r8/internal/ZB
instanceKlass com/android/tools/r8/internal/Hx0
# instanceKlass com/android/tools/r8/internal/Ae$$Lambda+0x000002679b275cf0
# instanceKlass com/android/tools/r8/internal/Ae$$Lambda+0x000002679b275ac8
# instanceKlass com/android/tools/r8/internal/Ae$$Lambda+0x000002679b2758a0
# instanceKlass com/android/tools/r8/internal/Ae$$Lambda+0x000002679b275678
# instanceKlass com/android/tools/r8/internal/Ae$$Lambda+0x000002679b275450
# instanceKlass com/android/tools/r8/internal/Ae$$Lambda+0x000002679b275228
instanceKlass  @bci com/android/tools/r8/internal/Ae a (Lcom/android/tools/r8/internal/sB;Lcom/android/tools/r8/internal/at0;)Lcom/android/tools/r8/internal/De; 8 <appendix> member <vmtarget> ; # com/android/tools/r8/internal/Ae$$Lambda+0x000002679b275000
instanceKlass com/android/tools/r8/internal/Z5
instanceKlass com/android/tools/r8/ir/optimize/u
instanceKlass com/android/tools/r8/internal/G7
instanceKlass com/android/tools/r8/internal/Lt
# instanceKlass com/android/tools/r8/internal/lo0$$Lambda+0x000002679b277430
# instanceKlass com/android/tools/r8/internal/lo0$$Lambda+0x000002679b2771e0
instanceKlass  @bci com/android/tools/r8/internal/lo0 a (Ljava/util/List;Lcom/android/tools/r8/ir/optimize/a;Lcom/android/tools/r8/internal/V6;Ljava/util/Map$Entry;)V 42 <appendix> argL0 ; # com/android/tools/r8/internal/lo0$$Lambda+0x000002679b276f90
# instanceKlass java/util/stream/SortedOps$RefSortingSink$$Lambda+0x000002679b0cb548
# instanceKlass java/util/stream/SortedOps$RefSortingSink$$Lambda+0x000002679b0cb310
# instanceKlass java/util/stream/SortedOps$RefSortingSink$$Lambda+0x000002679b0cb0d8
# instanceKlass java/util/stream/SortedOps$RefSortingSink$$Lambda+0x000002679b0caea0
# instanceKlass java/util/stream/SortedOps$RefSortingSink$$Lambda+0x000002679b0cac68
# instanceKlass java/util/stream/SortedOps$RefSortingSink$$Lambda+0x000002679b0caa30
# instanceKlass java/util/stream/SortedOps$RefSortingSink$$Lambda+0x000002679b0ca7f8
instanceKlass  @bci java/util/stream/SortedOps$RefSortingSink end ()V 48 <appendix> member <vmtarget> ; # java/util/stream/SortedOps$RefSortingSink$$Lambda+0x000002679b0ca5c0
instanceKlass java/util/AbstractMap$SimpleImmutableEntry
instanceKlass  @bci com/android/tools/r8/internal/G1 a (I)Lcom/android/tools/r8/internal/sR; 8 <appendix> argL0 ; # com/android/tools/r8/internal/G1$$Lambda+0x000002679b276d50
instanceKlass java/util/stream/ForEachOps$ForEachOp
# instanceKlass com/android/tools/r8/internal/lo0$$Lambda+0x000002679b276b18
instanceKlass java/util/stream/ForEachOps
# instanceKlass com/android/tools/r8/internal/lo0$$Lambda+0x000002679b2768e0
# instanceKlass com/android/tools/r8/internal/lo0$$Lambda+0x000002679b2766a8
# instanceKlass com/android/tools/r8/internal/lo0$$Lambda+0x000002679b276470
# instanceKlass com/android/tools/r8/internal/lo0$$Lambda+0x000002679b276238
# instanceKlass com/android/tools/r8/internal/lo0$$Lambda+0x000002679b276000
instanceKlass  @bci com/android/tools/r8/internal/lo0 a ()Z 66 <appendix> member <vmtarget> ; # com/android/tools/r8/internal/lo0$$Lambda+0x000002679b273d80
instanceKlass java/util/stream/SortedOps
# instanceKlass java/util/Comparator$$Lambda+0x000002679b0c91a8
# instanceKlass com/android/tools/r8/internal/G1$$Lambda+0x000002679b273920
# instanceKlass java/util/Comparator$$Lambda+0x000002679b0c8f08
# instanceKlass java/util/Comparator$$Lambda+0x000002679b0c8c68
# instanceKlass java/util/Comparator$$Lambda+0x000002679b0c89c8
instanceKlass  @bci java/util/Comparator comparingInt (Ljava/util/function/ToIntFunction;)Ljava/util/Comparator; 6 <appendix> member <vmtarget> ; # java/util/Comparator$$Lambda+0x000002679b0c8728
# instanceKlass com/android/tools/r8/internal/lo0$$Lambda+0x000002679b273210
# instanceKlass com/android/tools/r8/internal/lo0$$Lambda+0x000002679b272ff0
# instanceKlass com/android/tools/r8/internal/lo0$$Lambda+0x000002679b272dd0
# instanceKlass com/android/tools/r8/internal/lo0$$Lambda+0x000002679b272bb0
instanceKlass  @bci com/android/tools/r8/internal/G1 a (J)Lcom/android/tools/r8/internal/Cn0; 8 <appendix> argL0 ; # com/android/tools/r8/internal/G1$$Lambda+0x000002679b272970
instanceKlass  @bci com/android/tools/r8/internal/lo0 a ()Z 49 <appendix> argL0 ; # com/android/tools/r8/internal/lo0$$Lambda+0x000002679b272750
# instanceKlass com/android/tools/r8/internal/lo0$$Lambda+0x000002679b272008
# instanceKlass com/android/tools/r8/internal/lo0$$Lambda+0x000002679b271db0
# instanceKlass com/android/tools/r8/internal/lo0$$Lambda+0x000002679b271b58
instanceKlass  @cpi com/android/tools/r8/internal/G1 152 form vmentry <vmtarget> ; # java/lang/invoke/LambdaForm$DMH+0x000002679b274400
# instanceKlass com/android/tools/r8/internal/lo0$$Lambda+0x000002679b271900
instanceKlass  @bci com/android/tools/r8/internal/lo0 a ()Z 39 <appendix> member <vmtarget> ; # com/android/tools/r8/internal/lo0$$Lambda+0x000002679b2716a8
instanceKlass  @bci com/android/tools/r8/internal/G1 a (Lcom/android/tools/r8/graph/L2;)Lcom/android/tools/r8/internal/In0; 5 <appendix> argL0 ; # com/android/tools/r8/internal/G1$$Lambda+0x000002679b271468
instanceKlass java/util/IdentityHashMap$IdentityHashMapSpliterator
instanceKlass com/android/tools/r8/graph/P2
instanceKlass com/android/tools/r8/internal/Px0
instanceKlass java/util/BitSet
instanceKlass com/android/tools/r8/internal/ht
instanceKlass  @bci com/android/tools/r8/internal/kt <clinit> ()V 0 <appendix> argL0 ; # com/android/tools/r8/internal/kt$$Lambda+0x000002679b270c08
instanceKlass  @cpi com/android/tools/r8/internal/kt 22 form vmentry <vmtarget> ; # java/lang/invoke/LambdaForm$DMH+0x000002679b274000
instanceKlass com/android/tools/r8/internal/lo0
instanceKlass com/android/tools/r8/internal/L1
instanceKlass com/android/tools/r8/internal/kt
instanceKlass com/android/tools/r8/internal/Qx0
# instanceKlass com/android/tools/r8/internal/iv0$$Lambda+0x000002679b26f340
# instanceKlass com/android/tools/r8/internal/iv0$$Lambda+0x000002679b26f108
# instanceKlass com/android/tools/r8/internal/iv0$$Lambda+0x000002679b26eed0
# instanceKlass com/android/tools/r8/internal/iv0$$Lambda+0x000002679b26ec98
# instanceKlass com/android/tools/r8/internal/iv0$$Lambda+0x000002679b26ea60
# instanceKlass com/android/tools/r8/internal/iv0$$Lambda+0x000002679b26e828
instanceKlass  @bci com/android/tools/r8/internal/iv0 a (Ljava/lang/Iterable;I)V 35 <appendix> member <vmtarget> ; # com/android/tools/r8/internal/iv0$$Lambda+0x000002679b26e5f0
instanceKlass  @bci com/android/tools/r8/internal/sB r ()Ljava/lang/Iterable; 1 <appendix> member <vmtarget> ; # com/android/tools/r8/internal/sB$$Lambda+0x000002679b26e3a8
# instanceKlass com/android/tools/r8/graph/u0$$Lambda+0x000002679b26e150
# instanceKlass com/android/tools/r8/graph/u0$$Lambda+0x000002679b26def8
# instanceKlass com/android/tools/r8/graph/u0$$Lambda+0x000002679b26dca0
# instanceKlass com/android/tools/r8/graph/u0$$Lambda+0x000002679b26da48
# instanceKlass com/android/tools/r8/graph/u0$$Lambda+0x000002679b26d7f0
# instanceKlass com/android/tools/r8/graph/u0$$Lambda+0x000002679b26d340
# instanceKlass com/android/tools/r8/graph/u0$$Lambda+0x000002679b26d598
instanceKlass  @bci com/android/tools/r8/graph/u0 a (Lcom/android/tools/r8/graph/M2;)Lcom/android/tools/r8/graph/r0; 2 <appendix> member <vmtarget> ; # com/android/tools/r8/graph/u0$$Lambda+0x000002679b26d0e8
instanceKlass com/android/tools/r8/ir/optimize/b
# instanceKlass com/android/tools/r8/internal/xB$$Lambda+0x000002679b26cca0
# instanceKlass com/android/tools/r8/internal/xB$$Lambda+0x000002679b26ca68
# instanceKlass com/android/tools/r8/internal/xB$$Lambda+0x000002679b26c830
# instanceKlass com/android/tools/r8/internal/xB$$Lambda+0x000002679b26c5f8
# instanceKlass com/android/tools/r8/internal/xB$$Lambda+0x000002679b26c098
# instanceKlass com/android/tools/r8/internal/xB$$Lambda+0x000002679b26be60
# instanceKlass com/android/tools/r8/internal/xB$$Lambda+0x000002679b26bc28
instanceKlass  @bci com/android/tools/r8/internal/xB a (Lcom/android/tools/r8/internal/sB;Lcom/android/tools/r8/internal/Z40;Lcom/android/tools/r8/internal/sX$a;Lcom/android/tools/r8/internal/RX;Lcom/android/tools/r8/internal/Lf;Lcom/android/tools/r8/internal/at0;)Lcom/android/tools/r8/internal/at0; 1944 <appendix> member <vmtarget> ; # com/android/tools/r8/internal/xB$$Lambda+0x000002679b26b9f0
instanceKlass com/android/tools/r8/internal/pz
# instanceKlass com/android/tools/r8/internal/xB$$Lambda+0x000002679b26b5a8
# instanceKlass com/android/tools/r8/internal/xB$$Lambda+0x000002679b26b370
# instanceKlass com/android/tools/r8/internal/xB$$Lambda+0x000002679b26b138
# instanceKlass com/android/tools/r8/internal/xB$$Lambda+0x000002679b26af00
# instanceKlass com/android/tools/r8/internal/xB$$Lambda+0x000002679b26acc8
# instanceKlass com/android/tools/r8/internal/xB$$Lambda+0x000002679b26aa90
instanceKlass  @bci com/android/tools/r8/internal/xB a (Lcom/android/tools/r8/internal/sB;Lcom/android/tools/r8/internal/Z40;Lcom/android/tools/r8/internal/sX$a;Lcom/android/tools/r8/internal/RX;Lcom/android/tools/r8/internal/Lf;Lcom/android/tools/r8/internal/at0;)Lcom/android/tools/r8/internal/at0; 1884 <appendix> member <vmtarget> ; # com/android/tools/r8/internal/xB$$Lambda+0x000002679b26a620
# instanceKlass com/android/tools/r8/internal/xB$$Lambda+0x000002679b26a858
instanceKlass com/android/tools/r8/internal/bz
instanceKlass com/android/tools/r8/internal/uB
instanceKlass com/android/tools/r8/internal/tB
# instanceKlass com/android/tools/r8/internal/sB$$Lambda+0x000002679b269938
# instanceKlass com/android/tools/r8/internal/sB$$Lambda+0x000002679b2696f0
# instanceKlass com/android/tools/r8/internal/sB$$Lambda+0x000002679b2694a8
# instanceKlass com/android/tools/r8/internal/sB$$Lambda+0x000002679b269260
# instanceKlass com/android/tools/r8/internal/sB$$Lambda+0x000002679b269018
# instanceKlass com/android/tools/r8/internal/sB$$Lambda+0x000002679b268dd0
# instanceKlass com/android/tools/r8/internal/sB$$Lambda+0x000002679b268b88
instanceKlass  @bci com/android/tools/r8/internal/sB b (Ljava/util/function/Predicate;)Ljava/lang/Iterable; 2 <appendix> member <vmtarget> ; # com/android/tools/r8/internal/sB$$Lambda+0x000002679b268940
# instanceKlass com/android/tools/r8/internal/ju0$$Lambda+0x000002679b2686f0
# instanceKlass com/android/tools/r8/internal/ju0$$Lambda+0x000002679b2684a0
# instanceKlass com/android/tools/r8/internal/ju0$$Lambda+0x000002679b268250
# instanceKlass com/android/tools/r8/internal/ju0$$Lambda+0x000002679b268000
# instanceKlass com/android/tools/r8/internal/ju0$$Lambda+0x000002679b267d98
instanceKlass  @bci com/android/tools/r8/internal/ju0 a (Lcom/android/tools/r8/graph/y;Lcom/android/tools/r8/internal/sB;)V 8 <appendix> argL0 ; # com/android/tools/r8/internal/ju0$$Lambda+0x000002679b267b48
# instanceKlass com/android/tools/r8/internal/ju0$$Lambda+0x000002679b2678f8
# instanceKlass com/android/tools/r8/internal/ju0$$Lambda+0x000002679b2676a8
instanceKlass com/android/tools/r8/internal/ju0
instanceKlass  @bci com/android/tools/r8/internal/De <clinit> ()V 22 <appendix> argL0 ; # com/android/tools/r8/internal/De$$Lambda+0x000002679b267280
instanceKlass com/android/tools/r8/internal/Ce
# instanceKlass com/android/tools/r8/internal/Ae$$Lambda+0x000002679b266e38
# instanceKlass com/android/tools/r8/internal/Ae$$Lambda+0x000002679b266c10
# instanceKlass com/android/tools/r8/internal/Ae$$Lambda+0x000002679b2669e8
# instanceKlass com/android/tools/r8/internal/Ae$$Lambda+0x000002679b2667c0
# instanceKlass com/android/tools/r8/internal/Ae$$Lambda+0x000002679b266598
# instanceKlass com/android/tools/r8/internal/Ae$$Lambda+0x000002679b266370
# instanceKlass com/android/tools/r8/internal/Ae$$Lambda+0x000002679b265f20
instanceKlass  @bci com/android/tools/r8/internal/Ae a (Lcom/android/tools/r8/internal/sB;Lcom/android/tools/r8/internal/RX;Lcom/android/tools/r8/internal/Lf;Lcom/android/tools/r8/internal/at0;)Lcom/android/tools/r8/internal/De; 11 <appendix> member <vmtarget> ; # com/android/tools/r8/internal/Ae$$Lambda+0x000002679b266148
instanceKlass com/android/tools/r8/internal/Wd0
# instanceKlass com/android/tools/r8/internal/iv0$$Lambda+0x000002679b264a68
# instanceKlass com/android/tools/r8/internal/iv0$$Lambda+0x000002679b264818
# instanceKlass com/android/tools/r8/internal/iv0$$Lambda+0x000002679b2645c8
# instanceKlass com/android/tools/r8/internal/iv0$$Lambda+0x000002679b264378
# instanceKlass com/android/tools/r8/internal/iv0$$Lambda+0x000002679b264128
instanceKlass  @bci com/android/tools/r8/internal/iv0 a (Lcom/android/tools/r8/internal/zx0;Lcom/android/tools/r8/internal/mv0;)V 28 <appendix> argL0 ; # com/android/tools/r8/internal/iv0$$Lambda+0x000002679b263ed8
# instanceKlass com/android/tools/r8/internal/iv0$$Lambda+0x000002679b263ca0
# instanceKlass com/android/tools/r8/internal/iv0$$Lambda+0x000002679b263a68
# instanceKlass com/android/tools/r8/internal/iv0$$Lambda+0x000002679b263830
# instanceKlass com/android/tools/r8/internal/iv0$$Lambda+0x000002679b2635f8
# instanceKlass com/android/tools/r8/internal/iv0$$Lambda+0x000002679b2633c0
# instanceKlass com/android/tools/r8/internal/iv0$$Lambda+0x000002679b263188
# instanceKlass com/android/tools/r8/internal/iv0$$Lambda+0x000002679b262f50
instanceKlass  @bci com/android/tools/r8/internal/iv0 b ()V 77 <appendix> member <vmtarget> ; # com/android/tools/r8/internal/iv0$$Lambda+0x000002679b262d18
instanceKlass com/android/tools/r8/internal/qB
instanceKlass com/android/tools/r8/ir/optimize/r
instanceKlass com/android/tools/r8/internal/bz0
instanceKlass com/android/tools/r8/internal/iv0
instanceKlass com/android/tools/r8/internal/b6
instanceKlass com/android/tools/r8/internal/ck
instanceKlass com/android/tools/r8/ir/optimize/a
instanceKlass com/android/tools/r8/internal/sB
instanceKlass com/android/tools/r8/internal/wB
instanceKlass com/android/tools/r8/internal/ni
instanceKlass com/android/tools/r8/internal/QE
instanceKlass com/android/tools/r8/internal/d60
instanceKlass com/android/tools/r8/internal/c1
instanceKlass com/android/tools/r8/internal/t40
instanceKlass com/android/tools/r8/internal/lv0
instanceKlass com/android/tools/r8/internal/a6
instanceKlass com/android/tools/r8/internal/D40
instanceKlass java/util/Collections$1
instanceKlass com/android/tools/r8/internal/Df0
instanceKlass  @bci com/android/tools/r8/internal/kb a (Lcom/android/tools/r8/internal/H9;)V 49 <appendix> member <vmtarget> ; # com/android/tools/r8/internal/kb$$Lambda+0x000002679b258a08
instanceKlass  @cpi com/android/tools/r8/internal/kb 846 form vmentry <vmtarget> ; # java/lang/invoke/LambdaForm$DMH+0x000002679b254c00
instanceKlass java/util/LinkedList$ListItr
instanceKlass  @bci com/android/tools/r8/internal/Z3 a (Lcom/android/tools/r8/internal/mv0;Lcom/android/tools/r8/internal/e20;)Lcom/android/tools/r8/internal/Z3; 3 <appendix> member <vmtarget> ; # com/android/tools/r8/internal/Z3$$Lambda+0x000002679b253728
# instanceKlass com/android/tools/r8/internal/kb$$Lambda+0x000002679b252fd0
# instanceKlass com/android/tools/r8/internal/kb$$Lambda+0x000002679b252b58
instanceKlass  @bci com/android/tools/r8/internal/kb a (Lcom/android/tools/r8/internal/nB;IZ)V 930 <appendix> member <vmtarget> ; # com/android/tools/r8/internal/kb$$Lambda+0x000002679b252920
instanceKlass  @cpi com/android/tools/r8/internal/kb 806 form vmentry <vmtarget> ; # java/lang/invoke/LambdaForm$DMH+0x000002679b254000
instanceKlass com/android/tools/r8/graph/m3
instanceKlass com/android/tools/r8/internal/kq
instanceKlass com/android/tools/r8/internal/wn0
instanceKlass com/android/tools/r8/internal/og
instanceKlass com/android/tools/r8/internal/Qp
instanceKlass com/android/tools/r8/internal/Hy0
instanceKlass  @bci com/android/tools/r8/internal/le c (Lcom/android/tools/r8/internal/e20;)Lcom/android/tools/r8/internal/le; 19 <appendix> member <vmtarget> ; # com/android/tools/r8/internal/le$$Lambda+0x000002679b243db8
instanceKlass com/android/tools/r8/internal/J40
instanceKlass com/android/tools/r8/internal/Nx0
instanceKlass com/android/tools/r8/graph/proto/b
instanceKlass com/android/tools/r8/internal/mB
instanceKlass com/android/tools/r8/internal/Mn
instanceKlass com/android/tools/r8/internal/xx0
instanceKlass com/android/tools/r8/internal/Up
instanceKlass com/android/tools/r8/internal/Dd0
instanceKlass com/android/tools/r8/internal/JI
instanceKlass com/android/tools/r8/ir/optimize/E
# instanceKlass com/android/tools/r8/internal/le$$Lambda+0x000002679b23c388
# instanceKlass com/android/tools/r8/internal/le$$Lambda+0x000002679b23c140
# instanceKlass com/android/tools/r8/internal/le$$Lambda+0x000002679b23bcb8
# instanceKlass com/android/tools/r8/internal/le$$Lambda+0x000002679b23ba70
instanceKlass  @bci com/android/tools/r8/internal/le a (Lcom/android/tools/r8/graph/M2;Lcom/android/tools/r8/internal/e20;)Lcom/android/tools/r8/internal/le; 3 <appendix> member <vmtarget> ; # com/android/tools/r8/internal/le$$Lambda+0x000002679b23b828
instanceKlass com/android/tools/r8/internal/F40
# instanceKlass com/android/tools/r8/internal/q70$b$$Lambda+0x000002679b23b5e8
instanceKlass  @bci com/android/tools/r8/internal/q70$b c (Lcom/android/tools/r8/internal/Jr0;)V 20 <appendix> argL0 ; # com/android/tools/r8/internal/q70$b$$Lambda+0x000002679b23b3a8
# instanceKlass com/android/tools/r8/internal/q70$b$$Lambda+0x000002679b23b168
# instanceKlass com/android/tools/r8/internal/q70$b$$Lambda+0x000002679b23af48
instanceKlass com/android/tools/r8/internal/f20
# instanceKlass com/android/tools/r8/internal/q70$b$$Lambda+0x000002679b23ab18
instanceKlass  @bci com/android/tools/r8/internal/q70$b c (Lcom/android/tools/r8/internal/Jr0;)V 1 <appendix> argL0 ; # com/android/tools/r8/internal/q70$b$$Lambda+0x000002679b23a8f8
# instanceKlass com/android/tools/r8/internal/q70$b$$Lambda+0x000002679b23a6d8
# instanceKlass com/android/tools/r8/internal/q70$b$$Lambda+0x000002679b23a4b8
instanceKlass  @bci com/android/tools/r8/internal/q70$b m ()Lcom/android/tools/r8/internal/Hr0; 0 <appendix> argL0 ; # com/android/tools/r8/internal/q70$b$$Lambda+0x000002679b23a298
instanceKlass com/android/tools/r8/internal/eG
# instanceKlass com/android/tools/r8/graph/u1$$Lambda+0x000002679b239a50
instanceKlass  @bci com/android/tools/r8/graph/u1 a (Lcom/android/tools/r8/graph/M2;Lcom/android/tools/r8/internal/e20;Lcom/android/tools/r8/graph/y;)Lcom/android/tools/r8/internal/Se0; 173 <appendix> member <vmtarget> ; # com/android/tools/r8/graph/u1$$Lambda+0x000002679b239808
# instanceKlass com/android/tools/r8/internal/kb$$Lambda+0x000002679b238d50
# instanceKlass com/android/tools/r8/internal/kb$$Lambda+0x000002679b238b18
# instanceKlass com/android/tools/r8/internal/kb$$Lambda+0x000002679b2388e0
# instanceKlass com/android/tools/r8/internal/kb$$Lambda+0x000002679b2386a8
# instanceKlass com/android/tools/r8/internal/kb$$Lambda+0x000002679b238470
# instanceKlass com/android/tools/r8/internal/kb$$Lambda+0x000002679b238000
instanceKlass  @bci com/android/tools/r8/internal/kb b (Lcom/android/tools/r8/internal/nB;)V 168 <appendix> member <vmtarget> ; # com/android/tools/r8/internal/kb$$Lambda+0x000002679b238238
# instanceKlass com/android/tools/r8/internal/kb$$Lambda+0x000002679b237d78
instanceKlass com/android/tools/r8/internal/rb
instanceKlass com/android/tools/r8/internal/LH
instanceKlass com/android/tools/r8/internal/ib
instanceKlass com/android/tools/r8/internal/jb
instanceKlass com/android/tools/r8/internal/Me0
instanceKlass com/android/tools/r8/internal/TH
instanceKlass com/android/tools/r8/internal/PE
instanceKlass com/android/tools/r8/internal/O8
instanceKlass com/android/tools/r8/internal/Y5
instanceKlass com/android/tools/r8/internal/iB
instanceKlass com/android/tools/r8/internal/zB
instanceKlass com/android/tools/r8/internal/o20
instanceKlass com/android/tools/r8/internal/S
instanceKlass com/android/tools/r8/internal/OG
instanceKlass com/android/tools/r8/internal/nB
# instanceKlass com/android/tools/r8/internal/q70$$Lambda+0x000002679b22adf0
# instanceKlass com/android/tools/r8/internal/q70$$Lambda+0x000002679b22aba0
# instanceKlass com/android/tools/r8/internal/q70$$Lambda+0x000002679b22a950
# instanceKlass com/android/tools/r8/internal/q70$$Lambda+0x000002679b22a700
# instanceKlass com/android/tools/r8/internal/q70$$Lambda+0x000002679b22a4b0
# instanceKlass com/android/tools/r8/internal/q70$$Lambda+0x000002679b22a260
# instanceKlass com/android/tools/r8/internal/q70$$Lambda+0x000002679b22a010
instanceKlass  @bci com/android/tools/r8/internal/q70 a (Lcom/android/tools/r8/internal/Jr0;)V 41 <appendix> argL0 ; # com/android/tools/r8/internal/q70$$Lambda+0x000002679b229dc0
# instanceKlass com/android/tools/r8/internal/q70$$Lambda+0x000002679b229b70
# instanceKlass com/android/tools/r8/internal/q70$$Lambda+0x000002679b229920
# instanceKlass com/android/tools/r8/internal/q70$$Lambda+0x000002679b2296d0
# instanceKlass com/android/tools/r8/internal/q70$$Lambda+0x000002679b229480
# instanceKlass com/android/tools/r8/internal/q70$$Lambda+0x000002679b229230
# instanceKlass com/android/tools/r8/internal/q70$$Lambda+0x000002679b228fe0
# instanceKlass com/android/tools/r8/internal/q70$$Lambda+0x000002679b228d90
instanceKlass  @bci com/android/tools/r8/internal/q70 a (Lcom/android/tools/r8/internal/Jr0;)V 33 <appendix> argL0 ; # com/android/tools/r8/internal/q70$$Lambda+0x000002679b228b40
# instanceKlass com/android/tools/r8/internal/q70$$Lambda+0x000002679b228900
# instanceKlass com/android/tools/r8/internal/q70$$Lambda+0x000002679b2286c0
# instanceKlass com/android/tools/r8/internal/q70$$Lambda+0x000002679b228480
# instanceKlass com/android/tools/r8/internal/q70$$Lambda+0x000002679b228240
# instanceKlass com/android/tools/r8/internal/q70$$Lambda+0x000002679b228000
# instanceKlass com/android/tools/r8/internal/q70$$Lambda+0x000002679b218400
# instanceKlass com/android/tools/r8/internal/q70$$Lambda+0x000002679b218a20
instanceKlass  @bci com/android/tools/r8/internal/q70 a (Lcom/android/tools/r8/internal/Jr0;)V 25 <appendix> argL0 ; # com/android/tools/r8/internal/q70$$Lambda+0x000002679b218c60
# instanceKlass com/android/tools/r8/internal/Jr0$$Lambda+0x000002679b218800
# instanceKlass com/android/tools/r8/internal/Jr0$$Lambda+0x000002679b227db0
# instanceKlass com/android/tools/r8/internal/Jr0$$Lambda+0x000002679b227b90
# instanceKlass com/android/tools/r8/internal/Jr0$$Lambda+0x000002679b227970
# instanceKlass com/android/tools/r8/internal/Jr0$$Lambda+0x000002679b227750
# instanceKlass com/android/tools/r8/internal/Jr0$$Lambda+0x000002679b227530
# instanceKlass com/android/tools/r8/internal/Jr0$$Lambda+0x000002679b227310
instanceKlass  @bci com/android/tools/r8/internal/Jr0 a (Ljava/util/function/Function;Ljava/util/function/Predicate;)Lcom/android/tools/r8/internal/Jr0; 7 <appendix> argL0 ; # com/android/tools/r8/internal/Jr0$$Lambda+0x000002679b2270f0
# instanceKlass com/android/tools/r8/internal/Jr0$$Lambda+0x000002679b226ed0
# instanceKlass com/android/tools/r8/internal/Jr0$$Lambda+0x000002679b226cb0
# instanceKlass com/android/tools/r8/internal/Jr0$$Lambda+0x000002679b226a90
# instanceKlass com/android/tools/r8/internal/Jr0$$Lambda+0x000002679b226870
# instanceKlass com/android/tools/r8/internal/Jr0$$Lambda+0x000002679b226650
# instanceKlass com/android/tools/r8/internal/Jr0$$Lambda+0x000002679b226430
# instanceKlass com/android/tools/r8/internal/Jr0$$Lambda+0x000002679b226210
instanceKlass  @bci com/android/tools/r8/internal/Jr0 a (Ljava/util/function/Function;Ljava/util/function/Predicate;)Lcom/android/tools/r8/internal/Jr0; 2 <appendix> argL0 ; # com/android/tools/r8/internal/Jr0$$Lambda+0x000002679b225ff0
# instanceKlass com/android/tools/r8/internal/Jr0$$Lambda+0x000002679b225d98
# instanceKlass com/android/tools/r8/internal/Jr0$$Lambda+0x000002679b225b40
# instanceKlass com/android/tools/r8/internal/Jr0$$Lambda+0x000002679b2258e8
# instanceKlass com/android/tools/r8/internal/Jr0$$Lambda+0x000002679b225690
# instanceKlass com/android/tools/r8/internal/Jr0$$Lambda+0x000002679b225438
# instanceKlass com/android/tools/r8/internal/Jr0$$Lambda+0x000002679b2251e0
# instanceKlass com/android/tools/r8/internal/Jr0$$Lambda+0x000002679b224f88
instanceKlass  @bci com/android/tools/r8/internal/Jr0 j (Ljava/util/function/Function;)Lcom/android/tools/r8/internal/Jr0; 3 <appendix> member <vmtarget> ; # com/android/tools/r8/internal/Jr0$$Lambda+0x000002679b224d30
# instanceKlass com/android/tools/r8/internal/q70$$Lambda+0x000002679b224b10
# instanceKlass com/android/tools/r8/internal/q70$$Lambda+0x000002679b2248f0
# instanceKlass com/android/tools/r8/internal/q70$$Lambda+0x000002679b2246b0
# instanceKlass com/android/tools/r8/internal/q70$$Lambda+0x000002679b224470
# instanceKlass com/android/tools/r8/internal/q70$$Lambda+0x000002679b224230
# instanceKlass com/android/tools/r8/internal/q70$$Lambda+0x000002679b223ff0
# instanceKlass com/android/tools/r8/internal/q70$$Lambda+0x000002679b223db0
instanceKlass  @bci com/android/tools/r8/internal/q70 a (Lcom/android/tools/r8/internal/Jr0;)V 17 <appendix> argL0 ; # com/android/tools/r8/internal/q70$$Lambda+0x000002679b223b70
# instanceKlass com/android/tools/r8/internal/q70$$Lambda+0x000002679b223950
# instanceKlass com/android/tools/r8/internal/q70$$Lambda+0x000002679b223730
# instanceKlass com/android/tools/r8/internal/q70$$Lambda+0x000002679b223510
# instanceKlass com/android/tools/r8/internal/q70$$Lambda+0x000002679b2232f0
# instanceKlass com/android/tools/r8/internal/q70$$Lambda+0x000002679b2230d0
instanceKlass  @bci com/android/tools/r8/internal/q70 a (Lcom/android/tools/r8/internal/Jr0;)V 9 <appendix> argL0 ; # com/android/tools/r8/internal/q70$$Lambda+0x000002679b222eb0
# instanceKlass com/android/tools/r8/internal/q70$$Lambda+0x000002679b222c90
# instanceKlass com/android/tools/r8/internal/q70$$Lambda+0x000002679b222a70
# instanceKlass com/android/tools/r8/internal/q70$$Lambda+0x000002679b222850
# instanceKlass com/android/tools/r8/internal/q70$$Lambda+0x000002679b222630
# instanceKlass com/android/tools/r8/internal/q70$$Lambda+0x000002679b222410
# instanceKlass com/android/tools/r8/internal/q70$$Lambda+0x000002679b2221f0
# instanceKlass com/android/tools/r8/internal/q70$$Lambda+0x000002679b221fd0
instanceKlass  @bci com/android/tools/r8/internal/q70 a (Lcom/android/tools/r8/internal/Jr0;)V 1 <appendix> argL0 ; # com/android/tools/r8/internal/q70$$Lambda+0x000002679b221db0
# instanceKlass com/android/tools/r8/internal/q70$c$$Lambda+0x000002679b221b90
# instanceKlass com/android/tools/r8/internal/q70$c$$Lambda+0x000002679b221970
# instanceKlass com/android/tools/r8/internal/q70$c$$Lambda+0x000002679b221750
instanceKlass  @bci com/android/tools/r8/internal/q70$c m ()Lcom/android/tools/r8/internal/Hr0; 0 <appendix> argL0 ; # com/android/tools/r8/internal/q70$c$$Lambda+0x000002679b221530
instanceKlass com/android/tools/r8/internal/K8
instanceKlass com/android/tools/r8/internal/xb
instanceKlass com/android/tools/r8/internal/JH
instanceKlass  @bci com/android/tools/r8/internal/R9 a (Ljava/util/function/BiFunction;Lcom/android/tools/r8/internal/X9;Lcom/android/tools/r8/internal/I9;)Lcom/android/tools/r8/internal/Wt0; 16 <appendix> member <vmtarget> ; # com/android/tools/r8/internal/R9$$Lambda+0x000002679b2196b0
instanceKlass  @bci com/android/tools/r8/internal/P9 a (Ljava/util/function/BiFunction;Lcom/android/tools/r8/internal/X9;Lcom/android/tools/r8/internal/I9;)Lcom/android/tools/r8/internal/Wt0; 16 <appendix> member <vmtarget> ; # com/android/tools/r8/internal/P9$$Lambda+0x000002679b219468
instanceKlass  @bci com/android/tools/r8/internal/K9 a ()I 1283 <appendix> member <vmtarget> ; # com/android/tools/r8/internal/K9$$Lambda+0x000002679b219230
instanceKlass  @bci com/android/tools/r8/internal/I9 a (Lcom/android/tools/r8/graph/y;Lcom/android/tools/r8/internal/P8;Lcom/android/tools/r8/internal/Mx0;)Lcom/android/tools/r8/internal/I9; 4 <appendix> argL0 ; # com/android/tools/r8/internal/I9$$Lambda+0x000002679b219000
instanceKlass com/android/tools/r8/internal/vF
instanceKlass com/android/tools/r8/internal/kb
instanceKlass  @bci com/android/tools/r8/internal/I9 b (Lcom/android/tools/r8/graph/y;Lcom/android/tools/r8/graph/M2;Lcom/android/tools/r8/internal/P8;Ljava/util/function/BiFunction;)Lcom/android/tools/r8/internal/I9; 15 <appendix> member <vmtarget> ; # com/android/tools/r8/internal/I9$$Lambda+0x000002679b21b5a0
instanceKlass  @bci com/android/tools/r8/internal/V9 a (Lcom/android/tools/r8/internal/I9;Lcom/android/tools/r8/graph/y;Lcom/android/tools/r8/internal/P8;)Lcom/android/tools/r8/internal/I9; 24 <appendix> member <vmtarget> ; # com/android/tools/r8/internal/V9$$Lambda+0x000002679b21b368
# instanceKlass com/android/tools/r8/internal/sg$$Lambda+0x000002679b21b130
instanceKlass  @bci com/android/tools/r8/internal/sg a (Lcom/android/tools/r8/graph/y;Lcom/android/tools/r8/graph/M2;Lcom/android/tools/r8/internal/P8;Ljava/util/function/BiFunction;)Lcom/android/tools/r8/internal/I9; 11 <appendix> member <vmtarget> ; # com/android/tools/r8/internal/sg$$Lambda+0x000002679b21a678
instanceKlass com/android/tools/r8/internal/Lx0
# instanceKlass com/android/tools/r8/internal/sg$$Lambda+0x000002679b21a238
# instanceKlass com/android/tools/r8/internal/sg$$Lambda+0x000002679b21a000
instanceKlass  @bci com/android/tools/r8/internal/I9 a (Lcom/android/tools/r8/graph/y;Lcom/android/tools/r8/internal/P8;Lcom/android/tools/r8/graph/M2;)Lcom/android/tools/r8/internal/I9; 2 <appendix> argL0 ; # com/android/tools/r8/internal/I9$$Lambda+0x000002679b21fca8
# instanceKlass com/android/tools/r8/internal/sg$$Lambda+0x000002679b21fa70
instanceKlass  @bci com/android/tools/r8/internal/sg a (Lcom/android/tools/r8/graph/B2;Lcom/android/tools/r8/internal/P8;)Lcom/android/tools/r8/internal/I9; 4 <appendix> member <vmtarget> ; # com/android/tools/r8/internal/sg$$Lambda+0x000002679b21f838
# instanceKlass com/android/tools/r8/internal/I9$$Lambda+0x000002679b21f600
instanceKlass  @bci com/android/tools/r8/internal/I9 c (Ljava/util/function/BiFunction;)Lcom/android/tools/r8/internal/I9; 2 <appendix> member <vmtarget> ; # com/android/tools/r8/internal/I9$$Lambda+0x000002679b21f3c8
# instanceKlass com/android/tools/r8/internal/nb$$Lambda+0x000002679b21f190
instanceKlass  @bci com/android/tools/r8/internal/nb a (Lcom/android/tools/r8/internal/I9;Lcom/android/tools/r8/graph/y;Lcom/android/tools/r8/internal/P8;)Lcom/android/tools/r8/internal/I9; 165 <appendix> member <vmtarget> ; # com/android/tools/r8/internal/nb$$Lambda+0x000002679b21ef58
# instanceKlass com/android/tools/r8/internal/ra$$Lambda+0x000002679b21ed20
# instanceKlass com/android/tools/r8/internal/ra$$Lambda+0x000002679b21eae8
instanceKlass com/android/tools/r8/internal/Xy
# instanceKlass com/android/tools/r8/internal/ra$$Lambda+0x000002679b21e6a8
instanceKlass  @bci com/android/tools/r8/internal/ra a (Lcom/android/tools/r8/internal/I9;Lcom/android/tools/r8/graph/y;Lcom/android/tools/r8/internal/P8;)Lcom/android/tools/r8/internal/I9; 14 <appendix> member <vmtarget> ; # com/android/tools/r8/internal/ra$$Lambda+0x000002679b21e470
# instanceKlass com/android/tools/r8/internal/ra$$Lambda+0x000002679b21e238
instanceKlass com/android/tools/r8/internal/mb
instanceKlass com/android/tools/r8/internal/b9
instanceKlass com/android/tools/r8/internal/e9
instanceKlass com/android/tools/r8/internal/L9
instanceKlass com/android/tools/r8/internal/K9
instanceKlass com/android/tools/r8/graph/F
instanceKlass com/android/tools/r8/internal/Q9
instanceKlass com/android/tools/r8/internal/O9
instanceKlass com/android/tools/r8/internal/qa
instanceKlass  @bci com/android/tools/r8/internal/o5 a (Lcom/android/tools/r8/graph/u1;Lcom/android/tools/r8/graph/y;Lcom/android/tools/r8/graph/K5;Lcom/android/tools/r8/internal/n5;Lcom/android/tools/r8/internal/Lf;Ljava/util/LinkedHashMap;Lcom/android/tools/r8/synthesis/M;)V 54 <appendix> form vmentry <vmtarget> ; # java/lang/invoke/LambdaForm$DMH+0x000002679b212400
# instanceKlass com/android/tools/r8/internal/i80$$Lambda+0x000002679b216d58
# instanceKlass com/android/tools/r8/internal/i80$$Lambda+0x000002679b216b30
# instanceKlass com/android/tools/r8/internal/i80$$Lambda+0x000002679b216908
# instanceKlass com/android/tools/r8/internal/i80$$Lambda+0x000002679b2166e0
# instanceKlass com/android/tools/r8/internal/i80$$Lambda+0x000002679b2164b8
# instanceKlass com/android/tools/r8/internal/i80$$Lambda+0x000002679b216290
# instanceKlass com/android/tools/r8/internal/i80$$Lambda+0x000002679b216068
instanceKlass  @bci com/android/tools/r8/internal/i80 a (Lcom/android/tools/r8/graph/K5;Lcom/android/tools/r8/internal/ga;Lcom/android/tools/r8/internal/Z40;Lcom/android/tools/r8/internal/Pi;Lcom/android/tools/r8/internal/Lf;Lcom/android/tools/r8/internal/at0;)V 35 <appendix> member <vmtarget> ; # com/android/tools/r8/internal/i80$$Lambda+0x000002679b215e40
instanceKlass com/android/tools/r8/references/ClassReference
instanceKlass com/android/tools/r8/references/PrimitiveReference
instanceKlass com/android/tools/r8/references/Reference
instanceKlass com/android/tools/r8/position/MethodPosition
# instanceKlass com/android/tools/r8/internal/oU$$Lambda+0x000002679b20f890
# instanceKlass com/android/tools/r8/internal/oU$$Lambda+0x000002679b20fac8
# instanceKlass com/android/tools/r8/internal/oU$$Lambda+0x000002679b20f658
# instanceKlass com/android/tools/r8/internal/oU$$Lambda+0x000002679b20f1e8
# instanceKlass com/android/tools/r8/internal/oU$$Lambda+0x000002679b20f420
# instanceKlass com/android/tools/r8/internal/oU$$Lambda+0x000002679b20efb0
# instanceKlass com/android/tools/r8/internal/oU$$Lambda+0x000002679b20ed78
instanceKlass  @bci com/android/tools/r8/internal/oU a (Lcom/android/tools/r8/internal/my;)Ljava/util/ArrayList; 10 <appendix> member <vmtarget> ; # com/android/tools/r8/internal/oU$$Lambda+0x000002679b20eb40
instanceKlass  @cpi com/android/tools/r8/graph/z5 234 form vmentry <vmtarget> ; # java/lang/invoke/LambdaForm$DMH+0x000002679b210400
# instanceKlass com/android/tools/r8/internal/i80$$Lambda+0x000002679b20e908
# instanceKlass com/android/tools/r8/internal/i80$$Lambda+0x000002679b20e6d0
instanceKlass  @bci com/android/tools/r8/internal/i80 a (Lcom/android/tools/r8/graph/H2;Lcom/android/tools/r8/internal/ga;Lcom/android/tools/r8/internal/Pi;Lcom/android/tools/r8/internal/mJ;Lcom/android/tools/r8/internal/at0;)V 12 <appendix> member <vmtarget> ; # com/android/tools/r8/internal/i80$$Lambda+0x000002679b20e498
instanceKlass  @bci com/android/tools/r8/internal/Pc a (Lcom/android/tools/r8/internal/Qc;Ljava/util/concurrent/ExecutorService;Lcom/android/tools/r8/internal/at0;)V 561 <appendix> member <vmtarget> ; # com/android/tools/r8/internal/Pc$$Lambda+0x000002679b20e270
instanceKlass com/android/tools/r8/internal/bt0
instanceKlass  @bci com/android/tools/r8/internal/Pc a (Ljava/util/Collection;)V 11 <appendix> member <vmtarget> ; # com/android/tools/r8/internal/Pc$$Lambda+0x000002679b20de00
instanceKlass com/android/tools/r8/internal/Um
instanceKlass  @bci com/android/tools/r8/internal/PR a (I)Lcom/android/tools/r8/graph/l1; 32 <appendix> form vmentry <vmtarget> ; # java/lang/invoke/LambdaForm$MH+0x000002679b210000
instanceKlass  @bci com/android/tools/r8/internal/PR a (I)Lcom/android/tools/r8/graph/l1; 32 <appendix> argL3 form vmentry <vmtarget> ; # java/lang/invoke/LambdaForm$MH+0x000002679b20bc00
# instanceKlass java/lang/invoke/LambdaForm$MH+0x000002679b20b800
# instanceKlass java/lang/invoke/LambdaForm$MH+0x000002679b20b400
instanceKlass  @bci com/android/tools/r8/kotlin/q b (Lcom/android/tools/r8/graph/R2;Ljava/lang/String;)[Ljava/lang/String; 41 <appendix> argL1 argL1 form vmentry <vmtarget> ; # java/lang/invoke/LambdaForm$MH+0x000002679b20b000
# instanceKlass java/lang/invoke/LambdaForm$MH+0x000002679b20ac00
instanceKlass java/util/IdentityHashMap$EntryIterator$Entry
instanceKlass  @bci com/android/tools/r8/internal/Pc b (Ljava/util/Collection;)Ljava/util/ArrayDeque; 190 <appendix> member <vmtarget> ; # com/android/tools/r8/internal/Pc$$Lambda+0x000002679b20d9c8
instanceKlass  @cpi com/android/tools/r8/internal/Pc 164 form vmentry <vmtarget> ; # java/lang/invoke/LambdaForm$DMH+0x000002679b20a800
instanceKlass com/android/tools/r8/internal/Qs0
instanceKlass  @bci com/android/tools/r8/internal/Pc b (Ljava/util/Collection;)Ljava/util/ArrayDeque; 140 <appendix> argL0 ; # com/android/tools/r8/internal/Pc$$Lambda+0x000002679b20d588
instanceKlass  @bci com/android/tools/r8/internal/Pc b (Ljava/util/Collection;)Ljava/util/ArrayDeque; 46 <appendix> argL0 ; # com/android/tools/r8/internal/Pc$$Lambda+0x000002679b20d348
instanceKlass java/util/TimSort
instanceKlass java/util/Arrays$LegacyMergeSort
instanceKlass  @bci java/util/Comparator comparing (Ljava/util/function/Function;)Ljava/util/Comparator; 6 <appendix> member <vmtarget> ; # java/util/Comparator$$Lambda+0x000002679b0c6cf0
instanceKlass  @bci java/lang/invoke/BootstrapMethodInvoker invoke (Ljava/lang/Class;Ljava/lang/invoke/MethodHandle;Ljava/lang/String;Ljava/lang/Object;Ljava/lang/Object;Ljava/lang/Class;)Ljava/lang/Object; 462 <adapter> ; # java/lang/invoke/LambdaForm$MH+0x000002679b20a400
instanceKlass  @bci com/android/tools/r8/internal/N80 a (Lcom/android/tools/r8/graph/M2;Ljava/util/Map;)V 48 <appendix> argL0 ; # com/android/tools/r8/internal/N80$$Lambda+0x000002679b20d108
instanceKlass  @bci com/android/tools/r8/internal/N80 a (Lcom/android/tools/r8/graph/M2;Ljava/util/Map;)V 38 <appendix> member <vmtarget> ; # com/android/tools/r8/internal/N80$$Lambda+0x000002679b20ced0
instanceKlass  @bci com/android/tools/r8/internal/Fs0 a (Ljava/lang/Iterable;Lcom/android/tools/r8/internal/Xs0;Lcom/android/tools/r8/threading/ThreadingModule;Ljava/util/concurrent/ExecutorService;)Ljava/util/ArrayList; 6 <appendix> member <vmtarget> ; # com/android/tools/r8/internal/Fs0$$Lambda+0x000002679b20cc98
instanceKlass  @bci com/android/tools/r8/internal/Fs0 a (Ljava/lang/Iterable;Lcom/android/tools/r8/internal/Ss0;Lcom/android/tools/r8/threading/ThreadingModule;Ljava/util/concurrent/ExecutorService;)Ljava/util/ArrayList; 2 <appendix> member <vmtarget> ; # com/android/tools/r8/internal/Fs0$$Lambda+0x000002679b20ca70
instanceKlass  @bci com/android/tools/r8/internal/Fs0 a (Ljava/util/Map;Lcom/android/tools/r8/internal/Ps0;Lcom/android/tools/r8/threading/ThreadingModule;Ljava/util/concurrent/ExecutorService;)V 7 <appendix> member <vmtarget> ; # com/android/tools/r8/internal/Fs0$$Lambda+0x000002679b20c848
instanceKlass com/android/tools/r8/internal/Ss0
instanceKlass  @bci com/android/tools/r8/internal/Fs0 a (Ljava/util/Map;Lcom/android/tools/r8/internal/Os0;Lcom/android/tools/r8/threading/ThreadingModule;Ljava/util/concurrent/ExecutorService;)V 2 <appendix> member <vmtarget> ; # com/android/tools/r8/internal/Fs0$$Lambda+0x000002679b20c420
instanceKlass com/android/tools/r8/internal/Ps0
instanceKlass  @bci com/android/tools/r8/internal/N80 a (Lcom/android/tools/r8/threading/ThreadingModule;Ljava/util/concurrent/ExecutorService;)V 4 <appendix> argL0 ; # com/android/tools/r8/internal/N80$$Lambda+0x000002679b20c000
instanceKlass com/android/tools/r8/internal/Os0
instanceKlass com/android/tools/r8/internal/py
instanceKlass com/android/tools/r8/internal/N1
instanceKlass  @bci com/android/tools/r8/internal/N80 a (Ljava/util/function/Supplier;Lcom/android/tools/r8/graph/B2;)Lcom/android/tools/r8/graph/K5; 21 <appendix> member <vmtarget> ; # com/android/tools/r8/internal/N80$$Lambda+0x000002679b2073b0
instanceKlass  @bci com/android/tools/r8/internal/N80 a (Ljava/util/function/Supplier;Lcom/android/tools/r8/graph/B2;)Lcom/android/tools/r8/graph/K5; 8 <appendix> argL0 ; # com/android/tools/r8/internal/N80$$Lambda+0x000002679b207170
instanceKlass  @bci com/android/tools/r8/internal/XZ a (Lcom/android/tools/r8/graph/B2;Lcom/android/tools/r8/graph/K5;Lcom/android/tools/r8/internal/ga;Lcom/android/tools/r8/internal/N80;)V 87 <appendix> member <vmtarget> ; # com/android/tools/r8/internal/XZ$$Lambda+0x000002679b206f48
instanceKlass com/android/tools/r8/internal/WZ
instanceKlass  @bci com/android/tools/r8/synthesis/m a ()Lcom/android/tools/r8/graph/E0; 272 <appendix> member <vmtarget> ; # com/android/tools/r8/synthesis/m$$Lambda+0x000002679b206b10
instanceKlass  @bci com/android/tools/r8/synthesis/Q a (Ljava/lang/String;Lcom/android/tools/r8/synthesis/Q$b;Ljava/lang/String;Ljava/lang/String;)Ljava/lang/String; 7 <appendix> form vmentry <vmtarget> ; # java/lang/invoke/LambdaForm$MH+0x000002679b20a000
# instanceKlass java/lang/invoke/LambdaForm$MH+0x000002679b209c00
instanceKlass  @bci com/android/tools/r8/synthesis/Q a (Ljava/lang/String;Lcom/android/tools/r8/synthesis/Q$b;Ljava/lang/String;Ljava/lang/String;)Ljava/lang/String; 7 <appendix> argL3 form vmentry <vmtarget> ; # java/lang/invoke/LambdaForm$MH+0x000002679b209800
# instanceKlass java/lang/invoke/LambdaForm$MH+0x000002679b209400
# instanceKlass java/lang/invoke/LambdaForm$MH+0x000002679b209000
# instanceKlass java/lang/invoke/LambdaForm$MH+0x000002679b208c00
# instanceKlass java/lang/invoke/LambdaForm$MH+0x000002679b208800
instanceKlass  @bci com/android/tools/r8/synthesis/Q a (Ljava/lang/String;Lcom/android/tools/r8/synthesis/Q$b;Ljava/lang/String;Ljava/lang/String;)Ljava/lang/String; 7 <appendix> argL1 form vmentry <vmtarget> ; # java/lang/invoke/LambdaForm$MH+0x000002679b208400
# instanceKlass java/lang/invoke/LambdaForm$MH+0x000002679b208000
# instanceKlass java/lang/invoke/LambdaForm$MH+0x000002679b205c00
# instanceKlass java/lang/invoke/LambdaForm$MH+0x000002679b205800
instanceKlass  @bci com/android/tools/r8/synthesis/E a (Lcom/android/tools/r8/synthesis/I;Lcom/android/tools/r8/graph/H2;Lcom/android/tools/r8/graph/y;Ljava/util/function/Consumer;)Lcom/android/tools/r8/graph/H2; 35 <appendix> member <vmtarget> ; # com/android/tools/r8/synthesis/E$$Lambda+0x000002679b2068c8
instanceKlass com/android/tools/r8/synthesis/l
instanceKlass com/android/tools/r8/FeatureSplit
instanceKlass  @bci com/android/tools/r8/internal/XZ a (Lcom/android/tools/r8/graph/E0;Lcom/android/tools/r8/graph/M2;)Lcom/android/tools/r8/graph/E0; 34 <appendix> argL0 ; # com/android/tools/r8/internal/XZ$$Lambda+0x000002679b206000
instanceKlass  @bci com/android/tools/r8/internal/XZ a (Lcom/android/tools/r8/graph/E0;Lcom/android/tools/r8/graph/M2;)Lcom/android/tools/r8/graph/E0; 19 <appendix> argL0 ; # com/android/tools/r8/internal/XZ$$Lambda+0x000002679b203de0
instanceKlass  @bci com/android/tools/r8/internal/XZ a (Lcom/android/tools/r8/graph/H0;)Lcom/android/tools/r8/graph/E0; 170 <appendix> member <vmtarget> ; # com/android/tools/r8/internal/XZ$$Lambda+0x000002679b203b98
instanceKlass  @bci com/android/tools/r8/internal/XZ a (Lcom/android/tools/r8/graph/B2;Lcom/android/tools/r8/graph/K5;Lcom/android/tools/r8/internal/ga;Lcom/android/tools/r8/internal/N80;)V 2 <appendix> member <vmtarget> ; # com/android/tools/r8/internal/XZ$$Lambda+0x000002679b203950
instanceKlass  @bci com/android/tools/r8/internal/Pq0 b (Lcom/android/tools/r8/internal/ja;)Lcom/android/tools/r8/internal/cm; 2 <appendix> member <vmtarget> ; # com/android/tools/r8/internal/Pq0$$Lambda+0x000002679b203218
instanceKlass com/android/tools/r8/internal/mu
instanceKlass com/android/tools/r8/internal/no0
instanceKlass  @bci com/android/tools/r8/internal/hJ b (Lcom/android/tools/r8/graph/E0;Lcom/android/tools/r8/graph/B2;Lcom/android/tools/r8/internal/PK;ZLcom/android/tools/r8/graph/K5;)Lcom/android/tools/r8/internal/dJ; 163 <appendix> member <vmtarget> ; # com/android/tools/r8/internal/hJ$$Lambda+0x000002679b2024d0
instanceKlass com/android/tools/r8/internal/gJ
# instanceKlass java/lang/invoke/LambdaForm$DMH+0x000002679b205400
# instanceKlass com/android/tools/r8/internal/cm$$Lambda+0x000002679b201e48
# instanceKlass com/android/tools/r8/internal/cm$$Lambda+0x000002679b201c18
# instanceKlass com/android/tools/r8/internal/cm$$Lambda+0x000002679b2019e8
instanceKlass  @bci com/android/tools/r8/internal/cm b ()V 7 <appendix> argL0 ; # com/android/tools/r8/internal/cm$$Lambda+0x000002679b2017b8
instanceKlass  @cpi com/android/tools/r8/internal/cm 29 form vmentry <vmtarget> ; # java/lang/invoke/LambdaForm$DMH+0x000002679b204400
instanceKlass com/android/tools/r8/internal/em
# instanceKlass com/android/tools/r8/internal/eJ$$Lambda+0x000002679b201390
instanceKlass  @bci com/android/tools/r8/internal/eJ a (Lcom/android/tools/r8/graph/K5;)Lcom/android/tools/r8/internal/cm; 1 <appendix> member <vmtarget> ; # com/android/tools/r8/internal/eJ$$Lambda+0x000002679b201168
instanceKlass  @bci com/android/tools/r8/graph/j d (Lcom/android/tools/r8/graph/E0;Lcom/android/tools/r8/graph/I2;Lcom/android/tools/r8/graph/L2;)Lcom/android/tools/r8/graph/c5; 12 <appendix> member <vmtarget> ; # com/android/tools/r8/graph/j$$Lambda+0x000002679b200cf0
instanceKlass  @bci com/android/tools/r8/internal/l5 a (Ljava/util/function/BiFunction;Lcom/android/tools/r8/graph/B2;)Lcom/android/tools/r8/internal/cm; 3 <appendix> member <vmtarget> ; # com/android/tools/r8/internal/l5$$Lambda+0x000002679b200ac8
instanceKlass  @bci com/android/tools/r8/internal/l5 a (Lcom/android/tools/r8/graph/B2;Lcom/android/tools/r8/graph/K5;Z)Lcom/android/tools/r8/internal/fm; 120 <appendix> member <vmtarget> ; # com/android/tools/r8/internal/l5$$Lambda+0x000002679b200890
instanceKlass  @bci com/android/tools/r8/internal/VR a (Lcom/android/tools/r8/internal/X9;)Lcom/android/tools/r8/internal/cm; 2 <appendix> member <vmtarget> ; # com/android/tools/r8/internal/VR$$Lambda+0x000002679b200668
instanceKlass com/android/tools/r8/internal/L5
instanceKlass  @bci com/android/tools/r8/synthesis/z a (Lcom/android/tools/r8/internal/at0;Lcom/android/tools/r8/graph/y;Ljava/util/Map;Ljava/util/Map;Lcom/android/tools/r8/synthesis/v;Ljava/util/function/BiConsumer;Ljava/util/function/BiConsumer;Ljava/util/Set;)Lcom/android/tools/r8/graph/x0; 57 <appendix> form vmentry <vmtarget> ; # java/lang/invoke/LambdaForm$DMH+0x000002679b204000
instanceKlass  @bci com/android/tools/r8/graph/X4 b (Lcom/android/tools/r8/graph/E0;Lcom/android/tools/r8/graph/I2;Lcom/android/tools/r8/graph/L2;)Lcom/android/tools/r8/graph/c5; 94 <appendix> member <vmtarget> ; # com/android/tools/r8/graph/X4$$Lambda+0x000002679b200000
instanceKlass  @cpi com/android/tools/r8/graph/X4 386 form vmentry <vmtarget> ; # java/lang/invoke/LambdaForm$DMH+0x000002679b1f9c00
instanceKlass  @bci com/android/tools/r8/graph/j b (Lcom/android/tools/r8/graph/M2;Lcom/android/tools/r8/graph/M2;)Z 151 <appendix> member <vmtarget> ; # com/android/tools/r8/graph/j$$Lambda+0x000002679b1fbd00
# instanceKlass com/android/tools/r8/graph/h$$Lambda+0x000002679b1fbab8
instanceKlass  @bci com/android/tools/r8/graph/h f (Lcom/android/tools/r8/graph/M2;)Lcom/android/tools/r8/graph/b0; 23 <appendix> member <vmtarget> ; # com/android/tools/r8/graph/h$$Lambda+0x000002679b1fb870
instanceKlass  @bci com/android/tools/r8/graph/c5$c c (Lcom/android/tools/r8/graph/H2;Lcom/android/tools/r8/graph/y;Lcom/android/tools/r8/graph/j;)Lcom/android/tools/r8/graph/H0; 67 <appendix> argL0 ; # com/android/tools/r8/graph/c5$c$$Lambda+0x000002679b1fb620
instanceKlass com/android/tools/r8/graph/e
# instanceKlass com/android/tools/r8/graph/X4$$Lambda+0x000002679b1fb1e0
# instanceKlass com/android/tools/r8/graph/X4$$Lambda+0x000002679b1fafa8
# instanceKlass com/android/tools/r8/graph/X4$$Lambda+0x000002679b1fad70
# instanceKlass com/android/tools/r8/graph/X4$$Lambda+0x000002679b1fab38
# instanceKlass com/android/tools/r8/graph/X4$$Lambda+0x000002679b1fa900
# instanceKlass com/android/tools/r8/graph/j$$Lambda+0x000002679b1fa6b8
# instanceKlass com/android/tools/r8/graph/X4$$Lambda+0x000002679b1fa480
instanceKlass  @bci com/android/tools/r8/graph/X4 a (Lcom/android/tools/r8/graph/B2;)Lcom/android/tools/r8/graph/c5; 136 <appendix> member <vmtarget> ; # com/android/tools/r8/graph/X4$$Lambda+0x000002679b1fa248
# instanceKlass com/android/tools/r8/graph/j$$Lambda+0x000002679b1fa000
instanceKlass  @bci com/android/tools/r8/graph/j f (Lcom/android/tools/r8/graph/B2;)Lcom/android/tools/r8/graph/c5; 12 <appendix> member <vmtarget> ; # com/android/tools/r8/graph/j$$Lambda+0x000002679b1ffc90
instanceKlass com/android/tools/r8/internal/tG
instanceKlass jdk/internal/util/ByteArray
instanceKlass java/io/ObjectOutputStream$ReplaceTable
instanceKlass java/io/ObjectOutputStream$HandleTable
instanceKlass java/io/ObjectStreamConstants
instanceKlass java/io/ObjectOutput
instanceKlass com/android/tools/r8/internal/K
instanceKlass com/android/tools/r8/internal/lF
instanceKlass com/android/tools/r8/internal/aF
instanceKlass com/android/tools/r8/graph/proto/d
instanceKlass com/android/tools/r8/graph/proto/c
instanceKlass com/android/tools/r8/graph/C0
instanceKlass com/android/tools/r8/graph/proto/j
instanceKlass com/android/tools/r8/internal/P5
instanceKlass  @bci com/android/tools/r8/graph/X4 a (Lcom/android/tools/r8/graph/E0;Lcom/android/tools/r8/graph/I2;Lcom/android/tools/r8/graph/L2;Lcom/android/tools/r8/graph/E0;)Lcom/android/tools/r8/graph/c5; 272 <appendix> member <vmtarget> ; # com/android/tools/r8/graph/X4$$Lambda+0x000002679b1f7878
instanceKlass com/android/tools/r8/internal/RR
instanceKlass  @bci com/android/tools/r8/internal/Lb a (Lcom/android/tools/r8/internal/ja;Lcom/android/tools/r8/graph/K5;)Z 6 <appendix> member <vmtarget> ; # com/android/tools/r8/internal/Lb$$Lambda+0x000002679b1f73e0
instanceKlass com/android/tools/r8/internal/pd0
# instanceKlass com/android/tools/r8/graph/U4$$Lambda+0x000002679b1f6fa0
instanceKlass  @bci com/android/tools/r8/graph/U4 a (Lcom/android/tools/r8/graph/M2;)V 19 <appendix> member <vmtarget> ; # com/android/tools/r8/graph/U4$$Lambda+0x000002679b1f6d68
instanceKlass  @bci com/android/tools/r8/graph/s3 b (Ljava/util/function/Predicate;)Ljava/util/List; 22 <appendix> member <vmtarget> ; # com/android/tools/r8/graph/s3$$Lambda+0x000002679b1f6b30
instanceKlass  @bci com/android/tools/r8/graph/s3 g ()Ljava/util/List; 1 <appendix> argL0 ; # com/android/tools/r8/graph/s3$$Lambda+0x000002679b1f68e0
instanceKlass  @bci com/android/tools/r8/graph/X4 a (Lcom/android/tools/r8/graph/I2;Lcom/android/tools/r8/graph/L2;Lcom/android/tools/r8/graph/E0;Lcom/android/tools/r8/graph/U4;Lcom/android/tools/r8/graph/M2;Ljava/util/List;Lcom/android/tools/r8/graph/W4;)V 100 <appendix> form vmentry <vmtarget> ; # java/lang/invoke/LambdaForm$DMH+0x000002679b1f5c00
# instanceKlass com/android/tools/r8/graph/X4$$Lambda+0x000002679b1f66a8
# instanceKlass com/android/tools/r8/graph/X4$$Lambda+0x000002679b1f6470
# instanceKlass com/android/tools/r8/graph/X4$$Lambda+0x000002679b1f6238
# instanceKlass com/android/tools/r8/graph/X4$$Lambda+0x000002679b1f6000
# instanceKlass com/android/tools/r8/graph/X4$$Lambda+0x000002679b1f3c18
# instanceKlass com/android/tools/r8/graph/X4$$Lambda+0x000002679b1f39e0
# instanceKlass com/android/tools/r8/graph/X4$$Lambda+0x000002679b1f37a8
instanceKlass  @bci com/android/tools/r8/graph/X4 a (Lcom/android/tools/r8/graph/I2;Lcom/android/tools/r8/graph/L2;Lcom/android/tools/r8/graph/E0;Lcom/android/tools/r8/graph/U4;Lcom/android/tools/r8/graph/M2;Ljava/util/List;Lcom/android/tools/r8/graph/W4;)V 100 <appendix> member <vmtarget> ; # com/android/tools/r8/graph/X4$$Lambda+0x000002679b1f3570
# instanceKlass com/android/tools/r8/graph/X4$$Lambda+0x000002679b1f3338
# instanceKlass com/android/tools/r8/graph/X4$$Lambda+0x000002679b1f3100
# instanceKlass com/android/tools/r8/graph/X4$$Lambda+0x000002679b1f2ec8
instanceKlass  @cpi com/android/tools/r8/graph/X4 150 form vmentry <vmtarget> ; # java/lang/invoke/LambdaForm$DMH+0x000002679b1f4c00
# instanceKlass com/android/tools/r8/graph/X4$$Lambda+0x000002679b1f2c90
instanceKlass  @bci com/android/tools/r8/graph/X4 a (Lcom/android/tools/r8/graph/I2;Lcom/android/tools/r8/graph/L2;Lcom/android/tools/r8/graph/E0;Lcom/android/tools/r8/graph/U4;Lcom/android/tools/r8/graph/M2;Ljava/util/List;Lcom/android/tools/r8/graph/W4;)V 60 <appendix> form vmentry <vmtarget> ; # java/lang/invoke/LambdaForm$DMH+0x000002679b1f4800
# instanceKlass com/android/tools/r8/graph/X4$$Lambda+0x000002679b1f2a58
# instanceKlass com/android/tools/r8/graph/X4$$Lambda+0x000002679b1f2820
instanceKlass  @bci com/android/tools/r8/graph/X4 a (Lcom/android/tools/r8/graph/I2;Lcom/android/tools/r8/graph/L2;Lcom/android/tools/r8/graph/E0;Lcom/android/tools/r8/graph/U4;Lcom/android/tools/r8/graph/M2;Ljava/util/List;Lcom/android/tools/r8/graph/W4;)V 60 <appendix> member <vmtarget> ; # com/android/tools/r8/graph/X4$$Lambda+0x000002679b1f25e8
instanceKlass  @cpi com/android/tools/r8/graph/X4 216 form vmentry <vmtarget> ; # java/lang/invoke/LambdaForm$DMH+0x000002679b1f4000
instanceKlass com/android/tools/r8/graph/U4
instanceKlass  @bci com/android/tools/r8/graph/j b (Lcom/android/tools/r8/graph/E0;Lcom/android/tools/r8/graph/B2;)Lcom/android/tools/r8/graph/H0; 2 <appendix> member <vmtarget> ; # com/android/tools/r8/graph/j$$Lambda+0x000002679b1f2190
instanceKlass com/android/tools/r8/graph/K4
# instanceKlass com/android/tools/r8/graph/X4$$Lambda+0x000002679b1f0f88
# instanceKlass com/android/tools/r8/graph/X4$$Lambda+0x000002679b1f0d50
# instanceKlass com/android/tools/r8/graph/X4$$Lambda+0x000002679b1f0b18
# instanceKlass com/android/tools/r8/graph/X4$$Lambda+0x000002679b1f08e0
# instanceKlass com/android/tools/r8/graph/X4$$Lambda+0x000002679b1f06a8
instanceKlass  @bci com/android/tools/r8/graph/X4 b (Lcom/android/tools/r8/graph/M2;Lcom/android/tools/r8/graph/I2;Lcom/android/tools/r8/graph/L2;)Lcom/android/tools/r8/graph/c5; 45 <appendix> member <vmtarget> ; # com/android/tools/r8/graph/X4$$Lambda+0x000002679b1f0470
# instanceKlass com/android/tools/r8/graph/X4$$Lambda+0x000002679b1f0238
instanceKlass  @bci com/android/tools/r8/graph/X4 a (Lcom/android/tools/r8/graph/M2;Lcom/android/tools/r8/graph/I2;Lcom/android/tools/r8/graph/L2;)Lcom/android/tools/r8/graph/c5; 125 <appendix> member <vmtarget> ; # com/android/tools/r8/graph/X4$$Lambda+0x000002679b1f0000
instanceKlass com/android/tools/r8/internal/dm
instanceKlass com/android/tools/r8/internal/u5
instanceKlass  @bci com/android/tools/r8/graph/j c (Lcom/android/tools/r8/graph/M2;Lcom/android/tools/r8/graph/B2;)Lcom/android/tools/r8/graph/c5; 12 <appendix> member <vmtarget> ; # com/android/tools/r8/graph/j$$Lambda+0x000002679b1eac98
instanceKlass  @bci com/android/tools/r8/internal/J5 a (Lcom/android/tools/r8/internal/ia;Lcom/android/tools/r8/internal/z5;)Lcom/android/tools/r8/internal/cm; 3 <appendix> member <vmtarget> ; # com/android/tools/r8/internal/J5$$Lambda+0x000002679b1eaa70
instanceKlass  @cpi com/android/tools/r8/internal/l5 254 form vmentry <vmtarget> ; # java/lang/invoke/LambdaForm$DMH+0x000002679b1e9800
instanceKlass com/android/tools/r8/internal/EU
instanceKlass com/android/tools/r8/graph/Z4
instanceKlass com/android/tools/r8/internal/xy
instanceKlass com/android/tools/r8/internal/bm
instanceKlass  @bci com/android/tools/r8/internal/J5 a (Lcom/android/tools/r8/graph/K5;)Z 39 <appendix> argL0 ; # com/android/tools/r8/internal/J5$$Lambda+0x000002679b1eee98
# instanceKlass com/android/tools/r8/graph/X4$$Lambda+0x000002679b1eec50
# instanceKlass com/android/tools/r8/graph/X4$$Lambda+0x000002679b1eea08
instanceKlass  @bci com/android/tools/r8/graph/X4 a (Lcom/android/tools/r8/graph/u1;Ljava/util/function/Function;)Lcom/android/tools/r8/graph/X4; 5 <appendix> member <vmtarget> ; # com/android/tools/r8/graph/X4$$Lambda+0x000002679b1ee7c0
instanceKlass  @bci com/android/tools/r8/internal/J5 a (Lcom/android/tools/r8/graph/K5;)Z 14 <appendix> argL0 ; # com/android/tools/r8/internal/J5$$Lambda+0x000002679b1ee5a0
instanceKlass com/android/tools/r8/graph/W4
# instanceKlass com/android/tools/r8/internal/x10$$Lambda+0x000002679b1ec6d0
# instanceKlass com/android/tools/r8/internal/x10$$Lambda+0x000002679b1ec908
instanceKlass  @bci com/android/tools/r8/internal/x10 a (Lcom/android/tools/r8/internal/ga;Lcom/android/tools/r8/internal/N80;Lcom/android/tools/r8/graph/K5;)V 80 <appendix> member <vmtarget> ; # com/android/tools/r8/internal/x10$$Lambda+0x000002679b1ec498
instanceKlass com/android/tools/r8/graph/X4
instanceKlass  @bci com/android/tools/r8/kotlin/m b (Ljava/util/function/Consumer;Lcom/android/tools/r8/graph/y;)Z 19 <appendix> form vmentry <vmtarget> ; # java/lang/invoke/LambdaForm$DMH+0x000002679b1e9000
instanceKlass com/android/tools/r8/ProgramResource$ByteResource
# instanceKlass com/android/tools/r8/graph/j$$Lambda+0x000002679b1e7d40
instanceKlass  @bci com/android/tools/r8/graph/j b (Lcom/android/tools/r8/graph/M2;Lcom/android/tools/r8/graph/I2;Lcom/android/tools/r8/graph/L2;)Lcom/android/tools/r8/graph/c5; 12 <appendix> member <vmtarget> ; # com/android/tools/r8/graph/j$$Lambda+0x000002679b1e7af8
instanceKlass  @bci com/android/tools/r8/internal/XZ a (Lcom/android/tools/r8/internal/ga;Lcom/android/tools/r8/internal/N80;Lcom/android/tools/r8/graph/K5;)V 20 <appendix> member <vmtarget> ; # com/android/tools/r8/internal/XZ$$Lambda+0x000002679b1e78c0
# instanceKlass com/android/tools/r8/internal/XZ$$Lambda+0x000002679b1e7688
# instanceKlass com/android/tools/r8/internal/XZ$$Lambda+0x000002679b1e7450
instanceKlass  @bci com/android/tools/r8/dex/q0 a (ILjava/lang/String;Z)Ljava/lang/String; 70 <appendix> form vmentry <vmtarget> ; # java/lang/invoke/LambdaForm$MH+0x000002679b1e8800
instanceKlass com/android/tools/r8/shaking/v2
# instanceKlass com/android/tools/r8/internal/l5$$Lambda+0x000002679b1e7020
# instanceKlass com/android/tools/r8/internal/l5$$Lambda+0x000002679b1e6e00
# instanceKlass com/android/tools/r8/internal/l5$$Lambda+0x000002679b1e6be0
# instanceKlass com/android/tools/r8/internal/l5$$Lambda+0x000002679b1e69c0
instanceKlass  @bci com/android/tools/r8/internal/l5 b (Lcom/android/tools/r8/graph/K5;Lcom/android/tools/r8/internal/X9;)Lcom/android/tools/r8/internal/fm; 14 <appendix> argL0 ; # com/android/tools/r8/internal/l5$$Lambda+0x000002679b1e67a0
# instanceKlass com/android/tools/r8/internal/Uz$$Lambda+0x000002679b1e6328
# instanceKlass com/android/tools/r8/internal/Uz$$Lambda+0x000002679b1e60f8
instanceKlass com/android/tools/r8/synthesis/I
# instanceKlass com/android/tools/r8/internal/Uz$$Lambda+0x000002679b1e5cc8
# instanceKlass com/android/tools/r8/internal/Uz$$Lambda+0x000002679b1e5a98
# instanceKlass com/android/tools/r8/internal/Uz$$Lambda+0x000002679b1e5868
# instanceKlass com/android/tools/r8/internal/Uz$$Lambda+0x000002679b1e5638
# instanceKlass com/android/tools/r8/internal/Uz$$Lambda+0x000002679b1e5408
instanceKlass  @bci com/android/tools/r8/internal/Uz a (Lcom/android/tools/r8/internal/Uz;Lcom/android/tools/r8/graph/B2;)Lcom/android/tools/r8/graph/B2; 2 <appendix> argL0 ; # com/android/tools/r8/internal/Uz$$Lambda+0x000002679b1e51d8
instanceKlass com/android/tools/r8/internal/aL
# instanceKlass com/android/tools/r8/internal/Lb$$Lambda+0x000002679b1e4d48
# instanceKlass com/android/tools/r8/internal/Lb$$Lambda+0x000002679b1e4ac0
# instanceKlass com/android/tools/r8/internal/Lb$$Lambda+0x000002679b1e4838
# instanceKlass com/android/tools/r8/internal/Lb$$Lambda+0x000002679b1e45b0
# instanceKlass com/android/tools/r8/internal/Lb$$Lambda+0x000002679b1e4328
# instanceKlass com/android/tools/r8/internal/Lb$$Lambda+0x000002679b1e40a0
# instanceKlass com/android/tools/r8/internal/Lb$$Lambda+0x000002679b1e3e18
instanceKlass  @bci com/android/tools/r8/internal/Lb a (Lcom/android/tools/r8/internal/ia;Lcom/android/tools/r8/graph/K5;)Z 6 <appendix> member <vmtarget> ; # com/android/tools/r8/internal/Lb$$Lambda+0x000002679b1e3b90
instanceKlass java/util/Collections$UnmodifiableCollection$1
# instanceKlass com/android/tools/r8/internal/x10$$Lambda+0x000002679b1e3958
# instanceKlass com/android/tools/r8/internal/x10$$Lambda+0x000002679b1e3720
# instanceKlass com/android/tools/r8/internal/x10$$Lambda+0x000002679b1e34e8
# instanceKlass com/android/tools/r8/internal/x10$$Lambda+0x000002679b1e32b0
# instanceKlass com/android/tools/r8/internal/x10$$Lambda+0x000002679b1e3078
# instanceKlass com/android/tools/r8/internal/x10$$Lambda+0x000002679b1e2e40
# instanceKlass com/android/tools/r8/internal/x10$$Lambda+0x000002679b1e2c08
instanceKlass  @bci com/android/tools/r8/internal/x10 a (Lcom/android/tools/r8/internal/ga;Lcom/android/tools/r8/internal/N80;Lcom/android/tools/r8/graph/K5;)V 66 <appendix> member <vmtarget> ; # com/android/tools/r8/internal/x10$$Lambda+0x000002679b1e29d0
instanceKlass  @bci com/android/tools/r8/internal/i80 a (Ljava/util/function/Consumer;Lcom/android/tools/r8/graph/H2;)V 1 <appendix> argL0 ; # com/android/tools/r8/internal/i80$$Lambda+0x000002679b1e2780
instanceKlass  @bci com/android/tools/r8/internal/i80 a (Ljava/util/Collection;Ljava/util/function/Consumer;)V 2 <appendix> member <vmtarget> ; # com/android/tools/r8/internal/i80$$Lambda+0x000002679b1e2548
instanceKlass  @bci com/android/tools/r8/internal/Fs0 a (Lcom/android/tools/r8/internal/my;Lcom/android/tools/r8/internal/Rs0;Lcom/android/tools/r8/threading/ThreadingModule;Ljava/util/concurrent/ExecutorService;)V 2 <appendix> member <vmtarget> ; # com/android/tools/r8/internal/Fs0$$Lambda+0x000002679b1e2320
instanceKlass  @bci com/android/tools/r8/internal/i80 a (Lcom/android/tools/r8/internal/ga;Ljava/util/concurrent/ExecutorService;Lcom/android/tools/r8/internal/my;)V 40 <appendix> member <vmtarget> ; # com/android/tools/r8/internal/i80$$Lambda+0x000002679b1e20e8
instanceKlass com/android/tools/r8/internal/Rs0
instanceKlass com/android/tools/r8/internal/N80
instanceKlass  @bci com/android/tools/r8/internal/i80 a (Lcom/android/tools/r8/internal/ga;Ljava/util/concurrent/ExecutorService;Ljava/util/Collection;)V 2 <appendix> member <vmtarget> ; # com/android/tools/r8/internal/i80$$Lambda+0x000002679b1e1aa0
# instanceKlass com/android/tools/r8/graph/Q4$$Lambda+0x000002679b1e1630
# instanceKlass com/android/tools/r8/graph/Q4$$Lambda+0x000002679b1e1868
# instanceKlass com/android/tools/r8/graph/Q4$$Lambda+0x000002679b1e13f8
# instanceKlass com/android/tools/r8/graph/Q4$$Lambda+0x000002679b1e11c0
# instanceKlass com/android/tools/r8/graph/Q4$$Lambda+0x000002679b1e0f88
# instanceKlass com/android/tools/r8/graph/Q4$$Lambda+0x000002679b1e0d50
# instanceKlass com/android/tools/r8/graph/Q4$$Lambda+0x000002679b1e0b18
instanceKlass  @bci com/android/tools/r8/graph/Q4 b (Ljava/util/function/Consumer;Ljava/util/function/Predicate;)V 7 <appendix> member <vmtarget> ; # com/android/tools/r8/graph/Q4$$Lambda+0x000002679b1e08e0
# instanceKlass com/android/tools/r8/graph/H2$$Lambda+0x000002679b1e06a8
# instanceKlass com/android/tools/r8/graph/H2$$Lambda+0x000002679b1e0470
# instanceKlass com/android/tools/r8/graph/H2$$Lambda+0x000002679b1e0238
# instanceKlass com/android/tools/r8/graph/H2$$Lambda+0x000002679b1e0000
# instanceKlass com/android/tools/r8/graph/H2$$Lambda+0x000002679b1df948
# instanceKlass com/android/tools/r8/graph/H2$$Lambda+0x000002679b1dfdb8
instanceKlass  @bci com/android/tools/r8/graph/H2 h (Ljava/util/function/Consumer;Ljava/util/function/Predicate;)V 6 <appendix> member <vmtarget> ; # com/android/tools/r8/graph/H2$$Lambda+0x000002679b1dfb80
# instanceKlass com/android/tools/r8/graph/H2$$Lambda+0x000002679b1df710
# instanceKlass com/android/tools/r8/internal/Pc$$Lambda+0x000002679b1df4d8
# instanceKlass com/android/tools/r8/internal/Pc$$Lambda+0x000002679b1df2a0
# instanceKlass com/android/tools/r8/internal/Pc$$Lambda+0x000002679b1df068
# instanceKlass com/android/tools/r8/internal/Pc$$Lambda+0x000002679b1dee30
# instanceKlass com/android/tools/r8/internal/Pc$$Lambda+0x000002679b1debf8
# instanceKlass com/android/tools/r8/internal/Pc$$Lambda+0x000002679b1de9c0
# instanceKlass com/android/tools/r8/internal/Pc$$Lambda+0x000002679b1de550
instanceKlass  @bci com/android/tools/r8/internal/Pc a (Lcom/android/tools/r8/graph/H2;)V 2 <appendix> member <vmtarget> ; # com/android/tools/r8/internal/Pc$$Lambda+0x000002679b1de788
instanceKlass com/android/tools/r8/I
instanceKlass  @bci com/android/tools/r8/internal/Pc a (Ljava/util/concurrent/ExecutorService;)V 13 <appendix> member <vmtarget> ; # com/android/tools/r8/internal/Pc$$Lambda+0x000002679b1de110
instanceKlass  @bci com/android/tools/r8/internal/m9 a (Ljava/util/concurrent/ExecutorService;Lcom/android/tools/r8/internal/p9;Lcom/android/tools/r8/internal/at0;)V 90 <appendix> member <vmtarget> ; # com/android/tools/r8/internal/m9$$Lambda+0x000002679b1dded8
instanceKlass com/android/tools/r8/internal/Wc0
instanceKlass com/android/tools/r8/internal/k9
instanceKlass com/android/tools/r8/internal/n9
instanceKlass com/android/tools/r8/internal/Qc
instanceKlass com/android/tools/r8/internal/ny
instanceKlass com/android/tools/r8/internal/ga
instanceKlass com/android/tools/r8/internal/hm
instanceKlass com/android/tools/r8/internal/W2
instanceKlass com/android/tools/r8/internal/Lm
instanceKlass com/android/tools/r8/internal/PI
instanceKlass com/android/tools/r8/internal/ou0
instanceKlass com/android/tools/r8/internal/p9
instanceKlass com/android/tools/r8/internal/Tx0
instanceKlass com/android/tools/r8/internal/cd0
instanceKlass com/android/tools/r8/internal/zm
instanceKlass com/android/tools/r8/internal/Nm
instanceKlass com/android/tools/r8/internal/qu
instanceKlass com/android/tools/r8/internal/n6
instanceKlass com/android/tools/r8/internal/HZ
instanceKlass com/android/tools/r8/internal/Rz
instanceKlass com/android/tools/r8/internal/mJ
instanceKlass com/android/tools/r8/internal/TX
instanceKlass com/android/tools/r8/internal/yE
instanceKlass com/android/tools/r8/internal/Ou
instanceKlass com/android/tools/r8/ir/optimize/c
instanceKlass com/android/tools/r8/internal/A80
instanceKlass com/android/tools/r8/internal/SR
instanceKlass com/android/tools/r8/internal/mH
instanceKlass com/android/tools/r8/internal/eH
instanceKlass com/android/tools/r8/internal/Ea
instanceKlass  @bci com/android/tools/r8/internal/x10 a ()[[Lcom/android/tools/r8/internal/Y9; 78 <appendix> member <vmtarget> ; # com/android/tools/r8/internal/x10$$Lambda+0x000002679b1d6bb8
instanceKlass  @bci com/android/tools/r8/internal/x10 a ()[[Lcom/android/tools/r8/internal/Y9; 67 <appendix> member <vmtarget> ; # com/android/tools/r8/internal/x10$$Lambda+0x000002679b1d6980
instanceKlass  @cpi com/android/tools/r8/internal/x10 80 form vmentry <vmtarget> ; # java/lang/invoke/LambdaForm$DMH+0x000002679b1d4400
instanceKlass com/android/tools/r8/internal/lL
instanceKlass com/android/tools/r8/errors/UnsupportedFeatureDiagnostic
instanceKlass com/android/tools/r8/internal/Pw0
instanceKlass com/android/tools/r8/internal/Sw0
instanceKlass com/android/tools/r8/internal/U7
instanceKlass com/android/tools/r8/internal/IK
instanceKlass com/android/tools/r8/internal/HK
instanceKlass com/android/tools/r8/internal/Eh
instanceKlass com/android/tools/r8/ir/optimize/L0
instanceKlass com/android/tools/r8/internal/Fh
instanceKlass  @bci com/android/tools/r8/internal/LI a (Lcom/android/tools/r8/graph/y;)Ljava/util/function/Predicate; 11 <appendix> member <vmtarget> ; # com/android/tools/r8/internal/LI$$Lambda+0x000002679b1d1618
instanceKlass  @cpi com/android/tools/r8/internal/Mz 162 form vmentry <vmtarget> ; # java/lang/invoke/LambdaForm$DMH+0x000002679b1d4000
instanceKlass com/android/tools/r8/internal/pu
instanceKlass com/android/tools/r8/internal/NI
instanceKlass com/android/tools/r8/graph/f
instanceKlass com/android/tools/r8/internal/LI
instanceKlass com/android/tools/r8/internal/eJ
instanceKlass com/android/tools/r8/internal/dJ
instanceKlass com/android/tools/r8/internal/hJ
instanceKlass com/android/tools/r8/internal/QI
instanceKlass com/android/tools/r8/internal/TR
instanceKlass com/android/tools/r8/internal/VR
instanceKlass com/android/tools/r8/internal/Mq0
instanceKlass com/android/tools/r8/internal/Pq0
instanceKlass com/android/tools/r8/c
instanceKlass com/android/tools/r8/internal/wv0
instanceKlass com/android/tools/r8/internal/vv0
instanceKlass com/android/tools/r8/internal/PJ
instanceKlass com/android/tools/r8/graph/Z
instanceKlass  @bci com/android/tools/r8/graph/z4 f (Lcom/android/tools/r8/graph/M2;)Lcom/android/tools/r8/graph/b0; 101 <appendix> member <vmtarget> ; # com/android/tools/r8/graph/z4$$Lambda+0x000002679b1ced68
instanceKlass  @bci com/android/tools/r8/graph/z4 f (Lcom/android/tools/r8/graph/M2;)Lcom/android/tools/r8/graph/b0; 60 <appendix> member <vmtarget> ; # com/android/tools/r8/graph/z4$$Lambda+0x000002679b1ceb30
instanceKlass  @bci com/android/tools/r8/graph/z4 f (Lcom/android/tools/r8/graph/M2;)Lcom/android/tools/r8/graph/b0; 28 <appendix> member <vmtarget> ; # com/android/tools/r8/graph/z4$$Lambda+0x000002679b1ce8f8
instanceKlass com/android/tools/r8/internal/DJ
instanceKlass  @bci com/android/tools/r8/internal/qd a ()Lcom/android/tools/r8/graph/E0; 71 <appendix> member <vmtarget> ; # com/android/tools/r8/internal/qd$$Lambda+0x000002679b1ce470
instanceKlass com/android/tools/r8/internal/qd
instanceKlass  @bci com/android/tools/r8/internal/rd a (Lcom/android/tools/r8/graph/M2;)Lcom/android/tools/r8/graph/E0; 77 <appendix> member <vmtarget> ; # com/android/tools/r8/internal/rd$$Lambda+0x000002679b1ce000
instanceKlass com/android/tools/r8/graph/W
instanceKlass  @bci com/android/tools/r8/graph/h c (Lcom/android/tools/r8/graph/M2;)Lcom/android/tools/r8/graph/E0; 23 <appendix> member <vmtarget> ; # com/android/tools/r8/graph/h$$Lambda+0x000002679b1cbba8
instanceKlass  @cpi com/android/tools/r8/internal/VK 84 form vmentry <vmtarget> ; # java/lang/invoke/LambdaForm$DMH+0x000002679b1cc000
instanceKlass  @bci com/android/tools/r8/internal/o5 b ()Lcom/android/tools/r8/internal/dD; 14 <appendix> member <vmtarget> ; # com/android/tools/r8/internal/o5$$Lambda+0x000002679b1cb970
instanceKlass  @bci com/android/tools/r8/internal/o5 a ()Lcom/android/tools/r8/internal/dD; 17 <appendix> member <vmtarget> ; # com/android/tools/r8/internal/o5$$Lambda+0x000002679b1cb738
instanceKlass com/android/tools/r8/internal/o5
instanceKlass com/android/tools/r8/internal/l5
instanceKlass  @bci com/android/tools/r8/internal/H2 a (I)Lcom/android/tools/r8/internal/D5; 1 <appendix> member <vmtarget> ; # com/android/tools/r8/internal/H2$$Lambda+0x000002679b1cb098
instanceKlass com/android/tools/r8/internal/D5
instanceKlass com/android/tools/r8/internal/H2
instanceKlass  @bci com/android/tools/r8/internal/B5 a (Lcom/android/tools/r8/graph/u1;)V 159 <appendix> argL0 ; # com/android/tools/r8/internal/B5$$Lambda+0x000002679b1ca858
instanceKlass  @bci com/android/tools/r8/internal/B5 a (Lcom/android/tools/r8/graph/u1;)V 117 <appendix> argL0 ; # com/android/tools/r8/internal/B5$$Lambda+0x000002679b1ca420
instanceKlass  @bci com/android/tools/r8/internal/B5 a (Lcom/android/tools/r8/graph/u1;)V 57 <appendix> argL0 ; # com/android/tools/r8/internal/B5$$Lambda+0x000002679b1ca200
instanceKlass  @bci com/android/tools/r8/internal/B5 t (Lcom/android/tools/r8/graph/u1;)V 1338 <appendix> argL0 ; # com/android/tools/r8/internal/B5$$Lambda+0x000002679b1c9fe0
instanceKlass  @bci com/android/tools/r8/internal/B5 t (Lcom/android/tools/r8/graph/u1;)V 1262 <appendix> argL0 ; # com/android/tools/r8/internal/B5$$Lambda+0x000002679b1c9dc0
instanceKlass  @bci com/android/tools/r8/internal/B5 t (Lcom/android/tools/r8/graph/u1;)V 1195 <appendix> argL0 ; # com/android/tools/r8/internal/B5$$Lambda+0x000002679b1c9ba0
instanceKlass  @bci com/android/tools/r8/internal/B5 t (Lcom/android/tools/r8/graph/u1;)V 1119 <appendix> argL0 ; # com/android/tools/r8/internal/B5$$Lambda+0x000002679b1c9980
instanceKlass  @bci com/android/tools/r8/internal/B5 t (Lcom/android/tools/r8/graph/u1;)V 1052 <appendix> argL0 ; # com/android/tools/r8/internal/B5$$Lambda+0x000002679b1c9760
instanceKlass  @bci com/android/tools/r8/internal/B5 t (Lcom/android/tools/r8/graph/u1;)V 976 <appendix> argL0 ; # com/android/tools/r8/internal/B5$$Lambda+0x000002679b1c9540
instanceKlass  @bci com/android/tools/r8/internal/B5 t (Lcom/android/tools/r8/graph/u1;)V 903 <appendix> argL0 ; # com/android/tools/r8/internal/B5$$Lambda+0x000002679b1c9320
instanceKlass  @bci com/android/tools/r8/internal/B5 t (Lcom/android/tools/r8/graph/u1;)V 836 <appendix> argL0 ; # com/android/tools/r8/internal/B5$$Lambda+0x000002679b1c9100
instanceKlass  @bci com/android/tools/r8/internal/B5 t (Lcom/android/tools/r8/graph/u1;)V 760 <appendix> argL0 ; # com/android/tools/r8/internal/B5$$Lambda+0x000002679b1c8ee0
instanceKlass  @bci com/android/tools/r8/internal/B5 t (Lcom/android/tools/r8/graph/u1;)V 693 <appendix> argL0 ; # com/android/tools/r8/internal/B5$$Lambda+0x000002679b1c8cc0
instanceKlass  @bci com/android/tools/r8/internal/B5 t (Lcom/android/tools/r8/graph/u1;)V 617 <appendix> argL0 ; # com/android/tools/r8/internal/B5$$Lambda+0x000002679b1c8aa0
instanceKlass  @bci com/android/tools/r8/internal/B5 t (Lcom/android/tools/r8/graph/u1;)V 544 <appendix> argL0 ; # com/android/tools/r8/internal/B5$$Lambda+0x000002679b1c8880
instanceKlass  @bci com/android/tools/r8/internal/B5 t (Lcom/android/tools/r8/graph/u1;)V 477 <appendix> argL0 ; # com/android/tools/r8/internal/B5$$Lambda+0x000002679b1c8660
instanceKlass  @bci com/android/tools/r8/internal/B5 t (Lcom/android/tools/r8/graph/u1;)V 401 <appendix> argL0 ; # com/android/tools/r8/internal/B5$$Lambda+0x000002679b1c8440
instanceKlass  @bci com/android/tools/r8/internal/B5 t (Lcom/android/tools/r8/graph/u1;)V 330 <appendix> argL0 ; # com/android/tools/r8/internal/B5$$Lambda+0x000002679b1c8220
instanceKlass  @bci com/android/tools/r8/internal/B5 t (Lcom/android/tools/r8/graph/u1;)V 259 <appendix> argL0 ; # com/android/tools/r8/internal/B5$$Lambda+0x000002679b1c8000
instanceKlass  @bci com/android/tools/r8/internal/B5 t (Lcom/android/tools/r8/graph/u1;)V 188 <appendix> argL0 ; # com/android/tools/r8/internal/B5$$Lambda+0x000002679b1c4c00
instanceKlass  @bci com/android/tools/r8/internal/B5 t (Lcom/android/tools/r8/graph/u1;)V 53 <appendix> argL0 ; # com/android/tools/r8/internal/B5$$Lambda+0x000002679b1c5cc0
instanceKlass  @bci com/android/tools/r8/internal/B5 r (Lcom/android/tools/r8/graph/u1;)V 452 <appendix> argL0 ; # com/android/tools/r8/internal/B5$$Lambda+0x000002679b1c5aa0
instanceKlass  @bci com/android/tools/r8/internal/B5 r (Lcom/android/tools/r8/graph/u1;)V 391 <appendix> argL0 ; # com/android/tools/r8/internal/B5$$Lambda+0x000002679b1c5880
instanceKlass  @bci com/android/tools/r8/internal/B5 r (Lcom/android/tools/r8/graph/u1;)V 279 <appendix> argL0 ; # com/android/tools/r8/internal/B5$$Lambda+0x000002679b1c5660
instanceKlass  @bci com/android/tools/r8/internal/B5 r (Lcom/android/tools/r8/graph/u1;)V 210 <appendix> argL0 ; # com/android/tools/r8/internal/B5$$Lambda+0x000002679b1c5440
instanceKlass  @bci com/android/tools/r8/internal/B5 r (Lcom/android/tools/r8/graph/u1;)V 137 <appendix> argL0 ; # com/android/tools/r8/internal/B5$$Lambda+0x000002679b1c5220
instanceKlass  @bci com/android/tools/r8/internal/B5 r (Lcom/android/tools/r8/graph/u1;)V 63 <appendix> argL0 ; # com/android/tools/r8/internal/B5$$Lambda+0x000002679b1c5000
instanceKlass  @bci com/android/tools/r8/internal/B5 p (Lcom/android/tools/r8/graph/u1;)V 712 <appendix> argL0 ; # com/android/tools/r8/internal/B5$$Lambda+0x000002679b1c7dc0
instanceKlass  @bci com/android/tools/r8/internal/B5 p (Lcom/android/tools/r8/graph/u1;)V 655 <appendix> argL0 ; # com/android/tools/r8/internal/B5$$Lambda+0x000002679b1c7ba0
instanceKlass  @bci com/android/tools/r8/internal/B5 p (Lcom/android/tools/r8/graph/u1;)V 598 <appendix> argL0 ; # com/android/tools/r8/internal/B5$$Lambda+0x000002679b1c7980
instanceKlass  @bci com/android/tools/r8/internal/B5 p (Lcom/android/tools/r8/graph/u1;)V 541 <appendix> argL0 ; # com/android/tools/r8/internal/B5$$Lambda+0x000002679b1c7760
instanceKlass  @bci com/android/tools/r8/internal/B5 p (Lcom/android/tools/r8/graph/u1;)V 484 <appendix> argL0 ; # com/android/tools/r8/internal/B5$$Lambda+0x000002679b1c7540
instanceKlass  @bci com/android/tools/r8/internal/B5 p (Lcom/android/tools/r8/graph/u1;)V 416 <appendix> argL0 ; # com/android/tools/r8/internal/B5$$Lambda+0x000002679b1c7320
instanceKlass  @bci com/android/tools/r8/internal/B5 p (Lcom/android/tools/r8/graph/u1;)V 309 <appendix> argL0 ; # com/android/tools/r8/internal/B5$$Lambda+0x000002679b1c7100
instanceKlass  @bci com/android/tools/r8/internal/B5 p (Lcom/android/tools/r8/graph/u1;)V 202 <appendix> argL0 ; # com/android/tools/r8/internal/B5$$Lambda+0x000002679b1c6ee0
instanceKlass  @bci com/android/tools/r8/internal/B5 p (Lcom/android/tools/r8/graph/u1;)V 90 <appendix> argL0 ; # com/android/tools/r8/internal/B5$$Lambda+0x000002679b1c6cc0
instanceKlass  @bci com/android/tools/r8/internal/B5 o (Lcom/android/tools/r8/graph/u1;)V 313 <appendix> argL0 ; # com/android/tools/r8/internal/B5$$Lambda+0x000002679b1c6aa0
instanceKlass  @bci com/android/tools/r8/internal/B5 o (Lcom/android/tools/r8/graph/u1;)V 235 <appendix> argL0 ; # com/android/tools/r8/internal/B5$$Lambda+0x000002679b1c6880
instanceKlass  @bci com/android/tools/r8/internal/B5 o (Lcom/android/tools/r8/graph/u1;)V 149 <appendix> argL0 ; # com/android/tools/r8/internal/B5$$Lambda+0x000002679b1c6660
instanceKlass  @bci com/android/tools/r8/internal/B5 o (Lcom/android/tools/r8/graph/u1;)V 74 <appendix> argL0 ; # com/android/tools/r8/internal/B5$$Lambda+0x000002679b1c6440
instanceKlass  @bci com/android/tools/r8/internal/B5 n (Lcom/android/tools/r8/graph/u1;)V 180 <appendix> argL0 ; # com/android/tools/r8/internal/B5$$Lambda+0x000002679b1c6220
instanceKlass  @bci com/android/tools/r8/internal/B5 n (Lcom/android/tools/r8/graph/u1;)V 124 <appendix> argL0 ; # com/android/tools/r8/internal/B5$$Lambda+0x000002679b1c6000
instanceKlass  @bci com/android/tools/r8/internal/B5 n (Lcom/android/tools/r8/graph/u1;)V 62 <appendix> argL0 ; # com/android/tools/r8/internal/B5$$Lambda+0x000002679b1c3db0
instanceKlass  @bci com/android/tools/r8/internal/ko0 a ()Lcom/android/tools/r8/internal/y5; 0 <appendix> argL0 ; # com/android/tools/r8/internal/ko0$$Lambda+0x000002679b1c3b80
instanceKlass com/android/tools/r8/internal/ko0
instanceKlass  @bci com/android/tools/r8/internal/B5 m (Lcom/android/tools/r8/graph/u1;)V 569 <appendix> argL0 ; # com/android/tools/r8/internal/B5$$Lambda+0x000002679b1c3758
instanceKlass  @bci com/android/tools/r8/internal/B5 m (Lcom/android/tools/r8/graph/u1;)V 487 <appendix> argL0 ; # com/android/tools/r8/internal/B5$$Lambda+0x000002679b1c3538
instanceKlass  @bci com/android/tools/r8/internal/B5 m (Lcom/android/tools/r8/graph/u1;)V 406 <appendix> argL0 ; # com/android/tools/r8/internal/B5$$Lambda+0x000002679b1c3318
instanceKlass  @bci com/android/tools/r8/internal/B5 m (Lcom/android/tools/r8/graph/u1;)V 331 <appendix> argL0 ; # com/android/tools/r8/internal/B5$$Lambda+0x000002679b1c30f8
instanceKlass  @bci com/android/tools/r8/internal/B5 m (Lcom/android/tools/r8/graph/u1;)V 252 <appendix> argL0 ; # com/android/tools/r8/internal/B5$$Lambda+0x000002679b1c2ed8
instanceKlass  @bci com/android/tools/r8/internal/B5 m (Lcom/android/tools/r8/graph/u1;)V 128 <appendix> argL0 ; # com/android/tools/r8/internal/B5$$Lambda+0x000002679b1c2cb8
instanceKlass  @bci com/android/tools/r8/internal/B5 m (Lcom/android/tools/r8/graph/u1;)V 58 <appendix> argL0 ; # com/android/tools/r8/internal/B5$$Lambda+0x000002679b1c2a98
instanceKlass  @bci com/android/tools/r8/internal/B5 k (Lcom/android/tools/r8/graph/u1;)V 233 <appendix> argL0 ; # com/android/tools/r8/internal/B5$$Lambda+0x000002679b1c2878
instanceKlass  @bci com/android/tools/r8/internal/B5 k (Lcom/android/tools/r8/graph/u1;)V 175 <appendix> argL0 ; # com/android/tools/r8/internal/B5$$Lambda+0x000002679b1c2658
instanceKlass  @bci com/android/tools/r8/internal/B5 k (Lcom/android/tools/r8/graph/u1;)V 117 <appendix> argL0 ; # com/android/tools/r8/internal/B5$$Lambda+0x000002679b1c2438
instanceKlass  @bci com/android/tools/r8/internal/B5 k (Lcom/android/tools/r8/graph/u1;)V 62 <appendix> argL0 ; # com/android/tools/r8/internal/B5$$Lambda+0x000002679b1c2218
instanceKlass  @bci com/android/tools/r8/internal/B5 l (Lcom/android/tools/r8/graph/u1;)V 523 <appendix> argL0 ; # com/android/tools/r8/internal/B5$$Lambda+0x000002679b1c1ff8
instanceKlass  @bci com/android/tools/r8/internal/B5 l (Lcom/android/tools/r8/graph/u1;)V 460 <appendix> argL0 ; # com/android/tools/r8/internal/B5$$Lambda+0x000002679b1c1dd8
instanceKlass  @bci com/android/tools/r8/internal/B5 l (Lcom/android/tools/r8/graph/u1;)V 398 <appendix> form vmentry <vmtarget> ; # java/lang/invoke/LambdaForm$DMH+0x000002679b1c4800
instanceKlass  @bci com/android/tools/r8/internal/B5 l (Lcom/android/tools/r8/graph/u1;)V 398 <appendix> member <vmtarget> ; # com/android/tools/r8/internal/B5$$Lambda+0x000002679b1c1bb0
instanceKlass  @cpi com/android/tools/r8/internal/B5 903 form vmentry <vmtarget> ; # java/lang/invoke/LambdaForm$DMH+0x000002679b1c4400
instanceKlass  @bci com/android/tools/r8/internal/B5 l (Lcom/android/tools/r8/graph/u1;)V 318 <appendix> argL0 ; # com/android/tools/r8/internal/B5$$Lambda+0x000002679b1c1990
instanceKlass  @bci com/android/tools/r8/internal/B5 l (Lcom/android/tools/r8/graph/u1;)V 260 <appendix> member <vmtarget> ; # com/android/tools/r8/internal/B5$$Lambda+0x000002679b1c1770
instanceKlass  @bci com/android/tools/r8/internal/B5 l (Lcom/android/tools/r8/graph/u1;)V 183 <appendix> argL0 ; # com/android/tools/r8/internal/B5$$Lambda+0x000002679b1c1550
instanceKlass  @bci com/android/tools/r8/internal/B5 l (Lcom/android/tools/r8/graph/u1;)V 125 <appendix> member <vmtarget> ; # com/android/tools/r8/internal/B5$$Lambda+0x000002679b1c1330
instanceKlass  @cpi com/android/tools/r8/internal/H2 15 form vmentry <vmtarget> ; # java/lang/invoke/LambdaForm$DMH+0x000002679b1c4000
instanceKlass  @bci com/android/tools/r8/internal/bf <clinit> ()V 16 <appendix> argL0 ; # com/android/tools/r8/internal/bf$$Lambda+0x000002679b1c1100
instanceKlass  @bci com/android/tools/r8/internal/bf <clinit> ()V 8 <appendix> argL0 ; # com/android/tools/r8/internal/bf$$Lambda+0x000002679b1c0ed0
instanceKlass  @bci com/android/tools/r8/internal/bf <clinit> ()V 0 <appendix> argL0 ; # com/android/tools/r8/internal/bf$$Lambda+0x000002679b1c0ca0
instanceKlass com/android/tools/r8/internal/bf
instanceKlass  @bci com/android/tools/r8/internal/B5 i (Lcom/android/tools/r8/graph/u1;)V 31 <appendix> argL0 ; # com/android/tools/r8/internal/B5$$Lambda+0x000002679b1c0878
instanceKlass  @bci com/android/tools/r8/internal/sW a ()Lcom/android/tools/r8/internal/y5; 0 <appendix> argL0 ; # com/android/tools/r8/internal/sW$$Lambda+0x000002679b1c0648
instanceKlass com/android/tools/r8/internal/sW
instanceKlass  @bci com/android/tools/r8/internal/B5 g (Lcom/android/tools/r8/graph/u1;)V 1590 <appendix> argL0 ; # com/android/tools/r8/internal/B5$$Lambda+0x000002679b1c0220
instanceKlass  @bci com/android/tools/r8/internal/B5 g (Lcom/android/tools/r8/graph/u1;)V 1510 <appendix> argL0 ; # com/android/tools/r8/internal/B5$$Lambda+0x000002679b1c0000
instanceKlass  @bci com/android/tools/r8/internal/B5 g (Lcom/android/tools/r8/graph/u1;)V 1424 <appendix> argL0 ; # com/android/tools/r8/internal/B5$$Lambda+0x000002679b1bc400
instanceKlass  @bci com/android/tools/r8/internal/B5 g (Lcom/android/tools/r8/graph/u1;)V 1361 <appendix> argL0 ; # com/android/tools/r8/internal/B5$$Lambda+0x000002679b1bcc40
instanceKlass  @bci com/android/tools/r8/internal/B5 g (Lcom/android/tools/r8/graph/u1;)V 1282 <appendix> argL0 ; # com/android/tools/r8/internal/B5$$Lambda+0x000002679b1bca20
instanceKlass  @bci com/android/tools/r8/internal/B5 g (Lcom/android/tools/r8/graph/u1;)V 1212 <appendix> argL0 ; # com/android/tools/r8/internal/B5$$Lambda+0x000002679b1bc800
instanceKlass  @bci com/android/tools/r8/internal/B5 g (Lcom/android/tools/r8/graph/u1;)V 1132 <appendix> argL0 ; # com/android/tools/r8/internal/B5$$Lambda+0x000002679b1bdcc0
instanceKlass  @bci com/android/tools/r8/internal/B5 g (Lcom/android/tools/r8/graph/u1;)V 1063 <appendix> argL0 ; # com/android/tools/r8/internal/B5$$Lambda+0x000002679b1bdaa0
instanceKlass  @bci com/android/tools/r8/internal/B5 g (Lcom/android/tools/r8/graph/u1;)V 989 <appendix> argL0 ; # com/android/tools/r8/internal/B5$$Lambda+0x000002679b1bd880
instanceKlass  @bci com/android/tools/r8/internal/B5 g (Lcom/android/tools/r8/graph/u1;)V 918 <appendix> argL0 ; # com/android/tools/r8/internal/B5$$Lambda+0x000002679b1bd660
instanceKlass  @bci com/android/tools/r8/internal/B5 g (Lcom/android/tools/r8/graph/u1;)V 842 <appendix> argL0 ; # com/android/tools/r8/internal/B5$$Lambda+0x000002679b1bd440
instanceKlass  @bci com/android/tools/r8/internal/B5 g (Lcom/android/tools/r8/graph/u1;)V 769 <appendix> argL0 ; # com/android/tools/r8/internal/B5$$Lambda+0x000002679b1bd220
instanceKlass  @bci com/android/tools/r8/internal/B5 g (Lcom/android/tools/r8/graph/u1;)V 699 <appendix> argL0 ; # com/android/tools/r8/internal/B5$$Lambda+0x000002679b1bd000
instanceKlass  @bci com/android/tools/r8/internal/B5 g (Lcom/android/tools/r8/graph/u1;)V 622 <appendix> argL0 ; # com/android/tools/r8/internal/B5$$Lambda+0x000002679b1bfdc0
instanceKlass  @bci com/android/tools/r8/internal/B5 g (Lcom/android/tools/r8/graph/u1;)V 553 <appendix> argL0 ; # com/android/tools/r8/internal/B5$$Lambda+0x000002679b1bfba0
instanceKlass  @bci com/android/tools/r8/internal/B5 g (Lcom/android/tools/r8/graph/u1;)V 484 <appendix> argL0 ; # com/android/tools/r8/internal/B5$$Lambda+0x000002679b1bf980
instanceKlass  @bci com/android/tools/r8/internal/B5 g (Lcom/android/tools/r8/graph/u1;)V 413 <appendix> argL0 ; # com/android/tools/r8/internal/B5$$Lambda+0x000002679b1bf760
instanceKlass  @bci com/android/tools/r8/internal/B5 g (Lcom/android/tools/r8/graph/u1;)V 342 <appendix> argL0 ; # com/android/tools/r8/internal/B5$$Lambda+0x000002679b1bf540
instanceKlass  @bci com/android/tools/r8/internal/B5 g (Lcom/android/tools/r8/graph/u1;)V 267 <appendix> argL0 ; # com/android/tools/r8/internal/B5$$Lambda+0x000002679b1bf320
instanceKlass  @bci com/android/tools/r8/internal/B5 g (Lcom/android/tools/r8/graph/u1;)V 199 <appendix> argL0 ; # com/android/tools/r8/internal/B5$$Lambda+0x000002679b1bf100
instanceKlass  @bci com/android/tools/r8/internal/B5 g (Lcom/android/tools/r8/graph/u1;)V 126 <appendix> argL0 ; # com/android/tools/r8/internal/B5$$Lambda+0x000002679b1beee0
instanceKlass  @bci com/android/tools/r8/internal/B5 g (Lcom/android/tools/r8/graph/u1;)V 58 <appendix> argL0 ; # com/android/tools/r8/internal/B5$$Lambda+0x000002679b1becc0
instanceKlass  @bci com/android/tools/r8/internal/B5 f (Lcom/android/tools/r8/graph/u1;)V 114 <appendix> argL0 ; # com/android/tools/r8/internal/B5$$Lambda+0x000002679b1beaa0
instanceKlass  @bci com/android/tools/r8/internal/B5 f (Lcom/android/tools/r8/graph/u1;)V 57 <appendix> argL0 ; # com/android/tools/r8/internal/B5$$Lambda+0x000002679b1be880
instanceKlass  @bci com/android/tools/r8/internal/B5 a (Lcom/android/tools/r8/graph/u1;Lcom/android/tools/r8/graph/M2;)V 343 <appendix> argL0 ; # com/android/tools/r8/internal/B5$$Lambda+0x000002679b1be660
instanceKlass  @bci com/android/tools/r8/internal/B5 a (Lcom/android/tools/r8/graph/u1;Lcom/android/tools/r8/graph/M2;)V 284 <appendix> argL0 ; # com/android/tools/r8/internal/B5$$Lambda+0x000002679b1be440
instanceKlass  @bci com/android/tools/r8/internal/B5 a (Lcom/android/tools/r8/graph/u1;Lcom/android/tools/r8/graph/M2;)V 225 <appendix> argL0 ; # com/android/tools/r8/internal/B5$$Lambda+0x000002679b1be220
instanceKlass  @bci com/android/tools/r8/internal/B5 a (Lcom/android/tools/r8/graph/u1;Lcom/android/tools/r8/graph/M2;)V 166 <appendix> argL0 ; # com/android/tools/r8/internal/B5$$Lambda+0x000002679b1be000
instanceKlass  @bci com/android/tools/r8/internal/B5 a (Lcom/android/tools/r8/graph/u1;Lcom/android/tools/r8/graph/M2;)V 107 <appendix> argL0 ; # com/android/tools/r8/internal/B5$$Lambda+0x000002679b1bbd48
instanceKlass  @bci com/android/tools/r8/internal/B5 a (Lcom/android/tools/r8/graph/u1;Lcom/android/tools/r8/graph/M2;)V 48 <appendix> argL0 ; # com/android/tools/r8/internal/B5$$Lambda+0x000002679b1bbb28
instanceKlass  @bci com/android/tools/r8/internal/B5 d (Lcom/android/tools/r8/graph/u1;)V 2725 <appendix> argL0 ; # com/android/tools/r8/internal/B5$$Lambda+0x000002679b1bb908
instanceKlass  @bci com/android/tools/r8/internal/B5 d (Lcom/android/tools/r8/graph/u1;)V 2650 <appendix> argL0 ; # com/android/tools/r8/internal/B5$$Lambda+0x000002679b1bb6e8
instanceKlass  @bci com/android/tools/r8/internal/B5 d (Lcom/android/tools/r8/graph/u1;)V 2573 <appendix> argL0 ; # com/android/tools/r8/internal/B5$$Lambda+0x000002679b1bb4c8
instanceKlass  @bci com/android/tools/r8/internal/B5 d (Lcom/android/tools/r8/graph/u1;)V 2496 <appendix> argL0 ; # com/android/tools/r8/internal/B5$$Lambda+0x000002679b1bb2a8
instanceKlass  @bci com/android/tools/r8/internal/B5 d (Lcom/android/tools/r8/graph/u1;)V 2424 <appendix> argL0 ; # com/android/tools/r8/internal/B5$$Lambda+0x000002679b1bb088
instanceKlass  @bci com/android/tools/r8/internal/B5 d (Lcom/android/tools/r8/graph/u1;)V 2352 <appendix> argL0 ; # com/android/tools/r8/internal/B5$$Lambda+0x000002679b1bae68
instanceKlass  @bci com/android/tools/r8/internal/B5 d (Lcom/android/tools/r8/graph/u1;)V 2275 <appendix> argL0 ; # com/android/tools/r8/internal/B5$$Lambda+0x000002679b1bac48
instanceKlass  @bci com/android/tools/r8/internal/B5 d (Lcom/android/tools/r8/graph/u1;)V 2198 <appendix> argL0 ; # com/android/tools/r8/internal/B5$$Lambda+0x000002679b1baa28
instanceKlass  @bci com/android/tools/r8/internal/B5 d (Lcom/android/tools/r8/graph/u1;)V 2121 <appendix> argL0 ; # com/android/tools/r8/internal/B5$$Lambda+0x000002679b1ba808
instanceKlass  @bci com/android/tools/r8/internal/B5 d (Lcom/android/tools/r8/graph/u1;)V 2044 <appendix> argL0 ; # com/android/tools/r8/internal/B5$$Lambda+0x000002679b1ba5e8
instanceKlass  @bci com/android/tools/r8/internal/B5 d (Lcom/android/tools/r8/graph/u1;)V 1967 <appendix> argL0 ; # com/android/tools/r8/internal/B5$$Lambda+0x000002679b1ba3c8
instanceKlass  @bci com/android/tools/r8/internal/B5 d (Lcom/android/tools/r8/graph/u1;)V 1890 <appendix> argL0 ; # com/android/tools/r8/internal/B5$$Lambda+0x000002679b1ba1a8
instanceKlass  @bci com/android/tools/r8/internal/B5 d (Lcom/android/tools/r8/graph/u1;)V 1813 <appendix> argL0 ; # com/android/tools/r8/internal/B5$$Lambda+0x000002679b1b9f88
instanceKlass  @bci com/android/tools/r8/internal/B5 d (Lcom/android/tools/r8/graph/u1;)V 1430 <appendix> argL0 ; # com/android/tools/r8/internal/B5$$Lambda+0x000002679b1b9d68
instanceKlass  @bci com/android/tools/r8/internal/i7 a (Lcom/android/tools/r8/internal/sa;)Lcom/android/tools/r8/internal/y5; 1 <appendix> member <vmtarget> ; # com/android/tools/r8/internal/i7$$Lambda+0x000002679b1b9b30
instanceKlass com/android/tools/r8/internal/i7
instanceKlass  @bci com/android/tools/r8/internal/B5 d (Lcom/android/tools/r8/graph/u1;)V 1147 <appendix> argL0 ; # com/android/tools/r8/internal/B5$$Lambda+0x000002679b1b9708
instanceKlass  @bci com/android/tools/r8/internal/B5 d (Lcom/android/tools/r8/graph/u1;)V 1076 <appendix> argL0 ; # com/android/tools/r8/internal/B5$$Lambda+0x000002679b1b94e8
instanceKlass  @bci com/android/tools/r8/internal/Rx a ()Lcom/android/tools/r8/internal/y5; 0 <appendix> argL0 ; # com/android/tools/r8/internal/Rx$$Lambda+0x000002679b1b92b8
instanceKlass com/android/tools/r8/internal/Rx
instanceKlass  @bci com/android/tools/r8/internal/B5 d (Lcom/android/tools/r8/graph/u1;)V 736 <appendix> argL0 ; # com/android/tools/r8/internal/B5$$Lambda+0x000002679b1b8e90
instanceKlass  @bci com/android/tools/r8/internal/B5 d (Lcom/android/tools/r8/graph/u1;)V 465 <appendix> argL0 ; # com/android/tools/r8/internal/B5$$Lambda+0x000002679b1b8c70
instanceKlass  @cpi com/android/tools/r8/internal/bf 39 form vmentry <vmtarget> ; # java/lang/invoke/LambdaForm$DMH+0x000002679b1bc000
instanceKlass com/android/tools/r8/internal/K5
instanceKlass com/android/tools/r8/internal/H5
instanceKlass com/android/tools/r8/internal/s5
instanceKlass  @bci com/android/tools/r8/internal/G20 a ()Lcom/android/tools/r8/internal/y5; 0 <appendix> argL0 ; # com/android/tools/r8/internal/G20$$Lambda+0x000002679b1b8438
instanceKlass  @bci com/android/tools/r8/internal/G20 b ()Lcom/android/tools/r8/internal/y5; 0 <appendix> argL0 ; # com/android/tools/r8/internal/G20$$Lambda+0x000002679b1b8208
instanceKlass com/android/tools/r8/internal/G20
instanceKlass com/android/tools/r8/internal/v5
instanceKlass com/android/tools/r8/internal/y5
instanceKlass com/android/tools/r8/internal/z5
instanceKlass com/android/tools/r8/internal/B5
instanceKlass com/android/tools/r8/internal/J5
instanceKlass com/android/tools/r8/internal/ZZ
instanceKlass com/android/tools/r8/internal/E9
instanceKlass com/android/tools/r8/internal/XZ
instanceKlass com/android/tools/r8/internal/Z9
instanceKlass com/android/tools/r8/internal/aa
instanceKlass java/util/Collections$2
instanceKlass  @bci com/android/tools/r8/internal/xB <init> (Lcom/android/tools/r8/graph/y;)V 628 <appendix> member <vmtarget> ; # com/android/tools/r8/internal/xB$$Lambda+0x000002679b1b4ce0
instanceKlass com/android/tools/r8/internal/fA
instanceKlass com/android/tools/r8/ir/optimize/M
instanceKlass  @bci com/android/tools/r8/ir/optimize/f <init> (Lcom/android/tools/r8/graph/y;)V 93 <appendix> member <vmtarget> ; # com/android/tools/r8/ir/optimize/f$$Lambda+0x000002679b1b4018
instanceKlass java/util/ArrayList$ArrayListSpliterator
instanceKlass com/android/tools/r8/ir/optimize/d
instanceKlass com/android/tools/r8/ir/optimize/e
instanceKlass com/android/tools/r8/ir/optimize/F
instanceKlass com/android/tools/r8/ir/optimize/w
instanceKlass com/android/tools/r8/internal/Be
instanceKlass com/android/tools/r8/ir/optimize/y0
instanceKlass com/android/tools/r8/internal/I7
instanceKlass com/android/tools/r8/internal/LE
instanceKlass com/android/tools/r8/internal/Jq0
instanceKlass com/android/tools/r8/internal/Kq0
instanceKlass com/android/tools/r8/internal/Zj
instanceKlass com/android/tools/r8/internal/fK
instanceKlass com/android/tools/r8/internal/zx0
instanceKlass com/android/tools/r8/internal/De
instanceKlass com/android/tools/r8/internal/oH
instanceKlass com/android/tools/r8/ir/optimize/x
instanceKlass com/android/tools/r8/graph/R5
instanceKlass com/android/tools/r8/graph/P5
instanceKlass com/android/tools/r8/graph/d
instanceKlass com/android/tools/r8/shaking/j
instanceKlass com/android/tools/r8/graph/h3
instanceKlass com/android/tools/r8/graph/w5
instanceKlass com/android/tools/r8/graph/t5
instanceKlass com/android/tools/r8/shaking/z1
instanceKlass com/android/tools/r8/internal/ui
instanceKlass com/android/tools/r8/internal/Sa
instanceKlass com/android/tools/r8/internal/Wa
instanceKlass com/android/tools/r8/internal/m5
instanceKlass com/android/tools/r8/internal/n5
instanceKlass com/android/tools/r8/internal/Km
instanceKlass com/android/tools/r8/internal/Mm
instanceKlass com/android/tools/r8/internal/Om
instanceKlass com/android/tools/r8/internal/iJ
instanceKlass com/android/tools/r8/internal/Am
instanceKlass com/android/tools/r8/internal/ym
instanceKlass com/android/tools/r8/internal/Pc
instanceKlass com/android/tools/r8/internal/sX
instanceKlass com/android/tools/r8/internal/bU
instanceKlass com/android/tools/r8/internal/yB
instanceKlass com/android/tools/r8/internal/jE
instanceKlass com/android/tools/r8/internal/ex
instanceKlass com/android/tools/r8/internal/Ep0
instanceKlass com/android/tools/r8/internal/vv
instanceKlass com/android/tools/r8/internal/Wn
instanceKlass com/android/tools/r8/internal/d2
instanceKlass com/android/tools/r8/internal/h60
instanceKlass com/android/tools/r8/internal/mY
instanceKlass com/android/tools/r8/internal/kY
instanceKlass com/android/tools/r8/internal/lD
instanceKlass com/android/tools/r8/internal/RX
instanceKlass com/android/tools/r8/internal/Ae
instanceKlass com/android/tools/r8/internal/NW
instanceKlass com/android/tools/r8/internal/t20
instanceKlass com/android/tools/r8/internal/Ju
instanceKlass com/android/tools/r8/internal/H50
instanceKlass com/android/tools/r8/internal/ca
instanceKlass com/android/tools/r8/internal/xB
instanceKlass com/android/tools/r8/internal/Zy
instanceKlass com/android/tools/r8/internal/i60
instanceKlass com/android/tools/r8/internal/f2
instanceKlass com/android/tools/r8/internal/p7
instanceKlass com/android/tools/r8/internal/Iy0
instanceKlass com/android/tools/r8/internal/J9
instanceKlass com/android/tools/r8/internal/KF
instanceKlass com/android/tools/r8/internal/M
instanceKlass com/android/tools/r8/internal/RF
instanceKlass com/android/tools/r8/internal/G70
instanceKlass com/android/tools/r8/internal/Q5
instanceKlass com/android/tools/r8/internal/RD
instanceKlass com/android/tools/r8/internal/An0
instanceKlass com/android/tools/r8/internal/vy
instanceKlass com/android/tools/r8/internal/o80
instanceKlass com/android/tools/r8/internal/ND
instanceKlass com/android/tools/r8/internal/DI
instanceKlass com/android/tools/r8/internal/yG
instanceKlass com/android/tools/r8/internal/H9$a
instanceKlass  @bci java/util/ArrayDeque copyElements (Ljava/util/Collection;)V 2 <appendix> member <vmtarget> ; # java/util/ArrayDeque$$Lambda+0x000002679b05a9e0
instanceKlass com/android/tools/r8/internal/L
instanceKlass com/android/tools/r8/internal/dA
instanceKlass com/android/tools/r8/internal/wG
instanceKlass com/android/tools/r8/internal/SF
instanceKlass com/android/tools/r8/internal/Mb
instanceKlass com/android/tools/r8/internal/vb
instanceKlass com/android/tools/r8/position/TextRange
instanceKlass com/android/tools/r8/internal/v8
instanceKlass com/android/tools/r8/position/TextPosition
instanceKlass com/android/tools/r8/internal/io0
instanceKlass com/android/tools/r8/internal/Dr0
instanceKlass com/android/tools/r8/graph/g6
instanceKlass com/android/tools/r8/internal/P8
instanceKlass com/android/tools/r8/internal/M9
instanceKlass com/android/tools/r8/graph/G$a
instanceKlass com/android/tools/r8/internal/X
# instanceKlass com/android/tools/r8/graph/w4$$Lambda+0x000002679b173258
instanceKlass  @bci com/android/tools/r8/graph/w4 a (Lcom/android/tools/r8/graph/j0;)Lcom/android/tools/r8/graph/j0; 6 <appendix> member <vmtarget> ; # com/android/tools/r8/graph/w4$$Lambda+0x000002679b173010
instanceKlass com/android/tools/r8/graph/j0
instanceKlass com/android/tools/r8/internal/ub
instanceKlass com/android/tools/r8/internal/D1
instanceKlass com/android/tools/r8/internal/Lt0
instanceKlass com/android/tools/r8/internal/Na
instanceKlass com/android/tools/r8/internal/La
# instanceKlass com/android/tools/r8/graph/w4$$Lambda+0x000002679b164400
# instanceKlass com/android/tools/r8/graph/w4$$Lambda+0x000002679b164c40
instanceKlass  @bci com/android/tools/r8/graph/w4 b (Lcom/android/tools/r8/internal/DR;)Lcom/android/tools/r8/internal/ma; 5 <appendix> argL0 ; # com/android/tools/r8/graph/w4$$Lambda+0x000002679b164a00
instanceKlass com/android/tools/r8/internal/hI
instanceKlass com/android/tools/r8/internal/UH
# instanceKlass com/android/tools/r8/graph/s4$$Lambda+0x000002679b16fad8
# instanceKlass com/android/tools/r8/graph/s4$$Lambda+0x000002679b16f688
# instanceKlass com/android/tools/r8/graph/s4$$Lambda+0x000002679b16f8b0
# instanceKlass com/android/tools/r8/graph/s4$$Lambda+0x000002679b16f460
# instanceKlass com/android/tools/r8/graph/s4$$Lambda+0x000002679b16f238
# instanceKlass com/android/tools/r8/graph/s4$$Lambda+0x000002679b16f010
instanceKlass  @bci com/android/tools/r8/graph/s4 a (ILjava/lang/String;Ljava/lang/String;Ljava/lang/String;[Ljava/lang/String;)Lcom/android/tools/r8/internal/rY; 82 <appendix> member <vmtarget> ; # com/android/tools/r8/graph/s4$$Lambda+0x000002679b16ede8
# instanceKlass com/android/tools/r8/graph/s4$$Lambda+0x000002679b165c58
instanceKlass com/android/tools/r8/internal/H70
instanceKlass com/android/tools/r8/internal/wy
instanceKlass com/android/tools/r8/internal/gI
instanceKlass com/android/tools/r8/internal/Nb
instanceKlass com/android/tools/r8/graph/u4
instanceKlass  @bci com/android/tools/r8/internal/ss0 a ()Ljava/util/ArrayList; 19 <appendix> member <vmtarget> ; # com/android/tools/r8/internal/ss0$$Lambda+0x000002679b1630f8
# instanceKlass com/android/tools/r8/graph/x4$$Lambda+0x000002679b1625a0
# instanceKlass com/android/tools/r8/graph/x4$$Lambda+0x000002679b162378
# instanceKlass com/android/tools/r8/graph/x4$$Lambda+0x000002679b162150
# instanceKlass com/android/tools/r8/graph/x4$$Lambda+0x000002679b161f28
# instanceKlass com/android/tools/r8/graph/x4$$Lambda+0x000002679b161928
# instanceKlass com/android/tools/r8/graph/x4$$Lambda+0x000002679b161700
# instanceKlass com/android/tools/r8/graph/x4$$Lambda+0x000002679b1614d8
instanceKlass com/android/tools/r8/graph/t4
instanceKlass  @bci com/android/tools/r8/graph/x4 V ()Lcom/android/tools/r8/graph/G; 12 <appendix> member <vmtarget> ; # com/android/tools/r8/graph/x4$$Lambda+0x000002679b1610a8
instanceKlass com/android/tools/r8/graph/f3
instanceKlass com/android/tools/r8/internal/bL
# instanceKlass com/android/tools/r8/graph/S4$$Lambda+0x000002679b1605e8
instanceKlass  @bci com/android/tools/r8/graph/S4 k ()Ljava/util/Iterator; 16 <appendix> member <vmtarget> ; # com/android/tools/r8/graph/S4$$Lambda+0x000002679b15fce8
instanceKlass  @cpi com/android/tools/r8/graph/z5 372 form vmentry <vmtarget> ; # java/lang/invoke/LambdaForm$DMH+0x000002679b15dc00
instanceKlass  @bci com/android/tools/r8/graph/S4 c ()Ljava/lang/Iterable; 1 <appendix> member <vmtarget> ; # com/android/tools/r8/graph/S4$$Lambda+0x000002679b15ecf8
instanceKlass  @bci com/android/tools/r8/ir/optimize/b0 a (Lcom/android/tools/r8/internal/ME;)Z 246 <adapter> ; # java/lang/invoke/LambdaForm$MH+0x000002679b15d800
# instanceKlass java/lang/invoke/LambdaForm$DMH+0x000002679b15d400
instanceKlass  @bci com/android/tools/r8/ir/optimize/b0 a (Lcom/android/tools/r8/internal/ME;)Z 246 <appendix> form vmentry <vmtarget> ; # java/lang/invoke/LambdaForm$DMH+0x000002679b15d000
instanceKlass  @bci com/android/tools/r8/internal/Fs0 a (Lcom/android/tools/r8/internal/ss0;Lcom/android/tools/r8/internal/Xs0;ILjava/lang/Object;)V 5 <appendix> member <vmtarget> ; # com/android/tools/r8/internal/Fs0$$Lambda+0x000002679b15ead0
instanceKlass  @bci com/android/tools/r8/internal/my a (Lcom/android/tools/r8/internal/mI;)V 9 <appendix> member <vmtarget> ; # com/android/tools/r8/internal/my$$Lambda+0x000002679b15e898
instanceKlass com/android/tools/r8/internal/VH
instanceKlass  @bci com/android/tools/r8/internal/Fs0 a (Lcom/android/tools/r8/internal/my;Lcom/android/tools/r8/internal/Xs0;Ljava/util/function/Predicate;Lcom/android/tools/r8/threading/ThreadingModule;Ljava/util/concurrent/ExecutorService;)Ljava/util/ArrayList; 20 <appendix> member <vmtarget> ; # com/android/tools/r8/internal/Fs0$$Lambda+0x000002679b15e428
instanceKlass  @cpi com/android/tools/r8/internal/Fs0 71 form vmentry <vmtarget> ; # java/lang/invoke/LambdaForm$DMH+0x000002679b15cc00
instanceKlass com/android/tools/r8/internal/mI
instanceKlass  @bci com/android/tools/r8/internal/Fs0 a (Lcom/android/tools/r8/internal/my;Lcom/android/tools/r8/internal/Ws0;Lcom/android/tools/r8/threading/ThreadingModule;Ljava/util/concurrent/ExecutorService;)V 2 <appendix> member <vmtarget> ; # com/android/tools/r8/internal/Fs0$$Lambda+0x000002679b15e000
instanceKlass com/android/tools/r8/internal/Xs0
instanceKlass  @bci com/android/tools/r8/internal/Fs0 a (Ljava/util/Collection;Lcom/android/tools/r8/internal/nU;Lcom/android/tools/r8/threading/ThreadingModule;Ljava/util/concurrent/ExecutorService;Lcom/android/tools/r8/internal/Fs0$a;)V 26 <appendix> member <vmtarget> ; # com/android/tools/r8/internal/Fs0$$Lambda+0x000002679b15ba20
instanceKlass  @cpi com/android/tools/r8/internal/Fs0 121 form vmentry <vmtarget> ; # java/lang/invoke/LambdaForm$DMH+0x000002679b15c800
instanceKlass com/android/tools/r8/internal/Ws0
instanceKlass  @bci com/android/tools/r8/internal/Fs0 a (Ljava/util/Collection;Lcom/android/tools/r8/internal/nU;Lcom/android/tools/r8/threading/ThreadingModule;Ljava/util/concurrent/ExecutorService;Lcom/android/tools/r8/internal/Fs0$a;)V 15 <appendix> member <vmtarget> ; # com/android/tools/r8/internal/Fs0$$Lambda+0x000002679b15b5e8
instanceKlass  @cpi com/android/tools/r8/internal/i80 694 form vmentry <vmtarget> ; # java/lang/invoke/LambdaForm$DMH+0x000002679b15c400
instanceKlass com/android/tools/r8/internal/my
instanceKlass  @bci com/android/tools/r8/internal/Fs0 a (Ljava/util/Collection;Ljava/util/function/Consumer;Lcom/android/tools/r8/threading/ThreadingModule;Ljava/util/concurrent/ExecutorService;)V 2 <appendix> member <vmtarget> ; # com/android/tools/r8/internal/Fs0$$Lambda+0x000002679b15af78
instanceKlass  @cpi com/android/tools/r8/internal/Gf0 132 form vmentry <vmtarget> ; # java/lang/invoke/LambdaForm$DMH+0x000002679b15c000
instanceKlass com/android/tools/r8/internal/nU
instanceKlass  @bci com/android/tools/r8/D8 d (Lcom/android/tools/r8/utils/i;Lcom/android/tools/r8/internal/QJ;Ljava/util/concurrent/ExecutorService;)V 337 <appendix> member <vmtarget> ; # com/android/tools/r8/D8$$Lambda+0x000002679b15ab40
instanceKlass  @bci java/util/stream/Collectors toList ()Ljava/util/stream/Collector; 14 <appendix> argL0 ; # java/util/stream/Collectors$$Lambda+0x000002679b0c4a48
instanceKlass  @bci java/util/stream/Collectors toList ()Ljava/util/stream/Collector; 9 <appendix> argL0 ; # java/util/stream/Collectors$$Lambda+0x000002679b04f9d0
instanceKlass  @bci java/util/stream/Collectors toList ()Ljava/util/stream/Collector; 4 <appendix> argL0 ; # java/util/stream/Collectors$$Lambda+0x000002679b04f560
instanceKlass  @bci com/android/tools/r8/internal/Yc <init> (Lcom/android/tools/r8/graph/y;)V 50 <appendix> member <vmtarget> ; # com/android/tools/r8/internal/Yc$$Lambda+0x000002679b15a8f8
instanceKlass com/android/tools/r8/references/MethodReference
instanceKlass com/android/tools/r8/internal/Z40
instanceKlass com/android/tools/r8/internal/GX
instanceKlass com/android/tools/r8/internal/Gw
instanceKlass com/android/tools/r8/internal/X9
instanceKlass com/android/tools/r8/internal/Ma
instanceKlass com/android/tools/r8/internal/Yc
instanceKlass com/android/tools/r8/internal/o00
instanceKlass com/android/tools/r8/internal/zt0
instanceKlass com/android/tools/r8/internal/Ad0
instanceKlass com/android/tools/r8/internal/u1
instanceKlass com/android/tools/r8/internal/yd0
instanceKlass com/android/tools/r8/internal/Jw
instanceKlass com/android/tools/r8/ir/optimize/f
instanceKlass  @bci com/android/tools/r8/synthesis/E a (Lcom/android/tools/r8/graph/y;Lcom/android/tools/r8/synthesis/c;)V 18 <appendix> member <vmtarget> ; # com/android/tools/r8/synthesis/E$$Lambda+0x000002679b152260
instanceKlass com/android/tools/r8/synthesis/c
instanceKlass  @bci com/android/tools/r8/internal/GV a (Ljava/util/function/Supplier;)Ljava/util/function/Function; 1 <appendix> member <vmtarget> ; # com/android/tools/r8/internal/GV$$Lambda+0x000002679b150e28
instanceKlass  @bci com/android/tools/r8/shaking/k a (Lcom/android/tools/r8/graph/w2;)Lcom/android/tools/r8/internal/H4; 5 <appendix> argL0 ; # com/android/tools/r8/shaking/k$$Lambda+0x000002679b150c08
instanceKlass com/android/tools/r8/internal/I4
instanceKlass com/android/tools/r8/internal/cg
instanceKlass com/android/tools/r8/internal/Kx0
instanceKlass  @bci com/android/tools/r8/graph/y <init> (Lcom/android/tools/r8/graph/h;Lcom/android/tools/r8/internal/o4;Lcom/android/tools/r8/internal/kp0;ILcom/android/tools/r8/internal/at0;)V 623 <appendix> member <vmtarget> ; # com/android/tools/r8/graph/y$$Lambda+0x000002679b14f8a0
instanceKlass com/android/tools/r8/androidapi/f$a
instanceKlass  @bci com/android/tools/r8/graph/y <init> (Lcom/android/tools/r8/graph/h;Lcom/android/tools/r8/internal/o4;Lcom/android/tools/r8/internal/kp0;ILcom/android/tools/r8/internal/at0;)V 602 <appendix> member <vmtarget> ; # com/android/tools/r8/graph/y$$Lambda+0x000002679b14eb20
instanceKlass com/android/tools/r8/androidapi/a
instanceKlass  @bci com/android/tools/r8/graph/y <init> (Lcom/android/tools/r8/graph/h;Lcom/android/tools/r8/internal/o4;Lcom/android/tools/r8/internal/kp0;ILcom/android/tools/r8/internal/at0;)V 581 <appendix> member <vmtarget> ; # com/android/tools/r8/graph/y$$Lambda+0x000002679b14e6b0
instanceKlass com/android/tools/r8/internal/Cb0
instanceKlass  @bci com/android/tools/r8/internal/FS a ()V 43 <appendix> member <vmtarget> ; # com/android/tools/r8/internal/FS$$Lambda+0x000002679b14e268
instanceKlass  @bci com/android/tools/r8/internal/FS <init> (Lcom/android/tools/r8/graph/y;Lcom/android/tools/r8/internal/at0;)V 315 <appendix> member <vmtarget> ; # com/android/tools/r8/internal/FS$$Lambda+0x000002679b14e040
instanceKlass com/android/tools/r8/internal/GS
instanceKlass com/android/tools/r8/internal/nq0
instanceKlass com/android/tools/r8/internal/qw
instanceKlass com/android/tools/r8/internal/FE
instanceKlass com/android/tools/r8/internal/Bx0
instanceKlass  @bci com/android/tools/r8/internal/FS <init> (Lcom/android/tools/r8/graph/y;Lcom/android/tools/r8/internal/at0;)V 46 <appendix> member <vmtarget> ; # com/android/tools/r8/internal/FS$$Lambda+0x000002679b143cd8
instanceKlass com/android/tools/r8/internal/xp0
instanceKlass com/android/tools/r8/internal/RE
instanceKlass com/android/tools/r8/internal/h80
instanceKlass com/android/tools/r8/internal/NE
instanceKlass com/android/tools/r8/internal/v00
instanceKlass com/android/tools/r8/internal/tE
instanceKlass com/android/tools/r8/internal/hE
instanceKlass com/android/tools/r8/internal/rR
instanceKlass com/android/tools/r8/internal/p
instanceKlass com/android/tools/r8/internal/HS
instanceKlass  @bci com/android/tools/r8/graph/y <init> (Lcom/android/tools/r8/graph/h;Lcom/android/tools/r8/internal/o4;Lcom/android/tools/r8/internal/kp0;ILcom/android/tools/r8/internal/at0;)V 560 <appendix> member <vmtarget> ; # com/android/tools/r8/graph/y$$Lambda+0x000002679b140dc0
instanceKlass com/android/tools/r8/internal/FS
instanceKlass  @bci com/android/tools/r8/internal/JS a (Lcom/android/tools/r8/graph/y;Lcom/android/tools/r8/graph/u1;)Lcom/android/tools/r8/internal/AC; 134 <appendix> member <vmtarget> ; # com/android/tools/r8/internal/JS$$Lambda+0x000002679b140958
instanceKlass  @bci com/android/tools/r8/internal/JS a (Lcom/android/tools/r8/graph/y;Lcom/android/tools/r8/graph/u1;)Lcom/android/tools/r8/internal/AC; 88 <appendix> member <vmtarget> ; # com/android/tools/r8/internal/JS$$Lambda+0x000002679b140700
instanceKlass  @cpi com/android/tools/r8/kotlin/C 202 form vmentry <vmtarget> ; # java/lang/invoke/LambdaForm$DMH+0x000002679b144000
instanceKlass  @bci com/android/tools/r8/internal/JS a (Lcom/android/tools/r8/graph/y;Lcom/android/tools/r8/graph/u1;)Lcom/android/tools/r8/internal/AC; 68 <appendix> member <vmtarget> ; # com/android/tools/r8/internal/JS$$Lambda+0x000002679b1404a8
instanceKlass  @bci com/android/tools/r8/internal/JS a (Lcom/android/tools/r8/graph/y;Lcom/android/tools/r8/graph/u1;)Lcom/android/tools/r8/internal/AC; 51 <appendix> argL0 ; # com/android/tools/r8/internal/JS$$Lambda+0x000002679b140258
instanceKlass  @bci com/android/tools/r8/internal/JS a (Lcom/android/tools/r8/graph/y;Lcom/android/tools/r8/graph/u1;)Lcom/android/tools/r8/internal/AC; 34 <appendix> member <vmtarget> ; # com/android/tools/r8/internal/JS$$Lambda+0x000002679b140000
instanceKlass  @cpi com/android/tools/r8/graph/z5 116 form vmentry <vmtarget> ; # java/lang/invoke/LambdaForm$DMH+0x000002679b138400
instanceKlass  @bci com/android/tools/r8/internal/JS a (Lcom/android/tools/r8/graph/y;Lcom/android/tools/r8/graph/u1;)Lcom/android/tools/r8/internal/AC; 17 <appendix> argL0 ; # com/android/tools/r8/internal/JS$$Lambda+0x000002679b138c38
instanceKlass  @bci com/android/tools/r8/graph/y <init> (Lcom/android/tools/r8/graph/h;Lcom/android/tools/r8/internal/o4;Lcom/android/tools/r8/internal/kp0;ILcom/android/tools/r8/internal/at0;)V 537 <appendix> member <vmtarget> ; # com/android/tools/r8/graph/y$$Lambda+0x000002679b138a10
instanceKlass com/android/tools/r8/internal/JS
instanceKlass  @bci com/android/tools/r8/graph/y <init> (Lcom/android/tools/r8/graph/h;Lcom/android/tools/r8/internal/o4;Lcom/android/tools/r8/internal/kp0;ILcom/android/tools/r8/internal/at0;)V 400 <appendix> argL0 ; # com/android/tools/r8/graph/y$$Lambda+0x000002679b139ca8
instanceKlass com/android/tools/r8/internal/HD
instanceKlass  @bci com/android/tools/r8/graph/y <init> (Lcom/android/tools/r8/graph/h;Lcom/android/tools/r8/internal/o4;Lcom/android/tools/r8/internal/kp0;ILcom/android/tools/r8/internal/at0;)V 380 <appendix> member <vmtarget> ; # com/android/tools/r8/graph/y$$Lambda+0x000002679b139218
instanceKlass com/android/tools/r8/internal/ot
instanceKlass com/android/tools/r8/internal/K1
instanceKlass com/android/tools/r8/internal/G1
instanceKlass  @bci com/android/tools/r8/graph/y <init> (Lcom/android/tools/r8/graph/h;Lcom/android/tools/r8/internal/o4;Lcom/android/tools/r8/internal/kp0;ILcom/android/tools/r8/internal/at0;)V 258 <appendix> member <vmtarget> ; # com/android/tools/r8/graph/y$$Lambda+0x000002679b13afd8
instanceKlass com/android/tools/r8/internal/Pf
instanceKlass com/android/tools/r8/internal/St
instanceKlass com/android/tools/r8/internal/u6
instanceKlass com/android/tools/r8/internal/PA
instanceKlass com/android/tools/r8/internal/QW
instanceKlass  @bci com/android/tools/r8/internal/Vm0 <init> ()V 91 <appendix> member <vmtarget> ; # com/android/tools/r8/internal/Vm0$$Lambda+0x000002679b13a260
instanceKlass com/android/tools/r8/internal/e20
instanceKlass  @bci com/android/tools/r8/internal/Vm0 <init> ()V 72 <appendix> member <vmtarget> ; # com/android/tools/r8/internal/Vm0$$Lambda+0x000002679b13f5e0
instanceKlass  @bci com/android/tools/r8/internal/Vm0 <init> ()V 53 <appendix> member <vmtarget> ; # com/android/tools/r8/internal/Vm0$$Lambda+0x000002679b13f1c0
instanceKlass  @bci com/android/tools/r8/internal/Vm0 <init> ()V 34 <appendix> member <vmtarget> ; # com/android/tools/r8/internal/Vm0$$Lambda+0x000002679b13ef98
instanceKlass com/android/tools/r8/internal/ME
instanceKlass com/android/tools/r8/internal/rW
instanceKlass com/android/tools/r8/internal/SE
instanceKlass com/android/tools/r8/internal/TE
instanceKlass com/android/tools/r8/internal/I
instanceKlass com/android/tools/r8/internal/QF
instanceKlass  @bci com/android/tools/r8/internal/Vm0 <init> ()V 15 <appendix> member <vmtarget> ; # com/android/tools/r8/internal/Vm0$$Lambda+0x000002679b13c1f8
instanceKlass com/android/tools/r8/internal/Vm0
instanceKlass com/android/tools/r8/internal/iE
instanceKlass com/android/tools/r8/internal/fY
instanceKlass com/android/tools/r8/internal/wW
instanceKlass com/android/tools/r8/internal/co
instanceKlass  @bci com/android/tools/r8/shaking/k a (Ljava/util/function/BiConsumer;)V 5 <appendix> member <vmtarget> ; # com/android/tools/r8/shaking/k$$Lambda+0x000002679b135620
instanceKlass com/android/tools/r8/internal/H4
instanceKlass  @bci com/android/tools/r8/internal/GV a (Lcom/android/tools/r8/internal/g6;I)Ljava/util/IdentityHashMap; 11 <appendix> member <vmtarget> ; # com/android/tools/r8/internal/GV$$Lambda+0x000002679b1351d8
instanceKlass  @cpi com/android/tools/r8/internal/GV 94 form vmentry <vmtarget> ; # java/lang/invoke/LambdaForm$DMH+0x000002679b138000
instanceKlass com/android/tools/r8/internal/GV
instanceKlass  @bci com/android/tools/r8/shaking/k a ()Lcom/android/tools/r8/shaking/l; 5 <appendix> member <vmtarget> ; # com/android/tools/r8/shaking/k$$Lambda+0x000002679b134da8
instanceKlass com/android/tools/r8/internal/g6
instanceKlass com/android/tools/r8/shaking/l
instanceKlass com/android/tools/r8/shaking/k
instanceKlass com/android/tools/r8/internal/l1
instanceKlass  @bci com/android/tools/r8/internal/kp0 a (Lcom/android/tools/r8/graph/x0;)Lcom/android/tools/r8/internal/kp0; 5 <appendix> member <vmtarget> ; # com/android/tools/r8/internal/kp0$$Lambda+0x000002679b133750
instanceKlass com/android/tools/r8/startup/diagnostic/MissingStartupProfileItemsDiagnostic$a
instanceKlass com/android/tools/r8/startup/StartupProfileBuilder
instanceKlass com/android/tools/r8/internal/kp0
instanceKlass com/android/tools/r8/internal/m1
instanceKlass  @bci com/android/tools/r8/internal/v4 a ()Ljava/util/List; 88 <appendix> argL0 ; # com/android/tools/r8/internal/v4$$Lambda+0x000002679b132980
instanceKlass com/android/tools/r8/profile/art/ArtProfileBuilder
instanceKlass com/android/tools/r8/internal/o4
instanceKlass com/android/tools/r8/internal/Jf
instanceKlass com/android/tools/r8/naming/q0
instanceKlass com/android/tools/r8/internal/X40
instanceKlass com/android/tools/r8/internal/q6
instanceKlass com/android/tools/r8/internal/m6
instanceKlass com/android/tools/r8/internal/o6
instanceKlass com/android/tools/r8/internal/l6
instanceKlass  @bci com/android/tools/r8/D8 a (Lcom/android/tools/r8/utils/i;Lcom/android/tools/r8/internal/QJ;Ljava/util/concurrent/ExecutorService;Lcom/android/tools/r8/internal/at0;)Lcom/android/tools/r8/graph/y; 74 <appendix> member <vmtarget> ; # com/android/tools/r8/D8$$Lambda+0x000002679b12da40
instanceKlass com/android/tools/r8/internal/V6
instanceKlass com/android/tools/r8/synthesis/F
instanceKlass com/android/tools/r8/synthesis/d
instanceKlass com/android/tools/r8/synthesis/b
instanceKlass com/android/tools/r8/SyntheticInfoConsumerData
instanceKlass com/android/tools/r8/synthesis/Y
instanceKlass com/android/tools/r8/synthesis/s
instanceKlass com/android/tools/r8/synthesis/t
instanceKlass com/android/tools/r8/synthesis/m
instanceKlass com/android/tools/r8/synthesis/k
instanceKlass com/android/tools/r8/synthesis/Z
instanceKlass com/android/tools/r8/internal/jy
instanceKlass com/android/tools/r8/graph/a6
instanceKlass com/android/tools/r8/graph/M4
instanceKlass com/android/tools/r8/shaking/n2
instanceKlass com/android/tools/r8/shaking/p2
instanceKlass com/android/tools/r8/internal/Uz
instanceKlass com/android/tools/r8/internal/he
instanceKlass  @bci com/android/tools/r8/synthesis/E$a e ()Lcom/android/tools/r8/synthesis/E$a; 7 <appendix> member <vmtarget> ; # com/android/tools/r8/synthesis/E$a$$Lambda+0x000002679b111448
instanceKlass com/android/tools/r8/synthesis/E
instanceKlass com/android/tools/r8/synthesis/C
instanceKlass com/android/tools/r8/synthesis/A
instanceKlass com/android/tools/r8/synthesis/E$a
instanceKlass  @bci com/android/tools/r8/D8 a (Lcom/android/tools/r8/utils/i;Lcom/android/tools/r8/internal/QJ;Ljava/util/concurrent/ExecutorService;Lcom/android/tools/r8/internal/at0;)Lcom/android/tools/r8/graph/y; 58 <appendix> member <vmtarget> ; # com/android/tools/r8/D8$$Lambda+0x000002679b113660
instanceKlass com/android/tools/r8/internal/Zs0
instanceKlass  @bci com/android/tools/r8/internal/O80 a (Ljava/util/ArrayList;Lcom/android/tools/r8/dex/b;)Lcom/android/tools/r8/internal/O80; 40 <appendix> member <vmtarget> ; # com/android/tools/r8/internal/O80$$Lambda+0x000002679b113228
instanceKlass java/util/concurrent/ConcurrentLinkedQueue$Itr
instanceKlass com/android/tools/r8/graph/z0
instanceKlass com/android/tools/r8/dex/W
instanceKlass com/android/tools/r8/internal/qv0
instanceKlass  @bci com/android/tools/r8/graph/o4 a (ILjava/lang/String;Z)Lcom/android/tools/r8/internal/Q2; 116 <appendix> argL0 ; # com/android/tools/r8/graph/o4$$Lambda+0x000002679b12e470
# instanceKlass com/android/tools/r8/graph/J3$$Lambda+0x000002679b12e238
# instanceKlass com/android/tools/r8/graph/J3$$Lambda+0x000002679b12e000
# instanceKlass com/android/tools/r8/graph/J3$$Lambda+0x000002679b12bcf0
# instanceKlass com/android/tools/r8/graph/J3$$Lambda+0x000002679b12bab8
instanceKlass  @bci com/android/tools/r8/graph/J3 a ()Lcom/android/tools/r8/graph/G3$b; 16 <appendix> member <vmtarget> ; # com/android/tools/r8/graph/J3$$Lambda+0x000002679b12b880
instanceKlass com/android/tools/r8/graph/I3
# instanceKlass com/android/tools/r8/graph/l4$$Lambda+0x000002679b12b438
instanceKlass  @bci com/android/tools/r8/graph/l4 a (Ljava/lang/String;Ljava/lang/String;)Lcom/android/tools/r8/internal/Q2; 12 <appendix> member <vmtarget> ; # com/android/tools/r8/graph/l4$$Lambda+0x000002679b12af48
instanceKlass  @cpi com/android/tools/r8/graph/z5 128 form vmentry <vmtarget> ; # java/lang/invoke/LambdaForm$DMH+0x000002679b12d000
instanceKlass  @bci com/android/tools/r8/graph/n4 a (Ljava/lang/String;Z)Lcom/android/tools/r8/internal/Q2; 219 <appendix> argL0 ; # com/android/tools/r8/graph/n4$$Lambda+0x000002679b12a4f0
# instanceKlass com/android/tools/r8/graph/o4$$Lambda+0x000002679b12a2b8
instanceKlass  @bci com/android/tools/r8/graph/o4 a ()Lcom/android/tools/r8/internal/Q2; 13 <appendix> member <vmtarget> ; # com/android/tools/r8/graph/o4$$Lambda+0x000002679b12a080
# instanceKlass com/android/tools/r8/graph/l4$$Lambda+0x000002679b129848
# instanceKlass com/android/tools/r8/graph/l4$$Lambda+0x000002679b129610
# instanceKlass com/android/tools/r8/graph/l4$$Lambda+0x000002679b1293d8
instanceKlass  @bci com/android/tools/r8/graph/l4 a (Ljava/lang/String;)Lcom/android/tools/r8/internal/Q2; 11 <appendix> member <vmtarget> ; # com/android/tools/r8/graph/l4$$Lambda+0x000002679b1291a0
instanceKlass  @cpi com/android/tools/r8/graph/z5 83 form vmentry <vmtarget> ; # java/lang/invoke/LambdaForm$DMH+0x000002679b12c000
# instanceKlass com/android/tools/r8/graph/m4$$Lambda+0x000002679b128f70
# instanceKlass com/android/tools/r8/graph/m4$$Lambda+0x000002679b128d40
# instanceKlass com/android/tools/r8/graph/m4$$Lambda+0x000002679b128b10
instanceKlass  @bci com/android/tools/r8/graph/m4 a (Ljava/lang/String;Z)Lcom/android/tools/r8/internal/Q2; 136 <appendix> argL0 ; # com/android/tools/r8/graph/m4$$Lambda+0x000002679b1288e0
# instanceKlass com/android/tools/r8/graph/J3$$Lambda+0x000002679b1286a8
# instanceKlass com/android/tools/r8/graph/J3$$Lambda+0x000002679b128470
# instanceKlass com/android/tools/r8/graph/J3$$Lambda+0x000002679b128238
instanceKlass  @bci com/android/tools/r8/graph/J3 d ()Lcom/android/tools/r8/graph/G3$g; 14 <appendix> member <vmtarget> ; # com/android/tools/r8/graph/J3$$Lambda+0x000002679b128000
instanceKlass com/android/tools/r8/graph/G3$f
instanceKlass com/android/tools/r8/graph/s5
instanceKlass com/android/tools/r8/graph/J3
instanceKlass com/android/tools/r8/dex/t
# instanceKlass com/android/tools/r8/graph/s3$$Lambda+0x000002679b123118
# instanceKlass com/android/tools/r8/graph/S4$$Lambda+0x000002679b122ee0
instanceKlass  @bci com/android/tools/r8/graph/S4 b ([Lcom/android/tools/r8/graph/j1;)V 76 <appendix> member <vmtarget> ; # com/android/tools/r8/graph/S4$$Lambda+0x000002679b122a70
# instanceKlass com/android/tools/r8/graph/S4$$Lambda+0x000002679b122ca8
instanceKlass com/android/tools/r8/internal/Z30
# instanceKlass com/android/tools/r8/graph/s3$$Lambda+0x000002679b1225d8
# instanceKlass com/android/tools/r8/graph/s3$$Lambda+0x000002679b122388
instanceKlass  @bci com/android/tools/r8/graph/s3 a ([Lcom/android/tools/r8/graph/g1;)V 1 <appendix> argL0 ; # com/android/tools/r8/graph/s3$$Lambda+0x000002679b127d70
instanceKlass com/android/tools/r8/graph/G2
instanceKlass com/android/tools/r8/internal/pv
# instanceKlass com/android/tools/r8/graph/s3$$Lambda+0x000002679b127268
# instanceKlass com/android/tools/r8/graph/s3$$Lambda+0x000002679b127030
# instanceKlass com/android/tools/r8/graph/s3$$Lambda+0x000002679b126df8
instanceKlass  @bci com/android/tools/r8/graph/s3 a ([Lcom/android/tools/r8/graph/g1;Ljava/util/function/Predicate;)V 45 <appendix> member <vmtarget> ; # com/android/tools/r8/graph/s3$$Lambda+0x000002679b126bc0
instanceKlass com/android/tools/r8/internal/a4
# instanceKlass com/android/tools/r8/graph/R4$$Lambda+0x000002679b126770
# instanceKlass com/android/tools/r8/graph/R4$$Lambda+0x000002679b126528
instanceKlass com/android/tools/r8/graph/m1
instanceKlass  @bci com/android/tools/r8/graph/R4 a (Ljava/util/function/Consumer;Ljava/util/function/Predicate;)V 3 <appendix> member <vmtarget> ; # com/android/tools/r8/graph/R4$$Lambda+0x000002679b125f80
# instanceKlass com/android/tools/r8/graph/S4$$Lambda+0x000002679b125d48
# instanceKlass com/android/tools/r8/graph/S4$$Lambda+0x000002679b125b10
instanceKlass  @bci com/android/tools/r8/graph/S4 a ([Lcom/android/tools/r8/graph/j1;)V 76 <appendix> member <vmtarget> ; # com/android/tools/r8/graph/S4$$Lambda+0x000002679b1258d8
# instanceKlass com/android/tools/r8/graph/s3$$Lambda+0x000002679b1250f8
# instanceKlass com/android/tools/r8/graph/s3$$Lambda+0x000002679b11fd18
instanceKlass  @bci com/android/tools/r8/graph/s3 b ([Lcom/android/tools/r8/graph/g1;)V 1 <appendix> argL0 ; # com/android/tools/r8/graph/s3$$Lambda+0x000002679b11fac8
# instanceKlass com/android/tools/r8/graph/s3$$Lambda+0x000002679b11f878
instanceKlass  @bci com/android/tools/r8/synthesis/z a (Ljava/util/Collection;Ljava/util/Map;Lcom/android/tools/r8/graph/y;Lcom/android/tools/r8/synthesis/v;Lcom/android/tools/r8/internal/at0;)Ljava/util/IdentityHashMap; 270 <adapter> ; # java/lang/invoke/LambdaForm$MH+0x000002679b121000
# instanceKlass java/lang/invoke/LambdaForm$DMH+0x000002679b120c00
instanceKlass  @bci com/android/tools/r8/synthesis/z a (Ljava/util/Collection;Ljava/util/Map;Lcom/android/tools/r8/graph/y;Lcom/android/tools/r8/synthesis/v;Lcom/android/tools/r8/internal/at0;)Ljava/util/IdentityHashMap; 270 <appendix> form vmentry <vmtarget> ; # java/lang/invoke/LambdaForm$DMH+0x000002679b120800
instanceKlass com/android/tools/r8/internal/v40
instanceKlass com/android/tools/r8/internal/k40
instanceKlass com/android/tools/r8/internal/p40
instanceKlass  @bci com/android/tools/r8/graph/r4 a (Ljava/lang/String;ZLjava/util/List;Lcom/android/tools/r8/graph/k4;Ljava/util/function/BiFunction;)Lcom/android/tools/r8/graph/l4; 60 <appendix> member <vmtarget> ; # com/android/tools/r8/graph/r4$$Lambda+0x000002679b11e3e8
instanceKlass  @cpi com/android/tools/r8/graph/r4 95 form vmentry <vmtarget> ; # java/lang/invoke/LambdaForm$DMH+0x000002679b120400
instanceKlass com/android/tools/r8/internal/b40
instanceKlass com/android/tools/r8/internal/B40
instanceKlass com/android/tools/r8/internal/fE
instanceKlass  @bci com/android/tools/r8/graph/o4 a (Ljava/lang/String;Z)Lcom/android/tools/r8/internal/Q2; 220 <appendix> argL0 ; # com/android/tools/r8/graph/o4$$Lambda+0x000002679b11c490
instanceKlass  @cpi com/android/tools/r8/graph/n4 211 form vmentry <vmtarget> ; # java/lang/invoke/LambdaForm$DMH+0x000002679b120000
instanceKlass com/android/tools/r8/internal/d40
instanceKlass com/android/tools/r8/internal/Mt0
# instanceKlass com/android/tools/r8/graph/Q4$a$$Lambda+0x000002679b1199c0
# instanceKlass com/android/tools/r8/graph/Q4$a$$Lambda+0x000002679b119798
# instanceKlass com/android/tools/r8/graph/Q4$a$$Lambda+0x000002679b119100
# instanceKlass com/android/tools/r8/graph/Q4$a$$Lambda+0x000002679b118ed8
# instanceKlass com/android/tools/r8/graph/Q4$a$$Lambda+0x000002679b118cb0
instanceKlass  @bci com/android/tools/r8/graph/Q4$a a ([Lcom/android/tools/r8/graph/j1;[Lcom/android/tools/r8/graph/j1;)Lcom/android/tools/r8/graph/Q4$a; 2 <appendix> member <vmtarget> ; # com/android/tools/r8/graph/Q4$a$$Lambda+0x000002679b118a88
# instanceKlass com/android/tools/r8/graph/Q4$a$$Lambda+0x000002679b118860
instanceKlass com/android/tools/r8/graph/Q4
# instanceKlass com/android/tools/r8/graph/q3$a$$Lambda+0x000002679b114400
# instanceKlass com/android/tools/r8/graph/q3$a$$Lambda+0x000002679b114d38
# instanceKlass com/android/tools/r8/graph/q3$a$$Lambda+0x000002679b114b10
instanceKlass com/android/tools/r8/graph/R4
# instanceKlass com/android/tools/r8/graph/q3$a$$Lambda+0x000002679b115d58
instanceKlass com/android/tools/r8/graph/Q4$a
# instanceKlass com/android/tools/r8/graph/q3$a$$Lambda+0x000002679b115930
# instanceKlass com/android/tools/r8/graph/q3$a$$Lambda+0x000002679b115708
# instanceKlass com/android/tools/r8/graph/q3$a$$Lambda+0x000002679b1154e0
instanceKlass  @bci com/android/tools/r8/graph/q3$a a ([Lcom/android/tools/r8/graph/g1;[Lcom/android/tools/r8/graph/g1;)Lcom/android/tools/r8/graph/q3$a; 2 <appendix> member <vmtarget> ; # com/android/tools/r8/graph/q3$a$$Lambda+0x000002679b1152b8
instanceKlass com/android/tools/r8/graph/q3
instanceKlass com/android/tools/r8/graph/r3
instanceKlass com/android/tools/r8/graph/q3$a
# instanceKlass com/android/tools/r8/graph/m4$$Lambda+0x000002679b1173d8
# instanceKlass com/android/tools/r8/graph/m4$$Lambda+0x000002679b116000
instanceKlass  @bci com/android/tools/r8/dex/U a (Lcom/android/tools/r8/internal/Up;Lcom/android/tools/r8/internal/Up;)V 33 <bsm> form vmentry <vmtarget> ; # java/lang/invoke/LambdaForm$DMH+0x000002679b114000
# instanceKlass com/android/tools/r8/graph/m4$$Lambda+0x000002679b10fd28
# instanceKlass com/android/tools/r8/graph/m4$$Lambda+0x000002679b10fb08
# instanceKlass com/android/tools/r8/graph/m4$$Lambda+0x000002679b10f8e8
# instanceKlass com/android/tools/r8/graph/m4$$Lambda+0x000002679b10f6c8
# instanceKlass com/android/tools/r8/graph/m4$$Lambda+0x000002679b10f4a8
instanceKlass  @bci com/android/tools/r8/graph/m4 a (Lcom/android/tools/r8/graph/V;)Lcom/android/tools/r8/graph/H2$a; 52 <appendix> argL0 ; # com/android/tools/r8/graph/m4$$Lambda+0x000002679b10f288
instanceKlass  @cpi com/android/tools/r8/graph/m4 759 form vmentry <vmtarget> ; # java/lang/invoke/LambdaForm$DMH+0x000002679b112000
instanceKlass  @cpi com/android/tools/r8/internal/up 45 form vmentry <vmtarget> ; # java/lang/invoke/LambdaForm$DMH+0x000002679b110400
instanceKlass com/android/tools/r8/internal/Wt0
instanceKlass com/android/tools/r8/graph/j1$a
instanceKlass com/android/tools/r8/internal/Qm0
instanceKlass com/android/tools/r8/internal/G8
instanceKlass com/android/tools/r8/internal/Mu
instanceKlass com/android/tools/r8/internal/sE
instanceKlass com/android/tools/r8/internal/hd
instanceKlass com/android/tools/r8/internal/JT
instanceKlass com/android/tools/r8/naming/V$c
instanceKlass com/android/tools/r8/internal/q70
instanceKlass com/android/tools/r8/internal/q70$a
instanceKlass com/android/tools/r8/internal/HX
instanceKlass com/android/tools/r8/graph/G3$h
instanceKlass com/android/tools/r8/graph/G3$g
instanceKlass com/android/tools/r8/androidapi/g
instanceKlass com/android/tools/r8/androidapi/e
instanceKlass com/android/tools/r8/kotlin/a0
instanceKlass com/android/tools/r8/kotlin/d0
instanceKlass com/android/tools/r8/kotlin/o
instanceKlass com/android/tools/r8/internal/eu
instanceKlass com/android/tools/r8/internal/jK
instanceKlass com/android/tools/r8/internal/i0
instanceKlass com/android/tools/r8/internal/v6
instanceKlass com/android/tools/r8/internal/rM
instanceKlass com/android/tools/r8/shaking/g3
instanceKlass com/android/tools/r8/kotlin/b0
instanceKlass com/android/tools/r8/internal/Gt
instanceKlass com/android/tools/r8/graph/g1$a
instanceKlass com/android/tools/r8/kotlin/F
instanceKlass com/android/tools/r8/kotlin/P
instanceKlass com/android/tools/r8/shaking/g0
instanceKlass com/android/tools/r8/internal/Hw
instanceKlass com/android/tools/r8/internal/yW
instanceKlass com/android/tools/r8/androidapi/f
instanceKlass com/android/tools/r8/internal/rv
instanceKlass com/android/tools/r8/graph/P
instanceKlass com/android/tools/r8/internal/fm
instanceKlass com/android/tools/r8/internal/NZ
instanceKlass com/android/tools/r8/internal/dd0
instanceKlass com/android/tools/r8/internal/ed0
instanceKlass com/android/tools/r8/internal/hs0
instanceKlass com/android/tools/r8/internal/md0
instanceKlass com/android/tools/r8/internal/Y9
instanceKlass com/android/tools/r8/internal/sv
instanceKlass com/android/tools/r8/graph/h4
# instanceKlass com/android/tools/r8/graph/k4$$Lambda+0x000002679b0bcdb0
# instanceKlass com/android/tools/r8/graph/k4$$Lambda+0x000002679b0bcb68
# instanceKlass com/android/tools/r8/graph/k4$$Lambda+0x000002679b0bc920
# instanceKlass com/android/tools/r8/graph/k4$$Lambda+0x000002679b0bc490
# instanceKlass com/android/tools/r8/graph/k4$$Lambda+0x000002679b0bc6d8
# instanceKlass com/android/tools/r8/graph/k4$$Lambda+0x000002679b0bc248
# instanceKlass com/android/tools/r8/graph/k4$$Lambda+0x000002679b0bc000
instanceKlass  @bci com/android/tools/r8/graph/k4 d (Ljava/lang/String;)Lcom/android/tools/r8/graph/L2; 17 <appendix> member <vmtarget> ; # com/android/tools/r8/graph/k4$$Lambda+0x000002679b0b0c48
instanceKlass  @cpi com/android/tools/r8/internal/x5 97 form vmentry <vmtarget> ; # java/lang/invoke/LambdaForm$DMH+0x000002679b0b8000
instanceKlass com/android/tools/r8/internal/vf0
# instanceKlass com/android/tools/r8/graph/k4$$Lambda+0x000002679b0b0800
instanceKlass  @bci com/android/tools/r8/graph/k4 a (Ljava/lang/String;)Lcom/android/tools/r8/internal/qu0; 5 <appendix> argL0 ; # com/android/tools/r8/graph/k4$$Lambda+0x000002679b0b1cb0
instanceKlass com/android/tools/r8/internal/qu0
# instanceKlass com/android/tools/r8/internal/Rb$$Lambda+0x000002679b0b1880
# instanceKlass com/android/tools/r8/internal/Rb$$Lambda+0x000002679b0b1660
# instanceKlass com/android/tools/r8/internal/Rb$$Lambda+0x000002679b0b1440
# instanceKlass com/android/tools/r8/internal/Rb$$Lambda+0x000002679b0b1220
# instanceKlass com/android/tools/r8/internal/Rb$$Lambda+0x000002679b0b1000
# instanceKlass com/android/tools/r8/internal/Rb$$Lambda+0x000002679b0b3da0
# instanceKlass com/android/tools/r8/internal/Rb$$Lambda+0x000002679b0b3b80
instanceKlass  @bci com/android/tools/r8/internal/Rb a (Lcom/android/tools/r8/internal/Jr0;)V 9 <appendix> argL0 ; # com/android/tools/r8/internal/Rb$$Lambda+0x000002679b0b3960
# instanceKlass com/android/tools/r8/internal/Rb$$Lambda+0x000002679b0b3740
# instanceKlass com/android/tools/r8/internal/Rb$$Lambda+0x000002679b0b3520
# instanceKlass com/android/tools/r8/internal/Rb$$Lambda+0x000002679b0b3300
# instanceKlass com/android/tools/r8/internal/Rb$$Lambda+0x000002679b0b30e0
# instanceKlass com/android/tools/r8/internal/Rb$$Lambda+0x000002679b0b2ec0
# instanceKlass com/android/tools/r8/internal/Rb$$Lambda+0x000002679b0b2ca0
instanceKlass  @bci com/android/tools/r8/internal/Rb a (Lcom/android/tools/r8/internal/Jr0;)V 1 <appendix> argL0 ; # com/android/tools/r8/internal/Rb$$Lambda+0x000002679b0b2a80
instanceKlass java/util/function/ToIntFunction
instanceKlass com/android/tools/r8/internal/Fr0
# instanceKlass com/android/tools/r8/internal/Rb$$Lambda+0x000002679b0b2660
# instanceKlass com/android/tools/r8/internal/Rb$$Lambda+0x000002679b0b2440
# instanceKlass com/android/tools/r8/internal/Rb$$Lambda+0x000002679b0b2220
# instanceKlass com/android/tools/r8/internal/Rb$$Lambda+0x000002679b0b2000
# instanceKlass com/android/tools/r8/internal/Rb$$Lambda+0x000002679b0b7d90
# instanceKlass com/android/tools/r8/internal/Rb$$Lambda+0x000002679b0b7b70
# instanceKlass com/android/tools/r8/internal/Rb$$Lambda+0x000002679b0b7950
instanceKlass  @bci com/android/tools/r8/internal/Rb m ()Lcom/android/tools/r8/internal/Hr0; 0 <appendix> argL0 ; # com/android/tools/r8/internal/Rb$$Lambda+0x000002679b0b7730
instanceKlass com/android/tools/r8/internal/Hr0
# instanceKlass com/android/tools/r8/internal/xj$$Lambda+0x000002679b0b70a8
# instanceKlass com/android/tools/r8/internal/xj$$Lambda+0x000002679b0b6e88
# instanceKlass com/android/tools/r8/internal/xj$$Lambda+0x000002679b0b6c68
# instanceKlass com/android/tools/r8/internal/xj$$Lambda+0x000002679b0b6a48
# instanceKlass com/android/tools/r8/internal/xj$$Lambda+0x000002679b0b6828
# instanceKlass com/android/tools/r8/internal/xj$$Lambda+0x000002679b0b6608
# instanceKlass com/android/tools/r8/internal/xj$$Lambda+0x000002679b0b63e8
instanceKlass  @bci com/android/tools/r8/internal/xj a (Lcom/android/tools/r8/internal/Gr0;Lcom/android/tools/r8/internal/Gr0;Lcom/android/tools/r8/internal/Er0;)I 7 <appendix> argL0 ; # com/android/tools/r8/internal/xj$$Lambda+0x000002679b0b61c8
# instanceKlass com/android/tools/r8/internal/xj$$Lambda+0x000002679b0b5fa8
# instanceKlass com/android/tools/r8/internal/xj$$Lambda+0x000002679b0b5d88
# instanceKlass com/android/tools/r8/internal/xj$$Lambda+0x000002679b0b5b68
# instanceKlass com/android/tools/r8/internal/xj$$Lambda+0x000002679b0b5948
# instanceKlass com/android/tools/r8/internal/xj$$Lambda+0x000002679b0b5728
# instanceKlass com/android/tools/r8/internal/xj$$Lambda+0x000002679b0b5508
# instanceKlass com/android/tools/r8/internal/xj$$Lambda+0x000002679b0b52e8
instanceKlass  @bci com/android/tools/r8/internal/xj a (Lcom/android/tools/r8/internal/Gr0;Lcom/android/tools/r8/internal/Gr0;Lcom/android/tools/r8/internal/Er0;)I 1 <appendix> argL0 ; # com/android/tools/r8/internal/xj$$Lambda+0x000002679b0b50c8
instanceKlass com/android/tools/r8/internal/zg0
instanceKlass com/android/tools/r8/internal/xj
# instanceKlass com/android/tools/r8/internal/Gr0$$Lambda+0x000002679b0b4aa0
# instanceKlass com/android/tools/r8/internal/Gr0$$Lambda+0x000002679b0b4880
# instanceKlass com/android/tools/r8/internal/Gr0$$Lambda+0x000002679b0b4660
# instanceKlass com/android/tools/r8/internal/Gr0$$Lambda+0x000002679b0b4440
# instanceKlass com/android/tools/r8/internal/Gr0$$Lambda+0x000002679b0b4220
instanceKlass  @bci com/android/tools/r8/internal/Gr0 a (Lcom/android/tools/r8/internal/Gr0;)I 7 <appendix> argL0 ; # com/android/tools/r8/internal/Gr0$$Lambda+0x000002679b0b4000
# instanceKlass com/android/tools/r8/internal/Gr0$$Lambda+0x000002679b0abaf8
# instanceKlass com/android/tools/r8/internal/Gr0$$Lambda+0x000002679b0abd18
instanceKlass  @cpi com/android/tools/r8/kotlin/O 153 form vmentry <vmtarget> ; # java/lang/invoke/LambdaForm$DMH+0x000002679b0a9000
instanceKlass com/android/tools/r8/internal/Er0
instanceKlass com/android/tools/r8/internal/ji
instanceKlass com/android/tools/r8/graph/c4
instanceKlass com/android/tools/r8/graph/G3$i
instanceKlass com/android/tools/r8/graph/G3
instanceKlass com/android/tools/r8/graph/q4
instanceKlass com/android/tools/r8/internal/hx
instanceKlass com/android/tools/r8/internal/rY
instanceKlass com/android/tools/r8/internal/Q2
instanceKlass  @bci com/android/tools/r8/internal/Gs0 awaitFutures (Ljava/util/List;)V 1 <appendix> argL0 ; # com/android/tools/r8/internal/Gs0$$Lambda+0x000002679b0ada20
instanceKlass com/android/tools/r8/internal/x60
instanceKlass com/android/tools/r8/internal/Zc0
instanceKlass com/android/tools/r8/internal/DR
instanceKlass com/android/tools/r8/internal/M4
instanceKlass com/android/tools/r8/internal/de
# instanceKlass com/android/tools/r8/internal/xv$$Lambda+0x000002679b0ac678
# instanceKlass com/android/tools/r8/internal/xv$$Lambda+0x000002679b0ac450
instanceKlass  @bci com/android/tools/r8/internal/xv a (Lcom/android/tools/r8/origin/Origin;Lcom/android/tools/r8/position/Position;Ljava/lang/Runnable;)V 2 <appendix> member <vmtarget> ; # com/android/tools/r8/internal/xv$$Lambda+0x000002679b0ac228
instanceKlass  @bci com/android/tools/r8/graph/r4 b (Lcom/android/tools/r8/origin/Origin;[B)V 4 <appendix> member <vmtarget> ; # com/android/tools/r8/graph/r4$$Lambda+0x000002679b0ac000
instanceKlass java/util/concurrent/ForkJoinPool$DefaultForkJoinWorkerThreadFactory$1
instanceKlass jdk/internal/util/random/RandomSupport
instanceKlass java/util/Random
instanceKlass java/util/random/RandomGenerator
instanceKlass java/util/concurrent/ForkJoinTask$Aux
instanceKlass java/util/concurrent/ForkJoinTask
instanceKlass java/util/concurrent/RunnableFuture
instanceKlass java/util/concurrent/Future
instanceKlass  @bci com/android/tools/r8/internal/ss0 b (Lcom/android/tools/r8/internal/Ns0;)V 2 <appendix> member <vmtarget> ; # com/android/tools/r8/internal/ss0$$Lambda+0x000002679b0a7c20
instanceKlass java/util/concurrent/Callable
instanceKlass  @bci com/android/tools/r8/dex/a a (Ljava/util/ArrayList;Ljava/util/concurrent/ConcurrentLinkedQueue;)V 72 <appendix> member <vmtarget> ; # com/android/tools/r8/dex/a$$Lambda+0x000002679b0a79f8
instanceKlass com/android/tools/r8/internal/Ns0
instanceKlass  @bci com/android/tools/r8/graph/V <clinit> ()V 53 <appendix> argL0 ; # com/android/tools/r8/graph/V$$Lambda+0x000002679b0a75a8
instanceKlass  @bci com/android/tools/r8/graph/V <clinit> ()V 48 <appendix> argL0 ; # com/android/tools/r8/graph/V$$Lambda+0x000002679b0a7388
instanceKlass  @bci com/android/tools/r8/graph/V <clinit> ()V 31 <appendix> argL0 ; # com/android/tools/r8/graph/V$$Lambda+0x000002679b0a7138
instanceKlass  @bci com/android/tools/r8/graph/V <clinit> ()V 26 <appendix> argL0 ; # com/android/tools/r8/graph/V$$Lambda+0x000002679b0a6ac8
instanceKlass  @bci com/android/tools/r8/graph/V <clinit> ()V 9 <appendix> argL0 ; # com/android/tools/r8/graph/V$$Lambda+0x000002679b0a6878
instanceKlass  @cpi com/android/tools/r8/internal/VZ 113 form vmentry <vmtarget> ; # java/lang/invoke/LambdaForm$DMH+0x000002679b0a8800
instanceKlass  @bci com/android/tools/r8/graph/V <clinit> ()V 4 <appendix> argL0 ; # com/android/tools/r8/graph/V$$Lambda+0x000002679b0a6658
instanceKlass  @cpi com/android/tools/r8/graph/V 75 form vmentry <vmtarget> ; # java/lang/invoke/LambdaForm$DMH+0x000002679b0a8400
# instanceKlass java/lang/invoke/LambdaForm$DMH+0x000002679b0a8000
instanceKlass com/android/tools/r8/synthesis/K
instanceKlass com/android/tools/r8/graph/H2$a
instanceKlass com/android/tools/r8/graph/G3$b
instanceKlass com/android/tools/r8/graph/G3$d
instanceKlass com/android/tools/r8/graph/i3
instanceKlass com/android/tools/r8/graph/r5
instanceKlass com/android/tools/r8/graph/U
instanceKlass com/android/tools/r8/graph/V
instanceKlass  @bci com/android/tools/r8/dex/a a (Ljava/util/ArrayList;Ljava/util/concurrent/ConcurrentLinkedQueue;)V 28 <appendix> member <vmtarget> ; # com/android/tools/r8/dex/a$$Lambda+0x000002679b0a4438
instanceKlass com/android/tools/r8/graph/r4
instanceKlass java/io/RandomAccessFile$1
instanceKlass com/android/tools/r8/internal/P40
instanceKlass com/android/tools/r8/ProgramResource
instanceKlass com/android/tools/r8/internal/kK
instanceKlass com/android/tools/r8/internal/d8
instanceKlass  @bci com/android/tools/r8/dex/a b ()V 8 <appendix> member <vmtarget> ; # com/android/tools/r8/dex/a$$Lambda+0x000002679b0a26b8
instanceKlass com/android/tools/r8/internal/YJ
instanceKlass com/android/tools/r8/internal/RJ
instanceKlass com/android/tools/r8/graph/k4
instanceKlass com/android/tools/r8/graph/y0
instanceKlass java/util/concurrent/ConcurrentLinkedQueue$Node
instanceKlass com/android/tools/r8/internal/ce
instanceKlass com/android/tools/r8/internal/S0
instanceKlass com/android/tools/r8/internal/lU
instanceKlass com/android/tools/r8/internal/tZ
instanceKlass com/android/tools/r8/graph/B
instanceKlass com/android/tools/r8/dex/m
instanceKlass com/android/tools/r8/dex/a
instanceKlass com/android/tools/r8/internal/ss0
instanceKlass java/util/concurrent/atomic/AtomicReference
instanceKlass com/android/tools/r8/graph/c0
instanceKlass com/android/tools/r8/graph/c1
instanceKlass com/android/tools/r8/dex/c
instanceKlass com/android/tools/r8/internal/jt0
instanceKlass com/android/tools/r8/internal/at0
instanceKlass  @bci com/android/tools/r8/D8 a (Lcom/android/tools/r8/utils/i;Lcom/android/tools/r8/internal/QJ;)V 12 <appendix> member <vmtarget> ; # com/android/tools/r8/D8$$Lambda+0x000002679b09a668
instanceKlass  @cpi com/android/tools/r8/kotlin/m 100 form vmentry <vmtarget> ; # java/lang/invoke/LambdaForm$DMH+0x000002679b098400
instanceKlass java/util/concurrent/ForkJoinPool$2
instanceKlass jdk/internal/access/JavaUtilConcurrentFJPAccess
instanceKlass jdk/internal/vm/ThreadContainers
instanceKlass java/util/concurrent/ForkJoinPool$DefaultForkJoinWorkerThreadFactory
instanceKlass jdk/internal/vm/StackableScope
instanceKlass java/util/concurrent/ForkJoinPool$WorkQueue
instanceKlass java/util/concurrent/ForkJoinPool$ForkJoinWorkerThreadFactory
instanceKlass java/util/concurrent/AbstractExecutorService
instanceKlass java/util/concurrent/Executors
instanceKlass com/android/tools/r8/internal/Gs0
instanceKlass com/android/tools/r8/threading/ThreadingModule
instanceKlass com/android/tools/r8/threading/providers/blocking/ThreadingModuleBlockingProvider
instanceKlass com/android/tools/r8/threading/ThreadingModuleProvider
instanceKlass com/android/tools/r8/threading/a
instanceKlass com/android/tools/r8/internal/Fs0
instanceKlass com/android/tools/r8/internal/cI
instanceKlass com/android/tools/r8/internal/oU
instanceKlass  @bci com/android/tools/r8/BaseCompilerCommand a (Lcom/android/tools/r8/internal/At$a;)V 108 <appendix> argL0 ; # com/android/tools/r8/BaseCompilerCommand$$Lambda+0x000002679b09f100
instanceKlass com/android/tools/r8/internal/s4
instanceKlass com/android/tools/r8/internal/Q80
instanceKlass  @bci com/android/tools/r8/internal/At$a c ()Lcom/android/tools/r8/internal/At$a; 5 <appendix> member <vmtarget> ; # com/android/tools/r8/internal/At$a$$Lambda+0x000002679b09eaa0
instanceKlass  @bci com/android/tools/r8/internal/At$a b ()Ljava/util/Map; 16 <appendix> member <vmtarget> ; # com/android/tools/r8/internal/At$a$$Lambda+0x000002679b09e868
instanceKlass java/util/Collections$SynchronizedCollection
instanceKlass java/util/Properties$EntrySet
instanceKlass com/android/tools/r8/internal/At$a
instanceKlass com/android/tools/r8/internal/At
instanceKlass  @bci com/android/tools/r8/internal/O80 a (Lcom/android/tools/r8/ClassConflictResolver;Lcom/android/tools/r8/internal/yg0;)Lcom/android/tools/r8/dex/b; 2 <appendix> member <vmtarget> ; # com/android/tools/r8/internal/O80$$Lambda+0x000002679b09dbb0
instanceKlass com/android/tools/r8/dex/b
instanceKlass com/android/tools/r8/ClassConflictResolver
instanceKlass com/android/tools/r8/internal/rd
instanceKlass com/android/tools/r8/internal/dE
instanceKlass com/android/tools/r8/inspector/Inspector
instanceKlass com/android/tools/r8/AssertionsConfiguration$Builder
instanceKlass com/android/tools/r8/AssertionsConfiguration
instanceKlass com/android/tools/r8/internal/D4
instanceKlass  @bci com/android/tools/r8/D8Command b ()Lcom/android/tools/r8/internal/QJ; 295 <appendix> member <vmtarget> ; # com/android/tools/r8/D8Command$$Lambda+0x000002679b09c208
instanceKlass com/android/tools/r8/internal/yV
instanceKlass  @bci com/android/tools/r8/D8Command b ()Lcom/android/tools/r8/internal/QJ; 282 <appendix> argL0 ; # com/android/tools/r8/D8Command$$Lambda+0x000002679b097cc0
instanceKlass com/android/tools/r8/retrace/ProguardMapProducer
instanceKlass com/android/tools/r8/V
instanceKlass com/android/tools/r8/internal/UE
instanceKlass com/android/tools/r8/internal/tm0
instanceKlass com/android/tools/r8/internal/QJ$p$b
instanceKlass com/android/tools/r8/internal/QJ$p$a
instanceKlass  @bci com/android/tools/r8/internal/QJ$p <init> ()V 316 <appendix> argL0 ; # com/android/tools/r8/internal/QJ$p$$Lambda+0x000002679b096bc8
instanceKlass  @bci com/android/tools/r8/internal/QJ$p <init> ()V 274 <appendix> argL0 ; # com/android/tools/r8/internal/QJ$p$$Lambda+0x000002679b0969a8
instanceKlass com/android/tools/r8/internal/du0
instanceKlass  @bci com/android/tools/r8/internal/hi a ()Ljava/util/function/BiConsumer; 0 <appendix> argL0 ; # com/android/tools/r8/internal/hi$$Lambda+0x000002679b096578
instanceKlass  @cpi com/android/tools/r8/dex/n0 127 form vmentry <vmtarget> ; # java/lang/invoke/LambdaForm$DMH+0x000002679b098000
instanceKlass  @bci com/android/tools/r8/internal/QJ$p <init> ()V 248 <appendix> argL0 ; # com/android/tools/r8/internal/QJ$p$$Lambda+0x000002679b096338
instanceKlass com/android/tools/r8/graph/y
instanceKlass com/android/tools/r8/shaking/j2
instanceKlass com/android/tools/r8/shaking/u1
instanceKlass com/android/tools/r8/internal/fg0
instanceKlass com/android/tools/r8/internal/gg0
instanceKlass  @bci com/android/tools/r8/internal/QJ$p <init> ()V 228 <appendix> argL0 ; # com/android/tools/r8/internal/QJ$p$$Lambda+0x000002679b094c60
instanceKlass com/android/tools/r8/dex/t0
instanceKlass com/android/tools/r8/dex/Y
instanceKlass com/android/tools/r8/internal/AB
instanceKlass com/android/tools/r8/internal/s3
instanceKlass com/android/tools/r8/internal/CB
instanceKlass com/android/tools/r8/internal/u3
instanceKlass com/android/tools/r8/internal/QJ$p
instanceKlass  @bci com/android/tools/r8/internal/hi b ()Ljava/util/function/Consumer; 0 <appendix> argL0 ; # com/android/tools/r8/internal/hi$$Lambda+0x000002679b093b50
instanceKlass com/android/tools/r8/internal/hi
instanceKlass com/android/tools/r8/internal/xo0
instanceKlass com/android/tools/r8/internal/fc
instanceKlass com/android/tools/r8/internal/Yb0
instanceKlass com/android/tools/r8/tracereferences/i
instanceKlass com/android/tools/r8/internal/K70
instanceKlass  @bci com/android/tools/r8/internal/jp0 <init> (Lcom/android/tools/r8/internal/QJ;)V 77 <appendix> argL0 ; # com/android/tools/r8/internal/jp0$$Lambda+0x000002679b091388
instanceKlass  @bci com/android/tools/r8/internal/jp0 <init> (Lcom/android/tools/r8/internal/QJ;)V 72 <appendix> argL0 ; # com/android/tools/r8/internal/jp0$$Lambda+0x000002679b091148
instanceKlass com/android/tools/r8/internal/jp0
instanceKlass com/android/tools/r8/internal/v4
instanceKlass com/android/tools/r8/internal/QJ$j
instanceKlass com/android/tools/r8/internal/Gm
instanceKlass com/android/tools/r8/internal/ES
instanceKlass com/android/tools/r8/internal/QJ$e
instanceKlass com/android/tools/r8/internal/G2
instanceKlass com/android/tools/r8/internal/TJ
instanceKlass com/android/tools/r8/internal/td0
instanceKlass com/android/tools/r8/internal/QJ$n
instanceKlass com/android/tools/r8/internal/QJ$k
instanceKlass com/android/tools/r8/internal/fy0
instanceKlass com/android/tools/r8/internal/QJ$g
instanceKlass com/android/tools/r8/internal/rn0
instanceKlass com/android/tools/r8/internal/QJ$h
instanceKlass com/android/tools/r8/internal/QJ$d
instanceKlass com/android/tools/r8/internal/QJ$c
instanceKlass  @bci com/android/tools/r8/internal/ps0 a (Ljava/lang/String;)Z 21 <appendix> member <vmtarget> ; # com/android/tools/r8/internal/ps0$$Lambda+0x000002679b08e2f8
instanceKlass sun/util/logging/PlatformLogger
instanceKlass sun/util/logging/PlatformLogger$ConfigurableBridge$LoggerConfiguration
instanceKlass jdk/internal/logger/BootstrapLogger$RedirectedLoggers
instanceKlass jdk/internal/logger/LazyLoggers$LazyLoggerAccessor
instanceKlass jdk/internal/logger/LazyLoggers$LoggerAccessor
instanceKlass jdk/internal/logger/AbstractLoggerWrapper
instanceKlass java/util/ServiceLoader$ProviderImpl
instanceKlass java/util/ServiceLoader$Provider
instanceKlass java/util/ServiceLoader$1
instanceKlass sun/util/logging/internal/LoggingProviderImpl$LogManagerAccess
instanceKlass java/util/concurrent/CopyOnWriteArrayList$COWIterator
instanceKlass jdk/internal/loader/URLClassPath$1
instanceKlass java/lang/CompoundEnumeration
instanceKlass jdk/internal/loader/BuiltinClassLoader$1
instanceKlass java/util/Collections$EmptyEnumeration
instanceKlass java/util/ServiceLoader$3
instanceKlass java/util/ServiceLoader$2
instanceKlass java/util/ServiceLoader$LazyClassPathLookupIterator
instanceKlass java/util/Spliterators$1Adapter
instanceKlass java/util/Spliterators$ArraySpliterator
instanceKlass java/util/ServiceLoader$ModuleServicesLookupIterator
instanceKlass java/util/ServiceLoader
instanceKlass jdk/internal/logger/BootstrapLogger$DetectBackend$1
instanceKlass jdk/internal/logger/BootstrapLogger$DetectBackend
instanceKlass jdk/internal/logger/BootstrapLogger
instanceKlass sun/util/logging/PlatformLogger$ConfigurableBridge
instanceKlass sun/util/logging/PlatformLogger$Bridge
instanceKlass jdk/internal/logger/DefaultLoggerFinder$1
instanceKlass java/lang/System$LoggerFinder
instanceKlass jdk/internal/logger/LazyLoggers$LazyLoggerFactories
instanceKlass jdk/internal/logger/LazyLoggers$1
instanceKlass jdk/internal/logger/LazyLoggers
instanceKlass jdk/internal/event/EventHelper$ThreadTrackHolder
instanceKlass sun/security/util/MemoryCache$QueueCacheEntry
instanceKlass sun/net/www/MessageHeader
instanceKlass sun/net/www/protocol/jar/JarFileFactory
instanceKlass sun/net/www/protocol/jar/URLJarFile$URLJarFileCloseController
instanceKlass java/net/URLConnection
instanceKlass jdk/internal/loader/BuiltinClassLoader$2
instanceKlass com/android/tools/r8/internal/Yx0
instanceKlass com/android/tools/r8/Version
instanceKlass com/android/tools/r8/internal/QJ$b
instanceKlass com/android/tools/r8/internal/QJ$o
instanceKlass  @bci com/android/tools/r8/internal/ps0 a (Ljava/lang/String;Z)Z 7 <appendix> member <vmtarget> ; # com/android/tools/r8/internal/ps0$$Lambda+0x000002679b08d878
instanceKlass java/util/function/BooleanSupplier
instanceKlass com/android/tools/r8/internal/ps0
instanceKlass com/android/tools/r8/internal/T1
instanceKlass com/android/tools/r8/internal/QJ$l
instanceKlass  @bci com/android/tools/r8/internal/QJ <init> (Lcom/android/tools/r8/graph/u1;Lcom/android/tools/r8/internal/yg0;)V 355 <appendix> argL0 ; # com/android/tools/r8/internal/QJ$$Lambda+0x000002679b08cbc0
instanceKlass com/android/tools/r8/internal/UJ
instanceKlass java/lang/ProcessEnvironment$CheckedEntry
instanceKlass java/lang/ProcessEnvironment$CheckedEntrySet$1
instanceKlass java/lang/ProcessEnvironment$EntryComparator
instanceKlass java/lang/ProcessEnvironment$NameComparator
instanceKlass com/android/tools/r8/ResourceShrinkerConfiguration
instanceKlass java/util/concurrent/atomic/AtomicBoolean
instanceKlass com/android/tools/r8/internal/Ts
instanceKlass com/android/tools/r8/internal/Rb
instanceKlass com/android/tools/r8/internal/IL
instanceKlass com/android/tools/r8/graph/J5
instanceKlass com/android/tools/r8/graph/A4
instanceKlass com/android/tools/r8/graph/f0
instanceKlass com/android/tools/r8/graph/B4
instanceKlass com/android/tools/r8/graph/h0
instanceKlass com/android/tools/r8/graph/i4
instanceKlass com/android/tools/r8/graph/h
instanceKlass com/android/tools/r8/internal/QJ
instanceKlass com/android/tools/r8/shaking/R0
instanceKlass com/android/tools/r8/GlobalSyntheticsConsumer
instanceKlass com/android/tools/r8/synthesis/j
instanceKlass com/android/tools/r8/InputDependencyGraphConsumer
instanceKlass com/android/tools/r8/shaking/r3
instanceKlass java/util/IdentityHashMap$IdentityHashMapIterator
instanceKlass com/android/tools/r8/internal/oV
instanceKlass com/android/tools/r8/internal/pV
instanceKlass com/android/tools/r8/internal/rV
instanceKlass com/android/tools/r8/internal/kV
instanceKlass com/android/tools/r8/kotlin/f
instanceKlass com/android/tools/r8/kotlin/e
instanceKlass com/android/tools/r8/kotlin/d
instanceKlass java/util/stream/Sink$ChainedInt
instanceKlass java/util/stream/Sink$OfInt
instanceKlass java/util/function/IntConsumer
instanceKlass  @bci java/util/stream/Collectors uniqKeysMapMerger ()Ljava/util/function/BinaryOperator; 0 <appendix> argL0 ; # java/util/stream/Collectors$$Lambda+0x000002679b07a260
instanceKlass  @bci java/util/stream/Collectors uniqKeysMapAccumulator (Ljava/util/function/Function;Ljava/util/function/Function;)Ljava/util/function/BiConsumer; 2 <appendix> member <vmtarget> ; # java/util/stream/Collectors$$Lambda+0x000002679b07a028
instanceKlass  @bci java/util/stream/Collectors toMap (Ljava/util/function/Function;Ljava/util/function/Function;)Ljava/util/stream/Collector; 4 <appendix> argL0 ; # java/util/stream/Collectors$$Lambda+0x000002679b079e08
instanceKlass  @bci java/util/function/Function identity ()Ljava/util/function/Function; 0 <appendix> argL0 ; # java/util/function/Function$$Lambda+0x000002679b079bc8
instanceKlass  @bci com/android/tools/r8/kotlin/c <init> (Lcom/android/tools/r8/kotlin/b;)V 27 <appendix> member <vmtarget> ; # com/android/tools/r8/kotlin/c$$Lambda+0x000002679b087a58
instanceKlass  @bci java/util/stream/IntPipeline boxed ()Ljava/util/stream/Stream; 1 <appendix> argL0 ; # java/util/stream/IntPipeline$$Lambda+0x000002679b0794b0
instanceKlass java/util/function/IntFunction
instanceKlass java/util/stream/Streams$RangeIntSpliterator
instanceKlass java/util/stream/IntStream
instanceKlass com/android/tools/r8/internal/Y0
instanceKlass com/android/tools/r8/kotlin/c
instanceKlass com/android/tools/r8/kotlin/b
instanceKlass java/util/stream/Sink$ChainedReference
instanceKlass java/util/stream/ReduceOps$AccumulatingSink
instanceKlass java/util/stream/TerminalSink
instanceKlass java/util/stream/Sink
instanceKlass java/util/stream/ReduceOps$Box
instanceKlass java/util/stream/ReduceOps$ReduceOp
instanceKlass java/util/stream/TerminalOp
instanceKlass java/util/stream/ReduceOps
instanceKlass  @bci java/util/stream/Collectors castingIdentity ()Ljava/util/function/Function; 0 <appendix> argL0 ; # java/util/stream/Collectors$$Lambda+0x800000041
instanceKlass  @bci java/util/stream/Collectors toSet ()Ljava/util/stream/Collector; 14 <appendix> argL0 ; # java/util/stream/Collectors$$Lambda+0x80000003f
instanceKlass java/util/function/BinaryOperator
instanceKlass  @bci java/util/stream/Collectors toSet ()Ljava/util/stream/Collector; 9 <appendix> argL0 ; # java/util/stream/Collectors$$Lambda+0x800000038
instanceKlass java/util/function/BiConsumer
instanceKlass  @bci java/util/stream/Collectors toSet ()Ljava/util/stream/Collector; 4 <appendix> argL0 ; # java/util/stream/Collectors$$Lambda+0x800000044
instanceKlass java/util/stream/Collector
instanceKlass java/util/stream/Collectors
instanceKlass  @bci com/android/tools/r8/graph/u1 a ()Ljava/util/Set; 24 <appendix> member <vmtarget> ; # com/android/tools/r8/graph/u1$$Lambda+0x000002679b083a08
# instanceKlass java/lang/invoke/LambdaForm$MH+0x000002679b084000
instanceKlass sun/reflect/annotation/AnnotationParser
instanceKlass java/lang/Class$3
instanceKlass java/util/EnumMap$1
instanceKlass java/util/stream/StreamOpFlag$MaskBuilder
instanceKlass java/util/stream/Stream
instanceKlass java/util/stream/BaseStream
instanceKlass java/util/stream/PipelineHelper
instanceKlass java/util/stream/StreamSupport
instanceKlass java/util/Spliterators$IteratorSpliterator
instanceKlass java/util/Spliterator$OfDouble
instanceKlass java/util/Spliterator$OfLong
instanceKlass java/util/Spliterator$OfInt
instanceKlass java/util/Spliterator$OfPrimitive
instanceKlass java/util/Spliterators$EmptySpliterator
instanceKlass java/util/Spliterators
instanceKlass com/android/tools/r8/internal/oA
instanceKlass com/android/tools/r8/internal/K40
instanceKlass com/android/tools/r8/internal/yA
instanceKlass com/android/tools/r8/synthesis/P
instanceKlass com/android/tools/r8/internal/tA
instanceKlass com/android/tools/r8/references/TypeReference
instanceKlass com/android/tools/r8/synthesis/Q$b
instanceKlass com/android/tools/r8/synthesis/Q
instanceKlass com/android/tools/r8/graph/s2
instanceKlass com/android/tools/r8/graph/P1
instanceKlass com/android/tools/r8/graph/p2
instanceKlass com/android/tools/r8/graph/j2
instanceKlass com/android/tools/r8/graph/H1
instanceKlass com/android/tools/r8/graph/e2
instanceKlass com/android/tools/r8/graph/d2
instanceKlass com/android/tools/r8/graph/a2
instanceKlass com/android/tools/r8/graph/X1
instanceKlass com/android/tools/r8/graph/n2
instanceKlass com/android/tools/r8/graph/l2
instanceKlass com/android/tools/r8/graph/A1
instanceKlass com/android/tools/r8/graph/m2
instanceKlass com/android/tools/r8/graph/N1
instanceKlass com/android/tools/r8/graph/i2
instanceKlass com/android/tools/r8/graph/U1
instanceKlass com/android/tools/r8/graph/S1
instanceKlass com/android/tools/r8/graph/R1
instanceKlass com/android/tools/r8/graph/T1
instanceKlass com/android/tools/r8/graph/g
instanceKlass com/android/tools/r8/graph/h2
instanceKlass com/android/tools/r8/graph/I1
instanceKlass com/android/tools/r8/graph/G1
instanceKlass com/android/tools/r8/graph/z1
instanceKlass com/android/tools/r8/graph/u1$e
instanceKlass com/android/tools/r8/graph/o2
instanceKlass com/android/tools/r8/graph/D1
instanceKlass com/android/tools/r8/graph/u1$c
instanceKlass com/android/tools/r8/graph/k2
instanceKlass com/android/tools/r8/graph/r2
instanceKlass com/android/tools/r8/internal/MB
instanceKlass com/android/tools/r8/graph/G4
instanceKlass com/android/tools/r8/graph/L4
instanceKlass com/android/tools/r8/graph/G0
instanceKlass  @bci com/android/tools/r8/kotlin/n a (Lcom/android/tools/r8/graph/E0;Ljava/util/List;Lcom/android/tools/r8/graph/u1;)Lcom/android/tools/r8/internal/uC; 51 <appendix> form vmentry <vmtarget> ; # java/lang/invoke/LambdaForm$MH+0x000002679b036c00
instanceKlass java/lang/invoke/LambdaFormEditor$1
# instanceKlass java/lang/invoke/LambdaForm$MH+0x000002679b036800
instanceKlass  @bci com/android/tools/r8/kotlin/n a (Lcom/android/tools/r8/graph/E0;Ljava/util/List;Lcom/android/tools/r8/graph/u1;)Lcom/android/tools/r8/internal/uC; 51 <appendix> argL3 form vmentry <vmtarget> ; # java/lang/invoke/LambdaForm$MH+0x000002679b036400
instanceKlass  @bci com/android/tools/r8/synthesis/Q a (Ljava/lang/String;Lcom/android/tools/r8/synthesis/Q$b;Ljava/lang/String;Ljava/lang/String;)Ljava/lang/String; 7 <appendix> argL3 argL2 form vmentry <vmtarget> ; # java/lang/invoke/LambdaForm$MH+0x000002679b036000
# instanceKlass java/lang/invoke/LambdaForm$MH+0x000002679b035c00
# instanceKlass java/lang/invoke/LambdaForm$MH+0x000002679b035800
# instanceKlass java/lang/invoke/LambdaForm$MH+0x000002679b035400
instanceKlass  @bci com/android/tools/r8/kotlin/n a (Lcom/android/tools/r8/graph/E0;Ljava/util/List;Lcom/android/tools/r8/graph/u1;)Lcom/android/tools/r8/internal/uC; 51 <appendix> argL1 form vmentry <vmtarget> ; # java/lang/invoke/LambdaForm$MH+0x000002679b035000
# instanceKlass java/lang/invoke/LambdaForm$MH+0x000002679b034c00
# instanceKlass java/lang/invoke/LambdaForm$MH+0x000002679b034800
# instanceKlass java/lang/invoke/LambdaForm$MH+0x000002679b034400
# instanceKlass java/lang/invoke/LambdaForm$MH+0x000002679b034000
instanceKlass  @bci com/android/tools/r8/graph/u1 c (I)Lcom/android/tools/r8/graph/O0$b; 15 <appendix> argL0 ; # com/android/tools/r8/graph/u1$$Lambda+0x000002679b033628
instanceKlass com/android/tools/r8/internal/wA
instanceKlass com/android/tools/r8/internal/AI
instanceKlass com/android/tools/r8/internal/WH
instanceKlass com/android/tools/r8/internal/x40
instanceKlass com/android/tools/r8/internal/l40
instanceKlass com/android/tools/r8/internal/Ge0
instanceKlass com/android/tools/r8/internal/Gl0
instanceKlass com/android/tools/r8/internal/Em0
instanceKlass com/android/tools/r8/internal/oL
instanceKlass com/android/tools/r8/internal/j40
instanceKlass com/android/tools/r8/internal/x1
instanceKlass com/android/tools/r8/internal/xf
instanceKlass com/android/tools/r8/internal/Jr0
instanceKlass com/android/tools/r8/internal/EA
instanceKlass com/android/tools/r8/internal/AA
instanceKlass com/android/tools/r8/internal/g7
instanceKlass com/android/tools/r8/internal/fH
instanceKlass com/android/tools/r8/internal/Q
instanceKlass com/android/tools/r8/internal/UG
instanceKlass com/android/tools/r8/internal/Ky
instanceKlass com/android/tools/r8/internal/mv0
instanceKlass com/android/tools/r8/graph/f2
instanceKlass com/android/tools/r8/graph/u1
instanceKlass com/android/tools/r8/DexFilePerClassFileConsumer
instanceKlass com/android/tools/r8/ClassFileConsumer
instanceKlass com/android/tools/r8/internal/q50
instanceKlass  @bci com/android/tools/r8/BaseCommand$Builder build ()Lcom/android/tools/r8/BaseCommand; 16 <appendix> member <vmtarget> ; # com/android/tools/r8/BaseCommand$Builder$$Lambda+0x000002679b026c20
instanceKlass com/android/tools/r8/internal/xv$a
instanceKlass com/android/tools/r8/internal/E7
instanceKlass com/android/tools/r8/internal/dt
instanceKlass com/android/tools/r8/internal/V50
instanceKlass com/android/tools/r8/DexIndexedConsumer$ForwardingConsumer
instanceKlass com/android/tools/r8/internal/xg0
instanceKlass  @bci com/android/tools/r8/m b (Lcom/android/tools/r8/BaseCompilerCommand$Builder;Ljava/lang/String;[Ljava/lang/String;ILcom/android/tools/r8/origin/Origin;)I 6 <appendix> member <vmtarget> ; # com/android/tools/r8/m$$Lambda+0x000002679b0234c8
instanceKlass com/android/tools/r8/internal/l70
instanceKlass com/android/tools/r8/position/Position
instanceKlass com/android/tools/r8/shaking/Q0
instanceKlass com/android/tools/r8/utils/ArchiveResourceProvider
instanceKlass  @bci com/android/tools/r8/BaseCommand$Builder addProgramFiles (Ljava/util/Collection;)Lcom/android/tools/r8/BaseCommand$Builder; 4 <appendix> member <vmtarget> ; # com/android/tools/r8/BaseCommand$Builder$$Lambda+0x000002679b0229e8
instanceKlass  @bci com/android/tools/r8/dex/W <clinit> ()V 13 <appendix> form vmentry <vmtarget> ; # java/lang/invoke/LambdaForm$MH+0x000002679b025c00
# instanceKlass java/lang/invoke/LambdaForm$MH+0x000002679b025800
instanceKlass  @bci com/android/tools/r8/dex/W <clinit> ()V 13 <appendix> argL3 form vmentry <vmtarget> ; # java/lang/invoke/LambdaForm$MH+0x000002679b025400
instanceKlass java/lang/invoke/MethodHandles$1
instanceKlass java/lang/Long$LongCache
# instanceKlass java/lang/invoke/LambdaForm$MH+0x000002679b025000
instanceKlass  @bci com/android/tools/r8/kotlin/q b (Lcom/android/tools/r8/graph/R2;Ljava/lang/String;)[Ljava/lang/String; 41 <appendix> argL2 form vmentry <vmtarget> ; # java/lang/invoke/LambdaForm$MH+0x000002679b024c00
# instanceKlass java/lang/invoke/LambdaForm$MH+0x000002679b024800
instanceKlass  @bci com/android/tools/r8/kotlin/n a (Lcom/android/tools/r8/graph/E0;Ljava/util/List;Lcom/android/tools/r8/graph/u1;)Lcom/android/tools/r8/internal/uC; 51 <appendix> argL1 argL0 form vmentry <vmtarget> ; # java/lang/invoke/LambdaForm$MH+0x000002679b024400
# instanceKlass java/lang/invoke/LambdaForm$MH+0x000002679b024000
instanceKlass com/android/tools/r8/a
instanceKlass com/android/tools/r8/internal/J70
instanceKlass com/android/tools/r8/internal/Se
instanceKlass com/android/tools/r8/internal/G0
instanceKlass com/android/tools/r8/internal/h6
instanceKlass com/android/tools/r8/internal/Wy
instanceKlass com/android/tools/r8/internal/s50
instanceKlass com/android/tools/r8/internal/xC
instanceKlass com/android/tools/r8/internal/Gl
instanceKlass com/android/tools/r8/utils/u
instanceKlass java/util/zip/ZipFile$ZipEntryIterator
instanceKlass  @bci com/android/tools/r8/internal/CJ <init> (Ljava/nio/file/Path;)V 1 <appendix> argL0 ; # com/android/tools/r8/internal/CJ$$Lambda+0x000002679b01bc60
instanceKlass com/android/tools/r8/internal/CJ
instanceKlass com/android/tools/r8/DataResourceProvider
instanceKlass com/android/tools/r8/internal/jx
instanceKlass  @bci com/android/tools/r8/BaseCommand$Builder addLibraryFiles (Ljava/util/Collection;)Lcom/android/tools/r8/BaseCommand$Builder; 4 <appendix> member <vmtarget> ; # com/android/tools/r8/BaseCommand$Builder$$Lambda+0x000002679b01b3c0
instanceKlass  @cpi com/android/tools/r8/graph/z5 354 form vmentry <vmtarget> ; # java/lang/invoke/LambdaForm$DMH+0x000002679b01c800
instanceKlass sun/nio/fs/WindowsPath$1
instanceKlass  @bci com/android/tools/r8/p a ([Ljava/lang/String;Lcom/android/tools/r8/origin/Origin;Lcom/android/tools/r8/D8Command$Builder;)Lcom/android/tools/r8/D8Command$Builder; 1072 <appendix> member <vmtarget> ; # com/android/tools/r8/p$$Lambda+0x000002679b01b188
instanceKlass  @cpi com/android/tools/r8/p 497 form vmentry <vmtarget> ; # java/lang/invoke/LambdaForm$DMH+0x000002679b01c400
instanceKlass  @bci com/android/tools/r8/p a ([Ljava/lang/String;Lcom/android/tools/r8/origin/Origin;Lcom/android/tools/r8/D8Command$Builder;)Lcom/android/tools/r8/D8Command$Builder; 1066 <appendix> member <vmtarget> ; # com/android/tools/r8/p$$Lambda+0x000002679b01af50
instanceKlass com/android/tools/r8/internal/tr0
instanceKlass com/android/tools/r8/internal/Gx
instanceKlass  @bci com/android/tools/r8/p a ([Ljava/lang/String;Lcom/android/tools/r8/origin/Origin;Lcom/android/tools/r8/D8Command$Builder;)Lcom/android/tools/r8/D8Command$Builder; 29 <appendix> member <vmtarget> ; # com/android/tools/r8/p$$Lambda+0x000002679b01a6b0
instanceKlass java/util/function/Consumer
instanceKlass com/android/tools/r8/internal/jC
instanceKlass java/util/Spliterator
instanceKlass com/android/tools/r8/p$a$a
instanceKlass com/android/tools/r8/p$a
# instanceKlass java/lang/invoke/LambdaForm$DMH+0x000002679b01c000
instanceKlass java/lang/invoke/MethodHandle$1
instanceKlass  @bci com/android/tools/r8/BaseCompilerCommand$Builder <init> (Lcom/android/tools/r8/DiagnosticsHandler;)V 69 <appendix> argL0 ; # com/android/tools/r8/BaseCompilerCommand$Builder$$Lambda+0x000002679b0181f8
instanceKlass java/util/function/BiPredicate
instanceKlass com/android/tools/r8/utils/i$a
instanceKlass com/android/tools/r8/DataResource
instanceKlass com/android/tools/r8/internal/oe
instanceKlass com/android/tools/r8/DataResourceProvider$Visitor
instanceKlass com/android/tools/r8/utils/i
instanceKlass com/android/tools/r8/internal/yg0
instanceKlass com/android/tools/r8/o
instanceKlass com/android/tools/r8/PartitionMapConsumer
instanceKlass com/android/tools/r8/internal/Cm
instanceKlass com/android/tools/r8/Q
instanceKlass com/android/tools/r8/DataResourceConsumer
instanceKlass com/android/tools/r8/internal/Cw0
instanceKlass com/android/tools/r8/internal/DA
instanceKlass com/android/tools/r8/internal/kI
instanceKlass com/android/tools/r8/internal/lI
instanceKlass com/android/tools/r8/internal/cD
instanceKlass com/android/tools/r8/profile/art/ArtProfileProvider
instanceKlass com/android/tools/r8/profile/art/ArtProfileConsumer
instanceKlass com/android/tools/r8/StringConsumer
instanceKlass com/android/tools/r8/w0
instanceKlass com/android/tools/r8/Resource
instanceKlass com/android/tools/r8/ClassFileResourceProvider
instanceKlass com/android/tools/r8/m
instanceKlass com/android/tools/r8/naming/Q
instanceKlass com/android/tools/r8/G
instanceKlass com/android/tools/r8/internal/zt
instanceKlass com/android/tools/r8/DiagnosticsHandler
instanceKlass com/android/tools/r8/internal/xv
instanceKlass  @bci com/android/tools/r8/D8 main ([Ljava/lang/String;)V 6 <appendix> member <vmtarget> ; # com/android/tools/r8/D8$$Lambda+0x000002679b00d680
instanceKlass  @cpi com/android/tools/r8/internal/up 110 form vmentry <vmtarget> ; # java/lang/invoke/LambdaForm$DMH+0x000002679b010000
instanceKlass com/android/tools/r8/internal/yv
instanceKlass java/lang/PublicMethods$Key
instanceKlass java/lang/PublicMethods$MethodList
instanceKlass java/util/concurrent/ExecutorService
instanceKlass java/util/concurrent/Executor
instanceKlass com/android/tools/r8/internal/Hh
instanceKlass com/android/tools/r8/internal/F1
instanceKlass com/android/tools/r8/internal/dg
instanceKlass com/android/tools/r8/internal/r
instanceKlass com/android/tools/r8/internal/mD
instanceKlass com/android/tools/r8/internal/GT
instanceKlass com/android/tools/r8/graph/q5
instanceKlass com/android/tools/r8/internal/Gr0
instanceKlass com/android/tools/r8/internal/r50
instanceKlass com/android/tools/r8/internal/qv
instanceKlass com/android/tools/r8/graph/L5
instanceKlass com/android/tools/r8/graph/G5
instanceKlass com/android/tools/r8/graph/M5
instanceKlass com/android/tools/r8/graph/H5
instanceKlass com/android/tools/r8/graph/n1
instanceKlass com/android/tools/r8/graph/b0
instanceKlass com/android/tools/r8/graph/S
instanceKlass com/android/tools/r8/graph/o0
instanceKlass com/android/tools/r8/graph/w0
instanceKlass com/android/tools/r8/ProgramResourceProvider
instanceKlass com/android/tools/r8/dex/k
instanceKlass com/android/tools/r8/DexIndexedConsumer
instanceKlass com/android/tools/r8/ByteBufferProvider
instanceKlass com/android/tools/r8/ProgramConsumer
instanceKlass com/android/tools/r8/Diagnostic
instanceKlass com/android/tools/r8/internal/AC
instanceKlass com/android/tools/r8/graph/x0
instanceKlass com/android/tools/r8/graph/d1
instanceKlass com/android/tools/r8/BaseCommand$Builder
instanceKlass com/android/tools/r8/origin/Origin
instanceKlass com/android/tools/r8/BaseCommand
instanceKlass jdk/internal/misc/PreviewFeatures
instanceKlass jdk/internal/misc/MainMethodFinder
instanceKlass com/android/tools/r8/D8
instanceKlass java/security/SecureClassLoader$DebugHolder
instanceKlass java/security/PermissionCollection
instanceKlass java/security/SecureClassLoader$1
instanceKlass java/util/zip/Checksum$1
instanceKlass java/util/zip/CRC32
instanceKlass java/util/zip/Checksum
instanceKlass sun/nio/ByteBuffered
instanceKlass sun/security/util/ManifestEntryVerifier$SunProviderHolder
instanceKlass java/lang/Package$VersionInfo
instanceKlass java/lang/NamedPackage
instanceKlass java/util/LinkedList$Node
instanceKlass java/util/Base64$Encoder
instanceKlass java/util/Base64$Decoder
instanceKlass java/util/Base64
instanceKlass javax/crypto/SecretKey
instanceKlass sun/security/util/Length
instanceKlass sun/security/util/KeyUtil
instanceKlass java/security/interfaces/XECKey
instanceKlass java/security/interfaces/ECKey
instanceKlass sun/security/util/JarConstraintsParameters
instanceKlass sun/security/util/ConstraintsParameters
instanceKlass java/security/CodeSigner
instanceKlass java/security/Timestamp
instanceKlass sun/security/timestamp/TimestampToken
instanceKlass java/security/cert/CertPath
# instanceKlass java/lang/invoke/LambdaForm$MH+0x000002679b001800
instanceKlass java/math/MutableBigInteger
instanceKlass sun/security/rsa/RSAPadding
instanceKlass sun/security/rsa/RSACore
instanceKlass java/security/interfaces/RSAPrivateCrtKey
instanceKlass sun/security/pkcs/PKCS8Key
instanceKlass sun/security/util/InternalPrivateKey
instanceKlass java/security/interfaces/RSAPrivateKey
instanceKlass java/security/PrivateKey
instanceKlass javax/security/auth/Destroyable
instanceKlass jdk/internal/icu/util/CodePointTrie$Data
instanceKlass jdk/internal/icu/util/CodePointMap
instanceKlass jdk/internal/icu/util/VersionInfo
instanceKlass  @bci jdk/internal/module/SystemModuleFinders$SystemModuleReader open (Ljava/lang/String;)Ljava/util/Optional; 6 <appendix> member <vmtarget> ; # jdk/internal/module/SystemModuleFinders$SystemModuleReader$$Lambda+0x000002679b06ce00
instanceKlass jdk/internal/jimage/ImageLocation
instanceKlass jdk/internal/jimage/decompressor/Decompressor
instanceKlass jdk/internal/jimage/ImageStringsReader
instanceKlass jdk/internal/jimage/ImageStrings
instanceKlass jdk/internal/jimage/ImageHeader
instanceKlass jdk/internal/jimage/NativeImageBuffer$1
instanceKlass jdk/internal/jimage/NativeImageBuffer
instanceKlass jdk/internal/jimage/BasicImageReader$1
instanceKlass jdk/internal/jimage/BasicImageReader
instanceKlass jdk/internal/jimage/ImageReader
instanceKlass jdk/internal/jimage/ImageReaderFactory$1
instanceKlass java/nio/file/FileSystems$DefaultFileSystemHolder$1
instanceKlass java/nio/file/FileSystems$DefaultFileSystemHolder
instanceKlass java/nio/file/FileSystems
instanceKlass java/nio/file/Paths
instanceKlass jdk/internal/jimage/ImageReaderFactory
instanceKlass jdk/internal/module/SystemModuleFinders$SystemImage
instanceKlass jdk/internal/module/SystemModuleFinders$SystemModuleReader
instanceKlass java/lang/module/ModuleReader
instanceKlass jdk/internal/loader/BuiltinClassLoader$5
instanceKlass jdk/internal/module/Checks
instanceKlass jdk/internal/module/Resources
instanceKlass jdk/internal/icu/impl/ICUBinary$1
instanceKlass jdk/internal/icu/impl/ICUBinary
instanceKlass jdk/internal/icu/impl/NormalizerImpl$IsAcceptable
instanceKlass jdk/internal/icu/impl/ICUBinary$Authenticate
instanceKlass jdk/internal/icu/impl/NormalizerImpl
instanceKlass jdk/internal/icu/impl/Norm2AllModes$Norm2AllModesSingleton
instanceKlass jdk/internal/icu/impl/Norm2AllModes$NFKCSingleton
instanceKlass jdk/internal/icu/impl/Norm2AllModes
instanceKlass jdk/internal/icu/text/Normalizer2
instanceKlass jdk/internal/icu/text/NormalizerBase$ModeImpl
instanceKlass jdk/internal/icu/text/NormalizerBase$NFKDModeImpl
instanceKlass jdk/internal/icu/text/NormalizerBase$1
instanceKlass jdk/internal/icu/text/NormalizerBase$Mode
instanceKlass jdk/internal/icu/text/NormalizerBase
instanceKlass java/text/Normalizer
instanceKlass sun/security/x509/AVAKeyword
instanceKlass java/util/StringJoiner
instanceKlass java/security/Signature$1
instanceKlass jdk/internal/access/JavaSecuritySignatureAccess
instanceKlass java/security/SignatureSpi
instanceKlass sun/security/util/SignatureUtil
instanceKlass java/lang/invoke/VarHandle$AccessDescriptor
instanceKlass sun/security/provider/ByteArrayAccess$BE
instanceKlass sun/security/provider/ByteArrayAccess
instanceKlass sun/security/util/MessageDigestSpi2
instanceKlass sun/security/util/SecurityProperties
instanceKlass sun/security/util/CryptoAlgorithmConstraints$CryptoHolder
instanceKlass java/security/MessageDigestSpi
instanceKlass sun/security/pkcs/SigningCertificateInfo$ESSCertId
instanceKlass sun/security/pkcs/SigningCertificateInfo
instanceKlass sun/security/pkcs/PKCS9Attribute
instanceKlass sun/security/pkcs/PKCS9Attributes
instanceKlass java/time/Instant
instanceKlass java/time/zone/ZoneOffsetTransition
instanceKlass java/time/LocalTime
instanceKlass java/time/temporal/ValueRange
instanceKlass java/time/Duration
instanceKlass java/time/temporal/TemporalAmount
instanceKlass java/time/temporal/TemporalUnit
instanceKlass java/time/temporal/TemporalField
instanceKlass java/time/LocalDate
instanceKlass java/time/chrono/ChronoLocalDate
instanceKlass java/time/ZonedDateTime
instanceKlass java/time/chrono/ChronoZonedDateTime
instanceKlass java/time/LocalDateTime
instanceKlass java/time/chrono/ChronoLocalDateTime
instanceKlass java/time/temporal/Temporal
instanceKlass java/time/zone/ZoneOffsetTransitionRule
instanceKlass java/time/zone/ZoneRules
instanceKlass java/time/temporal/TemporalAdjuster
instanceKlass java/time/temporal/TemporalAccessor
instanceKlass java/time/ZoneId
instanceKlass  @bci java/util/regex/Pattern Single (I)Ljava/util/regex/Pattern$BmpCharPredicate; 1 <appendix> member <vmtarget> ; # java/util/regex/Pattern$$Lambda+0x800000028
instanceKlass  @bci java/util/regex/CharPredicates ASCII_DIGIT ()Ljava/util/regex/Pattern$BmpCharPredicate; 0 <appendix> argL0 ; # java/util/regex/CharPredicates$$Lambda+0x800000024
instanceKlass  @bci java/util/regex/CharPredicates ASCII_SPACE ()Ljava/util/regex/Pattern$BmpCharPredicate; 0 <appendix> argL0 ; # java/util/regex/CharPredicates$$Lambda+0x800000025
instanceKlass java/util/regex/Pattern$BmpCharPredicate
instanceKlass java/util/regex/CharPredicates
instanceKlass sun/security/util/DisabledAlgorithmConstraints$Constraints$Holder
instanceKlass sun/security/util/DisabledAlgorithmConstraints$Constraint
instanceKlass java/util/StringTokenizer
instanceKlass java/util/Collections$UnmodifiableCollection
instanceKlass java/security/spec/ECFieldF2m
instanceKlass java/security/spec/ECParameterSpec
instanceKlass java/security/spec/ECPoint
instanceKlass java/security/spec/EllipticCurve
instanceKlass java/security/spec/ECFieldFp
instanceKlass java/security/spec/ECField
instanceKlass sun/security/util/CurveDB
instanceKlass sun/security/util/DisabledAlgorithmConstraints$Constraints
instanceKlass java/util/regex/IntHashSet
instanceKlass java/util/regex/Matcher
instanceKlass java/util/regex/MatchResult
instanceKlass java/util/TreeMap$PrivateEntryIterator
instanceKlass java/util/Arrays$ArrayItr
instanceKlass java/util/NavigableSet
instanceKlass java/util/SortedSet
instanceKlass sun/security/util/AbstractAlgorithmConstraints$1
instanceKlass sun/security/util/AlgorithmDecomposer
instanceKlass sun/security/util/DisabledAlgorithmConstraints$JarHolder
instanceKlass java/util/regex/Pattern$TreeInfo
instanceKlass  @bci java/util/regex/Pattern DOT ()Ljava/util/regex/Pattern$CharPredicate; 0 <appendix> argL0 ; # java/util/regex/Pattern$$Lambda+0x000002679b05f7b8
instanceKlass java/util/regex/Pattern$CharPredicate
instanceKlass java/util/regex/ASCII
instanceKlass java/util/regex/Pattern$Node
instanceKlass java/util/regex/Pattern
instanceKlass sun/security/util/AbstractAlgorithmConstraints
instanceKlass java/security/AlgorithmConstraints
instanceKlass sun/security/pkcs/SignerInfo
instanceKlass java/security/cert/PolicyQualifierInfo
instanceKlass sun/security/x509/CertificatePolicyId
instanceKlass sun/security/x509/PolicyInformation
instanceKlass sun/security/x509/DistributionPoint
instanceKlass sun/security/util/HostnameChecker
instanceKlass sun/security/x509/DNSName
instanceKlass java/net/URI$Parser
instanceKlass sun/security/x509/URIName
instanceKlass sun/security/x509/GeneralName
instanceKlass sun/security/x509/AccessDescription
instanceKlass sun/security/x509/GeneralNames
instanceKlass java/lang/invoke/VarForm
instanceKlass java/lang/invoke/VarHandleGuards
instanceKlass java/lang/invoke/VarHandles
instanceKlass java/lang/System$Logger
instanceKlass jdk/internal/event/EventHelper
instanceKlass sun/security/jca/JCAUtil
instanceKlass sun/security/util/MemoryCache$CacheEntry
instanceKlass sun/security/x509/KeyIdentifier
instanceKlass java/util/TreeMap$Entry
# instanceKlass java/lang/invoke/LambdaForm$MH+0x000002679b001400
instanceKlass  @bci com/android/tools/r8/kotlin/n a (Lcom/android/tools/r8/graph/y;Lcom/android/tools/r8/graph/E0;)Lcom/android/tools/r8/internal/d60; 588 <appendix> form vmentry <vmtarget> ; # java/lang/invoke/LambdaForm$MH+0x000002679b001000
instanceKlass sun/security/x509/OIDMap$OIDInfo
instanceKlass sun/security/x509/PKIXExtensions
instanceKlass sun/security/x509/OIDMap
instanceKlass sun/security/x509/Extension
instanceKlass java/security/cert/Extension
instanceKlass java/util/Collections$SynchronizedMap
instanceKlass java/util/NavigableMap
instanceKlass java/util/SortedMap
instanceKlass sun/security/x509/CertificateExtensions
instanceKlass sun/security/rsa/RSAUtil
instanceKlass java/security/interfaces/RSAPublicKey
instanceKlass java/security/interfaces/RSAKey
instanceKlass java/security/spec/PSSParameterSpec
instanceKlass java/security/spec/AlgorithmParameterSpec
instanceKlass java/security/spec/RSAPrivateKeySpec
instanceKlass java/security/spec/RSAPublicKeySpec
instanceKlass java/security/KeyFactorySpi
instanceKlass sun/security/rsa/SunRsaSignEntries
instanceKlass sun/security/jca/ProviderList$ServiceList$1
instanceKlass java/security/KeyFactory
instanceKlass  @bci java/security/spec/EncodedKeySpec <clinit> ()V 0 <appendix> argL0 ; # java/security/spec/EncodedKeySpec$$Lambda+0x000002679b055540
instanceKlass  @cpi java/security/spec/EncodedKeySpec 79 form vmentry <vmtarget> ; # java/lang/invoke/LambdaForm$DMH+0x000002679b000c00
instanceKlass jdk/internal/access/JavaSecuritySpecAccess
instanceKlass java/security/spec/EncodedKeySpec
instanceKlass java/security/spec/KeySpec
instanceKlass sun/security/util/BitArray
instanceKlass sun/security/x509/X509Key
instanceKlass java/security/PublicKey
instanceKlass java/security/Key
instanceKlass sun/security/x509/CertificateX509Key
instanceKlass java/util/Date
instanceKlass sun/util/calendar/CalendarUtils
instanceKlass sun/util/calendar/CalendarDate
instanceKlass sun/util/calendar/CalendarSystem$GregorianHolder
instanceKlass sun/util/calendar/CalendarSystem
instanceKlass sun/security/x509/CertificateValidity
instanceKlass sun/security/x509/AVA
instanceKlass sun/security/x509/RDN
instanceKlass javax/security/auth/x500/X500Principal
instanceKlass  @bci sun/security/x509/X500Name <clinit> ()V 153 <appendix> argL0 ; # sun/security/x509/X500Name$$Lambda+0x000002679b052e40
instanceKlass sun/security/x509/X500Name
instanceKlass sun/security/x509/GeneralNameInterface
instanceKlass sun/security/x509/CertificateAlgorithmId
instanceKlass sun/security/x509/SerialNumber
instanceKlass sun/security/x509/CertificateSerialNumber
instanceKlass sun/security/x509/CertificateVersion
instanceKlass sun/security/x509/X509CertInfo
instanceKlass sun/security/util/Cache$EqualByteArray
instanceKlass java/security/cert/X509Extension
instanceKlass java/lang/Byte$ByteCache
instanceKlass  @bci sun/security/util/DerInputStream seeOptionalContextSpecific (I)Z 2 <appendix> member <vmtarget> ; # sun/security/util/DerInputStream$$Lambda+0x000002679b050770
instanceKlass  @cpi com/android/tools/r8/internal/sB 851 form vmentry <vmtarget> ; # java/lang/invoke/LambdaForm$DMH+0x000002679b000800
instanceKlass java/util/function/Predicate
instanceKlass sun/security/jca/GetInstance$Instance
instanceKlass jdk/internal/reflect/MethodHandleAccessorFactory$LazyStaticHolder
instanceKlass sun/security/util/Cache
instanceKlass jdk/internal/event/Event
instanceKlass sun/security/jca/GetInstance
instanceKlass java/security/cert/CertificateFactorySpi
instanceKlass java/security/cert/CertificateFactory
instanceKlass sun/security/x509/AlgorithmId
instanceKlass sun/security/util/ByteArrayTagOrder
instanceKlass sun/security/util/ByteArrayLexOrder
instanceKlass sun/security/util/DerValue
instanceKlass sun/security/util/ObjectIdentifier
instanceKlass sun/security/pkcs/ContentInfo
instanceKlass sun/security/util/DerEncoder
instanceKlass sun/security/util/DerInputStream
instanceKlass sun/security/pkcs/PKCS7
instanceKlass java/util/Collections$EmptyIterator
instanceKlass java/util/LinkedHashMap$LinkedHashIterator
instanceKlass sun/security/util/SecurityProviderConstants
instanceKlass java/security/Provider$UString
instanceKlass java/security/Provider$Service
instanceKlass sun/security/provider/NativePRNG$NonBlocking
instanceKlass sun/security/provider/NativePRNG$Blocking
instanceKlass sun/security/provider/NativePRNG
instanceKlass sun/security/provider/SunEntries$1
instanceKlass sun/security/provider/SunEntries
instanceKlass java/security/Permission
instanceKlass java/security/Guard
instanceKlass sun/security/util/SecurityConstants
instanceKlass java/security/Security$1
instanceKlass jdk/internal/access/JavaSecurityPropertiesAccess
instanceKlass java/util/concurrent/ConcurrentHashMap$MapEntry
instanceKlass java/io/FileInputStream$1
instanceKlass java/util/Properties$LineReader
instanceKlass  @bci java/security/Security <clinit> ()V 9 <appendix> argL0 ; # java/security/Security$$Lambda+0x80000000b
instanceKlass java/security/Security
instanceKlass sun/security/jca/ProviderList$2
instanceKlass java/util/SequencedSet
instanceKlass jdk/internal/math/FloatingDecimal$ASCIIToBinaryBuffer
instanceKlass jdk/internal/math/FloatingDecimal$PreparedASCIIToBinaryBuffer
instanceKlass jdk/internal/math/FloatingDecimal$ASCIIToBinaryConverter
instanceKlass jdk/internal/math/FloatingDecimal$BinaryToASCIIBuffer
instanceKlass jdk/internal/math/FloatingDecimal$ExceptionalBinaryToASCIIBuffer
instanceKlass jdk/internal/math/FloatingDecimal$BinaryToASCIIConverter
instanceKlass jdk/internal/math/FloatingDecimal
instanceKlass javax/security/auth/login/Configuration$Parameters
instanceKlass java/security/Policy$Parameters
instanceKlass java/security/cert/CertStoreParameters
instanceKlass java/security/SecureRandomParameters
instanceKlass java/security/Provider$EngineDescription
instanceKlass java/security/Provider$ServiceKey
instanceKlass sun/security/jca/ProviderConfig
instanceKlass sun/security/jca/ProviderList
instanceKlass sun/security/jca/Providers
instanceKlass  @bci com/android/tools/r8/graph/z5 <init> (Lcom/android/tools/r8/graph/y;Lcom/android/tools/r8/graph/z5;Lcom/android/tools/r8/internal/yS;Ljava/util/Set;Ljava/util/Map;Ljava/util/Collection;Ljava/util/Collection;Ljava/util/Collection;Ljava/util/Collection;Ljava/util/Collection;Ljava/util/Collection;ILcom/android/tools/r8/internal/kp0;Lcom/android/tools/r8/dex/t0;Lcom/android/tools/r8/internal/at0;)V 248 <appendix> form vmentry <vmtarget> ; # java/lang/invoke/LambdaForm$MH+0x000002679b000400
instanceKlass jdk/internal/org/objectweb/asm/FieldVisitor
instanceKlass java/lang/invoke/InvokerBytecodeGenerator$ClassData
instanceKlass jdk/internal/org/objectweb/asm/Frame
instanceKlass java/lang/invoke/LambdaFormBuffer
instanceKlass java/lang/invoke/LambdaFormEditor$TransformKey
instanceKlass java/lang/invoke/LambdaFormEditor
instanceKlass java/lang/invoke/DelegatingMethodHandle$Holder
instanceKlass java/lang/invoke/DirectMethodHandle$2
instanceKlass java/lang/invoke/ClassSpecializer$Factory
instanceKlass java/lang/invoke/ClassSpecializer$SpeciesData
instanceKlass java/lang/invoke/ClassSpecializer$1
instanceKlass java/lang/invoke/ClassSpecializer
instanceKlass sun/invoke/empty/Empty
instanceKlass sun/invoke/util/VerifyType
instanceKlass  @bci sun/security/util/ManifestDigester <init> ([B)V 350 <appendix> argL0 ; # sun/security/util/ManifestDigester$$Lambda+0x000002679b044178
instanceKlass java/lang/invoke/MethodHandles$Lookup$ClassDefiner
instanceKlass java/lang/invoke/MethodHandles$Lookup$ClassFile
instanceKlass jdk/internal/org/objectweb/asm/AnnotationVisitor
instanceKlass jdk/internal/org/objectweb/asm/Attribute
instanceKlass jdk/internal/org/objectweb/asm/Handler
instanceKlass jdk/internal/org/objectweb/asm/Label
instanceKlass jdk/internal/org/objectweb/asm/MethodVisitor
instanceKlass java/lang/invoke/LambdaProxyClassArchive
instanceKlass jdk/internal/org/objectweb/asm/ByteVector
instanceKlass jdk/internal/org/objectweb/asm/Symbol
instanceKlass jdk/internal/org/objectweb/asm/SymbolTable
instanceKlass jdk/internal/org/objectweb/asm/ClassVisitor
instanceKlass java/lang/invoke/InfoFromMemberName
instanceKlass java/lang/invoke/MethodHandleInfo
instanceKlass jdk/internal/org/objectweb/asm/ConstantDynamic
instanceKlass sun/invoke/util/BytecodeDescriptor
instanceKlass jdk/internal/org/objectweb/asm/Handle
instanceKlass sun/security/action/GetBooleanAction
instanceKlass jdk/internal/org/objectweb/asm/Type
instanceKlass java/lang/invoke/AbstractValidatingLambdaMetafactory
instanceKlass java/lang/invoke/MethodHandleImpl$1
instanceKlass jdk/internal/access/JavaLangInvokeAccess
instanceKlass java/lang/invoke/Invokers$Holder
instanceKlass java/lang/invoke/BootstrapMethodInvoker
instanceKlass java/lang/invoke/InvokerBytecodeGenerator$1
instanceKlass java/lang/invoke/InvokerBytecodeGenerator
instanceKlass java/lang/invoke/LambdaForm$Holder
instanceKlass java/lang/invoke/LambdaForm$Name
instanceKlass java/lang/invoke/Invokers
instanceKlass java/lang/invoke/MethodHandleImpl
instanceKlass sun/invoke/util/ValueConversions
instanceKlass java/lang/invoke/DirectMethodHandle$Holder
instanceKlass java/lang/invoke/LambdaForm$NamedFunction
instanceKlass sun/invoke/util/Wrapper$Format
instanceKlass java/lang/invoke/MethodTypeForm
instanceKlass java/lang/Void
instanceKlass jdk/internal/util/StrongReferenceKey
instanceKlass jdk/internal/util/ReferenceKey
instanceKlass jdk/internal/util/ReferencedKeyMap
instanceKlass java/lang/invoke/MethodType$1
instanceKlass java/lang/invoke/LambdaMetafactory
instanceKlass sun/security/util/ManifestDigester$Section
instanceKlass sun/security/util/ManifestDigester$Entry
instanceKlass sun/security/util/ManifestDigester$Position
instanceKlass sun/security/util/ManifestDigester
instanceKlass sun/security/util/ManifestEntryVerifier
instanceKlass jdk/internal/misc/ThreadTracker
instanceKlass java/util/jar/JarFile$ThreadTrackHolder
instanceKlass java/lang/reflect/Array
instanceKlass java/util/jar/Attributes$Name
instanceKlass java/util/SequencedMap
instanceKlass java/util/jar/Attributes
instanceKlass java/util/jar/JarVerifier
instanceKlass jdk/internal/loader/Resource
instanceKlass java/util/ArrayList$Itr
instanceKlass sun/security/action/GetIntegerAction
instanceKlass sun/security/util/Debug
instanceKlass sun/security/util/SignatureFileVerifier
instanceKlass java/util/zip/ZipFile$InflaterCleanupAction
instanceKlass java/util/zip/Inflater$InflaterZStreamRef
instanceKlass java/util/zip/Inflater
instanceKlass java/util/zip/ZipEntry
instanceKlass java/util/zip/ZipFile$2
instanceKlass java/nio/Bits$1
instanceKlass jdk/internal/misc/VM$BufferPool
instanceKlass java/nio/Bits
instanceKlass sun/nio/ch/DirectBuffer
instanceKlass jdk/internal/perf/PerfCounter$CoreCounters
instanceKlass jdk/internal/perf/Perf
instanceKlass jdk/internal/perf/Perf$GetPerfAction
instanceKlass jdk/internal/perf/PerfCounter
instanceKlass sun/util/locale/LocaleUtils
instanceKlass sun/util/locale/BaseLocale
instanceKlass java/util/Locale
instanceKlass java/nio/file/attribute/FileTime
instanceKlass java/util/zip/ZipUtils
instanceKlass java/util/zip/ZipFile$Source$End
instanceKlass java/io/RandomAccessFile$2
instanceKlass jdk/internal/access/JavaIORandomAccessFileAccess
instanceKlass java/io/RandomAccessFile
instanceKlass java/io/DataInput
instanceKlass java/io/DataOutput
instanceKlass sun/nio/fs/WindowsNativeDispatcher$CompletionStatus
instanceKlass sun/nio/fs/WindowsNativeDispatcher$AclInformation
instanceKlass sun/nio/fs/WindowsNativeDispatcher$Account
instanceKlass sun/nio/fs/WindowsNativeDispatcher$DiskFreeSpace
instanceKlass sun/nio/fs/WindowsNativeDispatcher$VolumeInformation
instanceKlass sun/nio/fs/WindowsNativeDispatcher$FirstStream
instanceKlass sun/nio/fs/WindowsNativeDispatcher$FirstFile
instanceKlass java/util/Enumeration
instanceKlass java/util/concurrent/ConcurrentHashMap$Traverser
instanceKlass jdk/internal/loader/NativeLibraries$3
instanceKlass jdk/internal/loader/NativeLibrary
instanceKlass java/util/ArrayDeque$DeqIterator
instanceKlass jdk/internal/loader/NativeLibraries$NativeLibraryContext$1
instanceKlass jdk/internal/loader/NativeLibraries$NativeLibraryContext
instanceKlass jdk/internal/loader/NativeLibraries$2
instanceKlass jdk/internal/loader/NativeLibraries$1
instanceKlass jdk/internal/loader/NativeLibraries$LibraryPaths
instanceKlass sun/nio/fs/WindowsNativeDispatcher
instanceKlass sun/nio/fs/NativeBuffer$Deallocator
instanceKlass sun/nio/fs/NativeBuffer
instanceKlass java/lang/ThreadLocal$ThreadLocalMap
instanceKlass java/lang/ThreadLocal
instanceKlass sun/nio/fs/NativeBuffers
instanceKlass sun/nio/fs/WindowsFileAttributes
instanceKlass java/nio/file/attribute/DosFileAttributes
instanceKlass java/util/concurrent/ForkJoinPool$ManagedBlocker
instanceKlass sun/nio/fs/AbstractBasicFileAttributeView
instanceKlass java/util/concurrent/locks/AbstractQueuedSynchronizer$Node
instanceKlass sun/nio/fs/DynamicFileAttributeView
instanceKlass sun/nio/fs/WindowsFileAttributeViews
instanceKlass sun/nio/fs/Util
instanceKlass java/nio/file/attribute/BasicFileAttributeView
instanceKlass java/nio/file/attribute/FileAttributeView
instanceKlass java/nio/file/attribute/AttributeView
instanceKlass java/nio/file/Files
instanceKlass java/nio/file/CopyOption
instanceKlass java/nio/file/attribute/BasicFileAttributes
instanceKlass sun/nio/fs/WindowsPath
instanceKlass java/nio/file/Path
instanceKlass java/nio/file/Watchable
instanceKlass java/util/zip/ZipFile$Source$Key
instanceKlass sun/nio/fs/WindowsPathParser$Result
instanceKlass sun/nio/fs/WindowsPathParser
instanceKlass java/nio/file/FileSystem
instanceKlass java/nio/file/OpenOption
instanceKlass java/nio/file/spi/FileSystemProvider
instanceKlass sun/nio/fs/DefaultFileSystemProvider
instanceKlass java/util/zip/ZipFile$Source
instanceKlass java/lang/ref/Cleaner$Cleanable
instanceKlass jdk/internal/ref/CleanerImpl
instanceKlass java/lang/ref/Cleaner$1
instanceKlass java/lang/ref/Cleaner
instanceKlass jdk/internal/ref/CleanerFactory$1
instanceKlass java/util/concurrent/ThreadFactory
instanceKlass jdk/internal/ref/CleanerFactory
instanceKlass java/util/zip/ZipCoder
instanceKlass java/util/zip/ZipFile$CleanableResource
instanceKlass java/lang/Runtime$Version
instanceKlass java/util/jar/JavaUtilJarAccessImpl
instanceKlass jdk/internal/access/JavaUtilJarAccess
instanceKlass java/nio/charset/CoderResult
instanceKlass java/lang/Readable
instanceKlass jdk/internal/loader/FileURLMapper
instanceKlass jdk/internal/loader/URLClassPath$JarLoader$1
instanceKlass java/util/zip/ZipFile$1
instanceKlass jdk/internal/access/JavaUtilZipFileAccess
instanceKlass java/util/zip/ZipFile
instanceKlass java/util/zip/ZipConstants
instanceKlass jdk/internal/loader/URLClassPath$Loader
instanceKlass jdk/internal/loader/URLClassPath$3
instanceKlass java/security/PrivilegedExceptionAction
instanceKlass sun/net/util/URLUtil
instanceKlass java/lang/StringCoding
instanceKlass sun/nio/cs/ArrayDecoder
instanceKlass java/nio/charset/CharsetDecoder
instanceKlass sun/launcher/LauncherHelper
instanceKlass java/lang/invoke/StringConcatFactory
instanceKlass java/lang/ModuleLayer$Controller
instanceKlass java/util/concurrent/CopyOnWriteArrayList
instanceKlass jdk/internal/module/ServicesCatalog$ServiceProvider
instanceKlass jdk/internal/loader/AbstractClassLoaderValue$Memoizer
instanceKlass java/util/ImmutableCollections$ListItr
instanceKlass java/util/ListIterator
instanceKlass java/lang/ModuleLayer
instanceKlass jdk/internal/module/ModuleLoaderMap$Modules
instanceKlass jdk/internal/module/ModuleLoaderMap$Mapper
instanceKlass jdk/internal/module/ModuleLoaderMap
instanceKlass java/util/AbstractMap$1$1
instanceKlass java/lang/module/ResolvedModule
instanceKlass java/lang/module/Configuration
instanceKlass jdk/internal/loader/BuiltinClassLoader$LoadedModule
instanceKlass jdk/internal/loader/AbstractClassLoaderValue
instanceKlass jdk/internal/module/ServicesCatalog
instanceKlass java/util/Deque
instanceKlass java/util/Queue
instanceKlass sun/net/util/IPAddressUtil$MASKS
instanceKlass sun/net/util/IPAddressUtil
instanceKlass java/net/URLStreamHandler
instanceKlass sun/net/www/ParseUtil
instanceKlass java/net/URL$3
instanceKlass jdk/internal/access/JavaNetURLAccess
instanceKlass java/net/URL$DefaultFactory
instanceKlass java/net/URLStreamHandlerFactory
instanceKlass jdk/internal/loader/URLClassPath
instanceKlass java/security/Principal
instanceKlass java/security/ProtectionDomain$Key
instanceKlass java/security/ProtectionDomain$JavaSecurityAccessImpl
instanceKlass jdk/internal/access/JavaSecurityAccess
instanceKlass java/lang/ClassLoader$ParallelLoaders
instanceKlass java/security/cert/Certificate
instanceKlass jdk/internal/loader/ArchivedClassLoaders
instanceKlass java/util/concurrent/ConcurrentHashMap$CollectionView
instanceKlass jdk/internal/loader/ClassLoaderHelper
instanceKlass jdk/internal/loader/NativeLibraries
instanceKlass java/lang/Module$EnableNativeAccess
instanceKlass jdk/internal/loader/BootLoader
instanceKlass java/util/Optional
instanceKlass jdk/internal/module/SystemModuleFinders$SystemModuleFinder
instanceKlass java/lang/module/ModuleFinder
instanceKlass jdk/internal/module/SystemModuleFinders$3
instanceKlass jdk/internal/module/ModuleHashes$HashSupplier
instanceKlass jdk/internal/module/SystemModuleFinders$2
instanceKlass java/util/function/Supplier
instanceKlass java/lang/module/ModuleReference
instanceKlass jdk/internal/module/ModuleResolution
instanceKlass java/util/Collections$UnmodifiableMap
instanceKlass jdk/internal/module/ModuleHashes$Builder
instanceKlass jdk/internal/module/ModuleHashes
instanceKlass jdk/internal/module/ModuleTarget
instanceKlass java/util/ImmutableCollections$Set12$1
instanceKlass java/lang/reflect/AccessFlag$18
instanceKlass java/lang/reflect/AccessFlag$17
instanceKlass java/lang/reflect/AccessFlag$16
instanceKlass java/lang/reflect/AccessFlag$15
instanceKlass java/lang/reflect/AccessFlag$14
instanceKlass java/lang/reflect/AccessFlag$13
instanceKlass java/lang/reflect/AccessFlag$12
instanceKlass java/lang/reflect/AccessFlag$11
instanceKlass java/lang/reflect/AccessFlag$10
instanceKlass java/lang/reflect/AccessFlag$9
instanceKlass java/lang/reflect/AccessFlag$8
instanceKlass java/lang/reflect/AccessFlag$7
instanceKlass java/lang/reflect/AccessFlag$6
instanceKlass java/lang/reflect/AccessFlag$5
instanceKlass java/lang/reflect/AccessFlag$4
instanceKlass java/lang/reflect/AccessFlag$3
instanceKlass java/lang/reflect/AccessFlag$2
instanceKlass java/lang/reflect/AccessFlag$1
instanceKlass java/lang/module/ModuleDescriptor$Version
instanceKlass java/lang/module/ModuleDescriptor$Provides
instanceKlass java/lang/module/ModuleDescriptor$Opens
instanceKlass java/util/ImmutableCollections$SetN$SetNIterator
instanceKlass java/lang/module/ModuleDescriptor$Exports
instanceKlass java/lang/module/ModuleDescriptor$Requires
instanceKlass jdk/internal/module/Builder
instanceKlass jdk/internal/module/SystemModules$default
instanceKlass jdk/internal/module/SystemModules
instanceKlass jdk/internal/module/SystemModulesMap
instanceKlass java/net/URI$1
instanceKlass jdk/internal/access/JavaNetUriAccess
instanceKlass java/net/URI
instanceKlass jdk/internal/module/SystemModuleFinders
instanceKlass jdk/internal/module/ArchivedModuleGraph
instanceKlass jdk/internal/module/ArchivedBootLayer
instanceKlass jdk/internal/module/ModuleBootstrap$Counters
instanceKlass jdk/internal/module/ModulePatcher
instanceKlass java/io/FileSystem
instanceKlass java/io/DefaultFileSystem
instanceKlass java/io/File
instanceKlass java/lang/module/ModuleDescriptor$1
instanceKlass jdk/internal/access/JavaLangModuleAccess
instanceKlass sun/invoke/util/VerifyAccess
instanceKlass java/util/KeyValueHolder
instanceKlass java/util/ImmutableCollections$MapN$MapNIterator
instanceKlass java/lang/StrictMath
instanceKlass java/lang/invoke/MethodHandles$Lookup
instanceKlass java/lang/invoke/MemberName$Factory
instanceKlass java/lang/invoke/MethodHandles
instanceKlass java/lang/module/ModuleDescriptor
instanceKlass jdk/internal/module/ModuleBootstrap
instanceKlass java/lang/Character$CharacterCache
instanceKlass java/util/HexFormat
instanceKlass jdk/internal/util/ClassFileDumper
instanceKlass sun/security/action/GetPropertyAction
instanceKlass java/lang/invoke/MethodHandleStatics
instanceKlass jdk/internal/misc/Blocker
instanceKlass java/util/concurrent/locks/AbstractQueuedSynchronizer$ConditionObject
instanceKlass java/util/concurrent/locks/Condition
instanceKlass java/util/Collections
instanceKlass java/lang/Thread$ThreadIdentifiers
instanceKlass sun/io/Win32ErrorMode
instanceKlass jdk/internal/misc/OSEnvironment
instanceKlass java/lang/Integer$IntegerCache
instanceKlass jdk/internal/misc/Signal$NativeHandler
instanceKlass java/util/Hashtable$Entry
instanceKlass jdk/internal/misc/Signal
instanceKlass java/lang/Terminator$1
instanceKlass jdk/internal/misc/Signal$Handler
instanceKlass java/lang/Terminator
instanceKlass java/nio/ByteOrder
instanceKlass java/nio/Buffer$2
instanceKlass jdk/internal/access/JavaNioAccess
instanceKlass java/nio/Buffer$1
instanceKlass jdk/internal/misc/ScopedMemoryAccess
instanceKlass java/nio/charset/CodingErrorAction
instanceKlass sun/nio/cs/SingleByte
instanceKlass java/lang/StringUTF16
instanceKlass sun/nio/cs/MS1252$Holder
instanceKlass sun/nio/cs/ArrayEncoder
instanceKlass java/nio/charset/CharsetEncoder
instanceKlass java/io/Writer
instanceKlass java/io/PrintStream$1
instanceKlass jdk/internal/access/JavaIOPrintStreamAccess
instanceKlass jdk/internal/misc/InternalLock
instanceKlass java/io/OutputStream
instanceKlass java/io/Flushable
instanceKlass java/io/FileDescriptor$1
instanceKlass jdk/internal/access/JavaIOFileDescriptorAccess
instanceKlass java/io/FileDescriptor
instanceKlass jdk/internal/util/StaticProperty
instanceKlass jdk/internal/reflect/MethodHandleAccessorFactory
instanceKlass java/lang/reflect/Modifier
instanceKlass java/lang/Class$1
instanceKlass java/lang/Class$Atomic
instanceKlass java/lang/Class$ReflectionData
instanceKlass java/nio/charset/StandardCharsets
instanceKlass sun/nio/cs/HistoricallyNamedCharset
instanceKlass java/nio/charset/spi/CharsetProvider
instanceKlass java/nio/charset/Charset
instanceKlass java/util/HashMap$HashIterator
instanceKlass java/util/concurrent/locks/LockSupport
instanceKlass java/util/concurrent/ConcurrentHashMap$Node
instanceKlass java/util/concurrent/ConcurrentHashMap$CounterCell
instanceKlass java/util/concurrent/locks/ReentrantLock
instanceKlass java/util/concurrent/locks/Lock
instanceKlass java/lang/CharacterData
instanceKlass java/util/Arrays
instanceKlass jdk/internal/util/Preconditions$3
instanceKlass jdk/internal/util/Preconditions$2
instanceKlass jdk/internal/util/Preconditions$4
instanceKlass java/util/function/BiFunction
instanceKlass jdk/internal/util/Preconditions$1
instanceKlass java/util/function/Function
instanceKlass jdk/internal/util/Preconditions
instanceKlass java/lang/Runtime
instanceKlass java/lang/VersionProps
instanceKlass java/lang/StringConcatHelper
instanceKlass java/util/HashMap$Node
instanceKlass java/util/Map$Entry
instanceKlass jdk/internal/util/ArraysSupport
instanceKlass jdk/internal/util/SystemProps$Raw
instanceKlass jdk/internal/util/SystemProps
instanceKlass java/lang/System$2
instanceKlass jdk/internal/access/JavaLangAccess
instanceKlass java/lang/ref/NativeReferenceQueue$Lock
instanceKlass java/lang/ref/ReferenceQueue
instanceKlass java/lang/ref/Reference$1
instanceKlass jdk/internal/access/JavaLangRefAccess
instanceKlass jdk/internal/reflect/ReflectionFactory
instanceKlass java/lang/Math
instanceKlass java/lang/StringLatin1
instanceKlass jdk/internal/reflect/Reflection
instanceKlass jdk/internal/reflect/ReflectionFactory$GetReflectionFactoryAction
instanceKlass java/security/PrivilegedAction
instanceKlass jdk/internal/access/SharedSecrets
instanceKlass java/lang/reflect/ReflectAccess
instanceKlass jdk/internal/access/JavaLangReflectAccess
instanceKlass java/util/ImmutableCollections
instanceKlass java/util/Objects
instanceKlass java/util/Set
instanceKlass jdk/internal/misc/CDS
instanceKlass java/lang/Module$ArchivedData
instanceKlass jdk/internal/misc/VM
instanceKlass java/lang/String$CaseInsensitiveComparator
instanceKlass java/util/Comparator
instanceKlass java/io/ObjectStreamField
instanceKlass jdk/internal/vm/FillerObject
instanceKlass jdk/internal/vm/vector/VectorSupport$VectorPayload
instanceKlass jdk/internal/vm/vector/VectorSupport
instanceKlass java/lang/reflect/RecordComponent
instanceKlass java/util/Iterator
instanceKlass java/lang/Number
instanceKlass java/lang/Character
instanceKlass java/lang/Boolean
instanceKlass java/util/concurrent/locks/AbstractOwnableSynchronizer
instanceKlass java/lang/LiveStackFrame
instanceKlass java/lang/StackFrameInfo
instanceKlass java/lang/StackWalker$StackFrame
instanceKlass java/lang/StackStreamFactory$AbstractStackWalker
instanceKlass java/lang/StackWalker
instanceKlass java/nio/Buffer
instanceKlass java/lang/StackTraceElement
instanceKlass java/util/RandomAccess
instanceKlass java/util/List
instanceKlass java/util/SequencedCollection
instanceKlass java/util/AbstractCollection
instanceKlass java/util/Collection
instanceKlass java/lang/Iterable
instanceKlass java/util/concurrent/ConcurrentMap
instanceKlass java/util/AbstractMap
instanceKlass java/security/CodeSource
instanceKlass jdk/internal/loader/ClassLoaders
instanceKlass java/util/jar/Manifest
instanceKlass java/lang/Enum
instanceKlass java/net/URL
instanceKlass java/io/InputStream
instanceKlass java/io/Closeable
instanceKlass java/lang/AutoCloseable
instanceKlass jdk/internal/module/Modules
instanceKlass jdk/internal/misc/Unsafe
instanceKlass jdk/internal/misc/UnsafeConstants
instanceKlass java/lang/AbstractStringBuilder
instanceKlass java/lang/Appendable
instanceKlass java/lang/AssertionStatusDirectives
instanceKlass jdk/internal/foreign/abi/ABIDescriptor
instanceKlass jdk/internal/foreign/abi/NativeEntryPoint
instanceKlass java/lang/invoke/CallSite
instanceKlass java/lang/invoke/MethodType
instanceKlass java/lang/invoke/TypeDescriptor$OfMethod
instanceKlass java/lang/invoke/LambdaForm
instanceKlass java/lang/invoke/MethodHandleNatives
instanceKlass java/lang/invoke/ResolvedMethodName
instanceKlass java/lang/invoke/MemberName
instanceKlass java/lang/invoke/VarHandle
instanceKlass java/lang/invoke/MethodHandle
instanceKlass jdk/internal/reflect/CallerSensitive
instanceKlass java/lang/annotation/Annotation
instanceKlass jdk/internal/reflect/FieldAccessor
instanceKlass jdk/internal/reflect/ConstantPool
instanceKlass jdk/internal/reflect/ConstructorAccessor
instanceKlass jdk/internal/reflect/MethodAccessor
instanceKlass jdk/internal/reflect/MagicAccessorImpl
instanceKlass jdk/internal/vm/StackChunk
instanceKlass jdk/internal/vm/Continuation
instanceKlass jdk/internal/vm/ContinuationScope
instanceKlass java/lang/reflect/Parameter
instanceKlass java/lang/reflect/Member
instanceKlass java/lang/reflect/AccessibleObject
instanceKlass java/lang/Module
instanceKlass java/util/Map
instanceKlass java/util/Dictionary
instanceKlass java/lang/ThreadGroup
instanceKlass java/lang/Thread$UncaughtExceptionHandler
instanceKlass java/lang/Thread$Constants
instanceKlass java/lang/Thread$FieldHolder
instanceKlass java/lang/Thread
instanceKlass java/lang/Runnable
instanceKlass java/lang/ref/Reference
instanceKlass java/lang/Record
instanceKlass java/security/AccessController
instanceKlass java/security/AccessControlContext
instanceKlass java/security/ProtectionDomain
instanceKlass java/lang/SecurityManager
instanceKlass java/lang/Throwable
instanceKlass java/lang/System
instanceKlass java/lang/ClassLoader
instanceKlass java/lang/Cloneable
instanceKlass java/lang/Class
instanceKlass java/lang/invoke/TypeDescriptor$OfField
instanceKlass java/lang/invoke/TypeDescriptor
instanceKlass java/lang/reflect/Type
instanceKlass java/lang/reflect/GenericDeclaration
instanceKlass java/lang/reflect/AnnotatedElement
instanceKlass java/lang/String
instanceKlass java/lang/constant/ConstantDesc
instanceKlass java/lang/constant/Constable
instanceKlass java/lang/CharSequence
instanceKlass java/lang/Comparable
instanceKlass java/io/Serializable
ciInstanceKlass java/lang/Object 1 1 124 7 1 10 12 1 1 10 7 12 1 1 1 10 7 12 1 1 1 10 12 1 1 8 1 10 12 1 1 10 7 12 1 1 1 10 12 1 10 12 1 1 10 7 12 1 1 1 10 12 1 10 12 1 100 1 10 7 12 1 1 1 10 12 1 1 10 12 1 100 1 8 1 10 12 1 3 8 1 7 1 5 0 1 1 1 1 1 1 1 1 1 1 1 1 1 1 1 1 100 1 1 1 1 1 1 1 1 1 1 7 1 1 1 1 1 1 1 1 1 1 3 1 1
ciMethod java/lang/Object equals (Ljava/lang/Object;)Z 538 0 918247 0 88
ciMethod java/lang/Object hashCode ()I 256 0 128 0 -1
ciInstanceKlass java/io/Serializable 1 0 7 100 1 100 1 1 1
ciInstanceKlass java/lang/System 1 1 834 10 7 12 1 1 1 9 7 12 1 1 1 10 12 1 10 12 1 1 10 12 1 1 10 12 1 9 12 1 1 10 7 12 1 1 1 11 100 12 1 1 1 10 100 12 1 1 1 10 12 1 1 10 12 1 1 100 1 8 1 10 12 1 10 7 12 1 1 1 10 7 12 1 1 1 18 12 1 1 10 7 12 1 1 1 7 1 10 12 1 1 10 7 12 1 1 1 10 12 1 10 7 12 1 1 1 9 100 12 1 1 1 10 7 12 1 1 1 11 7 12 1 1 1 10 12 1 1 10 7 12 1 1 1 7 1 10 10 12 1 1 8 1 10 12 1 8 1 10 12 1 9 12 1 1 8 1 10 7 12 1 1 1 10 12 1 1 100 1 8 1 10 9 12 1 1 8 1 10 12 1 1 10 100 12 1 1 1 8 1 10 12 1 7 1 10 12 1 8 1 10 12 1 10 12 1 1 100 1 10 12 10 12 1 9 12 1 1 9 12 1 1 10 7 12 1 1 1 10 7 12 1 1 1 10 12 1 1 10 12 1 10 12 1 10 7 12 1 1 1 10 12 1 100 1 100 1 8 1 10 12 1 10 12 1 1 7 1 10 12 1 100 1 8 1 10 10 12 1 100 1 8 1 10 8 1 10 7 12 1 1 8 1 10 12 100 1 8 1 10 10 12 1 1 10 7 12 1 1 1 100 1 18 12 1 100 1 9 100 12 1 1 1 10 12 1 100 1 10 12 1 1 10 12 1 1 10 7 12 1 1 1 10 12 1 1 10 12 1 10 12 1 10 12 1 1 10 12 1 7 1 10 12 1 9 7 12 1 1 1 10 7 12 1 1 1 10 12 1 10 12 1 10 7 12 1 1 1 7 1 8 1 10 9 12 1 9 12 1 10 12 1 10 7 12 1 1 10 12 1 10 12 1 1 8 1 10 12 1 1 8 1 11 12 1 10 12 11 12 1 1 11 7 12 1 1 1 11 7 12 1 1 11 12 1 1 7 1 11 12 1 10 12 1 8 1 10 12 1 1 8 1 8 1 8 1 8 1 11 12 1 10 12 1 10 12 1 10 12 1 8 1 10 12 1 1 8 1 9 12 1 8 1 10 7 12 1 1 8 1 7 1 9 7 12 1 1 1 10 12 1 7 1 9 12 10 9 12 7 1 10 12 9 12 1 1 8 1 10 12 1 1 8 1 10 7 12 1 1 10 12 1 10 12 1 1 11 7 12 1 1 10 12 10 7 12 1 1 1 9 12 1 1 7 1 8 1 10 12 1 1 10 7 12 1 1 1 7 1 10 12 1 1 10 12 1 8 1 8 1 10 8 1 8 1 8 1 8 1 10 10 7 12 1 1 10 12 1 10 12 1 1 10 12 1 1 10 12 1 10 100 12 1 1 1 10 7 1 8 1 10 10 10 12 1 1 10 12 1 1 8 1 10 12 1 8 1 8 1 10 12 1 10 7 12 1 1 1 10 12 1 1 7 1 10 10 12 1 10 12 1 9 12 1 1 3 1 3 1 1 1 1 1 1 1 1 1 1 1 1 100 1 1 100 1 1 1 1 1 1 1 1 1 1 1 100 1 7 1 1 1 1 1 1 1 1 1 1 1 1 1 1 1 1 1 1 1 1 1 1 1 1 1 1 1 1 1 1 1 1 1 1 1 1 1 1 1 1 1 1 1 1 1 1 1 1 1 1 1 1 1 1 1 1 1 1 100 1 1 1 1 1 1 1 1 1 1 1 1 1 1 1 1 1 1 1 1 1 1 1 1 1 1 1 1 1 1 1 1 1 100 1 1 16 15 10 12 1 1 16 15 10 12 16 1 15 10 100 12 1 1 1 1 1 1 1 1 1 100 1 100 1 1
staticfield java/lang/System in Ljava/io/InputStream; java/io/BufferedInputStream
staticfield java/lang/System out Ljava/io/PrintStream; java/io/PrintStream
staticfield java/lang/System err Ljava/io/PrintStream; java/io/PrintStream
ciInstanceKlass java/lang/SecurityManager 0 0 576 10 7 12 1 1 1 9 7 12 1 1 1 10 7 12 1 1 1 100 1 8 1 10 12 1 10 12 1 1 10 7 12 1 1 1 10 7 1 10 100 1 10 9 100 12 1 1 1 10 7 12 1 1 1 10 12 1 1 10 7 12 1 1 100 1 8 1 10 9 12 1 1 9 12 1 8 1 9 12 1 7 1 10 8 1 10 12 1 1 10 12 1 10 12 1 1 100 1 10 10 12 1 1 100 1 8 1 10 12 1 8 1 8 1 8 1 8 1 8 1 8 1 10 12 1 8 1 8 1 8 1 8 1 8 1 10 7 12 1 1 1 10 12 1 1 8 1 100 1 8 1 10 8 1 8 1 8 1 8 1 8 1 10 100 12 1 1 8 1 100 1 8 1 8 1 10 8 1 10 12 1 100 1 8 1 10 10 12 1 1 10 12 1 10 12 1 10 12 1 10 100 12 1 1 1 10 12 1 10 100 12 1 1 11 100 12 1 1 1 18 12 1 1 11 100 12 1 1 1 18 12 1 1 11 12 1 1 18 18 11 12 1 18 12 1 11 12 1 1 9 12 1 1 9 12 1 9 12 1 9 12 1 100 1 10 100 12 1 1 10 12 1 10 12 1 18 12 1 18 10 100 12 1 1 1 18 12 1 10 12 1 18 18 8 1 10 12 1 9 12 1 1 11 7 12 1 1 1 8 1 100 1 10 12 1 10 12 1 1 10 12 1 1 9 12 1 1 10 12 1 10 12 1 1 8 1 100 1 10 9 12 1 8 1 10 12 1 8 1 100 1 10 10 100 12 1 1 10 100 1 9 7 12 1 1 1 11 12 1 1 10 12 1 11 12 1 10 12 1 7 1 10 10 12 1 1 10 12 1 1 1 1 1 1 1 1 1 1 1 7 1 1 1 1 1 1 1 1 1 1 1 1 1 1 1 1 1 1 1 1 1 1 1 1 1 1 1 1 1 1 1 1 1 1 1 1 1 1 1 1 1 1 1 1 1 1 1 1 1 1 1 1 1 1 1 1 3 1 1 1 1 1 1 1 1 1 1 100 1 1 1 1 1 1 1 1 1 1 1 1 1 1 1 1 1 1 1 1 1 1 1 1 1 1 1 1 1 1 1 1 1 1 1 1 1 1 16 15 10 7 12 1 1 1 16 1 16 15 10 12 16 1 15 10 12 16 15 11 7 1 16 1 16 1 15 10 12 16 15 10 12 16 15 10 12 1 16 1 15 11 12 1 15 10 12 16 15 10 16 1 15 10 100 12 1 1 1 1 1 1 100 1 100 1 1
ciInstanceKlass java/security/AccessController 1 1 295 10 7 12 1 1 1 10 7 12 1 1 1 10 7 12 1 1 1 10 12 1 1 10 12 1 1 10 7 12 1 1 1 10 12 1 1 10 12 1 10 12 1 1 10 12 1 100 1 8 1 10 12 1 10 12 1 10 12 1 1 10 12 1 7 1 7 1 10 12 1 1 10 12 1 10 12 1 10 12 1 1 10 7 12 1 1 1 10 12 1 1 9 100 12 1 1 1 10 7 12 1 1 1 10 12 1 10 12 1 9 100 12 1 1 1 10 12 1 10 12 1 1 9 12 1 1 10 100 1 10 11 7 12 1 1 1 10 7 12 1 1 11 7 1 100 1 10 12 1 10 12 1 10 12 1 8 1 10 12 1 1 8 1 10 100 12 1 1 1 8 1 7 1 10 10 12 1 1 10 12 1 10 7 12 1 1 1 10 12 1 8 1 10 7 12 1 1 8 1 8 1 10 12 1 8 1 10 12 1 10 12 1 1 10 12 1 1 1 1 1 1 1 1 1 1 1 1 1 1 1 1 1 1 1 1 1 1 1 1 1 1 1 1 100 1 1 1 1 1 1 1 1 1 1 1 1 1 1 1 1 1 1 1 1 1 1 1 1 1 1 1 1 1 1 1 1 1 1 100 1 100 1 1 1 1 1 1 1 1 1 3 1 1 1
staticfield java/security/AccessController $assertionsDisabled Z 1
ciInstanceKlass java/security/ProtectionDomain 1 1 348 10 7 12 1 1 1 9 7 12 1 1 1 7 1 10 9 12 1 1 9 12 1 1 9 12 1 1 10 7 12 1 1 7 1 9 12 1 9 12 1 1 7 1 9 12 1 1 9 12 1 10 100 12 1 1 10 100 12 1 1 1 10 12 1 1 10 12 1 9 12 1 9 100 12 1 1 10 12 1 1 10 100 1 10 12 1 1 8 1 7 1 8 1 10 12 1 10 11 10 7 12 1 1 1 10 12 1 1 8 1 11 8 1 10 12 1 8 1 8 1 10 12 1 1 10 12 1 10 12 1 1 10 12 1 8 1 10 12 1 8 1 8 1 10 7 12 1 1 1 9 100 12 1 1 1 10 12 1 1 9 100 12 1 1 1 10 7 12 1 1 1 100 1 18 12 1 1 10 7 12 1 1 1 10 7 1 10 12 1 10 12 1 1 11 100 12 1 1 11 12 1 100 1 11 7 12 1 1 1 10 12 1 10 11 12 1 1 11 12 1 1 10 12 1 10 7 12 1 1 10 100 12 1 1 11 12 1 10 12 10 12 1 8 1 8 1 10 7 12 1 1 1 7 1 10 10 7 12 1 1 1 1 1 1 1 1 1 1 7 1 1 7 1 1 1 1 1 1 1 1 1 1 1 1 1 1 1 1 1 1 1 1 1 1 1 1 1 1 1 1 1 1 1 1 1 1 1 1 1 1 1 1 1 1 1 1 7 1 1 1 1 1 1 100 1 1 16 15 10 12 16 15 10 100 12 1 1 1 1 1 1 1 100 1 100 1 1
staticfield java/security/ProtectionDomain filePermCompatInPD Z 0
ciInstanceKlass java/security/CodeSource 1 1 398 10 7 12 1 1 1 9 7 12 1 1 1 9 12 1 1 9 12 1 1 9 12 1 1 10 7 12 1 1 1 9 12 1 1 10 7 12 1 1 10 7 10 7 12 1 1 1 10 100 12 1 1 1 10 12 1 1 7 1 10 10 7 12 1 1 1 10 7 12 1 1 1 10 12 1 1 7 1 10 12 1 1 10 12 1 1 10 12 1 1 10 12 1 10 10 10 12 1 1 10 7 12 1 1 1 10 12 1 10 12 1 10 12 1 8 1 10 12 1 10 12 1 10 12 1 1 10 12 1 8 1 10 12 1 1 10 7 1 10 10 12 1 1 8 1 10 12 1 10 12 1 10 12 1 8 1 8 1 9 12 1 1 100 1 8 1 10 12 1 10 12 1 1 8 1 10 12 1 8 1 8 1 8 1 10 100 12 1 1 10 12 1 1 10 12 1 10 12 1 1 10 12 1 1 10 12 1 1 100 1 100 1 10 12 1 10 12 10 12 1 1 10 100 12 1 1 10 12 1 7 1 10 12 10 100 12 1 1 1 10 8 1 10 12 1 10 12 1 10 12 1 1 100 1 10 12 1 1 100 1 7 1 8 1 8 1 10 10 12 1 1 10 100 12 1 1 1 7 1 10 12 10 12 1 1 11 7 12 1 1 10 10 12 1 11 10 12 1 8 1 100 1 10 12 1 10 12 1 1 10 12 1 11 12 1 1 7 1 1 1 1 5 0 1 1 1 1 1 1 1 1 1 1 1 1 1 1 1 1 1 1 1 1 1 1 1 1 1 1 1 1 1 1 1 1 1 1 1 1 1 1 1 1 1 1 1 1 1 1 1 1 1 1 1 1 1 1 1 1 1 1 1 1 1 1 1 1 1 1 100 1 1 1 1 1 1 1
ciInstanceKlass java/lang/Boolean 1 1 152 10 7 12 1 1 1 9 7 12 1 1 1 10 12 1 1 10 12 1 8 1 10 7 12 1 1 9 12 1 1 9 12 1 10 12 1 1 10 12 1 1 10 12 1 1 10 7 12 1 1 1 100 1 100 1 10 12 1 1 9 100 12 1 1 9 12 10 100 12 1 1 1 10 12 1 1 8 1 10 7 12 1 1 1 9 12 1 1 7 1 7 1 7 1 1 1 1 1 1 5 0 1 1 1 1 1 1 1 1 1 1 3 1 1 1 1 1 1 1 1 1 1 1 1 1 1 1 1 1 1 7 1 1 1 1 1 1 1 1 1 1 100 1 1 1 1 1 1 1 1 1
staticfield java/lang/Boolean TRUE Ljava/lang/Boolean; java/lang/Boolean
staticfield java/lang/Boolean FALSE Ljava/lang/Boolean; java/lang/Boolean
staticfield java/lang/Boolean TYPE Ljava/lang/Class; java/lang/Class
ciInstanceKlass java/lang/Comparable 1 0 12 100 1 100 1 1 1 1 1 1 1 1
ciInstanceKlass java/lang/constant/Constable 1 0 11 100 1 100 1 1 1 1 1 1 1
ciInstanceKlass java/util/Map 1 1 263 11 7 12 1 1 1 11 12 1 1 10 7 12 1 1 11 12 1 1 11 7 12 1 1 1 11 7 12 1 1 1 11 12 1 1 7 1 11 12 1 11 12 1 100 1 100 1 10 12 1 1 11 7 12 1 1 1 11 7 12 1 1 1 11 12 1 11 12 1 10 12 1 1 11 12 1 11 7 12 1 9 7 12 1 1 1 100 1 10 12 7 1 7 1 10 12 1 7 1 10 7 1 11 12 1 11 12 1 1 11 12 1 1 7 1 11 12 1 1 1 1 1 1 1 1 1 1 1 1 1 1 1 1 1 1 1 1 1 1 1 1 1 1 1 1 1 1 1 1 1 1 1 1 1 1 1 1 1 1 1 1 1 1 1 1 1 1 1 1 1 1 1 1 1 1 1 1 1 1 1 1 1 1 1 1 1 1 1 1 1 1 1 1 1 1 1 1 1 1 1 1 1 1 1 1 1 1 1 1 1 1 1 1 1 1 1 1 1 1 1 1 1 1 1 1 1 1 1 1 1 1 1 1 1 1 1 1 1 1 1 1 1 1 100 1 1 1 1 1 1 1 1 1 1 1 1 1 1 1 1 1 1
ciInstanceKlass java/lang/Class 1 1 1687 10 7 12 1 1 1 9 7 12 1 1 1 9 12 1 1 10 12 1 1 8 1 10 12 1 8 1 8 1 10 12 1 1 10 7 12 1 1 1 10 12 1 7 1 10 10 12 1 10 12 1 1 10 12 1 1 10 12 1 1 10 100 12 1 1 10 12 1 10 12 1 10 12 1 8 1 10 12 1 8 1 10 12 1 8 1 8 1 10 12 1 1 10 100 12 1 1 1 18 12 1 1 11 100 12 1 1 1 8 1 8 1 8 1 10 100 12 1 1 1 11 12 1 1 8 1 10 12 1 10 11 100 12 1 1 1 11 7 12 1 1 1 11 8 1 18 8 1 10 12 1 10 7 12 1 1 10 12 1 1 10 7 12 1 1 1 10 12 1 1 10 12 1 1 10 7 12 1 1 1 10 12 9 100 12 1 1 1 10 7 12 1 1 1 10 12 1 10 7 12 1 1 1 10 12 1 1 18 12 1 1 10 7 12 1 1 1 10 7 12 1 10 12 1 1 10 7 1 7 1 10 12 1 1 9 12 1 1 100 1 8 1 10 12 1 10 12 1 1 10 12 1 1 10 7 12 1 1 1 7 1 10 12 1 100 1 100 1 10 10 12 1 1 10 12 1 1 100 1 10 7 12 1 1 1 10 12 1 1 10 12 1 1 9 12 1 1 10 12 1 10 12 1 1 9 12 1 1 9 12 1 1 10 12 1 1 10 7 1 10 12 1 10 12 1 10 12 1 1 10 9 12 1 10 12 1 8 1 10 12 1 1 10 12 1 1 10 12 1 10 12 1 1 10 12 1 1 10 12 1 1 9 7 12 1 1 1 10 100 12 1 1 10 12 10 12 1 10 12 1 10 12 1 10 12 1 9 100 12 1 1 1 9 12 1 10 12 1 10 100 12 1 1 1 10 12 1 1 10 100 12 1 1 10 12 1 10 12 1 1 10 100 12 1 1 1 10 12 1 10 12 1 1 10 12 1 10 12 1 10 12 1 1 10 7 1 10 10 10 12 1 1 10 12 1 1 10 12 10 10 12 1 1 7 1 8 1 10 10 12 1 1 10 12 1 100 1 11 12 1 10 100 12 1 1 10 12 1 10 12 1 10 100 12 1 1 10 10 12 1 1 8 1 10 12 1 10 12 1 1 8 1 10 12 1 9 12 1 10 12 1 10 12 1 10 12 1 10 12 7 1 9 12 1 10 12 1 9 12 1 10 12 1 10 12 1 10 12 1 10 10 12 1 10 12 1 10 100 12 1 1 10 12 1 10 12 1 10 12 1 1 10 12 1 10 12 1 10 12 1 100 1 10 12 1 10 12 1 1 10 12 1 1 10 12 1 1 10 12 1 1 10 12 1 1 10 12 1 1 100 1 10 10 12 1 1 10 12 1 1 10 12 1 1 10 10 12 1 10 12 1 1 10 12 1 1 10 12 1 1 10 12 1 1 7 1 10 10 12 11 7 12 1 1 10 12 1 10 12 1 10 7 12 1 1 1 10 12 1 1 10 10 12 1 1 7 1 10 10 12 1 1 10 7 12 1 1 1 100 1 100 1 10 12 1 1 10 12 1 10 10 12 1 1 10 12 1 10 12 1 10 12 1 10 100 12 1 1 1 11 100 12 1 1 10 12 1 10 12 1 9 12 1 10 12 1 1 10 12 1 9 100 12 1 1 1 9 12 1 10 100 12 1 1 1 10 12 1 10 12 1 10 100 12 1 1 1 10 12 1 10 12 10 12 1 1 100 1 10 8 1 10 12 1 11 11 12 1 1 11 7 12 1 1 11 12 1 8 1 10 12 1 10 12 1 1 9 12 1 9 12 1 1 10 7 12 1 1 9 12 1 10 12 1 1 10 10 12 1 10 7 12 1 1 1 10 7 12 1 1 10 7 12 1 1 9 12 1 1 10 12 1 9 12 1 10 12 1 10 12 1 1 9 12 1 1 9 12 1 10 12 1 10 12 1 1 9 12 1 100 1 10 10 12 1 1 7 1 10 12 1 1 100 11 7 1 9 12 1 1 9 12 1 7 1 10 12 1 9 12 1 1 9 12 1 10 12 1 10 12 1 1 9 12 1 100 1 10 10 12 1 1 10 10 12 1 10 12 10 10 12 1 9 12 1 10 12 1 1 10 7 12 1 1 1 10 12 1 1 10 12 1 8 10 100 8 1 18 8 1 8 1 10 12 1 9 12 1 9 12 1 1 10 12 1 7 1 7 1 10 12 1 9 12 1 1 7 1 10 10 12 1 10 7 1 9 12 1 8 1 10 12 1 7 1 10 12 1 10 12 1 1 100 1 7 1 9 12 1 100 1 8 1 10 10 7 12 1 1 1 10 12 11 7 12 1 1 1 10 12 1 10 12 1 1 10 8 1 8 1 10 12 1 1 9 100 12 1 1 11 12 7 1 11 7 12 1 1 9 12 1 10 100 12 1 1 1 10 100 12 1 1 10 12 1 1 9 12 1 9 10 12 1 1 10 12 1 1 10 12 1 1 10 12 1 1 10 12 1 1 11 12 1 100 1 11 12 1 10 100 12 1 1 1 10 12 1 11 12 1 10 100 12 1 1 1 10 12 1 10 100 12 1 1 1 11 12 1 11 12 1 1 10 12 1 10 12 1 1 9 12 1 1 9 100 12 1 1 10 12 1 10 100 12 1 1 1 10 12 1 1 10 12 1 10 12 1 10 12 1 10 7 12 1 1 1 10 12 1 8 1 10 12 1 10 12 1 10 12 1 100 1 10 12 10 100 12 1 1 1 11 100 12 1 1 1 10 12 1 1 10 12 1 18 12 1 1 11 12 1 1 18 11 12 1 18 12 1 11 12 1 10 12 1 1 10 12 1 10 12 1 10 12 1 10 12 1 10 12 10 12 1 8 1 10 12 1 7 1 9 12 1 1 7 1 7 1 7 1 7 1 1 1 3 1 3 1 3 1 1 1 1 1 1 1 5 0 1 1 1 1 1 1 1 1 1 1 1 1 1 1 1 1 1 1 1 1 1 1 1 1 100 1 1 1 1 1 1 1 100 1 1 1 1 1 7 1 1 1 1 1 1 1 1 1 1 1 1 1 1 1 1 1 1 1 1 1 1 1 1 1 1 1 1 1 1 1 1 1 1 1 1 1 1 1 1 1 1 100 1 1 1 1 1 1 1 1 1 1 1 1 1 1 1 1 1 1 1 1 1 1 1 1 1 1 1 1 1 1 1 100 1 1 1 1 1 1 1 1 1 1 1 1 1 1 1 1 1 1 1 1 3 1 1 1 1 1 1 1 1 1 1 1 1 1 1 1 1 1 1 1 1 1 1 1 1 1 1 1 1 1 1 1 1 1 1 1 7 1 7 1 1 1 1 1 1 1 7 1 1 1 1 1 1 1 1 1 1 1 1 1 1 1 1 1 1 1 1 1 1 1 1 1 1 1 1 1 1 1 1 1 1 1 1 1 1 1 1 1 1 1 1 1 1 1 1 1 1 1 1 1 1 1 1 1 1 1 1 1 1 1 1 1 1 1 1 1 1 1 1 1 1 1 1 1 1 1 1 1 1 1 1 1 1 1 1 1 1 1 1 1 1 1 1 1 1 1 1 1 1 1 1 1 1 1 1 1 1 1 1 1 1 1 1 1 1 1 1 1 1 1 1 16 15 10 12 16 15 11 12 16 1 16 15 16 15 10 12 16 16 15 10 12 16 15 16 1 15 10 12 16 15 10 100 12 1 1 1 1 1 1 1 1 1 1 1 1 1 7 1 1 100 1 100 1 1 100 1 100 1 1 100 1 100 1 1
staticfield java/lang/Class EMPTY_CLASS_ARRAY [Ljava/lang/Class; 0 [Ljava/lang/Class;
staticfield java/lang/Class serialPersistentFields [Ljava/io/ObjectStreamField; 0 [Ljava/io/ObjectStreamField;
ciInstanceKlass java/lang/reflect/AnnotatedElement 1 1 164 11 7 12 1 1 1 11 12 1 1 7 1 10 100 12 1 1 1 10 12 1 1 10 12 1 1 10 12 1 10 100 12 1 1 1 11 12 1 1 11 7 12 1 1 10 7 12 1 1 1 10 12 1 10 100 12 1 1 1 18 12 1 1 11 100 12 1 1 18 12 1 18 12 1 1 10 100 12 1 1 1 11 100 12 1 1 1 7 1 10 100 12 1 1 1 1 1 1 1 1 1 1 1 1 1 1 1 1 1 1 1 1 1 1 1 1 1 100 1 1 1 1 1 1 1 1 1 1 1 16 15 16 1 16 1 15 11 12 16 16 1 15 10 100 12 1 1 1 16 1 15 10 100 12 1 1 1 1 100 1 100 1 1
ciInstanceKlass java/lang/invoke/TypeDescriptor 1 0 17 100 1 100 1 1 1 1 1 1 100 1 100 1 1 1 1
ciInstanceKlass java/lang/reflect/GenericDeclaration 1 0 30 7 1 7 1 7 1 1 1 1 1 1 1 1 100 1 8 1 1 12 10 1 1 1 8 1 1 1 8 1
ciInstanceKlass java/lang/reflect/Type 1 1 17 11 100 12 1 1 1 100 1 1 1 1 1 1 1 1 1
ciInstanceKlass java/lang/invoke/TypeDescriptor$OfField 1 0 21 100 1 100 1 100 1 1 1 1 1 1 1 1 1 1 1 1 1 1 1
ciInstanceKlass java/lang/StringBuilder 1 1 422 10 7 12 1 1 1 10 12 1 10 12 1 10 12 1 1 10 7 12 1 1 1 10 7 12 1 1 1 10 12 1 10 12 1 10 12 1 10 12 1 10 12 1 10 12 1 10 12 1 10 12 1 10 12 1 10 12 1 10 12 1 10 12 1 10 12 1 10 12 1 1 10 12 1 10 12 1 1 10 12 1 1 10 12 1 10 12 1 10 12 1 10 12 1 10 12 1 10 12 1 10 12 1 10 12 10 12 1 10 12 1 10 12 1 10 12 1 1 10 12 1 10 12 1 10 12 10 12 1 1 10 12 1 10 12 1 10 12 1 10 100 12 1 1 1 9 12 1 1 10 12 1 10 12 1 1 10 12 1 1 9 12 1 1 10 100 12 1 1 1 10 100 1 10 12 1 1 10 100 12 1 1 10 12 1 10 12 1 1 100 1 100 1 8 1 10 10 12 1 1 10 12 1 10 12 1 10 12 1 1 10 12 1 10 12 1 10 12 1 10 12 1 10 12 1 10 12 10 12 1 10 12 1 10 12 1 10 12 1 10 12 1 10 12 1 10 12 1 10 12 1 10 12 1 1 10 12 1 1 10 12 1 10 12 1 10 12 1 10 12 10 12 10 12 1 10 12 1 10 12 1 10 12 10 12 1 10 12 1 10 12 1 10 12 1 10 12 1 10 12 1 10 12 1 10 12 1 10 12 1 1 10 12 1 10 12 1 1 10 12 1 10 12 1 1 10 12 1 10 12 1 1 10 12 1 10 12 1 10 12 1 10 10 12 1 10 12 1 7 1 7 1 7 1 7 1 1 1 1 5 0 1 1 1 1 1 1 1 1 1 1 1 1 1 1 1 1 1 1 1 1 1 1 1 1 1 1 1 1 1 1 1 1 1 1 1 1 1 1 1 1 1 1 1 1 100 1 1 1 7 1 1 1 1 1 1 1 1 1 1 1
instanceKlass java/lang/StringBuilder
instanceKlass java/lang/StringBuffer
ciInstanceKlass java/lang/AbstractStringBuilder 1 1 609 7 1 10 7 12 1 1 1 9 7 12 1 1 1 9 12 1 9 12 1 1 9 12 1 1 10 100 12 1 1 1 10 12 1 1 7 1 3 3 10 12 1 10 12 1 1 11 7 1 100 1 7 1 10 8 1 10 12 1 10 12 1 10 12 1 1 10 12 1 10 12 1 9 12 1 10 12 1 9 12 1 1 10 12 1 1 10 7 12 1 1 1 10 10 12 1 10 12 1 10 12 1 1 10 12 1 1 10 7 12 1 1 1 10 7 12 1 1 1 7 1 8 1 10 10 12 1 1 100 1 10 12 10 12 1 1 10 10 7 12 1 1 1 10 12 1 1 10 12 1 1 10 12 1 1 10 12 1 1 10 10 7 12 1 1 1 10 12 1 100 1 10 10 7 12 1 1 1 9 12 1 1 9 12 1 10 12 1 1 10 10 12 1 1 10 12 10 12 1 10 12 1 1 10 12 1 1 10 12 1 1 10 12 1 10 12 1 1 10 12 1 1 10 12 1 10 12 1 1 8 1 10 12 1 1 10 12 1 10 12 1 10 12 1 10 12 1 10 12 1 10 12 1 10 7 12 1 1 10 12 1 10 12 1 10 100 12 1 1 1 100 1 100 1 10 12 1 10 100 12 1 1 10 12 1 10 12 1 1 10 12 1 10 12 1 1 10 12 1 10 12 1 1 10 12 1 1 10 10 7 12 1 1 1 10 12 1 10 12 1 10 12 1 1 10 12 1 10 12 1 10 12 1 10 12 1 10 12 1 10 12 1 10 12 1 10 12 1 1 10 12 1 10 12 1 10 12 10 12 1 1 18 12 1 1 100 1 10 100 12 1 1 1 18 10 12 1 1 10 12 1 1 10 12 1 10 12 1 1 11 12 1 1 10 12 1 10 12 10 10 10 12 1 10 5 0 10 10 12 1 1 100 1 8 1 10 10 12 1 1 10 100 12 1 1 1 10 12 1 10 12 1 1 100 1 10 12 100 1 10 100 1 10 7 1 1 1 1 1 1 1 1 1 1 1 100 1 1 1 1 1 1 1 1 1 1 1 1 1 1 1 1 1 1 1 1 1 1 1 1 1 1 1 1 1 1 1 1 1 1 1 1 1 1 1 1 1 1 1 1 1 1 1 1 1 1 1 1 1 1 1 1 1 1 1 1 1 1 1 1 1 1 1 1 1 1 1 1 1 1 1 1 1 1 1 1 1 1 1 1 1 1 1 1 1 1 1 1 1 1 1 1 1 1 1 100 1 1 1 1 1 1 1 1 1 1 1 1 1 1 1 1 1 100 1 1 1 1 1 1 7 1 1 16 1 15 10 12 16 15 10 12 15 10 100 12 1 1 1 1 1 1 1 100 1 100 1 1
staticfield java/lang/AbstractStringBuilder EMPTYVALUE [B 0
ciInstanceKlass java/lang/Appendable 1 0 14 100 1 100 1 1 1 1 100 1 1 1 1 1
ciInstanceKlass java/lang/CharSequence 1 1 131 11 7 12 1 1 1 18 12 1 1 100 1 10 100 12 1 1 1 18 10 100 12 1 1 1 11 12 1 1 11 7 1 11 12 1 1 10 100 12 1 1 1 11 12 1 1 100 1 10 12 1 1 10 100 12 1 1 1 100 1 10 10 12 1 1 7 1 1 1 1 1 1 1 1 1 1 1 1 1 1 1 1 1 1 1 1 1 1 1 1 1 1 1 1 1 1 1 1 1 16 1 15 11 12 16 15 11 12 15 10 100 12 1 1 1 1 1 100 1 100 1 1 100 1 1 100 1 100 1 1
ciInstanceKlass java/lang/AutoCloseable 1 0 12 100 1 100 1 1 1 1 100 1 1 1
ciInstanceKlass java/io/Closeable 1 0 14 100 1 100 1 100 1 1 1 1 100 1 1 1
instanceKlass java/net/URISyntaxException
instanceKlass com/android/tools/r8/kotlin/V
instanceKlass java/security/GeneralSecurityException
instanceKlass java/lang/InterruptedException
instanceKlass com/android/tools/r8/shaking/g4
instanceKlass java/lang/CloneNotSupportedException
instanceKlass com/android/tools/r8/internal/Sf0
instanceKlass sun/nio/fs/WindowsException
instanceKlass com/android/tools/r8/ResourceException
instanceKlass com/android/tools/r8/CompilationFailedException
instanceKlass java/util/concurrent/ExecutionException
instanceKlass java/io/IOException
instanceKlass java/lang/ReflectiveOperationException
instanceKlass java/lang/RuntimeException
ciInstanceKlass java/lang/Exception 1 1 40 10 7 12 1 1 1 10 12 1 10 12 1 10 12 1 10 12 1 100 1 1 1 1 5 0 1 1 1 1 1 1 1 1 1 1 1 1 1 1
instanceKlass java/lang/Exception
instanceKlass java/lang/Error
ciInstanceKlass java/lang/Throwable 1 1 404 10 7 12 1 1 1 9 7 12 1 1 1 9 12 1 1 9 12 1 9 12 1 1 9 12 1 10 12 1 1 9 12 1 1 10 12 1 1 10 12 1 100 1 7 1 10 8 1 10 12 1 1 8 1 10 100 12 1 1 10 10 12 1 100 1 8 1 10 10 12 1 1 10 7 12 1 1 10 12 1 8 1 9 7 12 1 1 1 10 12 1 1 100 1 10 12 10 12 1 10 100 12 1 1 1 100 1 10 12 10 12 1 10 12 1 100 1 10 10 7 12 1 1 1 11 100 12 1 1 1 10 12 1 1 10 12 1 1 8 1 10 12 1 10 12 1 1 8 1 8 1 10 12 1 1 10 12 1 8 1 8 1 9 12 1 1 10 12 1 1 100 1 10 11 12 1 8 1 8 1 10 7 12 1 1 8 1 10 12 1 8 1 100 1 10 12 1 9 12 1 1 10 12 1 10 100 12 1 9 12 1 1 10 12 1 1 100 1 8 1 10 12 1 10 100 12 1 1 10 12 1 1 7 1 10 100 12 1 1 1 10 12 1 11 7 12 1 1 1 11 7 12 1 1 11 12 1 8 1 10 12 1 1 8 1 10 10 9 100 12 1 1 1 8 1 10 12 1 1 11 10 100 1 8 1 10 11 12 1 1 8 1 9 12 1 10 100 12 1 1 11 9 12 1 1 11 12 1 1 100 10 12 1 10 12 1 1 7 1 1 1 1 5 0 1 1 1 1 1 1 1 1 1 1 1 1 1 7 1 1 1 1 1 1 1 1 1 1 1 1 1 1 1 1 1 1 1 1 1 1 1 1 1 1 1 1 1 1 1 1 1 1 1 1 1 1 1 1 1 1 1 1 100 1 7 1 1 1 1 1 1 1 1 1 1 1 1 1 1 1 1 1 1
staticfield java/lang/Throwable UNASSIGNED_STACK [Ljava/lang/StackTraceElement; 0 [Ljava/lang/StackTraceElement;
staticfield java/lang/Throwable SUPPRESSED_SENTINEL Ljava/util/List; java/util/Collections$EmptyList
staticfield java/lang/Throwable EMPTY_THROWABLE_ARRAY [Ljava/lang/Throwable; 0 [Ljava/lang/Throwable;
staticfield java/lang/Throwable $assertionsDisabled Z 1
instanceKlass java/security/Provider
ciInstanceKlass java/util/Properties 1 1 690 10 7 12 1 1 1 100 1 10 7 12 1 1 7 1 10 12 1 9 12 1 1 9 12 1 1 9 12 1 1 10 7 12 1 1 1 10 12 1 1 8 1 10 7 12 1 1 1 7 1 10 12 1 10 12 1 1 8 1 10 12 1 7 1 10 12 10 12 1 1 9 12 1 1 10 12 1 1 7 1 10 12 1 10 12 1 10 12 1 1 100 1 8 1 10 12 1 10 12 1 10 12 1 1 10 12 1 7 1 3 10 10 100 12 1 1 1 10 12 1 10 12 1 1 8 1 10 12 1 10 12 1 1 8 1 10 100 12 1 1 10 12 1 1 10 12 1 10 12 1 1 100 1 10 12 1 10 12 1 1 100 1 9 100 12 1 1 1 10 12 1 10 12 1 1 10 12 1 1 10 12 1 1 100 1 9 12 1 1 7 1 7 1 10 12 1 7 1 11 7 12 1 1 1 11 12 1 1 11 7 12 1 1 1 11 7 12 1 1 1 11 12 1 1 11 12 1 11 12 1 10 12 1 1 8 1 10 12 1 10 100 12 1 1 10 12 1 100 1 10 10 12 1 10 12 1 100 1 10 10 12 1 1 10 7 12 1 1 9 100 12 1 1 10 12 1 1 10 100 12 1 1 1 100 1 100 1 100 1 10 8 1 8 1 10 12 1 10 12 1 10 12 1 1 10 10 12 1 1 10 12 1 1 7 1 10 10 12 1 11 7 12 1 1 10 7 12 1 1 1 8 1 10 100 12 1 1 11 11 7 1 8 1 10 100 1 11 10 12 1 10 10 12 1 10 12 1 1 10 12 1 1 10 12 1 1 10 12 1 10 12 1 10 10 12 1 10 12 1 10 12 1 10 10 12 1 1 10 12 1 1 10 10 12 1 10 12 1 10 12 1 10 12 1 10 12 1 1 10 12 1 1 10 12 1 10 12 1 10 12 1 1 10 12 10 12 1 1 10 12 1 1 10 12 1 10 12 1 1 10 12 1 1 10 12 10 11 12 1 4 11 10 12 1 1 10 100 12 1 1 11 12 1 10 12 1 1 10 100 12 1 1 10 12 1 100 1 8 1 10 12 1 10 10 100 12 1 1 1 100 1 6 0 10 12 1 1 11 100 12 1 1 1 10 12 1 10 12 1 1 1 1 1 5 0 1 1 1 1 1 1 1 1 1 1 1 1 1 1 1 1 1 1 1 1 1 1 1 1 1 1 1 1 1 1 1 1 1 1 1 1 1 1 1 100 1 1 1 1 1 1 1 1 1 1 1 1 1 1 1 1 1 1 1 1 100 1 1 1 1 1 1 1 1 1 1 1 1 7 1 7 1 1 1 1 1 100 1 1 1 1 1 1 1 1 1 1 1 1 1 1 1 1 1 1 1 1 1 1 1 1 1 1 1 1 1 1 1 1 1 1 1 1 1 1 1 1 1 1 1 1 1 1 1 1 1 1 1 1 1 1 1 1 1 1 1 1 1 1 1 1 1 1 1 1 1 1 1 1 1 1 1 1 1 7 1 1 1 1 1 1 1 1 1 1 1 100 1 1
staticfield java/util/Properties UNSAFE Ljdk/internal/misc/Unsafe; jdk/internal/misc/Unsafe
instanceKlass java/util/Hashtable
ciInstanceKlass java/util/Dictionary 1 1 36 10 7 12 1 1 1 100 1 1 1 1 1 1 1 1 1 1 1 1 1 1 1 1 1 1 1 1 1 1 1 1 1 1 1 1
instanceKlass java/util/Properties
ciInstanceKlass java/util/Hashtable 1 1 516 7 1 10 7 12 1 1 1 9 7 12 1 1 1 100 1 7 1 10 8 1 10 12 1 1 10 12 1 10 12 1 1 10 12 1 10 7 12 1 1 1 8 1 10 12 1 9 12 1 1 7 1 9 12 1 1 4 10 7 12 1 1 1 9 12 1 4 10 12 1 11 7 12 1 1 1 10 12 1 1 10 12 1 1 9 12 1 10 12 1 1 100 1 10 9 12 1 1 10 7 12 1 1 1 9 12 1 1 10 12 1 10 12 1 3 9 12 1 9 12 1 3 10 12 1 10 12 1 10 12 1 1 11 12 1 1 11 100 12 1 1 1 11 7 12 1 1 1 11 12 1 100 1 11 12 1 11 12 1 10 12 1 1 10 12 1 1 10 12 1 9 12 1 1 9 12 9 12 1 1 10 100 1 7 1 10 12 1 10 8 1 10 10 12 1 8 1 10 8 1 10 100 12 1 1 1 7 1 10 12 1 10 12 1 100 1 10 12 1 10 12 1 1 100 1 10 100 1 10 10 12 1 1 11 12 1 1 11 12 1 7 1 10 10 10 100 12 1 1 11 100 12 1 1 1 100 1 10 11 100 12 1 1 11 100 12 1 10 12 1 10 12 1 1 10 100 12 1 1 10 12 1 1 10 12 1 1 10 12 1 1 10 100 12 1 1 1 8 10 100 12 1 1 100 1 8 1 10 4 4 10 12 1 1 10 12 1 8 1 4 10 12 10 100 12 1 1 1 100 1 11 100 12 1 1 1 10 100 12 1 1 1 10 12 1 10 12 1 1 10 7 1 7 1 1 1 1 1 1 5 0 1 1 1 1 1 3 1 3 1 3 1 1 1 1 1 1 1 1 1 1 1 1 1 1 1 1 1 1 1 1 1 1 1 1 1 100 1 1 1 1 1 1 1 1 1 1 1 1 1 1 1 1 1 1 1 1 1 1 1 1 1 1 1 1 1 7 1 1 1 1 1 1 1 1 1 1 1 1 1 1 7 1 1 1 1 1 1 1 1 1 1 1 1 1 1 1 1 1 1 1 1 1 1 1 1 1 1 1 1 1 1 1 1 1 1 1 1 1 1 1 1 1 1 1 1 100 1 1 1 7 1 1 1 1 1 7 1 1 1 1 1 1 1 1 1 1 1 1 1 1 1 1 1 1
ciInstanceKlass java/lang/String 1 1 1451 10 7 12 1 1 1 8 1 9 7 12 1 1 1 9 12 1 1 9 12 1 1 9 12 1 1 10 12 1 10 12 1 1 10 12 1 1 9 12 1 10 7 12 1 1 1 10 12 1 1 10 12 1 10 7 12 1 1 1 10 12 1 1 10 12 1 1 10 12 1 10 12 1 1 10 12 1 10 7 12 1 1 1 7 1 9 7 12 1 1 1 10 7 12 1 1 1 10 12 1 1 10 12 1 1 10 7 12 1 1 1 10 12 1 1 9 7 12 1 1 10 12 9 7 12 1 1 10 12 1 1 3 10 12 1 1 7 1 11 12 1 1 11 12 1 11 12 1 1 10 100 12 1 1 1 10 12 1 1 9 100 12 1 1 1 10 12 1 1 10 12 1 11 12 1 1 10 12 1 10 12 10 12 1 1 10 7 12 1 1 1 10 7 12 1 1 1 10 12 1 1 100 1 7 1 10 12 1 10 12 1 10 12 1 1 10 12 1 1 100 1 10 12 1 1 100 1 10 12 1 1 10 12 1 1 10 12 1 10 10 12 1 100 1 100 1 100 1 10 12 1 10 12 1 1 10 12 1 1 10 12 1 10 12 1 1 10 12 1 1 10 100 12 1 1 100 1 11 10 7 12 1 1 11 12 1 11 12 1 10 12 1 1 10 12 1 10 12 10 12 1 1 10 10 100 12 1 1 1 10 100 12 1 1 10 12 1 1 10 100 12 1 1 10 12 1 10 12 1 1 10 12 1 1 10 12 1 10 12 1 10 12 1 1 100 1 10 12 1 1 10 12 10 12 1 10 12 1 1 10 12 1 1 10 7 12 1 1 1 10 12 1 10 12 1 1 10 12 1 10 12 1 3 3 10 12 1 1 10 12 1 10 12 1 1 10 12 1 1 10 12 1 1 10 12 1 10 12 1 1 10 12 1 1 10 12 1 10 12 1 10 12 1 10 12 1 1 10 12 1 10 12 1 10 12 1 10 12 1 10 12 1 10 12 1 10 7 1 10 8 1 10 12 1 1 10 12 1 8 1 10 12 1 1 10 12 10 12 1 8 1 10 10 12 1 1 10 12 1 1 10 12 1 1 10 7 1 10 10 12 1 10 12 1 10 12 1 10 10 12 1 10 12 1 10 12 1 10 12 1 10 12 1 10 12 1 10 12 1 1 10 12 1 1 10 12 1 1 10 10 12 1 1 10 10 12 1 100 1 10 10 12 1 1 10 12 1 1 10 7 1 10 12 1 10 12 1 10 7 12 1 1 1 10 12 1 10 12 1 1 10 12 1 11 7 1 11 12 10 12 1 10 12 1 1 10 12 1 1 10 10 12 1 10 12 1 9 12 1 1 11 7 12 1 1 1 10 12 10 10 12 1 10 12 1 1 10 10 12 1 10 12 1 10 12 1 1 10 12 1 1 10 10 12 1 1 10 12 1 10 10 12 1 10 12 10 10 12 10 10 12 1 10 12 1 10 10 12 10 7 12 1 1 1 10 12 10 10 12 10 12 1 10 12 10 12 10 10 12 1 10 12 1 1 10 12 1 1 10 10 12 1 10 7 12 1 1 1 10 12 1 1 10 10 100 12 1 1 1 11 10 12 1 10 12 1 1 10 12 1 1 10 100 12 1 1 1 10 12 1 10 12 1 10 12 1 10 12 1 10 12 1 10 12 1 100 1 7 1 8 1 10 10 10 12 1 10 12 1 1 8 1 10 12 1 3 3 10 12 1 10 12 1 1 10 12 7 1 10 10 12 1 1 10 12 1 10 12 1 10 12 1 1 10 12 1 1 11 7 12 1 1 1 7 1 10 12 1 10 12 1 1 8 1 10 12 1 1 10 12 1 11 7 12 1 1 1 11 7 12 1 1 11 12 1 10 12 1 10 12 1 1 10 10 100 12 1 1 1 10 12 1 10 12 1 10 10 12 10 12 1 1 10 10 12 1 10 10 12 1 10 10 12 1 10 10 12 1 10 12 1 1 10 10 12 1 8 1 10 12 1 1 18 12 1 1 11 100 12 1 1 1 7 1 3 18 12 1 18 12 1 8 1 10 100 12 1 1 1 11 12 1 1 10 12 10 10 12 1 10 11 12 1 1 10 12 1 1 11 12 1 18 3 11 10 12 1 11 11 10 12 1 10 12 1 1 8 1 10 12 1 10 12 1 10 12 1 1 10 10 12 1 11 100 12 1 100 1 100 1 10 12 100 1 10 10 100 12 1 1 1 100 1 10 7 1 10 10 12 1 10 10 12 1 8 1 10 10 12 1 8 1 8 1 10 12 1 10 12 1 10 10 12 10 7 12 1 1 10 7 12 1 1 10 7 12 1 1 8 1 10 12 1 10 12 1 10 9 12 1 10 12 9 7 12 1 1 1 10 12 1 10 12 1 10 12 1 10 12 10 12 1 10 12 1 8 1 10 100 12 1 1 1 10 12 10 12 1 1 10 12 10 10 12 10 12 7 1 9 12 1 1 7 1 10 7 1 7 1 7 1 7 1 1 1 1 1 1 5 0 1 1 1 1 1 3 1 3 1 1 1 1 1 1 1 1 1 1 1 1 1 1 1 100 1 1 1 1 1 1 1 1 1 1 1 1 1 1 1 1 1 1 1 1 1 1 1 1 1 1 1 1 1 1 1 100 1 1 1 1 1 1 1 1 1 1 1 1 7 1 1 1 1 1 1 1 1 1 1 1 1 1 1 1 1 1 1 1 1 1 1 1 1 1 1 1 1 1 1 1 1 1 1 1 1 1 1 1 1 1 1 1 1 1 1 1 1 1 1 1 1 1 1 1 1 1 1 1 1 1 1 1 1 1 1 1 1 1 1 1 1 1 1 1 1 1 1 1 1 1 1 1 1 1 1 1 1 1 1 1 1 1 1 1 1 1 1 1 1 1 1 1 1 1 1 1 1 1 1 1 1 1 1 1 1 1 1 1 1 1 1 1 1 1 1 1 1 1 1 1 1 1 1 1 1 1 1 1 1 1 1 1 1 1 1 1 1 1 1 1 1 1 1 1 1 1 1 1 1 1 1 1 1 1 1 1 1 1 1 1 1 1 1 100 1 1 1 1 1 1 1 1 1 1 1 1 1 1 1 1 1 1 1 1 1 1 1 100 1 1 1 1 1 1 1 1 1 1 1 1 1 1 1 7 1 1 1 1 1 1 1 1 1 1 1 1 1 1 1 16 15 10 12 16 15 10 12 15 10 12 15 10 12 15 10 100 12 1 1 1 1 1 1 1 100 1 100 1 1 1
staticfield java/lang/String COMPACT_STRINGS Z 1
staticfield java/lang/String serialPersistentFields [Ljava/io/ObjectStreamField; 0 [Ljava/io/ObjectStreamField;
staticfield java/lang/String CASE_INSENSITIVE_ORDER Ljava/util/Comparator; java/lang/String$CaseInsensitiveComparator
ciInstanceKlass java/lang/constant/ConstantDesc 1 0 37 100 1 100 1 1 1 1 100 1 1 1 1 100 1 100 1 100 1 100 1 100 1 100 1 100 1 100 1 100 1 1 100 1 100 1 1
ciInstanceKlass java/lang/InternalError 0 0 34 10 100 12 1 1 1 10 12 1 10 12 1 10 12 1 100 1 1 1 1 5 0 1 1 1 1 1 1 1 1 1 1 1
instanceKlass com/android/tools/r8/internal/yR
instanceKlass java/lang/AssertionError
instanceKlass java/lang/VirtualMachineError
instanceKlass java/lang/LinkageError
ciInstanceKlass java/lang/Error 1 1 40 10 7 12 1 1 1 10 12 1 10 12 1 10 12 1 10 12 1 100 1 1 1 1 5 0 1 1 1 1 1 1 1 1 1 1 1 1 1 1
instanceKlass java/lang/StackOverflowError
instanceKlass java/lang/OutOfMemoryError
instanceKlass java/lang/InternalError
ciInstanceKlass java/lang/VirtualMachineError 1 1 34 10 100 12 1 1 1 10 12 1 10 12 1 10 12 1 100 1 1 1 1 5 0 1 1 1 1 1 1 1 1 1 1 1
ciInstanceKlass java/util/Set 1 1 144 100 1 10 7 12 1 1 1 9 7 12 1 1 1 7 1 10 12 1 1 10 12 1 7 1 7 1 10 12 1 7 1 7 1 11 100 12 1 1 1 11 12 1 1 100 1 10 12 1 10 12 1 1 11 12 1 1 1 1 1 1 1 1 1 1 1 1 1 1 1 1 1 1 1 1 1 1 1 1 1 1 1 1 1 1 1 1 1 1 1 1 1 1 1 1 1 1 1 1 1 1 1 1 1 1 1 1 1 1 1 1 1 1 1 1 1 1 1 1 1 1 1 1 1 1 1 1 1 1 1 1 1 1 1 1 1 1 1 1 1 1 1 1
ciInstanceKlass java/util/Iterator 1 1 53 100 1 8 1 10 12 1 1 10 7 12 1 1 1 11 7 12 1 1 1 11 12 1 1 11 7 12 1 1 1 7 1 1 1 1 1 1 1 1 1 1 1 1 1 1 1 1 1 1 1 1 1
ciInstanceKlass java/util/Map$Entry 1 0 178 18 12 1 1 7 1 100 1 18 10 100 12 1 1 1 18 12 1 18 100 1 11 7 12 1 1 1 11 12 1 11 7 12 1 1 1 10 100 12 1 1 1 10 7 12 1 1 1 8 1 10 12 1 1 8 1 8 1 8 1 10 12 1 10 12 1 8 10 7 1 10 12 1 8 10 12 1 8 1 10 12 1 8 10 12 1 8 1 10 12 1 1 8 1 100 1 8 1 10 12 1 1 11 12 7 1 11 12 1 1 1 1 1 1 1 1 1 1 1 1 1 1 1 1 1 1 1 1 1 1 1 1 1 1 1 1 1 1 1 1 1 1 1 1 1 1 1 16 15 11 12 16 3 3 15 11 12 15 11 12 15 11 12 15 10 100 12 1 1 1 1 1 100 1 100 1 1
instanceKlass java/util/jar/JarVerifier$VerifierStream
instanceKlass java/util/zip/ZipFile$ZipFileInputStream
instanceKlass java/io/FilterInputStream
instanceKlass java/io/FileInputStream
instanceKlass java/io/ByteArrayInputStream
ciInstanceKlass java/io/InputStream 1 1 195 7 1 10 7 12 1 1 1 100 1 10 10 7 12 1 1 1 10 7 12 1 1 1 10 12 1 100 1 3 10 12 1 1 100 1 8 1 10 12 1 10 7 12 1 1 1 3 7 1 8 1 10 10 7 12 1 1 1 7 1 10 11 7 12 1 1 1 10 12 1 1 11 12 1 1 11 7 12 1 1 1 11 12 1 1 7 1 10 7 12 1 1 1 5 0 10 12 1 10 12 1 1 100 1 10 8 1 10 8 1 8 1 10 12 1 1 10 100 12 1 1 1 7 1 5 0 10 12 1 100 1 7 1 1 1 1 3 1 3 1 1 1 1 1 1 1 1 1 1 1 1 1 1 1 1 1 1 1 1 1 1 1 1 1 1 1 1 1 1 1 1 1 1 1 1 1 1 1 1 1 1 1 1 1 1 1 1 1 1 1 1 1 1 1
ciInstanceKlass jdk/internal/misc/Unsafe 1 1 1287 10 7 12 1 1 1 9 7 12 1 1 1 9 12 1 1 10 12 1 1 10 7 12 1 1 1 10 12 1 1 10 12 1 1 10 12 1 1 10 12 1 1 10 12 1 1 10 12 1 1 10 12 1 1 10 12 1 1 10 12 1 1 10 12 1 1 10 12 1 1 10 12 1 1 10 12 1 1 10 12 1 10 12 1 100 1 10 10 12 1 1 10 12 1 1 5 0 10 12 1 1 10 12 1 1 10 7 12 1 1 1 10 12 1 1 10 12 1 10 12 1 10 12 1 1 10 12 1 1 10 12 1 10 12 1 7 1 7 1 10 8 1 10 12 1 1 10 12 1 8 1 10 12 1 1 10 12 1 10 12 1 10 12 1 1 10 12 1 10 12 1 1 10 12 1 1 10 12 1 10 12 1 10 12 1 10 12 1 1 10 12 1 10 12 1 10 12 1 1 10 12 1 5 0 5 0 5 0 10 12 1 10 12 1 10 12 1 10 12 1 10 12 1 10 12 1 10 12 1 10 12 1 10 12 1 1 10 12 1 10 12 1 7 1 8 1 10 100 1 10 10 12 1 1 10 12 1 1 10 12 1 10 12 1 1 10 12 1 1 10 12 1 10 12 1 1 10 12 1 9 7 12 1 1 9 12 1 100 1 10 10 12 1 1 8 1 10 8 1 8 1 10 12 1 1 9 7 12 1 1 1 9 7 1 9 7 1 9 7 1 9 9 7 1 9 7 1 9 7 1 10 12 1 1 10 12 1 1 10 12 1 1 10 12 1 1 5 0 5 0 9 12 1 1 10 12 1 10 12 1 10 12 1 1 10 12 1 1 10 12 1 8 1 3 10 12 1 1 10 12 1 1 10 12 1 10 12 1 1 10 12 1 1 10 12 1 10 12 1 10 12 1 10 12 1 10 12 1 10 12 1 1 10 12 1 1 10 12 1 10 12 1 10 12 1 10 12 1 10 12 1 10 12 1 1 10 12 1 1 10 12 1 10 12 1 10 12 1 10 12 1 10 12 1 10 12 1 1 10 12 1 1 10 12 1 1 10 12 1 1 10 12 1 10 12 1 10 12 1 10 12 1 10 12 1 10 12 1 10 12 1 1 10 12 1 1 10 12 1 10 12 1 10 12 1 10 12 1 10 12 1 10 12 1 10 12 1 1 10 12 1 1 10 12 1 10 12 1 10 12 1 10 12 1 10 12 1 10 12 1 10 12 1 10 12 1 1 10 12 1 10 12 1 10 12 1 10 12 1 10 12 1 1 10 12 1 10 12 1 10 12 1 10 12 1 10 12 1 10 12 1 10 12 1 10 12 1 1 10 12 1 10 12 1 10 12 1 10 12 1 10 12 1 10 12 1 1 10 12 1 10 12 1 10 12 1 1 10 12 1 10 12 1 10 12 1 10 12 1 10 12 1 10 12 1 10 12 1 10 12 1 10 12 1 10 12 1 10 12 1 10 12 1 10 12 1 10 12 1 10 12 1 10 12 1 10 12 1 10 12 1 10 12 1 10 12 1 10 12 1 10 12 1 10 12 1 100 1 10 100 1 10 9 12 1 5 0 10 12 1 1 5 0 10 12 1 5 0 10 12 1 10 12 1 10 12 1 1 10 12 1 1 10 12 1 10 12 1 10 12 1 10 12 1 1 10 12 1 10 12 1 10 12 1 10 12 1 10 12 1 1 10 12 1 10 12 1 10 12 1 10 12 1 1 10 12 1 10 12 1 10 12 1 1 10 12 1 10 12 1 10 12 1 10 12 1 1 10 12 1 10 10 12 1 1 10 12 1 10 12 1 1 10 12 1 10 12 5 0 5 0 5 0 10 12 1 1 10 12 1 10 12 1 10 12 10 100 12 1 1 8 1 100 1 11 12 1 1 8 1 11 12 1 1 10 100 12 1 1 10 12 1 10 12 1 10 12 1 10 12 1 10 12 1 1 10 12 1 10 12 1 10 12 1 10 12 1 10 12 1 10 12 1 10 7 1 10 12 1 9 12 1 7 1 9 12 1 7 1 9 12 1 7 1 9 12 1 7 1 9 12 1 7 1 9 12 1 7 1 9 12 1 7 1 9 12 1 7 1 9 12 1 10 12 1 9 12 1 9 12 1 9 12 1 9 12 1 9 12 1 9 12 1 9 12 1 9 12 1 9 12 1 9 12 1 1 1 3 1 1 1 1 1 1 1 1 1 1 1 1 1 1 1 1 1 1 1 1 1 1 1 1 1 1 1 1 1 1 1 1 1 1 1 1 1 1 1 1 1 1 1 1 1 1 1 1 1 1 1 1 1 1 1 1 1 1 1 1 1 1 1 1 1 1 1 1 1 1 1 1 1 1 1 1 1 1 1 1 1 1 1 1 1 1 1 1 1 100 1 1 1 1 1 1 1 1 1 1 1 1 1 1 1 1 1 1 1 1 1 1 1 1 1 1 1 1 1 1 1 1 1 1 1 1 1 1 1 1 1 1 1 1 1 1 1 1 1 1 1 1 1 1 1 1 1 1 1 1 1 1 1 1 1 1 1 1 1 1 1 1 1 1 1 1 1 1 1 1 1 1 1 1 1 1 1 1 1 1 1 1 1 1 1 1 1 1 1 1 1 1 1 1 1 1 1 1 1 1 1 1 1 1 1 1 1 1 1 1 1 1 1 1 1 1 1 1 1 1 1 1 1 1 1 1 1 1 1 1 1 1 1 1 1 1 1 1 1 1 1 1 1 1 1 1 1 1 1 1 1 1 1 1 1 1 1 1 1 1 1 1 1 1 1 1 1 1 1 1 1 1 1 1 1 1 1 1 1 1 1 1 1 1 1 1 1 1 1 1 1 1 1 1 1 1 3 1 1 1 1 1 1 1 1 1 1 1 1 1 1 1 1 1 1 1 1 1
staticfield jdk/internal/misc/Unsafe theUnsafe Ljdk/internal/misc/Unsafe; jdk/internal/misc/Unsafe
staticfield jdk/internal/misc/Unsafe ARRAY_BOOLEAN_BASE_OFFSET I 16
staticfield jdk/internal/misc/Unsafe ARRAY_BYTE_BASE_OFFSET I 16
staticfield jdk/internal/misc/Unsafe ARRAY_SHORT_BASE_OFFSET I 16
staticfield jdk/internal/misc/Unsafe ARRAY_CHAR_BASE_OFFSET I 16
staticfield jdk/internal/misc/Unsafe ARRAY_INT_BASE_OFFSET I 16
staticfield jdk/internal/misc/Unsafe ARRAY_LONG_BASE_OFFSET I 16
staticfield jdk/internal/misc/Unsafe ARRAY_FLOAT_BASE_OFFSET I 16
staticfield jdk/internal/misc/Unsafe ARRAY_DOUBLE_BASE_OFFSET I 16
staticfield jdk/internal/misc/Unsafe ARRAY_OBJECT_BASE_OFFSET I 16
staticfield jdk/internal/misc/Unsafe ARRAY_BOOLEAN_INDEX_SCALE I 1
staticfield jdk/internal/misc/Unsafe ARRAY_BYTE_INDEX_SCALE I 1
staticfield jdk/internal/misc/Unsafe ARRAY_SHORT_INDEX_SCALE I 2
staticfield jdk/internal/misc/Unsafe ARRAY_CHAR_INDEX_SCALE I 2
staticfield jdk/internal/misc/Unsafe ARRAY_INT_INDEX_SCALE I 4
staticfield jdk/internal/misc/Unsafe ARRAY_LONG_INDEX_SCALE I 8
staticfield jdk/internal/misc/Unsafe ARRAY_FLOAT_INDEX_SCALE I 4
staticfield jdk/internal/misc/Unsafe ARRAY_DOUBLE_INDEX_SCALE I 8
staticfield jdk/internal/misc/Unsafe ARRAY_OBJECT_INDEX_SCALE I 4
staticfield jdk/internal/misc/Unsafe ADDRESS_SIZE I 8
instanceKlass jdk/internal/reflect/DelegatingClassLoader
instanceKlass java/security/SecureClassLoader
ciInstanceKlass java/lang/ClassLoader 1 1 1108 9 7 12 1 1 1 10 7 12 1 1 1 9 12 1 1 10 7 12 1 1 1 7 1 10 12 1 1 10 12 1 1 9 12 1 1 10 12 1 1 100 1 10 12 1 10 12 1 1 10 7 12 1 1 1 100 1 8 1 10 12 1 10 7 12 1 1 1 10 7 12 1 10 7 1 10 7 1 7 1 7 1 10 12 1 10 12 1 9 12 1 1 10 10 7 12 1 1 1 9 12 1 1 9 12 1 9 12 1 1 9 12 1 9 12 1 1 9 12 1 1 7 1 10 12 1 9 12 1 1 10 12 1 1 10 7 12 1 1 1 9 12 1 9 12 1 1 9 12 1 10 12 1 1 9 12 10 12 1 1 7 1 10 8 1 10 12 1 1 10 12 1 10 7 1 7 1 10 12 1 1 10 7 12 1 1 1 8 1 10 12 1 10 12 1 10 12 1 1 10 12 1 1 10 12 1 1 10 12 1 1 10 12 1 1 10 12 1 7 1 10 12 1 10 100 12 1 1 1 10 12 1 1 10 12 1 10 12 1 10 12 1 10 12 1 10 12 1 1 10 10 12 1 10 12 1 10 100 12 1 1 10 12 1 1 10 12 1 1 10 12 1 100 1 10 12 1 7 1 10 12 1 10 7 12 1 1 1 10 10 12 1 1 10 12 1 1 7 1 8 1 10 8 1 10 12 1 10 12 1 100 1 8 1 10 12 1 1 10 12 1 1 10 10 12 1 1 10 12 1 1 10 12 1 1 10 7 1 10 12 1 1 10 12 1 1 10 12 1 1 10 12 1 1 10 12 1 1 10 12 1 1 10 12 1 10 100 12 1 1 1 10 12 1 10 12 1 10 12 1 1 10 12 1 10 12 1 10 12 1 10 12 1 1 10 12 1 10 12 1 1 8 1 9 12 1 10 12 1 1 8 1 8 1 10 7 12 1 1 100 1 10 10 12 10 12 1 10 12 1 10 12 1 10 12 1 1 10 7 12 1 1 10 12 1 10 7 1 7 1 10 12 1 1 10 12 1 10 7 1 10 12 1 100 1 18 12 1 10 100 12 1 1 1 10 100 12 1 1 1 10 7 12 1 1 10 12 1 10 12 1 100 1 10 12 1 8 1 10 10 12 1 1 10 12 1 10 12 1 1 100 1 10 12 1 10 12 1 1 10 7 12 1 1 10 12 1 8 1 100 1 10 10 12 1 9 12 1 10 7 12 1 1 10 12 1 7 1 8 1 10 12 1 10 8 1 8 1 10 12 1 1 10 12 1 1 10 12 1 1 10 7 12 1 1 7 1 100 1 10 12 1 1 7 1 7 1 10 7 12 1 1 10 12 1 10 12 1 1 10 12 1 10 12 1 1 10 12 1 1 9 100 12 1 1 1 10 12 1 1 10 12 1 10 12 1 10 12 1 1 10 12 1 8 1 7 1 18 12 1 1 10 12 1 1 10 12 1 10 12 1 10 12 1 8 1 10 12 1 10 12 1 18 12 1 11 100 12 1 1 1 100 1 10 12 1 1 10 12 1 10 11 12 1 1 10 18 10 12 1 1 11 7 12 1 18 12 1 11 12 1 1 10 12 10 12 1 1 10 12 1 1 100 1 8 1 10 10 12 1 8 1 8 1 10 100 12 1 1 10 12 1 100 1 10 10 12 1 8 1 8 1 8 1 10 12 1 10 12 1 1 10 12 1 10 7 12 1 1 1 11 7 12 1 1 100 1 10 11 10 12 1 10 12 1 10 12 1 1 9 7 12 1 1 9 12 1 1 9 12 9 12 1 9 12 1 9 12 1 8 10 12 1 1 10 7 12 1 1 1 10 12 1 1 10 12 1 1 10 12 1 10 10 12 1 11 12 1 1 10 100 12 1 1 1 100 1 10 12 1 10 12 1 10 12 1 1 1 1 1 1 1 1 1 1 1 1 1 1 1 1 1 1 1 1 1 1 1 1 1 1 1 1 100 1 1 1 1 1 1 1 1 1 1 1 1 1 1 1 1 1 1 1 1 1 100 1 1 1 1 1 1 1 1 1 1 100 1 1 1 1 1 1 1 1 1 1 1 1 1 1 1 1 1 1 1 1 1 1 1 1 1 1 1 1 1 1 1 1 1 1 1 1 1 1 1 1 1 100 1 1 1 1 1 1 1 1 1 1 1 1 1 1 1 1 1 1 1 7 1 1 1 1 1 1 1 1 1 1 1 1 1 1 1 1 1 1 1 1 1 1 1 1 1 1 1 1 1 1 1 1 1 1 1 1 1 1 1 1 1 1 1 1 1 1 1 1 1 1 100 1 1 1 1 1 1 1 1 1 1 1 1 1 1 1 1 1 1 1 1 1 1 1 1 1 1 1 1 1 1 1 1 1 1 1 1 1 1 1 1 1 1 1 1 1 1 16 1 15 10 12 16 1 16 15 10 12 16 1 16 1 15 10 12 16 15 10 12 16 15 10 12 16 15 10 100 12 1 1 1 1 1 100 1 100 1 1
staticfield java/lang/ClassLoader nocerts [Ljava/security/cert/Certificate; 0 [Ljava/security/cert/Certificate;
staticfield java/lang/ClassLoader $assertionsDisabled Z 1
ciInstanceKlass java/lang/reflect/Constructor 1 1 439 10 100 12 1 1 1 10 100 12 1 1 9 7 12 1 1 1 10 12 1 1 10 12 1 1 10 100 12 1 1 9 12 1 1 10 7 12 1 1 1 9 12 1 1 9 12 1 1 9 12 1 9 12 1 1 9 12 1 9 12 1 1 9 12 1 1 9 12 1 100 1 8 1 10 12 1 10 12 1 9 12 1 1 10 7 12 1 1 10 7 12 1 1 1 10 12 1 1 10 12 1 1 10 12 1 7 1 100 1 8 1 10 10 12 1 10 12 1 10 12 1 1 10 12 1 1 9 100 12 1 1 1 10 7 12 1 1 10 12 1 1 10 12 1 10 12 1 1 10 7 12 1 1 1 10 100 12 1 1 10 12 1 1 10 12 1 10 7 12 1 1 1 8 1 10 10 12 1 100 1 8 1 10 12 1 10 12 1 1 10 12 1 1 10 12 1 10 12 1 10 12 1 1 10 12 1 1 9 12 1 1 10 12 1 1 10 12 1 1 10 12 1 1 11 7 12 1 1 1 10 12 1 1 10 12 1 10 12 1 10 12 1 8 1 9 12 1 1 10 7 12 1 1 1 10 7 12 1 1 10 12 1 1 10 12 1 1 10 12 1 1 10 12 1 1 10 12 1 9 7 12 1 1 10 12 1 10 12 1 10 12 1 100 1 8 1 10 10 12 1 1 10 12 1 10 10 12 1 1 10 12 1 1 10 100 12 1 1 1 11 100 12 1 1 1 10 12 1 1 9 100 12 1 1 1 10 100 12 1 1 1 10 12 1 1 1 1 1 1 1 1 1 1 1 1 1 1 1 1 1 1 1 1 1 1 1 1 1 1 1 1 1 1 1 1 1 1 1 1 1 1 1 1 1 1 1 1 1 1 1 1 1 1 1 1 100 1 100 1 100 1 100 1 1 1 1 1 1 1 1 1 1 1 1 1 1 1 1 1 1 1 1 1 1 1 1 1 1 1 1 1 1 1 1 1 100 1 1
instanceKlass java/lang/reflect/Executable
instanceKlass java/lang/reflect/Field
ciInstanceKlass java/lang/reflect/AccessibleObject 1 1 400 10 7 12 1 1 1 9 100 12 1 1 1 10 7 12 1 1 1 10 7 12 1 1 10 7 12 1 1 1 10 100 12 1 1 1 10 12 1 1 10 12 1 1 9 12 1 1 7 1 10 7 12 1 1 1 11 12 1 7 1 10 12 1 7 1 100 1 10 12 1 10 12 1 1 10 12 1 1 10 12 1 1 10 12 1 1 7 1 10 7 12 1 1 1 10 12 1 1 11 10 7 12 1 1 1 10 12 1 1 10 12 1 10 12 1 10 12 1 1 10 12 1 8 1 7 1 7 1 10 10 12 1 1 8 1 10 12 1 10 12 1 8 1 8 1 8 1 8 1 8 1 8 1 8 1 8 1 8 1 100 1 10 12 1 10 12 1 9 12 1 1 10 12 1 1 10 12 1 10 7 1 100 1 8 1 10 8 1 10 12 1 8 1 10 12 1 10 12 1 1 10 100 1 8 1 10 11 7 12 1 1 1 10 12 1 1 10 12 1 1 10 12 1 1 9 12 1 1 100 1 10 12 1 7 1 10 12 1 10 12 1 1 10 100 1 10 12 1 10 12 10 12 1 10 12 1 10 12 1 1 10 12 1 9 12 1 10 100 12 1 1 8 1 10 100 12 1 1 1 8 1 10 7 12 1 1 1 9 12 1 7 1 10 7 1 10 10 7 12 1 1 1 7 1 10 10 7 12 1 1 1 7 1 9 12 1 1 1 1 1 1 1 1 1 1 1 1 1 1 1 1 1 1 1 1 1 1 1 1 1 1 1 1 1 1 1 1 1 1 1 1 1 1 1 1 1 1 1 1 1 1 1 1 1 1 1 1 1 1 1 1 1 1 1 1 1 1 1 1 1 1 1 1 1 1 1 1 1 1 1 1 1 1 1 1 1 1 1 1
staticfield java/lang/reflect/AccessibleObject reflectionFactory Ljdk/internal/reflect/ReflectionFactory; jdk/internal/reflect/ReflectionFactory
instanceKlass java/lang/reflect/Constructor
instanceKlass java/lang/reflect/Method
ciInstanceKlass java/lang/reflect/Executable 1 1 581 10 7 12 1 1 1 10 7 12 1 1 1 10 7 12 1 1 1 11 7 12 1 1 1 10 7 12 1 1 1 10 12 1 1 10 100 12 1 1 1 10 7 12 1 1 1 10 12 1 8 1 10 10 12 1 1 10 12 1 1 10 100 12 1 1 1 18 12 1 1 11 100 12 1 1 1 8 1 8 1 8 1 10 100 12 1 1 1 11 12 1 1 7 1 8 1 8 1 10 12 1 7 1 8 1 10 12 1 8 1 11 100 12 1 1 1 7 1 11 7 12 1 1 1 11 12 1 8 1 18 8 1 10 12 1 10 12 1 1 18 8 1 10 12 1 100 1 10 12 1 10 12 1 11 12 1 10 12 1 1 8 1 8 1 10 12 1 1 10 12 1 1 10 10 12 1 9 100 12 1 1 1 10 100 12 1 1 1 10 12 1 10 12 1 1 10 100 12 1 1 10 12 1 10 12 1 10 12 1 10 7 12 1 1 7 1 10 100 12 1 1 1 10 12 1 1 10 7 12 1 1 10 12 1 10 12 1 1 9 100 12 1 1 1 10 100 10 12 1 8 1 10 12 1 10 12 1 3 100 1 8 1 10 12 1 10 12 1 10 10 12 1 10 12 1 1 8 1 8 1 8 1 9 12 1 1 9 12 1 10 12 1 100 1 8 1 10 12 1 10 12 1 10 12 1 1 10 12 1 1 10 12 1 10 12 10 12 1 100 1 10 12 1 10 12 1 1 100 1 10 7 12 1 1 1 7 1 10 7 12 1 1 1 10 12 1 1 11 7 12 1 1 10 12 1 10 100 12 1 1 1 10 12 1 1 9 12 1 10 12 1 1 10 12 1 10 12 1 1 9 100 12 1 1 1 10 100 12 1 1 1 10 12 1 10 12 1 1 9 12 1 10 10 10 10 100 12 1 1 1 10 12 1 9 12 1 10 12 1 1 9 12 1 7 1 7 1 1 1 1 1 1 1 1 1 1 1 1 1 1 1 1 1 1 1 1 1 1 1 1 1 1 1 1 1 1 1 1 1 1 1 1 100 1 1 1 1 1 1 1 1 1 1 1 1 1 1 1 1 1 1 1 100 1 1 1 1 1 1 1 1 1 1 1 1 1 1 1 1 1 1 1 1 1 1 1 1 1 1 1 1 1 1 1 1 1 1 1 1 1 1 1 1 1 1 1 7 1 1 1 1 1 1 1 1 1 1 1 1 1 1 1 1 1 1 1 1 1 1 7 1 1 16 15 16 1 16 1 15 10 12 16 15 10 100 12 1 1 1 1 1 1 100 1 1 100 1 100 1 1
ciInstanceKlass java/lang/reflect/Member 1 1 37 100 1 10 12 1 1 100 1 100 1 1 1 1 3 1 3 1 1 1 1 1 1 1 1 1 1 1 1 1 1 1 1 1 1 1 1
instanceKlass java/util/logging/LogManager$Cleaner
instanceKlass jdk/internal/misc/InnocuousThread
instanceKlass java/util/concurrent/ForkJoinWorkerThread
instanceKlass java/lang/ref/Finalizer$FinalizerThread
instanceKlass java/lang/ref/Reference$ReferenceHandler
instanceKlass java/lang/BaseVirtualThread
ciInstanceKlass java/lang/Thread 1 1 870 10 7 12 1 1 1 9 12 1 1 10 7 12 1 1 10 12 1 10 100 12 1 1 100 1 8 1 10 12 1 1 9 12 1 9 12 1 1 9 12 1 1 7 1 10 12 1 1 10 12 1 10 100 12 1 1 1 10 12 9 12 1 1 10 12 1 7 1 10 12 1 100 1 8 1 10 9 100 12 1 1 1 10 12 1 1 10 12 1 1 10 12 1 1 10 12 1 10 12 1 1 3 8 1 7 1 5 0 10 7 12 1 1 1 9 12 1 10 12 1 1 10 7 12 1 1 1 10 7 12 1 1 1 10 12 1 1 10 12 1 1 9 12 1 1 10 7 1 8 1 10 7 1 10 12 1 9 12 1 1 10 7 12 1 1 1 10 10 12 1 1 9 100 12 1 1 1 10 12 1 1 10 12 1 1 10 7 12 1 1 10 12 1 10 12 1 10 7 12 1 1 9 12 1 10 7 12 1 1 1 10 12 1 1 9 12 1 1 9 12 1 1 10 7 12 1 1 1 9 12 1 1 10 100 12 1 1 10 100 12 1 1 1 10 12 1 10 12 1 10 7 12 1 1 9 12 1 8 1 9 7 12 1 1 9 12 1 1 5 0 100 1 10 100 1 10 100 1 10 7 1 10 8 1 10 12 1 1 10 100 12 1 10 12 1 10 12 1 100 1 8 1 10 10 12 1 10 12 1 1 10 100 12 1 1 1 10 100 12 1 1 1 10 12 1 7 1 9 12 1 1 100 1 10 10 12 1 9 12 1 1 10 12 1 1 10 12 1 1 10 12 1 10 12 1 9 12 1 1 10 10 12 1 1 10 12 1 1 11 7 12 1 1 10 7 12 1 1 9 12 1 9 12 1 1 9 12 1 1 10 100 12 1 1 10 12 1 1 9 100 12 1 1 1 10 100 12 1 1 10 12 1 10 12 1 100 1 10 10 12 9 12 1 1 10 12 1 11 100 12 1 1 10 12 1 10 12 1 10 12 1 9 12 1 10 10 12 1 10 12 1 1 9 12 1 9 12 10 12 1 8 1 10 12 1 10 12 1 10 12 1 10 12 1 10 12 1 1 10 12 1 10 12 1 1 10 12 1 10 12 1 10 12 1 10 12 1 10 12 1 1 9 7 12 1 1 1 8 1 10 9 12 1 10 12 1 7 1 8 1 10 10 12 1 8 1 10 12 1 1 9 12 10 12 8 1 10 10 12 1 10 12 1 8 1 10 12 1 10 8 1 10 100 12 1 1 10 12 1 1 100 1 8 1 10 9 12 1 9 12 1 1 10 12 1 1 10 10 12 1 10 12 1 100 10 7 12 1 1 1 9 12 1 10 12 1 1 10 12 1 1 10 100 12 1 1 1 11 7 12 1 1 1 9 100 12 1 1 1 10 100 12 1 1 1 7 1 10 12 1 100 1 10 12 1 10 12 1 1 10 12 1 1 8 1 9 12 1 10 12 1 10 12 1 1 11 7 12 1 1 1 10 12 1 1 1 1 3 1 3 1 3 1 3 1 1 1 1 1 1 1 1 1 1 1 1 1 1 1 1 1 1 1 1 1 7 1 1 1 1 1 1 1 1 1 1 1 1 1 1 1 1 1 1 1 1 1 1 100 1 1 1 1 1 1 1 1 1 1 1 1 1 1 1 1 7 1 7 1 1 1 1 1 1 1 1 1 1 1 1 1 1 1 1 1 1 1 1 1 1 1 1 1 1 1 1 1 1 1 1 1 1 1 1 1 1 1 1 1 1 1 1 1 1 1 1 1 1 1 1 1 1 1 1 1 1 1 1 1 1 1 1 1 1 1 1 1 1 1 1 1 1 1 1 100 100 1 1 1 1 1 1 1 1 1 1 1 1 1 1 1 1 1 1 1 1 1 1 1 1 1 1 100 1 100 1 100 1 100 1 100 1 1 100 1 1 1 1 1 1 1 1 1 1 1 1 1 1 1
staticfield java/lang/Thread NEW_THREAD_BINDINGS Ljava/lang/Object; java/lang/Class
staticfield java/lang/Thread EMPTY_STACK_TRACE [Ljava/lang/StackTraceElement; 0 [Ljava/lang/StackTraceElement;
ciInstanceKlass java/lang/Runnable 1 0 11 100 1 100 1 1 1 1 1 1 1
ciInstanceKlass java/net/URL 1 1 771 10 7 12 1 1 1 10 12 1 10 7 12 1 1 9 12 1 1 9 12 1 10 7 12 1 1 1 10 12 1 1 10 12 1 1 9 12 1 1 10 7 12 1 1 1 8 1 10 12 1 1 7 1 10 10 12 1 1 8 1 10 12 1 1 9 12 1 100 1 8 1 10 12 1 10 12 1 8 1 9 12 1 10 12 1 1 9 12 1 10 12 1 10 12 1 9 12 1 9 12 1 8 1 9 12 1 10 12 1 1 8 1 9 12 1 1 10 12 1 1 10 7 12 1 1 1 8 1 10 12 1 7 1 10 12 1 10 12 1 10 12 1 10 12 1 1 10 12 1 1 8 1 10 12 1 1 10 12 1 8 1 9 12 1 8 1 10 12 1 10 7 12 1 1 1 7 1 10 12 1 10 12 1 1 10 100 12 1 1 1 100 1 8 1 10 10 12 1 8 1 10 12 1 1 10 12 1 10 12 1 10 12 1 10 12 1 10 12 1 10 12 1 8 1 10 12 1 8 1 10 10 100 1 10 10 12 1 8 1 10 7 12 1 1 1 10 12 1 9 100 12 1 1 1 10 7 12 1 1 1 9 12 1 1 10 12 1 10 100 12 1 1 1 100 1 100 1 10 12 1 10 12 1 10 12 1 10 12 1 10 12 1 10 12 10 10 12 1 10 12 1 10 12 1 1 8 1 9 100 12 1 1 1 10 100 12 1 1 1 10 12 1 1 9 100 12 1 1 1 10 12 1 1 100 1 10 12 1 10 12 1 10 10 12 1 1 10 12 1 1 10 12 1 10 12 1 10 12 1 10 7 12 1 1 1 10 12 1 1 10 12 1 9 12 1 1 9 12 1 1 7 1 8 1 10 10 12 1 9 12 1 1 10 7 12 1 1 8 1 10 100 12 1 1 8 1 10 12 1 1 10 12 1 8 1 8 1 10 7 12 1 1 1 7 1 10 7 12 1 1 1 10 12 1 10 12 1 100 1 10 9 100 12 1 1 1 10 100 12 1 1 10 12 1 1 10 12 1 8 1 100 1 10 10 7 12 1 1 1 10 12 1 8 9 100 12 1 1 1 10 12 1 1 10 12 1 10 12 1 1 10 100 12 1 1 11 7 12 1 1 10 12 1 10 12 1 9 12 1 10 12 1 1 10 100 12 1 1 10 100 12 1 1 1 8 10 100 12 1 1 100 1 10 8 8 10 12 1 8 8 8 100 1 10 12 1 9 12 1 1 10 12 1 10 12 1 1 10 12 1 10 12 10 12 1 1 10 12 1 1 10 10 10 12 1 10 12 1 10 12 1 10 12 1 10 12 1 10 10 12 1 100 1 8 1 10 10 10 12 1 1 10 12 1 10 12 1 1 8 1 7 1 10 10 7 1 10 12 1 9 7 12 1 1 1 9 12 1 1 7 1 10 10 7 12 1 1 1 7 1 1 1 1 1 5 0 1 1 1 1 1 1 1 1 1 1 1 1 1 1 1 1 1 1 1 1 1 1 1 1 1 1 1 1 1 1 1 1 1 1 1 1 1 1 1 1 1 1 1 1 1 1 1 1 7 1 1 1 1 1 1 1 1 1 1 1 1 1 1 1 1 1 1 1 1 1 1 1 1 1 1 1 1 1 1 1 1 1 1 1 1 1 100 1 1 1 1 1 1 1 1 1 1 1 1 1 1 1 1 1 100 1 1 1 1 1 1 1 1 1 1 1 1 1 1 1 1 1 1 1
staticfield java/net/URL defaultFactory Ljava/net/URLStreamHandlerFactory; java/net/URL$DefaultFactory
staticfield java/net/URL streamHandlerLock Ljava/lang/Object; java/lang/Object
staticfield java/net/URL serialPersistentFields [Ljava/io/ObjectStreamField; 7 [Ljava/io/ObjectStreamField;
ciMethod java/lang/System identityHashCode (Ljava/lang/Object;)I 256 0 128 0 -1
ciInstanceKlass java/lang/Module 1 1 1070 10 7 12 1 1 1 9 7 12 1 1 1 10 7 12 1 1 1 9 12 1 9 12 1 1 9 12 1 1 10 12 1 1 10 12 1 10 12 1 1 10 7 12 1 1 1 7 1 10 7 12 1 1 1 10 12 1 1 11 7 12 1 1 1 10 12 1 1 10 7 12 1 1 1 10 12 1 1 10 7 12 1 1 1 9 100 12 1 1 1 10 7 12 1 1 1 10 12 1 8 1 10 7 12 1 1 1 10 7 12 1 1 1 10 7 12 1 1 1 10 12 1 10 12 1 9 12 1 1 10 100 12 1 1 100 1 7 1 10 8 1 10 12 1 1 10 12 1 10 12 10 12 1 10 7 12 1 1 8 1 8 1 10 8 1 8 1 9 12 1 1 8 1 10 100 12 1 1 1 10 12 1 9 12 1 1 11 12 1 9 100 12 1 1 10 100 12 1 1 1 10 100 12 1 1 1 10 12 1 1 8 1 10 12 1 1 10 12 1 10 12 1 1 9 7 12 1 1 1 10 12 1 1 10 12 1 1 9 12 1 10 12 1 10 12 1 9 12 1 1 11 7 12 1 1 10 12 1 1 9 12 1 9 12 1 10 12 1 10 12 1 100 1 8 1 10 10 12 1 1 10 12 1 8 1 10 12 1 1 8 1 8 1 10 12 1 1 10 12 1 10 12 1 1 18 12 1 1 10 12 1 1 11 12 1 9 12 1 11 12 10 100 12 1 1 100 1 8 1 10 11 12 1 1 10 7 12 1 1 1 10 12 1 10 12 1 1 11 12 1 1 11 7 12 1 1 11 12 1 1 9 12 1 11 12 1 10 12 1 1 10 12 1 1 9 12 1 10 12 10 7 12 1 1 10 7 1 18 12 1 1 11 100 12 1 1 1 18 12 1 11 12 1 1 10 100 12 1 1 1 11 12 1 1 10 7 12 1 1 7 1 11 12 1 7 1 7 1 10 12 1 10 7 12 1 1 1 10 11 7 12 1 8 1 10 10 12 1 1 10 7 12 1 1 10 12 1 10 12 1 7 1 10 12 1 10 11 12 1 1 10 12 10 12 1 1 9 12 1 1 100 1 10 10 12 1 1 11 7 1 10 12 1 1 11 12 1 10 10 12 1 11 10 12 1 1 10 12 1 1 10 12 1 1 10 7 12 1 1 10 12 1 10 12 1 1 10 10 12 1 1 10 12 1 18 12 1 11 12 1 18 12 1 10 12 1 10 12 1 10 12 7 1 10 12 1 10 12 1 10 12 1 9 12 1 7 1 10 10 10 10 12 1 10 12 1 10 12 1 10 12 1 1 10 12 1 1 10 12 1 9 12 1 18 12 1 1 10 7 12 1 1 1 100 1 8 1 10 12 1 1 10 12 1 1 10 7 12 1 1 7 1 10 12 1 1 7 1 8 1 10 12 1 1 100 1 11 12 1 1 10 100 12 1 1 1 18 12 1 1 11 100 12 1 1 1 100 1 10 12 1 10 12 1 1 7 1 7 1 10 12 8 1 10 12 1 1 10 12 1 1 10 100 12 1 1 10 12 1 1 10 12 1 10 12 10 12 1 1 7 1 10 10 12 1 1 10 7 12 1 1 1 100 1 10 12 1 1 10 7 12 1 1 8 1 18 12 1 1 100 1 100 1 9 12 1 1 9 12 1 9 12 1 11 100 12 1 1 1 100 1 11 12 1 1 100 1 10 12 1 8 1 10 12 1 10 12 10 12 1 8 1 10 10 100 12 1 1 7 1 10 10 12 1 10 7 12 1 1 9 12 1 9 12 1 9 12 1 9 12 1 10 12 11 12 1 10 12 1 7 1 1 1 1 1 1 1 1 1 1 1 1 1 1 1 1 1 1 1 100 1 1 1 1 1 1 1 1 1 1 1 1 1 1 1 1 1 1 1 1 1 1 1 1 1 1 1 1 1 1 1 1 1 1 1 1 1 1 1 1 1 1 1 1 1 1 1 1 1 1 1 1 1 1 1 1 1 1 1 1 1 1 1 1 1 1 1 1 1 1 1 1 1 1 1 1 1 1 1 1 1 1 1 1 1 1 1 1 1 1 1 1 1 1 1 100 100 1 1 1 1 1 1 1 1 1 1 1 1 1 1 1 1 1 1 1 1 1 1 1 1 1 1 1 100 1 100 1 1 1 1 1 1 1 1 1 1 1 1 1 1 1 1 1 1 1 1 100 1 1 1 1 1 1 1 1 1 1 1 1 1 1 1 1 1 1 1 1 1 1 1 16 15 10 12 16 16 15 10 12 16 16 15 10 16 1 15 10 12 16 1 15 10 12 16 1 16 15 10 12 16 16 1 15 10 12 16 15 10 100 12 1 1 1 15 10 100 12 1 1 1 1 1 1 1 1 1 1 1 100 1 100 1 1 100 1 100 1 1
staticfield java/lang/Module ALL_UNNAMED_MODULE Ljava/lang/Module; java/lang/Module
staticfield java/lang/Module ALL_UNNAMED_MODULE_SET Ljava/util/Set; java/util/ImmutableCollections$Set12
staticfield java/lang/Module EVERYONE_MODULE Ljava/lang/Module; java/lang/Module
staticfield java/lang/Module EVERYONE_SET Ljava/util/Set; java/util/ImmutableCollections$Set12
staticfield java/lang/Module $assertionsDisabled Z 1
ciInstanceKlass java/lang/Character 1 1 604 7 1 7 1 100 1 9 12 1 1 8 1 9 12 1 1 7 1 9 12 1 1 10 7 12 1 1 1 10 100 12 1 1 1 10 100 12 1 1 1 10 7 12 1 1 1 9 7 12 1 1 1 10 12 1 10 12 1 1 10 12 1 1 10 7 12 1 1 10 12 1 1 3 3 3 3 3 10 12 1 1 10 12 1 3 11 7 12 1 1 1 11 12 1 1 10 12 1 1 10 12 1 1 100 1 10 10 12 1 3 10 12 1 1 10 12 1 10 12 1 1 100 1 8 1 10 12 1 1 10 12 1 10 12 1 10 12 1 10 100 12 1 1 1 10 12 1 10 12 1 10 12 1 1 10 12 1 10 7 12 1 1 10 10 12 1 10 10 12 1 10 12 1 1 10 12 1 10 10 12 1 10 12 1 10 12 1 10 12 1 10 12 1 10 12 1 10 12 1 10 12 10 10 12 10 10 12 1 10 10 12 1 10 10 12 1 10 10 12 1 10 12 1 10 12 1 10 12 1 10 12 1 10 12 1 10 12 1 10 10 12 1 10 10 12 1 10 10 12 1 1 10 10 12 1 10 5 0 10 12 1 10 12 1 10 10 12 1 10 10 12 1 1 10 10 12 1 10 10 12 1 9 12 1 1 100 1 10 10 12 1 10 12 1 1 3 10 100 12 1 1 1 10 12 1 10 100 12 1 1 7 1 10 10 12 1 1 10 12 1 1 10 12 1 1 8 1 10 12 1 9 100 12 1 1 1 10 12 1 10 10 12 1 10 12 1 1 10 12 1 10 10 12 1 1 10 10 12 1 1 7 1 8 1 10 12 1 1 10 7 12 1 1 1 8 1 10 12 1 1 9 12 1 1 7 1 7 1 7 1 1 1 1 3 1 3 1 3 1 3 1 1 1 1 1 3 1 1 3 1 3 1 3 1 3 1 3 1 3 1 3 1 3 1 3 1 3 1 3 1 3 1 3 1 3 1 3 1 3 1 3 1 3 1 3 1 3 1 3 1 3 1 3 1 3 1 3 1 3 1 3 1 3 1 1 1 1 1 1 1 1 1 1 1 1 1 1 1 1 1 1 1 3 1 1 1 1 1 1 1 3 1 1 3 1 1 1 1 1 3 1 1 5 0 1 1 1 1 1 1 1 1 1 1 1 1 1 1 1 1 1 1 1 1 1 1 1 1 1 1 1 1 1 1 1 1 1 1 1 1 1 1 1 1 1 1 1 1 1 1 1 1 1 1 1 1 1 1 1 1 1 1 1 1 1 1 1 1 1 1 1 1 1 1 1 1 1 1 1 1 1 1 1 1 1 1 1 1 1 1 1 1 1 1 100 1 100 1 1 1 1 1 1
staticfield java/lang/Character TYPE Ljava/lang/Class; java/lang/Class
staticfield java/lang/Character $assertionsDisabled Z 1
ciInstanceKlass java/lang/OutOfMemoryError 1 1 26 10 100 12 1 1 1 10 12 1 100 1 1 1 1 5 0 1 1 1 1 1 1 1 1 1
ciInstanceKlass java/lang/Integer 1 1 453 7 1 7 1 7 1 7 1 10 12 1 1 9 12 1 1 9 12 1 1 10 100 12 1 1 1 10 12 1 1 10 100 12 1 1 1 10 10 12 1 1 10 7 12 1 1 1 10 12 1 10 12 1 1 10 7 12 1 1 1 10 12 1 1 10 12 1 1 10 12 1 10 12 1 10 12 1 1 10 10 12 1 9 12 1 1 9 12 1 100 1 8 1 10 12 1 7 1 10 12 1 8 1 10 12 1 1 10 12 1 8 1 10 12 1 8 1 10 12 1 1 3 10 12 1 1 3 10 12 1 1 10 12 1 1 10 7 12 1 1 1 11 7 1 10 12 1 1 11 10 12 1 1 8 1 10 12 1 1 8 1 7 1 10 12 1 1 10 12 1 1 5 0 8 1 10 12 1 10 12 1 10 12 1 10 12 1 1 7 1 9 12 1 1 9 12 1 1 10 12 1 10 7 1 9 12 1 10 12 1 10 12 1 10 12 1 1 10 7 12 1 1 1 100 1 100 1 10 12 1 1 10 12 1 1 8 1 8 1 10 12 1 1 8 1 8 1 8 1 8 1 8 1 8 1 10 12 1 10 12 1 5 0 3 3 3 3 10 12 1 10 12 1 3 10 12 1 10 100 12 1 1 1 10 12 1 1 10 12 1 1 8 1 10 7 12 1 1 1 9 12 1 1 7 1 7 1 7 1 1 1 1 3 1 1 1 3 1 3 1 1 5 0 1 1 1 1 1 1 1 1 1 100 1 1 1 1 1 1 1 1 1 1 1 1 1 1 1 1 1 1 1 1 1 1 1 1 1 1 1 1 1 1 1 1 1 1 1 1 1 1 1 1 3 1 1 1 1 1 1 1 1 1 1 1 1 1 1 1 1 7 1 1 1 1 1 1 1 1 1 1 1 1 1 1 1 1 1 1 1 1 1 1 1 1 1 1 1 1 1 1 1 1 1 1 1 1 1 1 1 1 1 1 1 1 1 1 7 1 1 1 1 1 1 1 1 1 100 1 100 1 1
staticfield java/lang/Integer TYPE Ljava/lang/Class; java/lang/Class
staticfield java/lang/Integer digits [C 36
staticfield java/lang/Integer DigitTens [B 100
staticfield java/lang/Integer DigitOnes [B 100
instanceKlass java/math/BigDecimal
instanceKlass com/android/tools/r8/internal/YR
instanceKlass java/math/BigInteger
instanceKlass java/util/concurrent/atomic/AtomicLong
instanceKlass java/util/concurrent/atomic/AtomicInteger
instanceKlass java/lang/Long
instanceKlass java/lang/Integer
instanceKlass java/lang/Short
instanceKlass java/lang/Byte
instanceKlass java/lang/Double
instanceKlass java/lang/Float
ciInstanceKlass java/lang/Number 1 1 37 10 7 12 1 1 1 10 100 12 1 1 1 100 1 1 1 1 5 0 1 1 1 1 1 1 1 1 1 1 1 1 1 1 1 1 1
ciInstanceKlass java/lang/Thread$FieldHolder 1 1 48 10 7 12 1 1 1 9 7 12 1 1 1 9 12 1 1 9 12 1 1 9 12 1 1 9 12 1 1 1 1 1 1 1 1 1 1 100 1 100 1 1 1 1 100 1 1 1
ciInstanceKlass java/lang/Thread$Constants 0 0 59 7 1 10 7 12 1 1 1 100 1 10 10 7 12 1 1 1 7 1 8 1 10 12 1 9 7 12 1 1 1 7 1 7 1 10 12 1 10 12 1 9 12 1 1 1 1 1 1 1 1 1 1 1 1 1 1 1 1
ciInstanceKlass java/lang/ThreadGroup 1 1 411 10 7 12 1 1 1 9 7 12 1 1 1 8 1 9 12 1 1 7 1 9 12 1 1 9 12 1 1 10 7 12 1 1 1 10 12 1 1 10 12 1 10 12 1 10 12 1 10 12 1 1 10 12 1 1 10 12 1 10 12 1 1 10 12 1 10 12 1 10 100 12 1 1 1 10 12 1 1 18 12 1 1 11 7 12 1 1 1 10 7 12 1 1 1 10 7 12 1 10 12 1 1 10 12 1 1 10 12 1 1 10 100 12 1 1 1 10 12 1 11 12 1 1 11 7 12 1 1 11 12 1 1 10 12 1 1 10 12 1 10 12 1 11 12 1 11 12 1 1 100 1 10 10 12 1 100 1 10 18 12 1 1 11 7 12 1 1 1 11 12 1 1 9 12 1 1 10 12 1 1 8 1 10 7 12 1 1 1 10 100 12 1 1 1 10 12 1 1 11 12 10 12 1 1 10 12 1 1 11 7 1 9 12 1 7 1 10 8 1 10 12 1 1 10 12 1 1 8 1 10 12 1 10 7 12 1 1 1 10 12 1 1 10 7 1 8 1 10 8 1 10 12 1 10 12 1 8 1 9 12 1 1 9 12 1 10 100 12 1 1 1 100 9 12 1 1 7 1 9 12 1 10 12 10 12 1 1 100 10 12 9 12 1 10 12 1 100 1 10 11 12 1 1 7 1 10 10 12 1 10 12 1 1 1 1 1 1 1 1 1 1 1 1 1 1 1 1 1 1 3 1 1 1 1 1 1 1 1 1 1 1 1 100 1 1 1 1 1 1 1 1 1 1 1 1 1 1 1 1 1 1 1 1 1 1 1 1 1 1 1 1 1 1 1 1 1 1 1 1 1 1 1 1 1 1 1 16 15 10 12 16 16 15 10 12 16 15 10 100 12 1 1 1 1 1 100 1 100 1 1
staticfield java/lang/ThreadGroup $assertionsDisabled Z 1
ciInstanceKlass java/lang/Thread$UncaughtExceptionHandler 1 0 16 100 1 100 1 1 1 1 1 1 1 1 100 1 1 1
ciInstanceKlass java/security/AccessControlContext 1 1 374 9 7 12 1 1 1 9 12 1 1 10 100 12 1 1 1 8 1 10 100 12 1 1 1 10 7 12 1 1 1 9 12 1 9 12 1 1 9 12 1 1 10 7 12 1 1 7 1 10 12 1 11 7 12 1 1 1 11 12 1 11 12 1 11 12 1 1 7 1 11 12 1 1 10 12 1 10 7 12 1 1 1 9 100 12 1 1 1 10 7 12 1 1 1 11 100 12 1 1 1 10 7 1 100 1 8 1 10 12 1 10 12 1 1 7 1 10 7 12 1 1 1 9 12 1 9 12 1 9 12 1 9 12 1 1 9 12 1 1 9 12 1 9 12 1 10 7 12 1 1 1 9 12 1 10 12 1 1 10 12 1 1 8 1 10 12 1 1 10 12 1 1 10 7 12 1 1 1 7 1 10 10 12 1 1 10 7 12 1 1 1 10 8 1 10 7 12 1 1 8 1 10 7 12 1 1 8 1 8 1 10 12 1 8 1 10 12 1 8 1 10 12 1 10 12 1 10 12 1 1 8 1 8 1 100 1 10 12 1 10 12 1 1 100 1 10 12 1 8 1 10 12 1 10 12 1 10 8 1 10 12 1 1 10 12 1 1 10 12 1 1 10 12 1 1 10 12 1 10 12 1 11 10 12 1 10 12 1 1 10 10 10 12 1 1 1 1 1 1 1 1 1 1 1 1 1 1 1 1 1 1 1 1 1 1 1 1 100 1 1 1 1 1 1 1 1 1 1 1 1 1 1 1 1 1 1 1 1 1 1 1 1 1 1 1 1 1 1 1 1 1 1 1 1 1 1 1 1 1 1 1 1 1 1 1 1 1 1 1 1 3 1 1
instanceKlass java/lang/ThreadBuilders$BoundVirtualThread
instanceKlass java/lang/VirtualThread
ciInstanceKlass java/lang/BaseVirtualThread 0 0 36 10 100 12 1 1 1 100 1 1 1 1 1 1 1 1 1 1 1 1 1 1 1 1 1 1 1 1 100 1 100 1 1 100 1 1
ciInstanceKlass java/lang/VirtualThread 0 0 907 9 7 12 1 1 1 10 7 12 1 1 1 10 100 12 1 1 1 10 7 12 1 1 1 9 12 1 1 9 12 1 1 100 1 10 12 1 9 12 1 1 18 12 1 1 9 12 1 1 10 12 1 1 100 1 10 12 1 10 12 1 1 10 12 1 1 10 12 1 1 10 12 1 10 7 12 1 10 12 1 10 12 1 10 12 1 10 12 1 11 100 12 1 1 1 100 1 10 12 1 1 10 100 12 1 1 1 10 100 12 1 1 1 10 12 1 100 1 10 10 12 1 10 12 1 1 9 12 1 1 10 12 1 1 9 12 1 1 10 12 1 9 12 1 1 9 12 1 100 1 10 10 12 1 10 100 12 1 1 10 9 10 10 12 1 1 10 12 1 1 10 100 12 1 1 10 100 1 10 9 10 10 12 1 7 1 10 12 1 1 10 12 1 10 12 1 10 12 1 1 9 12 1 10 12 1 10 12 1 9 12 1 1 10 12 1 10 12 1 9 12 1 1 10 12 1 10 12 1 10 12 1 11 100 12 1 1 10 12 1 1 10 12 1 1 10 12 1 1 9 12 1 10 100 1 10 12 1 1 10 12 1 1 10 12 1 10 12 1 10 12 1 10 12 9 12 1 1 10 100 12 1 1 10 12 1 10 12 1 1 10 100 12 1 1 10 12 1 100 1 8 1 10 12 1 10 12 1 1 10 12 1 10 12 1 10 100 12 1 1 10 12 1 10 12 1 1 10 12 1 10 12 1 1 10 7 12 1 1 10 12 1 1 10 12 1 1 100 1 10 10 12 1 7 1 9 12 1 1 10 7 12 1 1 10 9 12 1 1 18 9 100 12 1 1 1 11 100 12 1 1 1 11 100 1 11 12 10 12 1 10 12 1 1 10 12 1 100 1 10 10 12 1 10 12 1 1 10 12 1 1 10 12 1 10 12 1 10 12 1 9 12 1 1 11 100 12 1 1 10 12 9 100 12 1 1 1 9 12 1 10 12 1 1 9 12 1 9 12 1 9 12 1 7 1 10 10 12 1 1 10 12 1 10 12 7 1 7 1 10 8 1 10 12 1 1 10 12 1 10 12 1 10 10 12 1 8 1 10 10 12 1 10 12 1 10 7 12 1 1 8 1 8 1 10 9 100 12 1 1 1 10 12 1 1 10 12 1 10 10 10 12 9 12 1 10 12 1 1 9 12 1 10 12 1 1 9 12 1 10 12 1 1 18 12 1 1 18 12 1 10 7 12 1 1 1 8 1 10 100 12 1 1 1 10 7 12 1 1 1 18 12 1 10 100 12 1 1 1 100 1 10 12 1 8 1 10 12 1 8 1 10 12 1 1 8 1 8 1 10 100 12 1 1 8 1 10 12 1 8 1 8 1 10 100 12 1 1 1 10 12 1 10 12 1 1 10 12 1 18 12 1 1 18 12 1 1 5 0 9 12 1 10 12 1 18 12 1 100 1 10 12 10 7 12 1 1 10 12 1 1 7 1 8 1 10 10 12 1 10 12 1 1 10 12 1 9 12 1 8 10 12 1 1 8 8 9 12 1 8 10 12 1 1 3 1 3 1 3 1 3 1 3 1 3 1 3 1 3 1 3 1 3 1 3 1 3 3 1 3 1 1 1 1 1 1 1 1 1 1 1 1 1 1 7 1 1 1 1 1 1 1 1 1 1 1 1 1 1 7 1 1 1 1 1 1 1 1 1 1 1 7 1 1 1 1 1 1 1 1 1 1 1 1 1 1 1 1 1 1 1 1 1 1 1 1 1 1 1 1 1 1 1 1 1 1 1 1 1 1 1 100 1 1 1 1 1 1 1 1 1 1 1 1 1 1 1 1 1 1 1 1 1 1 1 1 1 1 1 1 1 1 1 1 1 1 1 100 1 1 1 1 1 1 1 1 1 1 1 1 1 1 100 1 1 16 15 10 12 15 16 15 10 12 16 15 10 12 16 16 15 10 12 16 15 10 12 16 15 10 12 16 15 10 12 16 1 15 10 100 12 1 1 1 1 1 1 1 7 1 1 100 1 100 1 1
ciInstanceKlass java/lang/ThreadBuilders$BoundVirtualThread 0 0 132 10 7 12 1 1 1 9 7 12 1 1 1 10 7 12 1 1 1 9 12 1 1 10 12 1 1 10 12 1 1 9 12 1 1 10 7 12 1 1 1 10 12 1 1 7 1 8 1 10 12 1 10 12 1 1 10 12 1 1 10 12 1 1 10 7 12 1 1 1 8 1 10 12 1 8 1 10 12 1 1 10 100 12 1 1 9 100 12 1 1 1 10 12 1 1 10 10 12 1 1 1 1 1 1 1 1 1 1 1 1 1 1 1 1 1 1 1 1 1 1 1 1 1 1 1 1 100 1 1 1 1
ciInstanceKlass jdk/internal/vm/ContinuationScope 0 0 50 10 100 12 1 1 1 10 100 12 1 1 1 100 1 9 100 12 1 1 1 10 12 1 1 10 100 12 1 1 1 10 12 1 1 10 12 1 1 1 1 1 1 1 1 1 1 1 1 1
ciInstanceKlass jdk/internal/vm/StackChunk 0 0 32 10 100 12 1 1 1 9 100 12 1 1 1 9 12 1 1 9 12 1 1 1 1 1 1 1 1 1 1 1 1 1
ciInstanceKlass java/lang/Float 1 1 279 7 1 7 1 10 100 12 1 1 1 10 100 12 1 1 1 4 7 1 10 12 1 1 10 12 1 1 8 1 8 1 10 7 12 1 1 1 10 12 1 1 10 12 1 1 10 100 1 4 10 7 12 1 1 9 12 1 1 10 12 1 1 10 12 1 10 10 12 1 1 10 12 1 10 12 1 3 3 100 1 4 4 4 3 10 12 1 1 9 12 1 1 100 1 10 3 3 4 4 10 12 1 3 3 3 10 12 1 1 10 12 1 1 10 12 1 10 100 12 1 1 1 10 12 1 1 10 12 1 1 10 7 12 1 1 1 8 1 10 12 1 1 9 12 1 1 7 1 7 1 7 1 1 1 1 4 1 4 1 1 1 4 1 1 3 1 3 1 3 1 3 1 3 1 1 1 1 5 0 1 1 1 1 1 1 1 1 1 1 100 1 1 1 1 1 1 1 1 1 1 1 1 1 3 1 1 1 1 1 1 1 1 1 1 1 1 1 1 1 1 1 1 1 1 1 1 1 1 1 1 1 1 1 1 1 1 1 1 1 1 1 1 1 1 1 1 1 1 1 1 1 1 1 1 1 1 1 1 1 1 1 1 1 1 1 7 1 1 1 1 1 1 1 100 1 100 1 1
staticfield java/lang/Float TYPE Ljava/lang/Class; java/lang/Class
staticfield java/lang/Float $assertionsDisabled Z 1
ciInstanceKlass java/lang/Double 1 1 290 7 1 7 1 10 100 12 1 1 1 10 12 1 1 10 7 1 10 12 1 1 10 100 12 1 1 1 6 0 8 1 10 12 1 1 8 1 10 12 1 1 8 1 6 0 10 12 1 1 100 1 5 0 5 0 8 1 8 1 10 7 12 1 1 1 10 7 12 1 1 1 8 1 10 12 1 1 8 1 8 1 8 1 10 12 1 1 10 12 1 10 12 1 1 10 12 1 10 12 1 10 12 1 1 10 12 1 10 7 1 6 0 10 7 12 1 1 9 12 1 1 10 12 1 10 12 1 10 12 1 10 12 1 10 12 1 5 0 10 12 1 1 10 12 1 10 12 1 10 100 12 1 1 1 10 12 1 1 10 12 1 1 8 1 10 7 12 1 1 1 9 12 1 1 7 1 7 1 7 1 1 1 6 0 1 6 0 1 6 0 1 1 1 6 0 1 1 3 1 3 1 3 1 3 1 3 1 1 1 1 5 0 1 1 1 1 1 1 1 1 1 1 1 1 1 1 1 1 100 1 1 1 1 1 1 1 1 1 1 1 1 3 1 1 1 1 1 1 1 1 1 1 1 1 1 1 1 1 1 1 1 1 1 1 1 1 1 1 1 1 1 1 1 1 1 1 7 1 1 1 1 1 1 1 100 1 100 1 1
staticfield java/lang/Double TYPE Ljava/lang/Class; java/lang/Class
ciInstanceKlass java/lang/Byte 1 1 213 7 1 100 1 10 7 12 1 1 1 9 12 1 1 8 1 9 12 1 1 7 1 10 12 1 1 10 12 1 1 10 100 12 1 1 1 10 100 12 1 1 1 9 7 12 1 1 1 10 12 1 1 100 1 7 1 10 12 1 1 8 1 10 12 1 1 8 1 10 12 1 10 12 1 10 12 1 10 12 1 1 10 12 1 10 12 1 10 12 1 1 10 8 1 8 1 10 7 1 9 12 1 1 10 12 1 1 10 12 1 1 10 12 1 1 10 12 1 5 0 10 12 1 1 8 1 10 7 12 1 1 1 9 12 1 1 7 1 7 1 1 1 3 1 3 1 1 1 1 3 1 3 1 1 5 0 1 1 1 1 1 1 1 1 1 1 1 1 1 1 1 1 1 1 1 1 1 1 1 1 1 1 1 1 1 1 1 1 1 1 1 1 1 1 1 1 1 1 1 1 1 1 1 1 1 1 1 1 1 1 1 1
staticfield java/lang/Byte TYPE Ljava/lang/Class; java/lang/Class
ciInstanceKlass java/lang/Short 1 1 222 7 1 7 1 100 1 10 7 12 1 1 1 10 12 1 1 100 1 7 1 10 12 1 1 8 1 10 12 1 1 8 1 10 12 1 10 12 1 10 12 1 10 12 1 1 10 12 1 1 10 12 1 9 12 1 1 8 1 9 12 1 1 7 1 10 12 1 1 10 12 1 10 100 12 1 1 1 10 100 12 1 1 1 9 100 12 1 1 1 10 12 1 10 12 1 1 10 8 1 8 1 10 7 1 9 12 1 1 10 12 1 1 10 12 1 1 10 12 1 1 10 12 1 3 3 5 0 10 12 1 1 8 1 10 7 12 1 1 1 9 12 1 1 7 1 7 1 1 1 3 1 3 1 1 1 1 3 1 3 1 1 5 0 1 1 1 1 1 1 1 1 1 1 1 1 1 1 1 1 1 1 1 1 1 1 1 1 1 1 1 3 1 1 1 1 1 1 1 1 1 1 1 1 1 1 1 1 1 1 1 1 1 1 1 1 1 1 1 1 1 1
staticfield java/lang/Short TYPE Ljava/lang/Class; java/lang/Class
ciInstanceKlass java/lang/Long 1 1 524 7 1 7 1 7 1 7 1 10 12 1 1 9 12 1 1 9 7 12 1 1 1 10 100 12 1 1 1 10 12 1 1 10 100 12 1 1 1 10 10 12 10 12 1 10 12 1 10 12 1 5 0 5 0 7 1 10 12 1 1 10 12 1 1 10 12 1 10 12 1 10 12 1 10 12 1 1 10 100 12 1 1 10 12 1 10 12 1 1 10 12 1 1 10 12 1 1 10 12 1 1 10 7 12 1 1 1 10 12 1 1 10 12 1 10 12 1 10 12 1 10 12 1 1 10 10 12 1 5 0 5 0 9 12 1 1 9 12 1 5 0 100 1 8 1 10 12 1 8 1 10 12 1 8 1 8 1 10 12 1 1 5 0 10 12 1 1 5 0 10 12 1 1 10 12 1 1 10 100 12 1 1 1 11 7 1 10 12 1 1 11 10 12 1 1 8 1 10 12 1 1 8 1 7 1 10 12 1 1 10 12 1 8 1 8 1 11 12 1 1 10 12 1 10 12 1 10 12 1 5 0 5 0 9 7 12 1 1 1 10 12 1 10 12 1 1 8 1 8 1 10 12 1 1 8 1 8 1 8 1 8 1 8 1 8 1 10 12 1 10 7 1 9 12 1 1 10 12 1 10 12 1 1 10 12 1 1 10 7 12 1 1 1 100 1 100 1 10 12 1 1 10 12 1 1 5 0 10 12 1 10 12 1 5 0 5 0 5 0 10 12 1 1 10 12 1 5 0 5 0 10 12 1 10 12 1 10 100 12 1 1 1 10 12 1 1 10 12 1 1 8 1 10 7 12 1 1 1 9 12 1 1 7 1 7 1 7 1 1 1 1 5 0 1 1 1 1 3 1 3 1 5 0 1 1 1 1 1 1 1 1 1 100 1 1 1 1 1 1 1 1 1 1 1 1 1 1 1 1 1 1 1 1 1 1 1 1 1 1 1 1 1 1 1 1 1 1 1 1 1 1 1 1 1 1 1 1 1 1 1 1 1 1 1 1 1 1 1 3 1 1 1 1 1 1 1 1 1 1 1 1 1 1 1 7 1 1 1 1 1 1 1 1 1 1 1 1 1 1 1 1 1 1 1 1 1 1 1 1 1 1 1 1 1 1 1 1 1 1 1 1 1 1 1 1 1 1 1 7 1 1 1 1 1 1 1 1 1 100 1 100 1 1
staticfield java/lang/Long TYPE Ljava/lang/Class; java/lang/Class
ciInstanceKlass jdk/internal/vm/vector/VectorSupport 0 0 573 100 1 10 100 12 1 1 1 9 12 1 1 10 12 1 1 100 1 10 12 1 11 100 12 1 1 1 11 100 12 1 1 1 11 100 12 1 1 11 100 12 1 1 11 100 12 1 1 1 11 100 12 1 1 11 100 12 1 1 11 100 12 1 1 11 100 12 1 1 11 100 12 1 1 11 100 12 1 1 11 100 12 1 1 1 11 100 12 1 1 11 100 12 1 1 1 11 100 12 1 1 1 11 100 12 1 1 11 100 12 1 1 1 11 100 12 1 1 100 1 10 12 1 1 11 100 12 1 1 11 100 12 1 1 11 100 12 1 1 11 100 12 1 1 11 100 12 1 1 11 100 12 1 1 9 12 1 1 10 100 12 1 1 11 100 12 1 1 10 12 1 1 10 100 12 1 1 1 10 12 1 10 12 1 1 10 12 1 1 1 1 1 3 1 3 1 3 1 3 1 3 1 3 1 3 1 3 1 3 1 3 1 3 1 3 1 3 1 3 1 3 1 3 1 3 1 3 1 3 1 3 1 3 1 3 1 3 1 3 1 3 1 3 1 3 1 3 1 3 1 3 1 3 1 3 1 3 1 3 1 3 1 3 1 3 1 3 1 3 1 3 1 3 1 3 1 3 1 3 1 3 1 3 1 3 1 3 1 3 1 3 1 3 1 3 1 3 1 1 1 1 1 1 1 1 1 1 1 1 1 1 1 1 1 1 1 1 1 1 1 1 1 1 1 1 1 1 1 1 1 1 1 1 1 1 1 1 1 1 1 1 1 1 1 1 1 1 1 1 1 1 1 1 1 1 1 1 1 1 1 1 1 1 1 1 1 1 1 1 1 1 1 1 1 1 1 1 1 1 1 1 1 1 1 1 1 1 1 1 1 1 1 1 1 1 1 1 1 1 1 1 1 1 1 1 1 1 1 1 1 1 1 1 1 1 1 1 1 1 1 1 1 1 1 1 1 1 1 1 1 1 1 1 1 1 1 1 1 1 1 1 1 1 1 1 1 1 1 1 1 1 1 1 1 1 1 1 1 1 1 1 1 1 1 1 1 1 1 1 1 1 1 1 1 1 1 1 1 1 1 1 1 1 1 1 1 1 1 1 1 1 1 1 1 1 1 1 1 1 1 1 1 1 1 1 1 1 1 1 1 1 1 1 1 1 1 1 1 1 1 1 1 1 1 1 1 1 1 1 1 1 1 100 1 100 1 100 1 100 1 100 1 1 1 1 1 1 1 1 1 1 1 1 1 1 1 1 1 1 1 1 1 1 1 1 1 1 1 1 1 1 1
instanceKlass jdk/internal/vm/vector/VectorSupport$VectorShuffle
instanceKlass jdk/internal/vm/vector/VectorSupport$VectorMask
instanceKlass jdk/internal/vm/vector/VectorSupport$Vector
ciInstanceKlass jdk/internal/vm/vector/VectorSupport$VectorPayload 0 0 32 10 100 12 1 1 1 9 100 12 1 1 1 10 100 12 1 1 1 1 1 1 1 1 1 1 1 1 1 1 1 1
ciInstanceKlass jdk/internal/vm/vector/VectorSupport$Vector 0 0 28 10 100 12 1 1 1 100 1 1 1 1 1 1 1 1 1 1 1 1 1 1 1 100 1 1 1 1
ciInstanceKlass jdk/internal/vm/vector/VectorSupport$VectorMask 0 0 28 10 100 12 1 1 1 100 1 1 1 1 1 1 1 1 1 1 1 1 1 1 1 100 1 1 1 1
ciInstanceKlass jdk/internal/vm/vector/VectorSupport$VectorShuffle 0 0 28 10 100 12 1 1 1 100 1 1 1 1 1 1 1 1 1 1 1 1 1 1 1 100 1 1 1 1
ciInstanceKlass jdk/internal/vm/FillerObject 0 0 16 10 100 12 1 1 1 100 1 1 1 1 1 1 1 1
instanceKlass java/lang/ref/PhantomReference
instanceKlass java/lang/ref/FinalReference
instanceKlass java/lang/ref/WeakReference
instanceKlass java/lang/ref/SoftReference
ciInstanceKlass java/lang/ref/Reference 1 1 190 9 7 12 1 1 1 9 7 12 1 1 10 12 1 1 10 12 1 1 9 12 1 1 10 12 1 1 9 12 1 1 9 12 1 1 7 1 10 12 1 10 7 12 1 1 10 12 1 10 12 1 1 10 12 1 7 1 8 1 10 12 1 1 7 1 10 12 1 1 10 12 1 1 10 12 1 9 12 1 10 12 1 1 10 12 1 10 12 1 9 12 1 7 1 100 1 10 12 9 12 1 9 12 1 100 1 10 10 12 1 10 10 7 12 1 1 7 1 10 10 7 12 1 1 1 1 1 1 1 1 1 1 1 1 1 1 1 1 1 1 1 7 1 1 1 100 1 1 1 1 1 1 1 1 1 1 1 1 1 1 1 1 1 1 1 1 1 1 1 1 1 1 1 1 1 1 1 1 1 1 1 7 1 7 1 7 1 1 1
staticfield java/lang/ref/Reference processPendingLock Ljava/lang/Object; java/lang/Object
staticfield java/lang/ref/Reference $assertionsDisabled Z 1
instanceKlass sun/security/util/MemoryCache$SoftCacheEntry
instanceKlass java/lang/invoke/LambdaFormEditor$Transform
ciInstanceKlass java/lang/ref/SoftReference 1 1 47 10 7 12 1 1 1 9 7 12 1 1 1 9 12 1 10 12 1 10 12 1 1 1 1 1 1 1 1 1 1 1 1 1 1 1 1 1 1 1 1 100 1 1 1 1 1
instanceKlass java/util/logging/LogManager$LoggerWeakRef
instanceKlass java/util/logging/Level$KnownLevel
instanceKlass jdk/internal/util/WeakReferenceKey
instanceKlass java/lang/ThreadLocal$ThreadLocalMap$Entry
instanceKlass java/util/WeakHashMap$Entry
ciInstanceKlass java/lang/ref/WeakReference 1 1 31 10 7 12 1 1 1 10 12 1 100 1 1 1 1 1 1 1 1 1 1 1 1 1 1 1 1 1 1 1 1
instanceKlass java/lang/ref/Finalizer
ciInstanceKlass java/lang/ref/FinalReference 1 1 50 10 7 12 1 1 1 10 7 12 1 1 1 10 12 1 1 7 1 8 1 10 12 1 1 1 1 1 1 1 1 1 1 1 1 1 1 1 1 1 1 1 1 1 1 1 1 1 7 1
instanceKlass jdk/internal/ref/PhantomCleanable
instanceKlass jdk/internal/ref/Cleaner
ciInstanceKlass java/lang/ref/PhantomReference 1 1 39 10 100 12 1 1 1 10 7 12 1 1 1 1 1 1 1 1 1 1 1 1 1 1 1 1 1 1 1 1 1 1 1 1 1 1 1 1 1
ciInstanceKlass java/lang/ref/Finalizer 1 1 155 9 7 12 1 1 1 10 7 12 1 1 1 9 12 1 1 9 12 1 1 9 12 1 9 12 1 9 12 1 1 10 12 1 7 1 8 1 10 12 1 10 12 1 1 9 12 1 100 1 10 12 1 7 1 11 100 12 1 1 10 12 1 7 1 10 12 1 100 1 10 12 1 10 7 12 1 1 1 10 100 12 1 1 1 100 1 10 10 12 1 7 1 10 12 1 7 1 10 12 1 1 10 12 1 1 10 12 1 10 7 12 1 1 1 7 1 10 7 1 10 10 12 1 1 1 1 1 1 1 1 1 1 1 1 1 1 1 1 1 1 1 1 1 1 1 1 1 1 1 1 1 1 1 1
staticfield java/lang/ref/Finalizer lock Ljava/lang/Object; java/lang/Object
staticfield java/lang/ref/Finalizer ENABLED Z 1
staticfield java/lang/ref/Finalizer $assertionsDisabled Z 1
instanceKlass com/android/tools/r8/internal/mL
instanceKlass java/util/Locale$Category
instanceKlass com/android/tools/r8/internal/vW
instanceKlass com/android/tools/r8/internal/pd
instanceKlass com/android/tools/r8/internal/Cy0
instanceKlass com/android/tools/r8/internal/vY
instanceKlass com/android/tools/r8/internal/ca0
instanceKlass com/android/tools/r8/internal/F90
instanceKlass com/android/tools/r8/internal/da0
instanceKlass com/android/tools/r8/internal/Wa0
instanceKlass com/android/tools/r8/internal/lR
instanceKlass com/android/tools/r8/internal/Q90
instanceKlass com/android/tools/r8/internal/P90
instanceKlass com/android/tools/r8/internal/X90
instanceKlass com/android/tools/r8/internal/Ra0
instanceKlass com/android/tools/r8/internal/Qa0
instanceKlass com/android/tools/r8/internal/y90
instanceKlass com/android/tools/r8/internal/xa0
instanceKlass com/android/tools/r8/internal/QM
instanceKlass com/android/tools/r8/internal/Ga0
instanceKlass com/android/tools/r8/internal/Xy0
instanceKlass com/android/tools/r8/internal/Vy0
instanceKlass com/android/tools/r8/internal/Yy
instanceKlass java/util/stream/MatchOps$MatchKind
instanceKlass com/android/tools/r8/internal/If0
instanceKlass com/android/tools/r8/internal/SS
instanceKlass com/android/tools/r8/internal/Gx0
instanceKlass com/android/tools/r8/internal/vw
instanceKlass com/android/tools/r8/internal/U60$a
instanceKlass com/android/tools/r8/internal/W5
instanceKlass com/android/tools/r8/internal/XJ
instanceKlass com/android/tools/r8/internal/tX
instanceKlass com/android/tools/r8/internal/oy
instanceKlass com/android/tools/r8/internal/PK
instanceKlass com/android/tools/r8/internal/H6
instanceKlass com/android/tools/r8/internal/ze$a
instanceKlass com/android/tools/r8/internal/LY
instanceKlass com/android/tools/r8/internal/W8$a
instanceKlass com/android/tools/r8/internal/Ox0
instanceKlass com/android/tools/r8/graph/V2
instanceKlass com/android/tools/r8/internal/sa
instanceKlass com/android/tools/r8/internal/Eb$a
instanceKlass com/android/tools/r8/internal/nb$a
instanceKlass com/android/tools/r8/internal/aC
instanceKlass com/android/tools/r8/internal/MW
instanceKlass com/android/tools/r8/internal/I20
instanceKlass com/android/tools/r8/internal/Mx0
instanceKlass com/android/tools/r8/internal/Fs0$a
instanceKlass com/android/tools/r8/ir/optimize/N$a
instanceKlass com/android/tools/r8/graph/k1
instanceKlass com/android/tools/r8/graph/G3$k
instanceKlass com/android/tools/r8/internal/Ac0
instanceKlass com/android/tools/r8/ProgramResource$Kind
instanceKlass com/android/tools/r8/graph/C2
instanceKlass com/android/tools/r8/dex/W$b
instanceKlass com/android/tools/r8/AssertionsConfiguration$a
instanceKlass com/android/tools/r8/internal/QJ$i
instanceKlass com/android/tools/r8/internal/S70
instanceKlass sun/util/logging/PlatformLogger$Level
instanceKlass jdk/internal/logger/BootstrapLogger$LoggingBackend
instanceKlass com/android/tools/r8/internal/O40
instanceKlass com/android/tools/r8/internal/Vs
instanceKlass com/android/tools/r8/dex/W$a
instanceKlass java/util/stream/Collector$Characteristics
instanceKlass java/util/stream/StreamShape
instanceKlass java/util/stream/StreamOpFlag$Type
instanceKlass java/util/stream/StreamOpFlag
instanceKlass com/android/tools/r8/internal/B2
instanceKlass com/android/tools/r8/internal/ZV
instanceKlass java/nio/file/AccessMode
instanceKlass com/android/tools/r8/CompilationMode
instanceKlass com/android/tools/r8/internal/QJ$f
instanceKlass com/android/tools/r8/OutputMode
instanceKlass com/android/tools/r8/DiagnosticsLevel
instanceKlass java/math/RoundingMode
instanceKlass com/android/tools/r8/l
instanceKlass jdk/internal/icu/util/CodePointTrie$ValueWidth
instanceKlass jdk/internal/icu/util/CodePointTrie$Type
instanceKlass java/text/Normalizer$Form
instanceKlass java/time/temporal/ChronoUnit
instanceKlass java/time/temporal/ChronoField
instanceKlass java/util/regex/Pattern$Qtype
instanceKlass sun/security/util/DisabledAlgorithmConstraints$Constraint$Operator
instanceKlass java/lang/System$Logger$Level
instanceKlass sun/security/rsa/RSAUtil$KeyType
instanceKlass sun/security/util/KnownOIDs
instanceKlass java/lang/invoke/MethodHandles$Lookup$ClassOption
instanceKlass java/lang/invoke/VarHandle$AccessType
instanceKlass java/lang/invoke/VarHandle$AccessMode
instanceKlass java/lang/invoke/MethodHandleImpl$Intrinsic
instanceKlass java/lang/invoke/LambdaForm$BasicType
instanceKlass java/lang/invoke/LambdaForm$Kind
instanceKlass sun/invoke/util/Wrapper
instanceKlass java/util/zip/ZipCoder$Comparison
instanceKlass java/util/concurrent/TimeUnit
instanceKlass java/nio/file/LinkOption
instanceKlass sun/nio/fs/WindowsPathType
instanceKlass java/nio/file/StandardOpenOption
instanceKlass java/io/File$PathStatus
instanceKlass java/lang/module/ModuleDescriptor$Requires$Modifier
instanceKlass java/lang/reflect/AccessFlag$Location
instanceKlass java/lang/reflect/AccessFlag
instanceKlass java/lang/module/ModuleDescriptor$Modifier
instanceKlass java/lang/reflect/ClassFileFormatVersion
instanceKlass java/lang/Thread$State
ciInstanceKlass java/lang/Enum 1 1 204 9 7 12 1 1 1 9 12 1 1 10 7 12 1 1 1 9 12 1 10 7 12 1 1 1 100 1 10 10 12 1 1 10 12 1 7 1 10 10 7 12 1 1 10 12 1 1 18 12 1 1 10 100 12 1 1 1 10 12 1 1 11 7 12 1 1 1 100 1 8 1 10 12 1 100 1 7 1 10 8 1 10 12 1 1 10 12 1 1 8 1 10 12 1 10 100 1 8 1 10 10 12 1 1 10 100 12 1 1 1 7 1 7 1 7 1 1 1 1 1 1 1 1 1 1 1 1 1 1 1 1 1 1 1 1 1 1 1 1 1 1 1 1 1 1 1 1 1 1 1 1 1 1 1 1 1 1 1 1 1 1 1 3 1 1 1 1 100 1 7 1 1 100 1 1 1 1 1 1 1 1 1 1 1 16 15 10 12 16 15 10 100 12 1 1 1 1 1 100 1 100 1 1
ciInstanceKlass java/lang/reflect/Method 1 1 472 9 7 12 1 1 1 10 100 12 1 1 1 10 100 12 1 1 9 12 1 1 10 12 1 1 10 12 1 1 10 100 12 1 1 10 7 12 1 1 1 9 12 1 1 9 12 1 9 12 1 1 9 12 1 9 12 1 9 12 1 1 9 12 1 9 12 1 1 9 12 1 9 12 1 9 12 1 1 100 1 8 1 10 12 1 10 12 1 9 12 1 1 8 1 10 7 12 1 1 10 7 12 1 1 1 10 12 1 1 10 12 1 1 10 12 1 10 12 1 1 10 12 1 1 9 100 12 1 1 1 10 12 1 1 10 12 10 100 12 1 1 10 12 1 1 10 12 1 10 12 1 10 12 1 10 7 12 1 1 1 10 12 1 1 10 7 1 10 7 12 1 1 1 10 100 12 1 1 10 12 1 1 10 12 1 1 10 12 1 10 7 12 1 1 1 10 12 1 10 8 1 10 12 1 10 12 1 100 1 8 1 8 1 8 1 10 12 1 10 12 1 1 10 12 1 1 10 10 12 1 1 10 12 1 11 7 1 10 12 1 9 12 1 1 10 12 1 1 10 12 1 10 12 1 1 10 12 1 1 11 7 12 1 1 1 11 12 1 9 12 1 1 10 12 1 10 12 1 10 12 1 10 12 1 10 12 1 10 12 1 9 12 1 1 10 7 12 1 1 1 10 7 12 1 1 10 12 1 1 10 100 12 1 1 1 10 100 12 1 1 1 10 100 12 1 1 1 11 100 12 1 1 1 10 100 12 1 1 1 100 1 100 1 100 1 10 12 1 10 12 1 1 10 12 1 100 1 8 1 10 12 1 10 10 12 1 1 10 12 1 1 10 12 1 1 10 12 1 1 8 1 10 12 1 1 1 1 1 1 1 1 1 1 1 1 1 1 1 1 1 1 1 1 1 1 1 1 1 1 1 1 1 1 1 1 1 1 1 1 1 1 1 1 1 1 1 1 1 1 1 1 1 1 1 1 1 100 1 100 1 100 1 1 1 1 1 1 1 1 1 1 1 1 1 1 1 1 1 1 1 1 1 1 1 1 1 1 1 1 1 1
ciInstanceKlass java/lang/reflect/Field 1 1 457 9 7 12 1 1 1 10 12 1 1 10 100 12 1 1 1 10 100 12 1 1 9 12 1 1 10 12 1 1 10 12 1 1 10 100 12 1 1 10 7 12 1 1 1 9 12 1 1 9 12 1 9 12 1 9 12 1 1 9 12 1 1 9 12 1 9 12 1 1 9 12 1 1 100 1 8 1 10 12 1 10 12 1 9 12 1 1 9 12 1 10 12 1 10 7 12 1 1 10 12 1 1 10 12 1 1 10 12 1 10 12 1 1 9 100 12 1 1 1 10 100 12 1 1 1 100 1 10 12 1 1 10 12 1 1 10 12 1 1 10 12 1 10 12 1 10 7 1 10 7 12 1 1 7 1 10 8 1 10 12 1 1 10 12 1 1 8 1 10 12 10 12 1 8 1 8 1 10 11 7 1 9 12 1 10 12 1 1 10 12 1 1 11 7 12 1 1 1 10 12 1 11 12 1 1 11 12 1 1 11 12 1 1 11 12 1 1 11 12 1 1 11 12 1 1 11 12 1 1 11 12 1 1 11 12 1 1 11 12 1 1 11 12 1 1 11 12 1 1 11 12 1 1 11 12 1 1 11 12 1 1 11 12 1 1 11 12 1 1 10 12 1 10 7 12 1 1 10 12 1 10 12 1 10 12 1 9 12 1 1 10 100 12 1 1 1 10 12 1 1 10 12 1 10 100 12 1 1 10 12 1 1 11 7 1 10 12 1 7 1 10 100 12 1 1 1 10 100 12 1 1 1 9 12 1 10 100 12 1 1 1 11 100 12 1 1 1 10 12 1 1 10 12 1 1 9 100 12 1 1 10 100 12 1 1 1 10 12 1 1 7 1 1 1 1 1 1 1 1 1 1 1 1 1 1 1 1 1 1 1 1 1 1 1 1 1 1 1 1 1 1 1 1 1 1 1 1 1 1 1 100 1 1 1 1 1 1 1 1 1 1 1 1 1 1 1 1 1 1 1 1 1 1 1 1 1 1 1 1 1 1 1 1 7 1 1 1 1 1 1 1 1 1 100 1 1
ciInstanceKlass java/lang/reflect/Parameter 0 0 243 10 7 12 1 1 1 9 7 12 1 1 1 9 12 1 1 9 12 1 1 9 12 1 10 12 1 1 10 12 1 1 10 7 12 1 1 1 7 1 10 10 12 1 1 11 7 12 1 1 1 10 12 1 10 100 12 1 1 1 10 12 1 1 10 12 1 10 12 1 8 1 8 1 10 7 12 1 1 1 10 12 1 10 12 9 100 12 1 1 1 10 100 12 1 1 1 10 12 1 8 1 10 12 1 9 12 1 1 10 12 1 1 9 12 1 1 10 12 1 1 10 12 1 1 10 12 1 1 10 12 1 10 10 12 1 10 100 12 1 1 1 10 12 1 1 11 7 12 1 1 10 7 12 1 1 7 1 10 100 12 1 1 1 10 12 1 1 10 12 1 1 10 12 1 1 10 12 1 1 9 12 1 100 1 10 11 12 1 1 11 12 1 1 7 1 1 1 1 1 1 1 1 1 1 1 1 1 1 1 1 1 1 1 1 1 1 1 1 1 1 1 1 1 1 1 1 1 1 1 1 1 1 1 1 1 100 1 1 1 1 1 1
ciInstanceKlass java/lang/reflect/RecordComponent 0 0 196 10 7 12 1 1 1 9 7 12 1 1 1 9 12 1 1 9 12 1 10 12 1 1 10 12 1 1 10 100 12 1 1 1 10 12 1 1 9 12 1 1 10 12 1 1 10 12 1 1 10 12 1 10 100 12 1 1 10 100 12 1 1 9 12 1 1 10 100 12 1 1 1 11 100 12 1 1 1 10 9 100 12 1 1 1 10 100 12 1 1 1 9 12 1 1 10 100 12 1 1 1 10 12 1 1 11 7 12 1 1 10 7 12 1 1 7 1 9 12 1 9 12 1 1 9 12 1 10 100 12 1 1 1 10 12 1 1 10 12 1 1 7 1 10 10 12 1 10 12 1 1 8 1 10 12 1 10 12 1 9 12 1 7 1 1 1 1 1 1 1 1 1 1 1 1 1 1 1 1 1 1 1 1 1 1 7 1 1 1 1 1 1 100 1 1
ciInstanceKlass java/lang/StringBuffer 1 1 483 10 7 12 1 1 1 10 12 1 10 12 1 10 12 1 1 9 7 12 1 1 1 10 12 1 1 10 12 1 10 12 1 1 9 12 1 1 10 12 1 10 12 1 1 10 12 1 1 10 12 1 10 12 1 1 10 12 1 10 12 1 1 10 12 1 1 10 7 12 1 1 1 10 12 1 1 10 12 1 10 12 1 10 12 1 10 12 1 10 12 1 10 12 1 10 12 1 10 12 1 10 12 1 10 12 1 10 12 1 10 12 1 10 12 1 10 12 1 1 10 12 1 10 12 1 1 10 12 1 1 10 10 12 1 1 10 12 1 10 12 1 10 12 1 10 12 1 10 12 1 10 12 1 10 12 10 12 1 10 12 1 10 12 1 10 12 1 1 10 12 1 10 12 1 10 10 12 1 1 10 12 1 10 12 1 10 12 1 10 10 100 12 1 1 1 10 10 12 1 1 9 12 1 1 10 100 12 1 1 10 100 1 8 10 100 12 1 1 1 8 10 12 1 8 1 10 12 1 10 12 1 10 100 12 1 1 1 10 100 12 1 1 1 7 1 10 12 100 1 8 1 10 10 12 1 1 10 12 1 1 10 12 1 10 12 1 10 12 1 1 10 12 1 10 12 1 10 12 1 10 12 1 10 12 1 10 12 10 12 1 10 12 1 10 12 1 10 12 1 10 12 1 10 12 1 10 12 1 10 12 1 10 12 1 10 12 1 10 12 10 12 10 12 1 10 12 1 10 12 1 10 12 10 12 1 10 12 1 10 12 1 10 12 1 10 12 1 10 12 1 10 12 1 10 12 1 10 12 1 10 12 1 10 12 1 7 1 10 12 1 9 7 12 1 1 1 9 7 1 9 12 1 1 7 1 7 1 7 1 7 1 1 1 1 5 0 1 1 1 1 1 1 1 1 1 1 1 1 1 1 1 1 1 1 1 1 1 1 1 1 1 1 1 1 1 1 1 1 1 1 1 1 1 1 1 1 1 1 1 1 1 1 1 1 1 1 1 1 1 1 1 1 1 1 1 1 1 100 1 1 1 1 1 7 1 1 1 1 1 1 1 1 1 1 1 1 1 1 1 1 1 1
staticfield java/lang/StringBuffer serialPersistentFields [Ljava/io/ObjectStreamField; 3 [Ljava/io/ObjectStreamField;
instanceKlass jdk/internal/loader/BuiltinClassLoader
ciInstanceKlass java/security/SecureClassLoader 1 1 102 10 7 12 1 1 1 7 1 10 12 1 9 7 12 1 1 1 10 12 1 10 12 1 10 12 1 1 10 12 1 1 10 12 1 7 1 10 7 1 10 12 1 7 1 10 12 1 11 7 12 1 1 1 7 1 11 12 1 10 12 1 1 1 1 1 1 1 1 1 1 1 1 1 1 1 1 1 1 1 1 1 1 1 1 1 1 1 1 1 1 1 1 1 1 1 1 100 1 1 1 1
ciInstanceKlass java/util/jar/Manifest 1 1 339 10 7 12 1 1 1 7 1 10 9 7 12 1 1 1 7 1 10 9 12 1 1 9 12 1 1 10 12 1 10 12 1 1 10 12 1 1 10 12 1 1 10 12 1 1 11 7 1 11 12 1 1 10 12 1 1 10 100 12 1 1 1 100 1 7 1 10 8 1 10 12 1 1 10 12 1 1 10 12 1 10 12 1 11 100 1 10 12 1 10 12 1 1 11 12 1 1 10 12 1 11 12 1 1 11 100 12 1 1 1 11 7 12 1 1 11 12 1 1 100 1 10 12 1 8 1 11 12 1 7 1 10 12 1 1 11 12 1 10 12 1 10 12 1 10 7 12 1 1 1 8 1 10 12 1 1 10 9 7 12 1 1 1 10 12 1 1 10 100 12 1 10 12 1 10 12 1 9 100 12 1 1 1 8 1 10 12 1 8 1 8 1 7 1 10 12 1 10 12 1 10 12 1 1 100 1 8 1 10 12 1 1 8 1 10 10 12 1 1 8 1 10 12 1 1 10 7 12 1 1 1 10 12 1 10 11 12 1 1 10 12 1 10 7 12 1 1 1 10 12 1 1 10 12 1 10 12 1 1 11 10 12 1 11 10 12 1 7 1 1 1 1 1 1 1 1 1 1 1 1 1 1 1 1 1 1 1 1 1 1 1 1 1 1 1 1 1 1 1 1 1 1 1 1 1 1 1 1 1 1 1 100 1 1 1 1 1 1 1 1 1 1 1 1 1 1 7 1 1 1 1 1 1 1 1 1 1 1
ciInstanceKlass java/io/ByteArrayInputStream 1 1 117 10 7 12 1 1 1 9 7 12 1 1 1 9 12 1 1 9 12 1 9 12 1 10 100 12 1 1 1 10 7 12 1 1 1 10 7 12 1 1 1 10 100 12 1 1 1 10 12 1 1 3 10 100 1 10 100 12 1 1 1 9 12 1 1 100 1 10 10 7 12 1 1 1 1 1 1 1 1 1 1 1 1 1 1 1 1 1 1 1 1 1 1 1 1 1 1 1 1 1 1 1 100 1 1 1 1 1 1 1 1 1 1 1 1 1 1
staticfield java/io/ByteArrayInputStream $assertionsDisabled Z 1
instanceKlass java/nio/IntBuffer
instanceKlass java/nio/LongBuffer
instanceKlass java/nio/CharBuffer
instanceKlass java/nio/ByteBuffer
ciInstanceKlass java/nio/Buffer 1 1 256 100 1 10 7 12 1 1 1 9 7 12 1 1 1 9 12 1 9 12 1 1 9 12 1 9 12 1 1 10 12 1 1 10 12 1 1 10 12 100 1 7 1 10 8 1 10 12 1 1 10 12 1 8 1 8 1 10 12 1 1 10 12 1 8 1 9 12 1 1 100 1 8 1 10 12 1 8 1 8 1 9 12 10 12 1 8 1 8 1 8 1 10 12 1 8 1 8 1 8 1 100 1 10 100 1 10 100 1 10 9 12 1 1 10 7 12 1 1 1 100 1 10 12 1 1 10 12 1 10 100 12 1 1 10 7 12 1 1 1 10 7 12 1 1 1 9 12 1 1 10 7 12 1 1 1 9 12 1 1 7 1 10 10 12 1 1 7 1 10 10 7 12 1 1 1 1 1 3 1 1 1 1 1 1 1 1 1 1 1 1 1 1 100 1 1 1 1 1 1 1 7 1 1 1 1 1 1 1 1 1 1 1 1 1 1 1 1 1 1 1 1 1 1 1 1 1 1 1 1 1 1 1 1 1 1 1 1 1 1 1 100 1 100 1 100 1 100 1 100 1 100 1 100 1 1
staticfield java/nio/Buffer UNSAFE Ljdk/internal/misc/Unsafe; jdk/internal/misc/Unsafe
staticfield java/nio/Buffer SCOPED_MEMORY_ACCESS Ljdk/internal/misc/ScopedMemoryAccess; jdk/internal/misc/ScopedMemoryAccess
staticfield java/nio/Buffer IOOBE_FORMATTER Ljava/util/function/BiFunction; jdk/internal/util/Preconditions$4
staticfield java/nio/Buffer $assertionsDisabled Z 1
ciInstanceKlass java/util/Objects 1 1 184 10 7 12 1 1 1 100 1 8 1 10 12 1 10 12 1 1 10 7 12 1 1 1 10 12 1 1 10 12 1 10 7 12 1 1 1 10 12 1 1 10 7 12 1 1 1 7 1 10 10 12 1 1 10 7 12 1 1 10 12 1 1 8 1 10 7 12 1 1 1 10 7 12 1 1 1 10 11 100 12 1 1 1 100 1 10 10 12 1 8 1 10 12 1 8 1 100 1 11 12 1 1 8 1 10 7 12 1 1 1 10 12 1 1 10 12 1 10 12 1 10 12 1 10 12 1 1 1 1 1 1 1 1 1 1 1 1 1 1 1 1 1 1 1 1 1 1 1 1 1 1 1 1 1 1 1 1 1 1 1 1 1 1 1 1 1 1 1 1 1 1 1 1 1 1 1 1 1 1 1 1 1 1
ciMethod java/util/Objects requireNonNull (Ljava/lang/Object;)Ljava/lang/Object; 1024 0 7495801 0 -1
instanceKlass java/util/Collections$CopiesList
instanceKlass java/util/Collections$SingletonList
instanceKlass java/util/ArrayList$SubList
instanceKlass java/util/Vector
instanceKlass sun/security/jca/ProviderList$ServiceList
instanceKlass java/util/Arrays$ArrayList
instanceKlass sun/security/jca/ProviderList$3
instanceKlass java/util/AbstractSequentialList
instanceKlass java/util/Collections$EmptyList
instanceKlass java/util/ArrayList
ciInstanceKlass java/util/AbstractList 1 1 218 10 7 12 1 1 1 9 7 12 1 1 1 10 12 1 1 10 12 1 1 100 1 10 10 12 1 1 11 100 12 1 1 1 11 12 1 1 11 12 1 10 7 12 1 1 1 10 12 1 11 12 1 11 12 1 11 12 1 10 12 1 1 10 12 1 1 11 7 12 1 1 1 11 7 1 11 100 1 10 12 1 100 1 10 12 1 10 12 1 1 7 1 100 1 10 12 1 100 1 10 100 1 7 1 10 8 1 10 12 1 1 10 12 1 10 12 1 1 10 12 1 8 1 100 1 8 1 8 1 8 1 10 7 1 11 10 10 12 1 11 12 1 10 12 1 1 8 1 8 1 1 1 1 1 1 1 1 1 1 1 1 1 1 1 1 1 1 1 1 1 1 1 1 1 1 1 1 1 1 1 1 1 1 1 1 1 1 1 1 1 1 1 1 1 1 1 1 1 1 1 1 1 1 1 1 1 1 100 1 100 1 1 1 1 1 1 1
ciInstanceKlass java/util/List 1 1 251 10 100 12 1 1 1 11 100 12 1 1 1 11 100 12 1 1 1 11 12 1 1 11 100 12 1 1 11 12 1 1 11 12 1 1 10 100 12 1 1 1 100 1 100 1 10 12 1 1 100 1 10 100 12 1 1 1 11 12 1 1 11 12 1 11 12 1 100 1 10 12 1 11 12 1 1 11 12 1 1 11 12 1 10 100 12 1 1 1 9 7 12 1 1 1 7 1 10 12 10 12 1 7 1 10 12 1 1 10 12 1 10 12 1 1 11 12 1 1 100 1 1 1 1 1 1 1 1 1 1 1 1 1 1 1 1 1 1 1 1 1 1 1 1 1 1 1 1 1 1 1 1 1 1 1 1 1 1 1 1 1 1 1 1 100 1 100 1 1 1 1 1 1 1 1 1 1 1 1 1 1 1 1 1 1 1 1 1 1 1 1 1 1 1 1 1 1 1 1 1 1 1 1 1 1 1 1 1 1 1 1 1 1 1 1 1 1 1 1 1 1 1 1 1 1 1 1 1 1 1 1 1 1 1 1 1 1 1 1 1 1 1 1 100 1 1 100 1 1 1
ciInstanceKlass java/util/SequencedCollection 1 1 109 100 1 10 12 1 1 11 7 12 1 1 1 11 7 12 1 1 1 11 12 1 1 11 12 1 7 1 7 1 1 1 1 1 1 1 1 1 1 1 1 1 1 1 1 1 1 1 1 1 1 1 1 1 1 1 1 1 100 1 8 1 1 12 10 1 1 1 8 1 1 1 8 1 1 1 8 1 1 1 8 1 1 8 1 1 1 8 1 1 8 1 1 1 8 1 1 8 1 1 1 8 1 1 8 1 1 8 1
ciInstanceKlass java/util/Collection 1 1 115 11 100 12 1 1 1 100 1 11 7 12 1 1 1 10 7 12 1 1 1 11 12 1 1 11 7 12 1 1 1 11 12 1 1 11 7 12 1 1 1 11 12 1 1 10 100 12 1 1 1 11 12 1 10 7 12 1 1 1 100 1 100 1 1 1 1 1 1 1 1 1 1 1 1 1 1 1 1 1 1 1 1 1 1 1 1 1 1 1 1 1 1 1 1 1 1 1 1 1 1 1 1 1 1 1 1 1 1 1 1 1 1 1 1
ciInstanceKlass java/lang/Iterable 1 1 62 10 7 12 1 1 1 11 7 12 1 1 1 11 7 12 1 1 1 11 12 1 1 11 7 12 1 1 1 10 100 12 1 1 1 100 1 1 1 1 1 1 1 1 1 1 1 1 1 1 1 1 1 1 1 1 1 1 1 1 1 1
instanceKlass com/android/tools/r8/internal/x0
instanceKlass com/android/tools/r8/internal/V0
instanceKlass java/util/IdentityHashMap$Values
instanceKlass com/android/tools/r8/internal/W
instanceKlass com/android/tools/r8/internal/y1
instanceKlass com/android/tools/r8/internal/b1
instanceKlass java/util/AbstractQueue
instanceKlass java/util/HashMap$Values
instanceKlass com/android/tools/r8/internal/kC
instanceKlass java/util/LinkedHashMap$LinkedValues
instanceKlass java/util/ArrayDeque
instanceKlass java/util/AbstractSet
instanceKlass java/util/ImmutableCollections$AbstractImmutableCollection
instanceKlass java/util/AbstractList
ciInstanceKlass java/util/AbstractCollection 1 1 160 10 7 12 1 1 1 10 7 12 1 1 1 10 12 1 1 11 7 12 1 1 1 11 12 1 1 10 12 1 1 10 100 12 1 1 1 10 12 1 1 10 12 1 1 10 7 12 1 1 10 7 12 1 1 1 7 1 10 7 12 1 1 1 10 100 12 1 1 1 100 1 10 11 12 1 11 7 1 10 12 1 10 12 1 10 7 12 1 1 1 11 8 1 7 1 10 10 12 1 1 8 1 10 12 1 10 12 1 1 1 1 1 1 1 1 1 1 1 1 1 1 1 1 1 1 1 1 1 1 1 1 1 1 1 1 1 1 1 1 1 1 1 1 1 1 1 1 1 1 1 1 1 1 1 1 1 1 1 1
ciMethod java/util/AbstractCollection add (Ljava/lang/Object;)Z 0 0 1 0 -1
ciMethod java/util/AbstractCollection contains (Ljava/lang/Object;)Z 0 0 1 0 -1
ciInstanceKlass java/lang/AssertionStatusDirectives 0 0 24 10 100 12 1 1 1 100 1 1 1 1 1 1 1 1 1 1 1 1 1 1 1 1
instanceKlass com/android/tools/r8/internal/r10
instanceKlass java/lang/SecurityException
instanceKlass com/android/tools/r8/internal/ew0
instanceKlass com/android/tools/r8/kotlin/p
instanceKlass com/android/tools/r8/internal/cw0
instanceKlass com/android/tools/r8/graph/v4
instanceKlass com/android/tools/r8/internal/hw0
instanceKlass com/android/tools/r8/internal/ML
instanceKlass com/android/tools/r8/internal/Wv0
instanceKlass com/android/tools/r8/internal/lK
instanceKlass java/util/ConcurrentModificationException
instanceKlass java/util/NoSuchElementException
instanceKlass java/lang/IndexOutOfBoundsException
instanceKlass com/android/tools/r8/internal/mK
instanceKlass com/android/tools/r8/internal/Qf
instanceKlass com/android/tools/r8/internal/g
instanceKlass java/lang/UnsupportedOperationException
instanceKlass java/io/UncheckedIOException
instanceKlass java/lang/IllegalStateException
instanceKlass com/android/tools/r8/internal/zv
instanceKlass com/android/tools/r8/internal/J8
instanceKlass java/lang/IllegalArgumentException
instanceKlass java/lang/ArithmeticException
instanceKlass java/lang/NullPointerException
instanceKlass java/lang/IllegalMonitorStateException
instanceKlass java/lang/ArrayStoreException
instanceKlass java/lang/ClassCastException
ciInstanceKlass java/lang/RuntimeException 1 1 40 10 7 12 1 1 1 10 12 1 10 12 1 10 12 1 10 12 1 100 1 1 1 1 5 0 1 1 1 1 1 1 1 1 1 1 1 1 1 1
instanceKlass java/util/stream/Collectors$CollectorImpl
instanceKlass java/security/SecureClassLoader$CodeSourceKey
instanceKlass sun/security/pkcs/SignerInfo$AlgorithmInfo
instanceKlass jdk/internal/misc/ThreadTracker$ThreadRef
instanceKlass jdk/internal/reflect/ReflectionFactory$Config
instanceKlass jdk/internal/foreign/abi/UpcallLinker$CallRegs
instanceKlass jdk/internal/foreign/abi/VMStorage
ciInstanceKlass java/lang/Record 1 1 22 10 7 12 1 1 1 100 1 1 1 1 1 1 1 1 1 1 1 1 1 1
ciInstanceKlass java/lang/invoke/MethodType 1 1 780 7 1 10 7 12 1 1 1 9 12 1 1 9 12 1 1 9 12 1 1 10 7 12 1 1 1 9 7 12 1 1 8 1 10 100 12 1 1 1 9 7 1 9 7 1 10 12 1 1 7 1 10 8 1 10 12 1 1 10 12 1 10 12 1 1 7 1 8 1 10 12 1 100 1 10 10 12 1 10 12 1 1 10 12 1 1 11 7 12 1 1 1 9 12 1 11 12 1 1 7 10 12 1 1 10 12 1 1 7 1 7 1 10 7 12 1 1 1 10 12 1 10 12 1 9 12 1 1 10 7 12 1 1 10 12 1 1 10 7 12 1 1 1 10 7 12 1 1 1 10 12 1 9 12 1 1 10 12 1 1 10 12 1 1 10 12 1 1 10 12 1 1 10 12 1 1 10 12 1 10 12 1 10 12 1 1 10 12 1 8 1 8 1 10 12 1 1 9 12 1 1 100 1 10 10 12 1 1 10 12 1 10 12 1 1 10 12 1 1 10 12 1 10 12 1 10 12 1 8 1 10 12 1 1 10 100 12 1 1 1 10 12 1 10 12 1 1 10 12 1 10 12 1 10 12 1 1 10 12 1 10 12 1 9 12 1 10 12 1 10 10 12 1 1 10 12 1 9 12 1 1 10 12 1 1 11 12 1 1 10 12 1 1 10 12 1 10 12 1 100 1 8 1 8 1 8 1 10 12 1 10 12 1 10 12 1 1 10 10 12 1 11 12 1 1 11 12 1 10 100 12 1 1 1 9 12 1 10 12 1 10 12 1 1 10 12 1 1 10 12 1 10 12 1 10 100 12 1 1 1 10 12 1 1 10 12 1 10 12 1 10 12 1 10 9 12 1 1 7 1 10 12 1 10 12 1 1 9 100 12 1 1 1 10 7 12 1 1 1 10 7 12 1 1 1 10 12 1 1 10 7 12 1 1 1 10 12 1 1 8 1 10 7 12 1 1 1 11 12 1 1 9 12 1 1 10 12 1 1 10 12 1 10 12 1 1 10 12 1 1 10 100 12 1 1 100 1 10 12 1 1 11 100 12 1 1 18 12 1 1 11 12 1 1 18 12 1 11 12 1 100 1 11 100 12 1 1 10 12 1 100 1 10 12 1 10 100 12 1 1 10 12 1 1 9 12 1 1 9 100 12 1 1 1 10 7 12 1 1 1 9 12 1 10 100 12 1 1 10 12 1 100 10 12 1 1 10 12 1 7 1 10 10 12 1 1 7 1 7 1 9 12 1 1 7 1 7 1 7 1 1 1 5 0 1 1 1 1 1 1 1 3 1 3 1 3 1 1 1 1 1 1 1 1 1 1 1 1 1 1 1 1 1 1 1 1 1 1 1 1 1 1 1 1 1 1 1 1 1 1 1 1 1 1 1 1 1 1 1 1 1 1 1 1 1 1 1 1 1 1 1 1 1 1 1 1 1 1 1 1 1 1 1 1 1 1 1 1 1 1 1 1 1 1 1 1 1 1 1 1 1 1 1 1 1 1 1 1 1 1 1 1 1 1 1 1 1 1 1 1 1 1 1 1 1 1 1 1 1 1 1 1 1 1 1 1 1 1 1 1 1 1 1 1 1 1 100 1 100 1 1 1 1 1 1 1 1 1 1 1 1 1 100 1 1 1 7 1 1 1 1 1 1 1 1 1 1 1 1 1 1 1 1 1 1 1 1 1 1 16 15 10 12 16 16 15 10 12 16 15 10 100 12 1 1 1 1 1 7 1 1 7 1 1 100 1 100 1 1
staticfield java/lang/invoke/MethodType internTable Ljdk/internal/util/ReferencedKeySet; jdk/internal/util/ReferencedKeySet
staticfield java/lang/invoke/MethodType NO_PTYPES [Ljava/lang/Class; 0 [Ljava/lang/Class;
staticfield java/lang/invoke/MethodType objectOnlyTypes [Ljava/lang/invoke/MethodType; 20 [Ljava/lang/invoke/MethodType;
staticfield java/lang/invoke/MethodType METHOD_HANDLE_ARRAY [Ljava/lang/Class; 1 [Ljava/lang/Class;
staticfield java/lang/invoke/MethodType serialPersistentFields [Ljava/io/ObjectStreamField; 0 [Ljava/io/ObjectStreamField;
staticfield java/lang/invoke/MethodType $assertionsDisabled Z 1
ciInstanceKlass java/lang/invoke/TypeDescriptor$OfMethod 1 0 43 100 1 100 1 100 1 1 1 1 1 1 1 1 1 1 1 1 1 1 1 1 1 1 1 1 1 1 1 1 1 1 1 1 1 1 1 1 1 1 100 1 1
instanceKlass java/lang/InstantiationException
instanceKlass java/lang/IllegalAccessException
instanceKlass java/lang/reflect/InvocationTargetException
instanceKlass java/lang/NoSuchFieldException
instanceKlass java/lang/NoSuchMethodException
instanceKlass java/lang/ClassNotFoundException
ciInstanceKlass java/lang/ReflectiveOperationException 1 1 34 10 7 12 1 1 1 10 12 1 10 12 1 10 12 1 100 1 1 1 1 5 0 1 1 1 1 1 1 1 1 1 1 1
instanceKlass java/lang/invoke/DelegatingMethodHandle
instanceKlass java/lang/invoke/BoundMethodHandle
instanceKlass java/lang/invoke/DirectMethodHandle
ciInstanceKlass java/lang/invoke/MethodHandle 1 1 733 100 1 9 7 12 1 1 1 10 7 12 1 1 1 10 7 12 1 1 1 7 1 7 1 10 12 1 1 9 12 1 1 10 12 1 10 12 1 1 10 12 1 1 10 100 12 1 1 1 10 12 1 1 10 12 1 1 11 7 12 1 1 1 10 12 1 1 10 12 1 10 12 1 10 12 1 1 9 12 1 1 9 12 1 1 10 7 12 1 1 1 10 12 1 1 10 12 1 10 12 1 100 1 7 1 10 8 1 10 12 1 1 10 12 1 8 1 10 12 1 1 10 12 1 10 7 12 1 1 1 10 12 1 1 10 12 1 1 10 12 1 1 10 7 12 1 1 1 10 12 1 1 10 12 1 1 10 12 1 10 12 1 1 10 7 12 1 1 10 7 12 1 1 10 12 1 10 12 1 10 12 1 1 10 12 1 1 10 12 1 1 10 12 1 1 10 7 12 1 1 1 10 100 12 1 1 1 10 12 1 1 10 12 1 1 10 12 1 1 8 1 10 7 12 1 1 1 8 1 10 12 1 10 12 1 1 10 12 1 1 10 12 1 8 1 10 12 1 1 8 1 10 12 1 8 1 10 7 12 1 1 1 9 12 1 1 100 1 10 9 7 12 1 1 1 9 7 1 8 1 10 12 1 1 10 12 1 10 12 1 1 10 12 1 10 12 1 1 10 12 1 10 12 1 1 10 12 1 10 12 1 1 10 12 1 1 8 1 10 12 1 1 8 1 10 12 1 10 12 1 1 10 12 1 10 12 1 10 12 1 1 9 100 12 1 1 1 10 12 1 1 11 12 1 10 12 1 10 12 1 1 10 100 12 1 1 100 1 11 12 1 10 100 1 11 12 1 7 1 10 12 1 11 12 1 9 100 12 1 1 1 11 12 1 1 11 100 12 1 1 1 10 12 1 1 9 12 1 11 12 1 9 12 1 9 12 1 9 12 1 11 12 1 1 9 12 1 9 12 1 9 12 1 9 12 1 9 12 1 9 12 1 9 12 1 8 1 10 12 1 10 12 1 8 1 10 12 1 10 12 1 10 12 1 1 10 10 10 7 12 1 1 10 12 1 1 100 1 100 1 8 1 8 1 10 10 12 1 1 10 12 1 10 12 1 7 1 10 100 12 1 1 1 10 9 7 12 1 1 1 10 12 1 1 10 12 1 1 8 1 8 1 10 7 12 1 1 9 12 1 9 12 1 1 9 12 1 1 10 12 1 7 1 10 12 1 10 12 1 1 9 12 1 1 9 12 1 1 10 7 12 1 1 1 11 7 12 1 1 9 12 1 10 12 1 1 9 12 1 10 12 1 8 10 12 1 1 8 1 1 1 1 1 1 1 1 7 1 1 1 1 1 1 1 1 1 1 1 1 1 1 1 1 1 1 1 1 1 1 1 1 1 1 1 1 1 1 100 1 1 1 1 1 1 1 1 1 1 1 1 1 1 1 1 1 1 1 1 1 1 1 1 1 1 1 1 1 1 1 1 1 1 1 1 1 1 1 1 1 1 1 1 1 1 1 1 1 1 1 1 1 1 1 1 1 1 1 1 1 1 1 1 1 1 1 1 1 1 1 1 1 1 1 1 1 1 1 1 1 1 1 1 1 1 100 1 1 100 1 7 1 100 1 1 100 1 1 100 1 1 1 1
staticfield java/lang/invoke/MethodHandle FORM_OFFSET J 20
staticfield java/lang/invoke/MethodHandle UPDATE_OFFSET J 13
staticfield java/lang/invoke/MethodHandle $assertionsDisabled Z 1
ciInstanceKlass java/util/concurrent/ConcurrentHashMap 1 1 1210 7 1 7 1 3 10 12 1 1 3 7 1 10 7 12 1 1 1 7 1 10 7 12 1 1 1 7 1 11 12 1 1 11 12 1 11 12 1 1 9 12 1 1 9 12 1 1 9 12 1 10 7 12 1 1 1 7 1 10 12 1 1 10 12 1 1 10 7 12 1 1 1 4 10 12 1 9 12 1 10 12 1 1 100 1 10 5 0 10 12 1 10 12 1 1 5 0 10 12 1 1 10 12 1 9 12 1 1 10 12 1 1 9 12 1 9 12 1 1 10 12 1 1 9 12 1 10 12 1 1 9 12 1 1 10 12 1 1 100 1 10 7 1 10 12 1 10 12 1 1 10 12 1 1 10 12 1 1 10 12 1 10 12 1 1 10 12 1 1 7 1 10 12 1 1 7 1 100 1 8 1 10 12 1 10 12 1 1 10 12 1 1 11 7 12 1 1 10 12 1 1 11 12 1 1 11 7 12 1 1 1 11 7 12 1 1 1 11 12 1 7 1 11 12 1 11 12 1 10 12 1 1 10 12 1 1 9 12 1 1 10 7 12 1 1 1 9 10 12 1 1 9 12 1 10 12 1 1 5 0 9 12 1 1 7 1 10 12 1 9 12 1 1 7 1 10 12 1 9 12 1 7 1 10 7 1 10 10 12 1 1 8 1 10 12 1 10 12 1 1 11 100 1 10 12 1 10 100 12 1 1 1 8 1 10 100 12 1 1 1 8 1 10 12 1 8 1 10 12 1 10 12 1 1 10 100 12 1 1 10 12 1 10 12 1 10 12 1 9 12 1 9 10 12 1 9 12 1 1 11 7 12 1 1 1 11 7 12 1 1 1 100 1 10 12 11 100 12 1 1 10 11 7 12 1 10 12 1 100 1 10 12 1 100 1 10 10 9 7 12 1 1 1 10 12 3 10 7 12 1 1 9 12 1 10 12 1 1 9 12 1 1 9 12 1 10 12 1 1 10 7 12 1 1 9 12 1 9 7 12 1 1 10 12 1 1 10 12 1 3 9 12 1 9 12 1 10 12 1 1 7 1 9 3 9 12 1 7 1 10 12 1 9 12 1 10 12 1 9 12 1 10 12 1 9 12 1 10 7 12 1 1 1 7 10 12 1 7 1 5 0 10 100 12 1 1 100 1 10 12 1 1 10 12 1 10 12 1 100 1 10 12 1 10 100 1 100 1 10 10 12 1 10 100 1 10 12 1 10 100 1 10 12 1 10 7 1 10 12 1 1 100 1 10 12 1 10 10 12 1 100 1 10 12 1 10 10 12 1 100 1 10 12 1 10 100 1 10 12 1 10 100 1 10 12 1 10 100 1 10 12 1 10 100 1 10 12 1 10 100 1 10 12 1 10 100 1 10 12 1 10 100 1 10 12 1 10 100 1 10 10 100 1 10 10 100 1 10 10 100 1 10 12 1 10 100 1 10 12 1 10 100 1 10 12 1 10 100 1 10 12 1 10 100 1 10 12 1 10 100 1 10 10 100 1 10 10 100 1 10 10 100 1 10 12 1 10 100 1 10 12 1 10 100 1 10 12 1 10 100 1 10 12 1 10 100 1 10 12 1 10 10 12 1 10 7 12 1 1 1 10 12 1 7 1 7 1 10 12 1 9 12 1 1 9 12 1 1 10 12 1 1 8 10 12 1 1 8 8 8 8 7 10 12 1 1 10 12 1 100 1 8 1 10 7 1 7 1 7 1 1 1 5 0 1 1 3 1 3 1 1 1 1 3 1 3 1 3 1 1 1 1 1 3 1 3 1 3 1 1 1 1 1 1 1 1 1 1 1 1 1 1 1 1 1 1 1 1 1 1 1 1 1 100 1 1 1 1 1 1 1 1 1 1 1 1 1 1 1 1 1 1 1 1 1 1 1 1 1 1 1 1 1 1 1 1 1 1 1 1 1 1 1 1 1 1 1 1 1 1 1 1 1 1 1 1 1 1 1 1 1 1 1 1 1 1 1 1 1 1 1 1 1 1 1 1 1 1 1 1 1 1 1 1 1 1 1 1 100 1 1 1 1 1 1 1 1 1 1 1 7 1 1 1 1 1 1 1 1 1 1 1 1 1 1 1 1 1 1 1 1 1 1 1 1 1 1 1 1 1 1 1 1 1 1 1 1 1 1 1 1 1 1 1 1 1 1 1 1 1 1 1 1 1 1 1 1 1 1 1 1 1 1 1 1 1 1 1 1 1 1 1 1 1 1 1 1 1 1 1 1 1 1 1 1 1 1 1 1 1 1 1 1 1 1 1 1 1 1 1 1 1 1 1 1 1 1 1 1 1 1 1 1 1 1 1 1 1 1 1 1 1 1 1 1 1 1 1 1 1 1 1 1 1 1 1 1 1 1 1 1 1 1 1 1 1 1 1 1 1 1 1 1 1 1 1 1 1 1 1 1 1 1 1 1 1 1 1 1 1 1 1 1 1 1 1 1 1 1 1 1 1 1 1 1 1 1 1 1 1 1 1 1 1 1 1 1 1 1 1 1 1 1 1 1 1 1 1 1 1 1 1 1 1 1 1 1 1 1 1 1 1 1 1 100 1 100 1 100 1 100 1 100 1 100 1 100 1 100 1 100 1 1 1 1 1 1 1 1 1 1 1 1 1 1 1 1 1 1 1 1 1 1 1 1 1 1 1 1 1 1 1 1 1 1 1 1 1 1 1 1 1 1 1 1 1 1 1 1 1 1 1 1 1 1 1 1 1 1
staticfield java/util/concurrent/ConcurrentHashMap NCPU I 8
staticfield java/util/concurrent/ConcurrentHashMap serialPersistentFields [Ljava/io/ObjectStreamField; 3 [Ljava/io/ObjectStreamField;
staticfield java/util/concurrent/ConcurrentHashMap U Ljdk/internal/misc/Unsafe; jdk/internal/misc/Unsafe
staticfield java/util/concurrent/ConcurrentHashMap SIZECTL J 20
staticfield java/util/concurrent/ConcurrentHashMap TRANSFERINDEX J 32
staticfield java/util/concurrent/ConcurrentHashMap BASECOUNT J 24
staticfield java/util/concurrent/ConcurrentHashMap CELLSBUSY J 36
staticfield java/util/concurrent/ConcurrentHashMap CELLVALUE J 144
staticfield java/util/concurrent/ConcurrentHashMap ABASE I 16
staticfield java/util/concurrent/ConcurrentHashMap ASHIFT I 2
instanceKlass java/util/Collections$SingletonMap
instanceKlass com/android/tools/r8/internal/On0
instanceKlass com/android/tools/r8/internal/nT
instanceKlass java/util/EnumMap
instanceKlass com/android/tools/r8/internal/cW
instanceKlass java/util/TreeMap
instanceKlass java/util/IdentityHashMap
instanceKlass java/util/WeakHashMap
instanceKlass java/util/Collections$EmptyMap
instanceKlass sun/util/PreHashedMap
instanceKlass java/util/HashMap
instanceKlass java/util/ImmutableCollections$AbstractImmutableMap
instanceKlass java/util/concurrent/ConcurrentHashMap
ciInstanceKlass java/util/AbstractMap 1 1 196 10 7 12 1 1 1 10 7 12 1 1 1 11 7 12 1 1 1 10 11 12 1 1 11 7 12 1 1 1 11 12 1 1 7 1 11 12 1 10 12 1 1 11 12 1 100 1 10 11 12 1 11 7 1 10 12 1 1 11 12 1 9 12 1 1 7 1 10 12 1 9 12 1 1 100 1 10 11 11 12 1 1 11 12 1 7 1 100 1 11 12 1 8 1 7 1 10 10 12 1 1 8 1 10 12 1 10 12 1 1 10 12 1 1 1 1 1 1 1 1 1 1 1 1 1 1 1 1 1 1 1 1 1 1 1 1 1 1 1 1 1 1 1 1 1 1 1 1 1 1 1 1 7 1 1 1 1 1 1 1 7 1 1 1 1 1 1 1 1 1 100 1 1 1 1 1 1 1 1 1 100 1 100 1 100 1 100 1 100 1 1 1 1 1 1
ciMethod java/util/concurrent/ConcurrentHashMap get (Ljava/lang/Object;)Ljava/lang/Object; 512 2 56378 0 -1
ciInstanceKlass java/util/concurrent/ConcurrentMap 1 1 208 11 7 12 1 1 1 10 100 12 1 1 11 12 1 1 11 100 12 1 1 1 11 7 12 1 1 1 11 12 1 1 100 1 11 12 1 11 12 1 100 1 11 100 12 1 1 1 18 12 1 11 12 1 1 11 100 12 1 1 11 12 1 1 11 100 12 1 11 12 1 1 11 12 1 1 7 1 7 1 1 1 1 1 1 1 1 1 1 1 1 1 1 1 1 1 1 1 1 1 1 1 1 1 1 1 1 1 1 1 1 1 1 1 1 1 1 1 1 1 1 1 1 1 1 1 1 1 1 1 1 1 1 1 1 1 1 1 1 16 15 11 12 15 10 100 12 1 1 1 1 1 100 1 100 1 1 1 100 1 8 1 1 12 10 1 1 1 8 1 1 1 8 1 1 8 1 1 1 8 1 1 1 8 1 1 1 8 1 1 1 8 1 1 1 8 1 1 1 8 1 1 1 8 1 1 8 1
ciInstanceKlass jdk/internal/loader/ClassLoaders 1 1 183 10 7 12 1 1 1 10 7 12 1 1 1 10 12 1 1 10 100 12 1 1 1 9 7 12 1 1 1 9 12 1 1 9 12 1 1 7 1 11 100 12 1 1 1 100 1 11 12 1 1 11 12 1 1 10 100 12 1 1 1 10 100 12 1 1 1 100 1 100 1 10 7 12 1 1 1 9 12 1 1 10 12 1 1 7 1 10 12 1 1 10 12 1 7 1 8 1 10 7 12 1 1 1 10 12 1 1 7 1 10 12 1 10 12 1 10 12 1 8 1 10 7 12 1 1 8 1 8 1 10 12 1 7 1 10 12 1 10 12 1 10 12 1 1 1 1 1 1 1 1 1 1 1 1 1 1 1 1 1 1 1 1 7 1 1 1 1 1 1 1 1 1 1 1 1 1 1 1 1 1 1 1
staticfield jdk/internal/loader/ClassLoaders JLA Ljdk/internal/access/JavaLangAccess; java/lang/System$2
staticfield jdk/internal/loader/ClassLoaders BOOT_LOADER Ljdk/internal/loader/ClassLoaders$BootClassLoader; jdk/internal/loader/ClassLoaders$BootClassLoader
staticfield jdk/internal/loader/ClassLoaders PLATFORM_LOADER Ljdk/internal/loader/ClassLoaders$PlatformClassLoader; jdk/internal/loader/ClassLoaders$PlatformClassLoader
staticfield jdk/internal/loader/ClassLoaders APP_LOADER Ljdk/internal/loader/ClassLoaders$AppClassLoader; jdk/internal/loader/ClassLoaders$AppClassLoader
instanceKlass jdk/internal/loader/ClassLoaders$BootClassLoader
instanceKlass jdk/internal/loader/ClassLoaders$PlatformClassLoader
instanceKlass jdk/internal/loader/ClassLoaders$AppClassLoader
ciInstanceKlass jdk/internal/loader/BuiltinClassLoader 1 1 737 9 7 12 1 1 1 10 7 12 1 1 1 10 7 12 1 1 1 9 12 1 1 9 12 1 1 7 1 10 12 1 9 12 1 10 12 1 9 12 1 10 7 12 1 1 1 10 7 12 1 1 1 10 7 12 1 1 1 11 7 12 1 1 1 7 1 7 1 10 10 12 1 1 8 1 10 12 1 10 12 7 1 10 12 1 10 12 1 1 11 7 12 1 1 1 11 7 12 1 1 1 11 12 1 1 7 1 8 1 8 1 10 9 12 1 1 10 7 12 1 1 11 12 1 1 10 12 1 1 10 12 1 1 10 12 1 1 10 7 12 1 1 1 10 12 1 10 7 12 1 1 1 10 12 1 1 11 7 12 1 1 1 10 7 12 1 1 7 1 10 7 12 1 1 1 10 12 1 100 1 8 1 10 12 1 1 10 8 1 10 12 1 1 10 12 1 1 10 12 1 1 11 7 12 1 1 11 12 1 7 1 10 11 12 1 1 11 10 12 1 1 7 1 10 12 1 10 7 12 1 10 12 1 7 1 10 12 1 10 7 12 1 1 1 100 1 10 12 1 1 11 12 1 100 1 100 1 10 12 1 10 12 1 1 100 1 100 1 10 12 1 10 12 1 18 12 1 1 10 12 1 10 12 1 1 18 100 1 10 7 12 1 1 1 7 1 10 10 12 1 1 10 12 1 1 10 12 1 1 10 12 1 9 12 1 1 100 1 10 10 12 1 1 10 12 1 1 10 12 1 10 12 10 12 1 1 10 12 1 1 10 12 1 1 10 12 1 10 12 1 1 18 12 1 7 1 10 12 1 1 10 12 1 10 12 1 1 10 12 1 100 1 10 12 1 100 1 10 12 1 10 7 12 1 1 1 10 12 1 11 12 1 100 1 10 12 1 7 1 100 1 10 12 1 10 12 1 11 12 1 1 10 12 1 1 10 12 1 1 10 12 1 1 10 12 1 1 10 12 1 10 12 1 10 12 1 10 12 1 8 1 10 12 1 1 10 7 12 1 1 10 12 1 100 1 8 1 8 1 10 10 12 1 8 1 8 1 10 7 12 1 1 1 11 7 12 1 1 1 9 7 12 1 1 1 10 7 12 1 1 1 9 12 1 9 12 1 9 12 1 9 12 1 9 12 1 9 12 1 10 7 12 1 1 1 8 1 10 12 1 7 1 10 12 1 1 10 12 1 7 1 10 11 12 1 1 10 12 10 12 1 10 12 1 100 1 10 12 1 10 12 1 10 10 12 1 10 7 12 1 1 8 1 10 7 12 1 1 10 12 1 1 1 1 1 1 1 1 1 1 1 1 1 1 1 1 1 1 1 1 1 1 1 1 1 1 1 1 1 1 1 1 1 1 1 1 1 1 1 1 1 1 1 1 1 1 1 1 1 1 1 1 1 1 1 1 7 1 1 1 1 1 1 1 1 1 1 1 1 1 1 1 1 1 1 7 1 7 1 1 1 1 1 1 1 1 1 1 1 1 1 1 1 1 1 1 1 1 1 1 1 1 1 1 1 1 1 1 1 1 1 1 1 1 1 1 1 1 1 1 1 1 1 1 1 1 1 1 1 100 1 1 16 15 10 12 16 15 10 12 16 15 10 12 16 1 15 10 100 12 1 1 1 1 1 100 1 1 1 1 1 100 1 100 1 1
staticfield jdk/internal/loader/BuiltinClassLoader packageToModule Ljava/util/Map; java/util/concurrent/ConcurrentHashMap
staticfield jdk/internal/loader/BuiltinClassLoader $assertionsDisabled Z 1
ciInstanceKlass jdk/internal/loader/ClassLoaders$AppClassLoader 1 1 119 8 1 10 7 12 1 1 1 10 7 12 1 1 1 10 7 12 1 1 1 10 12 1 1 10 7 12 1 1 1 10 12 1 1 10 12 1 1 7 1 8 1 10 12 10 7 12 1 1 1 10 7 12 1 1 10 12 1 1 10 12 1 1 10 7 12 1 1 1 7 1 10 12 1 1 1 1 1 1 1 1 1 1 1 1 1 1 1 1 1 1 1 1 1 7 1 1 1 1 1 1 1 1 1 1 1 1 1 1 1 1 1 1 1 7 1 1 1
ciInstanceKlass jdk/internal/loader/ClassLoaders$PlatformClassLoader 1 1 42 8 1 10 7 12 1 1 1 10 7 12 1 1 1 7 1 10 12 1 7 1 1 1 1 1 1 1 1 1 1 1 1 1 1 7 1 1 1 100 1 1
ciInstanceKlass java/lang/ArithmeticException 1 1 26 10 100 12 1 1 1 10 12 1 100 1 1 1 1 5 0 1 1 1 1 1 1 1 1 1
ciInstanceKlass java/lang/ArrayStoreException 1 1 26 10 100 12 1 1 1 10 12 1 100 1 1 1 1 5 0 1 1 1 1 1 1 1 1 1
ciInstanceKlass java/lang/ClassCastException 1 1 26 10 100 12 1 1 1 10 12 1 100 1 1 1 1 5 0 1 1 1 1 1 1 1 1 1
ciInstanceKlass java/lang/ClassNotFoundException 1 1 96 7 1 10 7 12 1 1 1 10 12 1 10 12 1 1 10 100 12 1 1 1 8 1 10 100 12 1 1 1 10 7 12 1 1 10 100 12 1 1 1 10 100 12 1 1 1 10 12 1 1 7 1 10 12 1 9 12 1 1 1 1 1 5 0 1 1 1 1 1 1 1 1 1 1 1 1 1 1 1 1 1 1 100 1 1 1 1 1 1 1 1 1 1 1 1
staticfield java/lang/ClassNotFoundException serialPersistentFields [Ljava/io/ObjectStreamField; 1 [Ljava/io/ObjectStreamField;
ciInstanceKlass java/lang/IllegalMonitorStateException 1 1 26 10 100 12 1 1 1 10 12 1 100 1 1 1 1 5 0 1 1 1 1 1 1 1 1 1
ciInstanceKlass java/lang/BootstrapMethodError 0 0 45 10 100 12 1 1 1 10 12 1 10 12 1 10 100 12 1 1 1 10 100 12 1 1 1 1 1 1 5 0 1 1 1 1 1 1 1 1 1 1 1 100 1 1 1
instanceKlass java/lang/ClassFormatError
instanceKlass java/lang/IncompatibleClassChangeError
instanceKlass java/lang/BootstrapMethodError
instanceKlass java/lang/NoClassDefFoundError
ciInstanceKlass java/lang/LinkageError 1 1 31 10 7 12 1 1 1 10 12 1 10 12 1 100 1 1 1 1 5 0 1 1 1 1 1 1 1 1 1 1 1
ciInstanceKlass java/lang/NullPointerException 1 1 52 10 100 12 1 1 1 10 12 1 9 100 12 1 1 1 10 12 1 1 9 12 1 1 10 12 1 1 10 12 1 1 1 1 5 0 1 1 1 1 1 1 1 1 100 1 100 1 100 1 1 1
ciInstanceKlass java/lang/NoClassDefFoundError 0 0 26 10 100 12 1 1 1 10 12 1 100 1 1 1 1 5 0 1 1 1 1 1 1 1 1 1
ciInstanceKlass java/lang/StackOverflowError 1 1 26 10 100 12 1 1 1 10 12 1 100 1 1 1 1 5 0 1 1 1 1 1 1 1 1 1
ciInstanceKlass java/lang/StackTraceElement 0 0 235 10 7 12 1 1 1 10 7 12 1 1 9 12 1 1 9 12 1 1 9 12 1 9 12 1 8 1 10 100 12 1 1 1 7 1 9 12 1 8 1 9 12 1 9 12 1 9 12 1 1 10 12 1 1 10 12 1 8 1 10 100 12 1 1 1 7 1 10 12 1 10 12 1 1 10 12 1 10 12 1 1 10 12 1 10 12 1 10 10 12 1 8 1 10 12 1 10 12 1 1 10 12 1 1 10 12 1 10 12 1 10 12 1 9 12 1 1 10 7 12 1 1 1 10 12 1 1 7 1 10 12 1 1 10 100 12 1 1 10 100 12 1 1 1 10 7 12 1 1 10 100 12 1 1 10 10 12 1 1 10 12 1 1 10 12 1 1 10 12 1 7 1 1 1 1 1 1 1 3 1 3 1 1 5 0 1 1 1 1 1 1 1 1 1 1 1 1 1 1 1 1 1 1 1 1 1 1 1 1 1 1 1 1 1 7 1 7 1 1 1 1 1 1 1 100 1 1 1 1 1 1 1 1 1
instanceKlass java/util/concurrent/locks/AbstractQueuedSynchronizer
ciInstanceKlass java/util/concurrent/locks/AbstractOwnableSynchronizer 1 1 32 10 7 12 1 1 1 9 7 12 1 1 1 100 1 1 1 1 5 0 1 1 1 1 1 1 1 1 1 1 1 1
ciInstanceKlass jdk/internal/vm/Continuation 0 0 549 9 100 12 1 1 1 9 12 1 9 12 1 100 1 7 1 10 12 1 1 8 1 10 12 1 1 10 12 1 10 12 1 1 10 12 1 9 7 12 1 1 1 11 100 12 1 1 1 10 7 1 9 12 1 1 9 12 1 1 10 8 1 10 12 1 9 12 1 1 10 11 12 1 1 100 1 10 100 12 1 1 1 10 12 1 1 10 12 1 10 12 1 1 11 12 1 1 9 12 1 1 10 12 1 1 18 12 1 1 10 7 12 1 1 1 100 1 10 12 1 11 100 12 1 1 1 10 12 1 9 12 1 10 12 1 1 100 1 8 1 10 12 1 10 12 1 1 9 12 1 1 11 12 1 1 9 12 1 1 8 1 10 11 12 1 1 11 12 1 1 10 12 1 1 10 12 1 1 9 12 1 10 12 1 10 10 12 1 8 1 10 12 1 8 1 8 1 10 7 12 1 1 1 10 7 12 1 1 1 10 12 1 9 12 1 11 12 1 7 1 10 12 1 10 12 1 1 9 12 1 1 7 1 10 12 1 1 9 12 1 1 10 12 1 10 12 1 11 7 12 1 1 10 7 1 10 12 1 8 1 9 12 1 10 12 1 1 9 12 1 1 10 7 12 1 1 8 1 8 1 8 1 8 1 10 12 1 1 10 12 1 10 12 1 10 12 1 10 12 1 1 10 12 1 1 8 1 10 12 1 1 9 12 1 1 10 12 1 1 9 12 1 8 1 10 7 12 1 1 1 10 12 1 8 1 100 1 8 1 10 9 12 1 1 8 1 10 7 12 1 1 10 100 12 1 1 8 1 8 1 10 12 10 100 12 1 1 1 10 7 1 10 7 12 1 1 1 18 11 100 12 1 1 1 18 12 1 11 12 1 1 7 1 10 7 12 1 1 10 12 1 1 8 10 12 1 1 10 100 12 1 1 1 10 100 12 1 1 10 12 1 8 1 10 12 1 7 1 7 1 10 12 1 1 1 1 1 1 1 1 1 1 1 1 1 1 1 1 1 1 1 1 1 1 1 1 1 1 1 1 1 1 1 1 1 1 1 1 1 1 1 1 1 1 1 1 1 1 1 1 1 1 1 1 1 1 1 1 1 1 1 1 1 1 1 1 1 1 1 1 1 1 1 1 1 1 1 100 1 1 16 1 15 10 12 16 15 11 7 12 1 1 1 16 1 16 1 15 10 12 16 15 10 100 12 1 1 1 1 1 1 1 1 100 1 100 1 1
ciInstanceKlass jdk/internal/misc/UnsafeConstants 1 1 34 10 100 12 1 1 1 9 7 12 1 1 1 9 12 1 9 12 1 1 9 12 1 9 12 1 1 1 1 1 1 1 1 1
staticfield jdk/internal/misc/UnsafeConstants ADDRESS_SIZE0 I 8
staticfield jdk/internal/misc/UnsafeConstants PAGE_SIZE I 4096
staticfield jdk/internal/misc/UnsafeConstants BIG_ENDIAN Z 0
staticfield jdk/internal/misc/UnsafeConstants UNALIGNED_ACCESS Z 1
staticfield jdk/internal/misc/UnsafeConstants DATA_CACHE_LINE_FLUSH_SIZE I 0
ciInstanceKlass java/lang/invoke/MethodHandleStatics 1 1 320 10 7 12 1 1 1 9 7 12 1 1 1 9 12 1 1 10 7 12 1 1 1 9 12 1 9 12 1 9 12 1 9 12 1 9 7 12 1 1 1 7 1 10 8 1 10 12 1 1 10 7 12 1 1 1 8 1 10 7 12 1 1 1 10 12 1 1 8 1 8 1 10 12 1 10 100 12 1 1 1 10 7 12 1 1 8 1 10 12 1 1 8 1 8 1 8 1 8 1 10 12 1 1 7 1 10 12 10 12 1 10 12 1 100 1 10 10 12 1 1 100 1 10 10 12 1 7 1 7 1 8 1 8 1 10 12 1 8 1 10 7 12 1 1 1 9 12 1 1 10 7 12 1 1 1 10 12 1 1 9 12 1 1 10 7 12 1 1 1 8 1 10 7 12 1 1 10 7 12 1 1 1 8 1 8 1 8 1 8 1 8 1 10 12 1 10 7 12 1 1 1 9 12 1 8 1 8 1 8 1 8 1 9 12 1 8 1 9 12 1 8 1 8 1 9 12 1 8 1 8 1 9 12 1 8 1 9 12 1 8 1 9 12 1 8 1 8 1 9 12 1 8 1 8 1 10 12 1 1 8 1 10 12 1 1 1 1 1 1 1 1 1 1 1 1 1 1 1 1 1 1 1 1 1 1 1 7 1 7 1 7 1 1 1 1 1 1 1 1 1 1 1 1 1 1 1 1 1 1 1 1 1 1 1 1 1 1 1 1
staticfield java/lang/invoke/MethodHandleStatics UNSAFE Ljdk/internal/misc/Unsafe; jdk/internal/misc/Unsafe
staticfield java/lang/invoke/MethodHandleStatics CLASSFILE_VERSION I 65
staticfield java/lang/invoke/MethodHandleStatics DEBUG_METHOD_HANDLE_NAMES Z 0
staticfield java/lang/invoke/MethodHandleStatics TRACE_INTERPRETER Z 0
staticfield java/lang/invoke/MethodHandleStatics TRACE_METHOD_LINKAGE Z 0
staticfield java/lang/invoke/MethodHandleStatics TRACE_RESOLVE Z 0
staticfield java/lang/invoke/MethodHandleStatics COMPILE_THRESHOLD I 0
staticfield java/lang/invoke/MethodHandleStatics LOG_LF_COMPILATION_FAILURE Z 0
staticfield java/lang/invoke/MethodHandleStatics DONT_INLINE_THRESHOLD I 30
staticfield java/lang/invoke/MethodHandleStatics PROFILE_LEVEL I 0
staticfield java/lang/invoke/MethodHandleStatics PROFILE_GWT Z 1
staticfield java/lang/invoke/MethodHandleStatics CUSTOMIZE_THRESHOLD I 127
staticfield java/lang/invoke/MethodHandleStatics VAR_HANDLE_GUARDS Z 1
staticfield java/lang/invoke/MethodHandleStatics MAX_ARITY I 255
staticfield java/lang/invoke/MethodHandleStatics VAR_HANDLE_IDENTITY_ADAPT Z 0
staticfield java/lang/invoke/MethodHandleStatics DUMP_CLASS_FILES Ljdk/internal/util/ClassFileDumper; jdk/internal/util/ClassFileDumper
instanceKlass java/lang/ProcessEnvironment
instanceKlass java/util/LinkedHashMap
ciInstanceKlass java/util/HashMap 1 1 629 10 7 12 1 1 1 7 1 10 12 1 1 7 1 10 7 12 1 1 1 100 1 11 12 1 1 11 12 1 11 12 1 1 10 7 12 1 1 1 7 1 3 10 7 12 1 1 1 100 1 7 1 10 8 1 10 12 1 1 10 12 1 10 12 1 1 10 12 1 10 7 12 1 1 1 8 1 10 12 1 9 12 1 1 10 12 1 9 12 1 1 4 10 12 1 10 12 1 1 11 7 12 1 1 9 12 1 1 10 7 12 1 1 1 6 0 10 12 1 1 11 12 1 1 11 7 12 1 1 1 11 7 12 1 1 1 11 12 1 1 7 1 11 12 1 11 12 1 10 12 1 10 12 1 1 9 12 10 12 1 1 9 7 12 1 1 1 9 12 9 12 1 10 12 1 1 9 12 1 7 1 10 12 1 1 10 12 1 1 10 12 1 1 10 12 1 1 10 12 1 1 9 12 1 10 12 1 1 3 4 10 12 1 1 10 12 1 1 9 12 1 1 9 10 12 1 1 10 12 1 1 10 12 1 1 10 12 1 9 12 1 1 7 1 10 12 1 10 12 1 10 7 12 1 1 1 7 1 9 12 1 1 7 1 10 9 12 7 1 10 100 1 10 11 7 12 1 1 1 100 1 10 11 100 12 1 1 11 7 12 1 1 1 10 12 1 100 1 7 1 10 12 1 10 12 1 10 12 1 10 100 12 1 1 10 12 1 1 10 12 1 1 10 100 12 1 1 1 8 10 100 12 1 1 1 100 1 10 4 4 10 12 1 1 10 100 12 1 1 1 10 12 1 8 1 6 0 10 100 12 1 1 1 100 1 11 100 12 1 1 1 10 12 1 10 12 1 10 10 12 1 1 6 0 8 1 10 12 1 10 12 7 1 7 1 1 1 1 5 0 1 3 1 1 1 3 1 3 1 3 1 1 1 1 1 1 1 1 1 1 1 1 1 1 1 1 1 1 1 1 1 1 100 1 1 1 1 1 1 1 1 1 1 1 1 1 1 1 1 1 1 1 1 1 1 1 1 1 1 1 1 1 1 1 1 1 100 1 1 1 1 1 1 1 1 1 1 1 1 1 1 1 1 1 1 1 1 1 1 1 1 1 1 1 1 1 1 1 1 1 1 1 1 1 1 1 1 1 1 1 1 1 1 1 1 1 1 1 7 1 1 1 1 1 1 1 1 1 1 1 1 1 1 1 1 1 1 1 1 1 1 1 1 1 1 1 1 1 1 1 1 1 1 1 1 1 1 1 1 1 1 1 1 1 1 1 1 100 1 1 1 1 1 1 1 1 7 1 1 1 1 1 1 1 1 1 1 1 1 1 1 1 1 1 1 100 1 100 1 100 1 100 1 100 1 100 1 100 1 100 1 1 1 1 1 1 1 1 1 1 1 1 1 1 1 1 1 1
ciMethod java/util/HashMap put (Ljava/lang/Object;Ljava/lang/Object;)Ljava/lang/Object; 790 0 15330 0 256
ciMethod java/util/HashMap containsKey (Ljava/lang/Object;)Z 4100 0 15571 0 776
ciMethod java/util/HashMap newNode (ILjava/lang/Object;Ljava/lang/Object;Ljava/util/HashMap$Node;)Ljava/util/HashMap$Node; 502 0 12057 0 -1
ciMethod java/util/HashMap afterNodeAccess (Ljava/util/HashMap$Node;)V 83220 0 42642 0 -1
ciMethod java/util/HashMap afterNodeInsertion (Z)V 586 0 12058 0 -1
ciInstanceKlass java/lang/invoke/LambdaForm 1 1 1059 7 1 100 1 10 7 12 1 1 1 9 12 1 1 9 12 1 9 12 1 9 12 1 1 9 12 1 1 9 12 1 1 9 12 1 1 9 12 1 1 9 12 1 10 7 12 1 1 9 12 1 10 12 1 1 100 1 10 10 12 1 1 10 12 1 10 12 1 10 12 1 1 10 12 1 9 12 1 9 12 1 10 12 1 1 10 7 12 1 1 1 10 12 1 1 9 100 12 1 1 1 10 12 1 1 9 7 12 1 1 10 12 1 10 12 1 1 10 12 1 1 10 12 1 1 7 1 10 7 12 1 1 1 10 12 1 1 10 12 1 10 12 1 1 9 12 1 1 9 12 1 9 12 1 1 10 12 1 9 12 1 10 100 12 1 1 1 10 12 1 1 7 1 10 12 1 9 12 1 1 10 7 12 1 1 1 10 12 1 10 12 1 7 1 10 12 1 10 12 1 10 12 1 1 10 12 1 1 10 12 1 10 12 1 10 12 1 10 12 1 1 8 1 10 12 1 10 12 1 10 10 12 1 8 1 8 1 9 12 1 9 12 1 1 10 12 1 1 10 12 1 9 12 1 10 12 1 1 10 7 12 1 1 1 10 12 1 1 10 12 1 10 12 1 10 100 12 1 1 1 9 12 1 10 12 1 8 1 8 1 8 1 8 1 8 1 8 1 8 1 8 1 10 12 1 9 12 1 7 1 10 12 1 1 9 12 1 10 12 1 10 12 1 1 10 12 10 12 1 10 12 1 1 10 12 1 1 10 10 12 1 1 10 12 1 1 7 1 8 1 10 12 1 1 10 12 1 10 12 1 1 10 8 1 10 12 1 1 8 1 8 1 8 1 10 12 1 10 12 1 10 12 1 1 100 1 10 12 1 1 10 12 1 1 10 7 12 1 1 1 10 12 1 1 9 12 1 1 8 1 10 100 12 1 1 1 10 7 12 1 1 10 12 10 12 1 1 10 12 1 1 9 12 1 8 10 12 1 1 100 1 10 12 1 1 10 12 1 9 7 12 1 1 9 7 12 1 1 1 8 1 10 100 12 1 1 10 12 1 1 7 1 7 1 10 10 12 1 1 10 12 1 1 8 1 8 1 7 1 8 1 10 12 10 12 1 10 12 1 10 12 1 1 8 1 8 1 10 12 1 10 12 1 1 8 1 8 1 8 1 7 1 8 1 7 1 8 1 7 1 8 1 10 12 1 8 1 9 10 7 12 1 1 1 10 12 1 9 12 1 1 10 12 1 10 10 12 1 10 12 1 10 12 1 10 12 1 1 10 12 1 10 12 1 1 10 12 1 1 10 12 1 1 10 12 1 1 8 1 100 10 12 1 10 12 1 9 12 1 1 10 7 12 1 1 8 1 8 1 7 1 8 1 8 1 8 1 8 1 8 1 8 1 8 1 8 1 10 12 1 1 10 12 1 1 10 12 1 10 12 1 10 12 1 10 12 1 8 1 8 1 8 1 10 12 1 8 1 10 12 1 8 1 8 1 8 1 8 1 8 1 10 12 1 10 12 1 10 12 1 1 10 7 12 1 1 1 10 12 1 10 12 1 10 12 1 10 12 1 10 12 1 10 12 1 10 12 1 9 12 1 1 8 1 10 12 1 1 9 12 1 1 10 12 1 1 9 12 1 9 12 1 1 9 12 1 9 12 1 1 7 1 10 7 12 1 1 1 9 12 1 10 12 1 10 12 1 8 1 10 12 1 9 12 1 1 7 1 10 7 12 1 1 1 8 1 100 1 10 12 1 9 12 1 9 12 1 10 12 1 10 12 1 10 7 12 1 1 1 10 12 1 9 7 12 1 1 10 12 1 1 10 12 1 10 12 1 10 12 1 9 12 10 12 1 10 10 12 1 9 12 1 9 9 12 1 7 9 12 1 1 10 12 1 1 9 12 1 10 12 1 10 7 1 9 1 1 1 1 3 1 3 1 1 3 1 3 1 1 1 1 1 1 1 1 1 1 1 1 1 1 1 1 1 1 1 1 1 1 1 1 1 1 1 1 1 1 1 1 1 1 1 1 1 1 1 1 1 1 1 1 1 1 1 1 1 1 1 100 1 1 1 1 1 1 1 1 1 1 1 1 1 1 1 1 1 1 1 1 1 1 1 1 1 1 1 1 1 1 1 1 1 1 1 1 1 1 1 1 1 1 1 1 1 1 1 1 1 1 1 1 1 1 1 1 1 1 1 1 1 1 100 1 1 1 1 1 1 1 1 1 1 1 1 1 1 1 1 1 1 1 1 1 1 1 1 1 1 1 1 1 1 1 1 1 1 7 1 1 1 1 1 1 1 1 1 1 1 1 1 1 1 1 1 1 1 1 1 1 100 1 1 1 100 1 1 7 1 1 1 1 1 1 1 1 1 1 1
staticfield java/lang/invoke/LambdaForm DEFAULT_CUSTOMIZED Ljava/lang/invoke/MethodHandle; 
staticfield java/lang/invoke/LambdaForm DEFAULT_KIND Ljava/lang/invoke/LambdaForm$Kind; java/lang/invoke/LambdaForm$Kind
staticfield java/lang/invoke/LambdaForm COMPILE_THRESHOLD I 0
staticfield java/lang/invoke/LambdaForm INTERNED_ARGUMENTS [[Ljava/lang/invoke/LambdaForm$Name; 5 [[Ljava/lang/invoke/LambdaForm$Name;
staticfield java/lang/invoke/LambdaForm IMPL_NAMES Ljava/lang/invoke/MemberName$Factory; java/lang/invoke/MemberName$Factory
staticfield java/lang/invoke/LambdaForm LF_identity [Ljava/lang/invoke/LambdaForm; 6 [Ljava/lang/invoke/LambdaForm;
staticfield java/lang/invoke/LambdaForm LF_zero [Ljava/lang/invoke/LambdaForm; 6 [Ljava/lang/invoke/LambdaForm;
staticfield java/lang/invoke/LambdaForm NF_identity [Ljava/lang/invoke/LambdaForm$NamedFunction; 6 [Ljava/lang/invoke/LambdaForm$NamedFunction;
staticfield java/lang/invoke/LambdaForm NF_zero [Ljava/lang/invoke/LambdaForm$NamedFunction; 6 [Ljava/lang/invoke/LambdaForm$NamedFunction;
staticfield java/lang/invoke/LambdaForm createFormsLock Ljava/lang/Object; java/lang/Object
staticfield java/lang/invoke/LambdaForm DEBUG_NAME_COUNTERS Ljava/util/HashMap; 
staticfield java/lang/invoke/LambdaForm DEBUG_NAMES Ljava/util/HashMap; 
staticfield java/lang/invoke/LambdaForm TRACE_INTERPRETER Z 0
staticfield java/lang/invoke/LambdaForm $assertionsDisabled Z 1
ciInstanceKlass java/lang/invoke/MemberName 1 1 724 7 1 7 1 100 1 9 12 1 1 10 7 12 1 1 1 9 12 1 1 10 12 1 1 10 12 1 1 10 12 1 1 10 12 1 10 12 1 1 10 7 12 1 1 1 10 12 1 9 7 12 1 1 10 12 1 7 1 7 1 10 12 1 8 1 10 12 1 1 10 12 1 10 12 1 1 10 12 1 9 12 1 1 8 1 10 100 12 1 1 1 7 1 10 10 12 1 1 7 1 7 1 10 12 1 9 12 1 1 100 1 8 1 10 12 1 10 12 1 10 12 1 10 12 1 10 12 1 1 10 12 1 10 12 1 10 12 1 1 8 1 8 1 10 12 1 8 1 9 12 1 1 3 10 12 1 10 12 1 10 12 1 10 10 7 12 1 1 1 10 12 1 10 12 1 10 12 1 10 12 1 7 1 8 10 12 1 1 10 12 1 1 8 1 9 7 1 8 9 7 1 10 12 1 1 10 12 1 10 12 1 8 1 10 12 1 1 10 12 1 10 12 1 10 12 1 10 12 1 1 7 1 10 12 1 1 10 12 1 8 1 10 12 1 10 12 1 8 1 10 12 1 1 10 12 1 1 7 1 10 12 1 1 10 12 8 1 8 1 7 1 10 12 1 10 100 12 1 1 1 100 1 10 12 10 12 1 10 12 1 10 12 1 10 12 1 10 10 12 1 10 12 1 10 12 1 3 10 12 1 3 10 12 1 3 3 3 3 3 3 10 12 1 3 9 12 1 10 12 1 1 3 10 12 1 10 10 7 12 1 1 1 10 12 1 1 10 7 12 1 1 10 10 12 1 10 12 1 1 10 12 1 10 10 12 1 1 10 12 1 10 12 1 10 12 1 7 1 10 10 10 12 100 1 10 10 10 12 1 1 10 12 1 1 10 10 12 1 8 10 7 1 10 12 1 10 7 1 10 12 1 10 12 1 10 12 1 10 10 12 1 10 12 1 1 10 12 1 1 10 12 1 10 12 1 10 12 1 100 1 10 12 1 1 100 1 8 1 10 7 1 10 12 1 10 12 10 12 1 1 10 12 1 10 12 1 8 1 8 1 8 1 8 1 10 12 1 10 12 1 10 7 12 1 1 1 8 1 8 1 10 12 1 8 1 10 10 10 12 1 10 12 1 8 1 8 1 10 10 12 1 8 1 10 100 12 1 1 1 8 1 100 1 10 12 1 10 12 1 1 10 12 1 8 1 8 1 8 1 8 1 100 1 10 8 1 8 1 8 1 8 1 10 12 1 100 1 100 1 100 1 10 100 1 10 7 1 10 7 12 1 1 1 9 7 12 1 1 1 7 1 7 1 1 1 1 1 1 1 3 1 3 1 3 1 3 1 3 1 3 1 1 1 1 1 1 1 1 3 1 3 1 1 1 1 1 1 1 1 1 1 1 1 1 1 1 1 1 1 1 1 1 1 1 1 1 1 1 1 1 1 1 1 1 1 1 1 1 1 1 1 1 1 1 1 1 1 1 1 1 1 1 1 1 1 1 1 1 1 1 1 1 1 1 1 1 1 1 1 1 1 1 1 1 1 1 1 1 1 1 1 1 1 1 1 1 1 1 1 1 1 1 1 1 1 1 1 7 1 1 1 1 1 1 1 1 1 1 1 1 1 1 1
staticfield java/lang/invoke/MemberName $assertionsDisabled Z 1
instanceKlass java/lang/invoke/VarHandleByteArrayAsDoubles$ByteArrayViewVarHandle
instanceKlass java/lang/invoke/VarHandleByteArrayAsFloats$ByteArrayViewVarHandle
instanceKlass java/lang/invoke/VarHandleByteArrayAsChars$ByteArrayViewVarHandle
instanceKlass java/lang/invoke/VarHandleByteArrayAsShorts$ByteArrayViewVarHandle
instanceKlass java/lang/invoke/VarHandleReferences$FieldInstanceReadOnly
instanceKlass java/lang/invoke/VarHandleBooleans$FieldInstanceReadOnly
instanceKlass java/lang/invoke/VarHandleInts$FieldInstanceReadOnly
instanceKlass java/lang/invoke/VarHandleByteArrayAsLongs$ByteArrayViewVarHandle
instanceKlass java/lang/invoke/VarHandleByteArrayAsInts$ByteArrayViewVarHandle
instanceKlass java/lang/invoke/VarHandleReferences$FieldStaticReadOnly
ciInstanceKlass java/lang/invoke/VarHandle 1 1 474 10 7 12 1 1 1 10 7 12 1 1 9 12 1 1 9 12 1 1 100 1 10 8 1 10 12 1 1 10 7 12 1 1 1 10 12 1 1 10 7 12 1 1 1 9 100 12 1 1 1 10 12 1 1 10 7 12 1 1 1 10 12 1 1 9 12 1 10 12 1 9 12 1 1 10 7 12 1 1 10 12 1 9 7 12 1 1 1 9 12 1 1 10 12 1 1 100 1 7 1 10 8 1 10 12 1 1 10 12 1 8 1 10 12 1 10 12 1 9 12 1 1 9 12 1 10 12 1 10 12 1 1 10 12 1 10 10 100 12 1 1 1 10 12 1 1 10 12 1 1 10 7 12 1 1 1 10 100 12 1 1 1 10 100 12 1 1 1 9 12 1 1 9 10 12 1 10 12 1 1 10 12 1 1 10 12 1 10 7 12 1 1 1 9 12 1 1 10 12 1 1 9 12 1 10 12 1 10 12 1 10 7 12 1 1 100 1 10 9 7 12 1 1 1 9 12 1 1 10 7 12 1 1 1 10 12 1 10 12 1 10 12 1 10 12 1 10 12 1 10 12 1 1 8 10 12 1 1 7 1 10 12 1 1 7 1 1 1 1 1 1 1 1 1 1 1 1 1 1 1 1 1 1 1 1 1 1 1 1 1 1 1 1 1 1 1 1 1 1 1 1 1 1 1 1 1 1 1 1 1 1 1 1 1 1 1 1 1 1 1 1 1 1 1 1 1 1 1 1 1 1 1 1 100 1 1 1 1 1 1 1 1 100 1 1 1 1 1 1 1 1 1 1 1 1 100 1 100 1 1 100 1 100 1 100 1 100 1 100 1 100 1 100 1 100 1 100 1 100 1 100 1 100 1 100 1 100 1 100 1 100 1 100 1 100 1 100 1 100 1 100 1 100 1 100 1 100 1 100 1 100 1 100 1 100 1 100 1 100 1 100 1 100 1 100 1 100 1 100 1 1 1 1 1 1 100 1 1 1 100 1 1 100 1 100 1 100 1 100 1 100 1 100 1 1 1 1 100 1 100 1 100 1 100 1 100 1 100 1 100 1 100 1
staticfield java/lang/invoke/VarHandle VFORM_OFFSET J 16
staticfield java/lang/invoke/VarHandle $assertionsDisabled Z 1
instanceKlass jdk/internal/reflect/FieldAccessorImpl
instanceKlass jdk/internal/reflect/ConstructorAccessorImpl
instanceKlass jdk/internal/reflect/MethodAccessorImpl
ciInstanceKlass jdk/internal/reflect/MagicAccessorImpl 1 1 16 10 7 12 1 1 1 100 1 1 1 1 1 1 1 1
instanceKlass jdk/internal/reflect/DirectMethodHandleAccessor
ciInstanceKlass jdk/internal/reflect/MethodAccessorImpl 1 1 38 10 7 12 1 1 1 10 100 12 1 1 1 100 1 1 1 1 1 1 1 100 1 100 1 1 1 1 1 1 1 1 1 1 1 1 1 1
ciInstanceKlass jdk/internal/reflect/MethodAccessor 1 0 17 100 1 100 1 1 1 1 100 1 100 1 1 1 1 1 1
instanceKlass jdk/internal/reflect/DirectConstructorHandleAccessor$NativeAccessor
instanceKlass jdk/internal/reflect/DirectConstructorHandleAccessor
instanceKlass jdk/internal/reflect/NativeConstructorAccessorImpl
ciInstanceKlass jdk/internal/reflect/ConstructorAccessorImpl 1 1 27 10 7 12 1 1 1 100 1 100 1 1 1 1 1 1 1 1 1 100 1 100 1 100 1 1 1
ciInstanceKlass jdk/internal/reflect/ConstructorAccessor 1 0 16 100 1 100 1 1 1 1 100 1 100 1 100 1 1 1
ciInstanceKlass jdk/internal/reflect/DelegatingClassLoader 0 0 18 10 100 12 1 1 1 100 1 1 1 1 1 1 1 1 1 1
ciInstanceKlass jdk/internal/reflect/CallerSensitive 0 0 17 100 1 100 1 100 1 1 1 1 1 1 1 1 1 1 1
ciInstanceKlass jdk/internal/reflect/NativeConstructorAccessorImpl 0 0 125 10 7 12 1 1 1 9 7 12 1 1 1 100 1 10 12 1 9 12 1 1 9 12 1 1 10 100 12 1 1 1 10 7 12 1 1 1 10 7 12 1 1 1 9 12 1 9 12 1 1 9 12 1 1 10 7 12 1 1 1 100 1 10 10 12 1 1 10 12 1 10 12 1 1 10 12 1 7 1 10 12 1 1 10 12 1 1 8 10 12 1 1 1 1 1 1 1 1 1 1 1 1 1 1 1 1 1 1 1 1 1 1 100 1 100 1 100 1 1 1 1 1 1 1
ciInstanceKlass jdk/internal/reflect/ConstantPool 1 1 142 10 7 12 1 1 1 9 7 12 1 1 1 10 12 1 1 10 12 1 1 10 12 1 10 12 1 1 10 12 1 1 10 12 1 10 12 1 1 10 12 1 10 12 1 1 10 12 1 10 12 1 10 12 1 10 12 1 1 10 12 1 1 10 12 1 1 10 12 1 1 10 12 1 10 12 1 1 10 100 12 1 1 1 8 11 7 12 1 1 1 10 7 12 1 1 1 1 1 1 1 1 1 1 1 1 1 1 1 1 1 1 1 1 1 1 1 1 1 1 1 1 1 1 1 1 1 1 1 1 1 1 1 1 1 1 1 1 1 1 1 1
ciInstanceKlass jdk/internal/reflect/UnsafeStaticFieldAccessorImpl 0 0 47 10 7 12 1 1 1 9 7 12 1 1 1 10 7 12 1 1 1 9 12 1 1 8 11 100 12 1 1 1 10 100 12 1 1 1 1 1 1 1 1 1 1 1 1 1 1
ciInstanceKlass jdk/internal/reflect/FieldAccessor 0 0 48 100 1 100 1 1 1 1 100 1 1 1 1 1 1 1 1 1 1 1 1 1 1 1 1 1 1 1 100 1 1 1 1 1 1 1 1 1 1 1 1 1 1 1 1 1 1 1
instanceKlass jdk/internal/reflect/UnsafeFieldAccessorImpl
ciInstanceKlass jdk/internal/reflect/FieldAccessorImpl 0 0 269 10 7 12 1 1 1 9 7 12 1 1 1 10 7 12 1 1 1 10 7 12 1 1 10 7 12 1 1 1 10 12 1 1 7 1 10 10 12 1 1 10 12 1 1 8 1 10 10 12 1 100 1 8 1 10 12 1 8 1 10 12 1 8 1 10 12 1 100 1 10 12 1 1 10 8 1 10 12 1 1 8 1 10 7 12 1 1 8 1 10 7 12 1 1 8 1 10 7 12 1 1 8 1 10 7 12 1 1 8 1 10 7 12 1 1 8 1 10 7 12 1 1 8 1 10 7 12 1 1 8 1 10 7 12 1 1 10 12 1 1 8 1 10 12 1 1 10 100 12 1 1 1 8 1 10 12 1 8 1 8 1 8 1 8 1 10 7 12 1 1 1 8 1 8 1 8 1 10 12 7 1 1 1 1 1 1 1 1 1 1 1 1 1 1 1 1 1 1 1 1 1 1 1 1 1 1 1 1 1 1 1 1 1 1 1 1 1 1 1 1 1 1 1 1 1 1 1 1 1 1 1 1 1 1 1 1 1 1 1 1 1 1 1 1 1 1 1 1 1 1 1 1 1 1 1 1 1 1 1 1 1 1 1 1 1 1 1 1
instanceKlass jdk/internal/reflect/UnsafeStaticFieldAccessorImpl
ciInstanceKlass jdk/internal/reflect/UnsafeFieldAccessorImpl 0 0 62 10 100 12 1 1 1 10 100 12 1 1 1 10 100 12 1 1 1 9 100 12 1 1 10 12 1 9 12 1 1 10 100 12 1 1 1 9 12 1 1 10 12 1 10 12 1 1 1 1 1 1 1 1 1 1 1 1 1 1 1 1
instanceKlass java/lang/invoke/VolatileCallSite
instanceKlass java/lang/invoke/MutableCallSite
instanceKlass java/lang/invoke/ConstantCallSite
ciInstanceKlass java/lang/invoke/CallSite 1 1 296 10 7 12 1 1 1 10 7 12 1 1 1 9 12 1 1 10 7 12 1 1 1 10 12 1 7 1 10 12 1 1 10 12 1 1 9 100 12 1 1 1 10 7 12 1 1 10 12 1 1 100 1 7 1 10 10 7 12 1 1 1 10 12 1 1 8 1 10 12 1 10 12 1 1 10 12 1 10 12 1 1 10 12 1 1 10 10 100 12 1 1 10 12 1 1 9 12 1 9 100 12 1 1 1 8 1 10 7 12 1 1 1 10 12 1 1 7 1 10 12 1 1 9 12 1 8 1 100 1 10 12 1 10 12 1 100 1 8 1 10 10 12 1 10 12 1 1 100 1 10 12 1 1 10 12 1 10 12 1 10 12 1 1 10 12 1 1 9 12 1 1 8 10 12 1 1 9 12 1 1 100 1 10 10 12 1 10 7 12 1 1 1 10 12 1 1 10 12 1 1 10 12 1 10 7 12 1 1 1 7 1 8 1 10 10 12 10 12 1 1 7 1 7 1 7 1 8 1 10 12 1 10 7 12 1 1 1 1 1 1 1 1 1 1 1 1 1 1 1 1 1 1 1 1 1 1 1 1 1 1 1 1 1 1 1 1 1 1 1 1 1 1 1 1 1 1 1 1 1 1 1 1 1 1 1 1 1 1 1 7 1 7 1 1 1
staticfield java/lang/invoke/CallSite $assertionsDisabled Z 1
ciInstanceKlass java/lang/invoke/ConstantCallSite 1 1 65 10 7 12 1 1 1 9 7 12 1 1 1 9 12 1 1 10 7 12 1 1 1 10 12 1 100 1 10 12 9 12 1 1 100 1 10 10 12 1 1 10 12 1 1 1 1 1 1 1 1 1 1 1 1 1 100 1 1 1 1 1 1 1 1
staticfield java/lang/invoke/ConstantCallSite UNSAFE Ljdk/internal/misc/Unsafe; jdk/internal/misc/Unsafe
instanceKlass java/lang/invoke/DirectMethodHandle$Interface
instanceKlass java/lang/invoke/DirectMethodHandle$Special
instanceKlass java/lang/invoke/DirectMethodHandle$Accessor
instanceKlass java/lang/invoke/DirectMethodHandle$Constructor
ciInstanceKlass java/lang/invoke/DirectMethodHandle 1 1 923 7 1 7 1 100 1 7 1 7 1 10 7 12 1 1 1 10 7 12 1 1 1 7 1 10 12 1 10 12 1 1 10 7 12 1 1 10 12 1 1 10 12 1 10 12 1 7 1 10 12 1 1 10 12 1 1 10 12 1 10 12 1 1 10 7 12 1 1 1 10 12 1 9 12 1 1 100 1 10 9 12 1 1 9 12 1 10 12 1 10 12 1 10 12 1 1 10 12 1 10 12 1 10 12 1 10 7 12 1 1 1 10 12 1 10 12 1 1 8 1 10 12 1 1 7 1 10 12 1 7 1 10 10 12 1 10 12 1 10 12 1 10 7 12 1 1 1 10 12 1 1 100 1 10 12 1 10 12 1 7 1 10 12 1 10 12 1 1 10 12 1 1 10 12 1 8 10 7 12 1 1 1 10 12 1 10 12 1 10 12 1 1 10 12 1 9 7 12 1 1 1 7 1 10 12 1 10 7 12 1 1 1 10 12 1 10 12 1 1 9 12 1 1 7 1 10 8 1 10 12 1 1 10 12 1 1 8 1 10 12 1 10 12 1 10 10 12 1 10 12 1 10 12 1 10 12 1 10 12 1 1 10 12 1 10 12 1 1 10 12 1 10 12 1 1 10 10 7 12 1 1 1 10 12 1 10 12 1 1 10 12 1 10 12 1 1 8 1 9 7 12 1 1 1 8 1 9 12 1 9 12 1 8 1 9 12 1 9 12 1 8 1 9 12 1 9 12 1 8 1 10 12 1 10 12 1 1 9 12 1 1 7 1 10 12 1 1 7 1 10 7 12 1 1 1 10 12 1 1 10 12 1 10 12 1 1 7 1 10 12 1 1 10 12 1 10 12 1 1 7 1 10 12 1 1 10 12 1 10 7 12 1 1 1 10 12 1 10 12 1 1 10 12 1 9 12 1 1 10 7 1 9 12 9 12 1 10 7 12 1 1 1 10 12 1 7 1 7 1 7 1 9 12 1 1 10 7 12 1 1 1 10 12 10 12 1 100 1 10 12 1 10 12 1 1 8 1 9 12 1 9 12 1 10 12 1 1 9 12 1 1 10 100 12 1 1 1 9 12 1 1 9 12 1 1 10 12 1 10 12 1 10 12 1 10 12 1 1 10 12 1 9 12 1 10 12 1 10 12 1 10 12 1 10 12 1 1 10 12 1 1 9 12 1 1 10 12 1 1 9 7 12 1 1 1 9 12 1 9 12 1 9 12 1 9 12 1 9 12 1 9 12 1 9 12 1 9 12 1 9 12 1 9 12 1 9 12 1 9 12 1 9 12 1 9 12 1 9 12 1 9 12 1 9 12 1 9 12 1 9 12 1 9 12 1 9 12 1 9 12 1 9 12 1 9 12 1 9 12 1 9 12 1 9 12 1 9 12 1 9 12 1 9 12 1 9 12 1 9 12 1 9 12 1 9 12 1 9 12 1 9 12 1 8 1 9 12 1 1 9 12 1 1 10 12 1 10 12 1 1 9 7 1 10 12 1 9 12 1 1 10 12 10 12 1 10 12 1 10 12 1 10 12 1 10 8 1 8 1 8 1 8 1 10 12 1 1 9 12 1 1 10 12 1 10 100 12 1 1 1 8 9 12 1 1 10 12 1 1 8 1 8 8 9 12 1 8 1 8 8 8 8 8 1 8 10 12 1 7 1 10 12 1 8 1 8 1 10 12 1 10 12 1 10 12 1 10 12 1 1 7 1 1 1 1 3 1 3 1 3 1 3 1 3 1 3 1 3 1 3 1 3 1 3 1 1 1 1 1 1 1 1 1 1 3 1 3 1 1 1 1 3 1 1 1 1 1 1 1 1 1 1 1 1 1 1 1 1 1 1 1 1 1 1 1 1 1 1 1 1 1 1 1 1 1 1 1 1 1 1 1 1 1 1 1 1 1 1 1 1 1 1 1 1 1 1 1 1 1 100 1 1 1 1 1 1 1 1 1 100 1 1 1 1 1 1 1 1 1 1 1 1 1 1 1 1 1 1 1 1 1 1 1 1 1 1 1 1 1 1 1 1 1 1 1 1 1 1 1 1 1 1 1 1 1 1 1 1 1 1 1 1
staticfield java/lang/invoke/DirectMethodHandle IMPL_NAMES Ljava/lang/invoke/MemberName$Factory; java/lang/invoke/MemberName$Factory
staticfield java/lang/invoke/DirectMethodHandle FT_UNCHECKED_REF I 8
staticfield java/lang/invoke/DirectMethodHandle ACCESSOR_FORMS [Ljava/lang/invoke/LambdaForm; 132 [Ljava/lang/invoke/LambdaForm;
staticfield java/lang/invoke/DirectMethodHandle ALL_WRAPPERS [Lsun/invoke/util/Wrapper; 10 [Lsun/invoke/util/Wrapper;
staticfield java/lang/invoke/DirectMethodHandle NFS [Ljava/lang/invoke/LambdaForm$NamedFunction; 12 [Ljava/lang/invoke/LambdaForm$NamedFunction;
staticfield java/lang/invoke/DirectMethodHandle OBJ_OBJ_TYPE Ljava/lang/invoke/MethodType; java/lang/invoke/MethodType
staticfield java/lang/invoke/DirectMethodHandle LONG_OBJ_TYPE Ljava/lang/invoke/MethodType; java/lang/invoke/MethodType
staticfield java/lang/invoke/DirectMethodHandle $assertionsDisabled Z 1
ciMethod java/lang/invoke/DirectMethodHandle allocateInstance (Ljava/lang/Object;)Ljava/lang/Object; 512 0 14662046 0 408
ciMethod java/lang/invoke/DirectMethodHandle constructorMethod (Ljava/lang/Object;)Ljava/lang/Object; 512 0 14772020 0 128
ciInstanceKlass java/lang/invoke/MutableCallSite 0 0 63 10 100 12 1 1 1 10 12 1 9 100 12 1 1 1 10 12 1 10 12 1 1 9 12 1 1 10 100 12 1 1 1 10 100 12 1 1 1 10 12 1 1 1 1 1 1 1 1 1 1 1 1 1 1 1 1 1 1 100 1 1 1
ciInstanceKlass java/lang/invoke/VolatileCallSite 0 0 37 10 100 12 1 1 1 10 12 1 10 100 12 1 1 1 10 12 1 10 12 1 1 1 1 1 1 1 1 1 1 1 1 1 1 1 1
ciInstanceKlass java/lang/invoke/ResolvedMethodName 1 1 16 10 100 12 1 1 1 100 1 1 1 1 1 1 1 1
ciInstanceKlass java/lang/invoke/MethodHandleNatives 1 1 685 100 1 10 7 12 1 1 1 9 7 12 1 1 1 10 12 1 1 100 1 10 10 12 1 1 10 12 1 10 12 1 8 1 8 1 8 1 8 1 8 1 8 1 8 1 8 1 8 1 8 1 10 12 1 1 7 1 10 7 12 1 1 1 10 7 12 1 1 1 7 1 10 10 12 1 1 8 1 10 12 1 8 1 10 12 1 1 8 1 10 12 1 1 9 7 12 1 1 1 8 1 10 100 12 1 1 1 7 1 10 12 100 1 100 1 8 1 7 1 10 10 12 1 7 1 9 7 12 1 1 10 12 1 1 10 12 1 10 7 12 1 1 1 10 12 1 1 9 12 1 8 1 10 12 1 1 10 12 1 8 1 10 12 1 1 7 1 10 12 1 10 7 12 1 1 1 10 12 1 10 12 1 1 10 12 1 1 8 1 10 12 1 1 8 1 10 12 1 8 1 8 1 8 1 7 1 10 12 1 8 1 10 7 12 1 1 1 10 12 1 1 10 7 12 1 1 10 10 12 1 1 10 12 1 10 100 12 1 1 1 100 1 8 1 10 100 12 1 1 1 7 1 8 1 10 12 1 8 1 8 1 8 1 8 1 8 1 10 12 1 1 10 12 1 1 10 12 1 10 12 1 1 10 12 1 1 7 1 10 12 1 7 1 7 1 10 12 1 10 12 1 8 1 8 1 10 10 12 1 1 10 12 1 1 8 1 10 7 12 1 1 8 1 8 1 10 12 1 1 10 7 12 1 1 1 100 1 10 12 1 1 7 1 9 12 1 1 10 7 12 1 1 1 10 10 12 1 9 12 1 10 12 1 9 12 1 9 12 1 10 12 1 1 10 12 1 10 12 1 1 7 1 7 1 10 12 1 1 10 12 1 10 12 1 1 10 7 12 1 1 1 10 12 1 8 1 10 12 1 10 12 1 10 12 1 1 10 12 1 10 7 12 1 1 1 10 12 1 1 100 1 8 1 10 9 7 12 1 1 1 10 12 1 1 10 12 1 1 7 1 10 12 1 1 10 12 1 1 100 1 100 1 10 10 100 1 100 1 10 100 1 10 10 12 1 1 10 7 1 10 12 1 10 12 1 1 10 12 1 1 10 12 1 1 10 12 1 10 12 1 1 10 8 1 10 12 1 10 12 1 10 12 1 10 12 1 10 12 1 1 10 12 1 10 12 1 10 12 1 10 10 7 12 1 1 10 12 1 1 1 1 1 1 1 1 1 1 1 1 1 7 1 1 1 1 1 1 1 1 1 1 1 1 1 1 1 1 1 1 1 1 1 1 1 1 1 1 1 1 1 1 1 1 1 1 1 1 1 1 1 1 1 1 1 1 1 1 1 1 1 1 1 1 1 1 1 1 1 1 1 1 1 1 1 100 1 1 1 1 1 1 1 1 1 1 1 1 1 1 1 1 1 1 1 1 1 1 1 1 1 1 1 1 1 1 1 1 1 100 1 1 1 1 1 1 1 1 1 1 1 1 1 1 1 1 1 1 1 1 1 1 1 1 1 1 1 1 1 1 1 1 100 1 1
staticfield java/lang/invoke/MethodHandleNatives $assertionsDisabled Z 1
ciInstanceKlass jdk/internal/foreign/abi/NativeEntryPoint 0 0 194 10 7 12 1 1 1 9 7 12 1 1 1 9 12 1 1 100 1 8 1 10 12 1 10 12 1 1 100 1 10 100 12 1 1 1 10 12 1 9 12 1 1 18 12 1 1 10 100 12 1 1 1 10 7 12 1 1 1 9 7 12 1 1 1 7 1 10 8 1 10 12 1 1 10 12 1 10 12 1 1 8 1 10 12 1 1 7 1 8 1 10 12 1 10 12 1 1 10 12 1 9 12 1 1 18 12 1 1 10 100 12 1 1 1 10 12 1 1 10 12 1 10 100 12 1 1 1 10 1 1 1 1 1 1 1 1 1 1 1 1 1 1 1 1 1 1 1 1 1 1 1 1 1 1 1 1 1 1 1 1 1 1 1 1 1 16 1 15 10 12 16 1 16 15 10 12 15 10 100 12 1 1 1 1 1 100 1 1 100 1 100 1 1
ciInstanceKlass jdk/internal/foreign/abi/ABIDescriptor 0 0 55 10 100 12 1 1 1 9 100 12 1 1 1 9 12 1 1 9 12 1 9 12 1 9 12 1 1 9 12 1 9 12 1 1 9 12 1 9 12 1 9 12 1 9 12 1 1 1 1 1 1 1 1 1 1
ciInstanceKlass jdk/internal/foreign/abi/VMStorage 0 0 91 10 7 12 1 1 1 9 7 12 1 1 1 9 12 1 1 9 12 1 1 9 12 1 1 7 1 10 8 1 10 12 1 1 10 12 1 10 12 1 1 10 12 1 18 12 1 18 12 1 1 18 12 1 1 1 1 1 1 1 1 1 1 1 1 1 1 1 1 1 1 1 8 1 15 15 15 15 15 10 100 12 1 1 1 1 100 1 100 1 1
ciInstanceKlass jdk/internal/foreign/abi/UpcallLinker$CallRegs 0 0 66 10 7 12 1 1 1 9 7 12 1 1 1 9 12 1 18 12 1 1 18 12 1 1 18 12 1 1 1 1 1 1 1 1 1 1 1 1 1 1 1 1 1 1 100 1 1 1 8 1 15 15 15 10 100 12 1 1 1 1 1 100 1 100 1 1
ciInstanceKlass java/lang/StackWalker 0 0 271 9 7 12 1 1 1 100 1 10 100 12 1 1 1 10 12 1 1 10 100 12 1 1 1 10 12 1 1 10 12 1 11 100 12 1 1 1 10 12 1 1 10 12 1 1 10 12 1 1 100 1 8 1 10 12 1 10 12 1 10 12 1 10 7 12 1 1 9 12 1 1 9 12 1 1 9 12 1 1 9 12 1 1 10 12 1 1 9 12 1 1 9 12 1 1 9 12 1 1 10 7 12 1 1 1 11 12 1 1 100 1 8 1 10 10 7 12 1 1 9 12 1 1 10 12 1 1 10 100 12 1 1 1 10 100 12 1 1 1 18 12 1 1 100 1 8 1 10 8 1 10 12 1 1 10 100 12 1 1 1 10 12 1 1 9 100 12 1 1 11 100 12 1 1 1 10 12 1 1 1 1 1 1 1 1 1 1 1 1 1 1 1 1 1 1 1 1 1 1 1 1 1 1 1 1 1 1 1 1 1 1 1 1 1 1 1 1 1 1 1 1 1 1 1 1 1 1 1 1 1 1 1 1 1 1 1 1 1 1 1 1 1 1 7 1 1 16 15 10 12 16 1 15 10 100 12 1 1 1 1 1 1 1 1 1 100 1 100 1 1
ciInstanceKlass java/lang/StackWalker$StackFrame 0 0 41 100 1 10 12 1 1 100 1 100 1 1 1 1 1 1 1 1 1 1 1 1 1 1 1 1 1 1 1 1 1 1 1 1 1 1 1 100 1 1 1
instanceKlass java/lang/LiveStackFrameInfo
ciInstanceKlass java/lang/StackFrameInfo 0 0 142 10 7 12 1 1 1 9 7 12 1 1 1 9 7 1 9 12 1 1 11 100 12 1 1 1 9 12 1 1 11 12 1 1 10 12 1 1 10 7 12 1 1 1 10 12 1 11 12 1 11 12 1 1 11 12 1 10 12 1 1 9 12 1 1 10 12 1 1 10 7 12 1 1 10 12 1 1 11 12 1 1 9 12 1 1 10 7 1 10 12 1 9 12 1 1 10 12 1 1 100 1 8 1 10 12 1 10 100 12 1 1 1 7 1 1 1 1 1 1 1 1 1 1 1 1 1 1 1 1 1 1 7 1 1 7 1 1 1 1 1 1
ciInstanceKlass java/lang/LiveStackFrameInfo 0 0 97 10 7 12 1 1 1 9 7 12 1 1 1 9 12 1 9 12 1 9 12 1 9 12 1 1 7 1 10 12 1 1 10 12 1 8 1 10 12 1 1 8 1 8 1 8 1 10 100 1 10 12 1 100 1 10 12 1 7 1 7 1 1 1 3 1 3 1 1 1 1 1 1 1 1 1 1 1 1 1 1 1 1 1 1 1 1 1 1 1 1 1 1 1 100 1 1
ciInstanceKlass java/lang/LiveStackFrame 0 0 135 100 1 10 100 12 1 1 1 11 7 12 1 1 1 11 12 1 10 7 12 1 1 1 100 1 8 1 10 12 1 1 10 7 12 1 1 1 9 100 12 1 1 1 10 7 12 1 1 1 10 7 12 1 1 1 11 12 1 10 12 1 7 1 7 1 1 1 1 1 1 1 1 1 1 1 1 1 1 1 1 1 1 1 1 1 1 1 1 1 1 1 1 100 1 1 1 1 1 1 1 100 1 8 1 1 12 10 1 1 1 8 1 1 1 8 1 1 1 8 1 1 1 8 1 1 8 1 1 1 8 1 1 8 1
ciInstanceKlass java/lang/StackStreamFactory$AbstractStackWalker 1 0 375 100 1 7 1 3 10 7 12 1 1 1 10 7 12 1 1 10 7 12 1 1 1 9 12 1 1 10 12 1 1 9 12 1 1 9 12 1 1 9 12 1 1 9 12 1 10 7 12 1 1 1 10 12 1 1 10 7 12 1 1 9 12 1 1 9 12 1 1 10 12 1 1 9 100 12 1 1 1 10 12 1 1 10 12 1 9 12 1 1 10 100 12 1 1 1 10 12 1 1 9 12 1 1 9 7 12 1 1 1 7 1 10 8 1 10 12 1 1 10 12 1 8 1 10 12 1 1 10 100 12 1 1 1 100 1 8 1 10 12 1 8 1 10 12 10 100 12 1 1 9 12 1 8 1 5 0 8 1 8 1 9 12 1 1 10 12 1 1 18 12 1 1 10 7 12 1 1 1 10 12 1 1 10 12 1 10 12 1 9 12 1 10 12 1 10 12 1 10 12 1 10 12 1 10 12 1 10 12 1 1 8 1 10 12 1 10 12 1 10 12 1 10 12 1 1 8 1 10 12 1 1 10 12 1 1 10 12 1 1 10 12 1 10 12 1 10 100 12 1 1 1 10 12 1 10 12 1 9 12 1 8 1 10 12 1 10 12 1 10 12 1 1 10 12 1 10 12 1 10 12 1 1 10 12 1 10 12 1 10 12 1 10 12 1 10 12 1 10 12 1 1 10 12 1 1 10 12 1 8 1 1 1 1 1 1 1 1 1 1 1 1 1 7 1 1 1 1 1 1 1 7 1 1 1 1 7 1 1 1 1 1 1 1 1 1 1 1 1 1 1 1 1 1 1 1 16 15 15 10 100 12 1 1 1 1 1 1 1 1 100 1 100 1 1
ciInstanceKlass jdk/internal/module/Modules 1 1 504 10 7 12 1 1 1 9 7 12 1 1 1 11 7 12 1 1 1 11 12 1 1 11 12 1 1 11 12 1 1 11 12 1 11 12 1 11 12 1 11 12 1 11 12 1 1 10 7 12 1 1 1 10 100 12 1 1 1 18 12 1 1 10 7 12 1 1 1 7 1 10 7 12 1 1 1 10 100 12 1 1 1 10 100 12 1 1 10 12 1 1 11 12 1 9 12 1 1 11 100 12 1 1 1 10 12 1 1 10 10 12 1 10 9 12 1 1 10 100 12 1 1 10 12 1 1 10 100 12 1 1 100 1 11 100 12 1 1 1 10 100 12 1 1 1 11 100 12 1 1 10 12 1 1 10 100 12 1 1 10 100 12 1 1 1 10 12 1 1 10 12 1 1 11 12 1 1 18 12 1 1 11 100 12 1 1 10 100 12 1 1 1 11 100 12 1 1 1 7 1 11 12 1 1 11 7 12 1 1 1 11 12 1 1 10 12 1 1 10 100 12 1 1 18 12 1 1 11 12 1 1 18 12 1 1 11 12 1 1 10 12 1 18 18 10 12 1 1 9 12 1 1 11 7 12 1 1 1 100 1 10 11 12 1 11 12 1 1 11 12 1 1 10 100 1 10 12 1 1 10 100 12 1 1 10 12 1 1 11 12 10 12 1 1 7 1 10 18 12 1 10 12 1 1 7 1 8 1 10 12 1 10 100 12 1 1 18 12 1 11 11 12 10 12 1 10 10 100 1 18 12 1 10 10 10 7 12 1 1 10 7 12 1 1 1 10 12 1 1 1 1 1 1 1 1 1 1 1 1 1 1 1 1 1 1 1 1 1 1 1 1 1 1 1 1 1 1 1 1 1 100 1 1 1 1 1 1 1 1 1 1 1 1 1 1 1 1 1 1 1 1 1 1 1 1 1 1 1 1 1 1 1 1 1 1 1 7 1 1 1 1 1 1 1 1 1 1 1 1 1 1 1 1 1 1 1 1 1 1 1 16 15 10 12 1 16 16 15 10 12 1 16 1 16 1 15 10 12 1 16 1 16 1 15 10 12 16 1 15 10 16 1 15 10 12 16 1 15 10 12 16 15 10 12 16 15 10 12 15 10 100 12 1 1 1 1 1 1 100 1 100 1 1
staticfield jdk/internal/module/Modules JLA Ljdk/internal/access/JavaLangAccess; java/lang/System$2
staticfield jdk/internal/module/Modules JLMA Ljdk/internal/access/JavaLangModuleAccess; java/lang/module/ModuleDescriptor$1
staticfield jdk/internal/module/Modules $assertionsDisabled Z 1
ciInstanceKlass java/lang/invoke/Invokers$Holder 1 1 128 1 100 1 100 1 1 1 1 1 1 1 7 1 7 1 7 1 1 12 10 1 1 12 10 1 1 12 10 1 1 100 1 1 12 9 1 1 1 12 10 1 1 1 12 10 1 1 12 10 1 1 12 10 1 12 10 1 1 1 12 10 1 1 100 1 1 12 10 1 12 10 1 1 12 10 1 12 10 1 1 12 10 1 1 12 10 1 12 10 1 1 12 10 1 1 12 10 1 1 12 10 1 12 10 12 10 12 10 12 10 12 10 1 1 12 10 1 1 12 10 1 1 12 10 1 1 1
ciMethod java/lang/invoke/Invokers$Holder linkToTargetMethod (Ljava/lang/Object;Ljava/lang/Object;)Ljava/lang/Object; 1024 0 8837616 0 -1
ciMethod java/lang/invoke/Invokers$Holder linkToTargetMethod (Ljava/lang/Object;Ljava/lang/Object;Ljava/lang/Object;Ljava/lang/Object;)Ljava/lang/Object; 4670 0 720300 0 -1
ciInstanceKlass java/lang/invoke/DirectMethodHandle$Holder 1 1 548 1 100 1 100 1 1 1 1 1 1 1 7 1 1 12 10 1 12 10 1 7 1 7 1 1 12 10 1 1 1 1 12 10 1 1 12 10 1 1 12 10 1 1 12 10 1 1 12 10 1 1 12 10 1 1 12 10 1 1 12 10 1 1 12 10 1 1 12 10 1 1 12 10 1 1 12 10 1 1 12 10 1 1 12 10 1 1 12 10 1 1 12 10 1 1 12 10 1 1 12 10 1 1 12 10 1 1 12 10 1 1 12 10 1 1 12 10 1 1 12 10 1 1 12 10 1 1 12 10 1 1 12 10 1 1 12 10 1 1 12 10 1 1 12 10 1 1 12 10 1 1 12 10 1 1 12 10 1 1 12 10 1 1 12 10 1 1 12 10 1 1 12 10 1 1 12 10 1 1 12 10 1 1 12 10 1 1 12 10 1 1 12 10 1 1 12 10 1 1 12 10 1 1 12 10 1 1 12 10 1 1 12 10 1 1 12 10 1 1 12 10 1 1 12 10 1 1 12 10 1 1 12 10 12 10 12 10 1 1 12 10 12 10 1 1 12 10 1 1 12 10 12 10 12 10 12 10 1 1 12 10 12 10 1 1 12 10 12 10 1 1 12 10 1 1 12 10 12 10 12 10 12 10 12 10 1 1 12 10 1 1 12 10 1 1 12 10 1 1 12 10 1 1 12 10 1 1 12 10 1 1 12 10 1 1 12 10 1 1 12 10 1 1 12 10 1 1 12 10 1 1 12 10 1 1 12 10 1 1 12 10 12 10 12 10 12 10 1 12 10 1 1 12 10 1 1 12 10 1 1 1 1 12 10 12 10 1 1 12 10 1 12 10 12 10 1 1 12 10 1 12 10 12 10 1 1 1 12 10 1 12 10 1 100 1 1 12 9 1 100 1 12 10 1 12 10 1 1 1 12 10 1 12 10 1 1 12 10 1 12 10 1 1 1 12 10 1 12 10 1 1 12 10 1 12 10 1 1 12 10 1 12 10 1 1 12 10 1 12 10 1 1 12 10 1 12 10 1 1 12 10 1 12 10 1 1 12 10 1 12 10 1 1 12 10 1 12 10 1 1 1 12 10 1 12 10 1 1 1 12 10 1 12 10 1 1 1 1 12 10 1 12 10 1 1 1 12 10 1 12 10 1 1 1 1 1 12 10 1 12 10 1 1 1 12 10 1 12 10 1 1 1 12 10 1 12 10 1 1 12 10 1 12 10 1 1 1
ciMethod java/lang/invoke/DirectMethodHandle$Holder newInvokeSpecial (Ljava/lang/Object;Ljava/lang/Object;Ljava/lang/Object;Ljava/lang/Object;)Ljava/lang/Object; 4660 0 720712 0 -1
ciMethod java/lang/invoke/DirectMethodHandle$Holder newInvokeSpecial (Ljava/lang/Object;Ljava/lang/Object;)Ljava/lang/Object; 1024 0 8738826 0 -1
ciInstanceKlass java/util/ArrayList 1 1 509 10 7 12 1 1 1 7 1 9 7 12 1 1 1 9 12 1 100 1 7 1 10 8 1 10 12 1 1 10 12 1 10 12 1 1 10 12 1 9 12 1 11 7 12 1 1 1 9 12 1 1 11 12 1 1 7 10 7 12 1 1 1 9 12 1 10 12 1 10 12 1 1 10 7 12 1 1 1 10 7 12 1 1 1 10 12 1 1 10 12 1 1 10 12 1 1 10 12 1 10 12 1 1 100 1 7 1 10 12 1 10 10 7 12 1 1 1 10 7 12 1 1 10 12 1 100 1 10 10 12 10 12 1 1 10 12 1 1 10 12 1 10 12 10 12 1 1 7 1 10 12 1 1 10 12 1 1 10 12 1 100 1 10 11 12 1 1 11 7 12 1 1 1 11 12 1 10 12 1 10 12 1 10 12 1 1 100 1 10 12 1 1 10 10 12 1 1 10 12 1 8 1 8 1 8 1 8 1 10 12 1 1 10 12 1 1 11 12 1 7 1 10 100 12 1 1 10 12 1 10 12 1 1 10 100 12 1 1 10 12 1 10 100 12 1 1 1 11 100 12 1 1 1 10 12 1 100 1 8 1 10 7 1 10 12 1 7 1 10 12 1 10 12 1 1 7 1 10 12 1 10 12 1 1 11 7 12 1 1 7 1 10 12 1 10 12 1 1 11 100 12 1 1 10 12 1 1 10 12 1 1 10 12 1 1 10 12 1 1 11 7 12 1 1 10 12 1 1 7 1 7 1 7 1 1 1 1 5 0 1 3 1 1 1 1 1 1 1 1 1 1 1 1 1 1 1 1 1 1 1 1 1 1 1 1 1 1 1 1 1 1 1 1 1 1 1 1 1 1 1 1 1 1 1 1 1 1 1 1 1 1 1 1 1 1 1 1 1 1 1 1 1 1 1 1 1 1 1 1 1 1 1 1 1 1 1 1 1 1 1 1 1 1 1 1 1 1 1 1 1 1 1 1 1 1 1 1 1 1 1 1 1 1 1 1 100 1 1 1 1 7 1 1 1 1 1 1 1 1 1 1 1 1 1 1 1 1 1 1 1 1 1 1 1 1 1 1 1 1 1 100 1 1 1 1 1 1 1 1 1 1 1 1 1 1 1 1 1 1 100 1 100 1 1 1 1 1 1
staticfield java/util/ArrayList EMPTY_ELEMENTDATA [Ljava/lang/Object; 0 [Ljava/lang/Object;
staticfield java/util/ArrayList DEFAULTCAPACITY_EMPTY_ELEMENTDATA [Ljava/lang/Object; 0 [Ljava/lang/Object;
ciInstanceKlass java/util/RandomAccess 1 0 7 100 1 100 1 1 1
ciInstanceKlass java/util/function/Consumer 1 1 59 10 7 12 1 1 1 18 12 1 1 11 7 12 1 1 7 1 1 1 1 1 1 1 1 1 1 1 1 1 1 1 1 1 1 1 1 1 1 1 1 1 16 15 11 12 15 10 7 12 1 1 1 1 100 1 100 1 1
instanceKlass java/util/LinkedHashSet
ciInstanceKlass java/util/HashSet 1 1 303 10 7 12 1 1 1 7 1 10 9 7 12 1 1 1 11 7 12 1 1 1 10 7 12 1 1 1 10 12 1 1 10 12 1 1 10 12 1 10 12 1 7 1 10 10 12 1 1 11 7 12 1 1 1 10 10 12 1 1 10 12 1 1 9 12 1 1 10 12 1 1 10 12 1 1 10 12 1 10 7 12 1 1 1 10 100 1 7 1 10 12 1 10 100 12 1 1 10 12 1 10 12 1 10 12 1 1 10 12 1 1 11 7 12 1 1 11 12 1 10 12 1 1 10 100 12 1 1 1 10 12 1 100 1 7 1 10 8 1 10 12 1 1 10 12 1 10 12 1 1 10 12 1 10 12 1 10 7 12 1 1 1 8 1 10 12 1 4 4 10 12 1 1 8 1 10 12 1 1 4 10 100 12 1 1 1 100 1 10 12 1 1 11 100 12 1 1 1 100 1 10 12 1 100 1 10 12 1 10 12 1 1 10 12 1 100 1 8 1 10 10 12 1 10 10 7 1 7 1 1 1 1 5 0 1 1 1 1 1 1 1 1 1 1 1 1 1 1 1 1 1 1 1 1 1 1 1 1 1 1 1 1 1 1 1 1 1 1 100 1 1 1 1 7 1 1 1 1 1 1 1 1 1 1 1 1 1 1 1 1 1 1 1 100 1 1 100 1 7 1 1 1
staticfield java/util/HashSet PRESENT Ljava/lang/Object; java/lang/Object
instanceKlass com/android/tools/r8/internal/iT
instanceKlass com/android/tools/r8/internal/Dm0
instanceKlass com/android/tools/r8/internal/ao0
instanceKlass java/util/IdentityHashMap$EntrySet
instanceKlass java/util/Collections$SingletonSet
instanceKlass java/lang/ProcessEnvironment$CheckedEntrySet
instanceKlass com/android/tools/r8/internal/Cm0
instanceKlass java/util/TreeMap$EntrySet
instanceKlass java/util/EnumSet
instanceKlass java/util/LinkedHashMap$LinkedEntrySet
instanceKlass java/util/TreeMap$KeySet
instanceKlass java/util/TreeSet
instanceKlass java/util/LinkedHashMap$LinkedKeySet
instanceKlass jdk/internal/util/ReferencedKeySet
instanceKlass java/util/IdentityHashMap$KeySet
instanceKlass java/util/HashMap$KeySet
instanceKlass java/util/AbstractMap$1
instanceKlass java/util/WeakHashMap$KeySet
instanceKlass java/util/Collections$SetFromMap
instanceKlass java/util/HashSet
instanceKlass java/util/ImmutableCollections$MapN$1
instanceKlass java/util/Collections$EmptySet
instanceKlass java/util/HashMap$EntrySet
ciInstanceKlass java/util/AbstractSet 1 1 96 10 7 12 1 1 1 7 1 7 1 11 12 1 1 10 7 1 10 12 1 1 100 1 100 1 10 12 1 1 11 100 12 1 1 1 11 12 1 1 10 100 12 1 1 10 100 12 1 1 1 11 10 12 1 1 11 12 1 11 12 1 1 1 1 1 1 1 1 1 1 1 1 1 1 1 1 100 1 1 1 1 1 1 1 1 1 1 1 1 1 1 1 1 1 1
ciMethod java/util/HashSet add (Ljava/lang/Object;)Z 520 0 450910 0 576
ciMethod java/util/HashSet contains (Ljava/lang/Object;)Z 5810 0 171949 0 1536
ciInstanceKlass java/util/function/Function 1 1 77 10 7 12 1 1 1 18 12 1 1 18 18 12 1 11 7 12 1 7 1 1 1 1 1 1 1 1 1 1 1 1 1 1 1 1 1 1 1 1 1 1 1 1 1 1 1 1 1 1 1 1 1 1 16 15 11 12 15 11 12 15 11 12 15 10 7 12 1 1 1 1 100 1 100 1 1
ciMethod java/util/function/Function apply (Ljava/lang/Object;)Ljava/lang/Object; 0 0 1 0 -1
ciInstanceKlass java/util/LinkedHashSet 1 1 163 10 7 12 1 1 1 4 11 7 12 1 1 1 10 7 12 1 1 1 10 7 12 1 1 1 10 7 12 1 1 1 100 1 10 100 12 1 1 1 100 1 7 1 10 12 1 8 1 10 12 1 1 10 12 1 10 12 1 1 10 12 1 10 12 1 9 12 1 1 100 1 10 12 1 9 12 1 1 10 12 1 1 10 12 1 10 12 1 1 11 7 12 1 1 1 11 12 1 11 12 1 11 12 1 100 1 10 12 1 10 12 1 7 1 7 1 1 1 1 5 0 1 1 1 1 1 1 1 1 1 1 1 1 1 1 1 1 1 1 1 1 1 1 1 1 1 1 1 1 1 1 1 1 1 1 1 1 1 1 1 1 1
ciInstanceKlass java/util/SequencedSet 1 1 78 11 7 12 1 1 1 7 1 7 1 7 1 1 1 1 1 1 1 1 1 1 1 1 1 1 1 100 1 8 1 1 12 10 1 1 1 8 1 1 1 8 1 1 1 8 1 1 1 8 1 1 1 8 1 1 8 1 1 1 8 1 1 8 1 1 8 1 1 1 8 1 1 8 1 1 8 1
ciInstanceKlass java/lang/annotation/Annotation 1 0 17 100 1 100 1 1 1 1 1 1 1 1 1 1 1 1 1
instanceKlass com/android/tools/r8/internal/CR
ciInstanceKlass java/util/LinkedHashMap 1 1 386 9 7 12 1 1 1 9 12 1 1 9 12 1 9 7 12 1 1 9 12 1 10 7 12 1 1 1 10 12 1 1 10 12 1 1 9 12 1 9 12 1 1 9 12 1 10 12 1 1 100 1 10 10 12 1 1 10 12 1 10 12 1 1 9 12 1 1 9 12 1 10 12 1 1 10 100 12 1 1 1 10 12 1 10 12 1 10 12 10 12 1 1 10 7 12 1 1 1 10 12 1 1 10 12 1 1 9 7 1 10 12 1 10 12 1 1 9 12 1 1 7 1 10 12 1 7 1 100 1 10 10 12 1 1 10 12 1 1 9 12 1 1 7 1 10 7 1 10 12 1 9 12 1 7 1 10 100 1 10 11 7 12 1 1 1 100 1 10 11 100 12 1 1 100 1 7 1 10 8 1 10 12 1 1 10 12 1 10 12 1 1 10 12 1 10 12 1 1 10 100 1 10 12 1 7 1 1 1 1 5 0 1 1 1 3 1 3 1 3 1 1 1 1 1 1 1 1 1 1 1 1 1 1 1 1 1 1 1 1 1 1 1 1 1 1 1 1 1 1 1 1 1 1 1 1 1 1 1 1 1 1 1 1 1 1 1 7 1 1 1 1 1 1 1 1 100 1 1 1 1 1 1 1 1 1 1 1 1 1 1 1 1 1 1 1 1 1 1 1 1 1 1 1 1 100 1 1 1 1 1 1 1 1 1 1 1 1 1 1 100 1 1 1 1 1 1 1 1 1 7 1 1 1 1 1 1 1 1 1 1 1 1 1 1 1 1 1 1 1 1 1 1 1 1 1 1 1 1 1 1 1 100 1 100 1 100 1 100 1 1 1 1 1 100 1 7 1 1 1 1 1 1 1 1 1
ciInstanceKlass java/util/SequencedMap 1 1 157 11 7 12 1 1 1 11 100 12 1 1 1 11 7 12 1 1 1 100 1 11 12 1 1 100 1 10 12 1 1 11 12 1 1 11 12 1 1 100 1 10 12 100 1 10 12 1 100 1 10 100 1 10 7 1 7 1 1 1 1 1 1 1 1 1 1 1 1 1 1 1 1 1 1 1 1 1 1 1 1 1 1 1 1 1 1 1 1 1 1 1 1 1 1 1 1 1 1 1 1 1 1 1 1 1 1 100 1 8 1 1 12 10 1 1 1 8 1 1 1 8 1 1 8 1 1 1 8 1 1 1 8 1 1 1 8 1 1 1 8 1 1 1 8 1 1 1 8 1 1 1 8 1 1 8 1
ciInstanceKlass java/util/IdentityHashMap 1 1 403 9 7 12 1 1 1 10 7 12 1 1 1 10 12 1 1 100 1 7 1 10 8 1 10 12 1 1 10 12 1 10 12 1 1 10 12 1 10 12 1 1 3 3 10 7 12 1 1 7 1 9 12 1 1 11 7 12 1 1 1 6 0 10 12 10 12 1 1 9 12 1 10 7 12 1 1 1 10 12 1 1 10 12 1 1 10 12 1 1 10 12 1 1 9 12 1 3 3 100 1 8 1 10 11 12 1 1 11 7 12 1 1 1 11 7 12 1 1 1 11 12 1 1 7 1 11 12 1 11 12 1 10 12 1 1 10 12 1 10 10 12 1 1 10 11 12 1 1 10 12 1 10 12 1 9 12 1 10 100 100 1 7 1 10 12 1 9 12 1 7 1 10 12 1 9 12 1 1 7 1 10 7 1 10 10 100 12 1 1 10 12 1 10 12 1 1 10 100 12 1 1 1 10 12 1 100 1 8 1 10 10 100 12 1 1 1 11 100 12 1 1 1 10 12 1 10 12 1 1 10 10 7 12 1 1 11 7 12 1 1 100 1 10 11 100 12 1 1 10 12 1 10 7 1 7 1 1 1 3 1 3 1 1 1 1 1 5 0 1 1 1 1 1 1 1 1 1 1 1 1 1 1 1 1 1 1 1 1 1 1 1 1 1 1 1 1 1 1 1 1 1 1 1 1 1 1 1 1 1 1 1 1 1 1 1 1 1 1 1 1 1 1 1 1 1 1 1 1 7 1 1 1 1 1 1 1 100 1 1 1 1 7 1 1 1 1 1 1 1 1 1 1 1 1 1 1 1 1 1 1 1 1 1 1 1 1 1 1 100 1 100 1 100 1 100 1 100 1 100 1 100 1 100 1 100 1 1 1 1 1 1 100 1 1 1 1 1 1 1 1 1 1
staticfield java/util/IdentityHashMap NULL_KEY Ljava/lang/Object; java/lang/Object
ciMethod java/util/IdentityHashMap containsKey (Ljava/lang/Object;)Z 4312 1108 20037 0 408
ciMethod java/util/IdentityHashMap hash (Ljava/lang/Object;I)I 4096 0 591510 0 168
ciMethod java/util/IdentityHashMap maskNull (Ljava/lang/Object;)Ljava/lang/Object; 4096 0 449019 0 0
ciMethod java/util/IdentityHashMap nextKeyIndex (II)I 524 0 290443 0 96
ciInstanceKlass java/util/function/BiConsumer 1 1 60 10 100 12 1 1 1 18 12 1 1 11 7 12 1 1 7 1 1 1 1 1 1 1 1 1 1 1 1 1 1 1 1 1 1 1 1 1 1 1 1 1 1 16 15 11 12 15 10 100 12 1 1 1 1 100 1 100 1 1
ciMethod java/util/function/BiConsumer accept (Ljava/lang/Object;Ljava/lang/Object;)V 0 0 1 0 -1
ciInstanceKlass java/util/function/Supplier 1 0 14 100 1 100 1 1 1 1 1 1 1 1 1 1
ciInstanceKlass java/lang/invoke/DirectMethodHandle$Constructor 1 1 91 10 7 12 1 1 1 9 7 12 1 1 1 9 12 1 1 9 12 1 1 10 100 12 1 1 1 100 1 10 12 1 9 12 1 9 12 1 10 12 1 10 12 1 1 9 12 1 1 10 12 1 1 10 7 12 1 1 1 1 1 1 1 1 1 1 1 1 1 1 100 1 100 1 1 1 1 1 1 1 1 1 1 1 1 1 1 1 1 1 1
staticfield java/lang/invoke/DirectMethodHandle$Constructor $assertionsDisabled Z 1
instanceKlass java/util/LinkedHashMap$Entry
ciInstanceKlass java/util/HashMap$Node 1 1 95 10 7 12 1 1 1 9 7 12 1 1 1 9 12 1 1 9 12 1 9 12 1 1 7 1 10 10 12 1 1 8 1 10 12 1 10 12 1 1 10 100 12 1 1 1 7 1 11 12 1 1 10 12 1 1 11 12 1 1 1 1 1 1 1 1 1 1 1 1 1 1 1 1 1 1 1 1 1 1 1 1 1 1 1 1 1 1 100 1 1 1 7 1 1
ciInstanceKlass java/util/HashMap$TreeNode 1 1 250 7 1 10 7 12 1 1 1 9 7 12 1 1 1 9 12 1 1 9 12 1 9 12 1 1 9 12 1 1 10 12 1 1 100 1 10 12 1 9 12 1 9 12 1 9 12 1 1 10 7 12 1 1 1 10 12 1 1 10 12 1 1 10 12 1 1 10 12 1 1 10 12 1 1 10 7 12 1 1 1 10 7 12 1 1 1 10 7 12 1 1 1 9 12 1 10 12 1 1 10 12 1 1 10 12 1 1 10 12 1 1 9 7 1 10 12 1 1 10 12 1 1 10 12 1 10 12 1 1 10 12 1 10 12 1 10 12 1 1 1 1 1 1 1 1 1 1 1 1 1 1 1 1 1 1 1 1 1 1 1 1 1 1 100 1 1 1 1 1 1 1 1 1 1 1 1 1 1 1 1 1 1 1 1 1 1 1 1 1 1 1 1 1 1 1 1 1 1 1 1 1 1 1 1 1 1 1 1 1 1 1 1 1 1 1 1 1 1 1 1 1 1 1 1 1 1 1 1 1 1 1 1 1 1 1 1 1 1 1 1 1 1 1 1 100 1 1 1 1
staticfield java/util/HashMap$TreeNode $assertionsDisabled Z 1
instanceKlass java/util/HashMap$TreeNode
ciInstanceKlass java/util/LinkedHashMap$Entry 1 1 41 10 7 12 1 1 1 100 1 1 1 1 1 1 1 1 1 1 1 1 1 1 1 1 1 1 1 1 1 1 1 1 1 1 100 1 1 100 1 1 1
ciMethod java/util/HashMap$TreeNode find (ILjava/lang/Object;Ljava/lang/Class;)Ljava/util/HashMap$TreeNode; 4312 5550 124963 0 -1
ciMethod java/util/HashMap$TreeNode root ()Ljava/util/HashMap$TreeNode; 0 0 1 0 -1
ciMethod java/util/HashMap$TreeNode putTreeVal (Ljava/util/HashMap;[Ljava/util/HashMap$Node;ILjava/lang/Object;Ljava/lang/Object;)Ljava/util/HashMap$TreeNode; 4118 14362 7054 0 -1
ciMethod java/util/HashMap$TreeNode getTreeNode (ILjava/lang/Object;)Ljava/util/HashMap$TreeNode; 4124 0 6213 0 0
ciInstanceKlass java/util/Collections$SetFromMap 1 1 182 10 7 12 1 1 1 9 7 12 1 1 1 11 7 12 1 1 1 9 12 1 1 11 12 1 11 12 1 1 11 12 1 1 11 12 1 1 11 12 1 1 9 7 12 1 1 1 11 12 1 1 11 7 12 1 1 1 11 12 1 1 11 12 1 11 12 1 1 11 12 1 11 12 1 11 12 1 1 11 12 1 11 12 1 11 12 1 1 11 12 1 1 11 12 1 1 11 12 1 1 11 12 1 10 100 12 1 1 100 1 8 1 10 12 1 7 1 1 1 1 1 1 1 5 0 1 1 1 1 1 1 1 1 1 1 1 1 1 1 1 1 1 1 1 1 1 1 1 1 1 1 1 1 1 1 1 1 1 1 1 1 1 1 1 1 1 100 1 7 1 1 100 1 1 1 1 1 100 1 1 1
ciMethod java/util/Collections$SetFromMap contains (Ljava/lang/Object;)Z 10722 0 162654 0 112
ciInstanceKlass java/lang/invoke/BoundMethodHandle$Species_LLLLL 1 1 82 1 7 1 7 1 1 1 1 1 1 1 1 1 1 1 12 9 1 1 1 12 10 12 9 12 9 12 9 12 9 12 9 1 1 12 10 1 1 1 100 1 7 1 1 12 10 1 7 1 1 12 10 1 1 1 12 10 1 1 1 12 10 1 1 1 12 10 1 1 1 12 10 1 1 1 12 10 1 1 1 1
ciInstanceKlass java/util/function/BiPredicate 1 1 76 10 100 12 1 1 1 18 12 1 1 18 12 1 18 11 7 12 1 1 7 1 1 1 1 1 1 1 1 1 1 1 1 1 1 1 1 1 1 1 1 1 1 1 1 1 1 1 1 1 1 1 1 16 15 11 12 15 11 12 15 11 12 15 10 100 12 1 1 1 1 100 1 100 1 1
ciMethod java/util/function/BiPredicate test (Ljava/lang/Object;Ljava/lang/Object;)Z 0 0 1 0 -1
ciMethod java/util/function/Consumer accept (Ljava/lang/Object;)V 0 0 1 0 -1
ciMethod java/util/HashMap getNode (Ljava/lang/Object;)Ljava/util/HashMap$Node; 4782 104 17368 0 744
ciMethod java/util/HashMap resize ()[Ljava/util/HashMap$Node; 28 270 7425 0 -1
ciMethod java/util/HashMap treeifyBin ([Ljava/util/HashMap$Node;I)V 4106 13140 3184 0 -1
ciMethod java/util/HashMap putVal (ILjava/lang/Object;Ljava/lang/Object;ZZ)Ljava/lang/Object; 6436 300 56442 0 2656
ciMethod java/util/HashMap hash (Ljava/lang/Object;)I 514 0 697962 0 224
ciMethod jdk/internal/misc/Unsafe allocateInstance (Ljava/lang/Class;)Ljava/lang/Object; 256 0 128 0 -1
ciMethod java/util/Set contains (Ljava/lang/Object;)Z 0 0 1 0 -1
ciMethod java/util/Map containsKey (Ljava/lang/Object;)Z 0 0 1 0 -1
ciMethod java/lang/Object getClass ()Ljava/lang/Class; 256 0 128 0 -1
ciMethod java/lang/Object <init> ()V 1024 0 80993439 0 80
ciInstanceKlass com/android/tools/r8/graph/d1 1 1 80 1 8 1 1 7 1 100 1 1 1 7 1 1 12 9 1 1 12 11 1 1 1 1 1 1 1 1 7 1 12 9 1 100 12 11 1 1 100 1 1 12 10 12 11 1 1 1 7 1 1 12 10 12 10 1 1 12 10 1 12 11 1 1 1 7 1 12 10 1 12 9 1 1 1 1 1 1 1 1
instanceKlass com/android/tools/r8/graph/g3
instanceKlass com/android/tools/r8/graph/z4
ciInstanceKlass com/android/tools/r8/graph/x0 1 1 176 1 8 1 1 7 1 7 1 100 1 100 1 100 1 7 1 100 1 1 100 1 7 1 1 1 1 1 1 1 1 1 1 1 1 1 1 1 1 1 12 10 12 9 12 9 12 9 12 9 12 9 12 9 12 9 1 1 16 1 100 1 1 12 11 15 1 16 1 100 1 1 12 10 15 1 1 12 18 1 100 1 1 12 11 1 100 1 1 12 10 1 1 12 10 1 1 7 1 1 12 10 12 9 1 1 1 1 1 1 12 10 1 12 9 1 12 10 1 100 1 1 12 10 1 100 1 12 10 1 100 1 1 1 1 1 12 9 12 9 1 1 12 11 1 1 1 1 1 1 100 1 8 1 12 10 1 1 1 1 1 1 1 1 1 1 1 100 1 8 1 1 12 10 1 1
staticfield com/android/tools/r8/graph/x0 g Z 1
ciInstanceKlass com/android/tools/r8/graph/z4 1 1 354 1 8 1 1 7 1 7 1 7 1 100 1 1 100 1 100 1 1 1 1 1 1 1 1 1 1 1 1 1 1 1 12 10 12 9 12 9 12 9 12 9 12 9 1 1 100 1 12 10 1 100 1 12 10 1 16 1 12 10 15 1 16 1 7 1 1 12 10 15 1 1 12 18 1 100 1 1 12 11 1 100 1 1 12 11 1 12 10 1 1 12 10 1 100 1 12 9 1 100 1 12 9 1 1 12 11 1 100 1 12 11 1 16 1 12 10 15 16 1 1 12 18 1 1 12 11 1 8 1 100 1 1 12 10 1 1 12 11 1 100 1 8 1 100 1 1 12 10 15 1 12 18 1 12 9 1 100 1 1 12 10 1 100 1 1 12 10 1 100 1 1 12 9 1 8 1 12 18 1 100 12 11 1 12 10 1 100 1 12 10 1 8 1 1 12 10 1 12 10 1 1 12 11 1 1 1 7 1 12 10 12 9 1 1 1 7 12 9 1 12 11 1 100 12 11 1 12 9 1 100 1 1 12 10 1 100 1 12 10 1 100 1 8 12 10 1 1 1 7 12 10 1 12 10 1 7 1 16 1 12 10 15 1 16 1 12 18 1 7 12 11 1 7 1 12 10 15 1 16 18 1 100 1 12 10 15 1 16 18 12 11 1 12 11 1 100 10 1 12 10 1 1 12 10 1 8 1 12 18 12 10 1 1 1 12 10 12 10 1 100 1 1 12 10 1 1 1 1 8 1 12 18 1 7 1 12 9 1 12 10 1 12 10 1 10 1 1 1 1 1 1 1 1
staticfield com/android/tools/r8/graph/z4 m Z 1
ciInstanceKlass com/android/tools/r8/graph/o0 1 1 86 1 8 1 1 100 1 100 1 1 1 1 1 1 1 1 1 1 1 1 1 1 1 1 1 1 1 1 1 1 1 1 12 11 1 1 1 1 1 1 1 1 1 1 1 1 1 1 1 1 1 1 1 100 1 1 1 1 1 1 1 100 1 1 1 12 11 1 100 12 10 1 100 1 1 12 10 1 100 1 1 12 10 1 1 1
ciInstanceKlass com/android/tools/r8/graph/S 1 1 60 1 8 1 1 100 1 100 1 100 1 1 1 1 1 1 1 1 1 1 1 1 1 1 1 1 1 1 100 1 8 1 1 12 10 1 1 1 8 1 1 1 8 1 1 1 8 1 1 1 8 1 1 1 8 1 1 8 1 1
ciInstanceKlass com/android/tools/r8/graph/b0 1 1 31 1 8 1 1 100 1 100 1 100 1 100 1 100 1 100 1 100 1 1 1 1 1 1 1 1 1 1 1 1 1
instanceKlass com/android/tools/r8/graph/J0$b$a
instanceKlass com/android/tools/r8/graph/J0$b
instanceKlass com/android/tools/r8/graph/J0$a
instanceKlass com/android/tools/r8/graph/t0
instanceKlass com/android/tools/r8/graph/e1
instanceKlass com/android/tools/r8/graph/C5
instanceKlass com/android/tools/r8/graph/R2
instanceKlass com/android/tools/r8/graph/r0
instanceKlass com/android/tools/r8/graph/O2
instanceKlass com/android/tools/r8/graph/O0
instanceKlass com/android/tools/r8/graph/E
instanceKlass com/android/tools/r8/graph/b1
ciInstanceKlass com/android/tools/r8/graph/n1 1 1 68 1 8 1 1 7 1 7 1 1 12 10 1 1 1 16 1 12 10 15 1 16 1 7 1 1 12 10 15 1 1 12 18 1 7 1 100 12 11 1 1 12 10 15 18 1 100 1 1 12 11 1 12 10 1 1 1 12 10 1 1 1 1 1 1 1 1 1
instanceKlass com/android/tools/r8/graph/h1
instanceKlass com/android/tools/r8/graph/E0
ciInstanceKlass com/android/tools/r8/graph/b1 1 1 185 1 8 1 1 7 1 7 1 1 1 1 1 1 1 1 12 10 1 100 1 12 10 1 100 1 1 12 11 1 100 1 1 1 1 12 10 1 100 1 12 10 1 12 9 1 1 1 1 1 1 1 12 10 1 1 1 16 12 10 15 1 16 1 100 1 1 12 10 15 1 12 18 1 12 10 1 1 1 1 1 1 1 1 1 1 100 1 1 1 1 1 1 1 1 1 12 10 12 10 1 7 1 1 12 9 12 10 1 100 1 12 10 1 1 12 10 12 9 1 100 1 8 1 12 10 1 1 16 12 10 15 1 16 1 1 12 18 1 12 10 15 1 16 1 12 18 1 100 1 1 12 11 1 1 12 11 12 10 15 18 12 10 15 18 12 10 1 100 12 11 12 10 1 1 7 1 12 10 1 1 1 1 1 1
staticfield com/android/tools/r8/graph/b1 c Z 1
instanceKlass com/android/tools/r8/graph/I0
instanceKlass com/android/tools/r8/graph/v2
instanceKlass com/android/tools/r8/graph/H2
ciInstanceKlass com/android/tools/r8/graph/E0 1 1 1069 1 8 1 1 7 1 7 1 100 1 100 1 100 1 100 1 1 7 1 7 1 1 7 1 7 1 100 1 1 100 1 1 100 1 1 100 1 1 100 1 100 1 100 1 1 1 1 1 1 1 1 1 1 1 1 1 1 1 1 1 1 1 1 1 1 1 1 1 1 1 1 1 100 1 12 9 1 100 1 12 9 1 100 1 1 12 10 1 12 10 1 16 1 12 10 15 1 16 1 7 1 1 12 10 15 1 1 12 18 1 7 1 1 12 11 1 12 10 1 12 10 1 1 12 10 12 10 1 1 12 11 1 1 12 11 1 12 9 1 12 10 12 9 1 100 1 1 12 10 12 9 1 100 1 12 10 1 12 10 1 1 7 1 12 10 1 1 7 1 12 10 1 1 7 12 11 1 1 1 1 1 1 1 1 7 1 12 9 1 12 10 1 1 1 1 1 1 12 10 1 1 1 12 9 1 1 12 9 1 1 12 9 1 12 10 1 1 1 12 9 1 12 9 1 7 1 12 10 1 12 9 1 12 9 1 7 12 10 12 10 1 1 1 1 12 10 1 1 100 1 12 10 1 1 1 1 1 100 10 1 12 10 1 1 7 1 1 12 10 1 7 1 12 9 12 9 12 10 1 12 10 1 12 9 1 100 12 10 12 9 1 12 10 12 10 1 7 1 1 12 10 16 1 7 1 12 11 15 1 16 1 1 12 18 1 7 1 12 10 1 1 100 1 100 1 1 12 10 1 7 1 1 12 11 1 7 1 12 11 1 1 12 11 12 10 12 10 1 10 1 1 1 12 10 1 1 10 11 1 1 12 10 10 1 12 10 1 12 10 1 12 9 12 10 1 100 12 10 12 10 1 1 12 10 1 12 9 1 1 12 11 100 1 12 10 1 10 12 10 1 1 12 10 1 1 12 10 15 1 16 1 12 18 12 10 11 12 10 15 18 12 10 1 1 1 1 12 10 1 1 1 7 1 12 10 1 7 1 12 10 1 12 10 1 12 9 1 12 9 1 7 1 12 10 1 12 9 1 7 9 1 12 10 1 12 10 1 12 10 1 7 10 1 12 10 1 12 9 1 1 7 1 12 10 1 12 10 1 12 10 1 10 1 12 10 1 3 1 1 1 1 12 10 1 1 1 1 1 7 1 1 1 1 1 12 10 1 1 1 12 10 1 100 1 1 1 12 10 1 100 1 1 12 10 1 1 12 9 1 12 9 1 1 12 10 1 12 10 1 100 12 10 1 100 1 12 10 1 12 9 1 100 12 9 12 9 1 12 10 12 9 1 100 10 12 10 12 10 1 100 1 12 10 1 12 10 1 100 1 12 10 12 10 1 7 1 12 10 12 10 1 1 12 9 1 100 1 12 10 1 12 10 1 1 1 1 1 12 10 15 16 1 12 18 1 1 12 10 15 1 16 1 12 18 12 10 1 12 10 1 12 11 1 12 10 1 7 1 12 10 15 1 12 18 1 12 11 1 12 9 1 12 9 1 12 9 12 10 12 10 1 12 10 15 18 12 9 1 100 1 12 9 12 10 1 12 10 12 10 1 100 12 10 1 100 1 12 10 1 100 1 12 10 1 100 1 12 10 16 1 12 10 15 1 12 18 1 1 1 12 11 12 10 15 1 12 18 1 100 1 1 12 11 1 1 12 9 1 12 9 1 1 1 1 12 11 1 1 12 10 1 7 12 10 1 12 9 1 12 10 12 10 10 1 12 10 1 12 9 1 1 12 10 1 12 10 1 12 9 12 9 1 1 7 12 10 1 12 10 1 12 10 15 1 16 1 12 18 1 1 1 1 1 1 12 9 1 1 1 1 12 10 1 12 10 1 12 10 1 12 10 1 1 12 10 1 12 10 1 1 12 10 1 1 100 1 1 12 9 1 100 1 12 10 12 10 1 12 10 1 12 10 1 8 1 100 1 1 12 10 15 1 12 18 10 1 1 12 10 16 12 10 15 16 1 12 18 1 100 1 12 10 12 10 12 10 15 16 18 1 1 12 10 15 18 18 1 1 100 10 1 12 10 12 10 15 18 1 12 11 15 1 16 1 12 18 1 12 10 12 10 12 10 12 10 15 18 12 10 12 10 12 10 1 1 12 10 12 9 1 7 1 100 1 100 1 100 1 12 11 1 12 11 12 10 1 100 1 12 10 10 1 100 1 8 1 12 18 1 12 10 12 9 1 12 9 12 9 1 12 10 1 7 1 1 12 10 1 100 1 8 1 12 18 1 8 18 1 7 10 12 10 1 12 10 1 100 12 10 1 7 11 1 7 1 12 11 1 100 1 12 11 1 12 10 12 10 1 1 7 1 12 10 12 10 15 16 1 12 18 12 10 15 16 18 1 1 1 1 1 1 1 1 1 1 100 1 8 1 1 12 10 1 1 1 8 1 1
staticfield com/android/tools/r8/graph/E0 t Z 1
ciInstanceKlass com/android/tools/r8/graph/H5 1 1 22 1 8 1 1 100 1 100 1 1 1 1 12 11 1 100 1 12 11 1 1 1
ciInstanceKlass com/android/tools/r8/graph/M5 1 0 44 1 8 1 1 100 1 100 1 100 1 1 100 1 8 1 1 12 10 1 1 1 8 1 1 1 8 1 1 1 8 1 1 1 8 1 1 1 8 1 1 8 1 1
ciInstanceKlass com/android/tools/r8/graph/G5 1 1 83 1 8 1 1 100 1 100 1 100 1 100 1 100 1 1 1 1 1 1 1 1 1 1 1 1 12 11 1 100 12 10 1 12 10 1 1 1 1 1 12 11 1 12 11 1 12 11 12 11 1 1 1 1 100 1 8 1 1 12 10 1 1 1 8 1 1 1 8 1 1 1 8 1 1 1 8 1 1 1 8 1 1
ciInstanceKlass com/android/tools/r8/graph/L5 1 0 88 1 8 1 1 100 1 100 1 100 1 100 1 100 1 1 100 1 8 1 1 12 10 1 1 1 8 1 1 1 8 1 1 8 1 1 1 8 1 1 8 1 1 1 8 1 1 1 8 1 1 1 8 1 1 1 8 1 1 1 8 1 1 8 1 1 1 8 1 1 1 8 1 1 8 1 1 1 8 1 1 8 1 8 1 1 8 1
ciInstanceKlass com/android/tools/r8/internal/qv 1 1 37 1 8 1 1 7 1 1 7 1 1 1 1 7 1 12 9 1 100 1 1 12 10 1 1 12 10 1 1 12 11 1 1 1 1 1 1
ciInstanceKlass com/android/tools/r8/internal/r50 1 1 57 1 8 1 1 7 1 1 100 1 100 1 100 1 1 1 1 1 12 11 1 1 1 1 7 1 1 12 9 1 1 1 1 1 100 1 12 10 12 11 1 1 1 12 11 12 11 1 1 12 11 1 1 1 1 1 1
ciInstanceKlass com/android/tools/r8/internal/Gr0 1 1 117 1 8 1 1 7 1 1 7 1 100 1 1 1 1 1 1 1 1 1 12 11 1 16 1 12 11 15 1 16 1 7 1 1 12 10 15 1 12 18 1 7 1 12 10 1 1 1 7 1 7 1 1 12 10 12 11 1 12 11 1 7 1 12 10 1 1 16 1 12 11 15 1 16 1 12 18 1 7 1 12 10 1 1 7 1 12 10 1 7 12 11 1 1 12 10 1 7 1 12 10 1 7 1 12 11 1 1 12 11 1 1 1 1 1 1 1
ciInstanceKlass com/android/tools/r8/graph/H2 1 1 1131 1 8 1 1 7 1 1 7 1 100 1 100 1 100 1 100 1 100 1 1 7 1 100 1 1 100 1 100 1 1 100 1 7 1 100 1 7 1 7 1 1 1 1 1 1 1 1 1 1 1 1 1 1 1 1 1 1 1 1 1 7 1 1 12 10 1 12 9 1 1 12 10 1 100 1 12 10 1 7 1 100 1 100 1 1 12 10 1 1 12 11 1 12 11 1 12 10 1 1 12 10 1 7 1 12 10 1 1 12 9 1 100 1 12 10 1 12 10 1 1 12 10 16 1 12 10 15 1 16 1 7 1 1 12 10 15 1 12 18 1 12 10 1 1 12 9 1 12 10 12 10 1 12 9 1 7 1 1 12 10 1 7 1 12 11 1 1 12 11 1 7 1 7 1 1 12 10 1 1 100 1 1 12 11 1 100 1 100 1 12 9 1 1 1 1 7 1 1 12 11 1 1 1 7 1 12 10 1 1 12 9 1 100 12 9 1 1 16 12 10 15 12 18 1 1 16 12 10 15 1 16 1 12 18 12 10 12 10 15 18 1 12 10 1 1 12 10 15 18 1 12 10 1 1 1 7 1 12 9 12 10 1 1 1 1 1 1 1 12 10 12 10 1 1 1 12 9 1 12 10 1 1 12 9 1 12 9 1 100 1 12 10 1 1 12 9 1 7 1 1 12 10 1 7 1 1 12 10 1 7 1 12 10 1 1 1 16 1 12 10 15 1 16 1 12 18 1 12 9 1 12 10 12 10 15 1 16 1 12 18 12 10 1 12 10 15 1 12 18 1 12 9 1 12 9 1 1 7 1 12 11 12 9 1 12 11 1 1 12 10 1 7 1 12 10 1 12 11 1 1 12 10 1 8 1 100 1 12 10 1 100 1 12 9 1 7 1 1 12 10 1 7 1 12 10 12 9 7 10 1 1 12 10 1 100 12 9 12 9 1 12 10 1 12 10 1 1 12 10 1 7 11 1 100 12 9 12 9 12 9 1 12 10 15 1 16 1 12 18 12 10 1 12 10 15 1 16 1 12 18 12 10 1 1 7 1 12 11 1 12 9 12 10 10 1 12 9 10 1 12 10 1 100 1 100 1 12 10 1 12 10 1 12 10 10 1 12 10 15 1 16 1 12 18 12 10 1 12 10 15 1 16 18 12 10 1 12 10 1 12 9 1 7 1 12 10 1 12 10 1 12 10 1 12 10 1 1 12 10 1 12 10 1 100 12 10 12 10 1 1 12 10 1 1 12 10 1 100 1 12 10 1 100 1 12 10 1 12 10 1 100 1 12 9 12 10 1 1 12 9 1 100 10 1 1 1 1 1 1 1 1 7 1 12 9 1 1 100 12 9 1 7 1 12 9 1 12 11 12 10 1 1 12 10 1 7 1 12 10 1 100 1 1 12 10 1 7 12 9 1 7 1 12 10 1 100 1 12 10 1 16 1 12 10 15 1 16 1 1 12 18 1 1 12 10 1 1 12 10 1 12 10 1 1 12 10 10 1 100 1 1 12 10 1 12 9 1 1 12 11 100 1 12 10 1 10 11 1 7 1 1 12 10 11 9 1 12 10 1 100 1 7 12 11 12 9 1 100 10 12 10 1 12 9 1 1 12 10 1 12 10 1 12 9 12 10 12 9 1 12 10 1 1 1 100 12 9 1 100 1 12 11 1 1 1 1 12 9 1 12 11 1 1 1 1 1 1 1 1 1 1 12 10 12 10 15 16 1 12 18 1 7 1 12 10 1 1 12 10 12 10 15 18 1 1 12 10 12 10 15 18 1 12 10 12 10 15 18 1 1 12 10 15 18 12 10 1 1 16 1 12 10 15 1 16 1 12 18 1 12 10 1 12 10 15 18 12 10 1 1 12 10 12 9 1 100 12 9 1 1 12 10 1 1 8 1 12 10 1 100 1 1 12 10 1 100 1 12 10 1 12 9 1 12 10 1 100 1 1 12 9 1 12 10 1 12 10 1 1 12 11 1 12 11 16 10 15 1 12 18 12 9 12 10 1 1 1 12 10 15 16 1 12 18 1 7 1 12 10 12 10 15 18 1 12 10 15 16 18 1 12 10 15 16 18 1 12 10 15 16 18 12 10 1 12 10 15 16 18 12 10 15 16 18 1 12 10 1 1 12 10 15 1 16 18 1 12 10 15 1 16 18 12 10 15 1 16 18 12 10 15 18 12 10 12 10 15 18 1 12 10 15 18 1 12 10 1 1 100 1 8 1 100 1 1 12 10 15 1 12 18 1 12 9 1 12 10 1 100 1 12 11 1 7 1 12 10 12 10 12 10 12 9 12 9 1 12 10 10 1 12 10 1 1 12 10 1 7 1 12 10 1 1 12 10 1 7 1 12 11 1 12 9 1 7 1 12 9 100 10 10 12 10 10 1 100 1 1 12 11 1 100 12 11 1 1 12 9 1 1 7 1 12 10 12 9 10 12 10 15 18 12 10 12 10 15 18 12 10 12 10 15 18 12 10 15 18 12 10 12 10 15 1 12 18 12 10 15 18 10 1 1 1 1 1 1 1 1 1 1
staticfield com/android/tools/r8/graph/H2 B [Lcom/android/tools/r8/graph/H2; 0 [Lcom/android/tools/r8/graph/H2;
staticfield com/android/tools/r8/graph/H2 C Z 1
ciInstanceKlass com/android/tools/r8/graph/q5 1 1 63 1 8 1 1 7 1 100 1 7 1 1 1 1 12 11 1 16 1 12 11 15 1 16 1 7 1 1 12 10 15 1 12 18 1 7 1 7 1 1 12 10 12 11 1 1 1 1 1 1 100 1 8 1 1 12 10 1 1 1 8 1 1
ciInstanceKlass com/android/tools/r8/internal/GT 1 0 18 1 8 1 1 100 1 100 1 100 1 1 1 1 1 1 1 1
ciInstanceKlass com/android/tools/r8/origin/ArchiveEntryOrigin 1 1 29 1 8 1 1 7 1 7 1 1 1 1 1 12 10 12 9 1 1 1 1 1 1 1 1 1 1 1 1
ciInstanceKlass com/android/tools/r8/graph/M2 1 1 448 1 8 1 1 7 1 1 7 1 100 1 1 1 1 1 1 1 1 1 1 1 1 12 9 1 1 12 10 1 100 1 1 12 10 1 1 12 10 1 7 1 1 12 10 1 8 1 7 1 12 10 1 1 12 10 1 1 1 1 1 1 1 100 1 1 12 10 1 1 1 1 12 10 1 1 1 1 100 1 12 10 1 100 1 12 10 1 1 7 1 1 12 10 1 1 12 10 1 7 1 12 11 1 12 10 1 1 1 100 10 1 1 7 1 12 10 1 1 7 1 12 10 1 1 12 9 1 1 1 12 10 1 12 10 1 1 7 1 12 10 1 1 1 12 10 1 1 100 1 12 11 1 100 1 12 10 12 10 1 100 11 1 7 1 12 10 12 10 1 12 10 1 1 100 1 12 10 1 12 10 1 1 12 9 1 100 1 12 10 1 12 10 1 100 1 12 10 1 7 1 12 10 1 1 12 10 1 1 12 10 1 1 100 1 1 12 11 1 1 7 1 1 12 11 1 1 12 10 12 9 1 7 1 1 12 9 1 7 1 12 10 1 7 1 12 10 1 1 1 7 11 1 1 12 10 1 7 1 12 10 1 12 11 1 1 100 1 12 9 1 12 10 1 1 12 9 1 12 10 1 1 1 1 1 1 1 1 1 1 12 9 1 1 12 10 12 10 12 10 1 12 10 12 10 1 12 10 1 8 1 100 1 1 12 10 15 1 12 18 1 12 10 1 1 12 10 1 1 12 9 1 7 1 1 12 10 1 12 10 1 12 10 1 1 1 1 8 1 12 10 1 8 1 12 18 1 12 10 1 8 18 1 1 12 10 1 1 12 10 1 1 1 12 10 1 12 10 1 12 10 1 1 1 1 1 10 1 8 1 1 12 10 1 8 12 18 12 10 1 1 7 1 12 10 12 9 1 8 1 8 1 8 1 8 1 8 1 8 1 8 1 8 1 8 1 7 1 12 10 1 7 1 12 10 12 9 1 1 12 10 1 1 1 1 1 1 1
staticfield com/android/tools/r8/graph/M2 h [Lcom/android/tools/r8/graph/M2; 0 [Lcom/android/tools/r8/graph/M2;
staticfield com/android/tools/r8/graph/M2 i Lcom/android/tools/r8/internal/uC; com/android/tools/r8/internal/Rf0
staticfield com/android/tools/r8/graph/M2 j Z 1
ciInstanceKlass com/android/tools/r8/graph/B2 1 1 443 1 8 1 1 7 1 1 7 1 1 1 1 1 100 1 1 12 10 1 1 12 10 1 7 1 1 12 10 1 1 12 10 1 8 1 1 12 9 1 8 1 1 12 9 1 12 10 1 8 1 1 12 10 1 8 12 9 1 7 1 12 9 1 7 1 1 12 9 1 8 1 12 10 1 1 1 1 1 1 7 1 1 12 10 1 1 12 10 1 7 1 12 11 1 12 10 1 12 10 1 1 1 16 12 10 15 1 7 1 1 12 10 15 12 18 1 1 7 1 1 12 10 12 10 1 7 1 7 1 12 10 1 7 11 1 1 7 1 12 10 1 1 1 12 10 1 1 7 12 10 1 1 1 1 1 1 1 12 9 1 1 100 1 1 12 11 1 1 1 100 1 1 12 11 1 1 1 12 10 1 7 1 12 9 1 100 1 12 9 1 100 1 12 10 10 1 12 10 1 7 1 100 10 1 1 1 7 10 100 1 12 10 1 7 1 1 12 10 1 1 12 10 1 8 1 7 1 12 10 1 100 1 1 12 10 1 7 10 1 1 12 10 1 12 10 1 1 12 10 1 7 1 1 12 10 1 7 1 12 10 1 7 1 12 11 12 11 1 12 11 1 12 10 12 10 1 1 100 1 1 12 9 1 12 10 1 1 1 1 100 1 1 12 10 1 100 1 100 1 12 10 1 1 7 1 12 10 10 10 12 10 1 1 12 10 1 12 10 1 1 1 12 10 12 10 1 1 1 1 8 1 100 1 1 12 10 15 1 12 18 1 12 10 12 10 1 12 10 1 8 1 12 18 12 10 1 1 1 7 1 12 9 1 1 12 10 1 1 1 1 1 12 10 1 1 12 10 1 12 10 1 1 1 1 1 1 12 10 1 12 9 12 9 1 12 10 1 7 1 1 12 10 1 100 1 100 1 8 1 12 18 1 12 10 16 15 1 16 1 12 18 1 7 1 12 10 15 16 18 1 12 10 15 16 18 1 1 1 1 1 1 1
ciInstanceKlass com/android/tools/r8/graph/O2 1 1 169 1 8 1 1 7 1 1 7 1 100 1 100 1 1 1 1 1 1 1 1 12 9 1 1 1 1 1 1 16 1 12 10 15 1 7 1 1 12 10 15 12 18 1 1 7 1 12 10 1 1 1 1 1 100 1 7 1 1 12 11 1 1 1 1 1 1 7 1 12 10 1 1 100 1 12 10 1 1 1 12 10 1 1 1 1 1 1 1 100 1 1 12 11 1 1 1 100 1 1 12 10 1 1 12 10 1 12 10 12 10 1 1 1 1 7 1 12 10 1 1 1 16 1 12 10 15 16 1 1 12 18 1 7 1 1 12 10 1 1 12 9 10 1 7 1 12 9 1 12 9 1 100 10 1 1 7 1 12 10 10 1 1 1 1 1 1 1 1
staticfield com/android/tools/r8/graph/O2 c Lcom/android/tools/r8/graph/O2; com/android/tools/r8/graph/O2
staticfield com/android/tools/r8/graph/O2 d Z 1
ciInstanceKlass sun/security/util/ObjectIdentifier 1 1 408 10 100 12 1 1 1 9 7 12 1 1 1 9 12 1 1 100 1 8 1 10 12 1 1 100 1 10 12 1 1 9 12 1 1 10 12 1 1 10 12 1 1 10 100 10 12 1 1 9 12 1 1 10 12 1 1 9 100 12 1 1 1 10 100 12 1 1 10 7 12 1 10 7 12 1 1 1 10 12 1 1 10 12 1 1 10 12 1 100 1 10 10 12 1 1 10 12 1 10 12 1 1 5 0 10 12 1 1 10 12 1 1 10 12 1 10 12 1 1 10 7 12 1 1 1 10 12 10 12 1 10 12 10 12 1 10 12 1 10 7 12 1 1 1 9 12 1 1 100 1 100 1 7 1 10 8 1 10 12 1 1 10 12 1 1 10 10 12 1 10 100 12 1 1 1 10 100 12 1 1 1 3 9 12 1 1 10 7 12 1 1 1 10 10 12 1 1 10 7 12 1 1 100 1 10 12 1 10 7 12 1 1 1 10 7 12 1 1 1 10 12 1 1 10 12 1 1 10 12 1 5 0 10 12 1 5 0 10 12 1 1 10 12 1 1 10 12 10 12 1 8 1 10 12 1 10 12 1 9 12 1 100 1 8 1 10 12 1 8 1 10 12 1 10 12 1 1 8 1 10 8 1 8 1 8 1 10 12 1 9 12 1 1 8 1 5 0 8 1 8 1 8 1 8 1 8 1 8 1 10 7 12 1 1 1 10 100 1 1 1 3 1 1 5 0 1 1 1 1 1 1 1 1 1 1 1 1 1 1 100 1 1 1 1 1 1 1 1 1 1 1 1 1 1 1 1 1 1 1 1 1 1 1 1 1 1 1 1 1 1 1 1 1 1 1 1 1 1 1 1 1 1 1 1 1 1 1 1 1 1 1 1 1 1 1 1 1 1 1 1 1 1 1 1 1 1 1
staticfield sun/security/util/ObjectIdentifier oidTable Ljava/util/concurrent/ConcurrentHashMap; java/util/concurrent/ConcurrentHashMap
staticfield sun/security/util/ObjectIdentifier $assertionsDisabled Z 1
ciInstanceKlass sun/security/x509/AlgorithmId 1 1 625 10 7 12 1 1 1 9 7 12 1 1 1 9 12 1 1 10 100 12 1 1 1 9 12 1 1 100 1 100 1 8 1 10 12 1 10 7 12 1 1 10 12 1 10 12 1 1 10 12 1 1 100 1 10 100 12 1 1 10 12 1 1 7 1 10 10 12 1 1 9 12 1 10 7 12 1 1 1 9 12 1 9 12 1 9 12 1 9 12 1 9 12 1 9 12 1 9 12 1 9 12 1 9 12 1 9 12 1 9 12 1 9 12 1 9 12 1 9 12 1 9 12 1 9 12 1 9 12 1 9 12 1 9 12 1 9 12 1 9 12 1 9 12 1 9 12 1 9 12 1 9 12 1 9 12 1 10 12 1 1 10 12 1 10 12 1 1 10 12 1 1 10 10 12 1 10 7 12 1 1 1 9 12 1 1 10 12 10 12 1 1 100 1 10 8 1 8 1 10 100 12 1 1 1 10 12 1 1 8 1 10 9 12 1 10 10 12 1 10 12 1 1 11 100 12 1 1 1 10 12 1 10 10 7 12 1 1 10 12 1 10 12 1 10 12 1 1 10 12 1 8 1 8 1 10 12 1 9 12 1 1 8 1 10 12 1 10 12 1 1 10 7 12 1 1 1 10 12 1 10 12 1 1 10 12 1 8 1 8 1 10 12 1 10 12 1 10 12 1 1 8 1 10 8 1 10 12 1 10 12 1 10 12 1 8 1 10 12 1 1 10 10 12 1 1 10 12 1 1 8 1 10 12 1 1 9 100 12 1 1 1 10 12 1 1 10 12 9 12 1 10 12 1 1 10 100 1 10 12 1 1 10 100 12 1 1 1 10 100 1 8 1 8 1 8 1 8 1 8 1 8 1 8 1 8 1 8 1 8 1 8 1 100 1 10 10 100 12 1 1 1 10 12 1 1 10 12 1 1 11 100 12 1 1 1 11 100 12 1 1 1 11 12 1 8 1 10 12 1 1 10 12 1 1 10 12 1 1 9 12 1 9 12 1 9 12 1 9 12 1 9 12 1 9 12 1 9 12 1 9 12 1 9 12 1 9 12 1 9 12 1 9 12 1 9 12 1 9 12 1 9 12 1 9 12 1 9 12 1 9 12 1 9 12 1 9 12 1 9 12 1 9 12 1 9 12 1 9 12 1 9 12 1 9 12 1 9 12 1 9 12 1 9 12 1 9 12 1 9 12 1 9 12 1 9 12 1 9 12 1 9 12 1 100 1 100 1 1 1 1 5 0 1 1 1 1 1 1 1 1 1 1 1 1 1 1 1 1 1 1 1 1 1 1 1 1 1 1 1 1 1 1 1 1 1 1 1 1 1 1 1 1 1 1 1 1 1 1 1 1 100 1 1 1 1 1 1 1 1 1 1 1 1 1 1 1 1 1 100 1 1 1 1 1
staticfield sun/security/x509/AlgorithmId MD2_oid Lsun/security/util/ObjectIdentifier; sun/security/util/ObjectIdentifier
staticfield sun/security/x509/AlgorithmId MD5_oid Lsun/security/util/ObjectIdentifier; sun/security/util/ObjectIdentifier
staticfield sun/security/x509/AlgorithmId SHA_oid Lsun/security/util/ObjectIdentifier; sun/security/util/ObjectIdentifier
staticfield sun/security/x509/AlgorithmId SHA224_oid Lsun/security/util/ObjectIdentifier; sun/security/util/ObjectIdentifier
staticfield sun/security/x509/AlgorithmId SHA256_oid Lsun/security/util/ObjectIdentifier; sun/security/util/ObjectIdentifier
staticfield sun/security/x509/AlgorithmId SHA384_oid Lsun/security/util/ObjectIdentifier; sun/security/util/ObjectIdentifier
staticfield sun/security/x509/AlgorithmId SHA512_oid Lsun/security/util/ObjectIdentifier; sun/security/util/ObjectIdentifier
staticfield sun/security/x509/AlgorithmId SHA512_224_oid Lsun/security/util/ObjectIdentifier; sun/security/util/ObjectIdentifier
staticfield sun/security/x509/AlgorithmId SHA512_256_oid Lsun/security/util/ObjectIdentifier; sun/security/util/ObjectIdentifier
staticfield sun/security/x509/AlgorithmId SHA3_224_oid Lsun/security/util/ObjectIdentifier; sun/security/util/ObjectIdentifier
staticfield sun/security/x509/AlgorithmId SHA3_256_oid Lsun/security/util/ObjectIdentifier; sun/security/util/ObjectIdentifier
staticfield sun/security/x509/AlgorithmId SHA3_384_oid Lsun/security/util/ObjectIdentifier; sun/security/util/ObjectIdentifier
staticfield sun/security/x509/AlgorithmId SHA3_512_oid Lsun/security/util/ObjectIdentifier; sun/security/util/ObjectIdentifier
staticfield sun/security/x509/AlgorithmId DSA_oid Lsun/security/util/ObjectIdentifier; sun/security/util/ObjectIdentifier
staticfield sun/security/x509/AlgorithmId EC_oid Lsun/security/util/ObjectIdentifier; sun/security/util/ObjectIdentifier
staticfield sun/security/x509/AlgorithmId RSAEncryption_oid Lsun/security/util/ObjectIdentifier; sun/security/util/ObjectIdentifier
staticfield sun/security/x509/AlgorithmId RSASSA_PSS_oid Lsun/security/util/ObjectIdentifier; sun/security/util/ObjectIdentifier
staticfield sun/security/x509/AlgorithmId MGF1_oid Lsun/security/util/ObjectIdentifier; sun/security/util/ObjectIdentifier
staticfield sun/security/x509/AlgorithmId SHA1withRSA_oid Lsun/security/util/ObjectIdentifier; sun/security/util/ObjectIdentifier
staticfield sun/security/x509/AlgorithmId SHA224withRSA_oid Lsun/security/util/ObjectIdentifier; sun/security/util/ObjectIdentifier
staticfield sun/security/x509/AlgorithmId SHA256withRSA_oid Lsun/security/util/ObjectIdentifier; sun/security/util/ObjectIdentifier
staticfield sun/security/x509/AlgorithmId SHA384withRSA_oid Lsun/security/util/ObjectIdentifier; sun/security/util/ObjectIdentifier
staticfield sun/security/x509/AlgorithmId SHA512withRSA_oid Lsun/security/util/ObjectIdentifier; sun/security/util/ObjectIdentifier
staticfield sun/security/x509/AlgorithmId SHA512$224withRSA_oid Lsun/security/util/ObjectIdentifier; sun/security/util/ObjectIdentifier
staticfield sun/security/x509/AlgorithmId SHA512$256withRSA_oid Lsun/security/util/ObjectIdentifier; sun/security/util/ObjectIdentifier
staticfield sun/security/x509/AlgorithmId MD2withRSA_oid Lsun/security/util/ObjectIdentifier; sun/security/util/ObjectIdentifier
staticfield sun/security/x509/AlgorithmId MD5withRSA_oid Lsun/security/util/ObjectIdentifier; sun/security/util/ObjectIdentifier
staticfield sun/security/x509/AlgorithmId SHA3_224withRSA_oid Lsun/security/util/ObjectIdentifier; sun/security/util/ObjectIdentifier
staticfield sun/security/x509/AlgorithmId SHA3_256withRSA_oid Lsun/security/util/ObjectIdentifier; sun/security/util/ObjectIdentifier
staticfield sun/security/x509/AlgorithmId SHA3_384withRSA_oid Lsun/security/util/ObjectIdentifier; sun/security/util/ObjectIdentifier
staticfield sun/security/x509/AlgorithmId SHA3_512withRSA_oid Lsun/security/util/ObjectIdentifier; sun/security/util/ObjectIdentifier
ciInstanceKlass java/lang/AssertionError 0 0 79 10 100 12 1 1 1 10 12 1 10 100 12 1 1 1 10 100 1 100 1 10 12 1 1 10 12 1 10 12 1 10 12 1 10 12 1 10 12 1 10 12 1 10 12 1 1 1 1 5 0 1 1 1 1 1 1 1 1 1 1 100 1 1 1 1 1 1 1 1 1 1 1 1 1 1 1 1 1
instanceKlass com/android/tools/r8/synthesis/U
instanceKlass com/android/tools/r8/synthesis/S
ciInstanceKlass com/android/tools/r8/synthesis/Q$b 1 1 63 1 8 1 1 7 1 1 7 1 100 1 100 1 1 1 1 1 1 1 12 10 12 9 12 9 1 1 1 7 1 1 12 10 1 1 1 1 1 100 1 12 11 1 1 1 1 1 1 1 1 1 1 1 1 1 1 1 1 1 1 1 1
instanceKlass com/android/tools/r8/graph/j
ciInstanceKlass com/android/tools/r8/graph/h 1 1 354 1 8 1 1 7 1 7 1 7 1 100 1 7 1 1 100 1 7 1 1 1 1 1 1 1 1 1 1 1 1 1 1 12 9 1 1 12 10 1 100 1 1 12 10 1 7 1 7 12 10 12 9 1 12 10 1 12 10 1 8 1 12 10 12 9 1 7 1 12 10 1 12 10 1 12 9 1 12 9 1 12 9 1 12 9 1 12 9 1 12 10 1 12 10 1 7 1 12 10 1 7 9 1 12 10 1 7 10 1 12 10 1 12 10 1 1 12 10 1 12 10 12 9 1 9 12 9 1 1 1 7 1 12 9 1 12 9 12 10 1 1 1 12 9 1 1 12 10 1 1 7 1 1 12 10 16 12 11 15 16 1 7 1 1 12 10 15 1 1 12 18 1 12 10 1 1 1 12 10 1 7 1 1 12 11 1 1 7 1 12 10 12 10 1 7 1 1 12 9 1 100 1 12 9 1 1 12 10 1 12 10 1 100 1 12 11 1 100 1 12 10 1 100 1 1 12 11 1 100 1 1 12 11 1 100 1 12 11 1 1 12 11 1 1 1 1 1 1 1 1 7 1 12 10 12 9 1 7 1 12 9 1 100 1 7 1 1 12 10 1 12 9 1 7 1 12 9 1 7 1 12 10 1 12 10 1 7 1 12 9 10 1 12 10 1 1 12 10 12 10 9 12 9 1 100 1 1 12 9 1 100 1 100 1 12 9 1 100 12 9 1 100 1 12 9 1 12 10 1 100 1 12 9 1 12 10 1 1 10 1 1 7 1 12 10 1 1 1 1 1 1 1 1
staticfield com/android/tools/r8/graph/h g Z 1
ciInstanceKlass com/android/tools/r8/graph/h0 1 1 47 1 8 1 1 100 1 100 1 100 1 1 1 1 1 100 1 8 1 1 12 10 1 1 1 8 1 1 1 8 1 1 1 8 1 1 1 8 1 1 1 8 1 1 8 1 1
ciInstanceKlass com/android/tools/r8/graph/B4 1 1 51 1 8 1 1 100 1 100 1 100 1 1 1 100 1 1 12 10 1 1 1 1 100 1 8 1 1 12 10 1 1 1 8 1 1 1 8 1 1 1 8 1 1 1 8 1 1 1 8 1 1
ciInstanceKlass com/android/tools/r8/graph/f0 1 0 75 1 8 1 1 100 1 100 1 100 1 100 1 1 100 1 8 1 1 12 10 1 1 1 8 1 1 1 8 1 1 8 1 1 1 8 1 1 8 1 1 1 8 1 1 1 8 1 1 1 8 1 1 1 8 1 1 1 8 1 1 8 1 1 1 8 1 1 1 8 1 1 8 1 1
ciInstanceKlass com/android/tools/r8/graph/A4 1 0 72 1 8 1 1 100 1 100 1 100 1 100 1 1 100 1 8 1 1 12 10 1 1 1 8 1 1 1 8 1 1 1 8 1 1 1 8 1 1 1 8 1 1 1 8 1 1 1 8 1 1 1 8 1 1 8 1 1 1 8 1 1 8 1 1 1 8 1 1 8 1 1
ciInstanceKlass com/android/tools/r8/graph/v2 1 1 276 1 8 1 1 7 1 1 7 1 100 1 100 1 100 1 100 1 1 100 1 100 1 1 100 1 100 1 1 100 1 100 1 1 1 1 1 12 10 12 9 1 1 12 10 1 100 1 12 10 1 16 1 1 12 10 15 16 1 100 1 1 12 10 15 1 1 12 18 1 100 1 1 12 11 1 100 1 12 10 1 100 1 12 10 1 12 10 15 16 18 1 1 12 10 1 7 1 1 12 11 1 7 1 1 12 11 1 1 12 11 1 7 1 12 9 1 1 12 9 1 100 1 12 10 1 1 12 9 1 1 12 9 1 8 1 100 1 1 12 10 15 1 12 18 1 12 10 1 100 1 12 10 1 12 10 1 12 9 12 10 1 12 10 1 100 1 12 10 1 12 10 12 10 1 1 7 1 12 10 1 1 100 1 12 11 1 1 1 1 12 9 12 10 1 8 1 12 18 1 12 10 1 1 1 1 1 1 1 1 1 100 1 12 9 1 1 1 12 10 1 100 1 12 11 1 100 12 11 1 12 10 1 100 1 1 12 10 1 100 1 12 9 1 12 10 1 100 1 1 12 9 1 12 11 1 1 1 1 1 1 1 1 1 1 1 1 100 1 8 1 1 12 10 1 1
staticfield com/android/tools/r8/graph/v2 u Z 1
ciInstanceKlass com/android/tools/r8/graph/K5 1 1 411 1 8 1 1 7 1 1 7 1 100 1 100 1 100 1 1 100 1 100 1 1 7 1 7 1 1 1 1 1 1 12 10 1 12 10 1 1 7 1 1 12 10 1 7 1 1 12 10 1 1 12 10 1 7 1 12 10 1 1 7 1 1 12 10 1 100 1 1 12 10 1 1 12 10 1 100 1 12 10 1 12 10 1 1 12 10 1 100 1 12 10 1 100 1 12 10 1 12 10 1 12 10 1 12 10 1 100 1 1 12 10 1 100 1 12 9 1 100 1 1 12 11 12 10 1 12 10 1 1 12 10 1 12 10 1 12 9 1 100 12 9 1 100 1 12 9 1 1 12 9 1 1 12 10 1 1 12 9 1 100 1 12 10 1 1 12 10 1 100 12 11 1 100 1 12 10 1 12 10 1 12 10 12 10 1 12 10 12 10 1 100 12 11 12 10 1 12 10 1 12 10 1 12 10 1 12 10 12 10 12 10 1 12 10 12 10 12 10 1 12 10 1 12 10 12 10 1 12 9 1 12 10 1 100 1 12 9 1 12 10 1 12 9 1 12 10 1 100 10 1 12 10 1 100 1 12 10 1 1 12 10 1 100 12 9 1 100 1 12 10 1 12 10 1 12 10 1 100 1 1 12 10 1 1 12 10 1 12 10 1 100 12 9 1 100 1 100 12 10 1 1 12 10 1 1 1 1 12 9 12 9 1 7 1 12 10 1 12 10 1 1 1 1 12 9 1 12 10 1 1 12 9 1 100 1 12 10 12 9 12 9 1 100 1 12 10 1 12 10 1 12 10 1 1 1 1 1 1 1 1 1 1 1 12 9 1 1 10 1 1 12 10 1 1 1 1 1 1 7 1 12 10 1 1 100 1 12 10 1 12 10 12 9 1 100 1 12 11 1 100 12 11 1 1 1 1 1 1 1 1
staticfield com/android/tools/r8/graph/K5 f Z 1
ciInstanceKlass com/android/tools/r8/shaking/j2 1 0 32 1 8 1 1 100 1 100 1 1 1 1 16 1 12 11 15 1 100 1 1 12 10 15 1 12 18 1 1 1 1 1
ciInstanceKlass com/android/tools/r8/graph/y 1 1 1365 1 8 1 1 7 1 1 7 1 100 1 100 1 100 1 100 1 100 1 100 1 100 1 100 1 100 1 100 1 100 1 100 1 100 1 100 1 100 1 100 1 1 100 1 100 1 1 7 1 7 1 1 100 1 1 100 1 100 1 7 1 1 1 1 1 1 1 1 1 1 1 1 1 1 1 1 1 1 1 1 1 1 1 1 1 1 1 1 1 1 1 1 1 1 1 1 1 1 1 1 1 1 1 1 1 1 1 1 1 1 1 1 1 1 1 1 1 1 1 1 1 1 1 1 1 1 1 1 1 1 1 1 1 1 1 1 1 1 1 1 1 1 1 1 1 1 1 1 100 1 12 11 1 12 10 1 1 12 11 1 12 10 1 1 1 12 11 1 12 10 1 100 1 12 10 1 12 9 1 12 10 1 7 1 12 10 1 1 12 10 1 1 12 10 1 12 10 1 1 12 10 1 100 12 10 1 100 1 12 10 1 1 12 10 1 12 9 1 12 10 1 12 9 1 100 1 8 1 12 10 1 100 1 1 12 10 12 9 12 9 12 9 12 9 12 9 1 100 1 12 10 1 1 7 1 12 10 1 1 7 1 12 10 1 1 12 10 1 7 1 12 10 1 1 7 1 12 10 1 12 9 12 9 1 100 1 1 12 11 1 1 12 10 1 7 12 10 1 1 1 1 12 9 12 9 12 10 1 100 1 12 10 1 12 10 12 10 1 12 10 12 9 1 7 12 9 1 12 10 1 1 1 12 9 1 7 10 12 10 1 100 12 9 12 9 1 1 12 10 1 12 10 12 10 1 12 10 1 12 10 1 12 10 12 10 12 10 1 100 1 12 10 12 10 1 12 10 1 12 10 1 7 12 10 1 12 10 1 7 1 12 10 1 12 9 1 1 12 9 1 1 12 9 1 1 12 9 12 9 1 100 1 12 10 12 9 1 100 1 12 11 1 12 10 10 1 12 11 10 1 12 9 1 100 10 12 9 1 12 9 1 7 1 1 12 10 12 9 1 7 12 9 1 12 10 9 1 12 10 12 9 1 8 1 12 10 1 12 9 1 12 9 1 100 1 12 11 12 9 1 1 12 10 1 7 12 9 12 9 1 12 10 12 10 1 1 1 12 9 1 12 9 1 1 1 1 1 12 11 1 16 12 10 15 1 16 1 7 1 1 12 10 15 1 1 12 18 12 10 15 1 16 18 12 10 15 1 16 18 1 100 1 12 10 1 100 1 100 1 12 10 1 100 1 100 1 12 10 1 12 10 1 100 1 100 10 1 12 10 1 12 9 1 1 100 10 12 9 1 7 1 12 9 1 100 1 12 11 1 12 9 1 100 1 12 10 12 9 1 12 10 1 12 9 1 7 1 12 11 1 12 9 12 9 1 12 10 1 100 1 100 1 12 9 1 12 10 1 12 9 1 1 1 12 10 1 7 1 12 10 1 100 1 12 9 1 12 9 12 9 1 1 12 9 1 12 9 1 100 12 9 1 100 1 1 12 10 1 12 9 1 100 11 1 1 7 10 1 12 9 1 100 1 7 1 8 1 12 10 1 12 10 1 12 10 1 12 10 1 100 1 12 10 12 10 1 7 1 12 10 1 7 1 12 10 12 9 1 8 1 100 1 12 10 1 100 12 9 1 1 12 11 1 100 1 12 11 1 1 12 11 12 9 11 1 12 10 1 12 10 1 12 9 1 12 10 1 7 1 12 10 12 9 1 100 1 12 10 1 7 1 12 10 12 10 1 1 100 12 9 1 12 10 12 10 1 1 12 10 9 12 9 1 100 1 100 1 1 12 10 1 100 12 10 1 12 10 1 100 1 12 10 12 9 1 1 12 9 1 100 1 12 11 1 100 1 12 10 1 1 1 12 9 1 100 12 11 12 9 1 1 12 9 1 100 1 12 10 1 1 12 11 12 9 12 10 1 8 1 100 1 1 12 10 15 1 12 18 12 10 1 8 18 1 12 10 1 12 10 16 1 12 10 15 16 1 12 18 1 1 12 10 1 1 100 12 9 1 1 12 10 12 10 12 10 1 12 10 1 1 1 1 12 10 1 1 1 100 1 12 10 1 12 9 1 100 9 1 1 12 9 1 100 1 12 10 1 100 1 12 9 12 10 1 12 9 1 12 10 1 12 11 1 12 10 12 10 1 1 1 8 1 100 1 100 16 12 10 15 1 16 1 12 18 10 1 12 10 1 12 10 1 12 10 1 12 10 1 1 1 12 10 1 100 12 10 1 12 10 1 12 10 15 1 16 1 12 18 1 12 10 1 100 1 12 10 1 12 9 1 12 10 1 12 10 15 16 18 12 10 12 10 1 100 1 12 10 1 8 1 12 10 1 100 1 12 11 1 12 10 1 12 10 10 1 12 10 10 10 10 10 10 10 10 10 1 100 1 100 12 11 1 100 1 12 10 1 12 10 11 1 100 1 12 10 12 10 1 100 9 1 100 1 1 12 10 1 1 12 10 1 100 1 12 10 9 1 12 11 1 12 11 12 11 1 1 7 1 12 10 10 1 7 10 1 12 10 12 9 12 9 1 7 12 10 1 7 12 9 12 9 1 7 10 12 9 1 7 10 12 9 12 9 1 7 1 12 9 1 7 10 1 12 10 9 1 7 1 12 9 1 7 12 9 1 7 1 12 9 1 7 10 12 9 12 9 12 9 16 12 10 15 16 1 12 18 1 8 1 12 10 1 7 10 12 9 1 7 10 12 9 1 100 10 12 9 1 100 10 12 9 12 10 15 16 18 1 8 1 7 1 12 10 15 16 1 12 18 1 8 12 9 1 8 1 12 10 12 9 12 10 9 1 100 10 12 9 12 10 1 100 1 12 10 12 10 15 16 18 1 8 12 9 12 10 15 1 16 1 12 18 1 8 12 10 15 16 18 1 8 12 10 15 16 18 1 8 12 10 15 16 18 1 8 1 7 12 9 1 1 12 9 1 12 9 1 100 1 8 1 100 12 9 1 12 9 1 100 11 1 12 10 1 12 10 10 12 9 1 8 12 10 12 10 16 12 10 15 1 12 18 1 100 11 1 1 1 1 1 1 1 1 1 1
staticfield com/android/tools/r8/graph/y W Z 1
ciInstanceKlass com/android/tools/r8/graph/I0 0 0 375 1 8 1 1 100 1 100 1 100 1 100 1 100 1 100 1 100 1 100 1 100 1 1 100 1 100 1 1 100 1 100 1 1 100 1 100 1 1 1 1 1 12 10 12 9 1 1 12 9 1 100 1 100 1 8 1 100 1 1 12 10 15 1 12 18 1 12 10 1 1 100 1 100 1 1 12 11 1 12 10 1 1 12 11 1 100 1 1 12 11 1 1 12 11 1 100 1 1 12 10 12 9 1 1 12 9 1 1 12 10 1 12 10 1 1 12 10 1 1 12 10 1 1 12 10 1 1 12 10 1 12 10 1 12 10 1 1 12 10 1 12 10 1 1 12 10 1 100 1 1 12 10 1 1 12 9 1 12 11 1 1 12 10 1 12 11 12 10 1 1 12 10 1 1 16 15 1 16 1 100 1 1 12 10 15 1 1 12 18 1 100 1 1 12 10 15 18 15 1 16 18 15 1 16 18 15 1 16 18 1 12 10 15 1 16 18 15 1 16 18 1 12 10 15 1 16 18 1 16 1 12 10 15 16 1 1 12 18 1 12 10 1 12 10 15 18 1 12 10 15 18 1 1 12 9 1 12 10 1 1 1 100 1 12 10 1 1 100 1 12 11 1 1 100 1 12 9 1 1 12 9 16 1 12 10 15 1 16 1 12 18 1 12 10 1 1 1 12 9 12 10 1 8 1 12 18 1 1 1 1 1 100 1 12 9 1 1 100 1 12 11 1 100 12 11 1 12 10 1 100 1 1 12 10 1 100 1 1 12 10 1 1 16 12 10 15 12 18 1 1 1 1 1 1 100 1 12 10 1 1 1 1 1 1 1 100 1 8 1 1 12 10 1 1
ciInstanceKlass com/android/tools/r8/synthesis/F 1 1 112 1 8 1 1 7 1 7 1 7 1 100 1 100 1 1 1 1 1 1 12 10 1 7 10 12 9 1 1 7 1 1 12 10 12 9 1 1 1 12 10 1 1 12 10 1 100 1 1 12 9 1 100 1 1 12 11 1 100 1 100 1 100 1 100 1 12 11 1 1 12 11 1 100 1 100 1 1 12 10 1 1 12 10 1 100 1 1 12 10 1 12 10 1 12 10 1 12 10 1 1 12 10 1 100 10 1 1 1 1 1 1
staticfield com/android/tools/r8/synthesis/F b Z 1
ciInstanceKlass com/android/tools/r8/synthesis/q 0 0 103 1 8 1 1 100 1 100 1 100 1 100 1 100 1 1 1 1 12 10 1 1 1 1 1 1 12 9 1 100 1 100 1 12 10 1 12 10 1 12 9 1 100 1 12 10 1 1 100 12 11 1 1 1 1 12 9 1 100 1 12 10 1 100 1 12 9 1 12 9 1 8 1 100 1 1 12 10 15 1 12 18 1 1 12 11 1 1 1 100 1 1 12 10 1 12 10 1 1 1 1 1 1
instanceKlass com/android/tools/r8/synthesis/N
instanceKlass com/android/tools/r8/synthesis/n
ciInstanceKlass com/android/tools/r8/synthesis/t 1 1 172 1 8 1 1 7 1 7 1 7 1 100 1 1 1 1 1 1 1 1 1 12 10 12 9 1 100 10 1 7 12 9 12 9 1 1 7 1 1 12 11 1 7 1 1 7 1 12 10 1 1 1 12 9 1 1 7 1 1 12 10 1 1 1 1 7 1 1 1 1 1 1 1 1 12 10 12 10 1 7 1 1 12 10 1 12 10 1 100 1 12 11 1 12 10 1 7 1 100 1 12 9 1 1 12 10 9 1 100 1 12 10 1 12 9 1 1 12 11 1 100 1 1 12 10 1 12 10 1 12 10 1 16 12 10 15 16 1 7 1 1 12 10 15 1 12 18 1 100 12 10 15 1 12 18 12 10 15 1 16 1 12 18 1 12 10 1 1 1 1 1 1
staticfield com/android/tools/r8/synthesis/t c Z 1
ciInstanceKlass com/android/tools/r8/synthesis/E 1 1 1342 1 8 1 1 7 1 7 1 100 1 7 1 100 1 7 1 100 1 100 1 100 1 7 1 100 1 1 7 1 7 1 1 100 1 7 1 1 1 1 1 1 1 1 1 1 1 1 1 1 12 9 1 7 1 12 10 1 7 1 1 12 10 1 7 1 7 1 1 12 10 1 1 12 10 1 7 1 12 9 1 7 1 1 12 11 12 9 1 12 9 1 7 1 1 12 10 1 7 9 1 1 7 1 1 12 11 1 7 1 7 1 12 11 1 100 1 7 1 16 1 12 10 15 16 1 7 1 1 12 10 15 1 1 12 18 1 100 12 11 1 1 12 10 1 1 12 11 1 12 10 1 7 1 1 12 11 1 1 12 10 1 16 1 12 10 15 1 16 1 1 12 18 1 7 12 11 1 7 1 12 10 1 7 1 7 1 12 10 1 1 12 10 1 12 10 12 10 1 7 1 100 12 9 1 12 10 1 100 1 12 10 16 1 12 10 15 1 16 1 12 18 1 1 12 10 1 1 12 10 1 7 1 12 10 1 12 9 1 7 1 12 10 1 100 12 10 1 100 1 1 12 9 1 12 10 1 7 1 12 10 1 12 10 1 7 1 12 10 1 12 9 1 12 9 1 100 1 12 10 1 100 12 10 1 7 1 12 10 1 7 12 10 1 12 10 1 1 12 10 1 8 1 12 10 1 12 10 15 18 1 12 10 1 7 12 10 1 100 1 1 12 10 1 8 1 100 10 1 100 1 12 10 1 12 10 1 7 1 12 9 12 10 12 9 1 12 11 12 11 1 7 1 12 9 10 1 8 1 12 9 12 9 1 1 12 10 1 12 10 1 7 1 12 10 1 12 10 15 16 1 12 18 1 12 11 1 12 10 1 7 1 1 12 10 1 7 11 11 1 7 1 12 10 1 7 1 12 10 10 1 1 12 9 1 12 9 1 100 1 12 11 12 10 1 1 100 1 1 12 11 1 12 9 9 12 10 1 16 1 12 10 15 16 1 12 18 1 100 1 12 10 1 1 100 1 12 10 1 12 9 1 16 1 12 10 15 1 16 1 12 18 1 7 1 1 12 11 12 9 12 10 15 18 12 9 10 12 10 1 12 10 1 7 10 1 100 1 1 12 11 1 12 11 1 7 11 11 12 10 1 1 12 10 12 10 15 1 16 1 12 18 1 100 1 12 10 1 1 7 1 16 10 15 1 12 18 12 10 1 12 10 11 1 12 10 1 8 1 100 1 1 12 10 15 1 12 18 12 10 1 7 1 12 10 15 1 16 1 12 18 12 9 1 1 7 1 12 9 1 12 10 15 1 12 18 1 10 10 12 10 15 18 1 1 1 12 11 10 1 12 9 1 12 10 1 8 1 12 18 1 1 7 12 10 12 10 1 11 12 10 1 12 10 1 12 10 1 12 10 1 1 1 12 9 1 1 12 9 1 100 1 100 1 12 10 1 12 9 1 1 12 9 1 12 9 12 9 1 12 11 1 16 12 10 15 16 1 12 18 12 10 1 1 7 10 1 12 9 1 12 10 12 9 1 12 10 1 1 8 1 100 1 12 10 1 12 10 1 7 12 9 1 100 10 12 9 1 12 10 12 9 1 12 10 1 12 10 1 12 10 1 1 100 1 7 10 1 12 10 15 1 16 1 12 18 1 12 10 16 12 10 15 1 12 18 1 100 1 12 10 1 1 1 12 10 11 1 12 10 1 12 10 15 1 16 1 12 18 1 1 7 10 10 1 1 12 10 11 12 10 1 12 10 1 7 1 12 11 1 12 10 1 100 1 1 12 10 1 12 10 15 1 16 18 1 7 1 12 10 1 12 10 1 100 1 12 10 1 100 9 1 100 10 1 12 10 15 1 16 1 12 18 1 12 10 1 1 1 12 9 12 10 15 18 1 1 12 10 12 10 15 1 12 18 1 100 12 11 1 1 7 12 9 9 12 9 10 10 1 12 11 1 1 12 9 1 12 10 10 12 9 1 12 9 1 100 10 1 7 1 12 10 12 10 1 12 10 15 1 16 1 12 18 12 11 1 12 10 1 12 9 1 12 9 1 12 10 1 7 1 12 10 12 9 1 12 10 1 12 10 1 7 1 12 9 1 12 10 1 12 10 1 1 12 10 1 1 12 10 1 100 1 12 10 1 12 10 1 12 10 1 12 10 1 1 7 9 12 10 1 12 10 15 1 16 1 12 18 12 10 12 9 1 12 10 1 12 10 1 12 10 15 1 12 18 12 10 11 12 10 1 1 12 11 1 7 1 12 9 1 8 1 12 10 1 12 10 1 1 12 9 1 7 10 1 12 10 1 12 10 12 9 12 10 1 100 1 12 10 1 1 100 12 10 12 10 9 1 12 10 1 12 9 1 9 1 12 10 1 100 1 8 1 12 10 1 1 12 10 1 12 10 12 10 12 9 1 100 1 12 10 1 7 1 12 10 1 12 10 1 12 10 12 9 1 12 9 1 100 1 12 10 1 12 10 15 16 1 12 18 1 100 1 12 10 1 7 1 12 10 15 1 16 1 12 18 11 11 1 12 10 15 1 16 18 1 1 7 1 12 10 1 8 1 8 1 12 18 1 12 10 1 12 10 15 18 1 100 1 12 10 1 1 12 10 1 7 1 12 9 1 1 12 10 1 7 1 1 12 10 1 7 1 12 10 1 12 10 1 12 9 1 1 12 10 1 12 10 1 1 12 9 12 9 1 12 10 1 7 1 12 10 1 7 9 1 12 9 1 7 1 12 10 1 7 1 100 10 1 12 11 1 12 10 1 7 1 1 12 10 10 12 10 1 12 9 1 12 10 1 12 9 1 12 10 1 12 10 1 12 10 1 12 10 10 11 1 7 1 12 9 1 7 1 12 9 1 12 10 1 12 10 1 12 9 12 9 1 7 12 9 1 7 1 12 10 1 100 1 12 10 11 12 9 1 1 7 1 12 11 1 8 18 1 10 12 10 15 1 12 18 12 10 15 1 16 1 12 18 1 1 12 11 11 1 1 1 1 1 1 1
staticfield com/android/tools/r8/synthesis/E g Z 1
ciInstanceKlass com/android/tools/r8/synthesis/W 1 1 116 1 8 1 1 7 1 7 1 100 1 100 1 100 1 1 1 1 12 10 1 1 1 7 1 1 12 11 1 1 1 1 1 1 1 12 9 1 7 1 7 1 12 10 1 12 9 1 7 1 12 10 1 12 10 1 12 10 1 1 7 12 11 1 1 1 12 9 1 100 1 12 10 1 7 1 12 9 1 12 9 1 8 1 100 1 1 12 10 15 1 12 18 1 1 12 11 1 1 1 7 1 1 12 10 1 12 10 1 1 1 1 1 1 1 1
ciInstanceKlass com/android/tools/r8/synthesis/N 1 1 150 1 8 1 1 7 1 7 1 100 1 100 1 100 1 1 1 1 1 1 1 1 12 10 12 9 1 1 12 10 1 100 1 12 10 1 7 12 9 1 1 7 1 12 10 1 1 1 7 1 1 12 11 1 1 1 1 1 12 10 1 1 7 1 12 10 1 7 1 7 12 11 1 1 12 9 1 7 1 12 9 1 12 10 1 12 10 1 7 1 12 10 1 7 1 1 12 10 1 7 1 12 10 1 1 12 10 1 7 10 1 1 1 8 1 100 1 1 12 10 15 1 12 18 1 1 12 11 1 1 1 7 1 12 9 1 1 12 10 1 7 1 12 10 1 1 1 1 1 1
staticfield com/android/tools/r8/synthesis/N e Z 1
ciInstanceKlass  @bci com/android/tools/r8/graph/h c (Lcom/android/tools/r8/graph/M2;)Lcom/android/tools/r8/graph/E0; 23 <appendix> member <vmtarget> ; 1 1 28 1 7 1 7 1 100 1 1 1 1 1 12 10 12 9 1 1 1 7 1 7 1 1 12 11 1 1
instanceKlass com/android/tools/r8/internal/Lb
ciInstanceKlass com/android/tools/r8/internal/hJ 1 1 859 1 8 1 1 7 1 7 1 7 1 100 1 100 1 100 1 100 1 100 1 100 1 7 1 100 1 100 1 100 1 7 1 100 1 7 1 100 1 7 1 7 1 1 1 1 1 1 1 1 1 1 1 1 1 1 1 1 1 1 1 1 12 9 1 7 1 1 12 10 1 100 1 1 12 10 1 7 1 12 9 1 7 1 12 10 1 7 1 1 12 11 1 7 1 1 12 11 1 7 1 1 12 11 1 1 12 11 1 7 12 9 1 7 1 12 10 1 16 1 7 1 12 10 15 1 16 1 7 1 1 12 10 15 1 1 12 18 1 7 1 12 10 1 7 11 12 9 1 7 1 1 12 10 1 7 1 7 1 12 9 1 12 11 1 12 9 1 7 1 12 9 1 1 12 10 12 10 1 100 1 12 10 1 7 12 9 12 9 1 7 1 12 10 1 1 12 10 1 7 1 12 10 1 7 1 12 9 12 10 1 7 1 12 10 1 1 12 11 1 100 1 12 10 1 12 10 1 100 1 12 9 1 12 10 1 12 10 16 1 12 10 15 1 12 18 1 12 10 1 12 10 1 1 12 10 1 12 10 1 12 10 12 10 12 10 15 18 1 12 10 1 12 10 15 1 12 18 1 12 9 1 7 1 12 10 1 1 12 10 1 7 1 12 9 1 7 12 9 1 7 1 12 10 1 12 10 1 12 10 1 100 1 1 12 9 1 12 10 12 10 15 18 12 9 1 100 1 12 9 11 1 12 10 12 9 12 10 1 1 12 10 1 1 12 10 1 12 10 1 12 10 1 12 10 1 12 10 1 12 9 1 12 9 1 12 10 1 12 10 1 7 12 10 1 12 10 1 12 10 10 1 12 10 10 1 100 1 100 1 1 12 10 1 8 1 100 1 1 12 10 15 1 12 18 1 12 9 1 12 9 12 9 1 100 1 12 10 1 8 1 100 1 1 12 10 12 9 1 12 10 1 100 1 1 12 10 1 12 9 1 12 10 1 12 10 1 12 10 1 12 9 1 7 10 12 9 1 100 1 12 10 1 100 12 10 1 12 10 1 1 12 10 1 7 1 12 10 1 12 10 12 9 1 12 10 1 12 10 12 10 15 18 1 1 7 12 10 1 12 10 1 1 12 11 1 12 11 1 7 1 12 9 1 7 1 12 10 1 12 10 1 7 1 12 10 1 12 10 1 12 10 1 12 10 1 12 9 1 7 1 12 9 100 12 10 1 12 9 1 12 11 12 9 1 1 12 10 12 10 1 12 11 10 10 10 1 8 1 12 18 1 12 10 12 10 1 12 10 1 1 12 10 12 10 12 9 1 7 1 12 9 12 9 1 7 12 11 12 10 1 12 10 1 12 10 10 12 10 12 10 12 10 12 9 1 12 9 1 7 1 12 9 1 12 10 1 7 1 12 9 1 7 10 1 7 11 1 100 1 100 1 12 9 1 12 9 1 7 12 9 1 7 1 12 11 10 1 7 9 12 9 12 10 1 1 12 10 1 12 10 1 100 1 12 10 1 1 16 1 12 10 15 1 16 1 1 12 18 1 1 12 11 12 10 1 12 10 15 1 16 18 1 1 12 10 1 12 10 10 1 16 1 12 10 15 1 16 1 12 18 1 12 10 1 12 9 1 100 9 12 9 12 10 1 100 1 12 9 12 9 1 100 12 9 1 1 7 1 12 10 1 7 1 12 9 1 7 12 9 1 1 12 10 1 7 1 12 11 1 12 10 1 10 1 7 1 12 9 1 7 10 10 1 100 1 12 10 1 12 10 1 12 10 10 12 10 1 1 12 9 1 100 12 10 1 12 10 12 10 1 12 10 1 12 10 1 100 12 10 1 12 10 1 100 10 1 12 9 1 12 9 1 100 1 12 10 1 100 1 1 12 10 1 12 10 1 100 1 1 12 10 1 1 1 1 1 1 1
staticfield com/android/tools/r8/internal/hJ k Z 1
ciInstanceKlass com/android/tools/r8/internal/dJ 1 0 14 1 8 1 1 100 1 100 1 100 1 1 1 1
ciInstanceKlass com/android/tools/r8/internal/PK 1 1 287 1 8 1 1 7 1 7 1 1 1 1 1 1 1 1 1 1 1 1 1 1 1 1 1 12 10 12 9 12 9 1 1 1 100 1 8 1 100 1 1 12 10 15 1 12 18 1 12 10 12 9 12 9 1 7 1 100 1 7 1 7 1 12 10 1 12 10 1 7 1 1 12 9 1 7 1 12 10 1 1 12 10 1 7 1 1 12 10 12 9 12 9 1 12 10 12 9 1 1 12 10 1 7 1 1 12 10 1 12 10 1 7 1 1 12 10 1 12 10 12 10 1 1 12 10 1 7 1 12 10 1 12 10 1 12 10 1 100 1 12 10 1 7 1 12 9 1 12 10 1 7 1 12 9 1 12 10 1 7 1 12 10 12 9 1 7 9 12 10 12 10 1 100 1 12 10 1 12 10 1 1 12 9 1 100 1 12 9 1 100 1 1 12 11 12 9 12 9 1 100 1 12 10 1 12 9 1 7 1 12 10 1 1 7 1 12 10 1 8 12 10 1 8 1 8 1 8 1 8 1 8 12 9 1 8 12 9 1 8 1 1 12 10 10 1 1 1 8 1 12 18 1 100 1 12 9 12 9 12 9 12 9 1 12 9 1 100 1 1 12 10 8 1 100 1 12 10 12 9 12 9 1 1 1 1 1
staticfield com/android/tools/r8/internal/PK d Lcom/android/tools/r8/internal/PK; com/android/tools/r8/internal/PK
staticfield com/android/tools/r8/internal/PK e Lcom/android/tools/r8/internal/PK; com/android/tools/r8/internal/PK
staticfield com/android/tools/r8/internal/PK f Lcom/android/tools/r8/internal/PK; com/android/tools/r8/internal/PK
staticfield com/android/tools/r8/internal/PK g Lcom/android/tools/r8/internal/PK; com/android/tools/r8/internal/PK
staticfield com/android/tools/r8/internal/PK h Lcom/android/tools/r8/internal/PK; com/android/tools/r8/internal/PK
staticfield com/android/tools/r8/internal/PK i Lcom/android/tools/r8/internal/PK; com/android/tools/r8/internal/PK
staticfield com/android/tools/r8/internal/PK j Lcom/android/tools/r8/internal/PK; com/android/tools/r8/internal/PK
staticfield com/android/tools/r8/internal/PK k Lcom/android/tools/r8/internal/PK; com/android/tools/r8/internal/PK
staticfield com/android/tools/r8/internal/PK l Z 1
ciInstanceKlass  @bci com/android/tools/r8/graph/h f (Lcom/android/tools/r8/graph/M2;)Lcom/android/tools/r8/graph/b0; 23 <appendix> member <vmtarget> ; 1 1 28 1 7 1 7 1 100 1 1 1 1 1 12 10 12 9 1 1 1 7 1 7 1 1 12 11 1 1
ciInstanceKlass com/android/tools/r8/graph/z5 1 1 538 1 8 1 1 7 1 7 1 100 1 7 1 7 1 100 1 1 1 1 1 1 1 1 1 1 1 1 1 1 1 1 1 1 1 1 1 1 1 1 1 1 1 12 9 12 9 1 100 1 1 12 10 1 7 1 1 100 1 1 12 10 1 8 1 100 1 1 12 10 15 1 12 18 1 12 10 1 1 16 1 12 10 15 1 16 1 7 1 1 12 10 15 1 1 12 18 1 7 1 12 10 1 1 7 1 1 12 10 12 9 1 16 1 12 10 15 1 16 1 1 12 18 1 16 1 12 10 15 1 16 1 12 18 1 7 1 12 10 1 12 10 1 7 1 1 12 10 12 10 1 100 1 12 10 1 100 1 1 12 10 1 7 1 12 10 1 100 1 12 10 1 1 12 10 1 7 1 7 1 12 10 1 12 10 1 7 1 12 10 11 1 12 9 1 100 1 1 12 11 1 12 11 1 1 12 11 1 7 1 12 11 1 1 12 11 12 9 1 7 1 12 10 1 100 10 1 12 10 1 16 1 12 10 15 1 16 1 1 12 18 12 10 15 16 1 12 18 1 12 10 12 10 1 100 1 12 11 1 1 12 10 1 12 10 1 12 9 1 1 12 11 7 1 12 10 15 1 16 1 12 18 1 100 1 1 12 10 1 1 7 11 10 1 12 10 11 10 1 12 10 15 1 12 18 1 12 10 12 10 15 1 16 1 12 18 1 1 12 10 1 1 10 1 100 1 7 1 7 1 100 1 7 1 1 12 10 12 9 1 1 12 10 12 9 12 9 1 8 1 12 10 12 10 15 1 12 18 1 100 1 7 1 7 1 1 12 10 1 16 12 10 15 16 1 1 12 18 1 12 10 1 12 10 1 8 1 12 10 12 10 15 1 16 18 12 9 1 7 1 16 18 1 12 10 1 8 1 12 10 12 9 12 10 12 10 12 10 10 12 10 12 10 10 12 9 1 8 1 1 12 11 1 16 18 12 9 1 8 1 16 18 12 9 1 8 1 16 18 12 9 1 8 1 16 18 12 9 1 8 1 16 18 12 9 1 12 10 12 9 1 12 10 1 12 10 1 7 1 12 10 1 12 10 1 12 9 1 1 7 1 12 11 1 1 7 1 12 10 12 10 15 1 16 18 11 10 1 12 10 11 1 7 12 9 10 1 7 3 12 11 1 10 1 8 1 12 18 12 10 1 1 1 1 1 1 1 1
staticfield com/android/tools/r8/graph/z5 p Z 1
ciInstanceKlass  @bci com/android/tools/r8/graph/z5 a (Ljava/util/Set;Ljava/util/LinkedHashSet;Lcom/android/tools/r8/graph/H2;)V 18 <appendix> member <vmtarget> ; 1 1 30 1 7 1 7 1 100 1 1 1 1 1 12 10 12 9 1 1 1 7 1 7 1 7 1 1 12 10 1 1
ciInstanceKlass  @bci com/android/tools/r8/graph/z5 a (Ljava/util/Set;Ljava/util/LinkedHashSet;Lcom/android/tools/r8/graph/H2;)V 27 <appendix> member <vmtarget> ; 1 1 38 1 7 1 7 1 100 1 1 1 1 1 1 1 1 1 12 10 12 9 12 9 12 9 1 1 1 7 1 7 1 7 1 1 12 10 1 1
ciInstanceKlass  @bci com/android/tools/r8/graph/E0 a (Lcom/android/tools/r8/graph/d1;Ljava/util/function/BiPredicate;Ljava/util/function/BiConsumer;)V 4 <appendix> member <vmtarget> ; 1 1 36 1 7 1 7 1 100 1 1 1 1 1 1 1 1 1 12 10 12 9 12 9 12 9 1 1 1 7 1 7 1 1 12 10 1 1
ciMethodData java/lang/Object <init> ()V 2 80992928 orig 80 0 0 0 0 0 0 0 0 0 0 0 0 0 0 0 0 0 0 0 0 0 0 0 0 0 0 0 0 0 0 0 0 0 0 0 0 0 0 0 0 0 0 0 0 0 0 0 0 0 0 0 0 0 0 0 0 0 0 0 0 0 0 0 0 0 0 0 0 0 0 0 0 0 0 0 0 0 0 0 0 data 4 0x0 0x9 0x1 0x0 oops 0 methods 0
ciMethodData java/util/Objects requireNonNull (Ljava/lang/Object;)Ljava/lang/Object; 2 7495392 orig 80 0 0 0 0 0 0 0 0 0 0 0 0 0 0 0 0 0 0 0 0 0 0 0 0 0 0 0 0 0 0 0 0 0 0 0 0 0 0 0 0 0 0 0 0 0 0 0 0 0 0 0 0 0 0 0 0 0 0 0 0 0 0 0 0 0 0 0 0 0 0 0 0 0 0 0 0 0 0 0 0 data 15 0x10007 0x7286e6 0x30 0x0 0x80002 0x0 0x0 0x0 0x0 0x0 0x0 0x0 0x9 0x1 0x0 oops 0 methods 0
ciMethodData java/util/HashMap hash (Ljava/lang/Object;)I 2 697705 orig 80 0 0 0 0 0 0 0 0 0 0 0 0 0 0 0 0 0 0 0 0 0 0 0 0 0 0 0 0 0 0 0 0 0 0 0 0 0 0 0 0 0 0 0 0 0 0 0 0 0 0 0 0 0 0 0 0 0 0 0 0 0 0 0 0 0 0 0 0 0 0 0 0 0 0 0 0 0 0 0 0 data 23 0x10007 0xaa5a2 0x38 0x0 0x50003 0x0 0x50 0x90005 0x9d647 0x0 0x267ffa76438 0xcf6e 0x267ffa79a88 0x13 0x0 0x0 0x0 0x0 0x0 0x0 0x9 0x1 0xffffffffffffffff oops 2 10 java/lang/String 12 jdk/internal/loader/ClassLoaders$AppClassLoader methods 0
ciMethodData java/util/HashMap putVal (ILjava/lang/Object;Ljava/lang/Object;ZZ)Ljava/lang/Object; 2 53224 orig 80 4 0 0 0 0 0 0 0 0 0 0 0 0 0 0 0 0 0 0 0 5 0 0 4 0 0 0 0 0 0 0 0 0 0 0 0 0 0 0 1 0 0 0 0 0 0 0 0 0 0 0 0 0 0 0 0 0 0 0 0 0 0 0 0 0 0 0 0 0 0 0 0 0 0 0 0 0 0 0 0 data 198 0x70007 0x589b 0x40 0x774d 0x100007 0x774d 0x58 0x0 0x140005 0x589b 0x0 0x0 0x0 0x0 0x0 0x2c0007 0x3a2d 0xa8 0x95bc 0x380005 0x2f 0x0 0x267e4372f98 0x3f3b 0x267e43733c0 0x5652 0x3b0004 0x0 0x0 0x267e4373f88 0x3f6a 0x267e3b11668 0x5653 0x3c0003 0x95bd 0x410 0x450007 0x26ea 0xd0 0x1343 0x510007 0xb3 0x98 0x1290 0x550007 0x0 0x90 0x1290 0x4005b0005 0x88 0x0 0x267ffa76438 0x1208 0x267e3b11718 0x3 0x80000006005e0007 0x1209 0x38 0x8b 0x650003 0x13e 0x2a8 0x6a0004 0xffffffffffffc710 0x0 0x267e4373f88 0x171 0x267e4376e80 0x3 0x6d0007 0x38f0 0xa8 0x3 0x720004 0x0 0x0 0x267e4376e80 0x3 0x0 0x0 0x7b0005 0x2 0x0 0x267e4376e80 0x1 0x0 0x0 0x800003 0x3 0x1c8 0x8e0007 0x285d 0xc8 0x389c 0x980005 0x22 0x0 0x267e4372f98 0x381b 0x267e43733c0 0x5f 0xa20007 0x3896 0x158 0x6 0xa90005 0x6 0x0 0x0 0x0 0x0 0x0 0xac0003 0x6 0x100 0xb50007 0x1a06 0xd0 0xe57 0xc10007 0x16 0xc8 0xe41 0xc50007 0x0 0x90 0xe41 0x8000000700cb0005 0x25 0x0 0x267ffa76438 0xe03 0x267ffa7a748 0x1d 0xce0007 0xe03 0x38 0x42 0xd10003 0x42 0x30 0xdb0003 0x2809 0xfffffffffffffe68 0xe00007 0x389f 0x98 0x196 0xec0007 0x10d 0x40 0x89 0xf10007 0x89 0x20 0x0 0x8000000400fd0005 0x0 0x0 0x267e4372f98 0xf2 0x267e43733c0 0xa6 0x11c0007 0xcd91 0x58 0xcb 0x1200005 0xcb 0x0 0x0 0x0 0x0 0x0 0x1270005 0x51 0x0 0x267e4372f98 0x7759 0x267e43733c0 0x56b2 0x0 0x0 0x0 0x0 0x0 0x0 0x0 0x0 0x0 0x9 0x6 0x0 0x0 0x0 0x0 0x0 0x0 oops 18 22 java/util/HashMap 24 java/util/LinkedHashMap 29 java/util/HashMap$Node 31 java/util/LinkedHashMap$Entry 51 java/lang/String 53 sun/security/x509/AlgorithmId 65 java/util/HashMap$Node 67 java/util/HashMap$TreeNode 76 java/util/HashMap$TreeNode 83 java/util/HashMap$TreeNode 97 java/util/HashMap 99 java/util/LinkedHashMap 130 java/lang/String 132 java/lang/Integer 159 java/util/HashMap 161 java/util/LinkedHashMap 177 java/util/HashMap 179 java/util/LinkedHashMap methods 0
ciMethodData java/util/HashMap put (Ljava/lang/Object;Ljava/lang/Object;)Ljava/lang/Object; 2 14935 orig 80 0 0 0 0 0 0 0 0 0 0 0 0 0 0 0 0 0 0 0 0 0 0 0 0 0 0 0 0 0 0 0 0 0 0 0 0 0 0 0 0 0 0 0 0 0 0 0 0 0 0 0 0 0 0 0 0 0 0 0 0 0 0 0 0 0 0 0 0 0 0 0 0 0 0 0 0 0 0 0 0 data 20 0x20002 0x3a57 0x90005 0x3a57 0x0 0x0 0x0 0x0 0x0 0x0 0x0 0x0 0x0 0x0 0x0 0x9 0x3 0xffffffffffffffff 0xffffffffffffffff 0xffffffffffffffff oops 0 methods 0
ciMethodData java/util/HashMap getNode (Ljava/lang/Object;)Ljava/util/HashMap$Node; 2 14977 orig 80 1 0 0 0 0 0 0 0 0 0 0 0 0 0 0 0 0 0 0 0 0 0 0 5 0 0 0 0 0 0 0 0 0 0 0 0 0 0 0 0 0 0 0 0 0 0 0 0 0 0 0 0 0 0 0 0 0 0 0 0 0 0 0 0 0 0 0 0 0 0 0 0 0 0 0 0 0 0 0 0 data 103 0x60007 0x12 0x2e8 0x3a6f 0xe0007 0x0 0x2c8 0x3a6f 0x170002 0x3a6f 0x210007 0x1b56 0x298 0x1f19 0x2a0007 0x1158 0xb8 0xdc1 0x350007 0x18f 0x98 0xc32 0x390007 0x0 0x78 0xc32 0x3f0005 0xe 0x0 0x267ffa76438 0xbdc 0x267e4378ae0 0x48 0x420007 0xbdc 0x20 0x56 0x4e0007 0xf30 0x1c0 0xe04 0x520004 0xfffffffffffff1fe 0x0 0x267e4373f88 0x2 0x267e4376e80 0x2 0x550007 0xe02 0x90 0x2 0x590004 0x0 0x0 0x267e4376e80 0x2 0x0 0x0 0x5f0005 0x0 0x0 0x267e4376e80 0x2 0x0 0x0 0x6a0007 0xedb 0xb8 0x96f 0x760007 0x23 0x98 0x94c 0x7a0007 0x0 0x78 0x94c 0x8000000700800005 0x6 0x0 0x267ffa76438 0x93e 0x267ffa7a748 0xd 0x830007 0x93e 0x20 0x13 0x910007 0xa48 0xffffffffffffff48 0xdd1 0x0 0x0 0x0 0x0 0x0 0x0 0x9 0x2 0x0 0xffffffffffffffff oops 8 29 java/lang/String 31 sun/security/util/ObjectIdentifier 44 java/util/HashMap$Node 46 java/util/HashMap$TreeNode 55 java/util/HashMap$TreeNode 62 java/util/HashMap$TreeNode 81 java/lang/String 83 java/lang/Integer methods 0
ciMethodData java/util/HashSet add (Ljava/lang/Object;)Z 2 450650 orig 80 1 0 0 0 0 0 0 0 0 0 0 0 0 0 0 0 0 0 0 0 0 0 0 0 0 0 0 0 0 0 0 0 0 0 0 0 0 0 0 0 0 0 0 0 0 0 0 0 0 0 0 0 0 0 0 0 0 0 0 0 0 0 0 0 0 0 0 0 0 0 0 0 0 0 0 0 0 0 0 0 data 24 0x80005 0x0 0x0 0x267e4372f98 0x302bf 0x267e43733c0 0x3e3dc 0xb0007 0x2c406 0x38 0x424d6 0xf0003 0x4250c 0x18 0x0 0x0 0x0 0x0 0x0 0x0 0x9 0x2 0x0 0xffffffffffffffff oops 2 3 java/util/HashMap 5 java/util/LinkedHashMap methods 0
ciMethodData java/util/HashMap$TreeNode getTreeNode (ILjava/lang/Object;)Ljava/util/HashMap$TreeNode; 2 4151 orig 80 0 0 0 0 0 0 0 0 0 0 0 0 0 0 0 0 0 0 0 0 0 0 0 0 0 0 0 0 0 0 0 0 0 0 0 0 0 0 0 0 0 0 0 0 0 0 0 0 0 0 0 0 0 0 0 0 0 0 0 0 0 0 0 0 0 0 0 0 0 0 0 0 0 0 0 0 0 0 0 0 data 32 0x40007 0x1037 0x70 0x0 0x80005 0x0 0x0 0x0 0x0 0x0 0x0 0xb0003 0x0 0x18 0x120005 0x1037 0x0 0x0 0x0 0x0 0x0 0x0 0x0 0x0 0x0 0x0 0x0 0x9 0x3 0xffffffffffffffff 0x0 0xffffffffffffffff oops 0 methods 0
ciMethodData java/lang/invoke/DirectMethodHandle allocateInstance (Ljava/lang/Object;)Ljava/lang/Object; 2 14661824 orig 80 0 0 0 0 0 0 0 0 0 0 0 0 0 0 0 0 0 0 0 0 0 0 0 0 0 0 0 0 0 0 0 0 0 0 0 0 0 0 0 0 0 0 0 0 0 0 0 0 0 0 0 0 0 0 0 0 0 0 0 0 0 0 0 0 0 0 0 0 0 0 0 0 0 0 0 0 0 0 0 0 data 23 0x10004 0x0 0x0 0x267e1cd3430 0x30a0 0x0 0x0 0xc0005 0xe05ed0 0x0 0x0 0x0 0x0 0x0 0x0 0x0 0x0 0x0 0x0 0x0 0x9 0x1 0x0 oops 1 3 java/lang/invoke/DirectMethodHandle$Constructor methods 0
ciMethodData java/lang/invoke/DirectMethodHandle constructorMethod (Ljava/lang/Object;)Ljava/lang/Object; 2 14771822 orig 80 0 0 0 0 0 0 0 0 0 0 0 0 0 0 0 0 0 0 0 0 0 0 0 0 0 0 0 0 0 0 0 0 0 0 0 0 0 0 0 0 0 0 0 0 0 0 0 0 0 0 0 0 0 0 0 0 0 0 0 0 0 0 0 0 0 0 0 0 0 0 0 0 0 0 0 0 0 0 0 0 data 16 0x10004 0x0 0x0 0x267e1cd3430 0x2eae 0x0 0x0 0x0 0x0 0x0 0x0 0x0 0x0 0x9 0x1 0x0 oops 1 3 java/lang/invoke/DirectMethodHandle$Constructor methods 0
ciMethodData java/lang/invoke/Invokers$Holder linkToTargetMethod (Ljava/lang/Object;Ljava/lang/Object;)Ljava/lang/Object; 2 8837104 orig 80 0 0 0 0 0 0 0 0 0 0 0 0 0 0 0 0 0 0 0 0 0 0 0 0 0 0 0 0 0 0 0 0 0 0 0 0 0 0 0 0 0 0 0 0 0 0 0 0 0 0 0 0 0 0 0 0 0 0 0 0 0 0 0 0 0 0 0 0 0 0 0 0 0 0 0 0 0 0 0 0 data 34 0x10004 0x0 0x0 0x267e1cd3ec0 0x244 0x267e1cd3430 0x52b 0x5000b 0x87484b 0x0 0x0 0x0 0x0 0x0 0x3 0x1 0x2 0x2 0x0 0x0 0x0 0x0 0x0 0x0 0x9 0x2 0x0 0x0 0xc 0x4 0x0 0x2 0x1 0x2 oops 2 3 java/lang/invoke/BoundMethodHandle$Species_LLLLL 5 java/lang/invoke/DirectMethodHandle$Constructor methods 0
ciMethodData java/util/HashMap containsKey (Ljava/lang/Object;)Z 2 13521 orig 80 0 0 0 0 0 0 0 0 0 0 0 0 0 0 0 0 0 0 0 0 0 0 0 0 0 0 0 0 0 0 0 0 0 0 0 0 0 0 0 0 0 0 0 0 0 0 0 0 0 0 0 0 0 0 0 0 0 0 0 0 0 0 0 0 0 0 0 0 0 0 0 0 0 0 0 0 0 0 0 0 data 24 0x20005 0x34d0 0x0 0x0 0x0 0x0 0x0 0x50007 0x2719 0x38 0xdb2 0x90003 0xdb5 0x18 0x0 0x0 0x0 0x0 0x0 0x0 0x9 0x2 0x0 0xffffffffffffffff oops 0 methods 0
ciMethodData java/util/IdentityHashMap nextKeyIndex (II)I 2 290181 orig 80 0 0 0 0 0 0 0 0 0 0 0 0 0 0 0 0 0 0 0 0 0 0 0 0 0 0 0 0 0 0 0 0 0 0 0 0 0 0 0 0 0 0 0 0 0 0 0 0 0 0 0 0 0 0 0 0 0 0 0 0 0 0 0 0 0 0 0 0 0 0 0 0 0 0 0 0 0 0 0 0 data 12 0x40007 0x139a 0x38 0x459fb 0xa0003 0x459fc 0x18 0x0 0x9 0x2 0x0 0x0 oops 0 methods 0
ciMethodData java/lang/Object equals (Ljava/lang/Object;)Z 2 917978 orig 80 0 0 0 0 0 0 0 0 0 0 0 0 0 0 0 0 0 0 0 0 0 0 0 0 0 0 0 0 0 0 0 0 0 0 0 0 0 0 0 0 0 0 0 0 0 0 0 0 0 0 0 0 0 0 0 0 0 0 0 0 0 0 0 0 0 0 0 0 0 0 0 0 0 0 0 0 0 0 0 0 data 17 0x20007 0x28aee 0x38 0xb7822 0x60003 0xb7831 0x18 0x0 0x0 0x0 0x0 0x0 0x0 0x9 0x2 0x0 0x0 oops 0 methods 0
ciMethodData java/lang/invoke/DirectMethodHandle$Holder newInvokeSpecial (Ljava/lang/Object;Ljava/lang/Object;)Ljava/lang/Object; 2 8738314 orig 80 0 0 0 0 0 0 0 0 0 0 0 0 0 0 0 0 0 0 0 0 0 0 0 0 0 0 0 0 0 0 0 0 0 0 0 0 0 0 0 0 0 0 0 0 0 0 0 0 0 0 0 0 0 0 0 0 0 0 0 0 0 0 0 0 0 0 0 0 0 0 0 0 0 0 0 0 0 0 0 0 data 42 0x1000a 0x859824 0x3 0x0 0x267e1cd3430 0x2 0x6000a 0x865f21 0x3 0x0 0x267e1cd3430 0x267ffa78a88 0xd0004 0x0 0x0 0x267ffa78a88 0xd4 0x0 0x0 0x10000a 0x8644a7 0x4 0x0 0x2 0x1 0x2 0x0 0x0 0x0 0x0 0x0 0x0 0x9 0x2 0x0 0x0 0xc 0x4 0x0 0x267e1cd3430 0x1 0x2 oops 5 4 java/lang/invoke/DirectMethodHandle$Constructor 10 java/lang/invoke/DirectMethodHandle$Constructor 11 java/lang/invoke/MemberName 15 java/lang/invoke/MemberName 39 java/lang/invoke/DirectMethodHandle$Constructor methods 0
ciMethodData java/lang/invoke/Invokers$Holder linkToTargetMethod (Ljava/lang/Object;Ljava/lang/Object;Ljava/lang/Object;Ljava/lang/Object;)Ljava/lang/Object; 2 717965 orig 80 0 0 0 0 0 0 0 0 0 0 0 0 0 0 0 0 0 0 0 0 0 0 0 0 0 0 0 0 0 0 0 0 0 0 0 0 0 0 0 0 0 0 0 0 0 0 0 0 0 0 0 0 0 0 0 0 0 0 0 0 0 0 0 0 0 0 0 0 0 0 0 0 0 0 0 0 0 0 0 0 data 38 0x10004 0x0 0x0 0x267e1cd3430 0x36 0x0 0x0 0x7000b 0xaf5f3 0x0 0x0 0x0 0x0 0x0 0x5 0x1 0x2 0x2 0x267e3b09118 0x2 0x0 0x0 0x0 0x0 0x0 0x0 0x9 0x4 0x0 0x0 0x0 0x0 0xc 0x4 0x0 0x2 0x1 0x3 oops 2 3 java/lang/invoke/DirectMethodHandle$Constructor 18 com/android/tools/r8/origin/ArchiveEntryOrigin methods 0
ciMethodData java/lang/invoke/DirectMethodHandle$Holder newInvokeSpecial (Ljava/lang/Object;Ljava/lang/Object;Ljava/lang/Object;Ljava/lang/Object;)Ljava/lang/Object; 2 718382 orig 80 0 0 0 0 0 0 0 0 0 0 0 0 0 0 0 0 0 0 0 0 0 0 0 0 0 0 0 0 0 0 0 0 0 0 0 0 0 0 0 0 0 0 0 0 0 0 0 0 0 0 0 0 0 0 0 0 0 0 0 0 0 0 0 0 0 0 0 0 0 0 0 0 0 0 0 0 0 0 0 0 data 44 0x1000a 0xaf651 0x3 0x0 0x267e1cd3430 0x2 0x7000a 0xafb02 0x3 0x0 0x267e1cd3430 0x267ffa78a88 0x130004 0x0 0x0 0x267ffa78a88 0x3b 0x0 0x0 0x16000a 0xaf991 0x4 0x0 0x2 0x1 0x2 0x0 0x0 0x0 0x0 0x0 0x0 0x9 0x4 0x0 0x0 0x0 0x0 0xc 0x4 0x0 0x267e1cd3430 0x1 0x2 oops 5 4 java/lang/invoke/DirectMethodHandle$Constructor 10 java/lang/invoke/DirectMethodHandle$Constructor 11 java/lang/invoke/MemberName 15 java/lang/invoke/MemberName 41 java/lang/invoke/DirectMethodHandle$Constructor methods 0
ciMethodData java/util/IdentityHashMap hash (Ljava/lang/Object;I)I 2 589462 orig 80 0 0 0 0 0 0 0 0 0 0 0 0 0 0 0 0 0 0 0 0 0 0 0 0 0 0 0 0 0 0 0 0 0 0 0 0 0 0 0 0 0 0 0 0 0 0 0 0 0 0 0 0 0 0 0 0 0 0 0 0 0 0 0 0 0 0 0 0 0 0 0 0 0 0 0 0 0 0 0 0 data 12 0x10002 0x8ff59 0x0 0x0 0x0 0x0 0x0 0x0 0x9 0x2 0xffffffffffffffff 0x0 oops 0 methods 0
ciMethodData java/util/IdentityHashMap maskNull (Ljava/lang/Object;)Ljava/lang/Object; 2 446971 orig 80 1 0 0 0 1 0 0 0 0 0 0 0 0 0 0 0 0 0 0 0 0 0 0 0 0 0 0 0 0 0 0 0 0 0 0 0 0 0 0 3 0 0 0 0 0 0 0 0 0 0 0 0 0 0 0 0 0 0 0 0 0 0 0 0 0 0 0 0 0 0 0 0 0 0 0 0 0 0 0 0 data 16 0x8000000600010007 0x6ce75 0x38 0x490 0x70003 0x490 0x18 0x0 0x0 0x0 0x0 0x0 0x0 0x9 0x1 0x0 oops 0 methods 0
ciMethodData java/util/HashSet contains (Ljava/lang/Object;)Z 2 169044 orig 80 1 0 0 0 0 0 0 0 0 0 0 0 0 0 0 0 0 0 0 0 4 0 0 0 0 0 0 0 0 0 0 0 0 0 0 0 0 0 0 0 0 0 0 0 0 0 0 0 0 0 0 0 0 0 0 0 0 0 0 0 0 0 0 0 0 0 0 0 0 0 0 0 0 0 0 0 0 0 0 0 data 17 0x8000000400050005 0x0 0x0 0x267e4372f98 0x1750b 0x267e43733c0 0x11f58 0x0 0x0 0x0 0x0 0x0 0x0 0x9 0x2 0x0 0xffffffffffffffff oops 2 3 java/util/HashMap 5 java/util/LinkedHashMap methods 0
ciMethodData java/util/IdentityHashMap containsKey (Ljava/lang/Object;)Z 2 17881 orig 80 1 0 0 0 0 0 0 0 0 0 0 0 0 0 0 0 0 0 0 0 0 0 0 0 0 0 0 0 0 0 0 0 0 0 0 0 0 0 0 0 0 0 0 0 0 0 0 0 0 0 0 0 0 0 0 0 0 0 0 0 0 0 0 0 0 0 0 0 0 0 0 0 0 0 0 0 0 0 0 0 data 27 0x10002 0x45dd 0x110002 0x45e0 0x1f0007 0x979e 0x20 0xa23 0x260007 0x5be6 0x20 0x3bbb 0x2f0002 0x5be6 0x340003 0x5be6 0xffffffffffffffb0 0x0 0x0 0x0 0x0 0x0 0x0 0x9 0x2 0x0 0x0 oops 0 methods 0
ciMethodData java/util/Collections$SetFromMap contains (Ljava/lang/Object;)Z 2 157293 orig 80 0 0 0 0 0 0 0 0 0 0 0 0 0 0 0 0 0 0 0 0 0 0 0 0 0 0 0 0 0 0 0 0 0 0 0 0 0 0 0 0 0 0 0 0 0 0 0 0 0 0 0 0 0 0 0 0 0 0 0 0 0 0 0 0 0 0 0 0 0 0 0 0 0 0 0 0 0 0 0 0 data 17 0x50005 0x0 0x0 0x267e1716460 0x2666c 0x0 0x0 0x0 0x0 0x0 0x0 0x0 0x0 0x9 0x2 0x0 0xffffffffffffffff oops 1 3 java/util/IdentityHashMap methods 0
ciMethod com/android/tools/r8/graph/d1 g (Lcom/android/tools/r8/graph/M2;)Lcom/android/tools/r8/graph/E0; 0 0 1 0 -1
ciMethod com/android/tools/r8/graph/b0 X ()Z 0 0 1 0 -1
ciMethod com/android/tools/r8/graph/b0 D ()Lcom/android/tools/r8/graph/E0; 0 0 1 0 -1
ciMethod com/android/tools/r8/graph/E0 a (Lcom/android/tools/r8/graph/d1;Ljava/util/function/BiPredicate;Ljava/util/function/BiConsumer;)V 680 0 12229 0 0
ciMethod com/android/tools/r8/graph/E0 e (Ljava/util/function/Consumer;)V 768 340 12229 0 0
ciMethod com/android/tools/r8/graph/E0 a (Lcom/android/tools/r8/graph/d1;Ljava/util/function/BiPredicate;Ljava/util/function/BiConsumer;Lcom/android/tools/r8/graph/M2;)V 1024 0 18933 0 0
ciMethod com/android/tools/r8/graph/b1 e0 ()Z 256 0 128 0 0
ciMethod com/android/tools/r8/graph/b1 d0 ()Lcom/android/tools/r8/graph/H2; 0 0 1 0 -1
ciMethod com/android/tools/r8/graph/H2 e0 ()Z 404 0 8899 0 0
ciMethod com/android/tools/r8/graph/H2 d0 ()Lcom/android/tools/r8/graph/H2; 22994 0 20192 0 80
ciMethod com/android/tools/r8/synthesis/Q$b e ()Z 0 0 1 0 -1
ciMethod com/android/tools/r8/graph/h g (Lcom/android/tools/r8/graph/M2;)Lcom/android/tools/r8/graph/E0; 4190 0 195832 0 2448
ciMethod com/android/tools/r8/graph/h c (Lcom/android/tools/r8/graph/M2;)Lcom/android/tools/r8/graph/E0; 4196 0 195255 0 2448
ciMethod com/android/tools/r8/graph/h h ()Z 4100 0 21000 0 -1
ciMethod com/android/tools/r8/graph/h c ()V 0 0 1 0 -1
ciMethod com/android/tools/r8/graph/y f ()Lcom/android/tools/r8/graph/h; 4112 0 78904 0 88
ciMethod com/android/tools/r8/graph/y g (Lcom/android/tools/r8/graph/M2;)Lcom/android/tools/r8/graph/E0; 444 0 432422 0 2120
ciMethod com/android/tools/r8/graph/y m ()Z 18274 0 895625 0 -1
ciMethodData com/android/tools/r8/graph/H2 d0 ()Lcom/android/tools/r8/graph/H2; 2 8695 orig 80 0 0 0 0 0 0 0 0 0 0 0 0 0 0 0 0 0 0 0 0 0 0 0 0 0 0 0 0 0 0 0 0 0 0 0 0 0 0 0 0 0 0 0 0 0 0 0 0 0 0 0 0 0 0 0 0 0 0 0 0 0 0 0 0 0 0 0 0 0 0 0 0 0 0 0 0 0 0 0 0 data 5 0x0 0x0 0x9 0x1 0x0 oops 0 methods 0
ciMethodData com/android/tools/r8/graph/H2 e0 ()Z 2 8697 orig 80 0 0 0 0 0 0 0 0 0 0 0 0 0 0 0 0 0 0 0 0 0 0 0 0 0 0 0 0 0 0 0 0 0 0 0 0 0 0 0 0 0 0 0 0 0 0 0 0 0 0 0 0 0 0 0 0 0 0 0 0 0 0 0 0 0 0 0 0 0 0 0 0 0 0 0 0 0 0 0 0 data 4 0x0 0x9 0x1 0x0 oops 0 methods 0
ciMethod com/android/tools/r8/synthesis/E a (Ljava/util/function/Function;Lcom/android/tools/r8/graph/M2;)Lcom/android/tools/r8/graph/b0; 4136 0 183163 0 2896
ciMethod com/android/tools/r8/synthesis/t e ()Z 1444 0 744 0 -1
ciMethod com/android/tools/r8/synthesis/t d ()Lcom/android/tools/r8/graph/E0; 0 0 1 0 -1
ciMethodData com/android/tools/r8/graph/y f ()Lcom/android/tools/r8/graph/h; 2 76848 orig 80 0 0 0 0 0 0 0 0 0 0 0 0 0 0 0 0 0 0 0 0 0 0 0 0 0 0 0 0 0 0 0 0 0 0 0 0 0 0 0 0 0 0 0 0 0 0 0 0 0 0 0 0 0 0 0 0 0 0 0 0 0 0 0 0 0 0 0 0 0 0 0 0 0 0 0 0 0 0 0 0 data 40 0x30007 0x12c5c 0xf8 0x0 0xa0005 0x0 0x0 0x0 0x0 0x0 0x0 0xd0007 0x0 0xa0 0x0 0x110005 0x0 0x0 0x0 0x0 0x0 0x0 0x140007 0x0 0x38 0x0 0x170003 0x0 0x28 0x1e0002 0x0 0x0 0x0 0x0 0x0 0x0 0x0 0x9 0x1 0x0 oops 0 methods 0
ciMethod  @bci com/android/tools/r8/graph/h c (Lcom/android/tools/r8/graph/M2;)Lcom/android/tools/r8/graph/E0; 23 <appendix> member <vmtarget> ; <init> (Lcom/android/tools/r8/graph/x0;)V 10482 0 195185 0 304
ciMethod com/android/tools/r8/internal/hJ a (Lcom/android/tools/r8/graph/B2;Lcom/android/tools/r8/internal/PK;ZLcom/android/tools/r8/graph/K5;)Lcom/android/tools/r8/internal/dJ; 11138 0 124365 0 -1
ciMethodData  @bci com/android/tools/r8/graph/h c (Lcom/android/tools/r8/graph/M2;)Lcom/android/tools/r8/graph/E0; 23 <appendix> member <vmtarget> ; <init> (Lcom/android/tools/r8/graph/x0;)V 2 189944 orig 80 0 0 0 0 0 0 0 0 0 0 0 0 0 0 0 0 0 0 0 0 0 0 0 0 0 0 0 0 0 0 0 0 0 0 0 0 0 0 0 0 0 0 0 0 0 0 0 0 0 0 0 0 0 0 0 0 0 0 0 0 0 0 0 0 0 0 0 0 0 0 0 0 0 0 0 0 0 0 0 0 data 10 0x10002 0x2e7c6 0x0 0x0 0x0 0x0 0x9 0x2 0x6 0x0 oops 0 methods 0
ciMethodData com/android/tools/r8/graph/h c (Lcom/android/tools/r8/graph/M2;)Lcom/android/tools/r8/graph/E0; 2 193157 orig 80 1 0 0 0 0 0 0 0 0 0 0 0 0 0 0 0 0 0 0 0 0 0 0 0 0 0 0 0 0 0 0 0 0 0 0 0 0 0 0 0 0 0 0 0 0 0 0 0 0 0 0 0 0 0 0 0 0 0 0 0 0 0 0 0 0 0 0 0 0 0 0 0 0 0 0 0 0 0 0 0 data 43 0x30007 0x2f2f9 0x58 0x0 0x70005 0x0 0x0 0x0 0x0 0x0 0x0 0x130002 0x2f2a4 0x17000a 0x2f3dc 0x3 0x0 0x267e1cd17a0 0x267e1cd1850 0x1d0005 0x2f7d7 0x0 0x0 0x0 0x0 0x0 0x200005 0xd 0x0 0x267e1cd1900 0xd66b 0x267e1cd19b0 0x223cf 0x0 0x0 0x0 0x0 0x0 0x0 0x9 0x2 0x0 0x0 oops 4 17 com/android/tools/r8/graph/z4 18  @bci com/android/tools/r8/graph/h c (Lcom/android/tools/r8/graph/M2;)Lcom/android/tools/r8/graph/E0; 23 <appendix> member <vmtarget> ; 29 com/android/tools/r8/graph/H2 31 com/android/tools/r8/graph/v2 methods 0
ciMethodData com/android/tools/r8/synthesis/E a (Ljava/util/function/Function;Lcom/android/tools/r8/graph/M2;)Lcom/android/tools/r8/graph/b0; 2 181095 orig 80 1 0 0 0 0 0 0 0 0 0 0 0 0 0 0 0 0 0 0 0 7 0 0 0 0 0 0 0 0 0 0 0 0 0 0 0 0 7 0 0 0 0 0 0 0 0 0 0 0 0 0 0 0 0 0 0 0 0 0 0 0 0 0 0 0 0 0 0 0 0 0 0 0 0 0 0 0 0 0 0 data 179 0xc0005 0x0 0x0 0x267ffa79c38 0x2c368 0x0 0x0 0x4000f0104 0x0 0x0 0x267e3e6a5d8 0x9ac 0x267e3e6a688 0x1 0x8000000200150007 0x2ba10 0x240 0x9b2 0x80000004001b0005 0x0 0x0 0x267e3e6a688 0x3 0x267e3e6a5d8 0x9b7 0x290007 0x9b5 0xd8 0x0 0x2d0005 0x0 0x0 0x0 0x0 0x0 0x0 0x320005 0x0 0x0 0x0 0x0 0x0 0x0 0x350007 0x0 0x38 0x0 0x380003 0x0 0x28 0x3f0002 0x0 0x450007 0x9b7 0x110 0x0 0x4a0005 0x0 0x0 0x0 0x0 0x0 0x0 0x4e0004 0x0 0x0 0x0 0x0 0x0 0x0 0x530004 0x0 0x0 0x0 0x0 0x0 0x0 0x560007 0x0 0x38 0x0 0x590003 0x0 0x28 0x600002 0x0 0x650007 0x2b9f2 0x220 0x9b9 0x6e0007 0x9bd 0x68 0x0 0x720007 0x0 0x38 0x0 0x750003 0x0 0x28 0x7c0002 0x0 0x820007 0x9b8 0x198 0x0 0x870005 0x0 0x0 0x0 0x0 0x0 0x0 0x8c0004 0x0 0x0 0x0 0x0 0x0 0x0 0x8f0005 0x0 0x0 0x0 0x0 0x0 0x0 0x940007 0x0 0xd0 0x0 0x980005 0x0 0x0 0x0 0x0 0x0 0x0 0x9b0007 0x0 0x38 0x0 0x9e0003 0x0 0x58 0xa6000a 0x0 0x3 0x0 0x0 0x0 0xab0002 0x0 0xb30005 0x0 0x0 0x267e1cd1850 0x2a39d 0x267e3e6a738 0x16cc 0xb80004 0x0 0x0 0x267e1cd1900 0xc69f 0x267e1cd19b0 0x1f4c9 0x800000020015000d 0x267e1cbf670 0x800000020015000d 0x267e1cbffa8 0x800000020015000d 0x267e3e6a898 0x9 0x3 0x0 0x0 0x0 oops 9 3 java/util/concurrent/ConcurrentHashMap 10 com/android/tools/r8/synthesis/W 12 com/android/tools/r8/synthesis/N 21 com/android/tools/r8/synthesis/N 23 com/android/tools/r8/synthesis/W 157  @bci com/android/tools/r8/graph/h c (Lcom/android/tools/r8/graph/M2;)Lcom/android/tools/r8/graph/E0; 23 <appendix> member <vmtarget> ; 159  @bci com/android/tools/r8/graph/h f (Lcom/android/tools/r8/graph/M2;)Lcom/android/tools/r8/graph/b0; 23 <appendix> member <vmtarget> ; 164 com/android/tools/r8/graph/H2 166 com/android/tools/r8/graph/v2 methods 3 169 com/android/tools/r8/graph/y g (Lcom/android/tools/r8/graph/M2;)Lcom/android/tools/r8/graph/E0; 171 com/android/tools/r8/graph/h g (Lcom/android/tools/r8/graph/M2;)Lcom/android/tools/r8/graph/E0; 173 com/android/tools/r8/internal/hJ a (Lcom/android/tools/r8/graph/B2;Lcom/android/tools/r8/internal/PK;ZLcom/android/tools/r8/graph/K5;)Lcom/android/tools/r8/internal/dJ;
ciMethodData com/android/tools/r8/graph/h g (Lcom/android/tools/r8/graph/M2;)Lcom/android/tools/r8/graph/E0; 2 193737 orig 80 2 0 0 0 0 0 0 0 0 0 0 0 0 0 0 0 0 0 0 0 0 0 0 0 0 0 0 0 0 0 0 0 0 0 0 0 0 0 0 0 0 0 0 0 0 0 0 0 0 0 0 0 0 0 0 0 0 0 0 0 0 0 0 0 0 0 0 0 0 0 0 0 0 0 0 0 0 0 0 0 data 17 0x20005 0x2f53a 0x0 0x0 0x0 0x0 0x0 0x0 0x0 0x0 0x0 0x0 0x0 0x9 0x2 0x0 0x0 oops 0 methods 0
ciMethodData com/android/tools/r8/graph/y g (Lcom/android/tools/r8/graph/M2;)Lcom/android/tools/r8/graph/E0; 2 432200 orig 80 2 0 0 0 0 0 0 0 0 0 0 0 0 0 0 0 0 0 0 0 0 0 0 0 0 0 0 0 0 0 0 0 0 0 0 0 0 0 0 0 0 0 0 0 0 0 0 0 0 0 0 0 0 0 0 0 0 0 0 0 0 0 0 0 0 0 0 0 0 0 0 0 0 0 0 0 0 0 0 0 data 24 0x10005 0x0 0x0 0x267e1cbee88 0x69896 0x0 0x0 0x50005 0x0 0x0 0x267e1cbfed8 0x6987f 0x0 0x0 0x0 0x0 0x0 0x0 0x0 0x0 0x9 0x2 0x0 0x0 oops 2 3 com/android/tools/r8/graph/y 10 com/android/tools/r8/graph/h methods 0
ciMethodData com/android/tools/r8/graph/z5 a (Ljava/util/Set;Ljava/util/LinkedHashSet;Lcom/android/tools/r8/graph/M2;Lcom/android/tools/r8/graph/E0;)V 2 5795 orig 80 0 0 0 0 0 0 0 0 0 0 0 0 0 0 0 0 0 0 0 0 0 0 0 0 0 0 0 0 0 0 0 0 0 0 0 0 0 0 0 0 0 0 0 0 0 0 0 0 0 0 0 0 0 0 0 0 0 0 0 0 0 0 0 0 0 0 0 0 0 0 0 0 0 0 0 0 0 0 0 0 data 27 0x30005 0x0 0x0 0x267e1cd1900 0x16a4 0x0 0x0 0xa0005 0x16a4 0x0 0x0 0x0 0x0 0x0 0x0 0x0 0x0 0x0 0x0 0x0 0x9 0x5 0x0 0x0 0x0 0x0 0x0 oops 1 3 com/android/tools/r8/graph/H2 methods 0
ciMethodData com/android/tools/r8/graph/E0 e (Ljava/util/function/Consumer;)V 2 11845 orig 80 0 0 0 0 0 0 0 0 0 0 0 0 0 0 0 0 0 0 0 0 0 0 0 0 0 0 0 0 0 0 0 0 0 0 0 0 0 0 0 0 0 0 0 0 0 0 0 0 0 0 0 0 0 0 0 0 0 0 0 0 0 0 0 0 0 0 0 0 0 0 0 0 0 0 0 0 0 0 0 0 data 35 0x60007 0x0 0x58 0x2e45 0xb0005 0x0 0x0 0x267e245f740 0x2e45 0x0 0x0 0x1f0007 0x2e45 0x70 0x1986 0x260005 0x0 0x0 0x267e245f740 0x1986 0x0 0x0 0x2e0003 0x1986 0xffffffffffffffa8 0x0 0x0 0x0 0x0 0x0 0x0 0x9 0x2 0x0 0xffffffffffffffff oops 2 7  @bci com/android/tools/r8/graph/E0 a (Lcom/android/tools/r8/graph/d1;Ljava/util/function/BiPredicate;Ljava/util/function/BiConsumer;)V 4 <appendix> member <vmtarget> ; 18  @bci com/android/tools/r8/graph/E0 a (Lcom/android/tools/r8/graph/d1;Ljava/util/function/BiPredicate;Ljava/util/function/BiConsumer;)V 4 <appendix> member <vmtarget> ; methods 0
ciMethodData  @bci com/android/tools/r8/graph/z5 a (Ljava/util/Set;Ljava/util/LinkedHashSet;Lcom/android/tools/r8/graph/H2;)V 27 <appendix> member <vmtarget> ; accept (Ljava/lang/Object;Ljava/lang/Object;)V 2 5795 orig 80 0 0 0 0 0 0 0 0 0 0 0 0 0 0 0 0 0 0 0 0 0 0 0 0 0 0 0 0 0 0 0 0 0 0 0 0 0 0 0 0 0 0 0 0 0 0 0 0 0 0 0 0 0 0 0 0 0 0 0 0 0 0 0 0 0 0 0 0 0 0 0 0 0 0 0 0 0 0 0 0 data 32 0xd0004 0x0 0x0 0x267e2460f00 0x16a4 0x0 0x0 0x110004 0x0 0x0 0x267e1cd1900 0x16a4 0x0 0x0 0x140005 0x16a4 0x0 0x0 0x0 0x0 0x0 0x0 0x0 0x0 0x0 0x0 0x0 0x9 0x3 0x0 0x0 0x0 oops 2 3 com/android/tools/r8/graph/M2 10 com/android/tools/r8/graph/H2 methods 0
ciMethodData com/android/tools/r8/graph/E0 a (Lcom/android/tools/r8/graph/d1;Ljava/util/function/BiPredicate;Ljava/util/function/BiConsumer;Lcom/android/tools/r8/graph/M2;)V 2 18421 orig 80 0 0 0 0 0 0 0 0 0 0 0 0 0 0 0 0 0 0 0 0 0 0 0 0 0 0 0 0 0 0 0 0 0 0 0 0 0 0 0 0 0 0 0 0 0 0 0 0 0 0 0 0 0 0 0 0 0 0 0 0 0 0 0 0 0 0 0 0 0 0 0 0 0 0 0 0 0 0 0 0 data 37 0x40005 0x0 0x0 0x267e1cbee88 0x47f6 0x0 0x0 0xb0005 0x0 0x0 0x267e1cbef38 0x47f6 0x0 0x0 0x100007 0x300f 0x58 0x17e7 0x160005 0x0 0x0 0x267e1cbefe8 0x17e7 0x0 0x0 0x0 0x0 0x0 0x0 0x0 0x0 0x9 0x4 0xffffffffffffffff 0xffffffffffffffff 0xffffffffffffffff 0xffffffffffffffff oops 3 3 com/android/tools/r8/graph/y 10  @bci com/android/tools/r8/graph/z5 a (Ljava/util/Set;Ljava/util/LinkedHashSet;Lcom/android/tools/r8/graph/H2;)V 18 <appendix> member <vmtarget> ; 21  @bci com/android/tools/r8/graph/z5 a (Ljava/util/Set;Ljava/util/LinkedHashSet;Lcom/android/tools/r8/graph/H2;)V 27 <appendix> member <vmtarget> ; methods 0
ciMethodData  @bci com/android/tools/r8/graph/z5 a (Ljava/util/Set;Ljava/util/LinkedHashSet;Lcom/android/tools/r8/graph/H2;)V 18 <appendix> member <vmtarget> ; test (Ljava/lang/Object;Ljava/lang/Object;)Z 2 8710 orig 80 0 0 0 0 0 0 0 0 0 0 0 0 0 0 0 0 0 0 0 0 0 0 0 0 0 0 0 0 0 0 0 0 0 0 0 0 0 0 0 0 0 0 0 0 0 0 0 0 0 0 0 0 0 0 0 0 0 0 0 0 0 0 0 0 0 0 0 0 0 0 0 0 0 0 0 0 0 0 0 0 data 27 0x50004 0x0 0x0 0x267e2460f00 0x2207 0x0 0x0 0x90104 0x0 0x0 0x267e1cd19b0 0x120b 0x267e1cd1900 0xffa 0xc0002 0x2207 0x0 0x0 0x0 0x0 0x0 0x0 0x9 0x3 0x0 0x0 0x0 oops 3 3 com/android/tools/r8/graph/M2 10 com/android/tools/r8/graph/v2 12 com/android/tools/r8/graph/H2 methods 0
ciMethodData com/android/tools/r8/graph/z5 a (Ljava/util/Set;Lcom/android/tools/r8/graph/M2;Lcom/android/tools/r8/graph/E0;)Z 2 8710 orig 80 0 0 0 0 0 0 0 0 0 0 0 0 0 0 0 0 0 0 0 0 0 0 0 0 0 0 0 0 0 0 0 0 0 0 0 0 0 0 0 0 0 0 0 0 0 0 0 0 0 0 0 0 0 0 0 0 0 0 0 0 0 0 0 0 0 0 0 0 0 0 0 0 0 0 0 0 0 0 0 0 data 44 0x10007 0x2 0x108 0x2205 0x50005 0x0 0x0 0x267e1cd19b0 0x120b 0x267e1cd1900 0xffa 0x80007 0x120b 0xb0 0xffa 0xd0005 0x0 0x0 0x267e1cd1900 0xffa 0x0 0x0 0x100005 0x0 0x0 0x267e1711108 0xffa 0x0 0x0 0x150007 0xb8 0x20 0xf42 0x0 0x0 0x0 0x0 0x0 0x0 0x9 0x3 0x0 0x0 0x0 oops 4 7 com/android/tools/r8/graph/v2 9 com/android/tools/r8/graph/H2 18 com/android/tools/r8/graph/H2 25 java/util/Collections$SetFromMap methods 0
ciMethodData  @bci com/android/tools/r8/graph/z5 a (Ljava/util/Set;Ljava/util/LinkedHashSet;Lcom/android/tools/r8/graph/H2;)V 18 <appendix> member <vmtarget> ; <init> (Ljava/util/Set;)V 2 11946 orig 80 0 0 0 0 0 0 0 0 0 0 0 0 0 0 0 0 0 0 0 0 0 0 0 0 0 0 0 0 0 0 0 0 0 0 0 0 0 0 0 0 0 0 0 0 0 0 0 0 0 0 0 0 0 0 0 0 0 0 0 0 0 0 0 0 0 0 0 0 0 0 0 0 0 0 0 0 0 0 0 0 data 10 0x10002 0x2eaa 0x0 0x0 0x0 0x0 0x9 0x2 0x6 0x0 oops 0 methods 0
ciMethodData  @bci com/android/tools/r8/graph/z5 a (Ljava/util/Set;Ljava/util/LinkedHashSet;Lcom/android/tools/r8/graph/H2;)V 27 <appendix> member <vmtarget> ; <init> (Lcom/android/tools/r8/graph/z5;Ljava/util/Set;Ljava/util/LinkedHashSet;)V 2 11915 orig 80 0 0 0 0 0 0 0 0 0 0 0 0 0 0 0 0 0 0 0 0 0 0 0 0 0 0 0 0 0 0 0 0 0 0 0 0 0 0 0 0 0 0 0 0 0 0 0 0 0 0 0 0 0 0 0 0 0 0 0 0 0 0 0 0 0 0 0 0 0 0 0 0 0 0 0 0 0 0 0 0 data 12 0x10002 0x2e8b 0x0 0x0 0x0 0x0 0x9 0x4 0xe 0x0 0x0 0x0 oops 0 methods 0
ciMethodData com/android/tools/r8/graph/E0 a (Lcom/android/tools/r8/graph/d1;Ljava/util/function/BiPredicate;Ljava/util/function/BiConsumer;)V 2 11889 orig 80 0 0 0 0 0 0 0 0 0 0 0 0 0 0 0 0 0 0 0 0 0 0 0 0 0 0 0 0 0 0 0 0 0 0 0 0 0 0 0 0 0 0 0 0 0 0 0 0 0 0 0 0 0 0 0 0 0 0 0 0 0 0 0 0 0 0 0 0 0 0 0 0 0 0 0 0 0 0 0 0 data 27 0x4000a 0x2e71 0x5 0x0 0x267e1cbee88 0x1 0x267e1cbef38 0x267e245f740 0x90005 0x2e71 0x0 0x0 0x0 0x0 0x0 0x0 0x0 0x0 0x0 0x0 0x0 0x9 0x4 0x0 0x0 0x0 0x0 oops 3 4 com/android/tools/r8/graph/y 6  @bci com/android/tools/r8/graph/z5 a (Ljava/util/Set;Ljava/util/LinkedHashSet;Lcom/android/tools/r8/graph/H2;)V 18 <appendix> member <vmtarget> ; 7  @bci com/android/tools/r8/graph/E0 a (Lcom/android/tools/r8/graph/d1;Ljava/util/function/BiPredicate;Ljava/util/function/BiConsumer;)V 4 <appendix> member <vmtarget> ; methods 0
ciMethodData  @bci com/android/tools/r8/graph/E0 a (Lcom/android/tools/r8/graph/d1;Ljava/util/function/BiPredicate;Ljava/util/function/BiConsumer;)V 4 <appendix> member <vmtarget> ; accept (Ljava/lang/Object;)V 2 18421 orig 80 0 0 0 0 0 0 0 0 0 0 0 0 0 0 0 0 0 0 0 0 0 0 0 0 0 0 0 0 0 0 0 0 0 0 0 0 0 0 0 0 0 0 0 0 0 0 0 0 0 0 0 0 0 0 0 0 0 0 0 0 0 0 0 0 0 0 0 0 0 0 0 0 0 0 0 0 0 0 0 0 data 19 0xd0004 0x0 0x0 0x267e2460f00 0x47f6 0x0 0x0 0x100002 0x47f6 0x0 0x0 0x0 0x0 0x0 0x0 0x9 0x2 0x0 0xffffffffffffffff oops 1 3 com/android/tools/r8/graph/M2 methods 0
ciMethodData  @bci com/android/tools/r8/graph/E0 a (Lcom/android/tools/r8/graph/d1;Ljava/util/function/BiPredicate;Ljava/util/function/BiConsumer;)V 4 <appendix> member <vmtarget> ; <init> (Lcom/android/tools/r8/graph/d1;Ljava/util/function/BiPredicate;Ljava/util/function/BiConsumer;)V 2 11864 orig 80 0 0 0 0 0 0 0 0 0 0 0 0 0 0 0 0 0 0 0 0 0 0 0 0 0 0 0 0 0 0 0 0 0 0 0 0 0 0 0 0 0 0 0 0 0 0 0 0 0 0 0 0 0 0 0 0 0 0 0 0 0 0 0 0 0 0 0 0 0 0 0 0 0 0 0 0 0 0 0 0 data 12 0x10002 0x2e58 0x0 0x0 0x0 0x0 0x9 0x4 0xe 0x0 0x0 0x0 oops 0 methods 0
ciMethod  @bci com/android/tools/r8/graph/E0 a (Lcom/android/tools/r8/graph/d1;Ljava/util/function/BiPredicate;Ljava/util/function/BiConsumer;)V 4 <appendix> member <vmtarget> ; <init> (Lcom/android/tools/r8/graph/d1;Ljava/util/function/BiPredicate;Ljava/util/function/BiConsumer;)V 730 0 12229 0 0
ciMethod  @bci com/android/tools/r8/graph/E0 a (Lcom/android/tools/r8/graph/d1;Ljava/util/function/BiPredicate;Ljava/util/function/BiConsumer;)V 4 <appendix> member <vmtarget> ; accept (Ljava/lang/Object;)V 1024 0 18933 0 0
ciMethodData com/android/tools/r8/graph/z5 a (Ljava/util/Set;Ljava/util/LinkedHashSet;Lcom/android/tools/r8/graph/H2;)V 2 18241 orig 80 0 0 0 0 0 0 0 0 0 0 0 0 0 0 0 0 0 0 0 0 0 0 0 0 0 0 0 0 0 0 0 0 0 0 0 0 0 0 0 0 0 0 0 0 0 0 0 0 0 0 0 0 0 0 0 0 0 0 0 0 0 0 0 0 0 0 0 0 0 0 0 0 0 0 0 0 0 0 0 0 data 51 0x20005 0x0 0x0 0x267e1f7dba0 0x4741 0x0 0x0 0x50007 0x2ef8 0x20 0x1849 0x12000a 0x2ef8 0x3 0x0 0x267e1711108 0x267e1cbef38 0x1b000a 0x2ef8 0x5 0x0 0x267e170f5e8 0x1 0x267e1711108 0x267e1cbefe8 0x250005 0x2ef8 0x0 0x0 0x0 0x0 0x0 0x290005 0x0 0x0 0x267e1f7dba0 0x2ef8 0x0 0x0 0x0 0x0 0x0 0x0 0x0 0x0 0x9 0x4 0x0 0x0 0xffffffffffffffff 0xffffffffffffffff oops 7 3 java/util/LinkedHashSet 15 java/util/Collections$SetFromMap 16  @bci com/android/tools/r8/graph/z5 a (Ljava/util/Set;Ljava/util/LinkedHashSet;Lcom/android/tools/r8/graph/H2;)V 18 <appendix> member <vmtarget> ; 21 com/android/tools/r8/graph/z5 23 java/util/Collections$SetFromMap 24  @bci com/android/tools/r8/graph/z5 a (Ljava/util/Set;Ljava/util/LinkedHashSet;Lcom/android/tools/r8/graph/H2;)V 27 <appendix> member <vmtarget> ; 35 java/util/LinkedHashSet methods 0
ciMethod  @bci com/android/tools/r8/graph/z5 a (Ljava/util/Set;Ljava/util/LinkedHashSet;Lcom/android/tools/r8/graph/H2;)V 18 <appendix> member <vmtarget> ; <init> (Ljava/util/Set;)V 566 0 12229 0 0
ciMethod  @bci com/android/tools/r8/graph/z5 a (Ljava/util/Set;Ljava/util/LinkedHashSet;Lcom/android/tools/r8/graph/H2;)V 18 <appendix> member <vmtarget> ; test (Ljava/lang/Object;Ljava/lang/Object;)Z 1024 0 9222 0 720
ciMethod  @bci com/android/tools/r8/graph/z5 a (Ljava/util/Set;Ljava/util/LinkedHashSet;Lcom/android/tools/r8/graph/H2;)V 27 <appendix> member <vmtarget> ; <init> (Lcom/android/tools/r8/graph/z5;Ljava/util/Set;Ljava/util/LinkedHashSet;)V 628 0 12229 0 0
ciMethod  @bci com/android/tools/r8/graph/z5 a (Ljava/util/Set;Ljava/util/LinkedHashSet;Lcom/android/tools/r8/graph/H2;)V 27 <appendix> member <vmtarget> ; accept (Ljava/lang/Object;Ljava/lang/Object;)V 1024 0 6307 0 0
ciMethod com/android/tools/r8/graph/z5 a (Ljava/util/Set;Ljava/util/LinkedHashSet;Lcom/android/tools/r8/graph/H2;)V 590 0 18536 0 0
ciMethod com/android/tools/r8/graph/z5 a (Ljava/util/Set;Ljava/util/LinkedHashSet;Lcom/android/tools/r8/graph/M2;Lcom/android/tools/r8/graph/E0;)V 1024 0 6307 0 0
ciMethod com/android/tools/r8/graph/z5 a (Ljava/util/Set;Lcom/android/tools/r8/graph/M2;Lcom/android/tools/r8/graph/E0;)Z 1024 0 9222 0 0
compile com/android/tools/r8/graph/E0 e (Ljava/util/function/Consumer;)V -1 4 inline 333 0 -1 0 com/android/tools/r8/graph/E0 e (Ljava/util/function/Consumer;)V 1 11 0  @bci com/android/tools/r8/graph/E0 a (Lcom/android/tools/r8/graph/d1;Ljava/util/function/BiPredicate;Ljava/util/function/BiConsumer;)V 4 <appendix> member <vmtarget> ; accept (Ljava/lang/Object;)V 2 16 0 com/android/tools/r8/graph/E0 a (Lcom/android/tools/r8/graph/d1;Ljava/util/function/BiPredicate;Ljava/util/function/BiConsumer;Lcom/android/tools/r8/graph/M2;)V 3 4 0 com/android/tools/r8/graph/y g (Lcom/android/tools/r8/graph/M2;)Lcom/android/tools/r8/graph/E0; 4 1 0 com/android/tools/r8/graph/y f ()Lcom/android/tools/r8/graph/h; 4 5 0 com/android/tools/r8/graph/h g (Lcom/android/tools/r8/graph/M2;)Lcom/android/tools/r8/graph/E0; 5 2 0 com/android/tools/r8/graph/h c (Lcom/android/tools/r8/graph/M2;)Lcom/android/tools/r8/graph/E0; 6 19 0 java/util/Objects requireNonNull (Ljava/lang/Object;)Ljava/lang/Object; 6 23 0 java/lang/invoke/Invokers$Holder linkToTargetMethod (Ljava/lang/Object;Ljava/lang/Object;)Ljava/lang/Object; 7 5 0 java/lang/invoke/DirectMethodHandle$Holder newInvokeSpecial (Ljava/lang/Object;Ljava/lang/Object;)Ljava/lang/Object; 8 1 0 java/lang/invoke/DirectMethodHandle allocateInstance (Ljava/lang/Object;)Ljava/lang/Object; 8 6 0 java/lang/invoke/DirectMethodHandle constructorMethod (Ljava/lang/Object;)Ljava/lang/Object; 8 16 0  @bci com/android/tools/r8/graph/h c (Lcom/android/tools/r8/graph/M2;)Lcom/android/tools/r8/graph/E0; 23 <appendix> member <vmtarget> ; <init> (Lcom/android/tools/r8/graph/x0;)V 9 1 0 java/lang/Object <init> ()V 3 11 0  @bci com/android/tools/r8/graph/z5 a (Ljava/util/Set;Ljava/util/LinkedHashSet;Lcom/android/tools/r8/graph/H2;)V 18 <appendix> member <vmtarget> ; test (Ljava/lang/Object;Ljava/lang/Object;)Z 4 12 0 com/android/tools/r8/graph/z5 a (Ljava/util/Set;Lcom/android/tools/r8/graph/M2;Lcom/android/tools/r8/graph/E0;)Z 5 5 0 com/android/tools/r8/graph/b1 e0 ()Z 5 5 0 com/android/tools/r8/graph/H2 e0 ()Z 5 13 0 com/android/tools/r8/graph/H2 d0 ()Lcom/android/tools/r8/graph/H2; 5 16 0 java/util/Collections$SetFromMap contains (Ljava/lang/Object;)Z 6 5 0 java/util/IdentityHashMap containsKey (Ljava/lang/Object;)Z 7 1 0 java/util/IdentityHashMap maskNull (Ljava/lang/Object;)Ljava/lang/Object; 7 17 0 java/util/IdentityHashMap hash (Ljava/lang/Object;I)I 7 47 0 java/util/IdentityHashMap nextKeyIndex (II)I 3 22 0  @bci com/android/tools/r8/graph/z5 a (Ljava/util/Set;Ljava/util/LinkedHashSet;Lcom/android/tools/r8/graph/H2;)V 27 <appendix> member <vmtarget> ; accept (Ljava/lang/Object;Ljava/lang/Object;)V 4 20 0 com/android/tools/r8/graph/z5 a (Ljava/util/Set;Ljava/util/LinkedHashSet;Lcom/android/tools/r8/graph/M2;Lcom/android/tools/r8/graph/E0;)V 5 3 0 com/android/tools/r8/graph/H2 d0 ()Lcom/android/tools/r8/graph/H2; 5 10 0 com/android/tools/r8/graph/z5 a (Ljava/util/Set;Ljava/util/LinkedHashSet;Lcom/android/tools/r8/graph/H2;)V 6 2 0 java/util/HashSet contains (Ljava/lang/Object;)Z 7 5 0 java/util/HashMap containsKey (Ljava/lang/Object;)Z 8 2 0 java/util/HashMap getNode (Ljava/lang/Object;)Ljava/util/HashMap$Node; 9 23 0 java/util/HashMap hash (Ljava/lang/Object;)I 9 63 0 java/lang/Object equals (Ljava/lang/Object;)Z 9 128 0 java/lang/Object equals (Ljava/lang/Object;)Z 6 18 0 java/lang/invoke/Invokers$Holder linkToTargetMethod (Ljava/lang/Object;Ljava/lang/Object;)Ljava/lang/Object; 7 5 0 java/lang/invoke/DirectMethodHandle$Holder newInvokeSpecial (Ljava/lang/Object;Ljava/lang/Object;)Ljava/lang/Object; 8 1 0 java/lang/invoke/DirectMethodHandle allocateInstance (Ljava/lang/Object;)Ljava/lang/Object; 8 6 0 java/lang/invoke/DirectMethodHandle constructorMethod (Ljava/lang/Object;)Ljava/lang/Object; 8 16 0  @bci com/android/tools/r8/graph/z5 a (Ljava/util/Set;Ljava/util/LinkedHashSet;Lcom/android/tools/r8/graph/H2;)V 18 <appendix> member <vmtarget> ; <init> (Ljava/util/Set;)V 9 1 0 java/lang/Object <init> ()V 6 27 0 java/lang/invoke/Invokers$Holder linkToTargetMethod (Ljava/lang/Object;Ljava/lang/Object;Ljava/lang/Object;Ljava/lang/Object;)Ljava/lang/Object; 7 7 0 java/lang/invoke/DirectMethodHandle$Holder newInvokeSpecial (Ljava/lang/Object;Ljava/lang/Object;Ljava/lang/Object;Ljava/lang/Object;)Ljava/lang/Object; 8 1 0 java/lang/invoke/DirectMethodHandle allocateInstance (Ljava/lang/Object;)Ljava/lang/Object; 8 7 0 java/lang/invoke/DirectMethodHandle constructorMethod (Ljava/lang/Object;)Ljava/lang/Object; 8 22 0  @bci com/android/tools/r8/graph/z5 a (Ljava/util/Set;Ljava/util/LinkedHashSet;Lcom/android/tools/r8/graph/H2;)V 27 <appendix> member <vmtarget> ; <init> (Lcom/android/tools/r8/graph/z5;Ljava/util/Set;Ljava/util/LinkedHashSet;)V 9 1 0 java/lang/Object <init> ()V 6 37 0 com/android/tools/r8/graph/E0 a (Lcom/android/tools/r8/graph/d1;Ljava/util/function/BiPredicate;Ljava/util/function/BiConsumer;)V 7 4 0 java/lang/invoke/Invokers$Holder linkToTargetMethod (Ljava/lang/Object;Ljava/lang/Object;Ljava/lang/Object;Ljava/lang/Object;)Ljava/lang/Object; 8 7 0 java/lang/invoke/DirectMethodHandle$Holder newInvokeSpecial (Ljava/lang/Object;Ljava/lang/Object;Ljava/lang/Object;Ljava/lang/Object;)Ljava/lang/Object; 9 1 0 java/lang/invoke/DirectMethodHandle allocateInstance (Ljava/lang/Object;)Ljava/lang/Object; 9 7 0 java/lang/invoke/DirectMethodHandle constructorMethod (Ljava/lang/Object;)Ljava/lang/Object; 9 22 0  @bci com/android/tools/r8/graph/E0 a (Lcom/android/tools/r8/graph/d1;Ljava/util/function/BiPredicate;Ljava/util/function/BiConsumer;)V 4 <appendix> member <vmtarget> ; <init> (Lcom/android/tools/r8/graph/d1;Ljava/util/function/BiPredicate;Ljava/util/function/BiConsumer;)V 10 1 0 java/lang/Object <init> ()V 7 9 0 com/android/tools/r8/graph/E0 e (Ljava/util/function/Consumer;)V 8 11 0  @bci com/android/tools/r8/graph/E0 a (Lcom/android/tools/r8/graph/d1;Ljava/util/function/BiPredicate;Ljava/util/function/BiConsumer;)V 4 <appendix> member <vmtarget> ; accept (Ljava/lang/Object;)V 9 16 0 com/android/tools/r8/graph/E0 a (Lcom/android/tools/r8/graph/d1;Ljava/util/function/BiPredicate;Ljava/util/function/BiConsumer;Lcom/android/tools/r8/graph/M2;)V 10 4 0 com/android/tools/r8/graph/y g (Lcom/android/tools/r8/graph/M2;)Lcom/android/tools/r8/graph/E0; 11 1 0 com/android/tools/r8/graph/y f ()Lcom/android/tools/r8/graph/h; 11 5 0 com/android/tools/r8/graph/h g (Lcom/android/tools/r8/graph/M2;)Lcom/android/tools/r8/graph/E0; 12 2 0 com/android/tools/r8/graph/h c (Lcom/android/tools/r8/graph/M2;)Lcom/android/tools/r8/graph/E0; 13 19 0 java/util/Objects requireNonNull (Ljava/lang/Object;)Ljava/lang/Object; 13 23 0 java/lang/invoke/Invokers$Holder linkToTargetMethod (Ljava/lang/Object;Ljava/lang/Object;)Ljava/lang/Object; 14 5 0 java/lang/invoke/DirectMethodHandle$Holder newInvokeSpecial (Ljava/lang/Object;Ljava/lang/Object;)Ljava/lang/Object; 15 1 0 java/lang/invoke/DirectMethodHandle allocateInstance (Ljava/lang/Object;)Ljava/lang/Object; 15 6 0 java/lang/invoke/DirectMethodHandle constructorMethod (Ljava/lang/Object;)Ljava/lang/Object; 15 16 0  @bci com/android/tools/r8/graph/h c (Lcom/android/tools/r8/graph/M2;)Lcom/android/tools/r8/graph/E0; 23 <appendix> member <vmtarget> ; <init> (Lcom/android/tools/r8/graph/x0;)V 16 1 0 java/lang/Object <init> ()V 10 11 0  @bci com/android/tools/r8/graph/z5 a (Ljava/util/Set;Ljava/util/LinkedHashSet;Lcom/android/tools/r8/graph/H2;)V 18 <appendix> member <vmtarget> ; test (Ljava/lang/Object;Ljava/lang/Object;)Z 11 12 0 com/android/tools/r8/graph/z5 a (Ljava/util/Set;Lcom/android/tools/r8/graph/M2;Lcom/android/tools/r8/graph/E0;)Z 12 5 0 com/android/tools/r8/graph/b1 e0 ()Z 12 5 0 com/android/tools/r8/graph/H2 e0 ()Z 12 13 0 com/android/tools/r8/graph/H2 d0 ()Lcom/android/tools/r8/graph/H2; 12 16 0 java/util/Collections$SetFromMap contains (Ljava/lang/Object;)Z 13 5 0 java/util/IdentityHashMap containsKey (Ljava/lang/Object;)Z 14 1 0 java/util/IdentityHashMap maskNull (Ljava/lang/Object;)Ljava/lang/Object; 14 17 0 java/util/IdentityHashMap hash (Ljava/lang/Object;I)I 14 47 0 java/util/IdentityHashMap nextKeyIndex (II)I 10 22 0  @bci com/android/tools/r8/graph/z5 a (Ljava/util/Set;Ljava/util/LinkedHashSet;Lcom/android/tools/r8/graph/H2;)V 27 <appendix> member <vmtarget> ; accept (Ljava/lang/Object;Ljava/lang/Object;)V 11 20 0 com/android/tools/r8/graph/z5 a (Ljava/util/Set;Ljava/util/LinkedHashSet;Lcom/android/tools/r8/graph/M2;Lcom/android/tools/r8/graph/E0;)V 12 3 0 com/android/tools/r8/graph/H2 d0 ()Lcom/android/tools/r8/graph/H2; 12 10 0 com/android/tools/r8/graph/z5 a (Ljava/util/Set;Ljava/util/LinkedHashSet;Lcom/android/tools/r8/graph/H2;)V 13 2 0 java/util/HashSet contains (Ljava/lang/Object;)Z 14 5 0 java/util/HashMap containsKey (Ljava/lang/Object;)Z 15 2 0 java/util/HashMap getNode (Ljava/lang/Object;)Ljava/util/HashMap$Node; 16 23 0 java/util/HashMap hash (Ljava/lang/Object;)I 16 63 0 java/lang/Object equals (Ljava/lang/Object;)Z 16 128 0 java/lang/Object equals (Ljava/lang/Object;)Z 13 18 0 java/lang/invoke/Invokers$Holder linkToTargetMethod (Ljava/lang/Object;Ljava/lang/Object;)Ljava/lang/Object; 14 5 0 java/lang/invoke/DirectMethodHandle$Holder newInvokeSpecial (Ljava/lang/Object;Ljava/lang/Object;)Ljava/lang/Object; 15 1 0 java/lang/invoke/DirectMethodHandle allocateInstance (Ljava/lang/Object;)Ljava/lang/Object; 15 6 0 java/lang/invoke/DirectMethodHandle constructorMethod (Ljava/lang/Object;)Ljava/lang/Object; 15 16 0  @bci com/android/tools/r8/graph/z5 a (Ljava/util/Set;Ljava/util/LinkedHashSet;Lcom/android/tools/r8/graph/H2;)V 18 <appendix> member <vmtarget> ; <init> (Ljava/util/Set;)V 16 1 0 java/lang/Object <init> ()V 13 27 0 java/lang/invoke/Invokers$Holder linkToTargetMethod (Ljava/lang/Object;Ljava/lang/Object;Ljava/lang/Object;Ljava/lang/Object;)Ljava/lang/Object; 14 7 0 java/lang/invoke/DirectMethodHandle$Holder newInvokeSpecial (Ljava/lang/Object;Ljava/lang/Object;Ljava/lang/Object;Ljava/lang/Object;)Ljava/lang/Object; 15 1 0 java/lang/invoke/DirectMethodHandle allocateInstance (Ljava/lang/Object;)Ljava/lang/Object; 15 7 0 java/lang/invoke/DirectMethodHandle constructorMethod (Ljava/lang/Object;)Ljava/lang/Object; 15 22 0  @bci com/android/tools/r8/graph/z5 a (Ljava/util/Set;Ljava/util/LinkedHashSet;Lcom/android/tools/r8/graph/H2;)V 27 <appendix> member <vmtarget> ; <init> (Lcom/android/tools/r8/graph/z5;Ljava/util/Set;Ljava/util/LinkedHashSet;)V 16 1 0 java/lang/Object <init> ()V 13 37 0 com/android/tools/r8/graph/E0 a (Lcom/android/tools/r8/graph/d1;Ljava/util/function/BiPredicate;Ljava/util/function/BiConsumer;)V 14 4 0 java/lang/invoke/Invokers$Holder linkToTargetMethod (Ljava/lang/Object;Ljava/lang/Object;Ljava/lang/Object;Ljava/lang/Object;)Ljava/lang/Object; 15 7 0 java/lang/invoke/DirectMethodHandle$Holder newInvokeSpecial (Ljava/lang/Object;Ljava/lang/Object;Ljava/lang/Object;Ljava/lang/Object;)Ljava/lang/Object; 16 1 0 java/lang/invoke/DirectMethodHandle allocateInstance (Ljava/lang/Object;)Ljava/lang/Object; 16 7 0 java/lang/invoke/DirectMethodHandle constructorMethod (Ljava/lang/Object;)Ljava/lang/Object; 16 22 0  @bci com/android/tools/r8/graph/E0 a (Lcom/android/tools/r8/graph/d1;Ljava/util/function/BiPredicate;Ljava/util/function/BiConsumer;)V 4 <appendix> member <vmtarget> ; <init> (Lcom/android/tools/r8/graph/d1;Ljava/util/function/BiPredicate;Ljava/util/function/BiConsumer;)V 17 1 0 java/lang/Object <init> ()V 13 41 0 java/util/HashSet add (Ljava/lang/Object;)Z 14 8 0 java/util/HashMap put (Ljava/lang/Object;Ljava/lang/Object;)Ljava/lang/Object; 15 2 0 java/util/HashMap hash (Ljava/lang/Object;)I 8 38 0  @bci com/android/tools/r8/graph/E0 a (Lcom/android/tools/r8/graph/d1;Ljava/util/function/BiPredicate;Ljava/util/function/BiConsumer;)V 4 <appendix> member <vmtarget> ; accept (Ljava/lang/Object;)V 9 16 0 com/android/tools/r8/graph/E0 a (Lcom/android/tools/r8/graph/d1;Ljava/util/function/BiPredicate;Ljava/util/function/BiConsumer;Lcom/android/tools/r8/graph/M2;)V 10 4 0 com/android/tools/r8/graph/y g (Lcom/android/tools/r8/graph/M2;)Lcom/android/tools/r8/graph/E0; 11 1 0 com/android/tools/r8/graph/y f ()Lcom/android/tools/r8/graph/h; 11 5 0 com/android/tools/r8/graph/h g (Lcom/android/tools/r8/graph/M2;)Lcom/android/tools/r8/graph/E0; 12 2 0 com/android/tools/r8/graph/h c (Lcom/android/tools/r8/graph/M2;)Lcom/android/tools/r8/graph/E0; 13 19 0 java/util/Objects requireNonNull (Ljava/lang/Object;)Ljava/lang/Object; 13 23 0 java/lang/invoke/Invokers$Holder linkToTargetMethod (Ljava/lang/Object;Ljava/lang/Object;)Ljava/lang/Object; 14 5 0 java/lang/invoke/DirectMethodHandle$Holder newInvokeSpecial (Ljava/lang/Object;Ljava/lang/Object;)Ljava/lang/Object; 15 1 0 java/lang/invoke/DirectMethodHandle allocateInstance (Ljava/lang/Object;)Ljava/lang/Object; 15 6 0 java/lang/invoke/DirectMethodHandle constructorMethod (Ljava/lang/Object;)Ljava/lang/Object; 15 16 0  @bci com/android/tools/r8/graph/h c (Lcom/android/tools/r8/graph/M2;)Lcom/android/tools/r8/graph/E0; 23 <appendix> member <vmtarget> ; <init> (Lcom/android/tools/r8/graph/x0;)V 16 1 0 java/lang/Object <init> ()V 10 11 0  @bci com/android/tools/r8/graph/z5 a (Ljava/util/Set;Ljava/util/LinkedHashSet;Lcom/android/tools/r8/graph/H2;)V 18 <appendix> member <vmtarget> ; test (Ljava/lang/Object;Ljava/lang/Object;)Z 11 12 0 com/android/tools/r8/graph/z5 a (Ljava/util/Set;Lcom/android/tools/r8/graph/M2;Lcom/android/tools/r8/graph/E0;)Z 12 5 0 com/android/tools/r8/graph/b1 e0 ()Z 12 5 0 com/android/tools/r8/graph/H2 e0 ()Z 12 13 0 com/android/tools/r8/graph/H2 d0 ()Lcom/android/tools/r8/graph/H2; 12 16 0 java/util/Collections$SetFromMap contains (Ljava/lang/Object;)Z 13 5 0 java/util/IdentityHashMap containsKey (Ljava/lang/Object;)Z 14 1 0 java/util/IdentityHashMap maskNull (Ljava/lang/Object;)Ljava/lang/Object; 14 17 0 java/util/IdentityHashMap hash (Ljava/lang/Object;I)I 14 47 0 java/util/IdentityHashMap nextKeyIndex (II)I 10 22 0  @bci com/android/tools/r8/graph/z5 a (Ljava/util/Set;Ljava/util/LinkedHashSet;Lcom/android/tools/r8/graph/H2;)V 27 <appendix> member <vmtarget> ; accept (Ljava/lang/Object;Ljava/lang/Object;)V 11 20 0 com/android/tools/r8/graph/z5 a (Ljava/util/Set;Ljava/util/LinkedHashSet;Lcom/android/tools/r8/graph/M2;Lcom/android/tools/r8/graph/E0;)V 12 3 0 com/android/tools/r8/graph/H2 d0 ()Lcom/android/tools/r8/graph/H2; 12 10 0 com/android/tools/r8/graph/z5 a (Ljava/util/Set;Ljava/util/LinkedHashSet;Lcom/android/tools/r8/graph/H2;)V 13 2 0 java/util/HashSet contains (Ljava/lang/Object;)Z 14 5 0 java/util/HashMap containsKey (Ljava/lang/Object;)Z 15 2 0 java/util/HashMap getNode (Ljava/lang/Object;)Ljava/util/HashMap$Node; 16 23 0 java/util/HashMap hash (Ljava/lang/Object;)I 16 63 0 java/lang/Object equals (Ljava/lang/Object;)Z 16 128 0 java/lang/Object equals (Ljava/lang/Object;)Z 13 18 0 java/lang/invoke/Invokers$Holder linkToTargetMethod (Ljava/lang/Object;Ljava/lang/Object;)Ljava/lang/Object; 14 5 0 java/lang/invoke/DirectMethodHandle$Holder newInvokeSpecial (Ljava/lang/Object;Ljava/lang/Object;)Ljava/lang/Object; 15 1 0 java/lang/invoke/DirectMethodHandle allocateInstance (Ljava/lang/Object;)Ljava/lang/Object; 15 6 0 java/lang/invoke/DirectMethodHandle constructorMethod (Ljava/lang/Object;)Ljava/lang/Object; 15 16 0  @bci com/android/tools/r8/graph/z5 a (Ljava/util/Set;Ljava/util/LinkedHashSet;Lcom/android/tools/r8/graph/H2;)V 18 <appendix> member <vmtarget> ; <init> (Ljava/util/Set;)V 16 1 0 java/lang/Object <init> ()V 13 27 0 java/lang/invoke/Invokers$Holder linkToTargetMethod (Ljava/lang/Object;Ljava/lang/Object;Ljava/lang/Object;Ljava/lang/Object;)Ljava/lang/Object; 14 7 0 java/lang/invoke/DirectMethodHandle$Holder newInvokeSpecial (Ljava/lang/Object;Ljava/lang/Object;Ljava/lang/Object;Ljava/lang/Object;)Ljava/lang/Object; 15 1 0 java/lang/invoke/DirectMethodHandle allocateInstance (Ljava/lang/Object;)Ljava/lang/Object; 15 7 0 java/lang/invoke/DirectMethodHandle constructorMethod (Ljava/lang/Object;)Ljava/lang/Object; 15 22 0  @bci com/android/tools/r8/graph/z5 a (Ljava/util/Set;Ljava/util/LinkedHashSet;Lcom/android/tools/r8/graph/H2;)V 27 <appendix> member <vmtarget> ; <init> (Lcom/android/tools/r8/graph/z5;Ljava/util/Set;Ljava/util/LinkedHashSet;)V 16 1 0 java/lang/Object <init> ()V 13 37 0 com/android/tools/r8/graph/E0 a (Lcom/android/tools/r8/graph/d1;Ljava/util/function/BiPredicate;Ljava/util/function/BiConsumer;)V 14 4 0 java/lang/invoke/Invokers$Holder linkToTargetMethod (Ljava/lang/Object;Ljava/lang/Object;Ljava/lang/Object;Ljava/lang/Object;)Ljava/lang/Object; 15 7 0 java/lang/invoke/DirectMethodHandle$Holder newInvokeSpecial (Ljava/lang/Object;Ljava/lang/Object;Ljava/lang/Object;Ljava/lang/Object;)Ljava/lang/Object; 16 1 0 java/lang/invoke/DirectMethodHandle allocateInstance (Ljava/lang/Object;)Ljava/lang/Object; 16 7 0 java/lang/invoke/DirectMethodHandle constructorMethod (Ljava/lang/Object;)Ljava/lang/Object; 16 22 0  @bci com/android/tools/r8/graph/E0 a (Lcom/android/tools/r8/graph/d1;Ljava/util/function/BiPredicate;Ljava/util/function/BiConsumer;)V 4 <appendix> member <vmtarget> ; <init> (Lcom/android/tools/r8/graph/d1;Ljava/util/function/BiPredicate;Ljava/util/function/BiConsumer;)V 17 1 0 java/lang/Object <init> ()V 13 41 0 java/util/HashSet add (Ljava/lang/Object;)Z 14 8 0 java/util/HashMap put (Ljava/lang/Object;Ljava/lang/Object;)Ljava/lang/Object; 15 2 0 java/util/HashMap hash (Ljava/lang/Object;)I 6 41 0 java/util/HashSet add (Ljava/lang/Object;)Z 7 8 0 java/util/HashMap put (Ljava/lang/Object;Ljava/lang/Object;)Ljava/lang/Object; 8 2 0 java/util/HashMap hash (Ljava/lang/Object;)I 1 38 0  @bci com/android/tools/r8/graph/E0 a (Lcom/android/tools/r8/graph/d1;Ljava/util/function/BiPredicate;Ljava/util/function/BiConsumer;)V 4 <appendix> member <vmtarget> ; accept (Ljava/lang/Object;)V 2 16 0 com/android/tools/r8/graph/E0 a (Lcom/android/tools/r8/graph/d1;Ljava/util/function/BiPredicate;Ljava/util/function/BiConsumer;Lcom/android/tools/r8/graph/M2;)V 3 4 0 com/android/tools/r8/graph/y g (Lcom/android/tools/r8/graph/M2;)Lcom/android/tools/r8/graph/E0; 4 1 0 com/android/tools/r8/graph/y f ()Lcom/android/tools/r8/graph/h; 4 5 0 com/android/tools/r8/graph/h g (Lcom/android/tools/r8/graph/M2;)Lcom/android/tools/r8/graph/E0; 5 2 0 com/android/tools/r8/graph/h c (Lcom/android/tools/r8/graph/M2;)Lcom/android/tools/r8/graph/E0; 6 19 0 java/util/Objects requireNonNull (Ljava/lang/Object;)Ljava/lang/Object; 6 23 0 java/lang/invoke/Invokers$Holder linkToTargetMethod (Ljava/lang/Object;Ljava/lang/Object;)Ljava/lang/Object; 7 5 0 java/lang/invoke/DirectMethodHandle$Holder newInvokeSpecial (Ljava/lang/Object;Ljava/lang/Object;)Ljava/lang/Object; 8 1 0 java/lang/invoke/DirectMethodHandle allocateInstance (Ljava/lang/Object;)Ljava/lang/Object; 8 6 0 java/lang/invoke/DirectMethodHandle constructorMethod (Ljava/lang/Object;)Ljava/lang/Object; 8 16 0  @bci com/android/tools/r8/graph/h c (Lcom/android/tools/r8/graph/M2;)Lcom/android/tools/r8/graph/E0; 23 <appendix> member <vmtarget> ; <init> (Lcom/android/tools/r8/graph/x0;)V 9 1 0 java/lang/Object <init> ()V 3 11 0  @bci com/android/tools/r8/graph/z5 a (Ljava/util/Set;Ljava/util/LinkedHashSet;Lcom/android/tools/r8/graph/H2;)V 18 <appendix> member <vmtarget> ; test (Ljava/lang/Object;Ljava/lang/Object;)Z 4 12 0 com/android/tools/r8/graph/z5 a (Ljava/util/Set;Lcom/android/tools/r8/graph/M2;Lcom/android/tools/r8/graph/E0;)Z 5 5 0 com/android/tools/r8/graph/b1 e0 ()Z 5 5 0 com/android/tools/r8/graph/H2 e0 ()Z 5 13 0 com/android/tools/r8/graph/H2 d0 ()Lcom/android/tools/r8/graph/H2; 5 16 0 java/util/Collections$SetFromMap contains (Ljava/lang/Object;)Z 6 5 0 java/util/IdentityHashMap containsKey (Ljava/lang/Object;)Z 7 1 0 java/util/IdentityHashMap maskNull (Ljava/lang/Object;)Ljava/lang/Object; 7 17 0 java/util/IdentityHashMap hash (Ljava/lang/Object;I)I 7 47 0 java/util/IdentityHashMap nextKeyIndex (II)I 3 22 0  @bci com/android/tools/r8/graph/z5 a (Ljava/util/Set;Ljava/util/LinkedHashSet;Lcom/android/tools/r8/graph/H2;)V 27 <appendix> member <vmtarget> ; accept (Ljava/lang/Object;Ljava/lang/Object;)V 4 20 0 com/android/tools/r8/graph/z5 a (Ljava/util/Set;Ljava/util/LinkedHashSet;Lcom/android/tools/r8/graph/M2;Lcom/android/tools/r8/graph/E0;)V 5 3 0 com/android/tools/r8/graph/H2 d0 ()Lcom/android/tools/r8/graph/H2; 5 10 0 com/android/tools/r8/graph/z5 a (Ljava/util/Set;Ljava/util/LinkedHashSet;Lcom/android/tools/r8/graph/H2;)V 6 2 0 java/util/HashSet contains (Ljava/lang/Object;)Z 7 5 0 java/util/HashMap containsKey (Ljava/lang/Object;)Z 8 2 0 java/util/HashMap getNode (Ljava/lang/Object;)Ljava/util/HashMap$Node; 9 23 0 java/util/HashMap hash (Ljava/lang/Object;)I 9 63 0 java/lang/Object equals (Ljava/lang/Object;)Z 9 128 0 java/lang/Object equals (Ljava/lang/Object;)Z 6 18 0 java/lang/invoke/Invokers$Holder linkToTargetMethod (Ljava/lang/Object;Ljava/lang/Object;)Ljava/lang/Object; 7 5 0 java/lang/invoke/DirectMethodHandle$Holder newInvokeSpecial (Ljava/lang/Object;Ljava/lang/Object;)Ljava/lang/Object; 8 1 0 java/lang/invoke/DirectMethodHandle allocateInstance (Ljava/lang/Object;)Ljava/lang/Object; 8 6 0 java/lang/invoke/DirectMethodHandle constructorMethod (Ljava/lang/Object;)Ljava/lang/Object; 8 16 0  @bci com/android/tools/r8/graph/z5 a (Ljava/util/Set;Ljava/util/LinkedHashSet;Lcom/android/tools/r8/graph/H2;)V 18 <appendix> member <vmtarget> ; <init> (Ljava/util/Set;)V 9 1 0 java/lang/Object <init> ()V 6 27 0 java/lang/invoke/Invokers$Holder linkToTargetMethod (Ljava/lang/Object;Ljava/lang/Object;Ljava/lang/Object;Ljava/lang/Object;)Ljava/lang/Object; 7 7 0 java/lang/invoke/DirectMethodHandle$Holder newInvokeSpecial (Ljava/lang/Object;Ljava/lang/Object;Ljava/lang/Object;Ljava/lang/Object;)Ljava/lang/Object; 8 1 0 java/lang/invoke/DirectMethodHandle allocateInstance (Ljava/lang/Object;)Ljava/lang/Object; 8 7 0 java/lang/invoke/DirectMethodHandle constructorMethod (Ljava/lang/Object;)Ljava/lang/Object; 8 22 0  @bci com/android/tools/r8/graph/z5 a (Ljava/util/Set;Ljava/util/LinkedHashSet;Lcom/android/tools/r8/graph/H2;)V 27 <appendix> member <vmtarget> ; <init> (Lcom/android/tools/r8/graph/z5;Ljava/util/Set;Ljava/util/LinkedHashSet;)V 9 1 0 java/lang/Object <init> ()V 6 37 0 com/android/tools/r8/graph/E0 a (Lcom/android/tools/r8/graph/d1;Ljava/util/function/BiPredicate;Ljava/util/function/BiConsumer;)V 7 4 0 java/lang/invoke/Invokers$Holder linkToTargetMethod (Ljava/lang/Object;Ljava/lang/Object;Ljava/lang/Object;Ljava/lang/Object;)Ljava/lang/Object; 8 7 0 java/lang/invoke/DirectMethodHandle$Holder newInvokeSpecial (Ljava/lang/Object;Ljava/lang/Object;Ljava/lang/Object;Ljava/lang/Object;)Ljava/lang/Object; 9 1 0 java/lang/invoke/DirectMethodHandle allocateInstance (Ljava/lang/Object;)Ljava/lang/Object; 9 7 0 java/lang/invoke/DirectMethodHandle constructorMethod (Ljava/lang/Object;)Ljava/lang/Object; 9 22 0  @bci com/android/tools/r8/graph/E0 a (Lcom/android/tools/r8/graph/d1;Ljava/util/function/BiPredicate;Ljava/util/function/BiConsumer;)V 4 <appendix> member <vmtarget> ; <init> (Lcom/android/tools/r8/graph/d1;Ljava/util/function/BiPredicate;Ljava/util/function/BiConsumer;)V 10 1 0 java/lang/Object <init> ()V 7 9 0 com/android/tools/r8/graph/E0 e (Ljava/util/function/Consumer;)V 8 11 0  @bci com/android/tools/r8/graph/E0 a (Lcom/android/tools/r8/graph/d1;Ljava/util/function/BiPredicate;Ljava/util/function/BiConsumer;)V 4 <appendix> member <vmtarget> ; accept (Ljava/lang/Object;)V 9 16 0 com/android/tools/r8/graph/E0 a (Lcom/android/tools/r8/graph/d1;Ljava/util/function/BiPredicate;Ljava/util/function/BiConsumer;Lcom/android/tools/r8/graph/M2;)V 10 4 0 com/android/tools/r8/graph/y g (Lcom/android/tools/r8/graph/M2;)Lcom/android/tools/r8/graph/E0; 11 1 0 com/android/tools/r8/graph/y f ()Lcom/android/tools/r8/graph/h; 11 5 0 com/android/tools/r8/graph/h g (Lcom/android/tools/r8/graph/M2;)Lcom/android/tools/r8/graph/E0; 12 2 0 com/android/tools/r8/graph/h c (Lcom/android/tools/r8/graph/M2;)Lcom/android/tools/r8/graph/E0; 13 19 0 java/util/Objects requireNonNull (Ljava/lang/Object;)Ljava/lang/Object; 13 23 0 java/lang/invoke/Invokers$Holder linkToTargetMethod (Ljava/lang/Object;Ljava/lang/Object;)Ljava/lang/Object; 14 5 0 java/lang/invoke/DirectMethodHandle$Holder newInvokeSpecial (Ljava/lang/Object;Ljava/lang/Object;)Ljava/lang/Object; 15 1 0 java/lang/invoke/DirectMethodHandle allocateInstance (Ljava/lang/Object;)Ljava/lang/Object; 15 6 0 java/lang/invoke/DirectMethodHandle constructorMethod (Ljava/lang/Object;)Ljava/lang/Object; 15 16 0  @bci com/android/tools/r8/graph/h c (Lcom/android/tools/r8/graph/M2;)Lcom/android/tools/r8/graph/E0; 23 <appendix> member <vmtarget> ; <init> (Lcom/android/tools/r8/graph/x0;)V 16 1 0 java/lang/Object <init> ()V 10 11 0  @bci com/android/tools/r8/graph/z5 a (Ljava/util/Set;Ljava/util/LinkedHashSet;Lcom/android/tools/r8/graph/H2;)V 18 <appendix> member <vmtarget> ; test (Ljava/lang/Object;Ljava/lang/Object;)Z 11 12 0 com/android/tools/r8/graph/z5 a (Ljava/util/Set;Lcom/android/tools/r8/graph/M2;Lcom/android/tools/r8/graph/E0;)Z 12 5 0 com/android/tools/r8/graph/b1 e0 ()Z 12 5 0 com/android/tools/r8/graph/H2 e0 ()Z 12 13 0 com/android/tools/r8/graph/H2 d0 ()Lcom/android/tools/r8/graph/H2; 12 16 0 java/util/Collections$SetFromMap contains (Ljava/lang/Object;)Z 13 5 0 java/util/IdentityHashMap containsKey (Ljava/lang/Object;)Z 14 1 0 java/util/IdentityHashMap maskNull (Ljava/lang/Object;)Ljava/lang/Object; 14 17 0 java/util/IdentityHashMap hash (Ljava/lang/Object;I)I 14 47 0 java/util/IdentityHashMap nextKeyIndex (II)I 10 22 0  @bci com/android/tools/r8/graph/z5 a (Ljava/util/Set;Ljava/util/LinkedHashSet;Lcom/android/tools/r8/graph/H2;)V 27 <appendix> member <vmtarget> ; accept (Ljava/lang/Object;Ljava/lang/Object;)V 11 20 0 com/android/tools/r8/graph/z5 a (Ljava/util/Set;Ljava/util/LinkedHashSet;Lcom/android/tools/r8/graph/M2;Lcom/android/tools/r8/graph/E0;)V 12 3 0 com/android/tools/r8/graph/H2 d0 ()Lcom/android/tools/r8/graph/H2; 12 10 0 com/android/tools/r8/graph/z5 a (Ljava/util/Set;Ljava/util/LinkedHashSet;Lcom/android/tools/r8/graph/H2;)V 13 2 0 java/util/HashSet contains (Ljava/lang/Object;)Z 14 5 0 java/util/HashMap containsKey (Ljava/lang/Object;)Z 15 2 0 java/util/HashMap getNode (Ljava/lang/Object;)Ljava/util/HashMap$Node; 16 23 0 java/util/HashMap hash (Ljava/lang/Object;)I 16 63 0 java/lang/Object equals (Ljava/lang/Object;)Z 16 128 0 java/lang/Object equals (Ljava/lang/Object;)Z 13 18 0 java/lang/invoke/Invokers$Holder linkToTargetMethod (Ljava/lang/Object;Ljava/lang/Object;)Ljava/lang/Object; 14 5 0 java/lang/invoke/DirectMethodHandle$Holder newInvokeSpecial (Ljava/lang/Object;Ljava/lang/Object;)Ljava/lang/Object; 15 1 0 java/lang/invoke/DirectMethodHandle allocateInstance (Ljava/lang/Object;)Ljava/lang/Object; 15 6 0 java/lang/invoke/DirectMethodHandle constructorMethod (Ljava/lang/Object;)Ljava/lang/Object; 15 16 0  @bci com/android/tools/r8/graph/z5 a (Ljava/util/Set;Ljava/util/LinkedHashSet;Lcom/android/tools/r8/graph/H2;)V 18 <appendix> member <vmtarget> ; <init> (Ljava/util/Set;)V 16 1 0 java/lang/Object <init> ()V 13 27 0 java/lang/invoke/Invokers$Holder linkToTargetMethod (Ljava/lang/Object;Ljava/lang/Object;Ljava/lang/Object;Ljava/lang/Object;)Ljava/lang/Object; 14 7 0 java/lang/invoke/DirectMethodHandle$Holder newInvokeSpecial (Ljava/lang/Object;Ljava/lang/Object;Ljava/lang/Object;Ljava/lang/Object;)Ljava/lang/Object; 15 1 0 java/lang/invoke/DirectMethodHandle allocateInstance (Ljava/lang/Object;)Ljava/lang/Object; 15 7 0 java/lang/invoke/DirectMethodHandle constructorMethod (Ljava/lang/Object;)Ljava/lang/Object; 15 22 0  @bci com/android/tools/r8/graph/z5 a (Ljava/util/Set;Ljava/util/LinkedHashSet;Lcom/android/tools/r8/graph/H2;)V 27 <appendix> member <vmtarget> ; <init> (Lcom/android/tools/r8/graph/z5;Ljava/util/Set;Ljava/util/LinkedHashSet;)V 16 1 0 java/lang/Object <init> ()V 13 37 0 com/android/tools/r8/graph/E0 a (Lcom/android/tools/r8/graph/d1;Ljava/util/function/BiPredicate;Ljava/util/function/BiConsumer;)V 14 4 0 java/lang/invoke/Invokers$Holder linkToTargetMethod (Ljava/lang/Object;Ljava/lang/Object;Ljava/lang/Object;Ljava/lang/Object;)Ljava/lang/Object; 15 7 0 java/lang/invoke/DirectMethodHandle$Holder newInvokeSpecial (Ljava/lang/Object;Ljava/lang/Object;Ljava/lang/Object;Ljava/lang/Object;)Ljava/lang/Object; 16 1 0 java/lang/invoke/DirectMethodHandle allocateInstance (Ljava/lang/Object;)Ljava/lang/Object; 16 7 0 java/lang/invoke/DirectMethodHandle constructorMethod (Ljava/lang/Object;)Ljava/lang/Object; 16 22 0  @bci com/android/tools/r8/graph/E0 a (Lcom/android/tools/r8/graph/d1;Ljava/util/function/BiPredicate;Ljava/util/function/BiConsumer;)V 4 <appendix> member <vmtarget> ; <init> (Lcom/android/tools/r8/graph/d1;Ljava/util/function/BiPredicate;Ljava/util/function/BiConsumer;)V 17 1 0 java/lang/Object <init> ()V 13 41 0 java/util/HashSet add (Ljava/lang/Object;)Z 14 8 0 java/util/HashMap put (Ljava/lang/Object;Ljava/lang/Object;)Ljava/lang/Object; 15 2 0 java/util/HashMap hash (Ljava/lang/Object;)I 8 38 0  @bci com/android/tools/r8/graph/E0 a (Lcom/android/tools/r8/graph/d1;Ljava/util/function/BiPredicate;Ljava/util/function/BiConsumer;)V 4 <appendix> member <vmtarget> ; accept (Ljava/lang/Object;)V 9 16 0 com/android/tools/r8/graph/E0 a (Lcom/android/tools/r8/graph/d1;Ljava/util/function/BiPredicate;Ljava/util/function/BiConsumer;Lcom/android/tools/r8/graph/M2;)V 10 4 0 com/android/tools/r8/graph/y g (Lcom/android/tools/r8/graph/M2;)Lcom/android/tools/r8/graph/E0; 11 1 0 com/android/tools/r8/graph/y f ()Lcom/android/tools/r8/graph/h; 11 5 0 com/android/tools/r8/graph/h g (Lcom/android/tools/r8/graph/M2;)Lcom/android/tools/r8/graph/E0; 12 2 0 com/android/tools/r8/graph/h c (Lcom/android/tools/r8/graph/M2;)Lcom/android/tools/r8/graph/E0; 13 19 0 java/util/Objects requireNonNull (Ljava/lang/Object;)Ljava/lang/Object; 13 23 0 java/lang/invoke/Invokers$Holder linkToTargetMethod (Ljava/lang/Object;Ljava/lang/Object;)Ljava/lang/Object; 14 5 0 java/lang/invoke/DirectMethodHandle$Holder newInvokeSpecial (Ljava/lang/Object;Ljava/lang/Object;)Ljava/lang/Object; 15 1 0 java/lang/invoke/DirectMethodHandle allocateInstance (Ljava/lang/Object;)Ljava/lang/Object; 15 6 0 java/lang/invoke/DirectMethodHandle constructorMethod (Ljava/lang/Object;)Ljava/lang/Object; 15 16 0  @bci com/android/tools/r8/graph/h c (Lcom/android/tools/r8/graph/M2;)Lcom/android/tools/r8/graph/E0; 23 <appendix> member <vmtarget> ; <init> (Lcom/android/tools/r8/graph/x0;)V 16 1 0 java/lang/Object <init> ()V 10 11 0  @bci com/android/tools/r8/graph/z5 a (Ljava/util/Set;Ljava/util/LinkedHashSet;Lcom/android/tools/r8/graph/H2;)V 18 <appendix> member <vmtarget> ; test (Ljava/lang/Object;Ljava/lang/Object;)Z 11 12 0 com/android/tools/r8/graph/z5 a (Ljava/util/Set;Lcom/android/tools/r8/graph/M2;Lcom/android/tools/r8/graph/E0;)Z 12 5 0 com/android/tools/r8/graph/b1 e0 ()Z 12 5 0 com/android/tools/r8/graph/H2 e0 ()Z 12 13 0 com/android/tools/r8/graph/H2 d0 ()Lcom/android/tools/r8/graph/H2; 12 16 0 java/util/Collections$SetFromMap contains (Ljava/lang/Object;)Z 13 5 0 java/util/IdentityHashMap containsKey (Ljava/lang/Object;)Z 14 1 0 java/util/IdentityHashMap maskNull (Ljava/lang/Object;)Ljava/lang/Object; 14 17 0 java/util/IdentityHashMap hash (Ljava/lang/Object;I)I 14 47 0 java/util/IdentityHashMap nextKeyIndex (II)I 10 22 0  @bci com/android/tools/r8/graph/z5 a (Ljava/util/Set;Ljava/util/LinkedHashSet;Lcom/android/tools/r8/graph/H2;)V 27 <appendix> member <vmtarget> ; accept (Ljava/lang/Object;Ljava/lang/Object;)V 11 20 0 com/android/tools/r8/graph/z5 a (Ljava/util/Set;Ljava/util/LinkedHashSet;Lcom/android/tools/r8/graph/M2;Lcom/android/tools/r8/graph/E0;)V 12 3 0 com/android/tools/r8/graph/H2 d0 ()Lcom/android/tools/r8/graph/H2; 12 10 0 com/android/tools/r8/graph/z5 a (Ljava/util/Set;Ljava/util/LinkedHashSet;Lcom/android/tools/r8/graph/H2;)V 13 2 0 java/util/HashSet contains (Ljava/lang/Object;)Z 14 5 0 java/util/HashMap containsKey (Ljava/lang/Object;)Z 15 2 0 java/util/HashMap getNode (Ljava/lang/Object;)Ljava/util/HashMap$Node; 16 23 0 java/util/HashMap hash (Ljava/lang/Object;)I 16 63 0 java/lang/Object equals (Ljava/lang/Object;)Z 16 128 0 java/lang/Object equals (Ljava/lang/Object;)Z 13 18 0 java/lang/invoke/Invokers$Holder linkToTargetMethod (Ljava/lang/Object;Ljava/lang/Object;)Ljava/lang/Object; 14 5 0 java/lang/invoke/DirectMethodHandle$Holder newInvokeSpecial (Ljava/lang/Object;Ljava/lang/Object;)Ljava/lang/Object; 15 1 0 java/lang/invoke/DirectMethodHandle allocateInstance (Ljava/lang/Object;)Ljava/lang/Object; 15 6 0 java/lang/invoke/DirectMethodHandle constructorMethod (Ljava/lang/Object;)Ljava/lang/Object; 15 16 0  @bci com/android/tools/r8/graph/z5 a (Ljava/util/Set;Ljava/util/LinkedHashSet;Lcom/android/tools/r8/graph/H2;)V 18 <appendix> member <vmtarget> ; <init> (Ljava/util/Set;)V 16 1 0 java/lang/Object <init> ()V 13 27 0 java/lang/invoke/Invokers$Holder linkToTargetMethod (Ljava/lang/Object;Ljava/lang/Object;Ljava/lang/Object;Ljava/lang/Object;)Ljava/lang/Object; 14 7 0 java/lang/invoke/DirectMethodHandle$Holder newInvokeSpecial (Ljava/lang/Object;Ljava/lang/Object;Ljava/lang/Object;Ljava/lang/Object;)Ljava/lang/Object; 15 1 0 java/lang/invoke/DirectMethodHandle allocateInstance (Ljava/lang/Object;)Ljava/lang/Object; 15 7 0 java/lang/invoke/DirectMethodHandle constructorMethod (Ljava/lang/Object;)Ljava/lang/Object; 15 22 0  @bci com/android/tools/r8/graph/z5 a (Ljava/util/Set;Ljava/util/LinkedHashSet;Lcom/android/tools/r8/graph/H2;)V 27 <appendix> member <vmtarget> ; <init> (Lcom/android/tools/r8/graph/z5;Ljava/util/Set;Ljava/util/LinkedHashSet;)V 16 1 0 java/lang/Object <init> ()V 13 37 0 com/android/tools/r8/graph/E0 a (Lcom/android/tools/r8/graph/d1;Ljava/util/function/BiPredicate;Ljava/util/function/BiConsumer;)V 14 4 0 java/lang/invoke/Invokers$Holder linkToTargetMethod (Ljava/lang/Object;Ljava/lang/Object;Ljava/lang/Object;Ljava/lang/Object;)Ljava/lang/Object; 15 7 0 java/lang/invoke/DirectMethodHandle$Holder newInvokeSpecial (Ljava/lang/Object;Ljava/lang/Object;Ljava/lang/Object;Ljava/lang/Object;)Ljava/lang/Object; 16 1 0 java/lang/invoke/DirectMethodHandle allocateInstance (Ljava/lang/Object;)Ljava/lang/Object; 16 7 0 java/lang/invoke/DirectMethodHandle constructorMethod (Ljava/lang/Object;)Ljava/lang/Object; 16 22 0  @bci com/android/tools/r8/graph/E0 a (Lcom/android/tools/r8/graph/d1;Ljava/util/function/BiPredicate;Ljava/util/function/BiConsumer;)V 4 <appendix> member <vmtarget> ; <init> (Lcom/android/tools/r8/graph/d1;Ljava/util/function/BiPredicate;Ljava/util/function/BiConsumer;)V 17 1 0 java/lang/Object <init> ()V 13 41 0 java/util/HashSet add (Ljava/lang/Object;)Z 14 8 0 java/util/HashMap put (Ljava/lang/Object;Ljava/lang/Object;)Ljava/lang/Object; 15 2 0 java/util/HashMap hash (Ljava/lang/Object;)I 6 41 0 java/util/HashSet add (Ljava/lang/Object;)Z 7 8 0 java/util/HashMap put (Ljava/lang/Object;Ljava/lang/Object;)Ljava/lang/Object; 8 2 0 java/util/HashMap hash (Ljava/lang/Object;)I
